date,store_id,product_id,value
2023-07-09,18,195,0.6530041133265974
2023-03-12,3,132,0.2128620165165096
2023-12-12,9,97,0.33117585096560764
2023-03-04,22,172,0.3628418045659261
2023-12-29,16,109,0.08899066449215143
2023-05-11,17,76,0.39076234436373725
2023-12-10,11,114,0.8612715293971133
2023-07-20,14,168,0.13258663371719348
2023-03-05,21,149,0.6427238017954331
2023-10-11,14,121,0.47774610537235773
2023-01-30,25,93,0.4399242245117041
2023-06-10,11,15,0.2511530864881035
2023-02-19,5,125,0.9296947972016815
2023-06-09,18,105,0.7683457478548975
2023-09-09,12,5,0.7606662580255846
2023-03-12,15,182,0.22768124315078475
2023-04-08,18,162,0.3080795425521049
2023-03-08,10,75,0.24613982885226948
2023-01-27,22,41,0.1141224735180314
2023-08-13,15,48,0.76174916546998
2023-04-01,15,43,0.9826349721947868
2023-08-03,25,184,0.3782463606570804
2023-07-22,6,167,0.3061736385868853
2023-09-19,20,20,0.9482201090105893
2023-05-20,14,96,0.6153205643567774
2023-02-07,20,122,0.6021917540457881
2023-09-11,9,135,0.30480475472725677
2023-04-27,4,67,0.17692688001344437
2023-01-17,1,44,0.5185205193354357
2023-01-09,7,88,0.6994192272308615
2023-06-23,15,102,0.502789310024542
2023-02-11,10,121,0.7186027396809003
2023-05-27,12,127,0.8499944276157219
2023-09-15,21,199,0.09212716820930322
2023-06-28,2,34,0.4509327690804287
2023-07-08,24,40,0.9003271053743084
2023-09-11,2,54,0.574085501422124
2023-11-12,10,44,0.3447771083006932
2023-02-26,17,28,0.9768157653798413
2023-02-11,20,82,0.14192907464753202
2023-01-30,16,7,0.9538812844673069
2023-03-17,17,156,0.07710350262303967
2023-11-18,14,179,0.14144561814368106
2023-03-18,12,26,0.17506781186971754
2023-03-14,11,16,0.29868137961715324
2023-11-02,17,56,0.1871018455915059
2023-02-12,5,167,0.9301841811301234
2023-03-02,11,136,0.36730026544679495
2023-10-27,20,115,0.9365294311917747
2023-03-27,13,58,0.47666728550784265
2023-11-14,16,51,0.25442209070987054
2023-07-11,14,77,0.2412589606014669
2023-06-13,21,167,0.7711465785869991
2023-06-30,25,164,0.4952939627318983
2023-11-17,17,122,0.7435755174593327
2023-12-23,3,130,0.6306521181047351
2023-04-26,14,98,0.9427169057380308
2023-09-08,6,126,0.02915586106791679
2023-11-16,22,5,0.715110907945843
2023-01-12,17,101,0.28075637079172955
2023-02-28,24,200,0.1064036607548089
2023-01-06,21,195,0.2955632599274467
2023-08-29,20,177,0.3011563086991026
2023-07-21,12,11,0.009607643348799044
2023-01-20,23,152,0.9502017543343254
2023-06-02,16,93,0.06145447599145437
2023-09-21,22,132,0.06959614478561771
2023-04-25,15,145,0.9895946919452406
2023-12-09,12,142,0.35080988737318264
2023-03-16,16,163,0.3530352626189641
2023-01-07,20,58,0.6854934550575645
2023-04-03,10,153,0.08056836177952675
2023-03-15,7,183,0.8409137999460554
2023-03-21,3,134,0.462855557137023
2023-01-09,18,135,0.11543070949005263
2023-02-13,24,137,0.4217879244470769
2023-01-08,2,4,0.255628006501323
2023-07-16,18,165,0.33225843943889255
2023-03-25,8,107,0.41923368580854636
2023-12-19,13,200,0.8569997274716352
2023-10-19,24,65,0.5147691008440276
2023-07-25,4,98,0.8560275031592429
2023-09-04,16,4,0.6942626398613
2023-11-24,17,120,0.49228216778515044
2023-06-06,5,120,0.19637995535582298
2023-01-29,14,23,0.07713635738064029
2023-06-12,17,168,0.4771256310589018
2023-03-05,2,73,0.4974599826456937
2023-11-09,1,90,0.8717874565140203
2023-12-14,20,67,0.2956052151386712
2023-04-05,11,100,0.3889498800183684
2023-10-26,16,117,0.21025182253067298
2023-10-23,25,49,0.37022742603598924
2023-04-18,12,168,0.9668447321461645
2023-02-10,22,49,0.18970870316024857
2023-02-27,21,161,0.4563478764907818
2023-02-19,16,2,0.28783077114640687
2023-08-25,11,32,0.11131133473928767
2023-12-01,15,114,0.3519537360001227
2023-04-10,16,76,0.46308060508307436
2023-04-28,21,13,0.6954792612605324
2023-07-20,15,47,0.5663812624039241
2023-12-25,15,132,0.613792802110443
2023-08-26,8,86,0.608561106526126
2023-04-17,14,132,0.04285589945846069
2023-07-19,7,14,0.5222904321573382
2023-12-03,18,34,0.0928795086952765
2023-03-28,24,123,0.7923346458953953
2023-10-23,11,163,0.4223254821674506
2023-11-05,5,56,0.8272519470471914
2023-06-20,13,177,0.48092667285099744
2023-06-21,18,196,0.3585146726299794
2023-09-20,22,8,0.11932334100888808
2023-06-12,7,40,0.9068658435500379
2023-11-11,25,110,0.7031841361354545
2023-09-23,3,151,0.08890116395841585
2023-03-14,18,198,0.7115146777541215
2023-07-28,14,186,0.2482032773596461
2023-09-03,13,163,0.6807049520667453
2023-04-18,9,14,0.6508654515283527
2023-12-11,15,118,0.9483273724467557
2023-04-13,4,45,0.28955439887669887
2023-01-08,18,82,0.651592395229567
2023-03-10,24,41,0.3405721275886211
2023-07-09,24,180,0.41345496273034454
2023-09-22,7,135,0.9054795201809641
2023-05-15,8,28,0.9544568001614885
2023-03-01,20,108,0.4575690602413437
2023-09-25,9,144,0.8789487858177903
2023-01-11,16,38,0.5478622111357307
2023-10-11,22,7,0.5090337795997198
2023-01-30,12,71,0.4072665060539521
2023-04-22,2,70,0.7551177454648915
2023-01-18,16,105,0.7317766209481067
2023-12-19,22,118,0.9837239343657612
2023-01-19,4,146,0.9514273119224762
2023-04-19,8,74,0.15172835836516307
2023-12-30,24,150,0.37595586900091493
2023-07-19,23,49,0.6935014655275674
2023-08-02,24,189,0.846975843446819
2023-11-01,12,141,0.10645091039263033
2023-08-15,22,47,0.5441240447133346
2023-02-23,25,142,0.32939243644325567
2023-02-06,23,7,0.5668781091828138
2023-07-19,16,35,0.5056347938676372
2023-12-08,7,118,0.23823746273676027
2023-01-03,22,152,0.5482652672423249
2023-04-27,15,120,0.7123474298925847
2023-04-18,2,181,0.6040958866556262
2023-10-26,22,187,0.649948816224385
2023-03-03,15,80,0.7471036215206862
2023-08-01,21,23,0.7346766414393981
2023-01-14,2,125,0.7116471506555953
2023-09-30,14,2,0.8605953518886855
2023-04-27,19,173,0.7331214503886545
2023-12-03,25,81,0.935807093706402
2023-09-18,11,80,0.3489356579691768
2023-01-31,10,177,0.895788681089473
2023-06-04,18,188,0.0018390332971279788
2023-04-29,18,80,0.03323021835966877
2023-11-11,7,170,0.6570963087707257
2023-02-18,10,169,0.3340618452725549
2023-02-04,23,59,0.8631606264571797
2023-05-23,19,25,0.9346326480675053
2023-01-05,8,66,0.7800992639363217
2023-12-27,3,32,0.23547784555329043
2023-08-03,20,53,0.00036535358252665073
2023-02-09,9,65,0.6687105788341383
2023-03-16,9,46,0.9269739200075869
2023-02-22,16,99,0.1140597083841447
2023-04-23,8,57,0.5952744543206526
2023-01-16,9,119,0.5868247946279074
2023-04-24,1,138,0.9315582772481643
2023-01-04,22,145,0.8686636744657009
2023-12-23,10,76,0.7343378297983616
2023-03-05,1,65,0.9967778378031864
2023-03-30,13,197,0.8047805296275036
2023-10-18,14,70,0.402898322184277
2023-11-09,25,97,0.38415025256441726
2023-09-09,11,60,0.03359822094085174
2023-05-20,9,98,0.4320940905596967
2023-07-22,15,54,0.3426294830579806
2023-08-14,17,168,0.84282340000989
2023-07-03,3,30,0.08397152366620853
2023-01-23,7,194,0.4973721831403807
2023-03-24,5,125,0.5583202109104212
2023-02-06,12,157,0.1287544895761329
2023-07-11,7,29,0.870214175746006
2023-09-06,19,93,0.7357675476427653
2023-10-24,21,94,0.3634562267379865
2023-05-14,7,105,0.670149011229285
2023-06-09,6,181,0.977765613202276
2023-10-09,6,195,0.2261335839474533
2023-05-20,20,94,0.7648785647884873
2023-09-14,22,21,0.9626556256851153
2023-06-29,18,62,0.5700339876942748
2023-12-25,15,88,0.6865463696405976
2023-08-02,19,116,0.622668353751648
2023-08-17,24,32,0.7732185156837921
2023-10-15,19,9,0.4489446991974516
2023-03-14,1,132,0.43501451535314306
2023-12-23,14,96,0.9908714391305944
2023-05-04,17,44,0.29213615451894026
2023-11-08,11,93,0.8353248280780714
2023-05-13,10,27,0.6866246782208653
2023-07-22,23,9,0.25155534178321104
2023-05-25,18,111,0.6073794291490895
2023-12-23,22,92,0.29945455651288755
2023-08-20,25,65,0.4006357405307026
2023-12-28,1,102,0.27530256509958406
2023-09-03,12,69,0.4509561286168361
2023-07-24,22,169,0.16892901790616832
2023-08-18,9,62,0.03214370196609406
2023-07-06,20,102,0.508399856123665
2023-04-23,15,98,0.5025160026353601
2023-01-11,1,3,0.26608785707166516
2023-05-01,5,71,0.1570956951190251
2023-04-22,22,37,0.6629334449602533
2023-09-10,3,40,0.17245211325014798
2023-09-19,25,23,0.179715991951645
2023-08-09,24,74,0.8923800384769744
2023-02-22,6,29,0.7425281996118989
2023-10-13,7,175,0.9907308053998056
2023-02-11,10,70,0.6174710844219836
2023-11-02,5,173,0.44969409344087474
2023-04-04,16,167,0.9826778731411941
2023-07-01,3,70,0.7613114072154209
2023-05-19,14,93,0.7776136916042328
2023-01-07,4,185,0.2531132309443954
2023-02-23,2,18,0.9262229433215049
2023-10-29,5,103,0.4348272787416645
2023-09-30,9,138,0.12787155207298107
2023-04-03,9,39,0.2805632286583557
2023-02-18,9,26,0.683155758886224
2023-06-17,5,88,0.4506387326068456
2023-08-19,14,80,0.3569940009671242
2023-04-29,11,63,0.9669839820788313
2023-09-25,10,200,0.9835191078529082
2023-12-05,5,76,0.48317145141003137
2023-06-26,15,22,0.9819171389026623
2023-09-05,2,4,0.34048718042466153
2023-02-17,17,186,0.10488676292236243
2023-12-08,8,177,0.9545632651002824
2023-09-21,6,110,0.6581790746328682
2023-11-13,17,81,0.8733224948287053
2023-12-23,25,6,0.818687588605814
2023-07-24,14,26,0.8023000119446531
2023-06-25,8,105,0.45860086134682343
2023-09-30,13,79,0.34919893747548925
2023-04-25,11,51,0.6691226513955453
2023-01-10,3,120,0.7903307624855815
2023-08-05,5,12,0.9858286096309382
2023-01-26,24,175,0.9402274755994261
2023-06-10,6,34,0.9493335782065447
2023-03-06,8,183,0.07162837423127966
2023-06-04,14,173,0.5846033521161565
2023-04-15,11,61,0.4232892185335476
2023-03-26,8,186,0.6993864186056729
2023-04-28,13,98,0.8358418899877013
2023-11-27,17,124,0.09543540030869668
2023-03-04,4,135,0.2897854961332237
2023-08-08,25,103,0.05893920116807638
2023-09-02,15,77,0.3897688433650789
2023-11-24,22,36,0.573192476319703
2023-07-04,13,106,0.5441478058268859
2023-06-04,4,19,0.8787232497333998
2023-03-10,20,58,0.9291607053685657
2023-04-29,3,17,0.17566938023538214
2023-04-02,18,44,0.9966798189795838
2023-05-18,23,152,0.23361568619542994
2023-08-24,15,81,0.8775988053991324
2023-10-08,3,10,0.09494594109523702
2023-05-22,19,120,0.5438794266452037
2023-12-04,12,171,0.964288009864851
2023-02-15,24,80,0.9738644215692798
2023-07-27,13,151,0.6112475773372141
2023-11-13,11,60,0.37079847470376914
2023-03-02,20,145,0.8602809109748437
2023-01-11,25,179,0.7611334053710441
2023-08-10,16,134,0.28162591597629716
2023-10-25,14,24,0.18848058416566593
2023-08-05,3,38,0.26940395818495644
2023-01-27,13,51,0.9604198542595621
2023-05-12,14,4,0.046522698598756906
2023-01-09,16,60,0.9994177747228418
2023-11-29,22,181,0.8772327992539007
2023-03-29,16,106,0.3245909238732031
2023-07-03,13,44,0.5753825897790763
2023-03-16,2,33,0.8133655641765314
2023-09-06,4,140,0.8098824640720027
2023-01-26,10,24,0.5937093902495543
2023-12-04,2,141,0.5584075094135639
2023-02-04,9,188,0.7652854247725625
2023-03-13,18,153,0.07637476023970702
2023-12-14,6,44,0.12068048674438003
2023-01-08,14,4,0.4317777277661897
2023-04-25,3,61,0.579036408680105
2023-08-22,16,92,0.5665993203345998
2023-06-18,11,46,0.4207559059133801
2023-07-05,25,9,0.5106567399748227
2023-09-30,20,131,0.9469274717458552
2023-06-09,20,100,0.021594674199302832
2023-11-12,15,183,0.8435098749272432
2023-03-18,4,74,0.03198666286952345
2023-10-07,20,21,0.16274320989982127
2023-12-24,17,53,0.14665024996486975
2023-11-10,9,168,0.7591668331609084
2023-11-27,16,2,0.7465147653902295
2023-09-15,10,66,0.914907144529215
2023-11-23,20,114,0.5767037936008474
2023-03-25,10,51,0.7931438918558091
2023-01-21,11,172,0.12906507155387426
2023-12-22,25,59,0.03200148964796734
2023-12-20,14,15,0.3761587550105291
2023-10-19,19,75,0.8244166279481031
2023-07-19,24,164,0.9607907117532153
2023-02-17,25,7,0.28328084724669056
2023-12-04,9,39,0.5705393578796307
2023-09-30,6,9,0.1905030900448642
2023-11-28,4,136,0.19890169541266178
2023-02-08,12,89,0.3045345265253898
2023-06-13,18,179,0.2726905774850259
2023-07-18,15,125,0.838051619169915
2023-05-22,15,135,0.7178499896915113
2023-10-14,20,179,0.40338380722860734
2023-05-21,18,46,0.7564222462902858
2023-01-20,9,129,0.18023461557441822
2023-11-19,17,1,0.8542605791220796
2023-03-27,23,77,0.03329682887512764
2023-04-06,25,200,0.29871689399206347
2023-06-01,23,152,0.38823009699908606
2023-06-23,9,143,0.6378878300427757
2023-02-09,14,102,0.9314610605130998
2023-03-24,24,102,0.13458286846838674
2023-05-09,4,101,0.9358569750813035
2023-09-21,6,52,0.9739499975769484
2023-10-04,20,63,0.39721809439474254
2023-11-02,21,56,0.15596870117588935
2023-10-30,22,50,0.1487052822841134
2023-07-17,5,96,0.09387174172706247
2023-05-14,4,128,0.9383608891630199
2023-02-08,23,133,0.11413946740715064
2023-04-18,15,121,0.704641328631153
2023-01-27,8,175,0.39036838308727617
2023-03-18,10,153,0.8330788051089205
2023-11-18,23,131,0.47682920894512903
2023-06-13,11,141,0.8215151554106698
2023-03-11,23,87,0.6476803453277324
2023-08-31,14,193,0.6356909520182522
2023-05-20,21,6,0.7609637698628308
2023-09-09,11,108,0.5399882463350443
2023-07-11,2,50,0.9192414610468777
2023-04-06,24,140,0.1442085417363227
2023-01-28,23,81,0.41512940455764125
2023-03-04,16,156,0.2904196457282937
2023-02-26,11,142,0.20231384412624764
2023-09-13,24,53,0.67258336911062
2023-03-02,5,100,0.10111346055565773
2023-01-13,2,109,0.08957905000736122
2023-11-09,5,112,0.6886443470742835
2023-05-18,6,191,0.5183889292454409
2023-09-19,11,159,0.7607430102610652
2023-06-19,12,155,0.658596993890596
2023-09-05,15,164,0.8294882316532376
2023-09-16,14,4,0.9324947530803184
2023-02-18,10,126,0.26136417681275537
2023-04-16,24,42,0.9599902960865889
2023-11-18,22,66,0.6824179012767894
2023-02-08,11,56,0.3648513587721365
2023-01-30,10,64,0.9150993284942144
2023-02-07,16,16,0.6121874341041237
2023-10-25,12,170,0.7962131757839662
2023-11-22,1,87,0.921588828471657
2023-04-14,17,190,0.690520902631038
2023-01-05,4,134,0.5292332652125014
2023-09-03,25,4,0.2100619281347057
2023-06-30,11,134,0.34444873845519597
2023-04-26,10,140,0.2357513054168312
2023-02-28,14,162,0.9886760792860688
2023-05-18,12,56,0.38028670462066294
2023-08-07,21,173,0.6678072430506818
2023-08-12,5,179,0.2681120367653054
2023-10-08,11,22,0.8459214961248342
2023-01-30,24,197,0.2691761957231691
2023-09-04,6,198,0.8128592354721025
2023-06-19,9,46,0.6566653958134528
2023-01-04,10,70,0.7864911610534849
2023-05-17,24,183,0.7449326265578461
2023-11-03,2,75,0.587478965801212
2023-01-11,25,103,0.26190196704918456
2023-04-11,23,100,0.020199106431826652
2023-01-08,12,51,0.3155480740725042
2023-07-27,14,98,0.2668700980959544
2023-12-10,24,134,0.4820166217264362
2023-02-03,10,130,0.055010100587992494
2023-10-04,12,193,0.5881277086165305
2023-07-07,4,93,0.13430559073039916
2023-01-16,22,60,0.2546882383654523
2023-03-12,3,188,0.6925431825810299
2023-09-12,4,62,0.2966660214210085
2023-08-03,2,22,0.5641710864420232
2023-10-12,15,145,0.4803263857716634
2023-06-14,10,60,0.5563020606191132
2023-10-04,12,9,0.27897387368204085
2023-05-20,8,23,0.8288997647508711
2023-10-29,12,56,0.07495488537604111
2023-12-01,2,49,0.3446880434352749
2023-03-18,20,65,0.0491174666647306
2023-07-03,5,42,0.21622601709136924
2023-11-13,2,71,0.6747054523677717
2023-10-22,22,175,0.951308111955949
2023-05-04,19,96,0.12586194879426138
2023-08-06,10,9,0.8648274492938344
2023-02-25,22,198,0.7065886347357414
2023-09-21,25,47,0.4288982349571615
2023-05-20,19,113,0.9651476927587196
2023-02-21,6,160,0.8076868343595208
2023-08-22,14,162,0.6331379832163399
2023-12-09,12,77,0.24123285507865588
2023-12-31,13,44,0.3390548502512877
2023-01-01,25,117,0.23431274353229936
2023-01-27,5,159,0.5650916441858773
2023-07-15,13,3,0.5604704695661942
2023-04-12,20,146,0.40369923418035447
2023-01-22,11,83,0.32345423637167525
2023-12-21,14,166,0.05829151445091185
2023-05-21,14,131,0.5573236291467857
2023-02-06,11,100,0.39484039545871097
2023-01-02,2,79,0.34623411743695975
2023-09-26,10,63,0.15681454363845038
2023-01-18,17,44,0.5920333468502672
2023-01-26,9,29,0.6432670065095897
2023-12-19,18,78,0.04260749851196399
2023-04-29,4,181,0.7406234046509224
2023-07-21,1,167,0.39491037381325056
2023-01-27,1,58,0.368416879950467
2023-12-09,4,186,0.2671801015288836
2023-10-13,14,122,0.11949959253543452
2023-11-22,17,21,0.5925186369737621
2023-08-17,21,160,0.2607878876729285
2023-11-22,12,96,0.05666329711803053
2023-08-28,2,190,0.5855978917805558
2023-12-24,5,36,0.8923468322288752
2023-03-31,3,7,0.6936686577210783
2023-10-27,14,163,0.8926851807090874
2023-03-19,15,26,0.8534860472430278
2023-04-20,19,129,0.1108484059460707
2023-05-02,25,193,0.29312499409339043
2023-08-19,6,22,0.7162339902169302
2023-02-11,18,80,0.7952881115422871
2023-08-03,17,29,0.9120388246076324
2023-09-27,25,175,0.34864332004951426
2023-05-25,4,200,0.06563561418659691
2023-08-05,25,73,0.7839422585397463
2023-11-10,6,108,0.6876721289324075
2023-06-19,24,80,0.19286743705161358
2023-01-26,6,183,0.16642266948808915
2023-02-22,11,156,0.017846472264795077
2023-02-09,9,163,0.14877732480467543
2023-06-14,4,84,0.19708475739689013
2023-12-13,13,2,0.4329405246436556
2023-12-15,18,69,0.8639583955536096
2023-10-23,9,105,0.9122736773428874
2023-05-28,5,27,0.47199113045179497
2023-01-15,17,38,0.23604660951364664
2023-12-03,25,20,0.5019054402305196
2023-01-09,1,200,0.7590894092718692
2023-04-05,10,24,0.23268248478905962
2023-12-08,17,74,0.2876960808690041
2023-01-12,25,52,0.0878501887361478
2023-10-03,25,48,0.4283282581078125
2023-11-02,15,92,0.9306937344988481
2023-08-29,16,8,0.6217457985374801
2023-05-30,24,110,0.5790468186325647
2023-04-19,17,130,0.4390720302380706
2023-09-29,15,124,0.2667697480037884
2023-09-08,24,155,0.6352259999628208
2023-06-12,18,47,0.0189601443683578
2023-02-22,2,34,0.8088854103805201
2023-09-12,1,124,0.7060242832044554
2023-12-04,12,44,0.4780127518072541
2023-12-27,10,192,0.8098761518964548
2023-12-27,23,161,0.5580815699358437
2023-01-08,11,65,0.8748051763930832
2023-04-30,3,32,0.5123065729470122
2023-05-23,24,28,0.16270498759230567
2023-07-24,3,169,0.5131375514717454
2023-11-04,16,199,0.5939852670680447
2023-05-03,3,54,0.9469158625412039
2023-02-08,22,142,0.301454572944035
2023-08-08,6,63,0.5884959954787375
2023-09-02,18,184,0.7681895247924211
2023-02-24,5,60,0.24963765536464488
2023-07-31,1,11,0.7685622241181553
2023-05-02,3,46,0.44223241282703873
2023-02-28,21,35,0.2714433543092074
2023-02-07,17,67,0.9694133081360273
2023-11-03,15,184,0.5518986855419028
2023-07-31,19,131,0.9348573545363307
2023-04-19,15,18,0.07336653120398817
2023-03-11,18,10,0.9903956900459989
2023-09-05,6,63,0.5141464368580644
2023-04-30,5,169,0.44035662506296824
2023-01-16,24,148,0.6010211158219768
2023-12-29,18,113,0.5369691655793626
2023-06-19,6,176,0.5575702449561908
2023-01-15,20,24,0.9832718855535652
2023-04-04,3,11,0.17073586816198716
2023-12-21,18,124,0.8279418524616763
2023-08-15,22,194,0.4092200993592727
2023-12-17,3,86,0.009997099760761685
2023-12-25,18,3,0.4742452420646811
2023-06-13,17,77,0.6455128117747928
2023-08-12,10,76,0.6453972609085963
2023-07-06,11,105,0.11015123002680616
2023-04-19,4,178,0.1520739598094094
2023-11-27,1,116,0.23458036879846444
2023-06-07,13,61,0.8204104093188218
2023-10-08,14,11,0.5780545237817345
2023-12-11,14,167,0.16616207597849375
2023-02-23,8,119,0.8924364993337903
2023-07-12,20,154,0.7005721879153579
2023-10-22,6,167,0.97618314499709
2023-09-29,16,17,0.9022338721500915
2023-01-17,2,103,0.8563115625220712
2023-05-04,16,8,0.4861986078083568
2023-10-05,2,187,0.6260290261841182
2023-09-04,16,73,0.2741850339963421
2023-02-13,17,86,0.7521452153079559
2023-03-06,6,86,0.23022491386552346
2023-08-14,14,14,0.6382103071521471
2023-12-06,19,79,0.29208451422386583
2023-07-24,11,86,0.7945875814638829
2023-02-02,25,15,0.4455111878977468
2023-07-07,24,198,0.3819296460794306
2023-03-06,10,120,0.5875588821775622
2023-01-25,4,179,0.8484631607484846
2023-10-02,9,195,0.9304745842362951
2023-09-27,19,61,0.9256002925687473
2023-02-24,16,51,0.9016488926885868
2023-09-07,22,87,0.44660815856317504
2023-01-01,16,129,0.8266859746825341
2023-02-17,15,21,0.3913433521751264
2023-12-17,3,105,0.294249151086202
2023-03-17,18,172,0.9489132520573506
2023-12-09,5,93,0.4066016512291001
2023-10-16,2,39,0.49633471535003626
2023-01-01,11,179,0.9442265472088172
2023-02-19,1,20,0.5091854860316566
2023-05-05,15,62,0.9502212061559989
2023-12-24,17,158,0.47697004698028767
2023-12-16,9,186,0.8105308065314655
2023-12-11,7,5,0.5282460366165165
2023-03-28,21,167,0.49798248039496806
2023-04-20,19,46,0.034893309027242414
2023-10-07,14,81,0.9753791540093281
2023-12-15,4,163,0.26390204552005647
2023-09-27,14,170,0.8998274348834399
2023-09-11,20,116,0.5125130324093597
2023-06-22,22,171,0.8647692607656854
2023-10-02,18,63,0.21302591053150977
2023-11-02,5,94,0.27908552136013465
2023-08-23,20,183,0.27727104857427864
2023-11-30,1,74,0.7196922507081788
2023-09-13,12,175,0.29522123375815024
2023-03-21,16,145,0.8548661620116508
2023-01-18,15,3,0.71723365939036
2023-03-23,6,6,0.2576204526697664
2023-01-13,15,97,0.6837745325979142
2023-06-17,11,53,0.09562045693559851
2023-05-05,25,96,0.2981714471722383
2023-03-08,25,143,0.07969364313072869
2023-04-24,2,66,0.031863927472654985
2023-04-19,25,145,0.44757929599782187
2023-04-03,15,135,0.6403608599513596
2023-07-06,18,86,0.35353808719220303
2023-01-02,4,47,0.5976429183953197
2023-09-05,12,138,0.6020382465760775
2023-08-30,20,30,0.4080280907357534
2023-12-28,13,2,0.49679740869283473
2023-02-17,15,52,0.3046391009674021
2023-06-27,4,77,0.30004934175273135
2023-11-16,1,86,0.2327691167795719
2023-12-09,17,168,0.029311086074370163
2023-07-25,12,128,0.11511428296677706
2023-02-08,9,52,0.598990120007493
2023-04-02,14,2,0.8430378344202772
2023-01-26,22,144,0.27450509325820904
2023-10-05,18,189,0.8862434214737659
2023-08-25,7,177,0.5104100179382407
2023-07-30,5,39,0.4079766294476287
2023-01-18,24,169,0.6439441164165725
2023-04-18,1,4,0.5297144885157277
2023-05-05,2,102,0.5968346028454219
2023-01-25,6,30,0.25599723715206846
2023-11-13,7,10,0.4870733787104591
2023-02-01,19,17,0.1620095909803565
2023-12-08,12,144,0.6003310544654716
2023-12-06,21,51,0.5011735555753576
2023-01-08,4,168,0.3881222265649752
2023-06-10,15,169,0.13762529657282552
2023-12-20,14,95,0.24111391321125297
2023-03-27,9,46,0.5153871633960796
2023-08-28,9,62,0.31726733117768946
2023-08-01,2,35,0.7504101993594198
2023-07-26,2,119,0.7602379405914863
2023-11-15,25,45,0.920525257260619
2023-01-09,1,143,0.4665380902789229
2023-12-24,6,143,0.5494531515744753
2023-06-19,1,158,0.3526270338144417
2023-05-05,7,38,0.8264646211287003
2023-06-20,25,183,0.6247451502895065
2023-06-06,7,104,0.8599326042959623
2023-02-08,10,37,0.10410943279186935
2023-04-16,24,96,0.9868898462612395
2023-09-04,17,19,0.22532147474444986
2023-12-06,8,83,0.731391605550398
2023-11-22,24,188,0.8792967426196492
2023-05-27,15,73,0.2343048095400233
2023-01-07,24,145,0.2583724361390115
2023-11-26,20,106,0.3374384221148078
2023-05-05,4,143,0.06852066186076844
2023-09-02,14,162,0.3719780238751086
2023-08-27,18,182,0.7586345993161294
2023-05-18,12,124,0.8774996499945261
2023-06-13,25,90,0.20369498410529752
2023-12-18,19,191,0.13102373761991415
2023-03-22,22,135,0.8036393038591861
2023-05-19,19,22,0.32154447486172755
2023-06-05,14,78,0.8866663870722546
2023-02-25,22,165,0.3644297824395216
2023-09-06,4,54,0.4232217807968288
2023-01-07,21,33,0.24848336814588312
2023-10-24,18,124,0.2514039601270399
2023-04-02,24,144,0.23464745858171498
2023-01-20,15,98,0.5837353060032918
2023-01-25,9,70,0.1751107811678405
2023-01-01,7,6,0.09855290176241804
2023-11-09,20,39,0.1446364553695616
2023-05-15,18,34,0.7585454111258982
2023-12-02,19,199,0.4224093638658214
2023-05-02,9,185,0.03534389302602614
2023-07-16,20,29,0.39250441705123873
2023-05-19,23,183,0.4678270082114476
2023-01-23,4,41,0.6373856467099211
2023-02-02,23,42,0.6912310137818813
2023-08-03,6,101,0.25807483600533754
2023-06-14,13,141,0.08598839668137792
2023-11-15,4,62,0.18440172082637385
2023-11-29,13,200,0.6240021412109473
2023-04-15,22,3,0.0669224769536263
2023-02-13,12,139,0.4294559129322548
2023-11-27,11,181,0.369407556953916
2023-04-23,22,122,0.10612596216556958
2023-06-05,2,22,0.37954771474450033
2023-07-12,8,45,0.011006665000006577
2023-04-02,8,187,0.35033603259235424
2023-04-22,22,50,0.4501663437057575
2023-04-20,2,4,0.5008927066494233
2023-12-14,17,57,0.3857157401736515
2023-04-19,24,95,0.47397344244792083
2023-06-18,14,153,0.9385842662479873
2023-10-27,16,86,0.8731648563602806
2023-06-03,13,119,0.018333814686204652
2023-02-04,1,56,0.021974137612845723
2023-01-18,24,107,0.25633675330309047
2023-06-23,20,43,0.8832855942750015
2023-09-27,16,5,0.22268113388809974
2023-12-26,3,104,0.7068139586698423
2023-01-20,3,44,0.8534535785766398
2023-08-01,6,119,0.5978677469819721
2023-08-10,15,94,0.8044102861568301
2023-08-20,25,34,0.6492379659263374
2023-10-26,23,32,0.6381150206258202
2023-04-26,19,122,0.30707382883196166
2023-08-14,5,59,0.7649799076121807
2023-02-08,16,161,0.4889996419084184
2023-04-15,12,78,0.5551926416734236
2023-02-06,20,118,0.5344469437811076
2023-08-15,7,70,0.1527408548072703
2023-08-04,24,82,0.6829277834265459
2023-03-27,15,95,0.445795040545533
2023-08-10,22,113,0.7834184615790895
2023-09-25,17,54,0.4094920182602305
2023-04-26,16,198,0.7614994140653695
2023-08-03,18,23,0.7862026010620156
2023-09-04,6,103,0.11490274888063579
2023-02-12,5,69,0.5907173844890047
2023-09-08,19,130,0.6445217609960042
2023-11-27,20,24,0.9308909112039114
2023-06-30,25,50,0.3517454738308613
2023-02-21,14,163,0.3378215237515988
2023-09-28,5,132,0.5557842316325616
2023-03-23,23,110,0.6009021696176341
2023-05-28,17,15,0.050247464765743044
2023-11-11,15,110,0.7834295907670082
2023-10-27,9,14,0.4556876107685536
2023-01-05,3,79,0.4907659594472761
2023-04-13,14,104,0.8252626607329111
2023-01-11,2,38,0.3068190105101667
2023-07-23,18,22,0.6497473121720173
2023-04-14,21,68,0.7615090386212
2023-06-21,14,49,0.6894673103931762
2023-11-26,6,67,0.9707199366818071
2023-05-27,20,3,0.6887284000472471
2023-01-13,25,150,0.710710344514333
2023-08-21,16,173,0.3267122572852028
2023-01-19,23,75,0.5450717565362649
2023-05-20,14,27,0.980455181104948
2023-11-01,18,79,0.934270819302931
2023-01-18,16,91,0.14096000511243267
2023-12-10,4,68,0.16095350998624003
2023-11-30,23,53,0.2316509905386932
2023-11-22,2,90,0.7448794051362715
2023-11-29,5,77,0.7273964228990815
2023-01-01,2,69,0.5418291154883688
2023-04-18,14,140,0.6882133539946211
2023-06-25,3,123,0.5058292370210719
2023-08-10,7,117,0.39284736508501816
2023-11-14,15,135,0.5863442864254458
2023-01-06,11,142,0.9104398286695323
2023-06-26,9,166,0.25219907567579036
2023-08-20,24,71,0.6175265307544567
2023-10-20,19,75,0.17031732219774753
2023-09-01,22,56,0.49463812175865274
2023-09-16,13,127,0.08947500443422562
2023-11-21,21,57,0.10492054648021643
2023-08-16,19,45,0.7049162407957019
2023-03-30,15,141,0.3972567819563577
2023-01-26,8,147,0.6394264571571524
2023-04-12,9,170,0.8000871953424856
2023-04-01,12,184,0.4121868162005935
2023-08-06,20,42,0.3400024845819586
2023-01-11,19,56,0.406079646681483
2023-07-20,25,75,0.8896601233124027
2023-06-06,4,175,0.09427560005033886
2023-03-02,14,200,0.16403792258505268
2023-06-26,12,60,0.1857311569635849
2023-01-29,10,16,0.5272792993645075
2023-11-14,6,153,0.3142290194032915
2023-01-04,25,128,0.8951084533360216
2023-01-12,18,173,0.3416017002956758
2023-10-27,22,52,0.8957698689218696
2023-03-19,24,146,0.8312032365100922
2023-01-26,17,100,0.01924976400568945
2023-04-03,14,85,0.5835502583885767
2023-11-17,5,194,0.09077679160070073
2023-10-04,16,69,0.8104041833680182
2023-03-12,23,68,0.07866630798901975
2023-01-16,12,28,0.9905306503548691
2023-10-14,5,3,0.26341892189984095
2023-09-25,8,171,0.08096678192407858
2023-04-10,1,44,0.24887366971647973
2023-07-13,7,52,0.9779236429323291
2023-07-19,23,188,0.48424557485639375
2023-02-21,5,150,0.629125160911819
2023-12-31,6,15,0.40212898570429
2023-02-25,9,171,0.40081310959316563
2023-04-12,12,93,0.3820174566354998
2023-05-06,5,35,0.02021118212745443
2023-03-26,12,110,0.29645029516913435
2023-02-05,7,8,0.9825835202311222
2023-06-27,12,104,0.7023052262630991
2023-12-19,21,150,0.3440628314997831
2023-11-21,14,171,0.06563660828738127
2023-06-03,3,16,0.40448942302388236
2023-07-02,6,87,0.6652375729992414
2023-10-20,16,158,0.6541071239237284
2023-08-13,22,11,0.23840425092907036
2023-06-08,12,119,0.33156699490794683
2023-04-26,15,1,0.6384633793365616
2023-01-08,11,5,0.6166069400236823
2023-05-15,23,110,0.7122226962410235
2023-02-16,5,196,0.5336789484598239
2023-07-05,16,22,0.06750563646771479
2023-07-20,23,110,0.3756852062992877
2023-03-07,3,50,0.05110911998390477
2023-01-05,25,99,0.569109510655962
2023-03-11,8,200,0.01365756657945183
2023-07-25,10,156,0.8891226296789938
2023-11-05,1,86,0.27612407104301284
2023-07-06,6,91,0.18431799856595066
2023-03-30,22,160,0.7816391781578885
2023-08-16,14,197,0.34834011571016366
2023-07-21,22,103,0.4167089051951556
2023-12-29,18,183,0.1253034694311781
2023-12-21,12,74,0.31003483761767103
2023-01-09,12,87,0.3577978252750573
2023-07-30,12,121,0.984800018253913
2023-03-20,23,173,0.8008990383338772
2023-11-20,15,185,0.691839981650439
2023-02-12,25,28,0.9322356009227323
2023-11-28,15,196,0.6914528125446582
2023-12-16,24,138,0.82806198504201
2023-06-18,13,78,0.3919022150092587
2023-04-29,19,77,0.8361048688489469
2023-11-13,2,182,0.055979837528994936
2023-01-13,25,38,0.12969355907744406
2023-02-20,8,93,0.8230364581045777
2023-05-04,19,32,0.7033963979586569
2023-04-26,14,106,0.7164258779342945
2023-06-23,24,40,0.7902418007274703
2023-06-28,10,183,0.2881672275897097
2023-01-29,2,137,0.6478288722409375
2023-05-24,24,112,0.9025158256414691
2023-04-24,19,16,0.36316379262722576
2023-11-14,11,154,0.39236551102114514
2023-02-20,20,120,0.7811825176569969
2023-05-19,11,187,0.5244362550332338
2023-02-24,1,22,0.31778496723968963
2023-04-07,1,34,0.5070656684968935
2023-06-27,8,156,0.34526745584258856
2023-01-19,17,65,0.3475699152646362
2023-09-04,25,25,0.8496076059995439
2023-05-16,2,160,0.7563198432885287
2023-04-03,6,164,0.10938815420124748
2023-12-19,9,133,0.9197870647945156
2023-03-06,19,5,0.15411495559859822
2023-02-23,21,39,0.39874454797125025
2023-02-11,5,144,0.7051372922879583
2023-04-18,22,95,0.8686781573310483
2023-07-08,8,124,0.43919302458790177
2023-12-29,18,29,0.8133792923107815
2023-08-28,25,123,0.8678529566756434
2023-10-30,20,107,0.5331113795330578
2023-08-21,21,173,0.20168074145666148
2023-09-05,7,162,0.6134031409839438
2023-12-02,20,101,0.4541057408961042
2023-11-10,9,20,0.5792304795028581
2023-02-09,10,107,0.022229759520315806
2023-04-02,10,21,0.877331365867524
2023-02-21,1,18,0.5383895796164916
2023-06-15,3,109,0.7128594823177311
2023-06-30,15,147,0.378923033571855
2023-09-24,23,6,0.41611003422610326
2023-06-23,6,26,0.3963538570227081
2023-09-27,11,22,0.048005374265384426
2023-08-02,7,189,0.9604226642212693
2023-07-21,25,38,0.6981812926044629
2023-05-25,2,83,0.8105407833308337
2023-07-09,2,24,0.8761493373510696
2023-12-21,17,80,0.6993397037178264
2023-07-17,22,34,0.25489138897140295
2023-09-12,23,142,0.438374006985349
2023-08-19,9,150,0.15814797628150323
2023-04-28,16,90,0.1560837585752074
2023-05-14,15,160,0.945826630222018
2023-04-04,12,61,0.5353874647276184
2023-08-20,14,93,0.07348832512507852
2023-01-30,6,35,0.7245613275680559
2023-02-03,22,53,0.8290142039499246
2023-09-07,15,184,0.9019547129783985
2023-08-01,22,101,0.3220519332659121
2023-02-03,12,186,0.6637963240212601
2023-12-26,11,103,0.2732114563081358
2023-08-28,16,60,0.9239455730582871
2023-08-04,14,102,0.920223689300143
2023-11-07,25,155,0.40661024127144163
2023-02-13,3,87,0.4784492595125839
2023-12-14,10,147,0.728538336963852
2023-04-09,10,70,0.8035561891847082
2023-06-08,11,186,0.015900466449085604
2023-10-20,9,74,0.8692644002847594
2023-12-24,9,154,0.5777622462250049
2023-01-20,20,116,0.8922129617779001
2023-04-02,22,156,0.2790546596822261
2023-08-21,12,93,0.5674936085245216
2023-05-06,25,104,0.04056943797178414
2023-12-17,10,133,0.21372917769738398
2023-05-29,4,46,0.047432540282067004
2023-04-28,25,63,0.352197722174193
2023-05-24,11,31,0.5136858740515534
2023-02-28,8,137,0.8923134841936364
2023-09-28,22,93,0.8072204854529255
2023-09-26,25,110,0.20409513306919946
2023-02-04,23,188,0.9947691244766157
2023-11-17,14,192,0.9987710029494352
2023-12-06,19,154,0.35330647941243043
2023-09-18,7,34,0.6708388363629629
2023-11-09,15,84,0.9873383100517591
2023-07-14,7,163,0.39311540758304075
2023-12-03,24,145,0.0859631572727918
2023-02-13,22,6,0.032853360684733324
2023-09-13,25,125,0.10815155932053
2023-11-13,14,132,0.5974063489184485
2023-09-22,16,119,0.38986261828217883
2023-03-27,21,185,0.20690480836110225
2023-06-01,11,112,0.9571951271842981
2023-11-14,16,33,0.6818670050479251
2023-05-10,20,186,0.17226424272035856
2023-05-02,7,40,0.25701136337169106
2023-11-12,2,157,0.18604453126359632
2023-02-28,3,184,0.5546820153059809
2023-06-14,5,174,0.3883472245888716
2023-08-09,4,22,0.1457621772980806
2023-11-27,23,8,0.4806216335707926
2023-05-02,6,94,0.039577473317919276
2023-07-14,11,71,0.799096735522424
2023-02-05,22,143,0.29759660292518075
2023-08-01,14,148,0.8797345902035715
2023-09-05,25,9,0.310195633660882
2023-10-07,17,174,0.1442811811132615
2023-12-03,18,59,0.835923981508638
2023-11-10,9,188,0.2135292990412211
2023-03-25,14,47,0.753370532259548
2023-02-10,3,38,0.8158236628076319
2023-08-11,6,54,0.18611450342080416
2023-05-26,1,148,0.35806688265059994
2023-05-03,4,64,0.2739275549462187
2023-10-25,14,189,0.6769838047814805
2023-02-27,21,13,0.4203633203318865
2023-04-16,7,29,0.513597349173852
2023-12-31,9,18,0.024207841945486197
2023-11-10,10,112,0.4681015307735521
2023-10-25,16,120,0.9510441526279481
2023-12-13,15,111,0.13600434540980466
2023-07-29,12,160,0.6927427799677528
2023-05-17,11,175,0.01651834212942871
2023-10-04,25,88,0.5835600345805567
2023-05-30,13,57,0.10851239173109484
2023-12-11,10,85,0.015196526291539225
2023-01-16,16,139,0.5652931974103264
2023-05-02,11,57,0.17584896552084395
2023-08-06,5,143,0.6831313306222043
2023-01-24,11,130,0.8138381286914877
2023-10-15,23,163,0.6845395611251762
2023-06-14,4,188,0.6245627280308356
2023-04-07,12,138,0.1838890386155695
2023-02-17,18,55,0.038452813356527504
2023-08-18,6,74,0.18434073830477837
2023-11-02,14,143,0.7158304608946386
2023-04-26,19,38,0.05074632594483719
2023-01-13,1,155,0.904147861060222
2023-10-26,16,30,0.1609954396422375
2023-09-15,18,118,0.0620066878628005
2023-02-03,6,181,0.8499462876063539
2023-04-23,18,54,0.7347664731860704
2023-11-23,17,35,0.8171612560749723
2023-10-05,15,81,0.5857816626227491
2023-01-14,7,39,0.11928534605695129
2023-08-23,14,85,0.5293426841732615
2023-09-03,5,69,0.546024366780896
2023-12-05,21,173,0.8527498733602858
2023-10-28,23,40,0.6475471937698517
2023-12-11,8,11,0.32027720895780853
2023-05-13,3,184,0.9012945292638563
2023-08-11,18,129,0.12763744793018594
2023-06-20,21,36,0.29500814808729037
2023-02-05,9,92,0.6293421957991051
2023-05-24,8,123,0.16171164405906457
2023-02-25,5,194,0.9610862251708352
2023-08-12,13,137,0.7980117014954434
2023-04-20,22,116,0.28747407295855953
2023-04-18,18,118,0.651819247946598
2023-11-20,10,24,0.6934248246034674
2023-11-22,7,96,0.5079828810099306
2023-11-13,13,100,0.18821809602116457
2023-02-26,2,50,0.7917036319368561
2023-03-22,22,47,0.9008843474914859
2023-03-02,7,95,0.17985867871377614
2023-03-12,6,183,0.034075080319543094
2023-09-16,4,184,0.05004308271895541
2023-06-08,4,182,0.44130108467140294
2023-09-05,4,155,0.13914423918679641
2023-03-10,9,112,0.9966570664944202
2023-02-28,6,114,0.9596526226030669
2023-07-09,9,99,0.3327503081717934
2023-03-01,24,187,0.9634651462936711
2023-12-13,25,108,0.31036677051668016
2023-07-14,13,166,0.6690031829907758
2023-04-13,11,76,0.7326579331240085
2023-11-06,14,73,0.7617000998415829
2023-03-05,8,83,0.9053717237643201
2023-06-22,18,180,0.6051597003360017
2023-05-08,20,81,0.006687911799129087
2023-10-29,9,59,0.13816952960561202
2023-09-03,20,30,0.04405089607908064
2023-08-08,1,131,0.9072027572430994
2023-03-18,10,86,0.5752814726310502
2023-02-19,19,71,0.24465485426627775
2023-08-23,18,40,0.08548986490581345
2023-11-19,8,159,0.8927249116857433
2023-08-29,6,59,0.11346835208534611
2023-06-27,6,1,0.8076521056566861
2023-05-08,4,146,0.8580595746258943
2023-03-22,17,179,0.1616450069552241
2023-01-07,13,72,0.7705794369993226
2023-05-18,7,34,0.3403872882217289
2023-08-02,8,25,0.10456992972206569
2023-09-25,1,140,0.606470284142375
2023-10-27,15,46,0.5038926229616202
2023-10-06,14,95,0.6663288258008006
2023-10-23,21,114,0.2360706955406181
2023-05-31,23,172,0.10121153765269031
2023-04-23,12,32,0.7132407582736578
2023-10-11,4,79,0.2514781602892633
2023-08-26,3,75,0.8343828417304466
2023-08-09,22,146,0.9661741852059836
2023-04-14,8,46,0.58982231591366
2023-05-02,6,188,0.011076722999677546
2023-11-28,11,166,0.1872003170145955
2023-07-14,19,158,0.6779188752525961
2023-10-14,22,169,0.17579479196008807
2023-09-21,6,9,0.9584934446362424
2023-05-05,19,43,0.17205026495165188
2023-05-21,18,47,0.15472532191522292
2023-08-31,18,143,0.3566486856533835
2023-11-18,21,189,0.19998058258892648
2023-04-22,10,72,0.46409217890684196
2023-11-16,3,57,0.45714415781766826
2023-11-08,7,99,0.06906052469173474
2023-04-29,23,32,0.34437014703467805
2023-03-24,2,176,0.6196420721031318
2023-05-23,9,16,0.4847808295443258
2023-01-22,3,57,0.5245992349933768
2023-11-16,7,77,0.7991215068682044
2023-10-31,14,165,0.11807754269467063
2023-11-28,24,67,0.28125538544197426
2023-02-12,4,130,0.4317274057289229
2023-01-22,23,149,0.5415644764256863
2023-09-02,24,37,0.13704142427829014
2023-08-31,1,47,0.01375300728359119
2023-10-30,6,200,0.958624271573557
2023-04-28,10,196,0.1586702320765334
2023-07-21,3,88,0.5230424745815911
2023-04-20,18,120,0.42405437915511857
2023-09-25,10,86,0.28472167263554027
2023-09-23,24,6,0.24342951139430524
2023-01-19,1,174,0.12309103822895406
2023-06-04,21,147,0.23292691666352194
2023-06-22,10,132,0.06121854436214835
2023-04-16,6,33,0.4982610656289542
2023-04-20,15,150,0.8516764210026251
2023-10-25,8,40,0.15946473722250898
2023-04-18,9,150,0.384009399162069
2023-07-08,22,160,0.8742894870151365
2023-11-14,21,117,0.6281329708971592
2023-10-06,20,37,0.4525742516027118
2023-08-20,23,152,0.7701824283753836
2023-06-10,6,107,0.4936130706335332
2023-07-03,24,22,0.7853496171742916
2023-06-17,22,120,0.6025387932790763
2023-07-13,12,17,0.9511679210521502
2023-01-04,4,156,0.3963697060451379
2023-05-28,22,33,0.08140460785102854
2023-04-28,6,138,0.47087288645146497
2023-06-11,25,116,0.3821289353795825
2023-05-28,16,200,0.9249890749948962
2023-11-11,5,164,0.48972216827714643
2023-12-21,14,86,0.8881690712443246
2023-11-14,6,28,0.6548858005716202
2023-06-06,9,179,0.41340859845285793
2023-11-09,19,39,0.6361135252280019
2023-12-29,15,166,0.4825671753383277
2023-05-14,20,23,0.1177415991637848
2023-12-10,3,80,0.6752737031956474
2023-10-22,19,60,0.9809516541129232
2023-05-19,12,110,0.19748441936487604
2023-10-16,20,190,0.12905024110889274
2023-08-30,10,80,0.9366840098326104
2023-03-21,2,58,0.4049214243988698
2023-02-18,13,4,0.15828240240397862
2023-06-07,23,198,0.4756821939132828
2023-06-14,3,21,0.9692402579514088
2023-07-04,23,103,0.673968028015321
2023-12-04,5,180,0.2409874207597582
2023-03-20,6,130,0.8900240377382309
2023-02-26,21,104,0.22217422430801392
2023-04-03,4,54,0.3966843600379182
2023-03-11,2,93,0.8040519661065314
2023-03-05,8,86,0.6433746910276266
2023-01-22,17,8,0.33678353882925405
2023-05-02,20,103,0.6833333355238895
2023-09-12,22,46,0.4869923632917572
2023-06-22,2,102,0.6491984476067381
2023-12-16,14,190,0.023894977911177562
2023-01-07,4,44,0.6678926397091618
2023-05-12,9,183,0.7717019380920203
2023-04-30,19,40,0.7626260159362916
2023-03-30,10,127,0.405881427739032
2023-01-09,19,2,0.9971578794836029
2023-02-05,25,75,0.3479187558975537
2023-05-18,21,142,0.24363835753057295
2023-04-09,9,175,0.01948379144173218
2023-03-10,12,160,0.9711859628378829
2023-06-25,12,157,0.6607507549574205
2023-11-08,7,155,0.9320405668317452
2023-05-13,25,87,0.10954688769056542
2023-01-08,12,178,0.27417580956149357
2023-09-09,1,134,0.7045588791219303
2023-10-29,3,161,0.9693899228731593
2023-08-05,2,86,0.962094581627557
2023-09-28,22,101,0.5873960456368352
2023-08-29,6,155,0.23835148350360713
2023-06-20,12,181,0.674701856650858
2023-02-09,23,82,0.10846069115126755
2023-06-30,6,91,0.508253251555836
2023-09-08,8,158,0.06700864510288385
2023-08-13,11,34,0.4121056831761072
2023-09-01,18,26,0.6842723550458925
2023-11-26,17,87,0.17042217141316962
2023-03-18,5,134,0.6613460650100008
2023-12-22,5,116,0.07674870223994235
2023-09-25,1,1,0.07396757435312795
2023-05-12,20,83,0.6919199598007266
2023-08-16,21,143,0.14814984840339696
2023-05-22,17,77,0.7811959576968452
2023-11-08,7,108,0.7593518747526861
2023-09-14,4,178,0.73114837163167
2023-03-12,3,56,0.9760908349137951
2023-01-10,5,150,0.9087829439784874
2023-04-07,2,80,0.4053825033767424
2023-03-31,12,16,0.00461376879788733
2023-08-26,21,28,0.46239198553436234
2023-07-06,21,184,0.11414417196177318
2023-07-21,10,18,0.036925667111770255
2023-09-01,21,150,0.20531967602326384
2023-02-21,7,129,0.07554463828592006
2023-10-14,9,103,0.7592681023041021
2023-10-06,13,33,0.42682070188474985
2023-10-08,9,110,0.44591465818808274
2023-03-05,25,110,0.7309440606088429
2023-10-18,7,191,0.43831788191379906
2023-11-29,13,46,0.6049116852575178
2023-06-10,8,41,0.3070400167265891
2023-05-25,12,62,0.4873024027602384
2023-08-17,16,88,0.39873215979123855
2023-12-29,16,124,0.9602925539008319
2023-06-29,2,111,0.637326882792188
2023-11-01,25,136,0.5472899820921885
2023-06-25,15,39,0.5833802673234043
2023-01-25,11,133,0.6521958338245577
2023-02-06,4,145,0.48322004447058164
2023-10-23,20,115,0.7048502364015072
2023-05-14,13,51,0.2294810061701973
2023-02-28,23,120,0.3178374201605427
2023-12-25,21,48,0.7971683522107968
2023-08-30,25,150,0.2629094539561727
2023-03-10,15,15,0.4492295193982412
2023-03-11,24,173,0.5220810564613615
2023-09-05,16,146,0.7393103358677954
2023-01-11,9,97,0.7246648629170709
2023-01-11,4,100,0.20966793600771083
2023-01-01,5,143,0.4814318127143814
2023-05-26,6,151,0.3209262357030177
2023-04-19,25,115,0.6536709942815636
2023-09-05,25,83,0.6518999018589364
2023-04-26,18,50,0.6407369619372602
2023-07-27,16,104,0.307938149603169
2023-03-25,11,112,0.8395433226376902
2023-01-16,15,124,0.8225991281363074
2023-05-29,21,184,0.9107985359429636
2023-10-23,11,29,0.6370833588454274
2023-11-29,3,91,0.4739685165746391
2023-07-27,9,5,0.5055040782503681
2023-10-16,25,6,0.3292862621382948
2023-02-05,1,55,0.3158399162730642
2023-01-07,10,177,0.5522613298234698
2023-08-02,14,114,0.3495466267569205
2023-10-21,11,17,0.7527280648683407
2023-11-21,3,81,0.41071880760054635
2023-07-02,7,120,0.3930341497573189
2023-10-20,13,59,0.9913040334979102
2023-04-09,17,126,0.5663531940785574
2023-03-31,15,133,0.2581811055299976
2023-01-09,23,54,0.3912381772541864
2023-05-24,2,36,0.7202858261802981
2023-10-29,7,61,0.699638129183636
2023-11-02,18,14,0.33519978715352927
2023-08-13,17,116,0.12040346577218508
2023-06-29,21,123,0.21726800843240723
2023-12-17,6,186,0.9336923848769173
2023-12-24,16,76,0.30543020731971926
2023-06-28,9,123,0.7358902125556133
2023-06-22,6,86,0.367192009975703
2023-05-28,6,140,0.9713833239103971
2023-03-26,6,2,0.9499417056113633
2023-03-30,4,136,0.29474971421708196
2023-04-16,10,140,0.03495584368023963
2023-09-01,12,179,0.1388808394166765
2023-08-03,14,83,0.2785395522205186
2023-11-22,20,77,0.5141838176375928
2023-03-28,18,92,0.32973338587043155
2023-11-24,11,149,0.47275024022238044
2023-09-26,2,174,0.17384157535028022
2023-06-08,11,23,0.0675915429096059
2023-04-15,5,198,0.21495543621307478
2023-04-23,7,71,0.9374070962699156
2023-08-29,11,70,0.7187656358836081
2023-05-27,25,107,0.6520203600971156
2023-06-06,25,168,0.58572049093756
2023-09-07,19,89,0.5354505136923902
2023-12-29,20,175,0.3440670826731129
2023-01-31,20,115,0.24650445077854666
2023-02-17,6,17,0.7072186870318291
2023-02-15,11,176,0.41728031994051173
2023-08-22,14,169,0.334076405151282
2023-10-13,3,91,0.4105438792223448
2023-11-04,8,169,0.10167926983634779
2023-07-11,20,149,0.8952101110441945
2023-05-29,8,117,0.19188836883958704
2023-11-09,1,85,0.6830190570344238
2023-03-25,25,31,0.5787259102589055
2023-03-05,14,161,0.9922141953796974
2023-08-14,17,33,0.8848682879219998
2023-08-08,11,171,0.5844309032803312
2023-11-05,20,115,0.9003141298845199
2023-08-08,23,48,0.008936475680476175
2023-10-07,25,107,0.3805646785062371
2023-10-11,22,108,0.2143297353841166
2023-07-27,15,24,0.4299280407831457
2023-10-10,10,85,0.5763964941103867
2023-10-14,24,126,0.8778748355195192
2023-01-13,9,199,0.06735658954479196
2023-12-23,12,161,0.14062490354431312
2023-06-03,12,88,0.5638884756604576
2023-05-10,20,137,0.8093220009556026
2023-12-15,3,57,0.9485480949084757
2023-11-10,17,73,0.548876915717707
2023-01-15,21,2,0.35491060900547544
2023-05-26,14,28,0.42632228337771705
2023-12-03,16,85,0.6100048084469052
2023-03-15,22,196,0.5667307858634575
2023-03-12,12,77,0.38825136597238563
2023-03-04,6,39,0.45950209739025916
2023-04-30,15,75,0.6008007028247976
2023-01-06,24,4,0.8488049388183725
2023-04-27,16,157,0.28864199866017815
2023-03-26,10,173,0.7984528752773161
2023-08-15,8,41,0.6905121556428
2023-05-03,5,100,0.09550797595726446
2023-12-04,10,185,0.8521909359403635
2023-07-03,8,187,0.2417144228385939
2023-01-10,8,188,0.3571324174237098
2023-08-01,3,44,0.0663131795812657
2023-10-19,23,103,0.8084745422652994
2023-08-10,7,169,0.3766793839411182
2023-01-05,11,94,0.6079354430658422
2023-06-28,12,156,0.6496226356917705
2023-12-31,18,118,0.6575513937269762
2023-09-24,24,177,0.1376533065052391
2023-01-29,19,18,0.12361556753921243
2023-11-01,3,94,0.2685805358222808
2023-10-26,17,142,0.8075742929278986
2023-01-09,24,129,0.41464961171339276
2023-07-11,21,74,0.18621871668385814
2023-04-13,23,89,0.8008212943598173
2023-10-23,24,184,0.6859343124575074
2023-02-21,5,113,0.6966196056063718
2023-11-04,18,124,0.494703331616281
2023-12-17,23,23,0.47404187992461233
2023-02-18,17,98,0.09335771888557587
2023-04-11,20,196,0.00885212992648765
2023-07-14,23,98,0.3029635367358582
2023-02-15,1,43,0.18826672024480107
2023-02-13,6,11,0.14070907458730608
2023-08-04,3,33,0.21617234757800308
2023-01-23,15,52,0.323404724084971
2023-06-05,19,97,0.5267989652308279
2023-08-30,9,188,0.43749392636468254
2023-05-17,10,196,0.5879285936773565
2023-06-04,18,42,0.37686565814792505
2023-03-05,25,37,0.504039174105304
2023-01-26,16,95,0.6064645682507795
2023-12-18,8,111,0.695237941422133
2023-11-18,9,40,0.05274994549860701
2023-07-18,12,172,0.9956498684916492
2023-09-04,2,49,0.9193124218819043
2023-12-28,1,70,0.22071795581329368
2023-10-01,7,67,0.5116462565912523
2023-07-09,25,127,0.5068175055698102
2023-02-26,4,173,0.9261006680116376
2023-09-28,11,60,0.0877053345782175
2023-08-09,17,12,0.5310579783672189
2023-10-30,18,16,0.7676572720225296
2023-02-26,13,186,0.3558723904257203
2023-11-29,17,197,0.4485074714284093
2023-09-21,11,177,0.5125320629438674
2023-04-11,1,171,0.33454003523429576
2023-05-21,3,123,0.104524130274526
2023-10-14,15,5,0.4369400373786301
2023-06-21,5,23,0.23591096674486067
2023-12-30,1,72,0.41713730450018804
2023-12-28,1,104,0.7768093730232433
2023-01-09,5,151,0.9560241492129322
2023-06-26,21,79,0.868056058753429
2023-05-07,17,104,0.38699016450525725
2023-07-21,13,6,0.0589356803306591
2023-10-10,10,81,0.7503711502816253
2023-07-15,21,114,0.4769670032174851
2023-08-30,4,173,0.42662393114660524
2023-03-14,18,28,0.7323887406833757
2023-05-12,7,89,0.7180024595090704
2023-04-27,3,25,0.555319732690384
2023-08-22,9,152,0.4917500233967427
2023-11-25,13,101,0.9157670876259759
2023-07-08,19,157,0.6952839089737505
2023-05-21,17,135,0.6221191024442858
2023-01-15,5,193,0.4308592814706599
2023-09-30,7,74,0.46344449331251814
2023-04-10,18,26,0.6856943663561904
2023-04-05,3,70,0.4263160019902573
2023-03-14,14,17,0.061774684235880395
2023-12-29,23,139,0.18136956414721828
2023-11-05,4,20,0.14111023583822435
2023-11-19,1,83,0.33869678953113547
2023-06-21,4,141,0.7596428081995001
2023-03-19,14,74,0.40877385330787164
2023-12-16,6,113,0.7672837367489411
2023-01-26,11,65,0.7274772504601105
2023-02-19,21,37,0.31471971328599835
2023-01-31,20,69,0.2983787391237781
2023-09-18,12,195,0.431005867320735
2023-11-29,23,185,0.21901670873867052
2023-08-28,8,122,0.6636386141952481
2023-06-28,12,105,0.14440587198456933
2023-06-28,2,145,0.29942282154545297
2023-11-27,10,166,0.3498206497180434
2023-05-10,15,108,0.4556439958711167
2023-11-28,4,105,0.33079262749809046
2023-03-15,25,51,0.48134437020101495
2023-01-07,15,37,0.8941058707657865
2023-07-29,15,136,0.3613580307335096
2023-06-01,10,178,0.280283088460325
2023-12-06,8,92,0.5609946593544571
2023-03-01,15,127,0.234519770936801
2023-09-23,5,24,0.8976398955461192
2023-07-18,21,58,0.29780017792229374
2023-06-04,3,173,0.7593297636518492
2023-12-30,7,184,0.12597759621865212
2023-11-10,19,30,0.43339536940143564
2023-06-09,2,124,0.22529220973560016
2023-02-05,23,95,0.4485427192459682
2023-02-09,15,93,0.33659714988745626
2023-11-03,7,144,0.7867986200851401
2023-10-11,18,164,0.6015552521359019
2023-08-10,25,94,0.4542463507435479
2023-02-13,15,173,0.1834216872639849
2023-02-16,9,193,0.8952076665464799
2023-10-12,25,67,0.15021100763934703
2023-04-25,1,193,0.9874529964096805
2023-09-19,17,75,0.15210233143385898
2023-10-08,10,91,0.1645412070512967
2023-07-27,18,182,0.3722140203251738
2023-03-25,5,173,0.6802004620467793
2023-08-10,5,8,0.8667704202192856
2023-11-25,9,32,0.11939511637641154
2023-03-03,11,161,0.6496608436336536
2023-09-24,13,186,0.644680176793783
2023-01-04,4,175,0.15639567217055472
2023-01-21,19,166,0.7848112044499479
2023-08-12,9,121,0.048871986886973584
2023-07-21,19,167,0.9122312829511029
2023-04-14,14,183,0.16130816849860297
2023-04-29,11,182,0.19340928671045343
2023-09-03,25,72,0.3935772326209046
2023-07-01,4,126,0.23069311670798764
2023-07-27,13,130,0.3010287937922155
2023-05-17,15,194,0.9777761014097609
2023-01-09,25,168,0.922969713648646
2023-10-15,13,123,0.9601909355774031
2023-12-19,7,29,0.24264401023341464
2023-01-03,6,144,0.5402521606532671
2023-07-07,20,64,0.946586792969561
2023-12-01,16,27,0.905310049445486
2023-03-12,4,135,0.27811738046687884
2023-05-04,19,143,0.42280735307562767
2023-10-17,17,196,0.8201649045669718
2023-05-19,16,181,0.8497668942149341
2023-02-17,17,1,0.29926391539355035
2023-05-22,12,48,0.19161207794276847
2023-05-11,6,56,0.021589713850214243
2023-09-22,13,54,0.30348227959413787
2023-08-08,23,157,0.0894357375885314
2023-06-11,11,119,0.5491884334186347
2023-12-29,14,29,0.5042876409938767
2023-08-03,7,44,0.4211178684579707
2023-10-14,4,75,0.2623139847388428
2023-12-25,15,73,0.6767212599761496
2023-09-06,23,51,0.8519903830874292
2023-12-15,5,15,0.4772784437824431
2023-06-30,10,30,0.7321135621835233
2023-04-16,11,71,0.3695629181704706
2023-02-16,9,61,0.6273096168190657
2023-04-25,16,79,0.7579477426958686
2023-05-09,3,148,0.9785771070844899
2023-01-12,13,61,0.3697719048132444
2023-05-07,19,141,0.39043729746742584
2023-08-24,1,21,0.38090916119870033
2023-02-09,4,170,0.16052504226462905
2023-09-19,14,57,0.4124160559458606
2023-01-21,4,28,0.1299162497698796
2023-01-12,16,72,0.529813967900327
2023-06-13,19,92,0.8371311539327857
2023-12-16,10,41,0.2019455289078136
2023-12-12,5,123,0.543187064921616
2023-09-06,19,5,0.8455732461924655
2023-07-15,18,153,0.9501693077305814
2023-04-13,9,173,0.5183070052607623
2023-03-29,15,92,0.29761729716354124
2023-08-04,4,23,0.6186923516468408
2023-02-09,13,144,0.25027173333168573
2023-05-16,23,90,0.31655661515878974
2023-10-01,16,17,0.7749653438822085
2023-02-17,22,64,0.31961378811287433
2023-07-21,14,43,0.5947125145382619
2023-08-19,24,13,0.6849584373769178
2023-01-07,8,171,0.5436728684758378
2023-11-16,24,105,0.17242234656678546
2023-09-12,7,23,0.37710800369644637
2023-11-05,16,35,0.8177365475239683
2023-12-13,1,73,0.5089094674957582
2023-11-12,5,48,0.030827547083252638
2023-12-18,10,154,0.5696626559001673
2023-03-02,14,117,0.552751205060337
2023-03-12,2,191,0.10341900737004761
2023-12-23,11,35,0.5088796804724158
2023-05-02,9,33,0.02557858517785916
2023-05-07,1,151,0.21746589926700277
2023-08-22,12,154,0.2656964898686103
2023-07-21,23,174,0.9470851057694631
2023-05-06,10,173,0.31885968843311197
2023-03-27,17,74,0.33293663829143594
2023-09-26,11,44,0.10410202434315063
2023-07-27,19,168,0.193568942907141
2023-07-05,2,121,0.1764254986914896
2023-03-22,9,119,0.059601864062395205
2023-07-31,10,113,0.759020743306597
2023-05-15,11,18,0.1506000203807344
2023-06-16,6,76,0.37029757645409445
2023-01-31,19,50,0.12080960376547034
2023-05-23,9,192,0.6620283363725319
2023-11-15,10,83,0.6449747616015216
2023-02-23,4,53,0.22963100291769434
2023-05-04,24,32,0.6843803542795435
2023-12-06,7,41,0.3335715909583553
2023-06-21,23,152,0.25577448313579854
2023-08-19,19,100,0.015049504721241003
2023-03-12,9,6,0.4921450077658539
2023-06-07,7,150,0.09647782758506107
2023-08-21,14,36,0.42511918827172546
2023-03-20,23,146,0.4207417146016935
2023-04-21,2,110,0.8732997683059031
2023-09-27,18,145,0.4516507891988035
2023-01-15,13,191,0.9222929920793866
2023-04-15,16,115,0.5581602519999961
2023-07-01,14,146,0.5335687703248558
2023-08-19,11,199,0.9045670871013118
2023-11-20,8,143,0.399520455839644
2023-08-16,11,171,0.8571698332879313
2023-12-19,19,113,0.00920483545091455
2023-07-05,22,159,0.5029490811029865
2023-08-06,25,62,0.5227879036796116
2023-01-01,3,131,0.5035535984977053
2023-03-26,9,58,0.9990863851834145
2023-08-27,19,174,0.7289086505790523
2023-09-10,5,80,0.9316999941839673
2023-06-08,2,164,0.7631085357235026
2023-11-21,22,65,0.5240700839896566
2023-03-03,19,149,0.8105776553190273
2023-01-28,22,74,0.423673013079083
2023-06-08,4,3,0.8873144437685943
2023-01-14,1,131,0.7220964645945506
2023-05-24,6,160,0.23461168656411713
2023-02-13,18,99,0.016787532190825516
2023-11-14,4,123,0.3222909806796693
2023-04-03,2,19,0.1503623397954853
2023-05-22,4,81,0.8149842572472703
2023-12-08,3,119,0.7594754154682954
2023-10-03,7,55,0.4013303985582036
2023-09-30,15,90,0.029847445968330444
2023-12-22,19,145,0.628186708808809
2023-05-30,2,122,0.8883372360362293
2023-06-09,20,56,0.4389172643879079
2023-05-03,21,145,0.46719973209098065
2023-12-08,6,40,0.6152650840584537
2023-07-13,5,51,0.21912152893611758
2023-11-02,7,135,0.7697635761125955
2023-02-23,10,45,0.6109477779469616
2023-05-17,23,103,0.08105161836100627
2023-03-05,9,44,0.6354151167017305
2023-12-04,15,64,0.18305984565230182
2023-07-11,6,79,0.24130056098747954
2023-05-28,22,186,0.7045190668776876
2023-05-29,2,185,0.5304110566132431
2023-11-21,13,163,0.16426441283578475
2023-01-26,11,174,0.018147097039510007
2023-05-16,12,148,0.08340851868472032
2023-01-25,1,136,0.40460640318235763
2023-02-27,4,164,0.7564734545996177
2023-06-21,1,69,0.5362886580358779
2023-12-26,9,34,0.7070797565444122
2023-03-19,5,169,0.7029087407337563
2023-07-28,20,148,0.12310337449946895
2023-01-23,9,20,0.33122430848095963
2023-03-25,22,52,0.8257858175005671
2023-12-11,4,136,0.4887817444973819
2023-04-13,11,93,0.8297717903496441
2023-04-05,7,105,0.619257460369008
2023-12-06,18,15,0.6770996114133851
2023-09-23,18,176,0.7404655758377584
2023-07-23,15,25,0.583254634135343
2023-04-02,20,100,0.07079644036987609
2023-02-25,1,77,0.17124025942870458
2023-07-01,8,98,0.31834817610363153
2023-01-13,23,149,0.11113233142093171
2023-07-03,3,192,0.5567447321726086
2023-11-19,10,133,0.45610417269609294
2023-06-18,25,28,0.3710614237141142
2023-11-09,11,23,0.6829730805754727
2023-06-23,13,128,0.5783286864453071
2023-10-03,4,107,0.4897145757025647
2023-01-19,24,107,0.3220734908212387
2023-10-23,15,66,0.520397159002191
2023-12-12,13,102,0.7141217500606903
2023-07-23,9,106,0.11821861377481002
2023-12-05,10,46,0.9061097767807508
2023-01-17,17,199,0.699976259966911
2023-10-24,22,63,0.7542660780854121
2023-01-16,8,112,0.7096246149809164
2023-09-29,14,63,0.844757479220862
2023-10-05,15,74,0.7563039451866754
2023-09-15,10,142,0.020508984004478537
2023-12-26,20,189,0.5534478445605663
2023-05-27,3,11,0.09802973028400153
2023-10-02,19,157,0.10799127025771449
2023-02-27,16,22,0.6967594157520027
2023-05-03,9,36,0.1671286536733817
2023-08-02,21,154,0.43925821895146777
2023-07-07,21,23,0.40478445988807854
2023-06-12,13,44,0.30665189929962633
2023-05-25,17,19,0.9204779663396351
2023-09-04,8,150,0.9099350889963147
2023-03-25,1,80,0.17966807597333712
2023-09-22,13,54,0.44763124976971735
2023-12-08,22,127,0.7701210595462841
2023-07-01,4,99,0.8052486321776352
2023-05-12,7,43,0.8061137451087989
2023-10-29,3,149,0.05257047092396605
2023-12-17,10,174,0.7993998637371097
2023-05-27,22,72,0.11468917825138758
2023-02-13,21,140,0.5262410196670909
2023-06-20,17,172,0.2955564208869137
2023-04-18,16,56,0.5267393811953881
2023-08-09,5,42,0.8057930990714032
2023-02-05,17,61,0.5415334165935695
2023-07-20,16,171,0.9240163156723231
2023-01-15,10,155,0.21065573110013514
2023-10-26,22,25,0.6221843940114862
2023-10-12,7,90,0.9041995211090812
2023-01-07,20,72,0.21267986572120556
2023-07-01,10,88,0.3857481224780307
2023-05-13,9,148,0.8465418879959887
2023-03-02,23,122,0.05135939662219946
2023-11-20,14,89,0.20969451615402146
2023-06-15,7,53,0.4366765759613894
2023-04-12,15,102,0.8005155412282966
2023-12-16,5,59,0.4895723344970724
2023-08-12,2,158,0.22425177277960562
2023-06-20,20,187,0.15090984942190921
2023-08-15,24,190,0.7824716054422416
2023-05-31,14,162,0.8478290368161722
2023-03-16,13,60,0.5517093091051528
2023-04-06,14,142,0.9182871696331378
2023-10-07,6,71,0.1868280758465688
2023-06-14,4,164,0.5412819533086362
2023-05-14,12,170,0.15289457792035044
2023-06-28,8,17,0.49423120328847225
2023-02-23,6,153,0.11121330034159294
2023-11-02,13,90,0.19998494217219376
2023-12-13,8,36,0.19529521188795407
2023-11-15,25,152,0.7004300023120835
2023-02-17,22,21,0.3755824484398038
2023-01-27,18,83,0.38280532997552197
2023-02-15,19,155,0.3953485365676541
2023-01-06,9,180,0.8664837324887813
2023-02-20,5,78,0.8253221329079891
2023-04-26,21,177,0.5466674442450571
2023-05-28,12,136,0.46482220301889365
2023-01-17,6,109,0.010407019273692919
2023-08-05,4,123,0.16475957189882162
2023-10-25,3,165,0.565684162348312
2023-08-06,25,88,0.5653590780393145
2023-05-04,23,118,0.8871543233559797
2023-01-11,5,73,0.08168440997017956
2023-05-28,12,51,0.6446078505710363
2023-12-02,24,153,0.903991744854529
2023-07-31,11,81,0.20583742302924646
2023-03-03,21,67,0.09435757452468552
2023-06-24,22,56,0.44964325561261487
2023-05-14,10,7,0.47729903043312005
2023-11-25,14,14,0.5273617282696581
2023-11-22,2,111,0.558413898062489
2023-01-16,4,94,0.1057095991616892
2023-04-28,18,98,0.6971352571061745
2023-02-05,10,128,0.5355963017215025
2023-09-24,20,32,0.14264294670725197
2023-07-01,1,177,0.04030579556883129
2023-01-24,24,131,0.08195801336210373
2023-05-29,24,29,0.8344737914557685
2023-01-02,5,143,0.4718898593937354
2023-03-24,1,82,0.246380218869515
2023-07-22,24,173,0.5289618294281331
2023-01-07,22,28,0.08286682126525136
2023-02-16,10,106,0.9908529858220536
2023-04-16,8,67,0.6717763816076557
2023-03-04,2,38,0.41786470023206823
2023-05-16,5,39,0.803397853959934
2023-10-01,2,90,0.34748973771838354
2023-07-24,23,194,0.23220524106004314
2023-08-05,7,31,0.7142289466445685
2023-07-03,19,174,0.5560281984229577
2023-06-23,8,17,0.8708149267149663
2023-08-01,4,104,0.4589616035817877
2023-05-27,3,140,0.5409236111765459
2023-04-20,19,22,0.5972768583389095
2023-06-04,16,120,0.7506618963116067
2023-01-29,5,159,0.7537122048683007
2023-07-17,12,135,0.22213933495047267
2023-04-05,1,76,0.9836788232831927
2023-01-04,19,129,0.16705418042535436
2023-08-19,24,189,0.7457567807236116
2023-07-05,3,54,0.37260890999136664
2023-04-20,20,125,0.17260380236109307
2023-01-22,12,3,0.9276137868702665
2023-07-03,7,89,0.6282420264355714
2023-02-16,4,149,0.4913486849562907
2023-12-03,11,103,0.006923547201153291
2023-05-12,7,158,0.030423665426574265
2023-08-18,11,190,0.030000671281029567
2023-08-20,2,175,0.5175710448552511
2023-05-20,18,195,0.04141420099507076
2023-04-07,8,147,0.4146328201395536
2023-09-16,15,32,0.01824473417446093
2023-12-11,4,14,0.08915903396022395
2023-05-20,2,162,0.5019166634522061
2023-10-21,22,1,0.41963291872050235
2023-06-29,7,81,0.03185421494081342
2023-10-31,8,50,0.16204982303973892
2023-03-21,4,88,0.37506538750506324
2023-10-01,19,31,0.7218117320773524
2023-05-03,10,36,0.6973186455915519
2023-03-29,18,117,0.5608324604731484
2023-11-01,4,156,0.8875149433639059
2023-08-17,23,49,0.5815575688992424
2023-07-30,21,133,0.17392898070801155
2023-12-21,2,3,0.0004235652956459113
2023-09-08,16,153,0.571143997701786
2023-07-09,20,90,0.5263495439075129
2023-04-15,2,81,0.12212959296383197
2023-06-25,25,196,0.1954267351892628
2023-08-05,6,44,0.22195936718835263
2023-04-14,24,39,0.2932418567799344
2023-04-17,2,200,0.4626771425066065
2023-10-14,7,68,0.42792280392721904
2023-01-25,12,133,0.9120789400903884
2023-04-04,20,135,0.7682424503126026
2023-11-12,10,118,0.6839531310677268
2023-09-29,7,35,0.501075083657538
2023-08-01,6,155,0.723561324908124
2023-05-15,21,19,0.02899927351657483
2023-02-07,17,139,0.6736206496407707
2023-03-24,15,146,0.9068656867367565
2023-06-06,17,165,0.1492016107151366
2023-02-07,6,17,0.8071874470637475
2023-06-06,17,195,0.18617266255009646
2023-09-14,18,191,0.26980388471700667
2023-11-24,6,144,0.6407701839399362
2023-03-21,18,193,0.2320854946757458
2023-01-10,18,78,0.6075976202393206
2023-07-24,14,112,0.7233901581938895
2023-08-27,11,190,0.7315769502497078
2023-08-16,12,152,0.06647871477805856
2023-11-21,22,160,0.6917469894603271
2023-06-03,7,101,0.050126068582925565
2023-04-12,1,134,0.4031477199586744
2023-12-30,9,131,0.16503807098473344
2023-11-05,15,168,0.5125331453464027
2023-01-06,17,199,0.4712642105369961
2023-12-04,6,96,0.024984605249185665
2023-09-23,21,176,0.759649808080734
2023-04-04,13,178,0.5781853481727656
2023-12-23,9,115,0.7990632769886546
2023-06-07,16,156,0.03951089847559097
2023-10-09,10,57,0.2244757310893054
2023-02-23,6,60,0.3397460269828425
2023-03-11,11,194,0.6426545722264463
2023-03-28,25,138,0.44569456147666386
2023-01-09,5,198,0.05929562760585283
2023-09-20,14,16,0.12884639196623304
2023-03-03,25,11,0.3612951686862236
2023-08-20,18,4,0.20307075751243397
2023-11-25,5,157,0.7134595467248931
2023-12-14,18,184,0.053977021245147694
2023-03-02,3,116,0.2706909067973161
2023-10-21,25,38,0.9426707281268333
2023-11-17,8,56,0.9620170847389057
2023-12-04,3,73,0.6792870314771153
2023-02-14,20,166,0.3671914857277695
2023-11-24,10,41,0.6817289915239942
2023-11-27,10,11,0.7272224460525036
2023-07-20,7,25,0.9018481108764107
2023-03-31,8,109,0.2928593070780723
2023-09-20,5,128,0.6749240848800687
2023-06-12,24,153,0.8059651873050278
2023-12-23,5,60,0.4586519470710486
2023-07-25,16,193,0.9618810622495132
2023-10-13,12,82,0.7978764289286746
2023-12-12,8,88,0.189406087522491
2023-04-25,12,186,0.5850475333500433
2023-08-24,5,4,0.14694436785113552
2023-10-20,13,74,0.2488766494073542
2023-06-11,1,77,0.9459681193370526
2023-01-04,9,95,0.42980014049750015
2023-03-01,1,187,0.47991509830009016
2023-12-18,2,8,0.9987266899476852
2023-02-06,21,175,0.3318740771111849
2023-12-03,1,42,0.4507982758888369
2023-01-16,13,87,0.5146520739598358
2023-10-29,25,136,0.9810889499055654
2023-06-22,22,150,0.8402752056926589
2023-05-02,22,152,0.20826205071210147
2023-01-27,7,185,0.9371947620773183
2023-07-02,8,26,0.6544506138533555
2023-08-20,9,59,0.2702967199409376
2023-08-15,3,189,0.8334545590906397
2023-07-29,18,72,0.5570680094330293
2023-11-26,13,37,0.41050211218205246
2023-02-23,19,167,0.1900796468213657
2023-08-25,7,64,0.5591671503260531
2023-08-09,12,149,0.4601564787455925
2023-08-06,3,57,0.22014199504661414
2023-07-13,1,177,0.21382776415128335
2023-10-02,17,179,0.8408657964793643
2023-11-14,1,14,0.19317206759514327
2023-12-12,21,124,0.14769979000729894
2023-01-05,14,8,0.12360202671214182
2023-08-07,5,152,0.37946507203466695
2023-02-09,11,62,0.611796003663232
2023-03-26,15,38,0.40194756493382966
2023-06-14,14,121,0.24723350579549275
2023-03-17,15,109,0.7167271288486562
2023-12-03,12,163,0.5886115208841549
2023-09-28,8,34,0.9832617105646034
2023-03-13,11,5,0.4242787022208513
2023-12-13,24,12,0.7140681345841331
2023-09-10,14,185,0.10238831194391507
2023-08-03,13,65,0.5716369508547162
2023-08-08,25,45,0.9197248873332047
2023-03-31,1,36,0.39694318918535587
2023-12-12,19,12,0.07394053990870586
2023-08-12,21,139,0.6054750354575121
2023-01-02,4,145,0.6808300702102109
2023-06-23,6,136,0.24808404583389743
2023-01-12,12,66,0.37158019974688605
2023-12-27,10,181,0.8693929007781231
2023-04-03,1,31,0.635315407689427
2023-11-22,1,121,0.37900079089584005
2023-11-18,2,122,0.5789124092862499
2023-03-01,19,27,0.16884990348877893
2023-08-11,14,191,0.6713190715002602
2023-04-18,24,6,0.8567955738348909
2023-01-19,5,137,0.5540767071627136
2023-06-25,14,182,0.6623578840035615
2023-02-22,6,149,0.1778469508005358
2023-03-26,21,107,0.3284338645996323
2023-01-15,5,51,0.9783459335615656
2023-11-10,5,125,0.7885052634601358
2023-08-03,4,191,0.4905878296276963
2023-03-14,22,162,0.09709002077997075
2023-07-20,15,5,0.7519567240883652
2023-12-14,12,14,0.04738365583575299
2023-05-03,20,198,0.8992911268738645
2023-04-22,21,43,0.5085824139191427
2023-05-25,12,89,0.5377255235697407
2023-07-06,9,50,0.3505727617696526
2023-10-18,12,122,0.3027291241865835
2023-08-01,7,85,0.7568344187147986
2023-05-21,17,57,0.4916788377593523
2023-03-28,5,168,0.2201829446273459
2023-05-08,21,190,0.017395177714672916
2023-10-12,21,177,0.4631180792598504
2023-08-08,5,181,0.4492187239456866
2023-08-22,6,111,0.6132759729593218
2023-02-12,9,77,0.47955292604372735
2023-11-15,18,60,0.4261681209186605
2023-08-05,24,116,0.33369354508822446
2023-07-12,22,173,0.28746361752624405
2023-08-01,10,49,0.7475138152599102
2023-12-07,16,114,0.716223206479888
2023-08-13,20,179,0.8431744885934892
2023-04-05,11,185,0.6762608074210826
2023-09-24,22,156,0.8393941268017779
2023-03-12,17,53,0.704362761371004
2023-11-10,14,170,0.5467274688070509
2023-01-09,6,147,0.3041230462177127
2023-08-22,10,70,0.06242654133727843
2023-11-07,19,28,0.11630721979604541
2023-06-17,10,166,0.18409922817100666
2023-08-05,11,181,0.6032080303551808
2023-04-07,8,179,0.650311511380443
2023-03-13,16,190,0.8142141866540207
2023-06-28,22,168,0.2694766285161849
2023-11-19,2,40,0.5778588247836337
2023-10-28,7,141,0.6886491548172677
2023-06-30,22,144,0.2527133268635977
2023-11-06,18,193,0.33325638650367895
2023-03-13,10,193,0.1786125572703069
2023-09-11,11,146,0.2108529595999763
2023-08-29,15,112,0.8622246780318282
2023-10-23,6,169,0.14610290619311017
2023-10-07,16,48,0.3827607690690742
2023-06-17,14,45,0.27781409196226403
2023-10-13,25,162,0.17316552773015192
2023-07-28,2,199,0.600657526307101
2023-09-01,19,97,0.23200430839669206
2023-01-26,22,134,0.6624728665037298
2023-05-10,7,34,0.41557326564070296
2023-05-25,21,76,0.6074226699383811
2023-08-08,15,118,0.1252110475154663
2023-01-13,7,198,0.08753676523296394
2023-09-04,17,7,0.7751706105829486
2023-03-01,4,196,0.5637474959590599
2023-07-08,16,133,0.9475359226547977
2023-09-03,16,144,0.7592328367745667
2023-10-29,24,27,0.8604900469143726
2023-03-07,10,77,0.3521123651215353
2023-07-30,24,115,0.5525337443883427
2023-10-14,16,54,0.2308316799539457
2023-06-06,25,142,0.055901330524382176
2023-01-09,20,27,0.9535032695445471
2023-05-08,7,108,0.6294007644704581
2023-07-08,18,101,0.47774361239976004
2023-04-21,23,50,0.10600719330280073
2023-01-25,23,32,0.4814742507144879
2023-07-13,7,41,0.9215611967089856
2023-03-10,5,34,0.2783477789795953
2023-08-17,8,8,0.5309378010352851
2023-08-20,12,158,0.9039076839774708
2023-03-26,10,19,0.8928954707581113
2023-12-08,19,24,0.8810689881086003
2023-12-21,3,200,0.8749755588271838
2023-12-23,2,119,0.8964305652108168
2023-07-30,10,96,0.6468691446852275
2023-05-12,16,125,0.3236913356775867
2023-01-13,15,114,0.29773806968121896
2023-02-28,24,189,0.5898076298679422
2023-09-14,20,90,0.645711581993237
2023-08-15,12,109,0.29172222128766945
2023-10-14,10,131,0.40328276859003487
2023-03-19,8,100,0.5759386118222095
2023-03-30,2,25,0.4896682213001652
2023-07-02,25,84,0.7889472690929841
2023-08-10,24,54,0.428730962796532
2023-01-09,23,131,0.6643077952305505
2023-11-09,8,193,0.49332753832395293
2023-03-07,13,25,0.4498798037577987
2023-04-22,22,45,0.26502768357314543
2023-04-15,21,102,0.0026828104433247457
2023-12-29,14,190,0.45871244988115223
2023-08-15,16,27,0.5614231652103411
2023-09-04,21,40,0.691442760738324
2023-07-03,18,173,0.8469511440238873
2023-06-01,18,106,0.34957601379828873
2023-10-02,16,152,0.9137328702652876
2023-03-08,20,191,0.27599325690960863
2023-06-29,17,197,0.2404942195012757
2023-03-05,25,131,0.5684338975939697
2023-03-01,7,42,0.03288782387020717
2023-07-22,17,122,0.37480783343081125
2023-08-26,21,66,0.7735742544218498
2023-03-13,23,110,0.5527475684171881
2023-06-04,10,140,0.7789955608100304
2023-07-02,14,23,0.9212952952503352
2023-12-28,15,156,0.8769172555412896
2023-10-03,11,111,0.901222601969786
2023-11-20,21,113,0.0057431930162193945
2023-07-22,2,82,0.03578928806943649
2023-07-12,14,200,0.7791408117013827
2023-11-10,24,3,0.817293077167489
2023-10-12,15,104,0.6892330614096258
2023-02-04,14,199,0.7950959553821685
2023-06-10,6,153,0.2282157741073123
2023-02-10,16,63,0.36459694990473024
2023-08-24,14,22,0.3076775824611997
2023-03-15,11,168,0.6683777516201518
2023-08-23,18,3,0.43808250440908303
2023-04-19,19,36,0.01838930130462202
2023-01-09,10,170,0.14085073395283176
2023-04-27,23,7,0.6899821777086204
2023-12-07,16,197,0.6886280777455238
2023-04-06,4,62,0.17319214964433427
2023-07-08,3,171,0.49528921608269627
2023-12-13,10,60,0.04165961575654209
2023-05-04,20,139,0.9431250009991132
2023-10-11,25,79,0.03390638891663078
2023-07-18,2,190,0.3437881155739565
2023-11-19,14,196,0.193411331942279
2023-09-08,9,101,0.5066244147543678
2023-11-23,7,134,0.03534621659519177
2023-03-06,11,80,0.32894086846715875
2023-07-17,18,191,0.6397924135901394
2023-12-07,8,114,0.21171898211539286
2023-02-07,18,1,0.4687939259729559
2023-08-08,6,11,0.811030110691861
2023-11-04,16,133,0.9163341038883058
2023-12-03,23,54,0.15662428757079117
2023-12-28,24,35,0.814586998788241
2023-01-18,1,104,0.7967315425195175
2023-09-10,12,175,0.46599111391920855
2023-11-22,8,59,0.6276743955260875
2023-05-30,24,180,0.6494613463139414
2023-11-30,21,43,0.7973110949206762
2023-01-26,11,155,0.8313301681048705
2023-12-09,24,106,0.06271954959019033
2023-01-26,17,93,0.9847201019988812
2023-03-31,10,145,0.9371669000685108
2023-07-13,14,70,0.7910406235617792
2023-01-21,16,101,0.5235048416915705
2023-02-24,9,5,0.1327432331007552
2023-04-09,13,149,0.21645928738976716
2023-10-27,2,134,0.4587598692411695
2023-12-06,21,37,0.10733784362743592
2023-05-16,3,97,0.23106802578918306
2023-06-15,6,106,0.7545824601264917
2023-04-12,17,190,0.9432621832447426
2023-11-09,20,187,0.31560338539904675
2023-11-15,4,169,0.279931750466741
2023-04-11,1,47,0.8634970029904458
2023-08-14,21,108,0.4739677956835363
2023-07-20,2,78,0.15799666784643185
2023-05-13,24,125,0.25213529510151356
2023-04-18,7,172,0.03183773064124307
2023-05-04,23,27,0.6395768745752484
2023-05-26,12,89,0.003406248645174248
2023-08-31,1,126,0.6899422634620109
2023-09-01,20,160,0.5818474040858426
2023-08-23,19,61,0.9114817667420368
2023-12-19,13,126,0.6321366210003444
2023-11-12,23,14,0.7327734814053277
2023-12-06,6,194,0.3348506894980068
2023-03-05,15,103,0.49956785985103525
2023-06-06,18,24,0.040528854154947336
2023-07-17,13,14,0.9924327619062976
2023-09-16,6,72,0.8412918277512658
2023-03-21,25,23,0.280833902444273
2023-12-25,15,108,0.4688985661105646
2023-10-18,25,23,0.9265023229692538
2023-10-19,8,29,0.1165986510462721
2023-03-14,2,172,0.8109676863109515
2023-02-20,7,20,0.45568505130277404
2023-12-30,20,189,0.6424640974623465
2023-12-22,2,140,0.6466639957872081
2023-07-11,15,169,0.502833347470286
2023-02-16,22,181,0.8647480293407321
2023-06-23,9,39,0.6680923669278501
2023-10-01,15,97,0.2853885547081003
2023-08-01,10,135,0.7720954867365402
2023-12-12,15,45,0.9213439410463554
2023-04-08,7,84,0.09558818129469238
2023-07-15,4,43,0.603746235662237
2023-01-07,6,168,0.76043811774378
2023-07-08,12,161,0.9234322068592177
2023-04-11,22,6,0.3622136726930717
2023-02-04,23,105,0.967265245156732
2023-02-24,11,81,0.07223241154672289
2023-08-05,6,75,0.45956480785311093
2023-02-03,16,179,0.5994825295015062
2023-12-30,18,158,0.9574738624583481
2023-06-25,14,179,0.9472855379842084
2023-05-11,4,109,0.6287616183297454
2023-05-27,17,98,0.699487634480646
2023-01-02,15,123,0.33249955917620233
2023-11-03,10,107,0.8766010956704614
2023-10-05,17,126,0.40560974668292904
2023-06-17,3,87,0.27291181378966667
2023-11-28,23,128,0.0005051815015554295
2023-04-09,5,123,0.7509678709903742
2023-11-20,5,181,0.7953986803252442
2023-01-20,3,124,0.7769560907832
2023-05-17,18,151,0.07837263200567324
2023-12-26,8,12,0.15413711552772402
2023-09-21,20,76,0.4524167822519328
2023-08-22,22,22,0.6414644212807102
2023-05-09,9,117,0.5901890781655086
2023-04-14,20,151,0.7999680205518993
2023-06-08,24,28,0.05639353682842174
2023-06-10,14,55,0.1750441962128857
2023-03-09,11,54,0.4448307506032434
2023-01-12,8,195,0.6187010204312665
2023-11-24,1,149,0.8583959337032148
2023-12-23,15,68,0.6124512223418684
2023-02-19,11,74,0.3550881269782977
2023-03-12,23,166,0.1360180155238817
2023-04-12,18,65,0.46687141358041895
2023-02-19,6,82,0.4542607401058669
2023-12-25,9,68,0.9411132775098213
2023-07-23,3,189,0.09656379261842418
2023-02-03,20,2,0.08916449744194954
2023-11-16,3,52,0.8989407413132285
2023-10-23,23,113,0.6066315655750129
2023-05-15,13,114,0.9488491729592847
2023-04-13,1,165,0.21551336162597257
2023-12-08,24,180,0.951571765298719
2023-04-24,21,141,0.7104811503658808
2023-09-25,12,160,0.8873894866409772
2023-09-10,11,117,0.6699992565817563
2023-07-29,17,185,0.24473783001467653
2023-11-12,22,132,0.627286134911613
2023-07-12,21,48,0.3498420524939543
2023-12-19,9,115,0.059729740830881894
2023-05-01,4,103,0.22212129697489114
2023-07-10,9,185,0.579364257065318
2023-10-13,10,148,0.5332163489051414
2023-06-30,5,152,0.018385989456144003
2023-04-17,16,138,0.5753617431283267
2023-12-08,9,61,0.2117847173248597
2023-07-27,24,193,0.7871089608031471
2023-02-23,11,112,0.937533772725463
2023-05-15,21,80,0.7416395277004808
2023-04-17,22,9,0.9826705363719531
2023-03-05,18,101,0.9487787554427696
2023-06-14,15,107,0.49637534770535796
2023-09-19,10,152,0.7192224044046641
2023-08-08,18,145,0.8014579751337141
2023-06-09,23,84,0.6508170528819429
2023-11-04,18,73,0.44957210163677086
2023-08-27,2,8,0.9604353261392452
2023-02-18,9,166,0.8067937601782192
2023-12-21,25,171,0.8760195693213673
2023-01-01,23,7,0.1771755364248302
2023-06-10,23,95,0.6593425116254682
2023-10-29,20,176,0.9226941046546107
2023-02-19,8,44,0.9688820922674041
2023-01-21,9,177,0.48772305430639074
2023-12-04,22,95,0.6799284642533892
2023-10-26,23,43,0.7973253459212122
2023-02-21,12,69,0.03091216682673026
2023-04-18,16,82,0.369673718414099
2023-03-10,8,114,0.08977420909192424
2023-10-08,6,8,0.18355283352842688
2023-05-21,15,24,0.46444194109041426
2023-09-15,6,93,0.7452042346267334
2023-07-22,17,31,0.6552060318353223
2023-11-30,12,78,0.1541884098405013
2023-04-04,23,153,0.8915674496978693
2023-03-13,19,71,0.8695359532854698
2023-08-06,9,117,0.8642848959735869
2023-02-10,9,49,0.8131374276878044
2023-11-14,12,87,0.21283665077867364
2023-08-20,9,30,0.42048382867076484
2023-08-01,10,65,0.5128083274793327
2023-03-13,11,24,0.3527274906996054
2023-01-06,15,174,0.5445313474547075
2023-10-15,1,112,0.38762001383521094
2023-07-07,8,65,0.2887993401853949
2023-08-14,9,50,0.40199462751573667
2023-07-24,21,99,0.13141385531650185
2023-08-17,15,138,0.16930995497286716
2023-11-29,24,39,0.8657733766190978
2023-12-16,7,59,0.3536699841740314
2023-12-11,6,7,0.8748491057175076
2023-01-14,8,169,0.13220027744521456
2023-09-29,10,95,0.36105575928713984
2023-02-20,22,111,0.12228952852111363
2023-10-23,13,160,0.9872210957575132
2023-01-21,7,177,0.4439082362047688
2023-10-04,2,31,0.8982611628422772
2023-08-27,3,5,0.11081134998162012
2023-07-23,19,193,0.8043255246453265
2023-10-07,5,147,0.5929467616794771
2023-07-27,23,49,0.8828831288033506
2023-02-04,7,60,0.1816027883426231
2023-01-17,7,41,0.5468818347867918
2023-02-16,18,69,0.20022080887334592
2023-02-02,20,3,0.6350159765869232
2023-05-08,1,4,0.2571525491883967
2023-01-18,14,200,0.7880690710939753
2023-07-01,8,60,0.9952002230645683
2023-11-29,12,184,0.931652879830463
2023-06-07,24,159,0.4103361635347813
2023-02-25,7,193,0.9842955890859255
2023-02-27,4,175,0.9977392962225425
2023-11-29,21,59,0.5014539740630495
2023-02-20,10,155,0.17382213527853885
2023-10-12,8,25,0.9413519828106963
2023-07-29,22,120,0.40778909195303703
2023-11-29,4,197,0.03548569567499871
2023-10-20,13,23,0.27590753747400487
2023-03-14,25,45,0.04933135436273983
2023-07-21,25,136,0.6250621487224015
2023-07-08,15,54,0.9736950001630826
2023-08-25,11,181,0.05199524062454719
2023-01-26,22,32,0.5192440262482361
2023-02-21,11,157,0.6744389213556952
2023-06-28,11,173,0.4679273325961092
2023-06-10,23,128,0.26685126488186683
2023-01-17,17,156,0.48597126490864784
2023-03-05,5,172,0.38263661084117573
2023-02-12,3,39,0.47766448648348947
2023-12-30,16,182,0.46393957993478385
2023-04-10,15,146,0.32602737080369026
2023-03-23,1,37,0.2198677400111293
2023-02-10,7,71,0.4246146843340777
2023-07-17,5,168,0.2995828667405247
2023-02-18,14,114,0.3248635982328144
2023-01-03,17,54,0.8149694910588271
2023-03-22,4,45,0.4061834187443365
2023-05-04,13,85,0.6708021333016343
2023-04-27,5,12,0.3459375704084996
2023-02-01,18,66,0.6890873451705078
2023-12-05,7,27,0.8386087485729901
2023-05-28,17,114,0.8611339194782829
2023-12-23,11,91,0.6953850192807928
2023-05-24,16,91,0.37559001114625756
2023-06-25,11,170,0.6562592653188067
2023-10-28,22,111,0.41308033675067635
2023-01-14,2,6,0.6868170909755843
2023-04-07,4,15,0.7216085657013336
2023-08-09,11,16,0.9639186495629593
2023-01-05,22,181,0.4937265023073386
2023-05-27,17,176,0.5606401912059445
2023-02-10,17,200,0.008812932043551602
2023-07-28,2,159,0.12338186151749253
2023-08-29,6,14,0.2754651255416187
2023-05-04,13,197,0.6809062873668253
2023-03-24,17,27,0.5984466718055644
2023-02-13,17,160,0.7084428149046483
2023-06-26,13,17,0.5423311641667925
2023-07-25,7,40,0.25127864075385486
2023-11-04,1,88,0.33947306552706835
2023-09-29,1,197,0.08897982482828304
2023-01-21,19,153,0.5581223597800354
2023-03-23,9,77,0.052552339125415126
2023-05-08,6,173,0.041073037327902795
2023-02-22,9,105,0.32866251652018375
2023-07-14,20,32,0.45274505752351435
2023-01-01,25,37,0.4480297311465816
2023-11-27,7,12,0.3189660086565669
2023-01-13,14,94,0.19807937177777535
2023-08-23,6,8,0.8122965245444711
2023-02-28,8,85,0.37615751477165604
2023-09-24,5,110,0.4389311652247383
2023-12-17,12,129,0.6400295007450272
2023-10-07,14,138,0.39737080888377074
2023-02-07,23,87,0.23621442391343772
2023-10-29,25,1,0.5905935170194024
2023-11-07,10,135,0.42022191917360685
2023-10-20,14,33,0.7772017733077078
2023-02-04,19,184,0.9313041049762171
2023-12-14,6,3,0.9684772246784208
2023-03-28,21,182,0.21336601342579486
2023-02-17,7,96,0.048628436220093385
2023-02-14,13,44,0.2957734023297319
2023-08-28,3,101,0.7585753641677885
2023-11-28,21,197,0.3356770490098261
2023-01-23,12,53,0.40971402911074917
2023-01-03,18,180,0.7567471697497514
2023-11-30,11,12,0.11897736234665968
2023-05-06,24,116,0.05275607610406008
2023-08-09,13,29,0.9850710774286009
2023-12-15,11,165,0.11052984649775588
2023-11-12,7,147,0.8508617047645137
2023-01-25,6,115,0.3467109133908769
2023-11-13,21,9,0.6126776907407169
2023-02-27,25,81,0.11098744166494734
2023-05-27,15,157,0.6393215132247432
2023-07-03,16,130,0.2514118274022521
2023-07-26,14,36,0.11971332391104483
2023-08-23,22,9,0.757041044076556
2023-08-04,14,93,0.008206808339379701
2023-08-11,1,18,0.36095160209518695
2023-04-21,5,24,0.06068506238154192
2023-12-28,22,104,0.10096205540648606
2023-05-22,13,61,0.2201796066050553
2023-08-17,24,139,0.05315820561682605
2023-07-25,18,189,0.5603816200986977
2023-05-01,12,18,0.3402654641488261
2023-09-01,9,136,0.4206681523144188
2023-06-07,12,86,0.18698575381320048
2023-06-25,24,199,0.47057603288057215
2023-09-04,8,187,0.16549503125293974
2023-11-07,1,103,0.8761942449203949
2023-03-03,21,10,0.7537512340701515
2023-12-12,5,185,0.748425204889794
2023-01-02,15,29,0.8179793298093829
2023-12-13,11,90,0.030145599034798076
2023-01-03,18,78,0.04137590588917006
2023-09-05,22,54,0.5069480715359108
2023-05-10,8,35,0.5320751434204923
2023-07-09,4,150,0.09983687168177147
2023-12-02,3,114,0.7822411565574584
2023-10-22,21,10,0.34944234367237104
2023-10-21,6,57,0.04319722055114694
2023-08-20,22,152,0.2733046738567332
2023-06-10,10,185,0.6659858547361869
2023-02-27,1,143,0.5983114379611802
2023-05-26,24,56,0.22102836889274202
2023-05-23,20,199,0.04992733479480027
2023-07-22,13,176,0.485515515578151
2023-10-05,2,183,0.6728504921745511
2023-12-25,17,174,0.7327123202029465
2023-11-03,15,169,0.4352121762663683
2023-07-29,24,101,0.7693184702605848
2023-01-30,17,160,0.7270862435607367
2023-07-21,4,111,0.9624858933077232
2023-01-07,23,89,0.4751969546289523
2023-10-13,23,1,0.42991613938368956
2023-02-12,4,157,0.4173297263663547
2023-10-23,1,132,0.662538546436282
2023-09-05,2,198,0.6589926124274923
2023-02-11,6,30,0.062957264872609
2023-11-25,4,56,0.3126133270313941
2023-08-17,25,40,0.5366091408107211
2023-04-12,19,75,0.44568498489287867
2023-12-09,22,43,0.38439514443227896
2023-07-12,9,165,0.9245151545454116
2023-07-04,24,95,0.02674698592902658
2023-12-06,10,155,0.232971259359241
2023-07-19,24,88,0.06989842143524938
2023-08-09,4,123,0.9220491718541489
2023-12-29,21,186,0.3418341575902716
2023-12-20,13,149,0.9172562494750103
2023-11-17,5,142,0.48979655254586774
2023-04-02,21,184,0.5996544788114354
2023-03-20,5,136,0.8304715669919627
2023-01-19,25,41,0.8252421703447582
2023-08-20,7,134,0.40435707539294374
2023-11-08,14,35,0.9559079646146676
2023-05-19,20,141,0.7538073469184715
2023-02-23,5,16,0.5795631294989789
2023-05-02,5,52,0.5955867705513558
2023-10-26,8,18,0.43710176800153855
2023-05-03,3,57,0.732261634443929
2023-01-02,21,76,0.8068296846313806
2023-06-24,21,174,0.2644124285038415
2023-10-26,25,66,0.3249321454580214
2023-11-12,16,145,0.49422859499843375
2023-07-28,10,81,0.04198292542561577
2023-10-01,21,146,0.6769937786323478
2023-11-04,13,75,0.9003639653242858
2023-12-10,5,165,0.6565975069295436
2023-12-25,2,81,0.00581064222606531
2023-11-14,25,174,0.32480363474624185
2023-01-30,5,26,0.11925491741356276
2023-09-24,11,170,0.4295317365253166
2023-07-24,8,132,0.241371823005898
2023-03-09,6,27,0.21185214864658797
2023-10-16,11,107,0.4820796723918832
2023-07-19,6,184,0.5310746920953352
2023-06-13,15,187,0.7884195009094607
2023-04-22,15,14,0.4022145659402028
2023-01-31,18,162,0.9116393482459725
2023-06-20,3,51,0.6981339130922954
2023-06-03,17,50,0.35368660442574607
2023-12-29,4,53,0.4729672468038353
2023-11-04,2,23,0.9474893661427601
2023-04-18,5,93,0.5605203360595232
2023-10-08,6,143,0.3420467801774796
2023-09-20,14,97,0.16128986252155708
2023-07-31,21,67,0.5013544894712975
2023-03-04,22,52,0.6680572637468463
2023-12-27,24,164,0.6343401661961303
2023-09-07,22,145,0.993655475864778
2023-11-08,11,125,0.28929282182259763
2023-06-03,10,3,0.6720371389037909
2023-06-28,1,82,0.8828829187398884
2023-03-16,5,19,0.109243914155284
2023-08-31,21,93,0.4642944667079263
2023-07-04,5,183,0.7147685669313639
2023-07-18,16,199,0.7881775440086253
2023-12-22,23,174,0.6027548196594387
2023-03-21,14,63,0.42042691931638887
2023-09-28,6,108,0.3274124303100896
2023-09-29,8,130,0.07435124526824943
2023-05-22,14,66,0.4770296523837819
2023-01-21,4,117,0.4754636035815898
2023-11-26,22,28,0.9925339635673405
2023-08-16,11,126,0.9693860023565887
2023-06-22,13,23,0.9707379640124153
2023-04-03,17,47,0.6446665100720306
2023-06-05,20,187,0.11199266850546385
2023-11-08,19,180,0.9513457776859019
2023-10-14,20,26,0.5260998135442029
2023-01-28,11,169,0.853030090680653
2023-04-10,23,55,0.20164441019224966
2023-01-30,7,25,0.21256534238241753
2023-04-01,6,134,0.43618755929329267
2023-01-03,8,49,0.29263638699370453
2023-10-17,25,9,0.5725555206452183
2023-09-10,22,76,0.842504664140004
2023-09-24,3,116,0.10672276366844269
2023-03-07,5,69,0.6219515792117397
2023-07-28,5,31,0.1661365400463667
2023-06-23,5,40,0.07180678817853958
2023-07-30,20,20,0.9606279366093793
2023-12-14,23,5,0.559960444316059
2023-12-02,16,162,0.11115589826173045
2023-07-17,25,42,0.31201873010017245
2023-11-05,11,139,0.1861647420346374
2023-09-25,13,42,0.5741302506049497
2023-12-05,11,123,0.2631390957582098
2023-02-05,4,30,0.8018073425614024
2023-11-28,20,156,0.12779230474741787
2023-10-21,5,144,0.20187721276821424
2023-03-05,15,139,0.6152648614315898
2023-02-19,7,99,0.17990091403196562
2023-09-11,24,12,0.9218012530489834
2023-02-14,17,107,0.11206113590962563
2023-03-12,12,119,0.7294362117971589
2023-02-02,15,85,0.6920212622266825
2023-07-14,18,129,0.12443782883076127
2023-07-05,24,70,0.7555835532844901
2023-12-25,9,91,0.607133676753115
2023-10-24,24,53,0.5696331301631455
2023-06-27,5,45,0.05969878510210014
2023-06-14,10,200,0.6449440315455537
2023-02-12,22,37,0.9817191624698581
2023-12-19,17,77,0.22785718362149232
2023-05-24,8,116,0.18682045353234278
2023-10-04,11,193,0.6542185727805752
2023-10-22,13,187,0.4360882136522437
2023-09-13,20,160,0.5358209618246486
2023-08-06,16,18,0.40005585010803646
2023-12-19,2,39,0.25490437293333323
2023-11-08,25,129,0.9132873853386854
2023-10-13,11,90,0.4053623946869832
2023-04-15,22,90,0.8868594271261164
2023-04-05,22,99,0.8708528827307824
2023-07-19,6,133,0.956661630424517
2023-05-11,14,47,0.721482420321611
2023-11-17,3,27,0.4490776230225717
2023-10-07,11,142,0.4919684945470726
2023-09-24,5,61,0.29558008928597357
2023-10-26,4,170,0.7972912745984214
2023-01-10,16,200,0.25270407800082195
2023-08-18,12,87,0.155896972701405
2023-11-18,11,1,0.2242788059850831
2023-05-24,1,110,0.7673361227953333
2023-09-07,8,105,0.8887021106699041
2023-01-13,16,172,0.8584083928501328
2023-08-11,2,153,0.0025552417226217816
2023-03-25,9,70,0.2676016815323393
2023-05-22,10,190,0.6880267376879645
2023-04-18,24,126,0.5115862685507963
2023-07-16,11,143,0.13279422475927638
2023-02-01,6,52,0.860844441384407
2023-08-21,8,8,0.9042316137420462
2023-04-16,3,13,0.1867317387985854
2023-12-03,14,155,0.56301797693149
2023-03-15,11,4,0.1084991183335361
2023-05-19,21,9,0.8132792608771403
2023-05-14,12,32,0.9926972735863548
2023-03-03,13,142,0.7107385689111182
2023-06-01,16,182,0.964886369753903
2023-09-16,21,154,0.8554911116398345
2023-12-20,9,122,0.8933189785879844
2023-04-04,2,150,0.4741564633781097
2023-11-21,19,128,0.926280514604663
2023-07-21,23,99,0.7581867911411904
2023-12-12,2,199,0.5572337124758274
2023-05-14,21,8,0.09479776793043992
2023-11-27,9,21,0.594254966102994
2023-01-25,2,185,0.643026060572007
2023-06-16,4,37,0.6943542024517602
2023-04-16,16,112,0.7929218492117445
2023-06-28,16,130,0.4129233956050825
2023-06-27,13,155,0.4062752974173033
2023-09-22,9,166,0.01169285090513339
2023-02-09,20,69,0.1947879028045969
2023-01-22,20,89,0.7645239647353819
2023-10-11,1,54,0.5334585392569212
2023-05-13,19,96,0.7528915361425613
2023-08-01,6,58,0.8280411975556429
2023-03-09,2,86,0.5680048896507799
2023-12-21,5,107,0.7226045200974515
2023-01-03,2,189,0.7101362246731509
2023-07-13,25,17,0.006020118071904501
2023-08-26,1,183,0.4770813418888916
2023-03-29,10,183,0.7548724643152688
2023-08-26,8,172,0.8411366344012777
2023-09-21,23,74,0.16380946176302325
2023-09-02,2,76,0.16962486160792012
2023-09-10,6,134,0.7947395731742752
2023-02-18,9,121,0.4995558745708305
2023-12-23,3,140,0.6949213311003515
2023-05-07,20,11,0.8583572394325729
2023-03-13,2,26,0.358839764074277
2023-05-11,21,64,0.8988548321778647
2023-12-05,10,76,0.875834061463876
2023-07-02,8,144,0.630628873132862
2023-02-09,18,65,0.11540389901558112
2023-05-20,24,72,0.6827152382419919
2023-02-05,24,20,0.890367147652088
2023-03-09,7,101,0.3144264977731245
2023-07-30,15,159,0.5274243551077245
2023-05-10,2,146,0.3680687989738054
2023-04-28,13,200,0.12624449756888312
2023-12-09,25,153,0.6877783061714019
2023-05-09,16,177,0.7911155097137772
2023-08-23,13,106,0.719642004281333
2023-12-19,4,142,0.3899210730691254
2023-03-28,17,20,0.9378601691349274
2023-02-28,4,145,0.38391903215738044
2023-11-04,3,107,0.9521821361741335
2023-05-30,2,89,0.07404710388006996
2023-08-04,17,79,0.6505364253574921
2023-10-30,8,5,0.6787329891553717
2023-06-06,23,106,0.5853354379666363
2023-03-30,15,118,0.9419475318545493
2023-07-01,16,14,0.708297752561336
2023-07-18,1,142,0.7925339375862791
2023-07-20,19,162,0.8802380544776213
2023-10-13,13,71,0.3599256642086728
2023-05-29,20,26,0.31535040108798496
2023-09-22,11,124,0.588584861828184
2023-01-07,14,97,0.22705375862233057
2023-08-24,6,124,0.3550750604635756
2023-04-05,23,144,0.582930081286492
2023-04-15,12,77,0.6203991690566864
2023-02-04,21,58,0.20651222195587882
2023-01-26,23,127,0.22991600464701956
2023-03-23,9,71,0.8408451819926317
2023-08-17,1,105,0.6194696187436488
2023-07-17,20,49,0.1795823153210454
2023-03-18,4,120,0.4180272879959035
2023-07-13,7,65,0.11476608990142245
2023-09-21,4,156,0.3300366989196293
2023-02-05,16,188,0.8213532799189096
2023-03-23,4,136,0.606982583336761
2023-09-09,23,128,0.7997159796523727
2023-05-07,14,14,0.37563524609609256
2023-03-12,3,75,0.6864744755020262
2023-01-15,23,43,0.4522408625795107
2023-02-17,4,113,0.10151315840564079
2023-05-22,9,36,0.22986108825934592
2023-07-04,23,25,0.5963184755494116
2023-07-30,2,161,0.16245599275043354
2023-05-03,2,35,0.5403286926453051
2023-08-15,7,196,0.489369996018885
2023-12-03,12,44,0.17240997567854122
2023-11-21,2,27,0.9007732140799332
2023-06-11,3,147,0.8008415070298421
2023-11-04,25,129,0.00970989480666229
2023-10-02,10,27,0.7388952805476088
2023-07-10,8,159,0.9741445752347047
2023-03-01,7,171,0.8091284015653307
2023-11-30,7,138,0.4417392887916479
2023-06-10,20,170,0.21205787276181876
2023-04-05,2,2,0.632417204568528
2023-06-04,5,97,0.7819574637792134
2023-09-16,6,128,0.3786425848239654
2023-05-07,7,93,0.10404600830766175
2023-10-29,14,40,0.28282601562913223
2023-05-18,1,84,0.9853830491702632
2023-10-01,20,40,0.9489133738216323
2023-08-15,13,7,0.4486905975903359
2023-11-03,5,103,0.6529898072843645
2023-10-27,13,74,0.1523283085802265
2023-04-09,10,62,0.5771130054864364
2023-05-03,22,142,0.31707199382287765
2023-05-05,23,27,0.027946496518163944
2023-12-21,15,61,0.19531475556035904
2023-07-13,10,61,0.6555292733213642
2023-12-17,1,32,0.16074889483331833
2023-12-24,3,89,0.40601704603846456
2023-09-02,3,2,0.4125608824680327
2023-03-15,4,189,0.08485372762121168
2023-10-14,15,195,0.8675715226679972
2023-09-04,16,113,0.4671507028501224
2023-01-13,19,7,0.5552634630411617
2023-10-12,19,24,0.3501010184006619
2023-05-21,3,200,0.7533498821315173
2023-09-20,14,13,0.4150424254903792
2023-06-25,5,126,0.993045793120137
2023-08-23,17,141,0.3812914530976781
2023-11-12,18,6,0.07574305207650478
2023-04-20,23,161,0.23837988568367285
2023-08-04,3,114,0.6805820041422898
2023-11-29,12,195,0.5413922862204409
2023-09-08,14,197,0.17628728333218757
2023-01-05,18,189,0.993372454589436
2023-03-04,20,161,0.9800187322265851
2023-07-18,5,141,0.49051743403877324
2023-10-13,9,71,0.41718598327142986
2023-08-22,25,45,0.06472540733665566
2023-12-13,5,80,0.49724027156955986
2023-07-31,14,173,0.6023795674399972
2023-02-17,16,193,0.9292841627378435
2023-04-15,3,73,0.605141816304349
2023-02-03,14,64,0.6064700104691341
2023-03-16,1,6,0.6321514385424987
2023-03-04,16,172,0.8737629314245895
2023-03-06,18,89,0.8543224664136537
2023-01-15,9,95,0.6357448729682963
2023-06-05,25,4,0.5223229768158655
2023-02-03,2,194,0.1476964500238912
2023-12-08,20,92,0.03948290728714754
2023-01-19,7,184,0.976044945014415
2023-11-10,17,115,0.036163442164989346
2023-05-15,24,136,0.13569025581607452
2023-08-03,3,180,0.014247992042986435
2023-06-16,4,63,0.07488650009611975
2023-05-16,19,144,0.5366514466550286
2023-09-03,24,141,0.49205930170203094
2023-09-02,25,91,0.34702728808827443
2023-04-24,25,11,0.09164360108220049
2023-08-19,18,82,0.32533803218689483
2023-11-20,10,23,0.8124093234124251
2023-11-15,19,91,0.8503216850426769
2023-11-08,19,80,0.794848811118119
2023-07-30,16,67,0.7361727511725688
2023-12-23,1,149,0.9832862532649567
2023-04-03,9,62,0.11199713641054365
2023-04-09,11,173,0.49647030785669144
2023-10-07,23,159,0.809903425965961
2023-01-07,16,32,0.08676191334892269
2023-05-15,7,44,0.04997549764164555
2023-02-02,9,85,0.756479054347729
2023-10-22,9,170,0.5109633043247911
2023-10-18,11,37,0.5782140047406878
2023-09-10,13,60,0.6707165284001214
2023-02-03,23,199,0.47534207393596883
2023-03-13,24,5,0.30350305568858893
2023-01-13,7,69,0.9694484883619339
2023-06-14,25,2,0.4271422456198738
2023-01-08,24,19,0.5753499282454774
2023-01-03,7,181,0.30866215914840334
2023-12-30,12,13,0.46968725020727187
2023-02-28,10,118,0.07579030196242087
2023-01-26,19,22,0.9598835165026657
2023-05-26,11,123,0.45280470086184266
2023-05-03,4,103,0.9610692876353114
2023-03-11,22,130,0.8548295151151107
2023-09-30,2,23,0.276734160106926
2023-08-13,22,192,0.9649438622688951
2023-01-31,24,71,0.4866205093019077
2023-03-03,3,28,0.016658350684617407
2023-01-07,24,61,0.7310440019973723
2023-08-08,19,171,0.38358833169240825
2023-08-18,24,25,0.8293519227253666
2023-01-05,3,162,0.789267213441679
2023-03-21,8,37,0.9944576516554242
2023-06-14,22,146,0.9616269047100704
2023-10-13,11,64,0.7989646443923512
2023-09-23,2,102,0.603999079470684
2023-02-05,11,98,0.6975830139858228
2023-07-02,7,190,0.8698250753255127
2023-08-15,18,54,0.22353803280511853
2023-04-20,23,100,0.24970944582686838
2023-06-02,8,168,0.14424390680525756
2023-01-30,21,26,0.5211535791443951
2023-11-08,10,29,0.092527567894096
2023-01-25,23,142,0.11637890392382844
2023-07-23,17,97,0.6954206512557625
2023-09-05,11,33,0.538350665012065
2023-11-16,22,154,0.5514382678670903
2023-11-19,24,185,0.8268908095114541
2023-07-27,13,193,0.33463755909807025
2023-08-04,19,126,0.6044489023395389
2023-08-27,7,186,0.20907641433801438
2023-07-22,6,152,0.5154291251777072
2023-07-11,12,116,0.6107836431016977
2023-07-29,5,30,0.8908654345748621
2023-05-27,18,32,0.9391955347005616
2023-06-18,20,8,0.5508174989920149
2023-04-20,18,76,0.5847355679448998
2023-07-04,12,32,0.6438305912789926
2023-11-27,9,171,0.4443970966129067
2023-02-18,12,26,0.725147883844904
2023-07-20,20,166,0.9849018518849242
2023-11-16,6,23,0.8879940474089906
2023-06-17,22,199,0.8246201492478453
2023-04-28,24,44,0.365506810639201
2023-02-09,16,57,0.5768967515638043
2023-12-22,4,118,0.5453905219176675
2023-05-03,19,27,0.8154576266147207
2023-10-09,12,104,0.07854509118419484
2023-07-15,8,54,0.7894379267414965
2023-07-29,25,15,0.028649552753557628
2023-08-08,20,88,0.5498875729175604
2023-06-22,23,38,0.7542353770990119
2023-10-14,7,49,0.540706461177083
2023-03-19,15,174,0.9190675262097666
2023-08-03,1,38,0.5111685603104574
2023-03-14,6,14,0.20088579712703658
2023-03-22,6,145,0.152106883307371
2023-12-13,22,128,0.29343558920576995
2023-03-20,25,122,0.9052640759017218
2023-05-26,20,123,0.6255320432922057
2023-06-10,22,175,0.016583062962045148
2023-01-09,8,2,0.6394574501028085
2023-06-28,9,24,0.5391917379233094
2023-02-15,24,73,0.8929080621863845
2023-09-26,8,36,0.6687955103759683
2023-04-05,5,133,0.22533340248590317
2023-11-10,21,164,0.5383889739085466
2023-11-07,20,81,0.3863705548294062
2023-02-25,4,32,0.02797273455492455
2023-06-21,8,113,0.2403582060403212
2023-04-11,6,104,0.3802180354573894
2023-11-18,4,199,0.9488306456006516
2023-11-04,12,32,0.6539634425219336
2023-03-31,24,152,0.2947854728871929
2023-01-23,11,131,0.5474641596704616
2023-12-13,19,132,0.7725118469949497
2023-10-19,2,135,0.7062693206719887
2023-08-06,22,5,0.6306818318761499
2023-01-31,20,111,0.6120215867151932
2023-06-30,5,131,0.6434683984477425
2023-03-08,5,132,0.5262678171264679
2023-10-07,22,112,0.7588089152230145
2023-06-28,19,94,0.06662744616483074
2023-03-30,23,87,0.22884841896127617
2023-09-03,20,105,0.2656877238855334
2023-11-10,22,198,0.14548049244985406
2023-05-02,14,161,0.014694974344148348
2023-11-10,3,39,0.593269395056859
2023-02-03,14,32,0.5693621658198884
2023-05-05,3,63,0.4280880948231428
2023-06-30,7,191,0.6939850699368811
2023-11-10,17,195,0.5505356622886833
2023-10-20,8,55,0.7563423346619413
2023-09-08,3,193,0.2903297268854913
2023-04-30,7,43,0.10675726700795107
2023-11-20,21,105,0.5447504818444997
2023-01-04,17,185,0.15107334787146154
2023-05-13,24,24,0.3944410167932618
2023-12-06,8,173,0.5472717742939045
2023-07-30,20,82,0.7372366319206285
2023-05-24,15,192,0.3067104123286166
2023-12-10,24,153,0.43847190541652625
2023-07-12,12,172,0.8361996575086169
2023-10-21,17,199,0.65058308535539
2023-03-05,21,1,0.7474750497120521
2023-12-09,14,137,0.5218927984651391
2023-11-25,15,134,0.06450940426128371
2023-03-26,3,191,0.8816107530024412
2023-10-19,10,111,0.5002506484877774
2023-03-31,2,93,0.7465043386444434
2023-07-31,9,27,0.9990807901248298
2023-03-29,10,92,0.891340450367826
2023-07-29,6,38,0.3827758155603549
2023-05-17,9,167,0.9895870682829387
2023-05-08,20,30,0.783586462074705
2023-01-10,20,68,0.796835256171549
2023-04-03,3,111,0.10698594655463045
2023-04-05,19,165,0.056338488674959386
2023-10-26,21,75,0.2814669579471406
2023-06-14,14,5,0.26983358955056647
2023-10-13,18,102,0.22912562589975283
2023-10-31,1,35,0.5089148302539913
2023-02-03,7,92,0.3016425091942908
2023-10-21,1,95,0.5744129256032084
2023-10-28,17,169,0.46049449779508433
2023-01-17,20,54,0.5686696502899412
2023-10-20,21,51,0.6668135728610639
2023-08-29,1,190,0.17696489080619215
2023-09-16,22,167,0.6923137240943952
2023-07-03,16,163,0.09457444719277341
2023-01-23,25,99,0.3612579275368385
2023-09-29,9,30,0.19452520163224474
2023-12-19,1,30,0.16141062502218329
2023-08-17,19,30,0.5768062330074851
2023-06-22,18,166,0.29741691447799656
2023-06-30,20,11,0.4357095373197273
2023-04-08,24,118,0.6304481354671831
2023-03-27,9,124,0.7244814576399156
2023-11-30,19,155,0.9978065049130087
2023-08-21,20,62,0.6739581032325954
2023-12-10,4,64,0.7193914605887649
2023-03-16,21,54,0.9892702832495527
2023-10-30,16,150,0.884015136524756
2023-10-22,24,69,0.9014533997815575
2023-09-12,8,62,0.710352514372699
2023-10-30,14,106,0.6692289517809599
2023-09-09,4,46,0.5308800976177971
2023-10-19,9,139,0.8233543523758331
2023-12-04,11,81,0.08659038901957938
2023-04-28,14,156,0.06250139088629836
2023-05-15,8,132,0.23863231047085798
2023-12-31,11,36,0.7367627422914157
2023-06-30,9,58,0.07735884106233593
2023-04-12,12,96,0.3576582070481118
2023-11-09,9,29,0.5378761424290112
2023-07-28,12,33,0.4134873713167143
2023-08-06,22,142,0.5981708495625444
2023-08-06,12,105,0.621952492647153
2023-07-13,19,138,0.05127166503451486
2023-06-13,19,135,0.06624751843661025
2023-07-28,25,4,0.45181592803781667
2023-04-20,20,39,0.8028676906891525
2023-08-17,15,181,0.46867257729288614
2023-06-21,5,94,0.33058733144685337
2023-01-13,2,113,0.011380071075665965
2023-12-23,24,186,0.36000052723473
2023-07-27,21,92,0.09170788617341663
2023-11-30,15,29,0.7062238321022147
2023-06-27,12,153,0.43162144872881614
2023-06-22,15,15,0.7757856823420832
2023-10-09,4,200,0.5421593496471985
2023-03-14,18,130,0.31219604512023114
2023-03-20,21,92,0.49501289821502814
2023-04-17,20,120,0.4722033517892643
2023-12-19,9,58,0.6368595001651639
2023-06-15,20,55,0.5710890773767604
2023-10-02,21,116,0.2638598143076104
2023-01-04,1,190,0.20718442781402446
2023-12-03,6,151,0.10253619492764465
2023-11-20,15,19,0.23127072823531203
2023-12-27,8,168,0.7804119222449678
2023-01-22,8,71,0.3496636941627813
2023-05-21,23,99,0.8352472340089646
2023-04-16,10,196,0.6058896053830477
2023-02-19,7,124,0.4036473197965179
2023-05-22,10,44,0.537676129516008
2023-12-21,2,80,0.6340869115093024
2023-01-26,1,103,0.7553788376369284
2023-01-26,5,9,0.8518293071557373
2023-07-28,4,102,0.7272368832273599
2023-10-10,2,185,0.006606065797372329
2023-01-20,10,67,0.9436208979474808
2023-04-23,17,154,0.24253523291781454
2023-12-04,19,194,0.39351745161340446
2023-09-03,6,29,0.7041301101634327
2023-07-31,15,86,0.3225664111834423
2023-07-24,1,22,0.8795259131342829
2023-11-28,24,100,0.076070150405675
2023-02-20,5,104,0.8035728288769005
2023-09-07,24,9,0.052031153471670866
2023-11-10,22,53,0.703236220683728
2023-10-19,21,36,0.7232140741993164
2023-02-10,24,56,0.7096362194477239
2023-03-14,11,84,0.13339473171321692
2023-05-08,14,45,0.4411401491922904
2023-08-02,11,141,0.2319247814003561
2023-05-26,19,82,0.621983550142084
2023-09-22,25,92,0.542195326924352
2023-04-13,21,193,0.1598256037017307
2023-06-22,13,151,0.8668264270072671
2023-09-23,19,9,0.23632136810464577
2023-10-16,17,104,0.5561688074577833
2023-03-15,24,5,0.34576021108627797
2023-04-05,18,16,0.6756555313742528
2023-01-20,17,100,0.7685372443827
2023-12-16,9,40,0.8132119117086276
2023-01-08,1,32,0.1457389003063274
2023-05-02,11,100,0.5039628024227172
2023-09-04,19,195,0.7787649799770648
2023-09-10,12,44,0.8456166505624512
2023-08-05,9,47,0.08444284247886635
2023-09-11,14,180,0.030157710485380962
2023-02-03,5,65,0.5990709172333699
2023-11-01,14,24,0.8936401626006846
2023-11-09,8,24,0.6567816635330714
2023-09-22,7,41,0.17038627454948485
2023-05-31,16,161,0.6752449025716701
2023-07-02,20,36,0.3347393191023279
2023-09-20,5,107,0.4115563386756127
2023-01-03,11,44,0.11428965120425505
2023-12-06,12,193,0.8777550978054319
2023-07-23,21,110,0.43473298753296274
2023-01-18,11,156,0.23150634111781776
2023-10-19,14,150,0.09942720065449617
2023-04-30,1,163,0.3846032786294703
2023-09-30,13,126,0.2951879465506416
2023-05-11,17,170,0.8597924361341396
2023-03-19,4,158,0.821379760614604
2023-07-09,3,42,0.0630785653234679
2023-09-02,25,51,0.06320565843433867
2023-01-23,2,99,0.23263096403056638
2023-11-27,10,5,0.959904692784558
2023-02-11,12,141,0.5194892933187303
2023-12-27,19,95,0.21728730865665646
2023-05-06,17,8,0.3799767340239588
2023-03-18,12,36,0.2022361440395708
2023-01-02,4,145,0.36687944296536534
2023-05-04,16,33,0.8642335818971241
2023-05-25,5,61,0.03654218668032183
2023-11-01,5,200,0.09735707464144738
2023-06-20,12,60,0.34354920648268106
2023-09-03,10,22,0.17171829996312993
2023-05-08,1,160,0.19243062873325356
2023-04-29,19,108,0.7982823480573753
2023-06-25,22,115,0.553072107710603
2023-10-03,4,167,0.16597120697030154
2023-02-21,19,189,0.7982771327231372
2023-12-24,15,192,0.6442676680021752
2023-11-12,24,52,0.5888377476353795
2023-10-24,25,48,0.1794095227155066
2023-10-04,13,73,0.012279890953167616
2023-09-29,17,92,0.7071872754709934
2023-12-07,2,87,0.43422106071196687
2023-08-30,13,65,0.4976800435033689
2023-10-28,5,8,0.22170954041514546
2023-09-01,23,165,0.1176607200143146
2023-02-07,19,89,0.06572406001585362
2023-05-05,15,143,0.6271323375829236
2023-07-21,15,157,0.6303404402893189
2023-03-16,23,147,0.3422044904646514
2023-10-19,6,82,0.9639094619909375
2023-08-19,17,146,0.2780962626724053
2023-11-21,3,42,0.02763785817404385
2023-10-18,7,177,0.32788601598297196
2023-03-20,15,113,0.5452773891567013
2023-02-19,10,77,0.7679302320737653
2023-07-08,21,77,0.9127703271302374
2023-03-03,14,126,0.9478244377104852
2023-11-18,18,17,0.02324967749784701
2023-05-21,1,79,0.6252829367424787
2023-05-15,8,27,0.7045539183910323
2023-04-22,7,111,0.3313841241763257
2023-09-24,11,7,0.06689888989758264
2023-02-14,11,14,0.7137894754242647
2023-02-20,12,170,0.19687987606250779
2023-04-04,14,60,0.849315571700136
2023-01-28,25,109,0.31592282214208667
2023-05-09,23,10,0.5997002576972954
2023-02-07,10,39,0.3891794359333577
2023-09-13,10,74,0.02479139028469679
2023-10-29,6,153,0.5424427427428021
2023-02-18,9,100,0.3864452153994409
2023-11-02,7,128,0.38831467635358463
2023-10-23,5,179,0.13224442605609443
2023-08-12,9,114,0.48254748334827924
2023-03-01,25,16,0.020862213728321977
2023-10-09,1,10,0.5120276762848807
2023-02-12,8,123,0.6810240675222947
2023-01-23,16,58,0.7644093669571606
2023-01-25,2,92,0.6424980613516991
2023-06-17,6,26,0.9938592623763997
2023-09-19,19,24,0.2875660752009368
2023-06-12,8,63,0.38609999224718916
2023-04-22,2,76,0.9613519357835683
2023-04-06,11,168,0.7930890775190399
2023-03-28,2,130,0.7602228042104804
2023-09-05,3,134,0.09376399467135332
2023-08-04,18,29,0.377019467286816
2023-02-16,4,8,0.18232143386847754
2023-08-27,24,29,0.9200642149205752
2023-03-06,3,37,0.8123874591356274
2023-01-13,17,5,0.11101944418810383
2023-04-27,22,60,0.8777413382785397
2023-10-09,1,191,0.2856531712118142
2023-07-18,3,16,0.39176853899401987
2023-10-18,11,107,0.7373188404606125
2023-07-17,16,127,0.26112662529402453
2023-12-10,15,138,0.7511443369852556
2023-11-15,25,12,0.5273247709408425
2023-08-14,8,189,0.9357705171276981
2023-05-12,14,94,0.21612411338868698
2023-11-09,8,44,0.5002823236012429
2023-08-11,22,151,0.8450149702804252
2023-01-03,23,181,0.6455231052188222
2023-04-07,16,98,0.45483902246827335
2023-08-11,24,107,0.9165136945947174
2023-11-04,7,66,0.7817384893610939
2023-11-21,13,96,0.5372457425777685
2023-03-15,5,10,0.06728751740444172
2023-04-02,10,126,0.9117103860121075
2023-10-30,9,143,0.23984270934701857
2023-11-10,21,147,0.9147997054818295
2023-06-13,4,132,0.7681359441793543
2023-07-26,18,78,0.6723799116864814
2023-12-31,24,80,0.09461166679974164
2023-03-09,14,80,0.37964495956521016
2023-12-13,10,53,0.6859968133705399
2023-01-22,11,29,0.9667826383318895
2023-07-15,3,29,0.3022749860279257
2023-03-29,7,52,0.23812314170221238
2023-01-05,25,140,0.8063603047980212
2023-02-14,6,194,0.07855265685321422
2023-08-10,9,13,0.08351089937671308
2023-10-11,12,28,0.5150897047096309
2023-04-28,11,41,0.1605662301171088
2023-12-16,16,47,0.2511898571736546
2023-12-06,21,184,0.7129915012956674
2023-10-12,22,182,0.028685714244634175
2023-10-27,4,77,0.7375356425933246
2023-12-07,20,51,0.6268451551000779
2023-02-08,12,169,0.8282583099258167
2023-11-16,24,104,0.5964816147172058
2023-08-27,13,167,0.3749761515770872
2023-06-17,3,140,0.7579024312334126
2023-05-02,25,73,0.06258320101006232
2023-02-13,17,179,0.13205824265970334
2023-01-26,3,132,0.005254158714983803
2023-08-09,11,116,0.7265559460250862
2023-04-14,24,1,0.10272357131356524
2023-11-29,8,166,0.10024747586756932
2023-09-18,23,128,0.5805797483011996
2023-03-14,3,7,0.7342143950893414
2023-06-13,4,107,0.21842810899850307
2023-05-20,13,174,0.24069132139341998
2023-02-24,9,19,0.7215053724489241
2023-05-30,20,46,0.035665206150209405
2023-07-15,4,167,0.7713793982654468
2023-10-29,17,37,0.30225163974736435
2023-05-30,3,135,6.6068937185082e-05
2023-09-09,15,160,0.8830824162376129
2023-09-25,17,156,0.12225170197914381
2023-08-18,5,74,0.6431560269525842
2023-12-05,24,75,0.2877112976402709
2023-05-18,17,50,0.3731929514119481
2023-08-24,12,150,0.939559098424293
2023-03-27,7,19,0.6817198957124687
2023-12-05,18,173,0.4726333829588685
2023-05-10,18,93,0.3283354545887053
2023-07-30,17,95,0.8449177877219407
2023-11-25,17,161,0.17442295656947004
2023-11-14,3,144,0.20315212678266825
2023-10-01,11,172,0.21697223435580837
2023-03-19,10,110,0.022006006562945823
2023-12-19,22,111,0.3217631649368754
2023-03-13,20,72,0.4116017995117487
2023-09-09,8,14,0.42490234714924746
2023-12-06,14,37,0.8592806248656696
2023-08-15,22,178,0.6305456035072163
2023-11-27,1,199,0.321963123836699
2023-08-25,15,80,0.36299943842986004
2023-07-31,25,52,0.30548067696226744
2023-11-03,12,17,0.05347915737733788
2023-06-23,24,56,0.23318828478052356
2023-06-27,20,57,0.45691228498912595
2023-07-20,18,67,0.6785867466685588
2023-02-26,9,176,0.6585515991305132
2023-10-25,5,162,0.1156451072630722
2023-05-13,8,160,0.5980441207005679
2023-08-22,6,98,0.07405670421376298
2023-12-01,11,49,0.38555573501464946
2023-06-09,23,61,0.5147575025991844
2023-04-04,25,135,0.870391691776915
2023-06-30,9,17,0.9385027693176169
2023-07-04,17,189,0.31980665055352075
2023-02-04,5,123,0.8159710926268505
2023-08-07,10,29,0.07180614549145936
2023-09-09,5,148,0.3132171919571326
2023-11-23,4,128,0.760326992112006
2023-08-11,2,53,0.6262282972061735
2023-11-11,14,120,0.266718069359709
2023-04-28,2,192,0.4283265015012714
2023-03-30,24,197,0.06312663509281169
2023-05-07,15,94,0.16440385334765273
2023-12-07,3,145,0.32680230350051753
2023-11-01,19,101,0.7000102977830064
2023-08-17,15,143,0.038851213226436254
2023-02-28,12,12,0.9866739417098992
2023-12-21,19,81,0.7664529889778151
2023-07-20,2,187,0.6662891432869944
2023-12-08,4,76,0.5357285881271554
2023-03-27,25,133,0.5807559249434762
2023-05-15,4,156,0.962037644241942
2023-04-04,11,81,0.8723518327238028
2023-07-21,14,200,0.13809097145250326
2023-02-04,15,61,0.7145007071387436
2023-07-24,4,55,0.45847562443399537
2023-01-31,3,142,0.0748731580238925
2023-12-03,1,161,0.28452974783473883
2023-11-12,19,30,0.15987706585741612
2023-03-07,25,108,0.3637722084961841
2023-09-16,19,141,0.6144878348349492
2023-10-04,2,102,0.7419459963488021
2023-03-06,2,132,0.7719716349834742
2023-01-03,1,169,0.991488776590365
2023-01-01,22,50,0.49091189256208956
2023-02-26,14,50,0.36241464919231325
2023-08-02,20,187,0.9187696821743847
2023-08-15,6,198,0.3960424661962795
2023-09-25,19,96,0.4916040541993376
2023-02-18,11,59,0.7606905935611425
2023-06-03,9,2,0.7586003875321196
2023-08-07,23,173,0.42274222780555637
2023-04-12,4,179,0.39651084030181283
2023-03-22,11,198,0.32729908376146777
2023-11-07,19,146,0.8140243491662419
2023-06-25,23,96,0.4119301346643911
2023-08-17,25,197,0.5392330124791791
2023-09-26,25,132,0.6829193696463728
2023-10-06,13,95,0.9460764558712282
2023-05-04,12,76,0.9737251247227873
2023-06-27,5,142,0.8443195626209612
2023-01-19,18,108,0.0904236463268685
2023-09-24,22,82,0.2783863637931543
2023-08-15,10,62,0.7155185806316174
2023-10-08,24,139,0.22469736981866617
2023-02-04,21,103,0.04863137584700483
2023-10-20,8,35,0.6338675880068276
2023-02-19,21,166,0.9542057951148786
2023-09-17,19,171,0.9331153188160226
2023-09-27,5,159,0.9924447654541576
2023-09-09,9,18,0.9636765840794519
2023-09-06,3,67,0.2538304109827262
2023-07-29,3,157,0.13081414806308111
2023-12-26,4,58,0.3548332901582252
2023-08-15,20,92,0.1333343734061826
2023-10-08,4,32,0.5579547830555263
2023-07-15,17,165,0.4856546568408888
2023-01-19,6,49,0.80582747895992
2023-04-26,3,192,0.3325545852385894
2023-02-13,2,62,0.5891002836328451
2023-06-12,20,63,0.3932665271277811
2023-05-07,15,79,0.3813050045770905
2023-11-04,10,29,0.9828849135657455
2023-08-24,4,168,0.8939332292459664
2023-06-06,14,165,0.22531683365152777
2023-11-14,2,64,0.14582317226193398
2023-08-06,9,140,0.5948607494079909
2023-01-28,1,171,0.814011102874757
2023-06-15,18,3,0.29463567452727646
2023-10-24,22,129,0.5665296087711069
2023-06-28,21,26,0.6146819235106853
2023-09-15,12,21,0.19952859554190983
2023-09-08,23,96,0.5402001656425269
2023-09-26,11,91,0.7165578579571242
2023-08-04,25,138,0.5979026003520026
2023-12-23,2,97,0.5492252191616369
2023-06-26,17,44,0.8617248234708342
2023-03-25,17,121,0.053661852971520596
2023-05-13,1,157,0.5529890032740038
2023-11-03,18,56,0.8338361398352825
2023-10-11,16,146,0.7622670657716862
2023-08-25,16,78,0.24208686353310926
2023-09-28,16,156,0.7613081659754585
2023-09-08,4,172,0.3418885754146771
2023-09-12,21,63,0.3959565277734185
2023-11-29,13,74,0.471492112064989
2023-01-10,4,166,0.9101400936758348
2023-12-13,4,70,0.8318903098684295
2023-02-01,24,29,0.766868823030192
2023-06-28,5,134,0.21595723938998224
2023-02-03,25,9,0.3007130501355969
2023-11-16,16,199,0.6034234842620516
2023-06-08,14,182,0.9115301547088248
2023-06-25,12,98,0.37603696091590644
2023-05-31,6,90,0.5559535533621836
2023-06-20,13,102,0.06314451314013958
2023-04-17,10,161,0.05732166977372355
2023-03-03,19,26,0.6428491093334334
2023-04-22,4,66,0.9509452475193806
2023-07-28,9,43,0.062036079365392016
2023-08-10,8,130,0.5297619142197124
2023-05-16,5,184,0.9104447194187164
2023-04-23,6,168,0.432667367703221
2023-08-08,14,195,0.11233378985183762
2023-11-05,6,75,0.5428398004637589
2023-02-15,2,195,0.9897131739168683
2023-05-31,3,3,0.36330909954614654
2023-07-08,19,13,0.3569707606368612
2023-04-13,7,138,0.6084294874650146
2023-11-29,20,153,0.41200807381859716
2023-12-27,6,93,0.9722009818900078
2023-03-31,10,132,0.9942665517076943
2023-02-25,19,169,0.14397258187824513
2023-06-22,1,35,0.44319647745425295
2023-03-04,7,25,0.8701460756728208
2023-10-29,9,95,0.24451892525158303
2023-04-13,7,134,0.8696145171339306
2023-07-19,8,158,0.42537826532106815
2023-04-29,1,47,0.6212963600918175
2023-09-02,6,198,0.7181632947629987
2023-01-02,24,143,0.41987960801670476
2023-01-10,12,31,0.5842904228315001
2023-10-20,15,12,0.39375000003564187
2023-07-06,21,189,0.8379136732166691
2023-12-20,16,127,0.4986012709801282
2023-12-05,14,9,0.19369794847484845
2023-11-25,12,72,0.7217834189408157
2023-02-20,23,199,0.07617158427544546
2023-04-16,22,75,0.9058240173226344
2023-03-06,10,45,0.40647618766100935
2023-01-11,5,172,0.44937445236068985
2023-05-30,23,81,0.7098696620214491
2023-07-05,8,88,0.2141083658304127
2023-12-15,15,88,0.49575718730253093
2023-02-26,6,59,0.5638710959728687
2023-07-09,24,96,0.5882512243410418
2023-05-14,6,39,0.9781449578978172
2023-03-19,5,169,0.5835081153908078
2023-03-08,21,180,0.57876476593883
2023-03-22,7,33,0.6517447878256576
2023-09-18,13,187,0.6298106240298892
2023-01-29,13,146,0.6499957141898751
2023-01-27,10,108,0.02427202102737902
2023-10-25,15,149,0.7782628363135451
2023-05-28,3,177,0.10667785621095605
2023-10-31,21,164,0.30305268760377313
2023-12-08,10,193,0.2139329602343547
2023-08-01,3,23,0.5821001705415689
2023-06-12,25,97,0.9899505370602325
2023-08-06,14,153,0.7005181014101923
2023-02-13,5,134,0.45586112717992333
2023-06-12,12,87,0.1339797507327647
2023-12-31,19,8,0.05015070146765044
2023-10-17,4,139,0.8080491633230453
2023-07-08,20,25,0.18672906931329059
2023-09-16,18,143,0.45392675569039875
2023-05-02,19,120,0.47089709885956876
2023-11-02,24,18,0.6755895612553594
2023-09-21,22,175,0.5437417352388224
2023-03-16,10,13,0.5955677230728615
2023-03-09,1,84,0.04519801005058144
2023-05-28,23,65,0.34398925619961307
2023-05-18,13,81,0.13922968326314822
2023-04-14,14,20,0.9544352603596059
2023-06-28,18,122,0.2788892423776482
2023-02-17,10,24,0.630876366646156
2023-04-01,17,5,0.01772663895714588
2023-07-07,12,118,0.6172107083253578
2023-05-01,8,190,0.896140807855777
2023-05-10,14,144,0.893433981130365
2023-12-03,17,151,0.24840800465273194
2023-04-22,3,24,0.7227997460536305
2023-03-28,9,125,0.06369777782460173
2023-07-03,20,12,0.9283728170593234
2023-07-12,6,190,0.92971779593519
2023-10-01,11,113,0.49579133791335606
2023-01-11,6,156,0.30427800286606144
2023-01-18,20,168,0.23884527569614666
2023-12-30,24,82,0.5289810790500818
2023-04-02,1,165,0.5962410944539068
2023-03-10,19,61,0.3351332353536923
2023-07-02,12,26,0.3115302563209077
2023-08-27,16,181,0.24870010408118204
2023-08-13,24,8,0.29536208454425716
2023-01-07,13,64,0.00873852309038503
2023-04-06,23,168,0.5831810526267499
2023-05-23,2,24,0.82156943823882
2023-07-11,12,181,0.9216483466189335
2023-06-23,22,66,0.7274699845080337
2023-06-26,16,139,0.9411920256806152
2023-03-18,24,195,0.4157494396713298
2023-01-14,8,49,0.57346257107374
2023-03-29,5,69,0.7954612262126924
2023-05-23,23,144,0.033050806300052527
2023-06-20,22,67,0.6054884843517383
2023-10-31,15,69,0.957530930791617
2023-12-19,13,79,0.9946577092925145
2023-09-28,2,29,0.7757798087345357
2023-03-15,6,190,0.7899304236414394
2023-02-09,4,137,0.7101791842965733
2023-07-20,19,115,0.7547590568604009
2023-06-26,4,24,0.7235357414994791
2023-06-02,4,167,0.252380084054018
2023-04-24,23,5,0.43198025056357703
2023-09-08,19,32,0.3148363888708001
2023-06-08,16,70,0.6769297114996202
2023-02-23,10,148,0.5381045190682439
2023-03-02,21,129,0.17693136278305022
2023-02-25,9,98,0.3095704403748055
2023-12-25,11,102,0.4983779365852864
2023-05-10,18,59,0.7621208492049999
2023-11-17,12,37,0.29320025977148967
2023-05-23,13,45,0.6486052906534183
2023-02-11,12,155,0.985399848224957
2023-08-30,16,106,0.42091012665381966
2023-01-12,16,98,0.5521648276370461
2023-05-09,2,39,0.3003627225997749
2023-12-30,24,121,0.5955275121683148
2023-06-03,3,14,0.6789222043774642
2023-04-12,5,43,0.6333003615820028
2023-10-21,23,104,0.07901756406302374
2023-09-21,14,103,0.34077833903707877
2023-02-20,21,57,0.9313732034192932
2023-01-23,9,191,0.7331765313078086
2023-11-06,7,35,0.4184017277820743
2023-05-14,7,193,0.42375426130650107
2023-12-07,9,194,0.3788597930889632
2023-06-03,12,138,0.05816880902721977
2023-11-07,25,156,0.9296813003547898
2023-03-17,16,169,0.020949835444911136
2023-01-19,9,172,0.32239907317026517
2023-01-12,7,64,0.41203384882907834
2023-02-12,8,193,0.763163151384071
2023-07-04,1,16,0.5363233726238608
2023-11-13,20,6,0.09975682545615261
2023-02-10,19,115,0.2706319838781801
2023-03-06,5,125,0.971775675927896
2023-02-02,10,86,0.6715300332133014
2023-10-13,21,55,0.4808577935486442
2023-05-07,4,69,0.8775968210596252
2023-10-06,19,182,0.4632822729802487
2023-12-22,10,98,0.6244221793690765
2023-08-06,22,52,0.05577440114330667
2023-02-05,19,38,0.7717719866928119
2023-12-14,20,21,0.7788554835866465
2023-12-20,3,59,0.14334348802325492
2023-12-18,21,79,0.48573080181072914
2023-11-09,23,113,0.5355343428487006
2023-11-30,24,168,0.20721110822945776
2023-11-22,7,161,0.19185796538359634
2023-02-11,4,12,0.8033023836057519
2023-08-30,7,7,0.09465997885706467
2023-08-24,18,188,0.8136613181096706
2023-10-06,11,119,0.25629253684981246
2023-10-18,23,115,0.16179505469677669
2023-09-30,3,83,0.6125785601546464
2023-03-29,13,64,0.06636560327354468
2023-08-12,21,102,0.2665390284872837
2023-03-28,17,135,0.46788597295529977
2023-12-18,6,7,0.8051181786055339
2023-04-09,16,167,0.3408842294020169
2023-05-30,11,96,0.9381259347130465
2023-04-19,23,152,0.5757866009448843
2023-11-23,20,25,0.1608480953942839
2023-12-09,20,134,0.6809340101873222
2023-05-07,9,199,0.9398679543805423
2023-09-22,6,123,0.5118425622971221
2023-05-13,3,2,0.4442712170007641
2023-11-02,3,118,0.752295595582669
2023-10-27,11,73,0.5502989245380228
2023-08-23,13,104,0.9802252091954659
2023-07-10,23,157,0.3835032195891539
2023-08-21,19,92,0.29350477829474375
2023-03-26,20,9,0.136245366862498
2023-10-18,15,134,0.22662229781201237
2023-04-14,10,48,0.6414357010918974
2023-07-06,9,66,0.39788927753518477
2023-06-13,20,1,0.14269609651726156
2023-08-22,11,184,0.1800843767642376
2023-07-10,20,195,0.09061714858525727
2023-11-12,14,164,0.2839221635378012
2023-07-09,10,11,0.675590996988792
2023-05-11,18,159,0.0982284313375914
2023-01-12,13,79,0.5018395422872008
2023-01-09,5,127,0.3748317225567994
2023-10-01,5,94,0.19317752847794079
2023-04-22,25,118,0.2483888065275307
2023-04-24,21,177,0.38487535728518374
2023-10-02,10,99,0.9687931044385442
2023-09-19,2,135,0.7837614103445887
2023-09-13,22,36,0.5738381155244985
2023-07-06,16,12,0.10315849185891512
2023-10-23,6,31,0.08274394669843332
2023-12-07,7,24,0.8540848838802676
2023-02-04,5,88,0.5403412168217107
2023-06-14,14,89,0.48260769557277494
2023-02-05,5,194,0.609030915663051
2023-05-31,24,171,0.6330191091897694
2023-07-06,11,190,0.3113909284148305
2023-11-19,6,21,0.2020869528146887
2023-02-17,11,182,0.7911106488108668
2023-04-26,19,19,0.5830879859803864
2023-02-12,22,133,0.8332561159346488
2023-08-09,5,169,0.2955097888275323
2023-01-28,14,133,0.831260832865884
2023-10-26,20,40,0.8219379972725519
2023-03-26,13,167,0.07406144605925036
2023-07-01,24,121,0.49505653431300767
2023-04-18,13,180,0.9823338899934592
2023-01-11,24,78,0.5323624240051619
2023-07-21,15,169,0.022946785870420427
2023-02-09,19,185,0.9903085268688335
2023-02-06,8,22,0.5053159715557192
2023-04-28,23,134,0.8307614919157432
2023-12-11,17,161,0.02406488170390564
2023-02-23,20,87,0.9357652634568621
2023-01-04,3,50,0.9141866166452105
2023-07-17,19,6,0.7680633388109449
2023-09-02,20,82,0.6614243043671493
2023-02-13,17,13,0.3400590757298416
2023-11-12,10,146,0.8133443177427476
2023-12-06,23,167,0.029008850359652838
2023-12-18,14,168,0.014070290963831167
2023-06-22,8,107,0.8931921158832012
2023-03-07,9,86,0.3409250597578861
2023-04-16,3,93,0.3025003968754767
2023-08-24,16,65,0.23523639223910564
2023-10-17,11,8,0.5896906366776994
2023-10-18,21,76,0.47606752444934275
2023-09-14,17,16,0.4073302503880295
2023-01-11,6,133,0.8481560402170734
2023-09-14,4,91,0.005983655827832446
2023-06-02,17,44,0.9426261576063955
2023-05-21,21,59,0.6043474743692282
2023-11-12,2,107,0.5174374952428134
2023-09-27,16,139,0.09544730555569814
2023-03-09,23,164,0.0378910839256994
2023-03-23,20,40,0.8562101815328951
2023-11-06,8,3,0.060569224103674935
2023-06-13,18,172,0.12140487959311741
2023-04-28,10,61,0.5326122417138194
2023-08-28,14,199,0.35006020242274016
2023-08-04,12,15,0.4765556487272563
2023-06-10,5,1,0.835938682784681
2023-12-07,19,27,0.048646270873809905
2023-07-10,22,150,0.17427748536457344
2023-12-01,6,68,0.9476425298566454
2023-10-18,8,122,0.24391974032449604
2023-03-26,9,89,0.26037353144849795
2023-09-30,21,75,0.036224625900585616
2023-09-18,23,6,0.8963229792119992
2023-02-03,6,178,0.6368862355581433
2023-03-21,5,68,0.4715540684005842
2023-05-07,20,92,0.5607959957878789
2023-09-28,20,13,0.439092177717599
2023-12-17,15,148,0.8512529115009978
2023-05-15,20,15,0.877114115819078
2023-07-04,23,134,0.3625392616936587
2023-05-08,12,55,0.5056060897562941
2023-01-04,24,123,0.4910193199225086
2023-07-31,20,88,0.6007998390562314
2023-03-28,17,192,0.3827637244182126
2023-10-26,23,75,0.7595854529605884
2023-08-31,17,166,0.7313804057421385
2023-03-20,24,139,0.8517434132887016
2023-05-07,2,74,0.5496674650945256
2023-11-16,17,134,0.7708777984943991
2023-01-08,21,120,0.444799978973894
2023-10-24,12,132,0.5402603305354085
2023-05-20,4,141,0.5869087781221464
2023-07-25,9,122,0.32955240534134056
2023-04-14,7,78,0.9548887887316593
2023-10-30,21,36,0.1910235699696633
2023-01-21,8,6,0.49173506052395066
2023-08-16,20,118,0.3823597434024769
2023-04-17,8,148,0.01239756351905863
2023-11-07,17,134,0.6568678976798705
2023-08-31,23,72,0.5911262892567051
2023-11-30,3,167,0.09504795617730499
2023-06-10,24,157,0.41485433418911777
2023-12-13,12,106,0.7132814728416055
2023-06-16,18,106,0.6615409051228974
2023-06-25,10,114,0.97617390811074
2023-11-14,4,91,0.03475252856872102
2023-07-17,1,35,0.8542967163089703
2023-01-13,23,177,0.48210543893609237
2023-05-13,5,47,0.1351245581430881
2023-08-14,20,110,0.6217785146486764
2023-06-15,1,158,0.8289862597244007
2023-04-05,4,181,0.1470724869797786
2023-11-18,23,182,0.19240467769501146
2023-07-04,8,145,0.6350074904055072
2023-07-14,16,59,0.6541243280588556
2023-04-19,13,156,0.4812298709892089
2023-09-13,10,111,0.40165814901694075
2023-04-10,24,98,0.8926174326491649
2023-08-05,4,137,0.3081643829599452
2023-06-19,15,164,0.8295372627651089
2023-06-28,13,94,0.5987660110661684
2023-10-04,8,18,0.5169165405433612
2023-12-06,13,7,0.8511610022740461
2023-09-21,4,39,0.9514571583970478
2023-08-18,8,32,0.5119071962136921
2023-08-22,12,14,0.2297184599767459
2023-07-25,9,132,0.42019876874829254
2023-08-02,17,26,0.8561959416614937
2023-10-11,7,23,0.5079837011919625
2023-04-18,2,72,0.22363939542289324
2023-08-10,20,72,0.43990839387382474
2023-03-26,16,169,0.7817319179248812
2023-07-06,20,74,0.46915077712240216
2023-09-24,21,122,0.4378902476330636
2023-07-02,22,138,0.12764433633118866
2023-01-14,14,85,0.714081113785112
2023-11-06,25,17,0.8458916227426581
2023-06-08,2,7,0.7650505839928132
2023-04-19,2,127,0.4204076351983661
2023-10-25,12,134,0.48582666094993954
2023-08-24,14,37,0.39501355103229585
2023-10-03,19,10,0.03526901806177207
2023-09-13,19,120,0.9925039704401518
2023-01-26,6,78,0.8950235252905842
2023-07-14,19,159,0.8291036445227121
2023-03-28,14,104,0.90899756646554
2023-04-09,8,166,0.16567946655911459
2023-09-28,21,84,0.7470260556400522
2023-01-15,17,102,0.3430901036938159
2023-12-18,12,45,0.782376237023884
2023-12-28,11,32,0.6305861730102534
2023-10-28,18,188,0.004954845811735664
2023-05-06,7,36,0.7027941743014865
2023-06-15,15,82,0.9096982441609938
2023-10-30,23,196,0.1318164611219954
2023-06-18,21,36,0.17597315569895955
2023-11-10,22,128,0.5978087784025664
2023-10-16,16,165,0.9292642012552268
2023-04-18,13,123,0.14482131742173
2023-09-16,16,67,0.8819688014063292
2023-07-09,2,113,0.4377353708365679
2023-01-24,3,74,0.9360437880870165
2023-02-09,2,61,0.5706544344195295
2023-02-02,22,191,0.5865912130077021
2023-01-23,11,99,0.8418829793994763
2023-12-08,12,57,0.12940467503477293
2023-05-03,7,61,0.3024511995078031
2023-11-11,1,88,0.9187877451434628
2023-06-19,16,89,0.46516920369579406
2023-02-20,10,73,0.9439025793414816
2023-01-31,3,128,0.5305531396679278
2023-05-31,22,83,0.22755940732966318
2023-07-13,14,170,0.989629284960214
2023-11-14,12,142,0.8434403961420242
2023-02-04,6,148,0.7685597273177905
2023-07-14,11,103,0.3981602315878138
2023-12-15,24,96,0.3355853021743529
2023-04-30,20,96,0.23567477889381727
2023-07-11,8,67,0.8690266498284718
2023-08-10,17,184,0.6197549214045824
2023-12-22,7,15,0.18619896072022124
2023-10-31,2,94,0.8163759251570032
2023-08-22,19,38,0.11377074928062536
2023-02-21,14,169,0.7448727032346789
2023-07-08,18,71,0.07149063882464479
2023-06-26,5,13,0.6867060549481165
2023-10-30,13,183,0.5923671616786622
2023-01-30,12,88,0.10421657490513547
2023-12-12,21,38,0.846559613707432
2023-07-06,11,116,0.2137814372941994
2023-10-10,3,82,0.14637161469706728
2023-02-12,16,34,0.16811558657061454
2023-04-19,21,88,0.4673046858408736
2023-11-02,15,38,0.7003410440648101
2023-10-19,8,23,0.07283866884384826
2023-06-23,11,26,0.8528532881349219
2023-04-01,19,158,0.5356460574859659
2023-04-06,19,91,0.8910966701873129
2023-07-03,5,24,0.9110222622459428
2023-08-17,5,74,0.028406946137366607
2023-05-23,4,195,0.07879603957383707
2023-05-28,18,53,0.1377786982341459
2023-08-26,23,17,0.5201024601759346
2023-09-25,11,177,0.8864117877139047
2023-08-09,25,147,0.7500474118346141
2023-06-24,14,184,0.8000657575796541
2023-10-13,24,136,0.8745695344994984
2023-10-10,6,155,0.7977184628543339
2023-12-12,6,115,0.27210293786400064
2023-10-11,3,129,0.7578934260524199
2023-07-14,19,153,0.448302721968008
2023-12-15,19,72,0.3167412139170074
2023-02-06,4,81,0.4629311303787105
2023-09-10,14,120,0.760754175835124
2023-04-03,15,96,0.7400566807910199
2023-01-12,1,157,0.7951032868469345
2023-12-01,1,125,0.9322627396415231
2023-11-02,18,132,0.3192065086971111
2023-04-23,4,179,0.6214379991311736
2023-12-05,24,4,0.6163473422510198
2023-11-14,16,138,0.8771799908715305
2023-05-18,7,23,0.9282958853860612
2023-07-29,3,76,0.9517392748684254
2023-04-05,18,135,0.45869787308967824
2023-04-06,6,33,0.18284125126601813
2023-12-04,20,149,0.04544770558638689
2023-04-18,19,50,0.8797232425141522
2023-04-09,21,106,0.5746586419008168
2023-10-27,5,67,0.14168615096533432
2023-10-12,8,10,0.3718539390689508
2023-02-01,17,159,0.6815507678128686
2023-04-05,21,154,0.0014143565314467255
2023-02-25,9,36,0.6894902781676334
2023-06-29,13,32,0.3576877128946129
2023-12-29,20,34,0.878613931933501
2023-01-15,1,200,0.23848532897841757
2023-10-29,19,166,0.4498415357549399
2023-04-25,3,53,0.7275353664903075
2023-10-21,20,164,0.10246253719621667
2023-10-09,16,98,0.1873376257659839
2023-04-27,5,8,0.7463196529981773
2023-01-05,13,174,0.9374762479810026
2023-06-04,11,199,0.7405820191522895
2023-02-26,4,75,0.7753518563913452
2023-04-12,22,8,0.9877637008079492
2023-03-10,7,123,0.15123270140724165
2023-08-24,18,90,0.34417150542636876
2023-06-27,6,124,0.3305231242659392
2023-05-17,23,171,0.1341563492936575
2023-08-12,18,56,0.3198420683039054
2023-05-28,15,114,0.702490024081977
2023-08-21,25,64,0.4298664114418602
2023-04-05,11,126,0.33384173880470946
2023-11-06,17,188,0.1436352858256712
2023-07-05,8,53,0.4200287131899364
2023-05-06,5,18,0.44298276052009633
2023-01-12,12,191,0.7426730865139156
2023-07-25,4,142,0.24895857916042297
2023-04-04,4,40,0.4542741905444162
2023-05-25,11,146,0.9566067103158328
2023-02-24,23,188,0.706098999793617
2023-06-14,13,37,0.637161144372048
2023-03-20,2,42,0.16929046198871645
2023-06-22,18,18,0.49734480276933213
2023-10-03,3,148,0.21828970647868917
2023-09-15,4,105,0.5820418910810096
2023-10-18,11,139,0.18590519742693357
2023-10-06,17,167,0.11901604150339373
2023-07-24,12,153,0.47270225971404833
2023-02-08,23,186,0.3078213806772043
2023-04-03,9,42,0.6749712298163667
2023-08-30,5,144,0.8356768656567574
2023-02-20,22,195,0.021959012144858625
2023-05-01,9,49,0.5195440154026383
2023-06-02,23,123,0.3250856811971887
2023-01-29,18,116,0.24498057638525184
2023-07-06,8,196,0.929335646812361
2023-03-25,16,67,0.1843787487787607
2023-01-12,22,109,0.7428257488023624
2023-09-30,3,149,0.10397019975103883
2023-08-21,8,116,0.9291494643418495
2023-07-31,16,33,0.7309839081647584
2023-06-20,12,176,0.8882629129697687
2023-01-26,24,182,0.9546866600939921
2023-11-08,25,200,0.47158815604408777
2023-03-28,16,125,0.33506474254137797
2023-02-17,6,5,0.5133062434754107
2023-11-22,19,43,0.5958596261998792
2023-12-18,2,175,0.3809435827509593
2023-04-05,12,35,0.8124048851411447
2023-12-12,6,139,0.7679295913279108
2023-04-11,19,13,0.2820436725067563
2023-05-21,6,12,0.9103721005650961
2023-12-08,22,117,0.34152773532581715
2023-10-19,6,41,0.8262006524154492
2023-10-11,4,164,0.252341197951671
2023-06-12,24,166,0.9078051342069279
2023-01-28,21,103,0.47560452675092324
2023-10-27,25,11,0.8055209302666412
2023-11-09,10,170,0.9695056704906643
2023-07-17,7,142,0.9257621261238274
2023-07-31,22,165,0.14264817055748114
2023-09-28,5,175,0.3155093104616893
2023-01-25,14,174,0.33402818133589895
2023-06-04,1,96,0.7289283280325711
2023-06-11,2,155,0.21634674918057295
2023-09-23,1,109,0.39033319444121517
2023-04-06,18,98,0.806014454966775
2023-04-07,11,67,0.6295686287584039
2023-08-14,10,158,0.4867027155135796
2023-11-15,7,200,0.5040090511816009
2023-05-17,1,138,0.429560892088523
2023-08-21,19,167,0.22648233243112692
2023-10-15,16,109,0.18615766166986736
2023-08-30,25,23,0.3329128700576992
2023-07-24,2,28,0.11503946657049502
2023-04-07,1,63,0.8310778181328571
2023-03-09,15,91,0.802483465327098
2023-12-18,17,84,0.6208291822384322
2023-01-20,7,83,0.5610239490983274
2023-03-13,22,108,0.530464891447839
2023-10-25,23,9,0.0505540391031416
2023-03-20,12,124,0.4819224801815223
2023-12-02,3,181,0.23762652506645376
2023-04-17,12,193,0.18059966772531633
2023-11-07,9,117,0.11928935895251092
2023-11-15,15,111,0.5328549031569828
2023-07-09,13,115,0.8235646601391361
2023-07-11,7,199,0.02580995729802471
2023-05-05,12,193,0.684074296477328
2023-01-09,19,48,0.7475900803979486
2023-08-25,22,200,0.019936924555578495
2023-08-17,15,165,0.63845660683135
2023-01-03,20,8,0.7385627093967684
2023-10-22,21,139,0.7904634427846503
2023-09-12,25,114,0.04398853872906061
2023-11-09,15,123,0.42107319842327373
2023-01-25,10,55,0.1727207495772246
2023-03-15,6,145,0.9335447194686852
2023-11-30,2,6,0.4287096989775835
2023-04-15,17,67,0.22359140837781089
2023-07-26,15,153,0.4686103356332513
2023-10-22,24,26,0.8490697205705969
2023-03-09,21,135,0.6930610250043279
2023-06-02,20,199,0.1659928937345534
2023-12-27,8,41,0.6309325218353727
2023-03-13,4,105,0.8691692030783623
2023-04-12,8,6,0.19497086392622287
2023-06-27,20,20,0.7723197252878838
2023-02-12,8,162,0.7109920429602624
2023-05-21,10,188,0.2713218931514285
2023-02-20,9,179,0.797960415986187
2023-12-02,16,122,0.16083267636488807
2023-03-13,19,140,0.23441837098801344
2023-08-05,21,188,0.9228944550862798
2023-02-11,5,43,0.021618278047504824
2023-01-05,24,104,0.6303879920646681
2023-07-09,17,115,0.6231180133743588
2023-03-01,16,148,0.8205596671956796
2023-05-12,4,185,0.07369212039831197
2023-05-27,11,132,0.08322781281154035
2023-04-01,6,158,0.07195976333373455
2023-09-25,1,161,0.5068649338293213
2023-10-14,12,155,0.26976811077331075
2023-04-06,7,153,0.09215823162276349
2023-05-11,1,97,0.10241423395343008
2023-03-08,9,77,0.48792986978762587
2023-08-09,24,96,0.04600031537553406
2023-08-01,4,20,0.4226794364975587
2023-01-23,20,44,0.717066057892079
2023-12-30,11,85,0.3214706283447819
2023-05-02,11,182,0.18783682429312876
2023-05-26,22,121,0.4263870760611309
2023-01-04,6,24,0.2730637521165449
2023-04-17,11,75,0.2549827318231698
2023-09-27,3,94,0.30815824057539265
2023-03-08,2,68,0.15658990598183709
2023-08-21,13,68,0.9101925576086002
2023-10-16,4,133,0.3562055575533658
2023-02-03,1,138,0.9963678805153562
2023-11-16,10,20,0.569536739058131
2023-11-07,14,100,0.5141422153653729
2023-04-05,13,170,0.054018030866049505
2023-06-19,12,46,0.004566624330114344
2023-12-28,20,110,0.07686525615463935
2023-11-24,24,38,0.0553290110019371
2023-06-08,2,36,0.6605818396236643
2023-10-19,10,129,0.43920127560058875
2023-09-06,15,178,0.1348914115251748
2023-09-14,1,54,0.6333329439550779
2023-02-15,2,65,0.9770474707525018
2023-09-13,4,3,0.44120028909667774
2023-07-22,17,147,0.7592313815622146
2023-01-25,12,101,0.2816011059260921
2023-07-05,8,162,0.016363379053944138
2023-08-19,11,19,0.9344450561374603
2023-07-11,1,100,0.10983566875634287
2023-12-26,25,34,0.6929093318595444
2023-02-23,22,101,0.42796874971812526
2023-04-07,5,14,0.8801580297305062
2023-10-17,13,39,0.8307298959524345
2023-03-30,16,23,0.6061271773787454
2023-07-05,23,66,0.2913269113534911
2023-05-17,18,81,0.0698427938979308
2023-01-08,7,23,0.18765160532077296
2023-01-07,19,59,0.5380916430719076
2023-03-02,1,169,0.08211810832591337
2023-01-04,24,185,0.06707617891300188
2023-11-23,12,55,0.3704837902414868
2023-07-15,1,172,0.5364327522695428
2023-04-24,21,26,0.18398498924992124
2023-12-17,12,194,0.260331143967488
2023-02-24,2,199,0.34204668476851874
2023-08-31,1,121,0.37708914937633053
2023-04-20,6,37,0.23705528655282715
2023-05-22,14,197,0.38203741556656945
2023-05-05,4,111,0.8296972152962716
2023-11-24,24,76,0.522366246886986
2023-01-03,24,136,0.2115446519719203
2023-03-05,9,107,0.9886198350682528
2023-04-19,20,132,0.20166774754361771
2023-08-25,22,65,0.6383524726050217
2023-08-29,12,118,0.16540689691480082
2023-04-17,2,160,0.9830384569725042
2023-10-10,9,68,0.3924575910062863
2023-10-21,10,143,0.164925643273808
2023-12-05,19,95,0.35409121602302907
2023-04-10,14,123,0.2143968886844868
2023-05-05,3,150,0.6279949875244315
2023-04-07,5,132,0.9713321343270968
2023-07-16,6,115,0.668019861906945
2023-03-23,16,108,0.4061293199195003
2023-11-08,20,70,0.16013806337419656
2023-05-04,19,153,0.13964211054372822
2023-07-30,3,120,0.5553967999856424
2023-09-23,18,74,0.6687507681301432
2023-12-19,2,1,0.7126296482654851
2023-04-21,20,57,0.8599870523870883
2023-10-03,6,173,0.518665249351637
2023-12-21,9,28,0.3760659354258409
2023-04-08,18,96,0.2997694332220956
2023-12-02,17,53,0.5293564789970464
2023-06-15,18,130,0.5644620909208519
2023-11-19,9,25,0.33596614877892417
2023-05-09,11,113,0.7108930232625188
2023-11-29,4,161,0.664421168683281
2023-11-09,13,122,0.9474041083835224
2023-12-04,14,47,0.3664503398923732
2023-06-17,15,13,0.784208913551175
2023-02-17,3,91,0.4797513756683217
2023-08-31,9,66,0.23549753455112832
2023-06-16,19,105,0.8220514208941477
2023-06-10,1,84,0.3977080099011685
2023-09-17,10,138,0.6207698220601858
2023-06-04,22,177,0.8996355000178919
2023-11-29,4,75,0.6286947361733037
2023-03-27,1,10,0.12222008303073295
2023-05-05,9,2,0.9873052006590094
2023-12-08,23,115,0.599438368377637
2023-11-05,18,75,0.13194581738979094
2023-04-27,17,28,0.759181689659497
2023-02-09,20,119,0.05661665977360619
2023-02-05,16,44,0.41690741994214786
2023-08-22,12,194,0.3857932464691013
2023-01-01,23,76,0.42344325023365104
2023-04-19,24,38,0.8201146900201756
2023-02-03,4,21,0.3710189588845766
2023-10-30,23,91,0.8228259600044375
2023-08-22,15,165,0.4600475778260552
2023-12-26,5,141,0.727703220693577
2023-11-30,16,132,0.3597581491572436
2023-02-04,18,113,0.2504014907080594
2023-11-28,18,167,0.7665353320182491
2023-08-18,1,13,0.4442652964287088
2023-05-22,25,145,0.29909572831622766
2023-02-20,15,161,0.8379424252610156
2023-12-12,19,11,0.7980505800283058
2023-12-07,12,160,0.08561592947523766
2023-06-23,15,107,0.9197988471106621
2023-05-24,1,184,0.24804850412329715
2023-10-26,19,162,0.2265302512524705
2023-09-23,25,121,0.5856441255781621
2023-07-05,25,115,0.7520922920380901
2023-04-20,22,28,0.2942202353933113
2023-03-13,25,24,0.43514262872078546
2023-08-19,2,189,0.41032050882255633
2023-04-10,20,183,0.28433302714005726
2023-01-03,3,87,0.7820969974289984
2023-06-22,3,34,0.9331990721031573
2023-11-18,23,149,0.1165789285024551
2023-12-26,7,59,0.35692249953409494
2023-05-14,3,48,0.28961202699186894
2023-02-11,10,128,0.9386269064989898
2023-03-26,2,189,0.43131494727625475
2023-09-18,24,144,0.6459104436832287
2023-05-14,4,164,0.959071947585472
2023-12-22,13,147,0.9522901563249613
2023-09-07,7,87,0.3726983161384534
2023-09-14,22,121,0.8195795028182498
2023-06-27,16,130,0.9639164482735767
2023-10-15,6,102,0.5833989375046623
2023-06-23,7,165,0.840985287273287
2023-09-20,13,36,0.7773113947054899
2023-01-19,8,191,0.8988246444876836
2023-01-05,20,31,0.15194196095906687
2023-02-11,16,175,0.4337638607503218
2023-11-07,4,143,0.9720652724572717
2023-09-11,20,146,0.03149023129264017
2023-06-10,10,154,0.3587882947687968
2023-04-06,6,136,0.5369596935238599
2023-10-30,21,155,0.7350825557446853
2023-08-21,16,14,0.43440236453787306
2023-06-09,19,137,0.46013471835290143
2023-06-13,21,88,0.5067991744419775
2023-02-25,25,160,0.709648879231501
2023-03-02,1,172,0.28014679285145316
2023-01-25,16,33,0.18376368237763085
2023-06-04,24,37,0.21942379278480362
2023-10-06,7,165,0.05282815140213504
2023-10-28,19,129,0.0029942180421869136
2023-05-31,2,19,0.21521034119123417
2023-04-06,9,69,0.5613663658015543
2023-11-08,12,4,0.7755419570034784
2023-09-06,18,50,0.6245213531554863
2023-12-07,21,32,0.6602491465048603
2023-09-21,3,100,0.00024299277062667102
2023-04-26,20,181,0.4434195475761594
2023-11-30,23,135,0.5659145988822957
2023-07-02,18,63,0.5379841527710751
2023-04-11,10,146,0.19109435483888226
2023-05-19,2,25,0.9497207433807939
2023-06-07,14,89,0.9212234028333013
2023-07-17,1,10,0.7910725219794568
2023-12-12,9,135,0.822738826473745
2023-12-10,18,39,0.8678830004359241
2023-01-18,9,75,0.6827787014813752
2023-04-22,24,40,0.5236694233944765
2023-03-05,2,107,0.8450951001330861
2023-09-08,22,50,0.9090014223450952
2023-01-03,5,66,0.8903515273834424
2023-01-27,6,106,0.7770441543700123
2023-08-31,18,19,0.9039516174308454
2023-10-01,7,199,0.7370821088871446
2023-07-11,14,74,0.46783963006930085
2023-10-22,6,85,0.8321658536403271
2023-11-07,10,173,0.3702640561188084
2023-11-22,11,27,0.3439790085762753
2023-07-03,20,161,0.9774016632094186
2023-11-28,4,145,0.8953805568033765
2023-12-06,23,106,0.5147960337770181
2023-08-01,9,65,0.32214100438039284
2023-12-17,4,151,0.3036804778492955
2023-01-11,15,76,0.8174858886612963
2023-03-18,9,2,0.8047215470264322
2023-03-07,13,138,0.5880738841862474
2023-11-21,9,3,0.7237899578401729
2023-06-21,3,19,0.6696914299997867
2023-08-20,18,90,0.6683613123870275
2023-09-01,24,45,0.21957503200619322
2023-11-18,12,140,0.14943921264158944
2023-05-08,14,165,0.3857866958266293
2023-12-23,23,160,0.8554290080272976
2023-10-10,15,44,0.7437847088075268
2023-02-01,3,194,0.7778885717387446
2023-03-02,9,137,0.05286451512994916
2023-03-01,9,11,0.05945798579713302
2023-05-26,22,24,0.1054175216861627
2023-10-30,11,24,0.15174531045727502
2023-05-30,22,85,0.6781643587681601
2023-10-27,24,185,0.2127004860433257
2023-04-14,15,156,0.6522816914190146
2023-07-12,20,177,0.16653376967376488
2023-02-07,21,73,0.07001690936446503
2023-03-04,15,173,0.9023777912895172
2023-11-06,10,19,0.6544284605867368
2023-10-28,6,99,0.16463279746578996
2023-07-29,16,189,0.5654112317658456
2023-12-04,7,161,0.9631816590404365
2023-12-31,22,46,0.1562767631601094
2023-07-04,9,85,0.9254265190545368
2023-05-14,7,23,0.3702290593880684
2023-05-07,12,11,0.4368729891141039
2023-12-12,20,126,0.2491280207688381
2023-03-20,8,127,0.8762937388312799
2023-03-12,4,2,0.9914951644352212
2023-02-26,23,127,0.7599881084128037
2023-08-18,8,138,0.9180466283150213
2023-11-04,14,192,0.923790927626367
2023-11-05,14,116,0.26724243810740045
2023-05-15,9,153,0.6613983345114771
2023-06-09,25,100,0.5277404213750495
2023-11-08,22,110,0.18968365564452105
2023-05-30,19,93,0.02264739575823882
2023-05-13,7,175,0.6620390685058385
2023-03-16,1,89,0.6116632647705836
2023-08-07,10,176,0.02608317924090442
2023-11-09,22,23,0.3168673535665799
2023-01-09,24,94,0.7869776160687204
2023-05-21,23,61,0.7631445467474506
2023-10-21,24,117,0.11323916596622396
2023-04-23,1,59,0.8346144639592962
2023-05-23,13,200,0.14507749275344062
2023-02-12,12,7,0.9592857095536518
2023-05-23,10,55,0.16721861779728386
2023-05-23,6,75,0.1400150933335138
2023-04-10,17,158,0.5040341153495773
2023-08-20,24,42,0.32202206767500885
2023-09-25,24,134,0.22899891658443217
2023-08-21,4,91,0.9748589368184103
2023-03-29,1,111,0.7973889913673198
2023-03-12,16,72,0.0329483864629847
2023-07-11,5,88,0.31102993674150237
2023-01-08,7,114,0.05943938800154758
2023-02-18,12,147,0.7844807683368932
2023-07-09,7,108,0.8640904639624737
2023-03-13,18,91,0.7107087316862477
2023-09-14,4,18,0.8010177754519776
2023-03-25,25,155,0.44353320218977377
2023-04-15,21,93,0.018209516384105284
2023-04-20,20,109,0.8675818381303564
2023-05-26,12,112,0.2384310047346374
2023-10-25,9,153,0.5502556302674068
2023-12-28,21,160,0.7369293996028885
2023-08-28,7,139,0.29798865999107627
2023-09-10,2,2,0.20481295274916722
2023-02-24,11,30,0.8566423784036851
2023-04-12,6,160,0.5409345087516685
2023-06-19,25,83,0.16942678132855016
2023-09-28,6,160,0.6303535878001694
2023-06-06,7,92,0.2799000020369916
2023-08-05,19,107,0.09734321485934794
2023-09-29,15,46,0.015479515667518262
2023-08-19,12,80,0.723550433597338
2023-03-12,14,177,0.308183650476061
2023-06-06,6,75,0.4715477520721659
2023-11-01,6,86,0.5846433805619353
2023-06-29,15,108,0.12249631604170319
2023-06-24,22,10,0.6309506354252646
2023-09-07,13,136,0.7470355512661335
2023-07-21,9,125,0.08635274860368536
2023-06-16,25,2,0.2660176535772373
2023-09-20,9,75,0.22766038235349684
2023-12-26,1,4,0.4147648820306383
2023-12-05,20,24,0.1248497240673968
2023-04-14,13,152,0.7190813214203687
2023-08-30,3,10,0.7260347327997166
2023-12-31,16,95,0.3080564630274646
2023-10-01,19,9,0.2338094114733389
2023-03-11,18,18,0.36942702224948765
2023-10-11,20,158,0.19440822201370522
2023-10-16,19,121,0.5444451310536531
2023-08-15,10,76,0.4365414286650481
2023-04-30,22,99,0.732138760271041
2023-06-25,11,58,0.6220294866709581
2023-04-29,12,63,0.47257696376996927
2023-10-05,4,112,0.16821394868520623
2023-05-13,3,183,0.9080135065377553
2023-05-20,17,160,0.8319867567995698
2023-12-22,17,164,0.5441785945441172
2023-08-02,10,184,0.5531674377782432
2023-07-06,3,13,0.3011484967773649
2023-06-06,25,136,0.763853475949029
2023-11-24,20,81,0.518069046693722
2023-03-08,7,177,0.6602511533502607
2023-03-25,7,170,0.7738542084402452
2023-08-04,22,26,0.7736811080582691
2023-08-21,7,47,0.44976886642941394
2023-12-24,24,83,0.8242808776641238
2023-08-03,22,78,0.578375730705466
2023-07-03,25,134,0.817519428455602
2023-01-23,7,57,0.7087117718668761
2023-02-09,1,158,0.2100592353212335
2023-05-12,21,105,0.05360066890549875
2023-06-29,23,110,0.6453431574708673
2023-09-06,3,177,0.029908328578430732
2023-10-19,13,8,0.27343192835847163
2023-11-09,24,126,0.6423271910903366
2023-05-01,15,30,0.45902503656460214
2023-03-16,8,97,0.8552020278389882
2023-04-27,18,58,0.5943508912399337
2023-05-08,8,90,0.0687319171573001
2023-09-26,17,184,0.7302858150500383
2023-05-03,1,165,0.9763111884896463
2023-07-08,8,55,0.265435010641066
2023-06-10,2,114,0.8658180871718946
2023-02-06,19,125,0.7607928747795426
2023-06-22,17,101,0.33756057304952536
2023-07-21,11,150,0.7633074275265219
2023-03-16,7,53,0.4817410660805137
2023-07-15,3,154,0.003161962897519577
2023-03-08,9,69,0.7302157485862786
2023-05-24,7,50,0.29078183997051543
2023-08-06,25,102,0.5278382839019456
2023-09-25,19,122,0.33568937764982376
2023-02-22,11,38,0.7740274115237931
2023-07-18,17,4,0.21823373371853294
2023-01-27,13,80,0.7973503671625354
2023-12-29,1,70,0.4767717870562025
2023-01-29,11,183,0.7912329908817647
2023-05-08,5,31,0.5424026760638165
2023-12-05,1,181,0.4501441915752159
2023-08-16,2,67,0.8649599460317421
2023-05-18,7,15,0.8356312575831716
2023-04-22,4,5,0.6569558598932437
2023-06-14,24,109,0.22381822194158507
2023-09-01,23,23,0.34988086865360146
2023-12-07,7,81,0.4343637539234265
2023-05-30,14,119,0.27057134477894773
2023-01-06,9,155,0.6846105177046982
2023-04-18,9,145,0.6447283372477824
2023-02-05,20,37,0.9625431524189159
2023-10-24,10,161,0.8343156719942733
2023-12-15,21,4,0.38047892900547864
2023-06-12,22,15,0.005338670183648309
2023-10-17,21,25,0.6959175229328709
2023-05-04,13,58,0.8261035681578274
2023-06-02,20,41,0.9815685891038013
2023-03-13,25,150,0.13897151451134826
2023-06-28,13,22,0.6984860493614846
2023-03-19,23,174,0.5843779411298274
2023-03-03,25,118,0.4352028640519552
2023-07-02,3,32,0.7628545492601142
2023-01-16,18,52,0.553203491454916
2023-08-12,24,53,0.8771671870064707
2023-04-13,8,135,0.9139551918898604
2023-02-05,3,59,0.6956979480233181
2023-04-25,1,6,0.17015707561926985
2023-05-29,1,99,0.9438972595890597
2023-08-10,17,5,0.8085196713159439
2023-11-23,20,103,0.15419929278973143
2023-03-03,14,27,0.07103311421019631
2023-08-15,19,89,0.02676899507119046
2023-07-11,12,149,0.25757393501429227
2023-05-18,14,147,0.4729061838099363
2023-02-13,25,198,0.7643719216304948
2023-08-30,6,103,0.5716894063044179
2023-08-06,19,133,0.8112688449418505
2023-02-25,10,35,0.7215337592655607
2023-11-14,21,193,0.7503760422215499
2023-01-04,16,191,0.21580379925351922
2023-08-08,18,102,0.9690801498731438
2023-08-10,20,174,0.4624990484377297
2023-07-17,22,46,0.751375463296234
2023-04-05,4,141,0.652804595675203
2023-06-16,17,106,0.19812496219221842
2023-04-26,7,144,0.16763739752955953
2023-10-14,25,140,0.8024175285995246
2023-12-15,25,47,0.7256883485590855
2023-11-27,3,163,0.47824005231819455
2023-01-10,14,101,0.019521300014945453
2023-11-02,15,86,0.8073328006946973
2023-09-16,2,38,0.3910594720484578
2023-01-11,11,145,0.648759663167747
2023-10-13,23,69,0.5595739833577486
2023-02-24,19,150,0.14402029797875582
2023-06-05,20,139,0.41214342050004005
2023-07-04,15,150,0.9554262273850723
2023-07-18,16,92,0.01356953522582438
2023-02-08,14,65,0.5750099516350297
2023-04-21,5,84,0.677976825413923
2023-11-26,12,49,0.36490204686430083
2023-02-20,17,125,0.320343342997919
2023-11-08,19,11,0.6353150828056946
2023-11-26,11,35,0.7272078258547376
2023-01-13,22,13,0.3620693017654182
2023-11-02,20,87,0.4113087727531374
2023-10-12,16,183,0.24366349771444473
2023-08-02,6,1,0.2376852437733602
2023-09-14,15,101,0.6104715874327515
2023-07-10,24,56,0.3595843931927011
2023-03-02,16,91,0.6960970441539099
2023-07-26,8,149,0.6204522752280159
2023-12-01,23,189,0.4839530920129962
2023-11-12,6,138,0.6549873021006548
2023-07-26,2,191,0.9314702633541055
2023-05-16,24,198,0.10683091699365765
2023-03-15,19,132,0.19666283402909812
2023-05-02,7,173,0.033568805645613264
2023-02-26,11,179,0.01646625537007884
2023-06-24,6,200,0.8404531146397654
2023-10-14,16,76,0.4851466522811443
2023-01-19,9,156,0.3551328733598561
2023-09-05,11,162,0.3620612964350236
2023-11-28,15,124,0.881271256661701
2023-10-12,15,172,0.4819857121670086
2023-01-02,23,179,0.22993254306925326
2023-04-12,11,110,0.3735241334221223
2023-09-13,23,194,0.9763906895585819
2023-06-18,6,73,0.38622632214146724
2023-12-10,13,9,0.6444115922490582
2023-07-15,10,112,0.22190050602892553
2023-03-27,4,182,0.43291931113371074
2023-07-19,8,57,0.6522213571915706
2023-09-06,7,43,0.3351661532983704
2023-09-08,3,166,0.5280718162593869
2023-10-27,4,176,0.9097655631686304
2023-08-24,13,168,0.33046334305863423
2023-07-31,6,126,0.08670190714170634
2023-11-10,3,94,0.43540667836994495
2023-09-02,4,125,0.6776796955954368
2023-03-02,24,120,0.3911061227592897
2023-02-09,22,170,0.05543137571548107
2023-09-05,12,107,0.3968383911804445
2023-08-29,12,56,0.9720374980727967
2023-04-06,22,124,0.7867056368290236
2023-07-17,3,177,0.39677204109792774
2023-06-24,11,138,0.22879048339458963
2023-09-18,3,114,0.3610623899804234
2023-05-16,15,101,0.19615587589963412
2023-07-28,19,66,0.3298427640507676
2023-01-09,5,84,0.589217621152472
2023-07-11,2,47,0.3361793103968126
2023-03-26,1,190,0.9331486089154964
2023-10-06,15,183,0.08955131488795176
2023-06-08,22,142,0.3884588751632959
2023-02-26,3,197,0.5756597447181236
2023-04-15,25,134,0.5141531068217017
2023-10-01,21,192,0.7964987350552556
2023-10-23,6,29,0.5525645418641529
2023-05-27,25,57,0.6037756606082609
2023-07-15,10,80,0.01164600988088893
2023-10-19,7,144,0.8982327045429006
2023-12-28,1,175,0.33935970049910735
2023-11-13,25,98,0.5465125953988291
2023-02-01,22,62,0.9505058077163754
2023-07-26,8,23,0.13599801031390168
2023-04-19,11,102,0.5212468562679068
2023-02-28,5,53,0.20563099495379278
2023-09-08,9,86,0.7214617799516514
2023-02-01,4,72,0.08480397276501883
2023-03-19,24,128,0.34728006133996703
2023-05-20,9,122,0.49479997603982795
2023-08-29,13,92,0.7539853644459239
2023-10-08,18,155,0.5728737639960862
2023-11-21,23,149,0.8710346867165938
2023-12-26,5,14,0.2714172232343445
2023-06-07,13,30,0.9274498415690243
2023-05-21,16,23,0.5625986628434302
2023-06-13,8,70,0.672781397715564
2023-03-15,13,106,0.38657010687197824
2023-08-05,20,185,0.7870455762143558
2023-10-02,10,61,0.9641097222958402
2023-07-25,19,116,0.17046079601165587
2023-07-01,23,137,0.042749345720284326
2023-06-21,21,30,0.6764431118337654
2023-03-11,18,177,0.3171526508896425
2023-08-04,19,96,0.16523695168396146
2023-05-17,21,133,0.07055534549063525
2023-11-07,4,33,0.7105532024481357
2023-02-14,5,191,0.10686313177518625
2023-05-26,6,140,0.4277819492282289
2023-07-09,9,54,0.3551661216325307
2023-04-28,10,111,0.4796205777466418
2023-08-20,10,28,0.9278974117325132
2023-07-24,14,139,0.27400143896703355
2023-05-04,24,42,0.7997939090394325
2023-10-24,19,162,0.07835025064361167
2023-07-25,10,30,0.18966032469176364
2023-06-02,7,135,0.016181592168786896
2023-04-08,15,40,0.9428234133330071
2023-08-10,23,31,0.15107341485083048
2023-01-03,21,182,0.3790317430351111
2023-02-06,2,106,0.9962492765348517
2023-02-11,19,78,0.2237396317559005
2023-08-19,7,142,0.2728048761828832
2023-11-08,20,143,0.2088388110452899
2023-01-11,16,41,0.5493509257045165
2023-05-15,24,18,0.6374057072418525
2023-02-19,15,8,0.24588324598958233
2023-04-09,21,86,0.03145977213631168
2023-10-14,15,60,0.8300897441875607
2023-04-10,17,21,0.9137065331077106
2023-08-27,23,103,0.2721305709151487
2023-07-16,17,119,0.6547764853584158
2023-01-01,25,82,0.4171923835669652
2023-06-27,5,52,0.08849980390411316
2023-03-27,25,178,0.43977959745031114
2023-09-29,17,145,0.7018488214085895
2023-01-26,10,80,0.8164179581906345
2023-12-27,2,146,0.8393758593388684
2023-10-29,6,96,0.8241489194874514
2023-09-18,5,170,0.7217057507535184
2023-08-21,24,124,0.2949270616835733
2023-06-05,10,155,0.7176816076120051
2023-01-23,5,151,0.48708529808927703
2023-06-22,1,6,0.76635275359923
2023-01-30,18,107,0.5003473461292117
2023-03-17,18,120,0.4656395581263778
2023-03-01,12,82,0.3330102092877958
2023-11-11,1,136,0.013576859111713802
2023-07-22,25,162,0.0848904645451779
2023-09-17,10,154,0.880008913491478
2023-07-25,18,76,0.9453307371928668
2023-05-09,10,56,0.8522722165355093
2023-11-21,8,183,0.709037000056595
2023-12-07,21,75,0.008675959422610346
2023-02-04,7,178,0.07922561511777437
2023-04-14,20,200,0.7144900276741798
2023-04-18,10,95,0.17090946017445607
2023-04-27,14,70,0.3506344374761876
2023-06-30,7,89,0.5570133046465103
2023-02-04,25,62,0.7276505523277906
2023-10-14,25,46,0.8239767062728053
2023-08-04,6,186,0.5824415644347933
2023-03-24,15,39,0.3353017327667359
2023-03-23,13,3,0.9201894343544282
2023-05-26,4,64,0.11699685526887338
2023-12-12,25,191,0.0275404893457728
2023-10-13,16,172,0.9438922172634662
2023-06-14,13,60,0.4943768639421646
2023-10-27,22,177,0.3009652038503683
2023-11-12,12,6,0.1595497553110481
2023-09-02,21,61,0.6169498597043945
2023-06-11,3,153,0.46703040592780454
2023-06-15,18,24,0.5797044983027526
2023-04-05,18,145,0.5547459586109185
2023-07-11,23,126,0.5511026383612951
2023-10-09,15,29,0.5592852654978339
2023-03-30,15,26,0.7470031448783866
2023-07-10,11,199,0.1986412372828127
2023-06-20,14,5,0.06540546798482882
2023-02-01,13,38,0.28394211985493367
2023-07-18,19,164,0.5020316890707912
2023-02-19,20,184,0.27430264195261944
2023-02-02,8,68,0.07336903317702947
2023-05-30,1,92,0.5032869061875429
2023-12-09,3,40,0.2637313863662799
2023-02-17,10,109,0.9690133679639221
2023-07-09,10,24,0.7958056148083928
2023-10-30,11,82,0.4520638612217076
2023-03-08,10,119,0.20435852956420242
2023-06-16,12,56,0.8494691092953103
2023-02-04,4,84,0.3473391370990565
2023-02-03,16,183,0.03890784157598759
2023-08-01,13,52,0.24031250302966567
2023-10-14,10,184,0.7525841919175651
2023-10-14,22,22,0.591596971975088
2023-12-07,15,56,0.17182094108778312
2023-02-16,19,196,0.680297017441086
2023-09-15,1,118,0.175208046027152
2023-02-18,3,160,0.8725797548125611
2023-08-17,24,30,0.5807776135218239
2023-03-26,3,63,0.9742662786061257
2023-05-31,20,30,0.19180075082802694
2023-09-19,15,116,0.5577100705084527
2023-01-02,21,56,0.5348653505720481
2023-02-21,7,129,0.5727997237837515
2023-09-09,4,70,0.09038946766670652
2023-10-12,9,175,0.5505568751186739
2023-10-15,7,53,0.22997012304631625
2023-01-22,21,187,0.8635537535607534
2023-10-30,18,21,0.34148435242008157
2023-05-20,19,54,0.34646813784035213
2023-07-13,12,133,0.20725975876994385
2023-01-16,22,38,0.07232077042582497
2023-09-10,7,180,0.7964035265020487
2023-05-15,25,40,0.5064608163371186
2023-03-26,19,34,0.6911350638614779
2023-06-20,21,115,0.14490055680477554
2023-06-09,4,174,0.6939534694601244
2023-07-20,16,3,0.08343079162131783
2023-11-26,15,27,0.7517519617170958
2023-01-18,12,7,0.20966564160029744
2023-06-12,1,156,0.19924775459486688
2023-09-30,10,47,0.12269921546992035
2023-07-04,8,96,0.032313572073739194
2023-01-10,4,67,0.12865351439746353
2023-02-11,8,167,0.28783746249453057
2023-03-03,22,47,0.16752580242599246
2023-03-27,14,35,0.7512593884814378
2023-04-16,4,165,0.8460902702641296
2023-11-28,22,28,0.8624278875546875
2023-12-27,3,117,0.24691365660387798
2023-03-04,11,109,0.15558711212771392
2023-06-15,16,191,0.1783118711403231
2023-01-07,5,86,0.47096249206177554
2023-11-29,1,108,0.4454598586620573
2023-09-29,6,133,0.608665063531372
2023-12-18,19,156,0.8643821924151379
2023-08-18,4,79,0.8976262986122067
2023-07-10,9,97,0.4239844696829238
2023-10-28,7,27,0.09008865748964379
2023-12-11,11,169,0.8003084020086236
2023-07-27,4,148,0.6236689961091647
2023-07-19,4,67,0.8393135282835723
2023-11-15,23,44,0.8520696086159473
2023-06-06,8,78,0.6041392825702436
2023-02-08,13,61,0.6903517505716479
2023-05-18,20,34,0.9135022234696824
2023-08-20,6,138,0.5319129251789326
2023-04-25,10,122,0.41364049896006905
2023-12-24,14,80,0.517910845979138
2023-12-25,8,139,0.37197714965755535
2023-10-27,22,155,0.4927873186114512
2023-09-05,21,160,0.7694437821581173
2023-05-26,23,74,0.5084520601464537
2023-05-11,16,189,0.2852835895887048
2023-08-31,8,59,0.9810159892179958
2023-09-11,6,116,0.3853586844289518
2023-12-08,21,1,0.006530788301937984
2023-10-05,17,30,0.28664082076211406
2023-09-04,7,1,0.04677013275339181
2023-07-04,19,111,0.10840872378809752
2023-08-13,4,111,0.5258647195406716
2023-01-13,9,88,0.44690780240086236
2023-01-02,15,52,0.17600980603463745
2023-05-21,8,30,0.3630721035508496
2023-10-24,3,133,0.29192443848319705
2023-01-20,4,22,0.15674173498383304
2023-10-12,24,178,0.8923345672610671
2023-10-23,4,88,0.9033953958617583
2023-05-29,18,95,0.4547220875032455
2023-06-29,7,181,0.3615342473575396
2023-12-14,2,197,0.01685165843354186
2023-01-14,24,15,0.23439003881713683
2023-06-11,21,43,0.05378065601643722
2023-10-04,5,122,0.8866224551479543
2023-01-17,6,153,0.2842546986218162
2023-06-13,21,39,0.8245983085032891
2023-04-06,18,126,0.981657097529301
2023-12-10,9,109,0.7591163383793706
2023-10-01,23,37,0.23942254367658844
2023-06-15,8,38,0.7924023716810547
2023-10-12,23,2,0.6531475985233449
2023-12-17,3,2,0.4383789221492054
2023-04-13,25,56,0.16430668514878788
2023-09-05,16,153,0.29810500611135826
2023-07-18,12,37,0.25299781797858845
2023-03-01,17,108,0.575431325795459
2023-09-24,22,174,0.4371725718502
2023-09-02,20,37,0.061488722048146593
2023-02-19,12,194,0.044531451777250486
2023-03-03,2,89,0.6157421266887819
2023-11-20,11,23,0.6501662932794737
2023-01-07,5,184,0.8042133980317312
2023-11-06,20,26,0.23733654219198153
2023-06-24,11,11,0.41002990112541493
2023-04-09,2,193,0.041941994946217864
2023-03-12,23,40,0.21267426883580332
2023-01-26,10,51,0.40643180816623437
2023-01-03,1,177,0.7101649278140301
2023-05-31,19,167,0.5131874485082504
2023-04-17,6,180,0.1600546660905945
2023-05-19,8,34,0.36258256370986175
2023-10-25,10,58,0.033689931725432776
2023-04-27,20,32,0.31587121947141583
2023-04-16,9,145,0.79267301735856
2023-07-29,10,188,0.9729097807139716
2023-03-03,16,163,0.7483359070699869
2023-01-17,23,52,0.6471797531108219
2023-07-02,6,108,0.38107902158170326
2023-04-04,12,161,0.519715020111316
2023-04-09,3,107,0.2381709658764235
2023-11-15,16,98,0.7695569553288311
2023-09-04,17,21,0.3933126102558667
2023-03-25,10,33,0.43425668995393707
2023-04-08,8,50,0.9449484603434062
2023-08-15,3,195,0.23940291198904673
2023-09-08,9,114,0.6475761648299243
2023-09-10,10,3,0.08153773362258043
2023-10-10,1,146,0.972080740386622
2023-05-11,7,142,0.8690984387032568
2023-10-28,1,78,0.4188646251138216
2023-07-16,8,153,0.8767113735068134
2023-04-28,5,181,0.5634921663078803
2023-10-22,16,63,0.302729239988739
2023-11-23,25,199,0.21480044433035228
2023-07-05,18,136,0.8392944683707032
2023-03-28,7,198,0.786698314832365
2023-08-03,9,136,0.2475375686754594
2023-12-08,9,157,0.42478494219176643
2023-08-14,15,82,0.08882497953645296
2023-02-12,21,21,0.6728510680345321
2023-06-04,22,133,0.7628693762144938
2023-10-19,11,110,0.185964228329481
2023-11-04,24,148,0.17877071280924095
2023-03-30,2,164,0.34603597675916353
2023-09-21,22,60,0.8942648268213492
2023-04-10,19,75,0.7734720571446038
2023-10-26,15,113,0.5692023034592542
2023-02-10,11,21,0.323273502882404
2023-01-09,23,142,0.33707544388178823
2023-02-20,24,88,0.4074124004577826
2023-10-09,22,14,0.27702979716309517
2023-02-22,7,51,0.7809295012554321
2023-10-30,21,179,0.7233016922024121
2023-03-08,2,44,0.4192354633882678
2023-05-30,8,27,0.1384509730348985
2023-10-26,19,158,0.8925834745281608
2023-11-15,2,113,0.7447697752274742
2023-05-26,4,173,0.7975290601177119
2023-11-06,25,61,0.8451232931008882
2023-03-19,6,141,0.9319403100166745
2023-10-25,6,100,0.8255631175385901
2023-05-14,18,87,0.1770468524086507
2023-08-02,19,162,0.37997990912007484
2023-09-17,25,170,0.44289387265247293
2023-05-10,9,158,0.04864935240539936
2023-01-31,3,89,0.1415450989637791
2023-12-01,23,132,0.7764385951547949
2023-09-21,20,189,0.09117483984511399
2023-06-10,2,174,0.24895312333259445
2023-03-22,17,49,0.1473768527988384
2023-07-27,22,116,0.026578401024714315
2023-04-25,8,142,0.30456289415688875
2023-09-04,24,91,0.989038292428248
2023-11-13,4,30,0.7589387493366123
2023-05-15,17,136,0.16591234615810035
2023-07-06,22,136,0.8306586970698312
2023-05-31,13,53,0.574149167059561
2023-07-29,23,99,0.6787227143494626
2023-06-11,7,20,0.5253470984372364
2023-04-11,20,123,0.1901751059826896
2023-10-24,10,2,0.5710582419990471
2023-11-22,15,96,0.6851249779509783
2023-06-26,22,15,0.9185205912176253
2023-03-21,23,59,0.6005146742442076
2023-12-08,6,135,0.4483062766986613
2023-12-19,14,20,0.3472378980920522
2023-04-11,16,84,0.7610050079833333
2023-04-07,16,188,0.012614237325128563
2023-04-01,18,81,0.2835235018948774
2023-07-04,6,105,0.6465784419808318
2023-01-04,8,109,0.36565962943193386
2023-03-17,25,133,0.7565636340510861
2023-12-17,15,166,0.02779875633149753
2023-02-15,16,133,0.9587369722263497
2023-09-24,14,47,0.012014821935431241
2023-12-23,15,105,0.7450689474306232
2023-11-09,18,4,0.5083418550512537
2023-04-19,21,164,0.026724992039087958
2023-02-23,16,178,0.46657122621888947
2023-04-19,4,199,0.9557306803289759
2023-03-02,23,12,0.44079702143548627
2023-02-02,6,160,0.46874641022378427
2023-10-09,4,130,0.8654654510997647
2023-01-11,3,154,0.07512441387738245
2023-01-14,4,93,0.15450205446809318
2023-01-14,14,179,0.1747841660801669
2023-07-20,15,97,0.8899976132493547
2023-06-15,10,119,0.24170775547431156
2023-11-16,1,75,0.5270855675345402
2023-01-15,16,97,0.9775561442156983
2023-03-25,7,194,0.14340858867713147
2023-10-22,18,85,0.4781657451855419
2023-12-04,8,152,0.6266768410902733
2023-08-08,8,59,0.9728114859499647
2023-03-10,12,62,0.7125405152363607
2023-09-17,14,73,0.05662585830082201
2023-05-04,11,98,0.872184994908209
2023-07-01,3,28,0.9011906969738392
2023-04-13,5,79,0.9014082279031423
2023-02-06,6,199,0.6708234158198967
2023-08-13,22,7,0.6380105588560222
2023-01-18,21,52,0.816827201461357
2023-06-30,7,155,0.1338308679304987
2023-06-05,13,176,0.19661324632049626
2023-04-21,20,196,0.2743602769829433
2023-04-21,4,73,0.22767406417109537
2023-03-12,17,115,0.941360709446787
2023-04-06,5,60,0.5007077223256989
2023-04-22,25,105,0.2657218770861929
2023-07-08,22,122,0.6889508155689272
2023-12-01,13,174,0.3721587748746724
2023-10-16,19,70,0.3522668533011313
2023-02-23,1,107,0.3699777547582742
2023-01-10,16,52,0.5125519988177716
2023-03-18,12,181,0.3344563954670495
2023-06-05,2,151,0.7817265947341633
2023-12-05,5,110,0.6650476459978182
2023-07-06,21,142,0.34417271579505315
2023-01-10,17,69,0.23429938307880793
2023-04-26,6,22,0.46335217575232146
2023-08-29,3,139,0.27318990483505
2023-11-08,23,7,0.917291698129052
2023-02-04,25,136,0.814607737563109
2023-08-15,5,110,0.12662203339868994
2023-12-07,4,48,0.5103459651599959
2023-04-22,23,185,0.7965802247525078
2023-02-07,9,177,0.7247416000443165
2023-11-21,10,48,0.7557316835199422
2023-03-03,20,102,0.654692433620183
2023-06-01,2,118,0.4828737942863647
2023-02-22,21,131,0.9327446640424456
2023-02-15,7,13,0.5059949123933711
2023-08-22,7,41,0.527049777790539
2023-02-11,12,188,0.8776108839627927
2023-01-11,15,157,0.46229699158269855
2023-06-26,25,99,0.22126419737851766
2023-09-29,1,184,0.4059232150953688
2023-07-12,19,93,0.9321664698062793
2023-01-22,25,77,0.703625797891842
2023-01-17,22,140,0.60574620740063
2023-07-11,6,39,0.910357954809394
2023-07-25,22,193,0.12891047117765075
2023-05-07,25,182,0.419622127736352
2023-12-29,17,72,0.5827600977703833
2023-12-04,20,26,0.04073812683716749
2023-12-28,23,8,0.25119989846343105
2023-07-04,23,95,0.280865836596634
2023-02-20,1,189,0.8986773806504956
2023-11-15,20,61,0.02930792917799463
2023-08-03,6,44,0.7969128992974379
2023-09-18,21,21,0.03348909581757531
2023-07-11,17,122,0.269033865692088
2023-04-15,20,164,0.9328860721349589
2023-06-05,23,128,0.3216951530198878
2023-03-15,16,93,0.5225087723789819
2023-01-20,18,145,0.6148120216386266
2023-06-18,11,19,0.16199088295149933
2023-07-19,1,42,0.3276520147038926
2023-12-19,18,106,0.2527041367195647
2023-08-07,22,1,0.7141029223656851
2023-07-01,7,108,0.24627433628809414
2023-05-23,21,8,0.6804834923365073
2023-04-22,5,134,0.4949940475478922
2023-08-30,17,106,0.46831613053416077
2023-11-25,19,21,0.9205215389837482
2023-03-07,14,191,0.7413192953335587
2023-06-13,25,186,0.324855362429625
2023-11-13,6,14,0.07513128727581286
2023-09-04,9,129,0.7532959532543789
2023-03-14,16,135,0.05054953273550178
2023-02-22,10,136,0.21464280096337607
2023-04-05,8,7,0.21393631462357765
2023-04-10,23,132,0.3187890309569299
2023-04-04,12,16,0.26365650146346
2023-10-26,1,56,0.7637092040137394
2023-10-06,23,7,0.8799151926045349
2023-12-13,16,200,0.21037248286727273
2023-01-18,4,80,0.4730616063145421
2023-04-05,25,69,0.44568763298159286
2023-02-14,18,186,0.8116187915892427
2023-10-13,25,29,0.0899892991652892
2023-07-29,8,60,0.8630720767377006
2023-11-10,21,172,0.6245195677769422
2023-09-22,23,72,0.1724167054393544
2023-08-04,12,45,0.9049948839228703
2023-06-01,19,156,0.3157447590636211
2023-03-08,19,80,0.19174008778996732
2023-10-17,18,124,0.40915287548480583
2023-07-30,9,84,0.7063768476482783
2023-09-28,16,108,0.19756573256884058
2023-01-06,25,151,0.21197486848103508
2023-04-19,3,129,0.08832932585055453
2023-01-22,8,155,0.6018378613308851
2023-07-15,14,28,0.630623722235994
2023-12-17,6,163,0.4270120821315867
2023-04-21,5,112,0.48358423083956303
2023-09-09,4,183,0.9556059918954958
2023-05-16,6,174,0.8883800337618224
2023-07-14,23,115,0.9861804328445704
2023-04-04,13,84,0.5639741865734381
2023-04-15,20,149,0.20079842651748647
2023-08-27,24,20,0.4024868612600312
2023-08-19,7,150,0.6748063033036759
2023-08-16,24,56,0.6237775632356909
2023-06-17,18,161,0.7213184239648656
2023-12-09,17,25,0.1893644187301563
2023-08-24,21,188,0.9098086459215777
2023-01-15,4,182,0.2667591761914191
2023-04-25,10,36,0.4993997900365714
2023-10-10,4,33,0.9321892841624285
2023-10-08,12,186,0.8632536001914117
2023-01-17,22,72,0.6298619695980089
2023-10-27,24,46,0.7681909868454507
2023-12-31,11,136,0.7496048305229912
2023-03-28,14,8,0.8521149743577364
2023-10-14,20,100,0.9609070092308593
2023-08-03,25,65,0.06561542848546165
2023-12-03,7,78,0.3657731140138626
2023-08-08,1,154,0.4276325221369902
2023-11-30,11,138,0.47549127584818707
2023-10-31,2,42,0.7698197011972268
2023-12-26,17,6,0.8726160175539919
2023-06-04,5,100,0.3134212380927588
2023-06-14,8,130,0.4636187477870295
2023-02-02,1,23,0.7989268747838664
2023-03-16,18,135,0.24138225557619797
2023-01-06,10,169,0.6946687093333311
2023-11-01,9,113,0.1392748408419776
2023-07-09,12,163,0.4923538651730891
2023-05-27,15,170,0.1763075451332059
2023-10-07,9,5,0.37488324231998005
2023-11-27,5,53,0.9249421158503045
2023-12-02,9,161,0.3534429798195726
2023-07-11,16,93,0.25020484663672893
2023-08-12,3,43,0.7745859229855272
2023-03-27,16,83,0.5757907751563811
2023-07-08,9,131,0.33392626142429427
2023-09-17,2,186,0.1362169190032293
2023-11-11,22,157,0.06299408554087427
2023-04-07,13,14,0.6261478302071872
2023-06-17,25,65,0.9891140964522609
2023-12-02,17,152,0.883877300835336
2023-08-06,1,163,0.872790581710261
2023-10-09,10,162,0.13604089922040796
2023-05-16,25,32,0.7321787933718519
2023-07-21,1,45,0.9604253731771377
2023-03-11,24,11,0.4506056321047647
2023-08-23,24,80,0.3191671192201394
2023-07-02,19,5,0.464587101906919
2023-06-18,23,95,0.48112812150828266
2023-10-04,9,68,0.9450449871233165
2023-03-30,11,82,0.5405592360925081
2023-01-14,1,80,0.7137053554327287
2023-01-02,11,102,0.41665501196498744
2023-05-21,8,21,0.1905758226714117
2023-11-08,11,17,0.8220168889722435
2023-10-02,13,162,0.11780105986849299
2023-07-16,25,48,0.5403531059038393
2023-10-16,17,104,0.014504503750203734
2023-02-10,6,51,0.5386895867933958
2023-01-23,1,41,0.37975794098147453
2023-10-27,4,183,0.7305458264098882
2023-09-25,17,121,0.9353883926466934
2023-10-26,7,48,0.9741948713579474
2023-04-07,21,183,0.8678193478686302
2023-03-22,3,17,0.5905801630969163
2023-02-03,19,173,0.854861272191542
2023-12-03,11,100,0.522558535966961
2023-11-14,20,148,0.4390784773248758
2023-02-08,11,157,0.9465259537273543
2023-06-14,17,37,0.07169452954345412
2023-06-24,19,8,0.8744607964469246
2023-06-27,1,111,0.6779609330322324
2023-01-12,12,72,0.42198369249555634
2023-07-16,6,101,0.9861689204627876
2023-06-09,2,79,0.2619259682155145
2023-07-18,11,137,0.4084923498901849
2023-02-09,14,193,0.2144669486898556
2023-08-08,7,9,0.08193862317882494
2023-08-31,5,17,0.4037187701693429
2023-09-08,22,160,0.06618437482986406
2023-08-23,6,3,0.5773182315317437
2023-12-18,25,163,0.9437044061680059
2023-06-09,23,185,0.1967042581056987
2023-07-30,23,116,0.7952872637113889
2023-12-12,23,78,0.37985479942990696
2023-11-19,17,96,0.43076063609123716
2023-06-16,4,178,0.5205795377486636
2023-11-15,16,80,0.05157901420673239
2023-12-03,18,163,0.4560345754424179
2023-08-07,3,44,0.533279862944629
2023-04-25,21,39,0.35189003440740485
2023-12-18,15,48,0.5867475699102787
2023-11-26,8,66,0.8578178152001611
2023-09-28,4,192,0.3350528287757658
2023-05-05,10,52,0.4037392456699883
2023-11-02,3,156,0.6739220170355682
2023-09-15,17,121,0.8116789687501811
2023-12-03,6,174,0.36890134864298474
2023-08-13,24,62,0.24743915314023135
2023-07-06,5,38,0.6469889939459095
2023-10-25,2,190,0.4431904526224132
2023-03-07,19,59,0.05453367335983772
2023-06-19,5,126,0.045910808446004925
2023-07-31,23,163,0.29788208169845143
2023-10-03,7,162,0.6390385957526814
2023-06-02,2,24,0.6391612193968774
2023-02-19,4,127,0.3165670573979372
2023-05-23,2,58,0.5151266045801811
2023-08-22,23,126,0.20235420795387216
2023-12-11,6,57,0.3228220356117546
2023-06-24,6,122,0.045416385801731796
2023-02-24,1,22,0.0471710050264611
2023-10-23,15,8,0.07199987076076952
2023-03-15,21,149,0.1471030167955022
2023-05-09,13,122,0.4317652882617399
2023-09-29,6,51,0.8122423077934231
2023-08-30,19,162,0.7240292377942951
2023-05-18,6,38,0.39896213947815584
2023-03-26,20,24,0.49355500307112565
2023-09-03,5,26,0.6705952404235979
2023-04-06,24,23,0.3003413389222236
2023-08-02,16,15,0.5779256615552205
2023-02-27,8,166,0.8068554212445382
2023-05-25,12,179,0.712147656609115
2023-03-23,17,41,0.7222665908218869
2023-01-30,2,86,0.9982293062695567
2023-08-19,22,89,0.5668139306610149
2023-12-17,14,52,0.3289165349552805
2023-09-14,12,62,0.6061122742990633
2023-04-16,17,71,0.8993658102623682
2023-06-13,19,197,0.04612616001077763
2023-04-27,20,151,0.6875913308484607
2023-06-05,4,183,0.8696104088664564
2023-11-22,16,94,0.41110960259115836
2023-09-12,21,133,0.3837120804662032
2023-09-01,18,97,0.5442232098427398
2023-12-13,18,82,0.025472914381970968
2023-08-20,21,194,0.5343875975891464
2023-04-03,15,100,0.9765056970650824
2023-04-27,25,167,0.5158658477732931
2023-08-30,9,175,0.4859509564524708
2023-02-13,1,154,0.7695143601357184
2023-01-16,4,116,0.48230320382056235
2023-06-20,10,128,0.7392912046089155
2023-12-24,14,142,0.9580596461569966
2023-10-17,12,156,0.2948324534217648
2023-11-07,21,50,0.4570802710363777
2023-11-01,24,121,0.6260357208988777
2023-11-03,13,19,0.2770331829307251
2023-03-18,14,195,0.14987144362194038
2023-11-25,1,173,0.8620627161815694
2023-05-08,12,130,0.8251675216326164
2023-12-28,8,125,0.3460528878452016
2023-08-12,16,93,0.0015679772682721804
2023-05-17,8,48,0.04871727947849458
2023-12-01,22,74,0.6766197576573422
2023-10-06,1,183,0.812665983804439
2023-06-19,6,128,0.3812315493619104
2023-03-21,15,59,0.6442976614672705
2023-02-06,12,153,0.5057268150774001
2023-05-08,9,181,0.05155027057275796
2023-06-10,15,52,0.9552663331403265
2023-01-26,8,181,0.7890305869109782
2023-11-07,16,72,0.31688603850007124
2023-12-05,25,144,0.740800088299304
2023-02-09,5,62,0.35877005100740067
2023-06-10,7,119,0.4816551936304275
2023-09-05,16,17,0.24818623203726364
2023-10-10,25,103,0.3208177664420475
2023-07-06,9,103,0.4069681995570307
2023-12-13,20,163,0.6379783055054681
2023-05-24,20,16,0.08381179457801868
2023-06-01,3,75,0.4097942020542993
2023-11-07,3,101,0.07045972782535603
2023-01-23,5,99,0.9243189541800588
2023-03-22,11,152,0.5330305983347959
2023-11-07,25,170,0.8060369374845067
2023-02-19,2,130,0.7991067396535124
2023-08-26,25,132,0.3700197394204878
2023-11-15,22,179,0.8166819626656855
2023-03-23,1,135,0.08412116548843829
2023-01-22,1,130,0.8150247918308836
2023-06-25,17,177,0.39121268164825074
2023-07-02,11,81,0.7838460200522938
2023-10-17,24,157,0.7422157824611308
2023-07-29,25,172,0.6191295959785925
2023-05-18,10,170,0.4293952271655783
2023-11-24,17,25,0.06088236834765082
2023-12-11,21,158,0.08323575581059861
2023-08-04,23,24,0.3616805035591474
2023-06-29,8,64,0.8006619333897481
2023-12-16,17,32,0.7467805248260169
2023-12-22,4,81,0.14946246551182707
2023-03-24,22,41,0.48759158503745015
2023-12-12,23,138,0.7869567755838734
2023-10-26,20,189,0.9715791139779717
2023-11-18,24,96,0.7395085439312009
2023-04-03,15,59,0.9971248593354056
2023-08-14,1,154,0.18986996968481284
2023-02-25,18,170,0.8703158135890782
2023-05-31,7,180,0.3173426706302013
2023-12-13,4,154,0.11995945158726073
2023-01-16,5,46,0.8112176137776473
2023-11-10,14,35,0.5098174819742567
2023-03-22,14,153,0.13514596866958162
2023-07-07,3,23,0.034570125405505525
2023-03-21,25,27,0.21957783315002133
2023-01-23,1,153,0.9515857429966034
2023-11-10,25,62,0.20675499607884296
2023-06-11,12,47,0.09884155987471477
2023-12-02,6,49,0.6236051161520335
2023-01-20,5,176,0.23192511798675597
2023-07-08,21,152,0.7557598692393681
2023-04-02,20,174,0.28675376985567114
2023-12-12,20,41,0.8918668178277797
2023-03-14,9,29,0.5752396815961007
2023-01-16,22,83,0.06505742165925332
2023-11-24,17,189,0.43198224726011847
2023-05-16,3,94,0.7245762580252137
2023-08-07,25,127,0.255569022039809
2023-07-04,3,182,0.4692066411775867
2023-11-18,15,83,0.9153840437328272
2023-03-12,18,91,0.9161715883039253
2023-06-30,1,30,0.20328712400856475
2023-11-20,8,95,0.8877681676093755
2023-02-05,23,114,0.6435696403602429
2023-08-27,8,42,0.24961677739371946
2023-05-22,15,62,0.9275977113219768
2023-07-01,21,191,0.9537309784623399
2023-10-07,21,33,0.8969897902889085
2023-12-01,24,134,0.686836770981339
2023-07-29,23,106,0.011289761752852123
2023-09-12,1,134,0.4197503084807861
2023-02-10,22,78,0.9406629149917292
2023-04-12,17,28,0.4573052825097558
2023-12-25,16,98,0.9694359028637274
2023-06-02,6,182,0.07614701111480471
2023-10-10,15,59,0.03350634656234974
2023-10-11,12,172,0.7259229239529389
2023-03-21,15,79,0.7016448474523733
2023-12-07,21,160,0.18772434295802454
2023-12-02,2,161,0.18669811076541998
2023-11-26,6,11,0.24716089859957024
2023-05-18,3,54,0.3713430623630378
2023-05-05,10,73,0.20710350672926991
2023-06-19,9,127,0.40411441545925597
2023-12-28,3,62,0.12607964396740845
2023-03-12,8,104,0.8571051615509435
2023-12-20,8,147,0.3979269420747551
2023-10-13,14,57,0.546867957675601
2023-09-15,22,76,0.5220886750846412
2023-01-06,18,137,0.38891970497462125
2023-11-22,1,77,0.6576829705975031
2023-11-09,22,150,0.5057504156659619
2023-04-30,6,115,0.9240482460899038
2023-04-23,1,82,0.3657964288958484
2023-05-20,15,28,0.05179744230769068
2023-02-23,16,16,0.24960603842683082
2023-09-01,19,13,0.18585006264580628
2023-08-17,10,109,0.49257995658068565
2023-09-17,8,180,0.06063015642176506
2023-12-17,18,128,0.7704967007971274
2023-01-28,21,145,0.08291630710039766
2023-01-03,4,25,0.026096365875430516
2023-06-20,14,27,0.45382360736220995
2023-11-04,13,72,0.5905065551685013
2023-06-08,17,158,0.2592554837697101
2023-09-18,11,19,0.35845596886396724
2023-04-24,23,148,0.7146786542809955
2023-12-31,19,119,0.5129838015547858
2023-11-04,11,100,0.05865774954059122
2023-07-19,6,64,0.2782077479318925
2023-01-28,20,143,0.089622526872295
2023-03-26,17,98,0.16165442413714093
2023-05-30,16,73,0.06958519786817752
2023-07-11,1,167,0.10323044919453672
2023-04-05,15,141,0.9299562574732887
2023-07-02,9,30,0.6926023662840319
2023-12-19,1,35,0.9600824098089682
2023-01-16,4,122,0.40736221758855196
2023-09-27,3,48,0.71726509382348
2023-09-26,18,96,0.20668931618669628
2023-06-09,19,6,0.46785559548768574
2023-02-28,15,72,0.8795158801287047
2023-04-02,19,53,0.5217833330113426
2023-12-21,12,13,0.09686653738286821
2023-08-06,14,79,0.34393063925126643
2023-01-03,2,88,0.43287730409001446
2023-11-26,1,142,0.26447971096893674
2023-10-13,17,167,0.4675815179789904
2023-07-23,13,155,0.02181376323668094
2023-12-10,19,79,0.5952658004674619
2023-01-20,16,188,0.6741313781631725
2023-06-01,24,147,0.3169024840879444
2023-07-01,21,116,0.14356424509195265
2023-09-22,24,40,0.91528683464253
2023-01-04,16,188,0.8834410729360925
2023-02-04,6,141,0.5797349792722826
2023-02-14,17,146,0.3733901373754752
2023-09-03,18,108,0.8522967848560902
2023-02-17,21,2,0.7793034638160111
2023-07-20,21,108,0.2953502108751096
2023-04-14,15,194,0.6896732080940159
2023-08-28,13,85,0.085369281470282
2023-10-26,8,102,0.4641454144174959
2023-01-26,24,106,0.5012443606209043
2023-10-15,3,174,0.9710431403620089
2023-08-16,2,98,0.5848778233898747
2023-09-09,6,141,0.49309082007891736
2023-04-22,21,172,0.12377546916490656
2023-10-21,6,102,0.312579933534312
2023-08-18,19,179,0.5186607071949589
2023-05-22,2,28,0.11226630824889994
2023-08-20,3,18,0.6397088530598197
2023-08-16,25,30,0.6072482169670423
2023-12-05,22,107,0.10162650011302732
2023-11-10,22,177,0.01219329341744424
2023-06-25,14,27,0.0796881331904995
2023-12-10,18,152,0.33407203906673755
2023-12-17,15,191,0.037852001857793804
2023-10-28,17,105,0.4660071818358643
2023-11-12,18,109,0.18365015532690132
2023-10-11,11,76,0.40501627243929794
2023-10-01,1,100,0.5372053448045458
2023-07-18,13,82,0.981216224668112
2023-06-27,4,3,0.6543479897091161
2023-10-17,10,46,0.45787783263248827
2023-10-16,15,34,0.7849211960753294
2023-04-14,22,67,0.43179778520793366
2023-03-14,4,76,0.3692189308401602
2023-11-22,16,123,0.6794371167891206
2023-02-13,15,174,0.6120944727666432
2023-12-05,9,149,0.2523806691046332
2023-12-04,21,86,0.2184275630059911
2023-06-25,8,163,0.8969251935485328
2023-10-26,21,119,0.478198340364982
2023-08-17,3,155,0.9606197043868078
2023-04-09,24,70,0.9643729901004197
2023-11-15,7,74,0.7865060991245336
2023-04-03,1,5,0.9696002052892256
2023-04-14,13,130,0.9458574382501961
2023-12-11,24,47,0.4296352318678833
2023-08-04,14,77,0.3990251672436347
2023-10-26,10,149,0.7940412446911417
2023-12-24,16,126,0.45398768263618583
2023-05-05,15,187,0.8722306182517842
2023-10-26,21,196,0.916994436008779
2023-04-18,18,193,0.060749003253398715
2023-10-23,15,15,0.5512445736365343
2023-04-26,15,79,0.7540741878190864
2023-02-14,13,127,0.625199449752948
2023-07-12,5,197,0.8158106030816555
2023-07-07,9,175,0.5643553644576852
2023-12-26,10,119,0.6148833376878566
2023-09-11,15,67,0.20300717868635598
2023-07-06,21,50,0.7292449981908776
2023-06-13,4,112,0.5492973267149801
2023-04-26,11,71,0.31050454464586974
2023-09-22,4,47,0.9114638303508343
2023-07-02,2,115,0.5202841070472745
2023-01-13,10,30,0.7455399963046726
2023-04-30,8,150,0.7162116266657675
2023-09-11,14,178,0.8992030831114726
2023-01-23,18,175,0.16638021071970255
2023-08-28,8,123,0.06764121261862788
2023-06-28,13,27,0.9562583796380573
2023-04-03,7,80,0.16219408647632116
2023-07-05,10,134,0.9333616216635916
2023-09-29,17,194,0.0633626774501923
2023-11-08,22,59,0.4237662020587797
2023-04-13,8,140,0.6482338567401101
2023-12-31,4,108,0.5000246037511759
2023-04-20,14,79,0.3464953393406317
2023-08-19,2,177,0.33374801979181734
2023-06-17,19,180,0.1546615335941416
2023-02-01,11,84,0.9359450833651038
2023-03-10,20,129,0.5819724822136447
2023-12-24,1,5,0.8353345808433257
2023-09-15,16,90,0.44883899145575357
2023-03-09,8,117,0.09770637002549087
2023-07-28,3,166,0.8894631770124912
2023-03-29,2,36,0.19248974866690371
2023-02-02,15,148,0.8095504044807045
2023-02-04,10,121,0.3983709974831694
2023-09-26,11,92,0.6168810120305809
2023-04-28,7,124,0.2268589379486189
2023-03-23,12,78,0.6420546227035093
2023-03-22,23,150,0.7313638704874255
2023-06-06,4,156,0.6811855548951997
2023-08-21,10,182,0.031568410545844916
2023-10-10,14,168,0.9144276639159941
2023-12-13,8,81,0.04599421542531357
2023-03-29,9,58,0.39971122158052863
2023-06-04,17,41,0.6721396231219271
2023-11-19,18,157,0.09251704163677577
2023-07-05,10,50,0.4201879650535658
2023-08-07,9,27,0.18075684189392838
2023-10-06,3,8,0.25030807467565597
2023-05-08,22,25,0.4236431108610894
2023-05-31,15,132,0.07650716512922606
2023-02-20,6,30,0.4506904990289401
2023-03-05,4,11,0.8478304632528999
2023-11-21,14,5,0.201482726810987
2023-12-29,16,151,0.9746068453352321
2023-04-10,2,140,0.41409579651252126
2023-05-29,23,33,0.5663882791597141
2023-04-07,12,21,0.38268718299506166
2023-02-24,2,11,0.25769964805267565
2023-05-25,12,30,0.4797306304436785
2023-02-03,11,106,0.6237324021479527
2023-01-30,25,146,0.6288625514616221
2023-04-25,24,162,0.5515188752227214
2023-01-30,22,52,0.6244248868812214
2023-12-21,11,51,0.6128467736585542
2023-08-16,17,115,0.7875626057836269
2023-05-24,24,7,0.01133517464840339
2023-03-18,1,56,0.1777644573469841
2023-08-04,6,28,0.21723854677941956
2023-02-17,14,147,0.8315540989082196
2023-03-05,4,49,0.5227706899916064
2023-06-26,7,18,0.14027200318627564
2023-12-03,23,61,0.6171958918033363
2023-07-26,23,8,0.02852855359326789
2023-10-16,1,90,0.8147305450601369
2023-10-12,7,135,0.4901000887531818
2023-12-23,17,9,0.9531859467893354
2023-10-05,10,32,0.6155161842031988
2023-08-07,19,162,0.811857135482401
2023-02-26,15,21,0.2540676595837994
2023-03-02,8,151,0.4049317408647187
2023-03-28,12,70,0.24048795354771835
2023-02-23,25,174,0.4871957989038498
2023-01-22,14,163,0.9997246476187166
2023-08-06,22,89,0.17331814852686778
2023-09-20,10,63,0.1724903366710877
2023-08-30,25,50,0.5671473281378052
2023-06-22,6,23,0.21974935150900943
2023-09-16,12,134,0.9708915300577418
2023-09-14,4,105,0.36285791374684584
2023-07-13,4,78,0.6280833404813869
2023-06-08,23,20,0.648228834504526
2023-09-03,6,92,0.30990519057626476
2023-06-05,24,91,0.028537968923028956
2023-05-19,22,191,0.7098426624884331
2023-07-12,20,187,0.8047064370143833
2023-06-26,12,63,0.0763170573846601
2023-12-31,11,179,0.5217666455132338
2023-04-13,4,12,0.2018040929253938
2023-06-29,9,20,0.39721281944250175
2023-02-19,24,194,0.7492471139053769
2023-06-12,6,60,0.8838746851293532
2023-06-17,13,94,0.9122325057877098
2023-11-11,5,19,0.36071017266047933
2023-12-29,15,20,0.2113272478782271
2023-04-28,14,99,0.30682954347334435
2023-05-07,1,75,0.7910300994394657
2023-09-07,14,88,0.2585539701368489
2023-12-03,22,122,0.45436350545497317
2023-04-05,16,31,0.4593831755902703
2023-12-03,13,9,0.15752716045298976
2023-10-11,21,74,0.6973458243887878
2023-04-11,14,133,0.961631767810007
2023-10-12,15,184,0.5271858945574481
2023-03-28,19,39,0.3833234353411735
2023-12-18,25,30,0.3411116127331648
2023-06-25,23,140,0.17921305361670903
2023-08-25,24,132,0.5977960735682079
2023-11-20,8,154,0.5963497153401125
2023-02-05,11,86,0.4150850910265065
2023-01-27,5,35,0.43715871457416255
2023-03-05,3,193,0.25482349874842436
2023-01-29,18,3,0.2936437625501399
2023-12-25,8,93,0.5701878409263058
2023-02-15,18,168,0.7756098600421615
2023-06-08,19,168,0.08660104506733945
2023-02-19,3,110,0.6938210429930535
2023-06-29,5,89,0.9225431683046115
2023-05-07,14,150,0.8125091616943239
2023-02-22,11,61,0.8452852956758398
2023-08-01,23,123,0.15478384158667602
2023-01-08,9,63,0.5848055113160594
2023-10-09,23,196,0.6117004285661748
2023-09-18,4,135,0.7988944258779543
2023-02-04,24,137,0.21068608693824142
2023-09-16,6,96,0.4494584121715246
2023-06-27,7,69,0.7440946448196458
2023-03-26,13,197,0.7757853069552152
2023-05-25,24,111,0.3952841575570527
2023-05-24,7,118,0.9282303136570296
2023-01-14,22,71,0.7138609892131312
2023-03-19,10,141,0.9700779936893085
2023-06-13,3,15,0.5151286733073179
2023-09-28,22,79,0.4809071700852693
2023-04-03,21,186,0.5077654662518937
2023-07-21,19,142,0.6971835518918055
2023-12-05,23,49,0.5384831751732531
2023-01-26,21,50,0.48936935105468815
2023-04-30,7,45,0.053474484403294165
2023-01-14,16,9,0.5576178640102232
2023-10-02,10,137,0.61349859473815
2023-01-17,2,94,0.4719769988178082
2023-04-18,16,184,0.362597992508357
2023-07-10,20,99,0.4389695739223447
2023-03-02,5,198,0.7393035446455238
2023-03-24,12,163,0.458572395117151
2023-08-13,23,40,0.7109514123353766
2023-07-13,17,193,0.195547405046821
2023-12-29,7,47,0.5910543635441906
2023-01-30,19,198,0.06835789293741557
2023-07-26,8,172,0.6823063061173367
2023-07-10,12,106,0.8593559075894892
2023-02-05,21,71,0.8248869296747272
2023-02-04,22,116,0.6270046098647932
2023-02-15,23,12,0.37384888439229536
2023-12-14,7,67,0.6989941626725475
2023-09-22,12,33,0.7264830559218564
2023-08-20,12,41,0.5560876924248787
2023-01-29,8,65,0.8334523902439283
2023-04-11,18,104,0.6879538610865853
2023-10-25,14,27,0.17188239256838334
2023-05-03,4,54,0.5441684268866469
2023-05-07,1,157,0.7265819073067163
2023-12-09,8,120,0.529660341020519
2023-01-07,9,136,0.5171676530654097
2023-05-01,6,169,0.27487267940482785
2023-01-21,9,149,0.35123746695634783
2023-05-20,17,165,0.16090730957716137
2023-05-03,13,127,0.5567606833640999
2023-11-29,20,115,0.6676666453440545
2023-06-07,5,68,0.16098172985402548
2023-06-03,18,146,0.7267102168914803
2023-10-07,17,147,0.10098969056276219
2023-08-22,14,8,0.9082864673703496
2023-09-14,14,86,0.16147211886415325
2023-11-17,3,27,0.08583620115748503
2023-02-01,22,10,0.11662335182964478
2023-10-01,3,151,0.4092348012189866
2023-08-20,5,127,0.7788899617006573
2023-05-20,25,53,0.5033917657020083
2023-11-28,1,200,0.26876608045360395
2023-05-26,2,117,0.4563379122645007
2023-05-06,7,103,0.5611246017963044
2023-12-05,11,126,0.3396046448319282
2023-08-28,12,85,0.9139104031001561
2023-10-16,22,22,0.7133947447944696
2023-06-07,13,156,0.01903344690455988
2023-08-23,22,103,0.4395139426497229
2023-08-05,3,17,0.24754754898533893
2023-07-08,20,195,0.14476061330264256
2023-08-19,23,110,0.8355434855117392
2023-08-19,15,99,0.5075672887794879
2023-05-24,11,19,0.29806750228320344
2023-11-20,14,100,0.9535115411698627
2023-05-27,5,21,0.4480646648146702
2023-01-14,19,186,0.8766278666896196
2023-08-16,23,199,0.7111117016444727
2023-02-09,13,83,0.5444222441978284
2023-12-22,15,108,0.9625997732837158
2023-01-27,6,19,0.6221245845109626
2023-09-19,16,167,0.7149874250479379
2023-08-10,22,46,0.3886255917385827
2023-04-26,22,64,0.11839730894305156
2023-09-13,19,77,0.8582393330799749
2023-09-27,12,149,0.545542965861938
2023-09-13,13,44,0.7188438282953439
2023-04-22,9,36,0.6600159573646047
2023-05-09,7,128,0.5826888909396032
2023-01-17,23,71,0.7124678635413246
2023-08-23,13,108,0.8676301574967816
2023-06-10,6,100,0.3672327933686804
2023-03-29,25,122,0.2393810936148817
2023-10-16,19,65,0.7901524960670175
2023-07-24,14,152,0.22080231496421232
2023-05-24,1,101,0.7280713696005889
2023-08-25,18,31,0.4668929010601729
2023-08-22,6,19,0.8799195598464676
2023-02-17,3,103,0.3931375218901767
2023-01-12,10,28,0.7489591643137454
2023-07-09,6,1,0.4153366649773792
2023-09-30,3,56,0.7811556652532347
2023-07-20,18,57,0.13610623771362207
2023-03-28,4,61,0.3405543813504429
2023-04-23,10,160,0.3784765088111973
2023-02-20,11,101,0.1713945390537681
2023-01-11,2,134,0.08102982539454506
2023-03-25,13,63,0.4097358403948218
2023-05-04,6,56,0.5568934908192752
2023-04-19,5,164,0.3576367645053513
2023-03-25,9,121,0.08820710450582903
2023-09-30,21,135,0.48010142162434766
2023-05-01,9,116,0.07775787214589602
2023-01-24,7,128,0.4267658485664254
2023-06-20,10,174,0.9844700889893936
2023-07-18,7,127,0.42508543774417995
2023-12-03,3,43,0.4135459340834665
2023-04-26,18,185,0.20160114678622276
2023-03-24,3,194,0.14172664672291224
2023-10-11,20,56,0.2682312158466804
2023-09-09,5,183,0.10456490955162734
2023-09-08,15,170,0.4041910283871093
2023-06-28,13,91,0.8094500732221852
2023-08-02,12,14,0.21482038493626487
2023-03-03,15,193,0.35688859474348966
2023-09-23,25,110,0.2309613219921356
2023-02-09,21,164,0.10174939928909243
2023-11-22,4,163,0.11092227025377166
2023-10-12,4,92,0.9566089151642241
2023-03-05,11,117,0.6139516874895378
2023-06-11,12,29,0.11627570079811156
2023-11-24,23,31,0.4018259972874719
2023-03-10,25,106,0.811931647901463
2023-04-19,8,30,0.9463157864018181
2023-07-22,23,142,0.4118047537817864
2023-07-29,13,155,0.6306313033651905
2023-05-05,13,188,0.9363354584778677
2023-09-16,25,97,0.4701676881549821
2023-03-18,25,139,0.4839345699115275
2023-06-02,9,143,0.5652488468351632
2023-09-06,25,159,0.3835399790987676
2023-04-12,9,39,0.21147283860569777
2023-07-21,3,4,0.7025799458910466
2023-01-02,19,170,0.22589650440002085
2023-08-27,14,132,0.49963514775442563
2023-03-15,7,61,0.5021351887811919
2023-12-15,4,137,0.5709539682489251
2023-06-28,19,166,0.26723731701632925
2023-11-01,4,113,0.527016431165547
2023-03-30,21,150,0.08928996424667524
2023-02-27,9,68,0.8705849982956335
2023-09-06,3,122,0.7438342711045116
2023-09-16,4,199,0.938400011930968
2023-10-14,5,166,0.2283076192257395
2023-02-02,14,53,0.8279585278311437
2023-01-15,20,24,0.3937629452891819
2023-07-14,9,134,0.19368526777722261
2023-08-11,5,200,0.44005902570555977
2023-11-26,23,57,0.17541900091517537
2023-12-29,22,74,0.9100557480372157
2023-06-29,12,133,0.9148375416186815
2023-07-29,18,159,0.7308787691634517
2023-04-05,21,107,0.7815820323089243
2023-06-22,10,97,0.5868343159453518
2023-10-09,21,171,0.016745707841321233
2023-03-07,9,81,0.9573629050537779
2023-02-09,16,134,0.2650900182386836
2023-03-03,12,127,0.2833164849298412
2023-08-11,11,162,0.753274627231087
2023-08-17,6,181,0.35647354737200254
2023-10-11,15,158,0.7922737634403949
2023-05-02,20,118,0.7621263625055319
2023-03-15,20,87,0.6580964234695332
2023-05-25,16,178,0.978642925423367
2023-06-23,18,41,0.30562715290072784
2023-07-21,18,196,0.0769196236319516
2023-02-22,15,41,0.19499441108072735
2023-12-14,13,10,0.6499464929227966
2023-03-15,13,143,0.5330153427729946
2023-10-01,4,94,0.02446505757716999
2023-09-02,22,71,0.9715559047378056
2023-12-31,11,161,0.16193799916119456
2023-05-05,21,150,0.34707311793242723
2023-08-22,13,149,0.848394906368464
2023-09-27,18,62,0.3582425048022807
2023-06-08,8,184,0.4345245896482095
2023-02-13,9,32,0.2508464901663049
2023-06-24,12,67,0.5423595765563533
2023-01-25,1,107,0.6941276358010822
2023-09-05,2,77,0.6830371225291585
2023-11-24,9,90,0.12030878334086736
2023-09-14,15,91,0.9645585857926132
2023-01-17,23,28,0.9659646574077572
2023-12-01,2,89,0.36515905028652573
2023-05-06,14,157,0.9301789223805255
2023-11-21,13,154,0.1961992508087863
2023-02-26,10,194,0.22429882496865716
2023-09-04,1,140,0.9747495890231359
2023-01-28,14,141,0.27442811461661465
2023-01-20,14,91,0.2918104565595121
2023-09-10,11,11,0.3097338067499894
2023-05-03,12,127,0.002447316846872938
2023-05-30,2,166,0.9079514700039772
2023-02-26,18,159,0.151685555627031
2023-12-10,6,10,0.4172704800462522
2023-12-24,18,175,0.311333310477077
2023-09-09,6,136,0.24048284788086027
2023-07-15,21,146,0.20335429874596456
2023-08-07,18,31,0.3200411321196581
2023-01-11,10,36,0.3538578056372773
2023-04-19,21,51,0.7859305743295224
2023-09-18,19,111,0.8816892415350293
2023-06-30,5,37,0.341093586346393
2023-09-19,20,188,0.8689323058349465
2023-07-29,19,158,0.09075946352353814
2023-03-28,22,105,0.12214477370942156
2023-06-27,25,12,0.2145244579438681
2023-02-28,23,155,0.7759281007183644
2023-08-21,10,134,0.6633791854057325
2023-02-13,11,118,0.25331875736385145
2023-08-11,1,120,0.8385388152987242
2023-04-15,3,138,0.00852853698150724
2023-05-05,25,30,0.38001709211454937
2023-12-11,12,67,0.03768889290377275
2023-10-19,13,88,0.2863378133700061
2023-02-03,3,34,0.17000897359849165
2023-11-17,15,116,0.5272963683783982
2023-02-05,13,174,0.9217470471329777
2023-04-04,15,176,0.9968026909040235
2023-02-06,17,122,0.433393491168506
2023-09-18,3,193,0.9480808622522703
2023-09-21,14,21,0.582380985388481
2023-06-11,8,193,0.4960560952873305
2023-01-29,5,105,0.0661788102997426
2023-11-28,19,194,0.48567994166189465
2023-03-04,1,172,0.16807153842235367
2023-11-05,1,66,0.5750640574795889
2023-05-05,16,15,0.3511637086591046
2023-12-02,21,175,0.5322421066650684
2023-05-17,22,103,0.2660204838027065
2023-04-25,12,94,0.7405041695418775
2023-11-22,13,39,0.010325547629296272
2023-11-30,9,43,0.6356148039543186
2023-08-02,20,149,0.5816737338354222
2023-08-10,21,94,0.2567323686411357
2023-09-11,19,142,0.6328753910353073
2023-07-14,5,183,0.6305515051402208
2023-10-21,23,70,0.5611986424164256
2023-08-01,3,83,0.572036341567437
2023-10-29,3,17,0.01259475489141948
2023-02-06,20,166,0.4146226981203902
2023-06-01,7,12,0.9503039546717773
2023-01-26,14,89,0.03916240982395203
2023-09-15,16,105,0.07648897640916008
2023-09-28,6,62,0.06760496749743117
2023-05-26,14,81,0.12514709964439075
2023-11-18,24,132,0.3666483208948266
2023-11-12,23,81,0.9150606847494551
2023-07-26,22,62,0.7233968759124507
2023-07-28,6,164,0.9416882423487399
2023-02-25,6,114,0.9236578324483604
2023-04-21,9,177,0.2649782715026485
2023-06-28,9,191,0.22565498047353527
2023-11-12,4,143,0.9048001905025949
2023-06-10,16,160,0.36986845781969324
2023-08-13,16,29,0.6984112990714585
2023-03-08,23,196,0.9204143535161262
2023-09-01,21,166,0.33978350276528047
2023-05-06,23,64,0.9994715343988919
2023-10-22,10,112,0.3320679352975867
2023-01-15,10,166,0.1682948902268594
2023-02-23,3,77,0.6764563632165971
2023-05-29,9,107,0.9367895248567271
2023-08-16,1,126,0.25418175020185707
2023-10-17,19,124,0.05933042320244819
2023-02-23,22,14,0.4028401652162984
2023-06-21,15,175,0.42271851247050096
2023-02-22,14,135,0.018454142689413366
2023-04-13,19,169,0.38866469534606407
2023-01-29,7,33,0.760349683004303
2023-05-08,5,163,0.38975877659733926
2023-05-10,16,174,0.9243953877782309
2023-09-14,14,191,0.639652224202103
2023-06-16,9,194,0.39751863018473843
2023-01-16,5,29,0.20313967062770333
2023-10-04,8,172,0.9310595915641683
2023-08-13,1,62,0.25197752590406064
2023-03-29,1,74,0.6791925490517156
2023-04-22,9,100,0.573706806383433
2023-12-25,17,52,0.463956281502534
2023-01-20,5,127,0.10116921589188521
2023-08-07,17,122,0.8913405820791058
2023-11-23,18,192,0.3324406216203205
2023-09-16,6,143,0.06886053364702127
2023-07-09,12,190,0.21094580964465648
2023-06-17,4,78,0.12438530334771492
2023-02-10,13,162,0.4872294765031078
2023-10-16,3,190,0.7077495270682147
2023-11-29,5,158,0.07341977491569107
2023-12-19,14,30,0.9221703802179986
2023-03-09,4,122,0.8635933818200862
2023-03-19,10,172,0.7644445563051746
2023-12-06,18,96,0.2347192874696269
2023-08-19,9,88,0.6002328363736599
2023-04-02,23,95,0.49217648917405377
2023-11-06,8,181,0.7687420634095486
2023-06-21,17,20,0.3043103287373722
2023-05-11,6,98,0.04251144812826868
2023-10-01,4,200,0.2214628529564595
2023-07-21,11,96,0.3479450404785017
2023-11-05,5,12,0.5731883688455215
2023-03-16,1,128,0.5159478948614896
2023-05-27,3,164,0.30260594174708666
2023-10-08,18,57,0.32711081029752587
2023-08-11,9,174,0.3496551198540786
2023-07-22,13,152,0.16114496276363754
2023-05-13,25,140,0.7091431431881308
2023-02-20,22,64,0.8584482307020568
2023-06-15,24,163,0.616403581811761
2023-03-11,14,193,0.5649638175520244
2023-04-09,18,125,0.3447362721047317
2023-02-06,5,1,0.9777785394476398
2023-06-04,8,197,0.4446258863474707
2023-11-19,8,143,0.061282008268909394
2023-06-30,20,173,0.7095318816689856
2023-03-22,25,75,0.48958655956405905
2023-02-01,10,141,0.05058119863976773
2023-12-06,20,82,0.5691654821010831
2023-03-06,1,116,0.7806906728874321
2023-11-25,24,19,0.21545303569364105
2023-12-14,8,94,0.7904389832531346
2023-05-21,25,30,0.8501337027218917
2023-09-24,9,132,0.10854267077367363
2023-03-14,20,39,0.8595096293514636
2023-02-23,16,81,0.9766249970470962
2023-07-26,8,148,0.19835615946732277
2023-06-09,22,116,0.5340568043873732
2023-05-02,13,11,0.5831070240587247
2023-06-09,4,73,0.3126032425676587
2023-06-15,13,131,0.8469847790653627
2023-01-24,23,175,0.8238097576066449
2023-03-30,5,170,0.12894473916799776
2023-09-13,14,101,0.09426154370745898
2023-08-06,6,105,0.8831259131600963
2023-04-15,5,68,0.14586946179044313
2023-10-24,12,15,0.35337827762956786
2023-03-28,13,161,0.8926632677159152
2023-10-20,23,172,0.35307181817323585
2023-08-08,11,159,0.12125822292333566
2023-10-26,7,20,0.3478600215997508
2023-02-23,6,103,0.5009333038089968
2023-08-27,7,6,0.11721503157651392
2023-11-08,6,179,0.3980751796348795
2023-07-19,16,134,0.5001634032734782
2023-06-15,25,58,0.4061055678733153
2023-07-18,11,72,0.07088259414835685
2023-07-04,22,104,0.28445061691582696
2023-07-28,2,51,0.16904791597920688
2023-01-13,15,23,0.41663636102401647
2023-09-23,11,83,0.532329951328583
2023-01-21,16,26,0.2754916242013449
2023-05-08,9,102,0.44558952037305466
2023-10-17,22,166,0.1271927266976608
2023-02-08,16,161,0.37269427002791733
2023-11-14,4,161,0.4910207634468843
2023-08-24,25,173,0.26126207863953366
2023-05-28,12,48,0.8810169008082583
2023-11-06,25,95,0.21188664436869853
2023-01-01,11,72,0.5139811209146465
2023-01-25,2,96,0.48320501048606745
2023-09-06,13,104,0.7561465809804007
2023-12-18,12,91,0.1591106244393723
2023-11-18,14,114,0.4578723207492016
2023-07-23,5,20,0.9707334549894662
2023-10-10,13,167,0.46806167582328373
2023-06-30,9,58,0.4510665605363201
2023-11-22,3,157,0.6268833650479055
2023-02-26,18,7,0.4559803937511189
2023-01-03,8,51,0.17364512863187065
2023-05-31,2,39,0.5506906639150534
2023-05-23,4,65,0.21275161499238382
2023-06-19,15,132,0.9046401995097184
2023-07-05,17,174,0.05495862078833136
2023-10-31,17,140,0.8607853156752625
2023-03-26,17,175,0.9041236874966734
2023-02-03,21,142,0.913366244854403
2023-07-31,21,97,0.6852264252919116
2023-09-14,11,177,0.388551592550202
2023-11-15,23,175,0.8533911701665298
2023-03-13,17,149,0.27047810358155056
2023-12-22,17,56,0.4360299557690004
2023-08-20,3,190,0.7491245519622721
2023-03-22,3,72,0.7756677342143393
2023-08-28,17,132,0.5181844595254965
2023-12-08,7,52,0.042184533150328773
2023-12-17,22,122,0.058178901948829465
2023-04-14,22,86,0.25365148859013176
2023-03-01,4,197,0.9597933726653408
2023-12-11,25,77,0.019857411993451146
2023-04-17,24,125,0.3871902544567759
2023-06-08,6,141,0.26736518790293473
2023-10-06,1,91,0.4085612693913402
2023-07-19,23,47,0.7264919768628605
2023-08-01,12,174,0.07449036610448423
2023-03-11,8,18,0.8382307647608467
2023-12-16,1,195,0.8369618266845666
2023-06-03,10,48,0.11115348684329207
2023-08-26,3,119,0.4856007378897993
2023-03-25,14,182,0.7705529514818971
2023-03-10,17,110,0.9647537397624276
2023-12-16,25,51,0.021710466666836292
2023-09-12,14,98,0.9644128291260696
2023-05-29,16,123,0.09144440359338446
2023-08-15,22,132,0.7085118661307142
2023-03-15,8,16,0.5289486154919651
2023-07-11,16,70,0.30289294223216046
2023-03-01,17,111,0.14463449170047904
2023-07-04,14,64,0.7851602518425141
2023-11-04,17,197,0.728215782641486
2023-11-30,4,169,0.2937891054873887
2023-01-13,7,37,0.3470733698427082
2023-02-08,9,23,0.04228055828578514
2023-03-21,16,198,0.9217435338399232
2023-08-13,13,29,0.7730777236911607
2023-12-22,2,18,0.8636100061772599
2023-06-06,12,181,0.7340984624606034
2023-08-27,18,121,0.9394231100086524
2023-02-20,11,40,0.46115110133265513
2023-03-13,12,80,0.8293988788169245
2023-03-17,23,28,0.9698738981538878
2023-12-20,14,162,0.8322976506083357
2023-11-24,23,55,0.2710421120400659
2023-09-08,19,19,0.3033753517294603
2023-03-01,8,94,0.05313740567497782
2023-02-20,11,174,0.23551309935752773
2023-02-13,19,42,0.7263397820807033
2023-01-09,6,128,0.491468605685248
2023-01-18,19,197,0.4490924857018105
2023-01-26,25,22,0.4186578170414741
2023-03-25,22,191,0.6554869215428397
2023-09-17,17,168,0.5592011261853015
2023-09-18,9,155,0.7279501525506465
2023-01-29,22,29,0.6222368894322932
2023-09-22,22,7,0.863134657718756
2023-02-05,1,121,0.583102319778655
2023-08-16,3,91,0.7793529489771467
2023-02-05,15,52,0.8250206219318115
2023-12-20,22,142,0.4307368971445348
2023-11-07,10,15,0.3160063782379693
2023-05-12,3,100,0.9884594059478113
2023-03-17,21,149,0.7522958357287981
2023-05-26,17,93,0.28459408218080817
2023-04-28,25,80,0.005303324403430065
2023-11-17,25,184,0.2978145505434844
2023-04-15,16,6,0.7840687427353186
2023-10-27,9,90,0.8827084645126786
2023-08-14,12,162,0.7525315889607264
2023-05-13,24,93,0.9268856778065028
2023-06-27,4,39,0.49308689307174247
2023-06-15,7,199,0.7377449449371222
2023-06-18,9,92,0.48791136678699565
2023-05-22,22,179,0.18802051223622707
2023-03-07,23,177,0.8452692623538935
2023-01-30,23,169,0.13082766620040653
2023-01-25,19,154,0.9221115554413476
2023-05-07,22,186,0.20477257058925413
2023-03-24,5,125,0.13538020992954491
2023-03-29,3,129,0.491311207909506
2023-04-13,9,23,0.9430779203772522
2023-07-24,4,2,0.33408576850256166
2023-09-01,1,161,0.32209266069873665
2023-03-15,24,199,0.6460852831917586
2023-01-25,4,101,0.8558225764781621
2023-10-31,7,137,0.7502529503795384
2023-09-03,25,123,0.6759934504756346
2023-12-26,22,87,0.3292920661675365
2023-10-18,21,142,0.7136704311068757
2023-10-01,11,156,0.37458708683233155
2023-12-18,13,58,0.6879415420415788
2023-12-09,14,69,0.22004209474943737
2023-05-24,16,127,0.14798438575763317
2023-12-27,5,38,0.2319426280112934
2023-04-11,17,166,0.3938631272134351
2023-02-17,15,10,0.5316093728617015
2023-04-10,7,163,0.7366839896274954
2023-10-21,6,144,0.5461418571082508
2023-08-22,4,192,0.5166338454791736
2023-06-13,13,39,0.9126616257018524
2023-01-23,22,139,0.023198362394597605
2023-12-24,19,52,0.8218346500316082
2023-06-09,18,89,0.021990420757597162
2023-06-13,8,32,0.4099917621945639
2023-11-07,17,33,0.08848557098398002
2023-09-27,21,187,0.7911496352176243
2023-07-22,6,83,0.11920611000577586
2023-08-03,20,177,0.662125312315131
2023-10-08,11,54,0.860602976444427
2023-02-03,12,179,0.6750880280537375
2023-05-09,20,111,0.4418512331660449
2023-12-08,23,74,0.6173234435608073
2023-10-18,17,37,0.18857560640331328
2023-07-16,10,160,0.6398282219762543
2023-08-19,1,105,0.5019635778231459
2023-11-09,1,93,0.6927648548568458
2023-07-09,7,40,0.7503974056720984
2023-07-08,16,167,0.3630711275200452
2023-03-09,20,18,0.5302196187426548
2023-05-18,6,136,0.7723172268304201
2023-07-07,10,36,0.2668135982010309
2023-10-11,6,169,0.5527124397336862
2023-04-21,23,119,0.3688829346654545
2023-05-16,24,87,0.08145638264391786
2023-07-23,2,143,0.629799949918219
2023-12-16,24,112,0.3986193811084914
2023-01-06,15,86,0.9121456343850803
2023-01-09,24,147,0.4212820091723225
2023-06-12,18,43,0.31804508935083486
2023-06-06,21,110,0.9879057489634981
2023-07-13,18,178,0.591442438284509
2023-03-01,17,90,0.271652059501331
2023-04-09,8,70,0.6603759079988
2023-04-22,17,112,0.8902389049146746
2023-01-28,15,112,0.2849145718721502
2023-07-02,7,113,0.3462387379646965
2023-02-27,9,23,0.5010162645791902
2023-10-06,6,165,0.652793485586711
2023-06-29,25,80,0.8029257419991271
2023-04-04,5,170,0.2387494563872271
2023-11-20,15,86,0.7559708745145325
2023-10-26,22,43,0.7342621428847622
2023-02-19,6,70,0.6795548895345995
2023-09-03,14,163,0.8293589583247313
2023-09-04,5,33,0.2999551736180568
2023-01-25,15,22,0.4001047199772694
2023-11-14,19,104,0.5014590431179331
2023-11-02,17,75,0.0272176276789291
2023-03-15,8,167,0.9866921181595711
2023-01-02,11,149,0.4974106589852241
2023-07-08,10,15,0.6079099818895921
2023-10-27,4,89,0.6462016227973535
2023-05-01,19,161,0.5900608878984149
2023-04-09,15,95,0.6925132907548877
2023-09-03,4,83,0.6750215275030821
2023-05-21,19,122,0.343890501061783
2023-01-14,4,162,0.3772320813617769
2023-03-24,18,2,0.638242730190856
2023-04-01,17,177,0.5414527831226469
2023-07-12,21,166,0.8718345852630075
2023-08-13,21,85,0.8481000368408448
2023-11-17,17,141,0.8332472405310513
2023-09-24,17,150,0.22845954863036788
2023-06-20,15,41,0.3972270662927303
2023-07-26,22,25,0.5398076901979051
2023-06-08,18,190,0.9511214352317068
2023-07-04,12,146,0.23047341360455897
2023-05-31,9,90,0.7583936131804253
2023-03-09,11,23,0.9518738533911614
2023-04-16,8,127,0.1451798090181361
2023-06-05,11,136,0.4569102777452956
2023-06-28,4,77,0.4096999830897795
2023-09-27,8,58,0.4190029478875674
2023-07-21,16,144,0.676126972423772
2023-12-01,16,167,0.9816762177647554
2023-01-18,3,37,0.053629924994872624
2023-11-17,14,108,0.05201216932137098
2023-03-21,1,44,0.5047817178657913
2023-09-09,16,178,0.1018103988948511
2023-12-30,17,89,0.21019694457807037
2023-11-10,20,189,0.4862595826656847
2023-12-09,25,113,0.6741697440083058
2023-05-05,21,159,0.8239047576527141
2023-10-11,23,41,0.8471694626669052
2023-04-20,2,13,0.4119837664138206
2023-08-15,19,39,0.6450881860267509
2023-08-14,3,83,0.20335958217411187
2023-11-27,10,62,0.27697262596389693
2023-10-08,23,113,0.7574586303522708
2023-06-29,16,158,0.3054610336097786
2023-01-24,7,152,0.10731765359254564
2023-10-17,24,17,0.14058333579443072
2023-06-08,25,136,0.6343164820449066
2023-09-18,10,136,0.14116470618964116
2023-09-10,24,119,0.3086969853892604
2023-11-25,11,113,0.2050898288110231
2023-02-06,16,31,0.15583305288462423
2023-06-23,11,25,0.5279659844370516
2023-07-14,8,184,0.27531075310998576
2023-06-25,4,187,0.2038553947484829
2023-01-04,16,193,0.018215032653976393
2023-06-07,20,92,0.4223049153638707
2023-03-09,7,25,0.9584957540913429
2023-03-03,12,9,0.1013798889335652
2023-10-27,12,36,0.37214031475082354
2023-12-10,9,20,0.3478483518070864
2023-07-28,2,186,0.0055557032281134955
2023-05-30,23,79,0.09553705893562647
2023-09-14,24,109,0.9499692485869063
2023-10-18,17,12,0.6355153418087601
2023-07-02,8,122,0.01548119125126346
2023-06-14,9,74,0.32106133190366914
2023-03-04,6,199,0.6947412505965795
2023-01-24,25,85,0.25073706618194225
2023-11-11,1,111,0.2376155760230636
2023-08-02,14,167,0.9508775906238252
2023-04-24,23,65,0.9354743005331423
2023-03-21,6,23,0.9923321840006298
2023-06-29,17,136,0.7035796976184593
2023-06-22,2,70,0.9889861179115793
2023-07-19,19,128,0.8409164473602891
2023-03-09,19,59,0.9857922955600203
2023-12-12,13,121,0.5788960637557821
2023-08-05,15,122,0.7256800527873614
2023-07-22,8,84,0.26334302156792055
2023-12-12,20,65,0.056003998592783155
2023-04-12,9,195,0.30112428775807154
2023-04-12,12,147,0.982762467083511
2023-05-19,23,46,0.7969538527715756
2023-05-18,17,178,0.9512429065639585
2023-05-23,9,73,0.23878221084641615
2023-11-30,22,100,0.3827258463381421
2023-08-06,11,196,0.26509940340799376
2023-10-04,10,14,0.5417600167777894
2023-03-11,18,162,0.42649346953589296
2023-02-01,22,145,0.1795303719752438
2023-08-03,23,8,0.8781388660266535
2023-12-10,20,191,0.5873775703099207
2023-04-10,6,183,0.3845891559435771
2023-02-09,17,115,0.049893249012098795
2023-03-07,22,32,0.117676353018487
2023-11-12,20,176,0.6852876442641646
2023-05-27,21,11,0.92321463021729
2023-08-04,15,132,0.5017661917177675
2023-07-27,2,75,0.9776681902226889
2023-09-22,15,23,0.8425723939001505
2023-09-08,18,106,0.30972559183347803
2023-07-16,24,97,0.9423440684298444
2023-12-18,14,152,0.4594600496113601
2023-07-13,24,99,0.3344490929504229
2023-09-28,20,125,0.8108125199065456
2023-09-05,14,144,0.7595435202128404
2023-07-24,7,141,0.006431100703008896
2023-11-11,15,189,0.2944682580554441
2023-08-20,5,186,0.5803672533371957
2023-04-23,2,173,0.6992598346644907
2023-03-24,9,30,0.7447486942913952
2023-10-28,17,97,0.6053929886120131
2023-08-21,13,177,0.7691330884084583
2023-02-28,14,77,0.13409484640503977
2023-09-11,10,1,0.7792957894610455
2023-12-24,21,104,0.9337539040550011
2023-06-28,15,116,0.9303629566535019
2023-04-25,11,51,0.7142885491940022
2023-09-29,17,200,0.2631240744587475
2023-06-19,20,124,0.7563315866269936
2023-01-07,21,45,0.3526282822512894
2023-07-01,5,5,0.9918145992056951
2023-08-28,13,48,0.4402920277067598
2023-10-31,17,144,0.29188299590670463
2023-04-25,12,10,0.38291923019332286
2023-02-10,11,26,0.922317447156387
2023-05-25,13,26,0.8619193657306274
2023-11-19,19,18,0.950005090710161
2023-03-10,15,19,0.35194412987444845
2023-05-28,2,162,0.1679732254740005
2023-05-12,20,76,0.7817083488722026
2023-04-24,8,144,0.198662271344466
2023-07-28,2,134,0.11248460549905492
2023-11-26,14,156,0.785692245198127
2023-05-20,3,160,0.2183778619246436
2023-09-19,22,163,0.5305541017359467
2023-09-05,6,85,0.415342396060732
2023-11-21,24,101,0.19377594874548665
2023-05-25,11,26,0.11031564133604232
2023-12-15,1,169,0.9162909130921405
2023-12-30,16,139,0.5540575607351053
2023-03-29,8,41,0.23652106709018506
2023-01-30,7,107,0.889139349702372
2023-06-09,25,5,0.7957534494549093
2023-05-02,16,119,0.10368186339076613
2023-07-05,14,31,0.06056977127105101
2023-11-10,2,160,0.419267147033479
2023-07-26,3,169,0.45013373635096243
2023-05-01,8,169,0.7068477996681918
2023-01-02,6,73,0.4929621470392428
2023-05-18,1,32,0.657289230015878
2023-04-26,23,136,0.1409111869617996
2023-02-06,19,33,0.7928044277122495
2023-04-14,17,106,0.5601796483421487
2023-05-09,3,64,0.29457863152642283
2023-09-16,16,130,0.743626534138247
2023-08-16,23,3,0.21074675544013532
2023-06-26,14,43,0.04002455987161324
2023-11-26,17,118,0.3589766183325317
2023-10-01,3,12,0.11726109076993374
2023-12-08,8,13,0.7585629750209866
2023-09-15,18,64,0.9877686379536749
2023-01-29,11,137,0.4478131355068561
2023-12-17,14,31,0.7018511856289422
2023-08-08,4,139,0.0032414737806274463
2023-04-22,24,133,0.9181404165113383
2023-06-06,2,80,0.5270173646071029
2023-03-22,19,22,0.32943043777116765
2023-02-05,10,169,0.0524191861395813
2023-12-19,24,41,0.008637178556346825
2023-01-23,8,35,0.41683851981990305
2023-10-01,6,72,0.16644545829030444
2023-10-26,6,102,0.006391790942266717
2023-02-22,21,104,0.5640530836806176
2023-08-15,10,151,0.1871754365148236
2023-11-12,8,81,0.8095362635411865
2023-04-19,21,102,0.5721878223577479
2023-08-14,8,129,0.2779459328643613
2023-01-21,15,94,0.2352110265938323
2023-11-11,17,193,0.9945578703651834
2023-08-04,13,37,0.315394534855427
2023-04-20,11,169,0.5890799698631835
2023-02-19,19,33,0.796285615039461
2023-07-24,17,162,0.9592877577285966
2023-06-12,2,150,0.9933199373256455
2023-05-27,14,114,0.5921941554726844
2023-11-03,7,142,0.3273425220920726
2023-10-31,15,110,0.5984889272218684
2023-08-20,2,81,0.6072379241955631
2023-10-19,14,6,0.9873245635798766
2023-02-23,4,17,0.3947152924392686
2023-01-24,6,53,0.492130878890528
2023-04-17,20,37,0.8850601905947968
2023-10-20,7,34,0.8938328075803751
2023-02-23,16,193,0.529063144096543
2023-02-03,1,59,0.4182969508061344
2023-12-11,3,3,0.24352142799192944
2023-04-28,15,21,0.3448449432716053
2023-07-12,1,120,0.6397494915311335
2023-09-08,19,49,0.5032896985676414
2023-06-28,10,150,0.545694552193139
2023-10-19,10,126,0.842475119379937
2023-05-29,5,163,0.15989382676631725
2023-05-24,19,104,0.12250903100887134
2023-12-04,9,112,0.7507116735920031
2023-07-05,1,93,0.8113642329935405
2023-08-20,16,134,0.8371902323975275
2023-07-08,15,154,0.206662762144871
2023-01-29,5,22,0.12756842036606075
2023-05-26,23,113,0.07382754338005404
2023-06-16,15,45,0.15665607720003272
2023-04-15,2,50,0.5520762900345476
2023-09-01,25,17,0.5332849068171095
2023-04-18,11,184,0.65682944124968
2023-04-30,21,83,0.7756422793012103
2023-01-02,10,167,0.37617452994338907
2023-01-20,18,156,0.18028812828782348
2023-10-12,7,165,0.7929806324554095
2023-09-11,2,21,0.24223700415019944
2023-07-28,9,171,0.3337581390353247
2023-09-21,8,140,0.8560461836442683
2023-06-09,9,43,0.5534817898161432
2023-08-13,7,64,0.15776532541200472
2023-08-12,7,152,0.4437394505406401
2023-02-23,13,180,0.05690960133895906
2023-11-20,25,98,0.7017223497513853
2023-10-18,14,5,0.578889258696841
2023-09-16,18,138,0.8655748682512302
2023-12-03,3,168,0.16128429673392386
2023-04-05,1,166,0.8225274900811603
2023-08-08,25,57,0.5189511334947882
2023-10-10,11,7,0.5153835580957085
2023-08-17,17,155,0.5832920688938537
2023-06-01,12,167,0.4951452374939971
2023-10-25,18,122,0.40597960557585866
2023-10-11,16,102,0.6041030497041889
2023-10-20,3,16,0.8736833690914002
2023-11-16,14,16,0.030581459723824422
2023-05-09,12,103,0.48133738440558105
2023-03-27,12,88,0.22062508162416994
2023-07-06,17,134,0.6842226117639069
2023-06-17,12,64,0.9579464816635767
2023-05-16,11,138,0.890585239452042
2023-03-31,14,21,0.5483202542941824
2023-06-23,18,20,0.9735092746296292
2023-01-14,7,80,0.9277663860097598
2023-02-28,4,60,0.39650984594589755
2023-06-17,13,11,0.8901694274572677
2023-02-26,24,129,0.7486460338778836
2023-04-26,3,68,0.7800469837887546
2023-12-09,4,144,0.1336962908562056
2023-08-19,16,75,0.9699447325053813
2023-01-25,15,10,0.6351900262142531
2023-01-15,4,83,0.6765081922208707
2023-10-25,20,182,0.592193943011058
2023-06-12,21,132,0.9670805602450561
2023-01-26,7,174,0.3360287432666882
2023-11-06,2,129,0.029924145927739176
2023-07-29,1,46,0.7552786277477165
2023-06-24,22,190,0.8965853916334124
2023-08-09,24,124,0.6722053396298009
2023-04-21,6,192,0.9966544109903169
2023-12-04,5,102,0.5347020969557483
2023-04-16,5,161,0.2360935333066453
2023-11-13,20,4,0.5749827271597888
2023-12-04,15,175,0.4623813566193995
2023-06-09,20,141,0.47718380698104634
2023-10-27,7,33,0.7070785207361804
2023-01-18,13,167,0.4547955458539241
2023-11-26,2,119,0.4647880913555511
2023-11-07,14,54,0.8378126726075056
2023-12-26,2,91,0.9177725025923881
2023-09-09,2,159,0.7441472884464573
2023-06-09,15,5,0.7221063428078925
2023-06-12,2,186,0.4111950200158261
2023-04-03,17,33,0.22803572956853468
2023-09-15,5,51,0.2653748670718846
2023-12-18,15,148,0.04948385528667687
2023-03-11,22,156,0.5436809575892996
2023-01-31,9,107,0.9209942421168371
2023-06-23,6,157,0.578886648051743
2023-01-12,14,200,0.5639462914108426
2023-02-27,13,76,0.105901999512799
2023-10-16,3,19,0.6053563551330613
2023-06-13,22,167,0.04153168919606809
2023-02-25,3,115,0.8049782934517707
2023-12-18,9,74,0.15958204389217212
2023-02-20,12,26,0.32387775214300973
2023-05-05,12,129,0.3776055962683921
2023-04-30,15,65,0.17779085435883868
2023-12-31,9,97,0.7605192006652197
2023-05-13,18,45,0.3656685232329182
2023-10-15,3,182,0.6379251118375725
2023-06-07,1,3,0.562993275831725
2023-01-01,3,16,0.5745283368851509
2023-04-02,5,193,0.21935021504760177
2023-12-19,14,109,0.7619993411924
2023-03-11,9,173,0.8011886787363275
2023-05-11,6,178,0.271816532357939
2023-10-01,3,155,0.8764173537271238
2023-09-25,4,91,0.3724069357403834
2023-07-12,1,170,0.44638154669343577
2023-08-30,10,143,0.6677738702122671
2023-07-17,23,106,0.6027002673172203
2023-05-04,20,46,0.6685340506106738
2023-06-27,3,195,0.6286903580240828
2023-07-03,11,81,0.3615918146338851
2023-11-24,10,32,0.39820047154480087
2023-08-10,7,42,0.03217256719795525
2023-12-22,19,123,0.4917686420561749
2023-12-19,18,127,0.5171332009418347
2023-03-01,8,92,0.3286472471269948
2023-07-12,19,138,0.3067395710641855
2023-07-20,15,181,0.8421499717343431
2023-12-19,8,33,0.6355534629514276
2023-06-17,19,28,0.19365485044219377
2023-04-02,4,26,0.6318303336499678
2023-01-22,16,8,0.23989511602120728
2023-11-18,4,55,0.8710188540687438
2023-04-19,2,183,0.6890616023249454
2023-03-29,5,36,0.7829056888987007
2023-12-29,7,192,0.07092986982612537
2023-05-02,11,27,0.8116427294605313
2023-02-19,17,100,0.09165998318597746
2023-12-15,3,116,0.5182842708109657
2023-03-08,4,3,0.32595842570784317
2023-02-28,13,114,0.40128338808725816
2023-05-02,11,194,0.46576301800449293
2023-02-14,4,110,0.8274460396780695
2023-11-22,4,149,0.8277542564649178
2023-01-04,17,122,0.13070464697702422
2023-07-21,8,80,0.6420566798831018
2023-06-24,8,15,0.4864867030788357
2023-02-18,8,100,0.277995038094375
2023-12-21,25,104,0.5069264608271845
2023-03-19,11,168,0.9130449953549741
2023-01-12,18,98,0.8810121264097723
2023-06-20,1,103,0.008088441414121128
2023-08-05,13,29,0.029474422468325212
2023-06-28,9,19,0.4152487915161922
2023-03-09,13,17,0.716440486606367
2023-08-08,20,199,0.48939086080050087
2023-05-30,23,67,0.2513921743788857
2023-10-05,18,23,0.7418516264124709
2023-01-06,5,116,0.8389692098539078
2023-09-16,10,162,0.2912476815045054
2023-10-09,15,126,0.08985579898692475
2023-03-18,5,121,0.017702712724962932
2023-07-28,7,123,0.9680078360569173
2023-01-16,1,167,0.9673832317277418
2023-11-28,25,101,0.1276431741846641
2023-02-23,17,28,0.14535614383957074
2023-01-14,4,15,0.1637672727131495
2023-02-21,23,150,0.49029842628590337
2023-10-30,4,91,0.894146724692783
2023-08-31,19,160,0.6399333772903084
2023-04-19,4,76,0.08817768007304405
2023-11-27,25,103,0.71871203518476
2023-08-31,19,24,0.4845332887962439
2023-11-24,25,184,0.2731487365486246
2023-01-18,22,71,0.37380377783849683
2023-12-05,19,178,0.9416872088881473
2023-05-26,2,159,0.054849043785499485
2023-02-17,25,75,0.3873697839349719
2023-10-10,6,161,0.018289857967551115
2023-07-28,11,54,0.34370303514482015
2023-05-13,24,177,0.4886543905526184
2023-10-17,17,12,0.8746851008940458
2023-03-02,4,179,0.9890066974443947
2023-03-19,10,135,0.3686160229256946
2023-09-03,17,17,0.11786807879735439
2023-04-23,2,63,0.3728777376863187
2023-04-25,12,113,0.05410965554886815
2023-11-07,22,190,0.1390362631772899
2023-12-25,4,136,0.21691238509924282
2023-03-22,23,11,0.8073241332759853
2023-08-14,3,91,0.5634288010932866
2023-03-31,6,160,0.18512663734096357
2023-10-03,3,81,0.6294529365226399
2023-07-13,15,114,0.4640401843183454
2023-11-14,19,156,0.48861568185574433
2023-04-20,24,95,0.2355220773874268
2023-02-10,23,59,0.4803243837748239
2023-02-21,2,92,0.9993382905634727
2023-09-18,14,78,0.8292785644173435
2023-02-22,17,199,0.7240453251715595
2023-12-27,20,177,0.7080747955770931
2023-12-30,20,111,0.5754480547954871
2023-11-30,15,196,0.035367636977595485
2023-05-27,25,138,0.9827930429997283
2023-08-08,7,18,0.9882460226988047
2023-12-20,4,83,0.965075993936057
2023-09-26,23,198,0.5671839830732043
2023-06-10,19,117,0.6108643929628614
2023-06-11,23,116,0.4151659158925558
2023-12-02,21,7,0.5534458426197527
2023-10-02,20,22,0.4524856405060276
2023-07-12,8,132,0.26343283713897303
2023-01-18,13,90,0.8708978024703115
2023-04-29,13,52,0.9600144951300497
2023-01-07,1,36,0.4090725763626698
2023-08-07,4,158,0.25825127825789096
2023-10-15,13,54,0.7594676010128455
2023-12-06,1,136,0.9342549962577595
2023-12-03,15,89,0.9480918308381041
2023-12-28,7,74,0.5347699751381424
2023-01-24,16,59,0.7840047926759255
2023-05-30,8,61,0.46078579603983594
2023-10-07,13,190,0.7431362891398766
2023-02-01,9,44,0.5501003983964963
2023-09-12,12,120,0.7390612073014741
2023-08-28,9,125,0.7938186516717072
2023-07-20,16,117,0.18035391361385966
2023-04-18,14,168,0.6977188199618866
2023-06-09,8,181,0.6104120259399876
2023-04-04,19,81,0.49309024212436003
2023-09-09,9,191,0.01692222733955706
2023-07-19,9,1,0.5768419670654493
2023-05-22,15,86,0.7247672719608429
2023-02-12,25,61,0.059256879745550495
2023-04-27,23,76,0.44478288138400857
2023-12-21,6,9,0.7004687509577946
2023-12-18,20,185,0.31184367763071075
2023-10-24,1,107,0.2473137992219714
2023-07-24,2,115,0.10786209069133912
2023-08-20,24,197,0.7744246156883725
2023-01-01,2,148,0.9073409077832943
2023-01-21,5,170,0.5613683615229307
2023-11-29,5,121,0.11617516672135286
2023-08-26,12,10,0.66078463283261
2023-03-12,20,114,0.35352949082512886
2023-07-11,23,36,0.4489054417839251
2023-11-27,22,65,0.15774581007365862
2023-01-11,23,125,0.6068750049458024
2023-12-26,18,143,0.41149466634569687
2023-12-23,3,132,0.9461900991444161
2023-06-03,1,146,0.6864945717972322
2023-08-18,20,180,0.5539561446438568
2023-09-04,8,66,0.9487810681680726
2023-02-01,3,118,0.8290193586361927
2023-03-14,24,122,0.14153136352266926
2023-03-03,25,100,0.6506030448122129
2023-04-19,20,188,0.8766286396389628
2023-07-25,19,132,0.3379274040708624
2023-02-22,10,62,0.8308449302036627
2023-10-18,23,3,0.5901410553572162
2023-09-19,6,185,0.6426531512276159
2023-11-28,8,177,0.7139582351366635
2023-03-10,1,114,0.2720854875167277
2023-04-16,17,95,0.3772872022081013
2023-01-29,15,42,0.35253802107298027
2023-01-15,25,16,0.3827478806014212
2023-10-08,19,156,0.5176031215070112
2023-05-08,5,171,0.8410481775087842
2023-07-20,24,110,0.3455612242197368
2023-10-07,9,143,0.0898812867250044
2023-10-12,23,159,0.3814741948343223
2023-12-10,13,197,0.36974845829619574
2023-03-01,22,134,0.1693047036448928
2023-12-24,3,27,0.9593361137188559
2023-01-08,1,134,0.21195606464901118
2023-11-01,7,170,0.269528359690412
2023-12-11,11,107,0.42506287226663253
2023-04-10,24,191,0.9677937226585827
2023-09-14,19,119,0.6735973116002983
2023-08-14,23,27,0.25222253918776194
2023-02-08,5,150,0.2674124761520813
2023-12-01,10,148,0.4749269012534455
2023-10-24,1,139,0.7811114836465564
2023-11-08,23,5,0.18290523523773006
2023-09-17,12,159,0.7069487941409162
2023-07-07,22,123,0.48578543638016325
2023-07-08,14,19,0.41624033720970743
2023-11-27,2,91,0.604563447590295
2023-08-19,23,87,0.5392973766859032
2023-12-30,24,85,0.3379254218693455
2023-09-02,23,149,0.123875817750565
2023-02-11,18,186,0.0023245097932710346
2023-08-08,15,31,0.28076014500038105
2023-08-13,18,191,0.2081006100764382
2023-02-13,9,86,0.4276485782371293
2023-07-26,24,106,0.2582089528590268
2023-05-20,21,100,0.3138707576799732
2023-07-06,7,129,0.24950889861190917
2023-07-29,6,67,0.8190818843864028
2023-12-26,6,195,0.539732185566452
2023-07-02,23,13,0.05323773046954394
2023-09-26,4,117,0.252164013627853
2023-01-16,10,97,0.7909142910036701
2023-02-08,9,70,0.015996435535596043
2023-09-13,12,120,0.5237366946190064
2023-01-13,21,43,0.43644314088579816
2023-09-23,12,106,0.857502531639314
2023-12-24,16,20,0.3269418492540158
2023-06-19,20,179,0.24392960227270488
2023-10-26,15,29,0.35985668196980913
2023-03-25,24,30,0.5743856740268325
2023-10-24,4,172,0.7290275822710731
2023-04-24,14,124,0.8216201572411892
2023-06-10,16,72,0.893449490011573
2023-08-23,11,128,0.8354460200998899
2023-08-10,4,190,0.6269469291054113
2023-11-08,23,147,0.39033619990038937
2023-07-10,21,28,0.02605545159709699
2023-06-18,15,111,0.7277767618650663
2023-03-15,24,105,0.22587801563113474
2023-10-24,20,51,0.6792990341114563
2023-08-16,12,106,0.19305136222497365
2023-01-23,6,89,0.6754328077778905
2023-01-06,25,110,0.16927517792431068
2023-11-11,24,36,0.35282774923721716
2023-06-14,16,49,0.13587324442450066
2023-12-25,5,74,0.18918907409253882
2023-10-19,8,9,0.7454888405242246
2023-10-01,20,35,0.48497958282586573
2023-04-12,16,96,0.5367528617705898
2023-12-22,17,104,0.9832063794262789
2023-03-03,19,106,0.2867977220942932
2023-01-25,14,72,0.00971369043267234
2023-05-23,21,197,0.6844107029249369
2023-10-23,22,9,0.8867802563276205
2023-10-06,4,63,0.6528022330155125
2023-12-11,3,198,0.7533484990859651
2023-05-03,19,88,0.748001844439537
2023-03-01,22,20,0.08920822385883143
2023-10-12,6,151,0.09196431315670939
2023-02-05,16,60,0.4049554866597276
2023-04-08,13,59,0.4785999019377658
2023-08-17,8,108,0.9273081927141004
2023-11-29,16,20,0.0177679282376062
2023-08-09,2,114,0.06462967200283987
2023-07-13,23,85,0.7518499765767461
2023-05-07,23,159,0.43414185768598046
2023-04-28,7,101,0.15334757787113906
2023-11-03,25,146,0.7664357197366404
2023-11-09,14,112,0.9125436701428444
2023-01-21,9,185,0.14128071525631603
2023-12-06,10,26,0.9255925620165776
2023-10-17,16,66,0.5267822403907316
2023-04-06,14,140,0.43036901274261596
2023-10-07,2,54,0.37935766686234684
2023-09-17,4,126,0.5509540656972385
2023-11-20,9,16,0.921449515573915
2023-08-05,23,186,0.8595523633359361
2023-08-11,6,106,0.05365139181935474
2023-10-02,16,115,0.750006912945883
2023-12-05,25,52,0.6503261512457661
2023-07-24,16,93,0.15704735611243648
2023-09-10,6,137,0.2246827272643579
2023-08-05,17,111,0.8361003864835
2023-06-28,24,132,0.7840330585958665
2023-11-25,22,176,0.609863158560721
2023-10-30,23,148,0.5059250876021919
2023-08-16,7,14,0.28987411171966915
2023-11-21,15,112,0.9443848783069585
2023-06-22,19,95,0.9075019198595272
2023-04-24,25,116,0.08132128346315992
2023-06-18,24,52,0.8616002673462906
2023-06-27,10,18,0.44417643394758743
2023-01-18,13,46,0.1272855803398366
2023-04-22,18,181,0.7596123218043086
2023-10-01,16,24,0.01467533176081981
2023-06-24,10,95,0.7991623160337311
2023-06-06,8,170,0.687095293519493
2023-08-01,7,80,0.21074052977410596
2023-07-14,15,108,0.7833330701112468
2023-03-10,7,171,0.339607713309932
2023-03-18,10,118,0.688870892026686
2023-04-14,21,159,0.7076589378935838
2023-05-18,9,58,0.8539560315262651
2023-08-15,13,189,0.25501929544932367
2023-08-31,14,164,0.570707443254463
2023-11-22,22,168,0.8163636737957508
2023-10-09,17,81,0.6262925270820279
2023-07-12,4,43,0.6230351169982677
2023-07-02,14,162,0.5374161164343575
2023-06-30,4,154,0.83721407816688
2023-02-09,11,19,0.911072928795535
2023-05-09,17,29,0.3314317249055636
2023-02-15,25,159,0.5329301799724366
2023-08-29,20,74,0.2598860110387802
2023-12-05,21,74,0.7712232592099332
2023-10-24,3,23,0.36378749771770436
2023-10-26,13,151,0.9560202822293061
2023-06-06,16,42,0.6392099719240144
2023-09-11,24,114,0.3117072895123506
2023-01-30,9,159,0.656915572908841
2023-04-19,1,14,0.013050814644898434
2023-05-01,20,190,0.5726525448978028
2023-03-04,9,22,0.5718868478817121
2023-10-26,11,34,0.4205065113143326
2023-12-23,15,140,0.16593706200097558
2023-01-06,16,192,0.5768470846944143
2023-05-27,24,41,0.0010553863074285186
2023-07-27,5,164,0.046571765312898195
2023-09-29,19,131,0.5135932923614157
2023-03-29,21,60,0.5802577887015853
2023-05-17,13,62,0.3401177707566606
2023-10-03,1,196,0.9438704087313298
2023-06-07,12,57,0.34854465889642805
2023-12-24,4,33,0.8830914628217752
2023-11-17,22,84,0.43665147243041547
2023-06-02,6,143,0.5443481646264351
2023-04-04,22,47,0.5054514275771331
2023-09-19,10,142,0.9280681126582415
2023-04-17,21,124,0.839542728415989
2023-12-31,15,105,0.5028075715383057
2023-09-20,1,69,0.8559405945468804
2023-08-02,7,37,0.03783199268549964
2023-02-22,13,119,0.9831269839156025
2023-06-17,8,126,0.48880697367628667
2023-12-27,11,151,0.4634048574297851
2023-07-29,11,152,0.12943079442758076
2023-11-11,23,53,0.05126400453693036
2023-07-29,7,98,0.6872843016356954
2023-03-17,7,40,0.7233214090542277
2023-10-01,1,28,0.23993707182241764
2023-03-30,5,44,0.4377224845654921
2023-01-20,4,119,0.536232374601226
2023-08-29,16,54,0.7663452809188707
2023-12-12,1,60,0.22518187492878305
2023-01-20,23,45,0.8274651182420356
2023-12-31,23,36,0.3355270761443888
2023-08-18,20,61,0.14286761038222717
2023-12-27,11,93,0.20994548358557386
2023-09-01,24,166,0.2561971151752429
2023-01-10,14,192,0.5155313114389082
2023-04-15,5,185,0.4144988628300973
2023-06-26,18,23,0.4246645084330265
2023-05-30,7,18,0.05014550263844242
2023-02-06,12,57,0.306081290924788
2023-12-05,9,48,0.6599836183908685
2023-08-20,17,131,0.0784575950455263
2023-05-28,18,16,0.36089637429177046
2023-07-31,23,56,0.6772124110521579
2023-06-29,15,102,0.15956490783260047
2023-02-06,17,119,0.2429607305694026
2023-02-17,21,87,0.9344800482388904
2023-11-15,6,162,0.11998604984019712
2023-01-02,18,102,0.21449495238461969
2023-10-23,17,61,0.6328819628041847
2023-03-04,25,154,0.8813031952723976
2023-04-18,18,53,0.3236668876689487
2023-02-04,23,58,0.9049292199722537
2023-10-01,19,4,0.8922873421200872
2023-04-29,1,176,0.3210203121597316
2023-05-07,13,73,0.17380975446803126
2023-05-12,19,95,0.5994833159869681
2023-04-07,21,199,0.48074037916011503
2023-09-19,8,12,0.8426852762288001
2023-02-22,9,28,0.925627972978562
2023-05-23,6,90,0.4025967834971623
2023-09-18,4,59,0.9978338692588247
2023-08-07,19,135,0.43578534372702826
2023-09-19,9,32,0.1911146893602217
2023-01-06,7,136,0.23428229475763163
2023-12-03,12,85,0.18400752702048084
2023-01-09,4,180,0.9321270516953681
2023-02-09,21,50,0.5833860100780096
2023-07-03,10,153,0.28223140902596533
2023-06-03,9,71,0.4978917992374816
2023-05-24,6,104,0.35791162034265733
2023-03-14,6,144,0.2831754051464612
2023-08-01,19,68,0.4356611451455622
2023-12-12,7,29,0.43304177622936
2023-04-15,9,130,0.6416543793149838
2023-10-04,2,84,0.9565148175257037
2023-08-26,14,143,0.44470808949395757
2023-11-27,3,164,0.3202037702835895
2023-06-23,4,23,0.9371800211994645
2023-10-20,24,54,0.10032096568292348
2023-01-01,9,150,0.9167308971840564
2023-12-25,17,93,0.953163452036001
2023-10-19,2,123,0.9567955174783306
2023-04-29,7,87,0.5599251075604232
2023-10-07,2,97,0.29079554606960634
2023-10-29,2,123,0.917951831304148
2023-02-19,8,121,0.5379543364313748
2023-04-08,13,168,0.2692698571605261
2023-10-10,10,51,0.08875167134520479
2023-12-15,12,160,0.3123976148080496
2023-03-08,14,49,0.9404553922472777
2023-12-07,23,157,0.2367646810449704
2023-09-13,21,44,0.5288997637975456
2023-11-25,15,151,0.5642541597080365
2023-05-07,17,68,0.6783743596621423
2023-12-08,12,127,0.759286506088644
2023-01-11,9,158,0.3917571187390242
2023-12-02,8,88,0.6938284348279848
2023-03-29,18,196,0.6865415300284123
2023-09-09,14,174,0.4690548249250126
2023-01-04,10,183,0.4365567006769018
2023-07-26,14,21,0.5202541478137119
2023-07-22,21,131,0.46494519344570595
2023-05-13,13,157,0.9336986720460613
2023-08-27,6,40,0.27252096508950374
2023-11-11,14,18,0.6104286134112596
2023-04-04,9,62,0.5096819971939097
2023-09-15,23,149,0.2823800292598734
2023-01-05,23,169,0.07556936868187325
2023-09-10,9,94,0.747012413046859
2023-03-17,13,67,0.8013937158872118
2023-03-16,15,112,0.5482972923502935
2023-03-03,7,58,0.31654860286926
2023-05-28,25,118,0.5055875508055558
2023-12-28,8,88,0.661632687179091
2023-10-28,18,86,0.3866601240503975
2023-06-13,24,183,0.3318531854883334
2023-02-26,17,68,0.022669007544715347
2023-07-27,17,58,0.6321679227821977
2023-03-31,5,121,0.3941256716703516
2023-01-12,18,185,0.1410678494912877
2023-08-19,2,11,0.13937986574124117
2023-03-05,15,188,0.786132234444857
2023-12-01,9,154,0.7865131238540684
2023-11-04,2,110,0.392447788609288
2023-11-28,7,11,0.4917177464217678
2023-10-11,2,28,0.982018221326037
2023-02-16,2,171,0.35070620810188025
2023-07-23,14,152,0.26825753533201413
2023-08-12,7,39,0.06830980921196184
2023-06-17,17,180,0.6216739827613016
2023-06-16,15,153,0.2406614505922301
2023-02-10,13,27,0.6083022746706787
2023-11-08,25,10,0.8839458158969492
2023-12-26,3,70,0.8026805688535789
2023-01-02,5,88,0.6065523913678258
2023-09-24,6,170,0.6483309093063577
2023-07-15,7,55,0.31881305991414877
2023-03-19,2,119,0.4596638357613996
2023-08-01,23,154,0.21456936566141638
2023-12-11,4,89,0.8787371121762831
2023-02-04,25,137,0.49178428909131977
2023-06-18,3,96,0.7613056805847036
2023-04-27,14,62,0.21538633964233822
2023-05-07,16,177,0.614792988621495
2023-02-10,5,26,0.8725804741962186
2023-03-06,24,15,0.7076400820912351
2023-08-02,12,107,0.9465444187465416
2023-01-01,19,70,0.531792556187383
2023-03-31,21,197,0.5595807649638318
2023-04-18,14,161,0.001770910816422444
2023-05-23,24,60,0.13117106375276943
2023-10-03,21,140,0.7962076123154882
2023-03-16,8,174,0.925077111954939
2023-01-13,1,47,0.5954874982693247
2023-08-29,10,55,0.20027342585853014
2023-12-06,20,61,0.5621297715342914
2023-08-27,9,174,0.5801222762093181
2023-12-13,19,68,0.8251470104391957
2023-06-06,12,139,0.813421279613064
2023-10-22,11,29,0.15127287449825533
2023-04-12,9,165,0.49271996496359716
2023-03-22,16,149,0.4375451766174936
2023-03-05,15,172,0.07041076204758356
2023-02-22,10,163,0.6279066474671146
2023-07-23,4,171,0.9804389065728663
2023-02-27,5,36,0.2471954810092536
2023-02-22,20,11,0.4544992208319205
2023-02-06,4,108,0.047134588432055646
2023-12-06,13,180,0.6642940292292331
2023-06-20,25,148,0.4431570510693259
2023-03-07,18,104,0.8532124117881791
2023-02-11,2,101,0.9099877988432846
2023-11-05,13,120,0.8496981846054067
2023-07-19,17,156,0.22058072402293794
2023-06-13,19,25,0.10520789940648434
2023-07-31,3,63,0.49953003026247444
2023-09-09,2,192,0.16227848596710814
2023-08-20,9,53,0.10152382221037592
2023-12-16,22,95,0.8046602687345877
2023-04-07,22,137,0.3697834028139124
2023-03-11,17,126,0.4210683368199236
2023-09-18,8,148,0.7090614928839302
2023-04-01,18,9,0.15691977996083095
2023-03-30,11,149,0.5749884900076653
2023-11-21,17,174,0.11209434248239036
2023-05-02,1,70,0.8913016585965976
2023-07-12,17,81,0.9082777192374609
2023-10-05,20,199,0.22967887545939047
2023-07-03,12,97,0.20334970233026284
2023-07-11,6,70,0.6364369177562204
2023-02-11,2,143,0.8078830549869528
2023-08-22,4,175,0.9012681559081493
2023-06-26,4,9,0.44372471305210825
2023-04-10,13,63,0.11159782593588441
2023-02-23,12,187,0.4105440487890537
2023-04-18,19,19,0.2891787382462475
2023-10-06,9,89,0.18036274260630203
2023-07-08,11,15,0.8848470043663188
2023-09-18,15,18,0.28380943312286944
2023-12-31,15,182,0.2078184355537721
2023-12-10,5,131,0.8977930049281847
2023-04-13,8,106,0.772137669531969
2023-02-28,10,179,0.4424121863361026
2023-12-20,14,147,0.08073290475836448
2023-03-13,6,169,0.1101266828097135
2023-08-28,23,108,0.9670821446316901
2023-01-18,24,198,0.3842754818286044
2023-09-08,20,162,0.06626703403929213
2023-02-10,21,4,0.8964598931772764
2023-04-14,5,169,0.5382323897034079
2023-06-29,18,132,0.4050855204109296
2023-09-25,4,8,0.6211016752042751
2023-12-30,23,148,0.3529971966391672
2023-03-15,23,140,0.8230911568251124
2023-12-11,11,42,0.6266055001079062
2023-07-08,8,89,0.15185069301347975
2023-11-17,14,29,0.5166729119178568
2023-07-13,9,30,0.15937954806089627
2023-08-21,24,97,0.748207962362468
2023-12-11,1,91,0.8156225963346736
2023-11-21,9,162,0.15945493526129562
2023-08-26,24,153,0.11020213121848077
2023-10-03,19,161,0.038471987241231576
2023-03-02,7,130,0.211027297114747
2023-02-15,2,7,0.12362837285533956
2023-09-08,3,142,0.8697864147840426
2023-06-06,5,38,0.421057566627405
2023-11-24,7,87,0.9221126248978878
2023-12-19,19,18,0.1688971261109561
2023-09-24,23,80,0.8045068763457881
2023-05-16,23,71,0.8176518032592377
2023-02-04,4,96,0.714027157784276
2023-07-27,8,165,0.6182526505608619
2023-05-19,7,20,0.9894258928857981
2023-12-23,4,126,0.738658126219926
2023-07-04,17,95,0.35806664989965664
2023-03-08,18,59,0.7955078404105438
2023-11-06,7,21,0.6382852333258225
2023-11-24,15,166,0.7160790552436607
2023-10-14,4,18,0.4889781848868898
2023-10-01,3,61,0.8320620700552596
2023-09-27,21,20,0.7963795606445603
2023-09-18,20,51,0.02993004354412354
2023-05-05,15,176,0.5217577607004176
2023-02-21,21,165,0.9314891783638054
2023-01-03,2,41,0.22131174669854892
2023-11-03,16,137,0.5953672052789692
2023-10-05,8,73,0.7537094119868407
2023-10-16,2,17,0.05119053213747038
2023-04-08,14,158,0.29254516856917123
2023-02-11,13,71,0.2979188586857212
2023-08-05,20,195,0.046557539462934394
2023-08-26,14,133,0.723500297218257
2023-05-03,19,87,0.2623962129171281
2023-12-21,3,15,0.09081496571686676
2023-10-09,13,29,0.5367905979664894
2023-12-25,24,99,0.1634162204788443
2023-03-01,4,87,0.15256937462081832
2023-12-31,19,83,0.9723442661510785
2023-09-19,9,48,0.03500534962952073
2023-01-01,17,165,0.25126903063857964
2023-06-05,11,158,0.8265181328579467
2023-04-27,4,112,0.9247915598502939
2023-10-06,25,200,0.5379731667629751
2023-02-23,3,108,0.8082592620012565
2023-01-14,5,69,0.20496044352174236
2023-10-07,13,4,0.3842894662787262
2023-10-14,17,184,0.2852015262717912
2023-06-18,18,43,0.5968299251786126
2023-10-26,7,45,0.23441747847092154
2023-11-07,12,29,0.5785777488916869
2023-10-19,3,1,0.7576878167742865
2023-04-12,4,72,0.77049191817441
2023-05-02,15,160,0.27957774153069026
2023-04-30,16,86,0.170723338177743
2023-08-27,8,198,0.8590087730438293
2023-06-30,3,163,0.7055835447372014
2023-01-15,4,3,0.7967418639727261
2023-04-22,10,191,0.5992225318941184
2023-06-22,11,186,0.22325231496660847
2023-09-01,23,134,0.2716350875114656
2023-10-11,17,150,0.13461217570348472
2023-10-07,17,104,0.812190356793004
2023-03-07,7,62,0.150385546814214
2023-07-07,15,117,0.8486268333538703
2023-03-29,7,37,0.14808289200340086
2023-08-05,25,144,0.05558303613411297
2023-06-02,5,94,0.0639934058857341
2023-10-07,8,147,0.503223953682633
2023-08-12,6,77,0.7972945101544308
2023-12-15,11,127,0.8702758525157949
2023-03-18,14,165,0.36282617057326416
2023-06-23,24,196,0.010188414000024903
2023-02-24,25,12,0.09577390104698513
2023-07-16,11,47,0.17311813134653464
2023-04-14,8,193,0.6255944989612983
2023-09-19,17,13,0.6000720509313401
2023-10-02,10,127,0.031896116416719855
2023-08-06,16,179,0.7392017743460844
2023-10-06,8,188,0.37258575716960385
2023-02-15,19,165,0.9806814869974005
2023-10-31,22,139,0.5080998935891408
2023-08-19,4,167,0.5064178043167832
2023-04-20,4,44,0.9600707039135532
2023-08-31,25,132,0.5798029934613813
2023-03-23,14,20,0.9619689108201318
2023-08-14,12,113,0.028517967337421513
2023-11-12,13,38,0.814521264356995
2023-12-11,5,162,0.5371356447391834
2023-07-27,17,183,0.7411684170789767
2023-05-27,2,151,0.08383323181973223
2023-08-27,13,183,0.08856192788633976
2023-01-05,23,85,0.35869922417102573
2023-02-05,23,53,0.002057062744960647
2023-02-17,6,168,0.08734971187039453
2023-01-16,22,182,0.9999203144598635
2023-04-21,6,127,0.8354788837005809
2023-10-06,1,108,0.7812755688956399
2023-07-15,25,35,0.1387212426445915
2023-09-23,23,61,0.7278002249783037
2023-09-04,8,140,0.18631348513456025
2023-05-04,16,80,0.6057714180605382
2023-05-02,20,22,0.9634224860949874
2023-02-24,25,131,0.4609959033047488
2023-07-13,18,200,0.9470275751153444
2023-02-02,6,12,0.21595296199378056
2023-06-12,18,140,0.3641345839557377
2023-12-14,4,28,0.6106666285366094
2023-01-14,16,102,0.00537633154047501
2023-10-29,22,9,0.37270256098645993
2023-05-24,19,74,0.9462046173876214
2023-07-17,14,55,0.23312275814720362
2023-12-24,7,91,0.6496357945772683
2023-11-29,14,27,0.415947827092188
2023-04-26,5,185,0.5508618741651584
2023-06-01,25,178,0.9875059096892255
2023-04-17,9,44,0.4659834849692692
2023-10-03,15,74,0.9807955958449717
2023-12-20,18,134,0.9289502135503314
2023-11-04,13,48,0.11913699359288976
2023-11-24,7,151,0.6402039393916121
2023-11-19,22,157,0.23213212009509232
2023-01-14,16,170,0.6991262714777896
2023-01-03,16,63,0.7318966717965224
2023-07-11,3,151,0.9017231810806404
2023-04-30,10,148,0.39237620349457814
2023-08-04,8,87,0.7958208007153569
2023-09-27,19,37,0.8132916854417059
2023-01-15,23,143,0.9166725521828725
2023-10-04,11,140,0.17382080769481822
2023-03-06,14,16,0.5424579022731407
2023-10-12,15,111,0.19170166963800672
2023-02-16,23,178,0.9157224326601213
2023-12-11,6,133,0.9598882776452238
2023-11-22,23,187,0.737612693745273
2023-06-11,19,1,0.9781102348079546
2023-11-12,6,119,0.24284720568026508
2023-12-20,20,124,0.8777980837608746
2023-05-22,5,175,0.8186824287396464
2023-12-07,7,144,0.4716200661101855
2023-07-05,5,78,0.8789683994519141
2023-06-15,23,13,0.28466602499239624
2023-11-19,16,86,0.2667665504336554
2023-11-16,11,121,0.040972428739552647
2023-07-08,22,11,0.8799371499345972
2023-07-07,22,56,0.3247249998831887
2023-08-12,17,26,0.2798513718005369
2023-06-07,15,167,0.11560854674882981
2023-11-22,11,97,0.5650504084524475
2023-01-10,12,148,0.26227379800855
2023-07-07,6,15,0.9975492020119335
2023-10-09,15,56,0.49789426231017175
2023-01-31,19,82,0.7655758925907767
2023-10-04,25,28,0.8702421495426447
2023-07-20,6,21,0.6973338037222961
2023-11-05,2,50,0.07789116733555235
2023-08-20,24,64,0.6316700448037631
2023-11-21,10,11,0.5498417112893031
2023-11-16,19,50,0.8316881507440923
2023-08-24,9,172,0.4908127585167209
2023-02-04,7,85,0.5987441043255612
2023-07-30,17,152,0.8697764109038902
2023-03-17,14,25,0.9978288651539737
2023-06-19,11,141,0.005634162645569707
2023-01-14,24,41,0.6441613569489621
2023-07-12,3,189,0.4701793307458615
2023-08-18,13,1,0.962929830399512
2023-05-25,13,107,0.2582711965690887
2023-04-16,24,169,0.9821722751683677
2023-05-01,2,16,0.6408700359665395
2023-05-15,9,83,0.04700924224403613
2023-08-10,13,83,0.8928027717068042
2023-08-24,25,104,0.7255443363362163
2023-01-18,12,42,0.7334900461808034
2023-05-04,25,109,0.13274377997726217
2023-04-19,11,174,0.8435327174594432
2023-12-29,11,151,0.7136336656182132
2023-07-15,14,141,0.30456658669795245
2023-04-06,11,49,0.9517965932383464
2023-12-19,25,152,0.44098445329288405
2023-06-03,10,190,0.6456131779398936
2023-10-30,17,156,0.6918360108747594
2023-07-16,25,4,0.18989246547058014
2023-06-07,9,54,0.8086611466415579
2023-08-30,5,16,0.5554077247969846
2023-09-23,13,26,0.26740946887875083
2023-09-27,9,53,0.394463204503645
2023-03-17,7,129,0.8290849872382119
2023-10-04,12,180,0.04750357317497045
2023-08-10,22,3,0.9631023874936072
2023-04-17,14,167,0.8312857980773464
2023-10-27,5,146,0.8240613006417595
2023-01-25,19,17,0.4948304395545927
2023-01-13,25,191,0.09281814791176823
2023-12-24,5,181,0.16208375710354594
2023-11-21,14,174,0.8184349135893527
2023-02-25,7,50,0.583962286881442
2023-08-22,9,54,0.7218811974362127
2023-11-24,21,98,0.9161510600128664
2023-04-04,15,126,0.02727655720927402
2023-09-07,7,139,0.19759616041442474
2023-05-17,4,154,0.9780498372039711
2023-07-20,11,133,0.46008710939777453
2023-07-12,21,157,0.4687764515599252
2023-02-05,7,174,0.19262066429727354
2023-10-18,18,178,0.9473815510098607
2023-09-02,5,183,0.9738165482946927
2023-07-01,22,89,0.7317861260637804
2023-02-18,25,192,0.3083758974757206
2023-02-07,25,142,0.4070041382510108
2023-11-02,22,88,0.3600472397156158
2023-09-05,3,108,0.4132788942073604
2023-10-29,14,69,0.9219338535837295
2023-11-22,18,177,0.6665994594675919
2023-05-25,1,63,0.4580644859084396
2023-07-11,6,53,0.5341214007116862
2023-09-01,5,26,0.9103846031657109
2023-05-03,16,11,0.8186856295891124
2023-11-27,20,182,0.8796236729208965
2023-07-31,1,57,0.41864843245802763
2023-10-11,1,180,0.4367520867905377
2023-04-18,10,103,0.5209304115297371
2023-12-21,25,41,0.8463042500755469
2023-05-16,18,56,0.5662583365780397
2023-05-25,10,98,0.5191154898280849
2023-03-19,19,39,0.9534860317908025
2023-01-16,2,92,0.9965967106378596
2023-11-02,19,17,0.19115978788240273
2023-05-16,7,181,0.6692335663007366
2023-07-11,19,169,0.27423239964113666
2023-05-30,18,156,0.6135566868255325
2023-05-17,1,114,0.8504638564507311
2023-07-24,5,14,0.763285777820811
2023-07-31,24,127,0.47040361831587574
2023-03-27,3,193,0.9251005415114553
2023-10-18,12,127,0.7550825140412535
2023-01-04,18,175,0.03259856661373428
2023-05-27,4,57,0.01427104435901716
2023-06-03,16,38,0.56267551512987
2023-06-27,16,80,0.910800339947575
2023-10-20,2,87,0.2663227850840951
2023-03-04,2,96,0.1906682102047068
2023-09-08,9,74,0.5661377349018839
2023-05-30,3,124,0.18015740416579185
2023-05-10,1,107,0.698890047310139
2023-09-25,25,102,0.018611761395355253
2023-02-04,24,133,0.8656029053866542
2023-05-29,9,197,0.9238871770212501
2023-01-16,21,5,0.9802402863805874
2023-12-17,4,137,0.11005719818105197
2023-03-01,17,26,0.5033080645008198
2023-02-06,4,169,0.790127650442814
2023-01-11,4,40,0.7967832024294292
2023-02-26,25,30,0.6509480472261839
2023-07-29,20,98,0.5539448850137825
2023-01-14,18,177,0.4124032061518721
2023-12-20,9,158,0.6729670460732635
2023-06-23,16,96,0.4857039311992122
2023-07-11,21,179,0.9178198674391802
2023-07-27,19,93,0.0045008866600158015
2023-09-04,23,162,0.04315980515678197
2023-05-31,8,81,0.41022221672858905
2023-10-19,22,46,0.616991320386173
2023-09-06,5,171,0.8026260305867998
2023-10-03,7,44,0.5029656858584932
2023-09-08,12,193,0.7665321444998393
2023-02-23,20,48,0.6757761436554889
2023-04-07,8,105,0.7725337703696233
2023-05-13,9,59,0.9985392188178294
2023-08-13,1,200,0.4106541433315255
2023-10-27,9,132,0.8875776370544128
2023-07-04,24,21,0.1934555762170549
2023-10-20,14,124,0.030569672664748748
2023-07-11,9,196,0.2442495490029355
2023-07-31,17,136,0.9577370760964987
2023-01-17,23,91,0.7494082560963515
2023-12-25,17,131,0.2088610733622478
2023-12-05,22,111,0.5339269054096543
2023-12-08,11,112,0.0743308285904869
2023-05-26,9,186,0.13815124682252622
2023-03-17,24,119,0.1634882768130962
2023-12-13,4,177,0.8139541818328869
2023-06-22,10,134,0.6916155664789194
2023-04-06,19,29,0.8860723417060928
2023-02-26,19,117,0.433480923074848
2023-11-22,24,194,0.22758290287790572
2023-11-04,3,181,0.26249055912389396
2023-03-06,9,164,0.599900737424178
2023-12-26,12,62,0.22565662837814293
2023-02-06,8,95,0.1842102006009203
2023-12-15,11,105,0.6442033433773274
2023-10-10,20,62,0.6709488944825189
2023-06-22,1,52,0.14132585426006128
2023-07-29,10,17,0.8194798118531691
2023-01-14,7,95,0.3708184235775487
2023-11-04,23,77,0.8507670224970136
2023-06-04,17,16,0.3637503083978878
2023-04-04,5,187,0.6469271666123733
2023-05-16,1,188,0.7839351014232907
2023-05-21,13,53,0.835385202156378
2023-12-30,7,26,0.2848919322562573
2023-04-15,23,200,0.3961154192500318
2023-02-02,10,92,0.8014987477406589
2023-10-10,10,95,0.11614190412560477
2023-10-21,17,91,0.0954556513567606
2023-03-25,10,73,0.7772226537769237
2023-11-12,12,174,0.24535747182641066
2023-07-13,11,195,0.7097755707571878
2023-01-21,21,114,0.8194648192724303
2023-12-14,10,194,0.7958518893895793
2023-03-28,4,150,0.5214030578389758
2023-01-31,15,149,0.8577664630530102
2023-08-28,20,200,0.9834476672269865
2023-09-23,16,171,0.7791041295356566
2023-04-27,25,125,0.9566612791178134
2023-06-05,14,8,0.18353492006432404
2023-05-07,24,190,0.5916387953776485
2023-10-21,22,135,0.0817016057084069
2023-09-10,1,92,0.8459309506604398
2023-03-13,7,26,0.14984737645770219
2023-01-31,23,46,0.610035764534071
2023-06-27,13,86,0.38462732281235823
2023-01-31,8,156,0.3520976398530725
2023-12-04,14,36,0.21973648778995425
2023-02-12,5,181,0.4145216856493452
2023-12-01,13,114,0.08678844009628384
2023-04-12,21,161,0.44882601508810815
2023-08-18,6,85,0.9521450698459297
2023-12-22,18,125,0.254043761257681
2023-03-01,24,191,0.6604414651918817
2023-06-29,19,102,0.33623412538920816
2023-04-10,5,134,0.7658682506643216
2023-05-15,10,122,0.7533471654522915
2023-02-16,16,131,0.7972578933800143
2023-09-17,20,190,0.7112188829955612
2023-12-12,14,11,0.518691408265756
2023-10-14,18,145,0.32210611696567837
2023-03-28,6,33,0.2524758486740888
2023-09-26,20,109,0.0674287399459289
2023-02-02,23,189,0.5126384677640888
2023-08-23,14,108,0.4560716148328843
2023-07-04,2,101,0.9574762676897857
2023-01-02,9,60,0.5926350169127256
2023-09-25,14,59,0.489396438451276
2023-01-10,10,63,0.971887044542136
2023-06-29,8,134,0.21368578856287035
2023-06-19,1,61,0.5907846470793853
2023-10-14,8,183,0.01933135494880034
2023-08-19,12,168,0.7317814200094293
2023-07-18,8,33,0.9790755225829141
2023-10-10,11,70,0.6813574943916354
2023-08-31,9,33,0.30897204613744034
2023-08-25,20,120,0.011556334987281036
2023-01-03,5,5,0.6380495516497242
2023-10-23,20,146,0.9790892604994765
2023-11-04,18,146,0.7650008247039851
2023-07-29,21,148,0.7549426994895556
2023-12-16,3,186,0.0024127493851876514
2023-04-13,20,18,0.32530759263605824
2023-09-25,22,51,0.1771704408141519
2023-01-17,25,3,0.13025937546184907
2023-05-16,16,46,0.5059465437132195
2023-10-08,11,1,0.9021648151379722
2023-01-17,15,186,0.4564914866558085
2023-03-08,2,192,0.9322190019494596
2023-04-09,25,71,0.6067766879480465
2023-09-24,8,101,0.08198315390259292
2023-01-23,2,180,0.7386449242971768
2023-09-28,19,142,0.9570318224297107
2023-01-31,4,14,0.9874052667707626
2023-02-19,18,194,0.6133230187861418
2023-05-06,12,102,0.9944836316258779
2023-04-29,3,1,0.8601751810464701
2023-02-17,16,59,0.668428159475442
2023-09-10,16,178,0.2989583720342355
2023-10-18,1,15,0.638991795340235
2023-12-05,6,167,0.1940809386599991
2023-06-04,6,36,0.25498125077074607
2023-06-30,12,74,0.07895050066044329
2023-11-09,13,137,0.5335286053719036
2023-11-26,3,163,0.96029367918698
2023-03-10,14,134,0.7195639807259491
2023-09-04,5,189,0.9618975846045398
2023-03-11,24,200,0.9249023042277886
2023-11-11,17,41,0.7962951911740292
2023-03-04,16,75,0.6781426933358078
2023-05-08,12,107,0.42252296973954184
2023-01-22,17,69,0.8806708745016176
2023-12-31,6,154,0.5761939031219518
2023-01-30,17,171,0.46841734356771336
2023-09-02,17,106,0.7801934878218033
2023-09-05,15,112,0.5162381568082861
2023-11-30,10,178,0.29530723119910496
2023-05-31,19,195,0.6265340915957504
2023-04-19,23,44,0.5224994614505014
2023-02-08,8,66,0.7869834054016462
2023-10-28,10,116,0.9922121375825445
2023-03-09,5,115,0.07619834244819723
2023-01-24,5,195,0.7603666454560186
2023-08-27,5,48,0.6732222318876868
2023-11-06,11,36,0.06221719845600704
2023-12-30,2,164,0.059961676967986266
2023-10-30,2,107,0.2822207223604217
2023-01-30,18,171,0.33082385152710414
2023-11-20,16,165,0.3965885565648358
2023-10-18,4,73,0.20079064493370435
2023-03-17,20,167,0.2479809000690265
2023-05-26,15,92,0.6707694282323612
2023-04-16,3,26,0.9931808216024349
2023-03-01,13,200,0.8680985167005816
2023-08-12,15,125,0.5659022406300454
2023-09-19,14,50,0.13288550716242664
2023-03-31,5,153,0.8917052231970193
2023-01-20,24,110,0.09161102382209119
2023-04-22,20,76,0.0007784382982997107
2023-07-14,11,36,0.6678117710216889
2023-09-09,14,131,0.6294897407961023
2023-04-25,2,31,0.2749094503376982
2023-06-24,13,118,0.35852243389791394
2023-02-02,3,138,0.18227355329373207
2023-10-14,23,71,0.17537647312389015
2023-07-26,18,114,0.008561838773761932
2023-02-03,2,11,0.8982896316984843
2023-04-03,15,113,0.4028815980638647
2023-01-23,22,65,0.16318710347942145
2023-06-30,17,146,0.8651789382538633
2023-05-18,10,112,0.3776654821174267
2023-09-27,5,36,0.19144175126433172
2023-09-12,2,19,0.5177960687474202
2023-04-27,6,14,0.2895222355338051
2023-09-02,11,180,0.24029033790638477
2023-06-25,5,9,0.9235198540750831
2023-09-08,25,44,0.3089387799519704
2023-05-18,1,62,0.8674095282774972
2023-09-27,7,165,0.9094121667218341
2023-11-25,3,150,0.6148863283547357
2023-12-20,20,120,0.3317243743222569
2023-09-29,24,172,0.38271573068172626
2023-01-01,2,158,0.605772807178026
2023-06-29,14,180,0.9779659662331577
2023-05-10,7,106,0.8803454055490901
2023-05-01,4,142,0.03699850739905064
2023-06-05,12,45,0.3344633569009766
2023-02-22,18,128,0.06490220981260142
2023-06-23,5,113,0.20750279190475251
2023-09-17,16,19,0.1592268085626869
2023-12-15,12,95,0.9135691034720956
2023-08-17,17,150,0.6509575577270462
2023-01-31,17,136,0.2396748487186059
2023-10-25,6,78,0.17833336479139317
2023-08-07,14,154,0.3664583214429228
2023-06-20,6,137,0.13263859819491997
2023-03-28,23,159,0.6082174514429222
2023-10-18,11,6,0.013121391050376574
2023-03-13,21,7,0.2861378821484346
2023-04-28,18,185,0.931192308795566
2023-05-19,15,120,0.9592589934077104
2023-07-13,7,12,0.877264220776977
2023-05-28,16,127,0.8351709760751709
2023-02-11,21,4,0.2861619367624676
2023-03-08,24,11,0.4176918759933492
2023-07-23,2,25,0.5490390978681217
2023-01-15,3,38,0.11000910957154508
2023-08-30,1,77,0.0027492277964977774
2023-09-05,23,81,0.9117934642315829
2023-11-03,21,196,0.5397858853680222
2023-04-29,6,65,0.9228485167415398
2023-03-13,15,153,0.9371224099887886
2023-06-26,2,181,0.9061312565286448
2023-04-16,19,158,0.43384141550289235
2023-01-27,23,73,0.4979034252176895
2023-07-22,22,138,0.8057329581566038
2023-11-24,24,5,0.8985080282493111
2023-10-19,15,158,0.032495470620592104
2023-06-23,5,1,0.8179935131807522
2023-04-15,16,79,0.40078024649094524
2023-10-31,20,194,0.1574929034401945
2023-11-29,11,77,0.31761851481409886
2023-11-25,10,173,0.8059466377241997
2023-01-25,1,132,0.9284744684269086
2023-10-13,19,80,0.3515925602655723
2023-06-11,21,33,0.6101064010260818
2023-04-25,21,37,0.23214171422314922
2023-11-06,23,116,0.978277520658358
2023-12-25,4,92,0.8097428605603492
2023-05-13,11,92,0.36747838427382373
2023-04-01,5,192,0.6387060312337455
2023-10-28,2,111,0.07037247808469527
2023-10-08,12,142,0.2393049704177277
2023-10-18,5,84,0.11123979372328707
2023-01-20,9,88,0.35632724380334224
2023-03-29,20,62,0.18692653705549922
2023-02-11,18,128,0.12864627231073245
2023-05-17,3,85,0.3333687902850597
2023-03-17,5,20,0.6393354618767074
2023-10-13,20,140,0.1138506016007712
2023-10-23,1,188,0.594114671740192
2023-07-25,2,51,0.2532251627816937
2023-11-04,20,169,0.7157693409391642
2023-04-19,8,161,0.17033106609913273
2023-08-07,18,192,0.17702333531926595
2023-05-12,15,9,0.22120770719537064
2023-02-20,23,195,0.7290492418277112
2023-12-20,21,54,0.5223667762356282
2023-08-03,5,175,0.7502065171389374
2023-03-09,20,15,0.877770561091385
2023-04-17,1,106,0.1089331005373898
2023-01-27,15,90,0.3962064602633506
2023-11-08,20,18,0.5605765479478754
2023-07-05,20,95,0.4848340585607329
2023-02-14,7,120,0.03579676781623131
2023-10-10,10,159,0.9128332542873973
2023-12-22,23,32,0.6975888541427695
2023-07-22,18,22,0.8813242652461434
2023-12-18,4,50,0.9467853305650268
2023-02-07,4,91,0.5873989665629522
2023-11-26,16,85,0.2894446025128692
2023-05-14,24,76,0.5573442436682288
2023-09-01,17,29,0.8987327122769843
2023-06-28,16,67,0.8350522493864933
2023-05-03,4,29,0.41947890789660514
2023-09-02,18,81,0.3238359333777605
2023-12-13,21,133,0.3779792120257712
2023-03-15,17,56,0.28280070951383285
2023-01-22,16,110,0.25529981684570124
2023-01-05,6,15,0.5498471182482233
2023-03-24,7,9,0.011787031317436747
2023-11-02,16,139,0.08807293673646077
2023-12-23,10,20,0.921891227962712
2023-07-30,3,96,0.33332122786411955
2023-06-04,3,105,0.5801453364320818
2023-05-30,19,170,0.10064267280289918
2023-03-28,14,43,0.5621952334329321
2023-12-29,24,10,0.3203256125601267
2023-02-13,16,40,0.43988159628132073
2023-06-04,18,41,0.41865681931101306
2023-02-25,10,114,0.9266318913507897
2023-11-17,2,190,0.78121057115238
2023-12-09,14,149,0.7690062813025901
2023-02-24,21,198,0.5547867988818702
2023-06-23,12,60,0.24829136099081262
2023-12-10,14,29,0.7905785623028851
2023-07-16,11,80,0.530726213066783
2023-05-04,23,49,0.24607848475423222
2023-05-10,22,81,0.100002983893129
2023-06-17,18,163,0.5476432977534533
2023-07-29,21,97,0.9438379024854586
2023-08-10,7,16,0.8317951259998116
2023-12-15,17,54,0.9049642786708709
2023-11-13,22,55,0.9590340943810612
2023-03-10,23,116,0.2743121505399846
2023-04-11,8,195,0.3596340626353747
2023-04-03,4,150,0.1836093753583634
2023-03-20,10,174,0.15184037424218544
2023-11-03,8,107,0.1340439490604427
2023-03-19,25,28,0.7880975961402051
2023-10-12,16,16,0.17017193026499156
2023-04-17,10,144,0.28465259497868933
2023-10-16,1,9,0.5221797820522156
2023-06-17,14,164,0.09669639546411668
2023-11-05,2,61,0.7323485301200844
2023-08-13,7,80,0.9484921510888795
2023-05-16,20,123,0.16811228449189153
2023-01-07,8,54,0.20606942010833884
2023-09-22,8,57,0.4142286940724479
2023-05-21,13,130,0.19052636324989114
2023-01-13,9,149,0.4228388582178041
2023-01-29,17,110,0.5381075605767476
2023-08-12,6,110,0.28612164880597946
2023-01-12,18,35,0.054143205432737984
2023-09-01,16,53,0.009729284638194668
2023-04-07,20,1,0.3951553339228404
2023-02-18,8,195,0.7977573086079699
2023-11-15,13,11,0.035763418023055715
2023-04-24,11,142,0.6604483225194042
2023-11-06,23,26,0.8342054064333979
2023-02-13,19,84,0.9149904454954706
2023-03-30,5,115,0.5449571217581111
2023-10-14,20,193,0.13034971403397466
2023-01-31,1,107,0.15894028944039873
2023-04-17,8,140,0.3105626482445938
2023-09-03,18,32,0.32755967701737787
2023-08-12,12,66,0.5287143371354281
2023-08-20,21,36,0.5616179180181734
2023-03-31,21,177,0.8085619935362485
2023-01-01,5,79,0.5242363561914528
2023-02-01,6,154,0.5309703441090988
2023-11-03,18,53,0.8231440503221809
2023-05-23,18,30,0.07171287257431402
2023-08-05,13,109,0.9516964324057865
2023-04-01,21,36,0.1891656836442277
2023-07-07,11,149,0.6025021517918258
2023-03-14,25,51,0.294051201403964
2023-01-31,20,24,0.3236088773441844
2023-11-05,20,157,0.3260957621400117
2023-01-13,7,145,0.8686558136186148
2023-11-24,19,158,0.6322318950462259
2023-02-02,2,151,0.6466897843331385
2023-10-21,8,1,0.4212218679905064
2023-05-11,15,36,0.23542865877628238
2023-05-28,15,27,0.48048664565254906
2023-08-03,16,164,0.7727178650525233
2023-11-28,21,192,0.2554466634855487
2023-09-23,16,37,0.513973239891148
2023-10-13,11,156,0.7294269637144754
2023-11-26,17,80,0.9029554700460205
2023-04-01,24,128,0.9669302589915441
2023-07-07,9,163,0.5813578926207625
2023-05-23,19,116,0.48161433223375416
2023-05-30,20,133,0.20512230153746136
2023-08-02,22,65,0.7600335371214878
2023-01-24,22,126,0.7365461988925509
2023-10-30,23,13,0.4291277618450289
2023-10-25,12,17,0.8695171933404828
2023-06-27,11,79,0.36094179361163814
2023-04-05,23,36,0.15434417910509657
2023-07-26,5,6,0.36656492040363864
2023-12-14,6,187,0.10199981091052046
2023-09-07,21,76,0.40458914674866964
2023-08-13,15,86,0.6575059644250344
2023-10-22,8,113,0.02585444289175476
2023-09-30,10,184,0.1409922966328523
2023-06-27,18,114,0.1886696191389602
2023-05-22,7,153,0.46290198709434827
2023-01-19,21,162,0.813534542623702
2023-02-27,1,163,0.34047833477944656
2023-10-20,15,85,0.10564098899137397
2023-01-23,25,94,0.39004874723951144
2023-05-24,19,190,0.600022845782734
2023-10-25,11,58,0.11980189556848897
2023-01-19,18,150,0.13632457424282285
2023-09-18,1,166,0.048971416905489784
2023-09-09,6,153,0.3273712226238127
2023-07-20,14,174,0.14959479357849992
2023-04-04,24,116,0.24464247770965075
2023-12-26,23,143,0.23828999503467496
2023-04-12,15,50,0.8920092447635878
2023-01-03,1,116,0.43754182357472393
2023-11-23,21,82,0.33272326189654
2023-11-06,20,179,0.6334008422281168
2023-08-08,12,173,0.64464236852646
2023-03-15,16,193,0.6003471390379402
2023-04-20,15,172,0.26109212924147684
2023-04-02,22,18,0.04290097385034486
2023-12-01,9,23,0.8120075570452794
2023-04-10,7,195,0.12969919039214017
2023-01-22,22,147,0.9216149408575166
2023-03-18,5,148,0.33505943338305477
2023-08-19,6,150,0.8907051488578624
2023-10-12,23,31,0.25319711238799236
2023-02-07,19,29,0.8104602280610064
2023-08-30,4,55,0.6201890292796872
2023-04-11,13,49,0.930661794884108
2023-11-05,25,103,0.14605652777160327
2023-08-29,7,125,0.12048812624371397
2023-10-11,13,111,0.519288530673692
2023-03-05,12,1,0.5443472171362372
2023-04-01,19,153,0.0898065651403851
2023-09-01,18,97,0.7428411706330847
2023-10-18,16,117,0.0028641116292289492
2023-10-28,7,46,0.3146634645483529
2023-07-11,11,158,0.8838507384068394
2023-12-13,12,86,0.12231087392577156
2023-06-21,24,163,0.36422545115641314
2023-02-13,21,83,0.5558839505639536
2023-12-22,17,9,0.3672157735380637
2023-02-04,6,145,0.9838723690725745
2023-05-30,13,13,0.19667704333284153
2023-07-16,18,199,0.386683536113845
2023-06-21,2,128,0.28310885978563194
2023-05-07,13,130,0.44091049764461154
2023-08-07,15,150,0.04888925182188775
2023-02-09,14,148,0.6848200791103887
2023-01-20,12,145,0.5860604472638816
2023-05-19,17,147,0.22205167840361417
2023-11-22,18,195,0.6407904461507963
2023-08-27,17,112,0.8431927729433643
2023-03-12,20,128,0.7650984681896967
2023-07-31,15,97,0.5678491812991194
2023-05-23,11,153,0.5671688856187719
2023-03-14,9,7,0.27861221767850697
2023-11-20,4,198,0.45975777535744944
2023-03-02,11,38,0.6072471084054095
2023-06-28,23,155,0.6163598766819376
2023-01-21,17,16,0.6105970417234429
2023-09-25,7,198,0.5264353589301775
2023-03-20,19,98,0.6864033995188998
2023-08-17,1,87,0.07547694497701485
2023-02-15,6,113,0.8155625070302036
2023-12-12,10,176,0.13318601839626187
2023-10-29,17,142,0.41222161822097714
2023-07-02,20,139,0.24871285847846247
2023-03-16,9,2,0.5581928014421731
2023-05-19,12,141,0.36709175706126285
2023-01-31,14,175,0.10468521744874426
2023-03-24,20,4,0.38656171275966245
2023-12-23,7,19,0.7632363411217024
2023-03-18,6,149,0.6660943095821499
2023-05-24,3,65,0.45167553031570673
2023-09-09,18,30,0.7840402531792732
2023-04-01,1,173,0.19287162961714288
2023-12-14,8,54,0.1856334061443401
2023-07-26,7,178,0.05002955506420936
2023-02-10,14,49,0.4932338614401307
2023-04-30,19,84,0.17806038945396474
2023-01-18,12,189,0.38885279704378384
2023-12-19,7,64,0.7660990411510377
2023-06-29,23,34,0.04842883915865415
2023-09-04,18,59,0.3519969398316548
2023-08-11,1,140,0.7468245694028719
2023-03-05,17,85,0.08217249812243144
2023-11-07,9,15,0.39157255022396953
2023-03-08,17,176,0.4922145371593373
2023-06-30,9,140,0.48915951990491524
2023-05-12,18,125,0.614746092072936
2023-08-10,21,101,0.6599045771561504
2023-10-28,14,81,0.2554026035078958
2023-03-21,12,14,0.7909399114903761
2023-01-07,14,1,0.30244601017633377
2023-09-28,18,129,0.07863672099679575
2023-08-09,15,171,0.26705958131169194
2023-08-20,1,77,0.6569121222730369
2023-10-06,4,16,0.8228107337039858
2023-02-23,16,64,0.24958932963195146
2023-06-09,9,83,0.8816577796557485
2023-05-12,9,13,0.11179256381773783
2023-09-25,2,173,0.24032841231106117
2023-05-20,17,159,0.6720737894269192
2023-10-03,22,126,0.37556328329380606
2023-11-01,15,111,0.3895330559182888
2023-08-18,23,158,0.9303204526683354
2023-09-04,23,5,0.9299866666923567
2023-01-04,14,155,0.9632422197642597
2023-05-29,8,78,0.1369020152748649
2023-06-26,13,113,0.568695181362544
2023-09-21,3,160,0.4745284535392207
2023-02-26,11,152,0.7393432892798112
2023-11-30,8,32,0.9219601266946547
2023-10-27,5,158,0.6352867044197599
2023-04-09,16,18,0.07381005534423246
2023-07-26,22,50,0.08795215761923891
2023-01-15,23,191,0.19512991026927629
2023-10-08,13,123,0.362370213484731
2023-09-26,20,129,0.4413124608429212
2023-07-11,8,66,0.19642095260054782
2023-09-09,3,156,0.5351360870912417
2023-06-01,8,163,0.10164505259423895
2023-12-24,23,24,0.7410629442805399
2023-07-16,3,18,0.2577783589158281
2023-12-19,3,107,0.8228402175406263
2023-08-29,4,116,0.6656449002085252
2023-01-15,22,198,0.46388719985602234
2023-03-08,10,190,0.7653257731107439
2023-10-28,16,126,0.3433816786775902
2023-03-18,9,36,0.4036934525927315
2023-01-10,21,118,0.4290773437674362
2023-07-22,14,40,0.00949667290720091
2023-07-11,9,185,0.624132691897705
2023-11-26,5,143,0.21052919096047062
2023-08-18,9,156,0.760861746631116
2023-01-21,15,31,0.24035389601702006
2023-08-08,13,138,0.7038759641569807
2023-11-30,25,186,0.27022995250035065
2023-06-20,22,122,0.47565508687418845
2023-10-17,11,10,0.4548794796209533
2023-04-22,5,16,0.009190990424538414
2023-10-02,25,83,0.3915327568580834
2023-12-13,12,3,0.3623146194129663
2023-08-21,13,126,0.38371647195769987
2023-12-05,2,174,0.41267827521968703
2023-02-01,12,91,0.5889353405379572
2023-08-03,17,170,0.5162004269576307
2023-01-23,11,75,0.06566208818200436
2023-02-02,18,26,0.38734627834621616
2023-12-31,7,72,0.3160136668375383
2023-10-01,1,29,0.7043393763035658
2023-09-30,3,48,0.07870043392978421
2023-09-22,22,133,0.4548051983076682
2023-08-15,4,166,0.429459240339807
2023-09-12,8,97,0.6514082689296911
2023-04-26,9,40,0.489010255185634
2023-06-07,19,131,0.1991543181897879
2023-03-08,11,172,0.2558942997895248
2023-03-27,20,78,0.3188933836376232
2023-12-17,7,179,0.9548244520024525
2023-03-24,9,21,0.5242445481295618
2023-02-01,18,93,0.18934736556937637
2023-08-15,23,35,0.3304503628072495
2023-10-14,10,69,0.3399810045925371
2023-09-02,13,112,0.7864907514321334
2023-11-25,6,37,0.7888656127198145
2023-12-13,1,131,0.3749443257286941
2023-08-30,18,1,0.7330727246057464
2023-04-26,1,56,0.9197216735269224
2023-12-06,24,149,0.2834927330898286
2023-05-21,5,105,0.4594503336271121
2023-11-02,18,165,0.3977514095584834
2023-08-29,3,50,0.6267005742185383
2023-03-26,11,179,0.20772558613003134
2023-02-18,22,52,0.8535296456571314
2023-11-02,20,30,0.48098145316018814
2023-03-28,24,150,0.718090335376688
2023-03-19,9,134,0.8682589556684878
2023-02-07,19,22,0.8386411628469251
2023-07-21,10,64,0.25356148632704345
2023-10-26,13,82,0.223077973053169
2023-01-16,21,171,0.0680366759475729
2023-05-03,13,193,0.5022187046325408
2023-01-29,4,69,0.21183059501463064
2023-11-23,22,157,0.26613274768367623
2023-01-03,3,23,0.7467196347077055
2023-08-30,19,176,0.1250018519990408
2023-07-23,6,104,0.19010256582897045
2023-04-07,5,65,0.454761603936107
2023-03-06,21,38,0.8953509897802607
2023-02-02,7,45,0.08221508180057502
2023-12-02,23,3,0.03049073155531523
2023-08-26,25,88,0.9356502846503482
2023-04-25,17,179,0.8528240169356163
2023-10-24,3,142,0.31345782111462683
2023-04-15,17,183,0.034946548552295065
2023-05-10,6,76,0.9926038797397615
2023-09-04,3,173,0.9976592454432452
2023-08-02,22,200,0.32489627055506054
2023-02-27,16,127,0.5818198343497151
2023-11-10,13,143,0.5872169972666169
2023-08-12,12,91,0.06041259786701103
2023-05-26,4,172,0.07829469061214445
2023-07-11,24,147,0.8847790430564836
2023-07-03,5,135,0.37463714738808473
2023-10-03,5,128,0.15770695886782715
2023-05-09,7,177,0.20528019827401112
2023-05-12,2,110,0.1030988622457748
2023-07-20,16,2,0.8084508009640787
2023-12-12,19,150,0.9241254014565934
2023-12-27,9,146,0.8317261543721588
2023-06-09,17,86,0.6754735628284637
2023-10-13,5,35,0.6416193774052931
2023-08-06,15,77,0.9107875817116936
2023-03-22,25,27,0.4073856852226315
2023-05-06,14,177,0.7531685157305238
2023-02-05,17,10,0.6033457083206979
2023-01-28,6,70,0.7921986674642539
2023-02-16,5,114,0.46668400374049734
2023-08-04,2,171,0.08455413786468358
2023-06-29,18,185,0.042549033616891885
2023-09-16,20,149,0.9291350229258497
2023-02-16,6,21,0.5873524463943144
2023-04-25,23,72,0.7082118386745712
2023-12-30,12,124,0.5300556118096503
2023-04-14,7,124,0.5992226221900234
2023-07-02,2,161,0.03614869133118215
2023-01-21,19,79,0.8902582152128495
2023-04-09,22,112,0.1473847754934563
2023-09-18,10,14,0.2926448670095011
2023-04-18,7,149,0.5259924570500639
2023-06-15,15,13,0.7594488583723827
2023-08-27,22,180,0.5702173882843931
2023-12-18,22,193,0.31289496153324203
2023-04-07,17,58,0.4369902365247731
2023-06-17,9,188,0.1073816199625931
2023-04-08,9,8,0.509727314197361
2023-06-09,24,143,0.6145199403705877
2023-06-20,12,97,0.7631264179166998
2023-05-11,25,157,0.5921193129219385
2023-03-17,5,116,0.40587347874110313
2023-05-06,25,132,0.8589954858336044
2023-05-03,9,80,0.20194567616887227
2023-12-17,3,135,0.8872184343276275
2023-11-24,22,58,0.7537005170518082
2023-02-17,18,77,0.21219538863559984
2023-05-04,17,42,0.32664941099059996
2023-12-01,15,79,0.8009671783137565
2023-03-30,7,194,0.10318738477424438
2023-04-09,1,143,0.42654520745865
2023-01-12,5,96,0.9493938501450725
2023-04-14,15,118,0.15808041298053732
2023-10-16,14,113,0.9237002540544608
2023-11-28,3,64,0.95478703513821
2023-03-15,24,103,0.8875309019806749
2023-08-30,23,198,0.2791653255156742
2023-10-17,8,76,0.9616997458509531
2023-06-12,13,136,0.4155468391276629
2023-04-27,20,118,0.6210501316907332
2023-08-14,2,197,0.483326858206221
2023-05-03,8,10,0.7447669956550851
2023-03-04,7,89,0.515097748544422
2023-01-28,6,134,0.3054407285008852
2023-06-16,17,165,0.170677035339302
2023-07-15,19,160,0.7101330574364855
2023-01-10,20,75,0.8212916700141054
2023-10-31,14,32,0.9920303085200546
2023-09-14,10,13,0.12718509666304412
2023-11-19,9,14,0.20489328615557378
2023-01-18,5,156,0.4472835249804211
2023-07-28,9,189,0.3677737300731293
2023-07-29,5,92,0.12404760591567188
2023-04-08,11,122,0.0073752411948136976
2023-10-21,24,136,0.12852552325222422
2023-02-04,22,134,0.030103365755867806
2023-10-06,8,27,0.2899016511150144
2023-06-10,16,80,0.06406771863955885
2023-09-17,4,53,0.706037775094226
2023-03-19,19,22,0.23563159132603229
2023-12-07,19,54,0.1583800785943693
2023-04-12,21,144,0.9380944519337259
2023-01-13,18,78,0.12709272013098605
2023-08-06,19,34,0.6086643668823254
2023-03-06,23,99,0.42907385420613653
2023-09-07,3,43,0.6387697038683884
2023-01-08,11,156,0.8038383415944136
2023-09-11,19,119,0.22030789519464422
2023-08-17,8,70,0.08185645148922982
2023-10-05,19,88,0.7014973170613976
2023-03-28,21,44,0.8705487917328855
2023-05-17,18,109,0.36088493014444767
2023-07-02,16,191,0.6995479647881139
2023-08-20,19,126,0.9752130880748384
2023-08-20,2,30,0.5174819642452496
2023-08-01,25,167,0.709950036646636
2023-01-08,3,42,0.6301399858772256
2023-08-06,7,1,0.9831030355427793
2023-10-20,7,88,0.5696438722762605
2023-01-08,19,80,0.5738921182228742
2023-09-29,9,123,0.4916020819066802
2023-03-29,20,31,0.9498464384582508
2023-09-14,12,97,0.06314791232308903
2023-05-31,2,121,0.3180074067839004
2023-05-12,25,152,0.5248354440101757
2023-12-26,16,178,0.27990881143542723
2023-07-04,1,22,0.5005313941596273
2023-07-31,16,38,0.0035251062084261653
2023-04-08,7,103,0.9429971101469162
2023-11-16,3,196,0.8435582896297593
2023-05-14,8,33,0.8813265213895586
2023-12-28,23,144,0.550958055722702
2023-04-17,9,21,0.22608359960144064
2023-06-09,9,38,0.3624107938507267
2023-08-01,15,39,0.11794443720404857
2023-09-02,8,67,0.6463291598275415
2023-08-12,18,38,0.8780851758319902
2023-01-24,17,194,0.3083914620110688
2023-12-07,10,101,0.8155523677844587
2023-08-08,11,90,0.16888113881084776
2023-07-09,10,137,0.7792316439264968
2023-03-02,24,58,0.9524414921429558
2023-10-23,20,80,0.04071645487128006
2023-10-26,1,61,0.17862887929334348
2023-12-15,19,199,0.7752006216000867
2023-03-26,9,193,0.6938205307726318
2023-03-26,1,187,0.31645889973805574
2023-03-19,15,102,0.9941425064530118
2023-07-04,5,157,0.31771854847453185
2023-12-22,5,39,0.6267143534273047
2023-10-20,17,90,0.9482416992661641
2023-11-01,1,167,0.6899728884791069
2023-06-23,4,189,0.5227674775827749
2023-06-03,6,64,0.3126373766755447
2023-12-28,8,7,0.5598935786845437
2023-08-29,7,12,0.6594083033693052
2023-02-08,16,56,0.3675887431433339
2023-09-14,25,63,0.9452262097497368
2023-09-19,5,151,0.2884470465074942
2023-01-08,9,147,0.3331854121718829
2023-07-04,12,11,0.3601523916191971
2023-11-20,12,14,0.4987973959639457
2023-07-10,10,52,0.28775755789627055
2023-09-24,20,187,0.40693885843288746
2023-02-18,11,128,0.24551915799511126
2023-03-18,12,13,0.9397209877447754
2023-06-09,2,151,0.33201961856498774
2023-07-09,5,22,0.5877589828404318
2023-09-03,21,81,0.7742327392156042
2023-01-06,2,61,0.8635267385675853
2023-02-24,10,137,0.0708177760205384
2023-05-24,18,43,0.7417663561797294
2023-04-02,16,95,0.6587553190721694
2023-10-20,2,75,0.8505594281087074
2023-03-22,20,162,0.04048625916553661
2023-06-20,23,147,0.7411464955098772
2023-07-31,18,26,0.9206829153679784
2023-10-05,20,38,0.06570698048103196
2023-08-29,8,128,0.8086545937860202
2023-03-24,9,120,0.32124229069732435
2023-08-02,18,82,0.1301760408541951
2023-01-08,6,154,0.96269676649161
2023-01-28,2,81,0.1080857088860786
2023-02-18,24,7,0.6009919816898116
2023-09-02,14,17,0.02812820105737779
2023-05-25,21,28,0.04669882172803097
2023-12-07,23,164,0.8962260922612991
2023-12-09,19,107,0.35673046405901276
2023-01-24,20,119,0.5656320671741416
2023-11-01,25,143,0.29455622243930535
2023-09-26,20,168,0.1189790239688222
2023-02-28,4,148,0.9407250924955538
2023-11-27,15,170,0.19496595973998176
2023-04-27,10,102,0.14360657470602134
2023-03-01,14,113,0.03719598239417443
2023-08-06,20,130,0.9442758593577556
2023-09-23,9,159,0.7245867104043626
2023-07-09,14,77,0.8810178890389131
2023-12-21,15,74,0.9659470818160967
2023-09-20,6,3,0.19813690390501948
2023-04-09,22,53,0.6403920644239087
2023-09-07,21,27,0.6352170057383124
2023-01-04,25,183,0.5745834905044721
2023-11-24,16,143,0.5086476399065558
2023-04-28,1,35,0.20563380338014925
2023-09-01,15,184,0.64430844991232
2023-07-20,2,92,0.9697645032998633
2023-05-11,5,101,0.19251674620100023
2023-05-21,11,82,0.6751620163957119
2023-04-02,14,127,0.574154366538112
2023-11-29,17,191,0.3343376473143146
2023-02-03,9,95,0.3185218726724248
2023-08-06,4,135,0.3963998766207878
2023-01-07,2,151,0.9325550032663404
2023-03-06,17,89,0.367545698303255
2023-12-29,14,79,0.4029879155072954
2023-09-08,17,132,0.9059951431484335
2023-10-28,16,74,0.3296113733494348
2023-10-31,20,99,0.1987698420739944
2023-01-10,15,80,0.5887327481806758
2023-01-12,17,133,0.8980986473534002
2023-01-06,9,86,0.8123903334941773
2023-11-27,6,192,0.3421511218955492
2023-11-08,2,194,0.9410708811008796
2023-07-04,15,46,0.8967189027412159
2023-05-01,24,175,0.5309528590560646
2023-07-12,9,80,0.4174676910347074
2023-02-08,14,18,0.269981101985186
2023-08-18,7,178,0.6219542372278744
2023-09-27,13,76,0.14409154434843097
2023-01-05,2,106,0.6131863840692368
2023-06-10,12,42,0.30122615905004413
2023-01-16,4,148,0.6314549006351318
2023-04-20,13,155,0.3497961291572632
2023-01-08,6,79,0.28680375897108723
2023-12-12,4,20,0.2876481465360935
2023-12-05,15,148,0.8719200797519348
2023-02-06,5,135,0.24038452801904797
2023-08-28,23,189,0.38272637252178454
2023-02-04,14,105,0.6631975872560204
2023-08-11,25,10,0.5101935930722401
2023-07-28,16,186,0.8511419854999958
2023-05-20,12,130,0.8044883406887401
2023-10-04,15,59,0.6263283301308211
2023-10-15,2,65,0.45676797945564884
2023-10-04,20,32,0.801752908432424
2023-04-18,18,123,0.9732831788933397
2023-09-27,3,59,0.29562931931448044
2023-12-21,3,115,0.37421792790533437
2023-12-03,20,128,0.7620238808583459
2023-04-17,21,189,0.22135774596044
2023-04-16,23,65,0.9630335117482985
2023-02-09,8,121,0.45889462754062516
2023-01-03,1,79,0.06624941058734324
2023-03-29,9,177,0.8828247467701038
2023-12-19,5,183,0.5092572924608938
2023-05-12,6,39,0.7767411502787369
2023-03-16,22,101,0.8967252291992827
2023-12-18,16,185,0.1542741729701117
2023-05-20,14,140,0.9319705416992274
2023-02-16,22,78,0.8587545062416344
2023-12-29,16,160,0.7737512875907346
2023-06-21,20,192,0.7680555244757669
2023-07-02,25,190,0.979214264547818
2023-08-21,1,95,0.007675148976428403
2023-08-04,21,133,0.24833031478422918
2023-11-13,15,175,0.0788204899517515
2023-01-01,15,167,0.8019626871170986
2023-03-03,16,138,0.7085229181179332
2023-07-12,24,64,0.5625436830349402
2023-12-16,7,122,0.938168041942857
2023-05-20,18,180,0.05644606827355014
2023-12-13,11,4,0.937780237706215
2023-10-16,19,70,0.911814165107961
2023-11-13,20,31,0.7570475712718673
2023-07-10,12,121,0.86528888419298
2023-10-21,22,85,0.76909606218482
2023-11-12,2,33,0.1454804626866112
2023-08-08,8,13,0.7284515029283388
2023-01-19,17,169,0.2064539073352174
2023-01-28,22,97,0.7477064669821886
2023-03-17,16,98,0.3711321307684444
2023-07-28,18,68,0.4705444762872504
2023-02-14,20,18,0.19529029319842062
2023-04-23,7,29,0.5905821459107695
2023-12-15,5,186,0.15786961218701234
2023-09-26,18,174,0.15718818615582186
2023-11-25,10,11,0.4429069563501802
2023-04-20,11,198,0.6985620564693438
2023-02-24,17,72,0.20173981176396838
2023-02-09,12,11,0.8458704989426514
2023-06-20,23,186,0.7796557086301256
2023-05-12,1,168,0.9776974447449857
2023-01-13,15,161,0.15790465019541267
2023-07-31,10,30,0.6155742836244215
2023-12-12,19,9,0.21751184406476642
2023-08-21,19,28,0.9742329096543179
2023-10-05,22,15,0.7934228298802425
2023-07-20,10,40,0.32714305529492693
2023-06-11,6,17,0.015207269750131203
2023-09-19,2,127,0.25897005823761143
2023-05-07,9,15,0.7001279446563842
2023-07-03,9,196,0.8325490054860906
2023-03-14,9,185,0.9496743827550009
2023-01-28,1,48,0.2668890675004365
2023-07-18,25,16,0.16775241195948654
2023-06-18,22,51,0.472593997263936
2023-01-26,16,155,0.7810503013814678
2023-03-03,5,186,0.7202768031311347
2023-10-01,22,166,0.6676739588565593
2023-02-19,5,166,0.6646270381107686
2023-06-28,12,12,0.5400491703000618
2023-10-06,17,180,0.44212098800238964
2023-03-31,17,80,0.952060016977491
2023-01-31,4,169,0.04435732751636767
2023-06-18,7,133,0.5588630861960209
2023-07-10,19,164,0.19369361378213235
2023-02-21,9,78,0.5952180452555186
2023-08-08,4,59,0.7958943104232505
2023-11-25,7,122,0.40061667288870506
2023-11-02,21,117,0.8158072222579866
2023-03-17,19,41,0.2945170918831038
2023-02-18,15,113,0.6670280082814046
2023-08-02,10,80,0.8984792062966472
2023-04-02,17,15,0.935717724988839
2023-12-01,24,82,0.1365778345933636
2023-03-13,23,166,0.6362041858590253
2023-06-28,22,200,0.707483260690076
2023-06-02,16,149,0.22856591461318898
2023-10-19,22,162,0.9614513225222562
2023-09-26,11,103,0.2397850926828008
2023-10-18,18,133,0.5744967225038476
2023-02-10,5,16,0.918596508665624
2023-11-23,23,142,0.35053367283164305
2023-12-11,14,119,0.9603199213459171
2023-08-21,24,117,0.14193351755423012
2023-12-28,4,49,0.07902788030318175
2023-06-08,5,148,0.9214449286820947
2023-09-15,25,70,0.3415652157245249
2023-11-19,9,114,0.9705336044078388
2023-02-06,19,112,0.6493710542670003
2023-05-23,10,7,0.07376169753592088
2023-01-31,4,27,0.6975463919238543
2023-07-02,20,193,0.24916773952472404
2023-09-02,16,22,0.012133820295505582
2023-06-22,3,192,0.8560327776872331
2023-06-15,6,120,0.46909768816962005
2023-07-29,1,98,0.589672784432424
2023-12-03,19,25,0.7110481284340254
2023-08-09,17,55,0.5472872049525396
2023-04-17,9,167,0.8459658406690157
2023-02-25,20,164,0.34059406771732437
2023-06-30,20,119,0.07392734105878995
2023-07-05,22,121,0.14878803079765957
2023-09-04,19,106,0.06159776774089354
2023-03-24,11,74,0.6005970282929833
2023-06-13,16,148,0.396855768138507
2023-08-27,13,18,0.4597170590757851
2023-08-20,16,110,0.5208995090466954
2023-10-22,14,131,0.01955907871169482
2023-05-30,3,77,0.14253984424184218
2023-04-26,2,28,0.8400096327674178
2023-11-29,13,113,0.6308963893523747
2023-03-30,21,4,0.594055487332745
2023-07-02,3,46,0.25898703233886966
2023-07-28,10,108,0.14306613778173072
2023-03-08,13,145,0.12951130780061126
2023-04-29,18,30,0.6795895387007833
2023-04-06,7,31,0.920199785268712
2023-01-30,10,108,0.6473483968688022
2023-04-26,25,160,0.1103353815746071
2023-11-19,5,117,0.3050749142553083
2023-07-24,22,135,0.6993428041047347
2023-10-11,4,86,0.20896970020667838
2023-10-29,14,191,0.2636338523831301
2023-06-20,14,80,0.33009491674684976
2023-11-14,2,26,0.22330644877904504
2023-12-31,1,57,0.44167987528225316
2023-03-16,13,158,0.9601941933315965
2023-10-16,24,48,0.3490546974931762
2023-11-14,19,187,0.008596168927144099
2023-09-28,23,44,0.59113297265685
2023-01-13,19,80,0.2986869333642689
2023-02-23,14,66,0.864758376494867
2023-02-15,20,194,0.2623782106925987
2023-08-12,25,44,0.15928259383676358
2023-11-09,3,61,0.38966733563465195
2023-01-15,20,112,0.4814129865466341
2023-12-05,4,194,0.4663922467537903
2023-02-04,17,193,0.6263800320049976
2023-05-11,15,140,0.8119758625679432
2023-03-28,1,162,0.5976339360524763
2023-08-05,25,146,0.4215638043983648
2023-11-29,8,44,0.024467385349993487
2023-06-20,4,109,0.15568123377852872
2023-03-29,24,188,0.5254239236402801
2023-01-25,14,77,0.0934929008332156
2023-01-27,2,106,0.0849591695824593
2023-03-05,6,168,0.23773268769214817
2023-01-17,12,164,0.8797822776331804
2023-01-12,5,129,0.12286826893411573
2023-06-24,7,164,0.23384728577942926
2023-09-15,17,98,0.3341054460796552
2023-09-17,7,71,0.370917945574766
2023-08-28,25,46,0.3899111037379639
2023-11-03,16,62,0.6414575648056858
2023-09-06,8,135,0.918596676284362
2023-05-28,11,117,0.8029662119340761
2023-09-18,23,30,0.2668021552111459
2023-06-20,21,200,0.1352961314799357
2023-09-23,9,180,0.9664229896075683
2023-07-13,8,23,0.1759606647161417
2023-01-21,17,35,0.28509862200968505
2023-04-17,14,94,0.4696449849904266
2023-04-27,4,24,0.3893687246459646
2023-09-09,5,6,0.3659448988193549
2023-11-07,20,18,0.38299684974930837
2023-07-15,11,155,0.5484020126360734
2023-09-04,5,172,0.7987292278212712
2023-07-29,5,98,0.15026621197847534
2023-05-02,4,124,0.6501258045269304
2023-12-14,7,107,0.3448426346798049
2023-06-11,18,45,0.12174723945535038
2023-10-24,12,44,0.7285604890708198
2023-06-25,11,98,0.17192853319358992
2023-11-04,6,70,0.8132888241612573
2023-07-12,14,33,0.520867081423862
2023-08-28,21,35,0.006958542739361917
2023-07-14,25,171,0.9155181789027871
2023-08-10,20,41,0.8977368690667448
2023-07-19,10,111,0.7454321205316774
2023-04-02,19,79,0.9298439059048137
2023-12-08,21,79,0.6652654027285864
2023-07-29,24,160,0.7232069278200457
2023-11-09,16,13,0.9078892209009616
2023-08-16,8,7,0.367013917828631
2023-11-12,22,125,0.3462302491685586
2023-05-25,11,122,0.7307825654619396
2023-04-12,22,15,0.9077922302770838
2023-10-17,2,185,0.5524690009542957
2023-05-12,7,140,0.07957982881614856
2023-02-24,18,135,0.5938410081409323
2023-08-22,12,116,0.4553655917920837
2023-11-11,13,131,0.8504667425337858
2023-05-13,22,127,0.1092118242048401
2023-04-25,24,87,0.10674300992605124
2023-10-25,12,78,0.5273959314972293
2023-09-07,3,157,0.7652984020271054
2023-03-25,10,98,0.3738354933493676
2023-03-05,18,96,0.2618467277890262
2023-04-13,1,31,0.6581347054498708
2023-12-28,23,88,0.797663471215039
2023-08-28,15,146,0.7906285423916394
2023-07-29,1,99,0.8566391105125665
2023-10-11,23,13,0.11278956375742033
2023-03-01,12,20,0.4166364169776824
2023-12-05,8,97,0.6704890092267334
2023-06-23,9,163,0.8984725275953256
2023-10-11,1,114,0.6841081274000129
2023-05-04,5,156,0.025297385525478
2023-12-01,6,84,0.8162400297739961
2023-06-01,7,193,0.9333179440285221
2023-09-20,2,153,0.6064770939795805
2023-08-22,24,11,0.27314262879435225
2023-09-14,10,61,0.7875443444603932
2023-07-28,22,66,0.0899728067688167
2023-02-07,24,189,0.8305372020318937
2023-05-19,1,6,0.4001456252672083
2023-02-16,12,122,0.0692207286758415
2023-10-24,13,91,0.21354821785845446
2023-10-20,8,143,0.7375317596245133
2023-11-23,11,47,0.4741762384718752
2023-12-30,6,12,0.7108434645073888
2023-12-04,12,108,0.9651155936164241
2023-07-19,4,49,0.218918606195736
2023-10-15,10,17,0.32459837356105425
2023-07-12,7,71,0.16420248198320064
2023-02-20,19,157,0.45224446089061254
2023-08-03,23,196,0.28355835021938125
2023-08-22,9,51,0.46718057241108624
2023-11-09,9,30,0.8965046130431461
2023-09-12,7,46,0.6116252052440884
2023-06-25,2,182,0.11283319926202007
2023-07-29,24,58,0.9991042373726443
2023-08-14,3,6,0.9998345313607497
2023-03-09,1,68,0.8961021530775852
2023-03-01,1,190,0.6684776301451919
2023-05-14,22,131,0.9142072443324515
2023-04-23,6,191,0.8053723778987386
2023-10-25,12,54,0.6264721931670514
2023-01-08,6,95,0.6303004211223303
2023-11-11,5,114,0.5240525397315714
2023-02-20,8,62,0.9315060289342136
2023-07-20,11,95,0.20257290283553675
2023-11-24,4,109,0.8985641075874782
2023-11-07,6,5,0.3034740634293004
2023-10-31,16,154,0.21747573235872608
2023-05-04,10,155,0.8154477110428993
2023-09-18,24,181,0.18109250617238004
2023-09-29,4,146,0.5150769115043505
2023-08-18,16,82,0.5181749016096865
2023-09-11,3,68,0.575835526717757
2023-01-26,5,50,0.9589571070461315
2023-08-20,22,63,0.6486583526835955
2023-08-17,14,194,0.987942650460971
2023-01-06,22,5,0.2452462163880571
2023-02-16,21,199,0.26402584814085117
2023-03-13,8,197,0.6135184771741995
2023-02-11,9,24,0.6924918853488168
2023-11-19,10,70,0.8870648610032398
2023-08-07,15,40,0.32764019566571123
2023-07-10,6,64,0.3152839755152984
2023-05-28,5,146,0.9717808890134505
2023-04-29,14,164,0.14999099487979872
2023-10-24,13,160,0.8516213389478525
2023-08-04,6,158,0.43928166388306067
2023-12-07,2,113,0.7287533425800048
2023-09-20,1,197,0.13054674893932938
2023-05-11,3,126,0.39397959907027347
2023-11-03,24,163,0.7143847888113286
2023-06-25,21,3,0.5300171141230167
2023-10-01,6,92,0.06319847839416493
2023-03-29,14,146,0.600247424118577
2023-05-09,14,164,0.9493834611800172
2023-05-05,10,73,0.5853753568857751
2023-02-23,13,3,0.14592666004312904
2023-12-18,20,75,0.7642796984245405
2023-12-24,2,166,0.41189595602092954
2023-01-19,24,158,0.7312724573133613
2023-08-03,24,195,0.9739030892558783
2023-08-22,6,28,0.5531235077746972
2023-07-10,25,41,0.9571305512890693
2023-06-10,18,140,0.9938392672500816
2023-11-04,24,100,0.9484544606908835
2023-11-12,22,28,0.7215885713218173
2023-05-03,24,31,0.658372121262476
2023-01-10,13,22,0.11103970178453948
2023-08-07,13,179,0.8817662492292189
2023-08-23,14,26,0.5188030960909853
2023-09-29,18,198,0.37901690010992717
2023-10-01,21,141,0.3312919702086923
2023-07-14,15,168,0.351331941822309
2023-12-15,23,2,0.27128323485656103
2023-01-07,22,159,0.2967525797303625
2023-12-06,8,159,0.2422228018066438
2023-10-13,4,55,0.23546693755314962
2023-03-24,13,99,0.9667002196800808
2023-03-09,17,88,0.38676421861448207
2023-08-06,23,170,0.5546080199162906
2023-02-20,2,59,0.009383473380715546
2023-11-05,5,58,0.7811334005133692
2023-04-03,5,65,0.79434544377969
2023-12-18,13,48,0.9340349327684875
2023-04-06,10,124,0.30330552193927984
2023-08-10,6,107,0.5815681710979546
2023-06-12,20,120,0.9882552991293179
2023-03-13,13,56,0.4102779299568212
2023-01-28,10,149,0.5729051541493256
2023-05-03,7,38,0.9636707319086256
2023-03-08,25,85,0.4758193704511514
2023-10-26,10,121,0.22021513656013014
2023-06-22,24,177,0.6312834709791652
2023-05-19,11,18,0.6964696325145422
2023-08-03,21,107,0.13190599816366866
2023-06-17,15,21,0.4966444637400861
2023-11-29,14,97,0.050861646406541006
2023-09-04,6,12,0.24629395581786728
2023-07-06,10,56,0.533352862495133
2023-04-15,22,60,0.31951824235759896
2023-11-24,23,64,0.16252887204205146
2023-03-27,1,7,0.6452184545357438
2023-08-16,17,167,0.13273444651855748
2023-11-02,6,200,0.287276654110868
2023-05-08,6,149,0.08873056161072923
2023-04-23,16,177,0.34134513716363424
2023-05-15,9,178,0.8151184406708686
2023-01-14,17,6,0.152872778873969
2023-11-15,9,99,0.5212891219745144
2023-04-19,4,82,0.8754873200956549
2023-08-14,5,111,0.23894660117568112
2023-02-01,13,41,0.28264606421481475
2023-07-22,12,142,0.8515909616661407
2023-09-14,11,161,0.4418974416349477
2023-09-29,16,92,0.85131930305108
2023-02-15,12,114,0.2655566206731744
2023-06-20,11,88,0.9290183913631354
2023-01-27,18,19,0.34850156928844733
2023-11-26,9,163,0.07375146338907146
2023-06-09,13,175,0.5697457325096479
2023-05-11,25,165,0.6911161610898667
2023-05-24,15,70,0.4706651712211012
2023-10-15,21,184,0.6708574211885359
2023-12-25,14,15,0.5409895602632167
2023-06-29,11,127,0.19051253773072174
2023-07-18,11,132,0.0556988619160067
2023-05-15,13,73,0.8145409131042186
2023-03-07,14,50,0.45968495411573596
2023-11-29,1,57,0.5499203127677209
2023-02-03,10,185,0.9844918092041239
2023-08-24,9,53,0.6246882998007047
2023-11-12,3,105,0.9310502304125564
2023-08-26,18,129,0.9936557526322398
2023-04-12,14,69,0.29147628176374685
2023-11-08,6,10,0.22061607855810406
2023-07-17,2,166,0.4956071408395957
2023-04-13,8,112,0.17048075443123256
2023-05-23,6,163,0.8554170102091183
2023-04-14,25,135,0.4622992992671413
2023-04-24,5,18,0.7282369728025849
2023-05-18,19,29,0.07334414300930248
2023-10-05,23,148,0.17149255845650202
2023-12-27,24,95,0.06395122448281898
2023-12-25,13,154,0.6901044625988669
2023-02-28,14,26,0.019730688300825583
2023-06-09,17,11,0.7729439779201274
2023-05-13,1,68,0.8182919528150695
2023-01-02,22,75,0.05315531170715926
2023-05-16,5,128,0.8205963949540417
2023-06-29,2,179,0.035550426139012825
2023-08-31,25,92,0.4211877748850106
2023-04-08,3,31,0.7891025863974455
2023-02-17,13,166,0.0053238940822607494
2023-09-06,16,62,0.5040460781258945
2023-12-04,23,102,0.11361960235398161
2023-07-18,6,9,0.47051723764781583
2023-03-11,16,145,0.4983824268661876
2023-03-19,15,149,0.43314753133796513
2023-10-07,16,164,0.375441482996581
2023-04-04,19,144,0.5899748529833069
2023-10-28,21,25,0.06824466478092017
2023-11-07,21,79,0.3605638930795628
2023-12-20,2,179,0.1600577447445728
2023-01-16,7,86,0.7735792278476319
2023-01-10,3,151,0.3883468373316983
2023-04-28,16,78,0.23538728318253865
2023-12-07,23,166,0.9915140748000788
2023-03-28,6,68,0.3279944698679087
2023-04-04,3,103,0.8781559319396052
2023-03-23,19,113,0.05380171508165743
2023-12-14,18,53,0.07045673888184367
2023-05-06,11,25,0.4953144319304926
2023-10-07,13,70,0.53974850154151
2023-10-08,15,189,0.28142277611379574
2023-06-15,17,110,0.3877578442259003
2023-02-17,16,47,0.04119626829100009
2023-08-21,16,109,0.44939341479801054
2023-07-14,14,16,0.9997201698524683
2023-11-23,15,137,0.27820445310855446
2023-06-02,17,38,0.9441599538856844
2023-01-12,24,65,0.8661218984872544
2023-05-10,23,40,0.21258713561400366
2023-01-23,20,65,0.7753345905116137
2023-08-27,9,198,0.5908057534896631
2023-09-15,10,105,0.3360859788638668
2023-04-16,11,8,0.6633522571806678
2023-12-04,10,191,0.8520561541143976
2023-04-12,12,56,0.9755025788203175
2023-08-07,21,156,0.3492942932340831
2023-10-21,13,89,0.14068929642358619
2023-05-28,7,189,0.3537033665082554
2023-10-18,16,76,0.7615695855836738
2023-10-30,3,65,0.4957794372486376
2023-03-21,22,129,0.38370752785069684
2023-04-19,8,73,0.28371198134607856
2023-03-28,4,191,0.05311557967527192
2023-03-23,24,68,0.75364296540402
2023-08-09,17,102,0.9707177364441778
2023-09-12,23,77,0.7153767553771736
2023-03-05,1,148,0.2817980322420469
2023-09-28,5,26,0.5189365770606645
2023-05-04,16,6,0.4523826058357061
2023-11-10,9,15,0.531110514192536
2023-04-14,23,113,0.45337691842904015
2023-06-15,24,64,0.29002346155537495
2023-08-14,24,21,0.3734770567849346
2023-05-04,24,49,0.5481085170454291
2023-06-29,14,93,0.9673382388563543
2023-01-05,15,96,0.958665929438032
2023-11-09,21,112,0.8662688239963661
2023-03-08,5,154,0.029222417720353056
2023-11-04,7,19,0.46314770148675555
2023-10-01,19,117,0.9765356223669022
2023-01-19,21,21,0.4307441550631622
2023-04-01,18,133,0.48835406427150985
2023-06-07,10,42,0.33524904229017616
2023-01-08,11,106,0.2528997426241919
2023-06-05,25,169,0.9960440838123745
2023-09-04,22,39,0.6176718132611291
2023-06-15,9,54,0.7069367686121328
2023-11-29,21,41,0.3888267228700415
2023-05-28,25,25,0.5864651350175064
2023-12-23,21,52,0.37145042500254155
2023-03-30,1,37,0.47885126599744476
2023-06-14,20,178,0.46411004068229766
2023-12-06,11,82,0.4402647695836507
2023-11-11,21,136,0.3296488968323714
2023-05-24,12,112,0.05633526183093851
2023-05-04,12,14,0.9291320063822138
2023-10-25,1,199,0.7153615887843429
2023-07-27,9,105,0.10796944427945931
2023-04-05,1,156,0.10532881949811679
2023-07-16,24,9,0.29723475439547475
2023-12-06,20,77,0.05192142299599223
2023-11-02,15,88,0.1456712197123322
2023-05-02,18,42,0.5125490260260982
2023-07-09,21,50,0.5006130153827978
2023-01-07,18,82,0.1903068111371582
2023-08-09,10,139,0.478145597848472
2023-07-02,19,167,0.3909892804124939
2023-02-15,11,190,0.8081110197148964
2023-02-08,14,182,0.9277073818159756
2023-09-24,5,5,0.8788433864839806
2023-04-06,9,193,0.8332678761774851
2023-04-16,13,80,0.9551018470287376
2023-03-09,6,149,0.8339646020217045
2023-04-21,11,117,0.9672320530220795
2023-08-22,24,78,0.026520274719868397
2023-11-21,25,160,0.7052856141132728
2023-08-06,3,143,0.8141049625483959
2023-02-14,3,162,0.7047208076627532
2023-02-14,19,53,0.15793506738581364
2023-02-20,4,33,0.7236467422697129
2023-09-27,12,22,0.09672509308168076
2023-02-11,22,178,0.30571419887141216
2023-07-04,17,36,0.5347791970702949
2023-12-11,8,111,0.5736113503571697
2023-10-14,22,68,0.04061735731657856
2023-10-19,7,13,0.4529853407657668
2023-05-17,5,12,0.5770667452477987
2023-04-18,21,115,0.754237610591738
2023-10-06,11,97,0.3137794071954152
2023-04-19,3,19,0.7868068989748177
2023-11-05,9,94,0.09231080500793287
2023-11-16,16,5,0.025820055064412983
2023-12-06,23,196,0.15070741408879695
2023-03-25,9,113,0.5764314379980077
2023-09-28,25,152,0.5565844588682215
2023-08-17,20,176,0.4211825841222039
2023-07-02,19,66,0.9154070728864342
2023-01-07,2,117,0.5264589045612498
2023-01-20,2,10,0.6976204286543345
2023-04-23,22,40,0.3818123518593777
2023-07-03,15,146,0.419044363780107
2023-09-30,15,39,0.2667433190501767
2023-03-10,18,90,0.2807088649009627
2023-06-06,19,178,0.23200017981681664
2023-02-04,18,30,0.6576823216552364
2023-05-26,8,54,0.3490739606072898
2023-04-04,2,143,0.6323342365396064
2023-02-10,7,55,0.4747898854410335
2023-11-10,12,182,0.35183307662279284
2023-11-22,21,177,0.8557692552205481
2023-06-07,20,113,0.18275305318396362
2023-01-27,10,159,0.8003347559366828
2023-04-02,12,40,0.6683391028416261
2023-12-24,9,134,0.2970643645838803
2023-11-28,6,101,0.6774914267768966
2023-06-28,7,152,0.44435515394964453
2023-11-18,15,130,0.4554722068225019
2023-05-10,8,144,0.42318646814257743
2023-01-24,15,155,0.047804962859141154
2023-05-10,23,55,0.6935010270734199
2023-06-25,8,116,0.09035131096100868
2023-09-08,12,200,0.21362938868368864
2023-04-01,9,128,0.9691489453114661
2023-07-07,4,185,0.056747301557782626
2023-11-12,13,113,0.5931486088909905
2023-07-25,2,84,0.39908151531668046
2023-01-26,12,34,0.1846386377210656
2023-03-20,10,59,0.9839126082900538
2023-07-05,24,97,0.49666884589380433
2023-06-02,14,44,0.15921127040119187
2023-10-10,16,11,0.6175114833348265
2023-01-08,11,26,0.2794170943786567
2023-12-08,8,168,0.7709323115068971
2023-07-16,19,22,0.6914676914811236
2023-08-21,17,74,0.7574319803713127
2023-10-04,3,94,0.31639775789794267
2023-10-29,23,158,0.9150631073696829
2023-02-22,2,136,0.9992900396400121
2023-06-01,14,81,0.08015772294151091
2023-01-26,23,23,0.5893800260335658
2023-11-04,9,157,0.7608676513225939
2023-06-10,6,30,0.23840039950462444
2023-04-30,15,123,0.7315057664994418
2023-09-08,11,40,0.6108584571247903
2023-12-09,11,164,0.5516692400827604
2023-11-29,14,174,0.9522049576281355
2023-08-02,3,126,0.7362780176572958
2023-08-04,9,142,0.10544027909378673
2023-07-25,15,121,0.09894229520042164
2023-02-22,10,156,0.16133993919066825
2023-11-21,12,21,0.2718317732649371
2023-02-08,20,81,0.399369484518595
2023-12-01,13,165,0.7067453246582667
2023-05-02,1,53,0.06339568295397113
2023-11-07,4,80,0.6121915668998432
2023-10-09,7,192,0.8026252188312807
2023-04-01,19,21,0.20862244993653334
2023-07-01,17,170,0.36615544708896464
2023-12-28,5,31,0.9623630484975346
2023-08-01,15,149,0.8740216804309816
2023-02-23,9,200,0.811891560350576
2023-02-21,11,10,0.6341749856233185
2023-06-07,10,130,0.19981186794495054
2023-05-16,6,74,0.4805938014953397
2023-12-06,24,179,0.5800593876685842
2023-12-11,18,85,0.14810482323300056
2023-04-06,12,141,0.6947339352199954
2023-06-23,22,27,0.5971871298871132
2023-03-15,7,137,0.014821793866374389
2023-01-02,2,107,0.3177078229023066
2023-10-27,8,24,0.20605613156223368
2023-07-16,21,171,0.5162093401490556
2023-05-03,13,111,0.6855941315629238
2023-12-17,8,144,0.6195392066460139
2023-11-22,3,153,0.22269092369844645
2023-10-01,1,179,0.9595034858928034
2023-11-29,25,62,0.37725377881944844
2023-07-20,5,143,0.7629843779205795
2023-06-17,15,1,0.6562707570422092
2023-03-03,21,66,0.8079329022017385
2023-04-28,18,50,0.7518857656583557
2023-02-07,20,2,0.14054260946786534
2023-02-14,1,4,0.25835171652671174
2023-03-14,15,40,0.28873381265642517
2023-08-06,16,28,0.8053884254919278
2023-07-31,13,54,0.8056963128882854
2023-07-23,12,81,0.8607349627867693
2023-01-14,5,16,0.6877917986834872
2023-03-15,10,93,0.3857214087063957
2023-08-13,6,106,0.287400596825756
2023-05-08,7,100,0.3144281918253604
2023-12-04,15,169,0.8523918119951107
2023-05-25,14,111,0.47229035637680317
2023-03-02,10,3,0.34609392882736834
2023-08-05,3,158,0.49569340127276895
2023-02-01,5,30,0.3758685243825348
2023-06-26,9,87,0.007454723669449326
2023-01-26,4,93,0.7824353572099018
2023-01-05,5,27,0.15444631776167927
2023-10-27,22,149,0.6461614474018307
2023-11-22,24,82,0.0037560715656955734
2023-09-01,2,154,0.604690702161552
2023-04-17,24,52,0.04893135801925341
2023-04-24,23,8,0.7367041415906441
2023-02-24,8,85,0.3691629920663465
2023-08-30,20,79,0.8582799525940223
2023-08-27,24,49,0.48780866071155415
2023-07-28,21,180,0.9181510875859702
2023-05-13,5,50,0.8330161362847534
2023-09-08,8,79,0.6994384551493732
2023-05-31,12,158,0.21125787429604603
2023-07-18,15,166,0.7978518971665307
2023-03-22,24,198,0.3752766935814936
2023-09-12,16,9,0.8923658719986564
2023-09-02,17,144,0.15415931209992806
2023-08-20,5,41,0.8683191286981922
2023-08-31,25,14,0.36951456839779806
2023-04-08,6,163,0.8015329585027755
2023-06-30,20,58,0.1626714027823516
2023-09-17,16,40,0.9206719712470034
2023-04-15,4,2,0.2319404925376205
2023-02-05,25,171,0.15930777623373216
2023-06-04,24,132,0.11270052189645474
2023-04-28,9,21,0.8227444294507612
2023-11-04,9,37,0.6991137355133945
2023-01-15,10,45,0.9414469570801884
2023-07-10,5,189,0.5262610574198935
2023-12-20,22,103,0.1794714156952687
2023-01-03,13,90,0.6451298086950771
2023-07-13,6,139,0.3439552681674052
2023-04-04,1,94,0.03555095541874398
2023-05-17,24,86,0.7206664226107958
2023-11-30,2,167,0.8601343477651687
2023-11-04,19,48,0.716928724346843
2023-02-14,3,126,0.1422946484673765
2023-07-25,9,194,0.7197852042115659
2023-02-12,24,183,0.050926326424268864
2023-09-09,1,94,0.5578487298396962
2023-09-29,19,112,0.20158427476642038
2023-12-11,19,166,0.21615142718143898
2023-03-16,1,183,0.7048072769811
2023-12-18,23,187,0.8911636565859211
2023-03-03,21,107,0.9018000600124958
2023-01-21,23,48,0.38777120706175006
2023-04-13,9,48,0.47094919263022006
2023-08-17,4,165,0.06331176248709247
2023-02-19,20,175,0.25207288604506795
2023-12-20,8,60,0.5121105826390571
2023-01-29,14,136,0.6787359494305755
2023-02-11,7,68,0.03537002021746327
2023-08-22,1,167,0.22302843879119805
2023-04-15,17,2,0.9066552503988731
2023-01-19,10,162,0.24540729212368317
2023-10-29,13,143,0.8145790885685346
2023-05-19,8,45,0.036473134894150494
2023-10-14,6,55,0.5285128970072466
2023-11-17,5,97,0.702952388265928
2023-01-12,4,13,0.3763016694473187
2023-05-06,19,50,0.37074893747473636
2023-02-04,1,172,0.9012358594095558
2023-10-11,25,18,0.7147151507804169
2023-09-10,7,155,0.6923608178757077
2023-04-08,24,135,0.575329247681761
2023-12-08,4,121,0.9885746832507105
2023-12-05,22,180,0.9448511317509739
2023-01-23,23,106,0.9137563426379021
2023-12-04,6,166,0.4255031055304631
2023-07-06,17,55,0.6354341529917874
2023-08-29,22,80,0.1895922016913827
2023-12-17,9,11,0.6770041389043405
2023-04-18,11,185,0.2905242263950314
2023-05-07,4,133,0.07478290145419453
2023-01-13,12,104,0.7932707048060743
2023-08-14,24,111,0.3922787091751727
2023-12-25,14,175,0.48392015556860757
2023-12-15,10,58,0.8534830443091034
2023-06-11,13,163,0.49805870234916605
2023-09-05,15,90,0.1704673531200036
2023-05-23,4,96,0.7525548129751121
2023-06-05,20,73,0.2016572151489039
2023-04-16,6,122,0.3032210379208701
2023-08-07,9,22,0.8468960604979746
2023-11-29,11,101,0.985080590474839
2023-01-10,6,74,0.3440351107721821
2023-01-03,6,118,0.7391688105273584
2023-12-15,12,180,0.6543049329096168
2023-12-24,2,158,0.9981097638345278
2023-11-28,8,72,0.10427232067561332
2023-08-24,19,46,0.6049111885246627
2023-06-28,7,112,0.21913606483499648
2023-06-16,16,4,0.05589193658676017
2023-10-19,23,75,0.07680637504295196
2023-12-19,12,95,0.1870465164440701
2023-02-12,13,70,0.09807455479936622
2023-05-25,6,119,0.7546276527870608
2023-11-16,3,195,0.5339389552791788
2023-09-27,3,98,0.2339269834616301
2023-02-12,11,74,0.13889054783801902
2023-08-18,25,83,0.5259679326824638
2023-10-26,5,173,0.8808495098435793
2023-01-01,1,38,0.928520171927319
2023-03-05,24,200,0.8581745015972055
2023-11-15,2,71,0.32915056584336577
2023-03-16,24,174,0.49175396745733446
2023-09-07,2,20,0.7795546556324777
2023-06-24,8,21,0.5005612579320345
2023-02-02,16,168,0.3125604641724856
2023-04-04,22,164,0.30370675204287045
2023-10-25,20,70,0.4449717577199418
2023-07-16,4,2,0.22101414313554468
2023-04-09,7,193,0.8135768914084474
2023-11-01,8,115,0.9104270077868383
2023-11-16,19,152,0.12420382522265294
2023-02-06,1,16,0.27311417965496476
2023-01-12,7,148,0.25276450686004426
2023-02-19,21,149,0.8916295020950434
2023-03-30,2,165,0.1442857179539223
2023-01-09,25,179,0.011423893945121333
2023-07-07,21,48,0.5826702741313038
2023-04-12,20,193,0.2275716399067903
2023-09-12,8,71,0.2952476847275616
2023-11-02,4,164,0.9013269013024525
2023-06-11,24,169,0.02800167147124799
2023-01-13,22,189,0.6546221046119834
2023-05-27,20,5,0.3793256363630739
2023-05-12,3,43,0.12539535059225226
2023-02-20,3,169,0.40167422951217757
2023-03-01,10,25,0.21338823215778058
2023-06-12,20,101,0.5555229396063045
2023-04-10,18,133,0.5496204192038531
2023-03-23,23,26,0.17498049229010804
2023-01-25,7,151,0.05789537169603021
2023-10-22,13,26,0.1760318931160293
2023-10-21,18,194,0.04907565765107169
2023-01-12,7,27,0.1571106930638423
2023-03-11,13,46,0.026383648334093013
2023-11-05,15,186,0.9187096947455634
2023-08-08,24,20,0.9033291188767681
2023-12-31,2,78,0.44989905004931496
2023-04-06,2,10,0.5951415844342997
2023-08-08,14,98,0.12870956303076708
2023-04-07,18,39,0.883693885425026
2023-05-27,3,187,0.027937589216877834
2023-09-20,2,22,0.146714035362022
2023-12-04,7,28,0.7410477087274246
2023-05-22,18,113,0.15007867929536067
2023-09-16,5,107,0.3958295871779216
2023-07-08,16,168,0.8740579148271063
2023-01-15,18,39,0.23474599764391213
2023-06-22,6,177,0.1943296422204096
2023-04-27,3,149,0.5733371213397334
2023-05-27,17,162,0.9796434111238438
2023-03-29,8,61,0.8204845710518114
2023-04-22,3,173,0.8965724710508695
2023-03-22,19,66,0.19004585935931972
2023-02-07,19,39,0.9061012021151588
2023-03-02,11,19,0.7452946440128967
2023-07-26,23,54,0.8023576805548459
2023-07-07,14,109,0.13274800179780077
2023-10-06,5,37,0.876068443513323
2023-11-29,20,36,0.7244287099801173
2023-04-27,17,107,0.2869672422564046
2023-05-08,20,163,0.7310388963491423
2023-09-05,21,72,0.23443387144997163
2023-02-06,24,21,0.6442651951215557
2023-10-26,22,125,0.5571030016166524
2023-10-05,24,140,0.6856523296762614
2023-09-01,8,6,0.745299713802035
2023-06-20,10,118,0.5000322673627601
2023-05-27,16,141,0.7589326564563004
2023-05-06,5,98,0.9343705840970334
2023-07-17,21,107,0.19592596442915167
2023-09-13,3,153,0.5269752160999256
2023-01-18,9,52,0.42303028184414215
2023-06-09,16,127,0.3882048064934357
2023-09-09,18,111,0.10323940117645047
2023-07-23,5,64,0.09023333934856226
2023-06-02,24,107,0.5776095110916097
2023-04-19,11,61,0.0823469808437085
2023-12-20,5,164,0.015456887101202965
2023-05-15,17,200,0.7450417206171934
2023-11-09,20,170,0.4857315276579559
2023-11-27,23,87,0.7922334598071958
2023-08-03,20,41,0.8519372356780659
2023-07-24,4,62,0.21206767836663787
2023-07-20,9,42,0.43747036627070357
2023-03-14,12,5,0.4397224861474296
2023-06-10,16,88,0.1867382311603124
2023-05-12,7,145,0.20195978064765097
2023-10-21,17,139,0.669425480376639
2023-03-07,14,200,0.7710339981577209
2023-10-30,7,81,0.6771294028985193
2023-01-19,4,23,0.938398411564017
2023-01-30,20,98,0.28633693624479895
2023-11-30,12,41,0.6465283789509083
2023-08-23,25,38,0.1512066714150132
2023-03-01,9,44,0.14242922422383364
2023-08-15,17,169,0.7973745445753897
2023-11-19,16,155,0.8154923981968614
2023-05-10,25,200,0.14449086443300663
2023-12-22,18,40,0.3889275469349547
2023-11-13,12,179,0.10580405535674953
2023-11-26,10,125,0.5781813015583799
2023-04-21,18,26,0.9088848670549184
2023-11-25,3,125,0.8242577657338425
2023-01-31,15,84,0.9025028655050469
2023-04-19,3,45,0.7884909695319166
2023-12-19,1,39,0.5917884987049491
2023-04-07,3,176,0.7886340990817772
2023-07-26,19,62,0.3813113683033754
2023-05-08,5,70,0.16683194639682097
2023-08-01,3,113,0.18897614366295523
2023-01-28,20,117,0.2992816282281374
2023-11-19,22,154,0.2146170807128307
2023-05-22,18,82,0.3006993553028483
2023-08-22,22,98,0.2134432681561752
2023-10-09,18,180,0.2386884748399808
2023-12-01,23,15,0.3983898756439874
2023-04-01,14,46,0.5248333152939195
2023-06-17,10,45,0.078357766701598
2023-03-07,21,32,0.31448214100576743
2023-07-21,13,153,0.5310690481593554
2023-05-19,9,118,0.11833577951640473
2023-03-13,4,98,0.775773489314127
2023-04-05,2,65,0.1773235885946618
2023-10-06,19,79,0.5491125975880188
2023-10-18,18,127,0.4891296497029962
2023-06-12,4,48,0.6754576621589418
2023-08-28,10,188,0.15514021272833312
2023-06-24,4,100,0.6730593731711103
2023-12-03,9,116,0.693038537395615
2023-04-08,24,113,0.6863423949771047
2023-04-17,2,69,0.5423559154407447
2023-02-21,25,196,0.027786216385959128
2023-12-27,21,27,0.6347517650751794
2023-04-20,7,41,0.7554891601419025
2023-06-27,24,137,0.9607355087089321
2023-05-18,3,77,0.7144634292083939
2023-10-27,13,159,0.5831459916934335
2023-05-16,25,56,0.3818898442028378
2023-11-27,16,109,0.8911014250958387
2023-09-12,9,34,0.2355796750755954
2023-02-28,5,82,0.9880537303256778
2023-03-12,11,22,0.04730225403674726
2023-12-18,5,78,0.5742371600906349
2023-05-16,19,196,0.7698685182337667
2023-06-20,15,94,0.5250730504429658
2023-08-15,25,83,0.5775279904881666
2023-05-31,13,15,0.9080875374895463
2023-09-06,9,59,0.26722667080286244
2023-04-27,9,79,0.5168036466186758
2023-05-12,14,117,0.2793734505833847
2023-03-03,12,179,0.8856098774123872
2023-01-10,14,96,0.5651347626207028
2023-06-09,16,96,0.6759034662188718
2023-03-05,9,83,0.22092500398824366
2023-03-26,19,42,0.11296915716024314
2023-07-20,23,35,0.47326844012240854
2023-03-31,17,165,0.875271022878149
2023-04-19,21,106,0.14753982543108335
2023-11-01,20,61,0.680682661470774
2023-12-23,17,19,0.5188257892271361
2023-09-09,21,140,0.13509989190386817
2023-08-02,22,107,0.25223056797554455
2023-07-23,20,25,0.9454761139925273
2023-01-28,17,64,0.40952321283002735
2023-10-14,12,2,0.9071843570750627
2023-02-10,25,118,0.6808126846565116
2023-06-26,11,180,0.2970678764293052
2023-10-05,24,83,0.09738675581135336
2023-12-22,3,138,0.7866870993180807
2023-01-01,19,145,0.9976710745076531
2023-03-17,12,19,0.6085566488520034
2023-10-14,19,76,0.914617545505203
2023-04-24,20,102,0.36612589541793394
2023-01-21,19,92,0.5349840311339592
2023-08-13,3,39,0.9820510182348094
2023-06-05,9,92,0.5741199777846656
2023-02-24,4,112,0.49690450242363926
2023-11-20,13,164,0.7756481283975882
2023-02-06,18,70,0.9148484953365504
2023-10-05,15,116,0.8234553733119241
2023-10-13,4,193,0.09468472783058712
2023-02-21,13,73,0.2220201542570347
2023-05-01,7,59,0.3823892970056182
2023-09-26,13,170,0.6746810472475633
2023-01-02,23,115,0.8739911014725188
2023-08-07,22,145,0.29066380939395264
2023-05-27,7,135,0.8265899686782487
2023-01-14,15,27,0.6894303587037228
2023-01-15,12,23,0.9086965095561803
2023-07-18,9,23,0.6712272023638794
2023-02-17,9,105,0.620341317116275
2023-08-30,17,173,0.6335154161347077
2023-11-26,19,168,0.9814791561595567
2023-06-27,9,146,0.4212944470484543
2023-01-09,2,151,0.8521812392883052
2023-10-21,2,148,0.19956469632551088
2023-05-11,9,135,0.9106703359821205
2023-12-19,11,78,0.2714400307477971
2023-05-06,16,47,0.10569776771942696
2023-06-06,20,174,0.789260974728225
2023-09-14,19,36,0.63444007560723
2023-08-22,5,129,0.6802597680380389
2023-03-12,12,32,0.4999513390724446
2023-11-23,4,38,0.22251679993760598
2023-10-15,15,29,0.9218511857878346
2023-03-05,10,52,0.5768432209867982
2023-04-04,13,13,0.9018776197504667
2023-05-12,17,179,0.8108066411709605
2023-07-10,2,113,0.7388795615893677
2023-06-09,17,145,0.5176361482649683
2023-05-26,4,48,0.9756494671246595
2023-08-07,22,130,0.5394716399543341
2023-04-03,11,152,0.047491699000026366
2023-04-03,2,95,0.03292226585313884
2023-12-12,19,178,0.8245259812544457
2023-06-12,8,101,0.4810925484333567
2023-02-05,5,102,0.8319999872480819
2023-11-26,25,39,0.88371858276447
2023-06-09,23,30,0.007295677652944033
2023-01-18,20,85,0.48434456169625695
2023-06-17,3,61,0.44727273812343127
2023-02-04,2,50,0.45533142371752344
2023-11-11,12,90,0.4247925271988874
2023-05-07,20,100,0.06203727113148183
2023-02-11,20,48,0.857722757648626
2023-10-30,25,39,0.574705057662872
2023-05-23,8,124,0.1991321523965519
2023-10-18,22,151,0.6446294904647654
2023-06-20,11,59,0.14625534885711777
2023-12-18,18,34,0.40737607510393503
2023-07-29,10,150,0.2338134194023581
2023-11-13,6,7,0.5252567487373638
2023-04-25,7,98,0.504556363770327
2023-05-21,19,47,0.229756187998174
2023-11-13,13,21,0.8589637118305548
2023-01-19,17,173,0.6882857325052433
2023-05-04,15,141,0.987225209405672
2023-02-25,2,145,0.07386797852537497
2023-09-19,24,134,0.6487270027460121
2023-04-14,9,122,0.5854843388467226
2023-12-16,3,176,0.9786216677903794
2023-09-22,16,52,0.5876797461367249
2023-06-09,2,191,0.782252596418948
2023-08-17,21,85,0.014917211255256801
2023-10-11,5,9,0.25567175504427697
2023-08-22,12,152,0.439877609182995
2023-04-23,20,141,0.0018401279236910373
2023-08-28,19,152,0.6790276509759159
2023-10-25,10,148,0.5260586713634258
2023-05-31,4,15,0.462538102496282
2023-09-07,12,85,0.5085179157915936
2023-06-22,22,19,0.044668822363237215
2023-03-06,2,183,0.8680755909424817
2023-12-18,6,81,0.6210113929230303
2023-12-10,7,188,0.26434912042227954
2023-01-29,24,111,0.4159233100407772
2023-08-08,19,192,0.7953621901810356
2023-11-01,7,199,0.8925383696407766
2023-02-25,16,89,0.1821374227761171
2023-10-19,14,28,0.8059291138257081
2023-11-30,21,138,0.7105613266874552
2023-04-26,23,29,0.8801733729058652
2023-12-06,11,142,0.8256994009090384
2023-10-22,10,170,0.8233961676203467
2023-11-08,12,175,0.2868285278684458
2023-01-16,15,82,0.4170231202715874
2023-07-25,4,82,0.79986358453983
2023-04-23,18,37,0.8897152287015369
2023-01-22,18,4,0.2921174131692077
2023-01-25,17,123,0.03186060566491289
2023-06-06,7,179,0.5616492807047735
2023-11-21,5,52,0.40786873861861594
2023-12-03,17,167,0.4678255174873315
2023-05-21,1,96,0.298604245594829
2023-09-24,19,190,0.827463057260791
2023-03-28,1,106,0.8634416485841081
2023-10-28,12,77,0.9016125465512463
2023-02-09,6,92,0.21036921698996125
2023-04-12,23,191,0.7706211091136922
2023-01-12,8,72,0.9179724682422916
2023-10-27,22,16,0.6329061262101826
2023-02-09,6,195,0.8741137503256842
2023-06-27,11,122,0.04332188554472893
2023-07-12,17,76,0.5192027726282896
2023-03-22,3,131,0.7393678964300511
2023-02-10,12,166,0.30614763327142536
2023-09-07,16,25,0.0710931903601062
2023-12-29,7,173,0.03249490347286865
2023-09-01,14,173,0.4372246011201296
2023-12-10,3,142,0.8240693625099703
2023-06-16,20,2,0.6150753852264297
2023-09-20,4,68,0.26819591077965277
2023-05-02,10,119,0.16560825409985258
2023-09-18,21,86,0.9168073315462332
2023-10-07,20,133,0.604921074782265
2023-05-01,3,142,0.4808985798534172
2023-09-17,16,106,0.4340595181537682
2023-03-08,24,190,0.24068150336356475
2023-03-23,12,15,0.31045263897837616
2023-03-23,10,54,0.7569459680860464
2023-10-18,21,159,0.37923590455202993
2023-06-11,25,2,0.6665573063304813
2023-08-06,14,95,0.41958238706054485
2023-11-21,12,139,0.8785766050729379
2023-08-24,23,72,0.8825214395511057
2023-12-31,21,80,0.3037380365376493
2023-10-31,7,198,0.12723691114956392
2023-04-23,6,133,0.8978995064831646
2023-10-03,23,29,0.49301037529617486
2023-03-31,22,66,0.7018587342662315
2023-09-11,12,43,0.6071021181037995
2023-04-19,2,170,0.629772989421191
2023-02-08,5,13,0.0855481112940113
2023-08-13,20,83,0.7071466262296379
2023-09-06,24,64,0.9221159667902297
2023-03-02,12,187,0.1539437642000121
2023-10-28,10,17,0.6322232877717208
2023-05-14,7,26,0.7222900396946041
2023-03-27,15,67,0.4698554413019951
2023-11-16,15,55,0.27335653783614156
2023-04-09,12,191,0.7832521004709158
2023-01-07,21,24,0.24375072125333108
2023-02-14,7,2,0.4994090887450471
2023-12-19,3,147,0.9227053914401883
2023-05-05,2,158,0.5846476146945658
2023-01-15,16,187,0.3868705452292922
2023-03-01,25,41,0.4217861526657817
2023-11-22,9,102,0.45448387789539924
2023-01-21,21,85,0.4062364865749296
2023-08-19,15,190,0.9171007426002278
2023-02-05,8,137,0.14893400304884663
2023-02-01,24,40,0.2951924036594801
2023-12-30,9,176,0.5232059916471776
2023-05-21,2,63,0.9710185949832183
2023-07-26,6,14,0.003903555568120387
2023-01-14,6,194,0.6526324679908926
2023-06-30,18,111,0.9458598388431925
2023-02-03,1,7,0.7344141973695292
2023-04-21,14,109,0.12163447098050151
2023-07-24,14,123,0.4992937047228151
2023-05-20,9,9,0.3811682084198629
2023-11-29,15,129,0.8803404766041464
2023-01-06,25,39,0.7006344041356497
2023-01-24,21,6,0.9297794143813979
2023-10-07,10,23,0.49603923321180965
2023-09-05,4,200,0.6252973825345535
2023-02-24,9,111,0.6165927135837173
2023-06-04,9,56,0.6400737299118449
2023-06-05,3,131,0.7388358679359274
2023-04-02,10,118,0.9504011905617372
2023-06-28,12,161,0.8869338051718405
2023-01-06,19,118,0.14046402944734404
2023-05-30,1,159,0.4991004154410088
2023-05-08,20,165,0.1846321467828166
2023-07-19,8,178,0.1763498347890765
2023-01-01,20,107,0.5383055728787559
2023-02-16,22,11,0.14299124717465905
2023-11-28,20,157,0.20476318601131183
2023-06-15,1,113,0.13752740757572413
2023-02-18,13,115,0.29090231004563105
2023-05-10,24,31,0.1883012324818476
2023-01-30,4,142,0.40300306328533875
2023-08-05,7,184,0.31579254345028174
2023-04-26,23,55,0.8891972189601984
2023-07-03,15,122,0.26772791802891716
2023-02-19,25,47,0.8957190609023454
2023-05-24,21,37,0.10649209925854297
2023-07-13,9,154,0.1512987287137575
2023-05-08,24,186,0.3121614552931451
2023-03-12,25,162,0.7434813385792447
2023-09-17,24,2,0.30382392016004833
2023-11-01,24,110,0.6561586905300688
2023-08-10,15,179,0.2444468562392026
2023-04-24,2,42,0.7186800545167037
2023-10-17,24,189,0.7928839765362512
2023-09-03,22,158,0.04281961128259615
2023-10-17,8,32,0.2353972293192843
2023-04-06,10,5,0.6406461806760864
2023-11-25,16,127,0.1601472889691513
2023-11-01,20,65,0.5911019348939986
2023-12-16,2,17,0.7102212935254166
2023-11-19,9,162,0.978256600592633
2023-04-21,6,116,0.10926426798445654
2023-08-31,20,148,0.7147143358723689
2023-05-08,13,35,0.17914072953752724
2023-11-07,21,168,0.6251146906962425
2023-01-18,14,99,0.16301786507508165
2023-04-17,5,34,0.9964467557357737
2023-09-20,1,137,0.010013546999888545
2023-12-05,19,77,0.9699580687534576
2023-12-03,10,159,0.16424925799002843
2023-01-25,1,126,0.5374637432137316
2023-03-12,8,75,0.13099526606163292
2023-08-18,1,193,0.3274934700899723
2023-05-25,14,39,0.3302267052320914
2023-11-29,22,52,0.1607195222579315
2023-06-10,12,25,0.2148835524277205
2023-07-20,21,14,0.7069628997174876
2023-08-30,24,170,0.519742509522134
2023-02-04,12,86,0.46622696040730083
2023-09-29,25,175,0.09717839058317379
2023-02-20,25,33,0.21803584218180805
2023-10-04,25,39,0.10254121310443642
2023-08-29,12,149,0.8815631029962668
2023-12-14,11,156,0.7030595868909124
2023-12-19,11,24,0.22295833941207743
2023-05-18,13,162,0.9800962728541954
2023-07-11,21,92,0.7249034388295232
2023-08-17,2,28,0.7060741520158471
2023-01-08,4,5,0.7599731720062618
2023-07-21,20,25,0.5289451081068878
2023-01-26,10,74,0.6524061967425406
2023-01-12,14,27,0.5881881976843215
2023-01-09,23,65,0.28212617193365364
2023-11-04,2,87,0.11098800766155437
2023-07-15,24,76,0.8821193964435879
2023-06-26,23,132,0.13553727998011056
2023-12-24,13,120,0.2769751354718185
2023-11-21,7,22,0.08404114723628608
2023-09-30,17,160,0.10243762514033428
2023-11-18,12,175,0.10205673750162259
2023-05-28,20,187,0.5955331948548129
2023-05-28,14,78,0.8564645525822602
2023-11-11,20,173,0.13183470793249386
2023-04-04,17,16,0.4812180810826099
2023-09-11,13,199,0.5786520833094566
2023-07-24,11,192,0.7122073621249497
2023-01-26,10,23,0.6395235460804145
2023-06-28,1,95,0.184429505780766
2023-04-20,16,46,0.3291188184963034
2023-08-04,19,81,0.4085989824720109
2023-09-25,16,23,0.7714707266839365
2023-03-21,11,53,0.7182709148724774
2023-08-19,11,94,0.9229468490880037
2023-07-15,1,115,0.7224405113565229
2023-01-07,25,6,0.7821195875515764
2023-09-30,21,160,0.25275338592143903
2023-06-04,3,197,0.954812384703886
2023-09-11,13,173,0.17829984795624232
2023-11-17,23,40,0.7867430869197265
2023-09-02,25,42,0.21914071739122254
2023-02-24,10,134,0.6322422545664493
2023-12-14,15,67,0.7219248646216053
2023-12-18,21,180,0.9846686502192211
2023-10-16,22,184,0.39348055547093186
2023-04-19,10,84,0.03178037330400574
2023-08-21,14,72,0.05092249882862965
2023-01-23,15,134,0.8245400709015765
2023-06-29,15,46,0.6849030460813242
2023-07-23,23,185,0.9686012177232124
2023-10-15,2,42,0.6252305083926479
2023-06-11,17,70,0.7333819752592837
2023-11-11,11,147,0.9658084353025993
2023-09-15,1,102,0.17974444595366013
2023-12-11,9,89,0.9948026495704474
2023-10-01,3,144,0.05588810213947881
2023-10-15,6,4,0.019395559708274113
2023-08-23,13,181,0.8526719987912115
2023-11-16,9,135,0.7011893624628547
2023-07-03,24,86,0.3321529244274417
2023-08-05,3,144,0.06988506833600328
2023-11-02,15,21,0.32547256907426236
2023-07-17,16,119,0.17771513207269218
2023-04-29,8,187,0.8492352057237912
2023-01-17,23,183,0.5709106767752768
2023-01-10,5,128,0.5893237405317762
2023-06-06,25,54,0.842570004903319
2023-06-26,23,45,0.4537272590896563
2023-11-09,23,58,0.8453517081459513
2023-03-21,2,90,0.3525976842651025
2023-01-24,25,160,0.8593674009660903
2023-03-29,8,110,0.8444549479719234
2023-12-22,18,169,0.4256112161542248
2023-07-22,2,79,0.5864702389768373
2023-11-03,24,194,0.45314912368268556
2023-07-08,24,141,0.6618798421808174
2023-10-14,16,122,0.8611141705001115
2023-11-07,6,7,0.8111377969266336
2023-08-18,19,124,0.4589753655924572
2023-10-02,15,185,0.1547215073150816
2023-05-25,24,95,0.9797738247184314
2023-11-06,12,30,0.40797376725674384
2023-08-20,24,187,0.821266714932086
2023-02-08,10,120,0.9101860024479274
2023-04-13,17,73,0.9116079761757142
2023-11-09,10,92,0.22615355281241245
2023-09-07,12,180,0.8837280790242626
2023-03-01,19,194,0.9627650605202287
2023-10-29,4,143,0.6806847550514027
2023-07-16,23,18,0.8460781149893863
2023-07-20,7,86,0.5063833932246713
2023-12-11,21,61,0.33699172959884083
2023-04-06,23,174,0.11136004660973042
2023-09-05,9,99,0.7804877120088659
2023-03-14,15,90,0.8766170791262554
2023-03-05,10,58,0.6513872515492285
2023-12-10,23,79,0.9794650283625391
2023-10-16,1,51,0.20704626278600968
2023-05-02,7,128,0.8226363145537374
2023-05-24,3,177,0.8599947470659326
2023-05-18,2,176,0.3519206107753877
2023-07-04,11,103,0.016040920378964763
2023-11-30,19,110,0.7953817168747778
2023-07-13,21,109,0.6579362183232925
2023-06-17,13,194,0.5248598927871333
2023-05-29,18,63,0.9016005305728266
2023-03-30,25,157,0.010551576286266129
2023-06-16,6,159,0.43291992278038405
2023-04-05,9,173,0.46452344431177617
2023-01-11,15,137,0.7999569023787864
2023-11-27,10,47,0.5148648809257237
2023-04-11,5,159,0.14491362732685997
2023-06-15,25,8,0.9601294083350422
2023-04-02,14,189,0.5202374929414302
2023-05-23,17,52,0.18500394839910628
2023-03-22,11,78,0.43435018715580154
2023-02-06,25,20,0.9110086744024456
2023-01-03,6,100,0.34337712282481125
2023-04-02,13,122,0.1554680703837935
2023-12-14,14,115,0.8180593528792919
2023-03-20,15,18,0.3102062226527904
2023-08-04,24,47,0.6190723168429937
2023-05-03,19,151,0.8979775965072925
2023-07-12,8,169,0.3760287981270557
2023-07-11,10,175,0.21232943579256947
2023-03-30,2,59,0.6179301696089077
2023-06-01,16,189,0.7139458602113569
2023-04-19,9,172,0.40496110157202525
2023-03-10,24,120,0.023963150714429005
2023-03-14,9,40,0.2912292132242462
2023-07-02,1,44,0.00664213972644323
2023-05-14,11,113,0.455484396099311
2023-03-01,19,143,0.8530725330774741
2023-07-03,4,184,0.0222025662735863
2023-08-17,14,48,0.06001033512128773
2023-09-18,14,142,0.4342932780316413
2023-05-27,17,39,0.9257480386461528
2023-12-22,6,183,0.7087848099106815
2023-11-11,6,90,0.5287827665342969
2023-01-01,18,128,0.8192888221353454
2023-04-21,6,171,0.9761925796185353
2023-07-08,10,156,0.6471377446432056
2023-03-21,20,169,0.5095695576956925
2023-08-16,9,28,0.4403330725248087
2023-01-30,20,12,0.6537027738214765
2023-10-09,16,152,0.7627460570828049
2023-12-23,6,78,0.3744029544921612
2023-01-17,24,2,0.8216397569760683
2023-06-24,6,60,0.9915485671499589
2023-10-14,3,186,0.719295472550703
2023-01-06,2,47,0.010437510857252308
2023-02-03,7,18,0.01674122222707275
2023-12-10,15,157,0.341282592350297
2023-06-27,17,60,0.7647166545111376
2023-05-19,19,185,0.11806823695180435
2023-11-21,22,8,0.2831970789654762
2023-12-30,18,32,0.023166838272300705
2023-07-06,22,128,0.8640755641221813
2023-09-07,17,20,0.98094718369461
2023-12-03,22,16,0.35286316017783126
2023-11-26,13,31,0.2615307951736282
2023-12-04,19,133,0.924170895372537
2023-11-20,23,135,0.017285014785401454
2023-03-24,2,44,0.03724479904055522
2023-03-11,8,179,0.6260217533425904
2023-11-14,25,97,0.9128657142609633
2023-03-24,10,104,0.21729875094446782
2023-04-02,16,164,0.9768013567045876
2023-04-11,24,112,0.8649577293080072
2023-06-28,19,68,0.8863370623091841
2023-03-29,1,145,0.677743314545559
2023-05-26,6,75,0.6975610994295572
2023-01-02,16,199,0.9793478478843146
2023-07-07,4,115,0.11734310091467526
2023-03-02,11,182,0.0775441181257579
2023-10-02,2,106,0.5353168355691783
2023-07-14,15,27,0.972092106669769
2023-04-09,25,135,0.0778937031860315
2023-04-08,18,90,0.7913863012407909
2023-05-21,12,30,0.48606958872602224
2023-07-28,6,77,0.4299511203991703
2023-01-12,6,3,0.8040010265812965
2023-08-06,20,6,0.9925586415517593
2023-09-23,24,185,0.14792165095049337
2023-04-16,17,37,0.6665752893666927
2023-05-17,24,60,0.44152451084872846
2023-04-05,25,27,0.24816022646806035
2023-01-23,12,77,0.9537707950880503
2023-03-23,14,135,0.6114002586052041
2023-03-24,6,104,0.7410809246338106
2023-11-22,19,151,0.9800024975937345
2023-12-12,24,83,0.4738947270713628
2023-03-29,17,158,0.17021184852297078
2023-07-06,4,161,0.046061172865051514
2023-12-29,7,52,0.6835196565180183
2023-06-07,1,30,0.4654898656148664
2023-09-02,1,133,0.18305718530162995
2023-04-23,7,135,0.05505758723540255
2023-09-04,17,179,0.11669581146975183
2023-11-17,17,94,0.08804774773978596
2023-01-15,13,73,0.15205627726702575
2023-02-13,22,35,0.09664484288488662
2023-07-11,4,41,0.6249821850048217
2023-09-20,6,178,0.3312408787589507
2023-09-26,18,61,0.7095495634557849
2023-01-06,9,197,0.7792110157804811
2023-07-26,2,172,0.15859586021922267
2023-07-30,19,177,0.5497705366785842
2023-11-07,11,4,0.9855150466095036
2023-11-07,5,158,0.6590810137102512
2023-04-03,25,73,0.9182449408027156
2023-05-16,10,11,0.8519695027592431
2023-01-25,19,184,0.6127885893771859
2023-03-12,9,171,0.3515628594814816
2023-07-17,8,95,0.7624349212193291
2023-09-13,1,86,0.7777796262137956
2023-08-13,16,154,0.11441527264913254
2023-11-19,17,189,0.6548954829486161
2023-02-25,11,42,0.16570381959126246
2023-06-23,19,9,0.9832174043572726
2023-06-20,3,13,0.10590140468695242
2023-09-14,1,184,0.024306767947020025
2023-12-09,20,4,0.9500666250208044
2023-07-01,19,38,0.4934693217620456
2023-07-28,19,93,0.11906572743007637
2023-05-05,5,194,0.23808759171716876
2023-07-16,12,118,0.5125460973201816
2023-07-27,24,54,0.39967516905140477
2023-04-12,13,65,0.4594363004801535
2023-10-05,15,93,0.6250101913466248
2023-03-12,11,195,0.9912225396192215
2023-03-18,25,67,0.0677396379960451
2023-04-28,11,128,0.27519826484090937
2023-10-15,6,31,0.3215885054072939
2023-05-29,23,146,0.3414553975123543
2023-07-16,21,156,0.4973178094337929
2023-12-12,23,75,0.5227187143225678
2023-02-04,8,160,0.6433800640033189
2023-04-16,2,22,0.9633857788148276
2023-04-25,6,71,0.971282759631817
2023-10-23,23,169,0.41620551448280085
2023-11-01,4,94,0.05472469242123501
2023-08-13,19,126,0.07721976426465837
2023-07-08,8,190,0.6177554662442518
2023-11-30,10,12,0.8925053298541844
2023-12-21,11,92,0.5440501010266398
2023-12-09,23,119,0.5495051925568748
2023-03-08,18,92,0.1645351081589479
2023-04-08,2,153,0.2160853159715198
2023-12-28,13,20,0.9520064669019975
2023-08-20,3,61,0.1686261006501215
2023-10-14,5,163,0.7079206547159611
2023-11-28,23,36,0.11848361138082886
2023-03-29,11,50,0.8734508856213731
2023-05-25,4,163,0.16523962974664053
2023-05-30,4,86,0.8842500268845954
2023-05-20,1,43,0.45662587034684055
2023-08-17,23,133,0.24678838810788395
2023-11-27,23,158,0.22832268548974122
2023-01-06,12,182,0.5596078666630597
2023-09-25,4,180,0.5726838499418063
2023-06-13,5,35,0.31210174691647663
2023-08-11,14,41,0.12404522727391298
2023-02-16,4,35,0.2527743632740034
2023-12-01,6,184,0.7127009847714316
2023-04-29,3,41,0.9533343990495803
2023-01-09,9,155,0.10433578000928945
2023-11-16,11,25,0.4791881184471798
2023-01-15,7,122,0.2015968650161164
2023-11-22,14,167,0.6458144909740043
2023-05-20,4,174,0.6789338076905878
2023-12-31,13,3,0.6507953728430487
2023-01-22,21,195,0.38350996894482003
2023-01-21,6,64,0.2806283505146986
2023-05-25,5,182,0.37484842967671683
2023-01-12,22,8,0.40557585126484486
2023-07-27,2,19,0.5618319054491803
2023-06-22,23,182,0.9603038990663524
2023-05-01,17,182,0.7927472136064335
2023-09-30,20,138,0.6600841736544171
2023-03-09,12,12,0.11065227915777409
2023-12-01,7,7,0.7890162928496671
2023-06-23,22,170,0.5353155038172108
2023-10-05,19,143,0.44731538961326156
2023-03-14,6,94,0.8263519815846228
2023-10-07,12,114,0.8643536474355494
2023-09-19,4,155,0.28205708464491874
2023-05-06,3,182,0.44705660727993823
2023-11-06,1,180,0.15956657575692657
2023-08-01,3,162,0.6382348711791779
2023-04-09,13,56,0.008229519986060252
2023-08-27,18,165,0.4067410800925666
2023-11-23,23,180,0.5889876244763926
2023-08-18,2,147,0.15975561450270104
2023-03-16,13,22,0.60996622853524
2023-08-26,1,129,0.6391781787975511
2023-01-22,18,128,0.1813582705478004
2023-05-31,7,176,0.8198415287107631
2023-11-12,5,174,0.5532410630831844
2023-10-23,22,191,0.5187914238626893
2023-06-20,3,145,0.41253966567661626
2023-01-13,13,145,0.5352612994938711
2023-03-20,4,101,0.04027127388434226
2023-12-19,9,146,0.3425214308628788
2023-08-25,10,155,0.28421991847741723
2023-09-08,7,126,0.5985693834882748
2023-01-03,19,120,0.42812469646523565
2023-04-28,11,136,0.18703799738622306
2023-08-26,22,184,0.3778106979430722
2023-08-01,17,24,0.7195468631383302
2023-11-07,25,96,0.48923263959241836
2023-04-03,8,38,0.3464549655233894
2023-05-07,20,6,0.33756208491267814
2023-02-16,18,82,0.8805497389474753
2023-05-06,19,42,0.8556521439617865
2023-10-28,9,92,0.17861590979384856
2023-06-29,8,75,0.08766926773376793
2023-10-12,12,113,0.44375092651797277
2023-09-27,3,11,0.787957312593251
2023-03-02,12,129,0.4160545788344464
2023-09-01,16,139,0.10648582728423106
2023-10-22,8,195,0.487930241694406
2023-07-09,9,69,0.4314234555607136
2023-06-22,15,73,0.04860257781030164
2023-12-22,20,39,0.6574353589002958
2023-03-14,16,123,0.8236449094102425
2023-01-07,1,168,0.519733799887847
2023-02-11,5,198,0.34288156952678694
2023-04-29,5,21,0.7768325293954392
2023-01-17,4,179,0.3474604079376856
2023-03-05,11,59,0.2753997681307514
2023-08-02,19,43,0.17172646389084967
2023-09-14,10,92,0.7892602245105833
2023-12-26,23,144,0.084917109677357
2023-01-27,1,42,0.06425246479529267
2023-01-19,7,38,0.47978535576640224
2023-08-15,22,156,0.5820498878263229
2023-12-15,11,39,0.5672428180406591
2023-03-12,13,54,0.055566934774975874
2023-11-19,9,193,0.6067864948068524
2023-12-28,17,158,0.743549540850921
2023-05-02,8,58,0.7990946784265199
2023-07-12,12,9,0.54775109088846
2023-06-30,1,67,0.42427255744883907
2023-03-23,17,105,0.2589579373820978
2023-11-09,4,29,0.5548587793819572
2023-04-28,8,42,0.15717374881597335
2023-04-02,14,184,0.04034590770394186
2023-01-11,9,192,0.9747031445623785
2023-09-27,14,146,0.8303846410864926
2023-04-10,9,185,0.7389905442780009
2023-06-17,5,97,0.46301301408016104
2023-04-25,17,58,0.42393271015481626
2023-01-05,9,134,0.2855865599246793
2023-01-19,20,53,0.8616074603605242
2023-08-04,1,13,0.13554193469490539
2023-03-15,20,16,0.5653685736550197
2023-09-30,2,1,0.038401087033385184
2023-02-23,18,196,0.1735898510835765
2023-03-23,25,145,0.136505231974424
2023-04-10,9,77,0.05573612463761857
2023-07-10,12,82,0.29260364011482465
2023-11-25,23,96,0.7249570069131683
2023-06-06,2,155,0.16563652106493332
2023-07-17,13,113,0.3732685388225331
2023-02-03,5,149,0.9702302300954858
2023-09-06,12,195,0.5509015930391858
2023-09-28,6,56,0.8347942564270927
2023-11-16,18,51,0.49653626040181265
2023-04-28,13,143,0.6447633176685137
2023-01-23,21,97,0.17000257569574306
2023-12-25,22,65,0.604103139247674
2023-11-05,16,180,0.034643733347806904
2023-06-20,10,200,0.9703172569010055
2023-08-08,14,149,0.4367630567144626
2023-12-13,8,160,0.6493872344530747
2023-07-03,22,52,0.2540010546344773
2023-08-25,19,101,0.7540628557861123
2023-05-30,8,195,0.21476288917000785
2023-07-05,19,161,0.15916347831703315
2023-01-19,8,52,0.727267650491357
2023-01-04,13,39,0.7714583535666706
2023-10-28,4,116,0.047209062207063
2023-01-27,3,142,0.48556011611990313
2023-11-06,24,86,0.4660632223797392
2023-11-08,11,115,0.5725881853352214
2023-10-30,24,95,0.6079855898528563
2023-02-10,1,26,0.4847668326750022
2023-01-06,7,196,0.6996477321754376
2023-04-26,4,132,0.564072920287343
2023-08-19,23,29,0.016055690549568236
2023-10-18,8,125,0.9182686395263079
2023-03-30,23,118,0.17546395279148763
2023-04-09,25,188,0.7656443699268882
2023-10-29,5,182,0.34089362230062537
2023-02-02,19,159,0.596397974479209
2023-07-12,13,123,0.26286232734066306
2023-04-02,25,113,0.27494132784399883
2023-07-06,17,191,0.38802097522190493
2023-02-02,12,185,0.27236935683975505
2023-08-16,6,102,0.1711139624478334
2023-01-20,12,127,0.5005332767749217
2023-09-03,10,38,0.8148022458116404
2023-10-08,18,126,0.25982983122076486
2023-05-07,8,129,0.6557724591342261
2023-11-27,6,74,0.6956445604908037
2023-03-23,13,105,0.024161639262084922
2023-06-22,4,148,0.6565755324210785
2023-02-04,2,184,0.031570730474449804
2023-09-01,2,106,0.8200429746737061
2023-01-30,17,137,0.05066866912685086
2023-02-09,4,2,0.5089827054701335
2023-01-31,22,49,0.7548411783056781
2023-11-15,25,12,0.17495045226153572
2023-10-10,11,158,0.5116895136994086
2023-05-15,3,119,0.7470580687220625
2023-07-26,15,36,0.3996715751129156
2023-06-05,23,69,0.2595351534506154
2023-01-15,24,171,0.8148917033332885
2023-04-05,17,35,0.46285834386818003
2023-10-13,15,39,0.10222438450325155
2023-11-26,10,76,0.24940627622569855
2023-05-14,20,75,0.3061230246525263
2023-09-18,25,138,0.19568171521083277
2023-04-05,2,14,0.7776463892167647
2023-05-13,24,15,0.0538852294527461
2023-04-01,8,140,0.44906054218245717
2023-01-16,14,51,0.8358503437241901
2023-05-08,24,123,0.9782784364089743
2023-07-20,12,139,0.11871194595138967
2023-09-13,12,7,0.7135554136745303
2023-12-06,12,16,0.3315082720196467
2023-07-28,6,178,0.7379254758348835
2023-03-24,18,65,0.65891393503571
2023-12-22,4,156,0.29079976077714154
2023-06-25,20,120,0.29061145346454254
2023-10-19,16,158,0.5413015263933724
2023-01-14,15,97,0.1820599443067158
2023-06-10,1,194,0.8551182605587263
2023-06-11,20,4,0.985615270598359
2023-06-06,18,168,0.8061237452364642
2023-12-09,2,52,0.1988570723672436
2023-11-14,12,125,0.5026670381563713
2023-03-09,11,8,0.04824900821303579
2023-09-13,3,73,0.18263518382137156
2023-10-06,19,121,0.29240179082776485
2023-04-20,12,123,0.3689526316290238
2023-07-05,13,161,0.12107048115578267
2023-05-20,18,128,0.06473237045921387
2023-12-19,10,37,0.6171014676930663
2023-12-26,19,50,0.2775879228396386
2023-02-23,13,5,0.892979511542641
2023-08-27,12,70,0.8551194142354457
2023-08-25,6,19,0.5176922015155275
2023-03-09,7,157,0.09263721180125817
2023-02-25,1,167,0.6883432013005798
2023-08-18,6,57,0.17589971568269214
2023-10-21,19,37,0.010038910855623029
2023-12-24,21,44,0.882459610529394
2023-02-17,15,198,0.7225485489723386
2023-11-24,16,128,0.3043107697242695
2023-02-07,22,91,0.12365618438853165
2023-02-23,2,45,0.2760685194555763
2023-12-03,3,168,0.11605818072250906
2023-01-20,18,71,0.8421107100329865
2023-01-24,16,147,0.8114139573810184
2023-09-26,25,70,0.9189851922100398
2023-07-17,1,67,0.8798785830928701
2023-02-28,5,76,0.926748654840099
2023-11-07,10,20,0.15809431710324862
2023-02-22,21,139,0.6635224091682599
2023-10-13,10,54,0.5022545917140955
2023-07-03,21,15,0.06744490721385699
2023-03-07,1,157,0.696595897025607
2023-10-04,23,74,0.05251943053959962
2023-04-07,4,110,0.7364984552203165
2023-06-17,25,154,0.28061549034490285
2023-11-12,10,152,0.34718104916354275
2023-10-09,2,137,0.9286979323075711
2023-04-10,11,32,0.2165429448257814
2023-03-30,4,189,0.09172107843297972
2023-06-29,11,131,0.6859007251199897
2023-01-15,9,118,0.8333238617993927
2023-11-26,19,120,0.8492088317906374
2023-06-05,15,106,0.5016745737643632
2023-11-28,12,67,0.8947094091387966
2023-08-09,18,48,0.7326462158977267
2023-06-30,19,199,0.6381650486191902
2023-10-13,4,70,0.8409473365252131
2023-05-02,1,138,0.5810082309180902
2023-09-12,5,166,0.642298041018047
2023-12-08,7,188,0.362941298596581
2023-02-26,11,83,0.4615403350592323
2023-03-28,1,102,0.28543735273438764
2023-08-22,5,31,0.29143959691626264
2023-08-22,11,144,0.9232352191438872
2023-06-29,3,97,0.5561613784936187
2023-09-04,12,96,0.2504008562780937
2023-12-24,20,52,0.494668127784468
2023-09-23,3,102,0.6001663335430089
2023-09-14,6,90,0.5345246477867798
2023-05-02,15,181,0.145711332041501
2023-06-01,1,184,0.0684936156203041
2023-08-31,23,200,0.6560272735816157
2023-01-22,13,72,0.009047689519233959
2023-12-19,1,196,0.5395223201287452
2023-04-01,23,157,0.6679172436106231
2023-04-09,4,51,0.6518000827234538
2023-03-19,21,85,0.0842016889754843
2023-08-11,22,119,0.12229157792640488
2023-06-01,4,51,0.4148579227987823
2023-12-25,20,166,0.5164677798993609
2023-04-14,2,17,0.4722843964930562
2023-12-24,14,184,0.797202260785678
2023-01-14,21,177,0.2073828256249981
2023-10-20,24,144,0.2813763274534803
2023-04-11,15,127,0.4787411607070714
2023-08-15,24,156,0.9535934917889515
2023-04-20,1,128,0.6585361702597968
2023-07-05,24,112,0.5131091675442273
2023-03-10,10,153,0.09763150938013787
2023-09-17,25,137,0.12063942217613566
2023-04-04,12,70,0.9369223832822839
2023-05-29,14,4,0.7835602080097032
2023-10-20,25,53,0.5022308918756371
2023-05-25,16,40,0.8636170757273808
2023-03-24,8,96,0.585278677569982
2023-03-05,7,61,0.06160844370449414
2023-12-02,17,68,0.7039573251500882
2023-03-23,6,155,0.66583192838903
2023-08-06,15,49,0.15779269101685733
2023-10-24,23,78,0.22931800406007008
2023-05-06,3,156,0.416743236741866
2023-10-27,2,12,0.26927346042173506
2023-10-23,22,85,0.7440936160151247
2023-12-14,12,29,0.9722338911179209
2023-12-07,24,180,0.19671090758549004
2023-01-19,19,65,0.8191925030290557
2023-08-24,20,141,0.19751580839414518
2023-10-14,15,26,0.9225046644300136
2023-07-11,22,148,0.4633345798563395
2023-05-16,14,142,0.34298954197635967
2023-12-05,12,131,0.4994160533579346
2023-08-28,19,92,0.963841160834553
2023-01-02,16,105,0.47501343309284605
2023-12-23,20,122,0.4582658678320818
2023-07-05,22,17,0.6175064875192279
2023-05-29,3,24,0.16510387516907477
2023-03-16,16,126,0.16588768758416494
2023-03-11,8,52,0.5867456459493858
2023-07-15,8,145,0.18383229028648918
2023-12-07,16,92,0.1501326195977405
2023-06-18,10,128,0.5472661883271017
2023-10-02,19,80,0.5302110356528216
2023-03-17,12,116,0.6363198502405768
2023-02-17,15,10,0.3752966461740921
2023-04-16,19,175,0.41233066008641683
2023-02-04,21,39,0.8573992345368632
2023-07-27,15,140,0.9407022833772768
2023-04-22,25,74,0.49007745097248645
2023-06-17,13,152,0.7789607437146072
2023-01-10,10,81,0.42639640321000616
2023-10-14,19,40,0.7873533109258734
2023-03-25,14,173,0.20979817723100636
2023-11-22,6,40,0.5757100368197329
2023-10-26,17,193,0.47416342701892855
2023-05-21,11,10,0.47629033597140036
2023-09-24,24,15,0.20163949095669442
2023-02-28,15,41,0.965093656057311
2023-05-06,9,16,0.06226487810112202
2023-01-25,4,110,0.30098118072984736
2023-11-19,6,142,0.831934584418903
2023-02-16,7,159,0.6638940881902372
2023-06-15,3,172,0.11635728366910347
2023-01-23,3,82,0.27148163451113816
2023-01-02,5,190,0.9123603888030121
2023-03-16,9,121,0.47744605777743077
2023-05-08,21,101,0.6732326636397217
2023-11-06,21,161,0.12646485891982862
2023-06-03,14,47,0.17913198493234583
2023-12-15,2,193,0.13307056101646852
2023-03-05,24,68,0.8954035987895973
2023-06-20,24,176,0.8072506437173381
2023-01-21,20,46,0.8144989353371366
2023-04-17,12,168,0.01557503029833196
2023-04-30,4,131,0.920179631866855
2023-10-12,17,156,0.2697564918940071
2023-04-09,12,197,0.9782514479569362
2023-02-03,25,121,0.35915650744754135
2023-10-22,6,125,0.45233009325186735
2023-01-28,20,173,0.7116311350090874
2023-05-30,6,105,0.3438748268645003
2023-04-07,2,122,0.48192735560597766
2023-06-02,17,57,0.5401458688896437
2023-09-01,24,172,0.8818642686557766
2023-04-14,5,70,0.5151044917073655
2023-03-28,24,138,0.3498394568646408
2023-02-06,23,3,0.9466808731197971
2023-05-19,12,3,0.7024096593395486
2023-09-09,22,61,0.43468214420281137
2023-06-16,24,198,0.433862031024268
2023-10-20,13,146,0.014224520708568056
2023-03-28,12,8,0.885077411061599
2023-02-20,2,13,0.7782226953685301
2023-05-15,10,148,0.25291033365400917
2023-07-28,15,81,0.09060375749821636
2023-04-26,9,108,0.3972667161623289
2023-03-12,8,133,0.45021567294727594
2023-08-13,14,62,0.8640899402367476
2023-01-14,9,1,0.6337544696323798
2023-09-28,23,132,0.6342900118221079
2023-08-20,4,170,0.34564147193851424
2023-10-11,2,5,0.8790760750947484
2023-04-27,6,5,0.8266927470008
2023-05-08,19,164,0.139838355949513
2023-12-21,23,124,0.6111737810927319
2023-01-01,20,94,0.7038108519466407
2023-07-09,18,83,0.8377295430400998
2023-04-29,20,60,0.805667898779975
2023-10-29,10,35,0.41923983874072657
2023-05-05,24,52,0.904684484900622
2023-07-10,8,180,0.1727009296556734
2023-09-24,12,109,0.025409932230829657
2023-08-11,2,35,0.3823977503837179
2023-05-28,10,109,0.3388220353627631
2023-08-24,4,55,0.27242370966003926
2023-02-26,14,125,0.749299812488231
2023-04-25,1,74,0.30402576725091135
2023-12-13,3,94,0.27433767289484656
2023-07-04,24,47,0.6489343148123238
2023-06-10,6,120,0.0939363231719097
2023-10-25,11,60,0.9211082390322438
2023-05-20,18,145,0.45696386855097826
2023-01-26,11,22,0.34943549174181265
2023-10-21,2,82,0.897301706424007
2023-07-28,17,64,0.6630221329838476
2023-07-29,16,101,0.6135332297848618
2023-12-11,23,126,0.9987806440266515
2023-08-13,8,44,0.07752473364984158
2023-05-16,25,37,0.38919178654887343
2023-08-29,7,179,0.5449791366902165
2023-09-12,14,130,0.035683898020469895
2023-08-10,25,32,0.32328205084510064
2023-07-21,5,116,0.5611394169748157
2023-10-13,23,166,0.434082690438765
2023-09-10,17,135,0.5686606116192441
2023-12-08,21,84,0.42567472632137493
2023-05-11,5,130,0.29782301410956835
2023-05-13,14,63,0.8220066710422751
2023-12-14,8,165,0.8492648862969671
2023-09-02,23,72,0.3897522915106636
2023-07-14,6,99,0.12865177559572694
2023-12-07,10,17,0.1356696188704819
2023-08-10,22,28,0.23189605185338813
2023-08-04,5,150,0.5789737535701431
2023-05-01,20,98,0.3497121467530149
2023-09-11,13,183,0.5665934846952979
2023-03-03,25,57,0.6282027915675135
2023-04-14,10,169,0.7482108644492311
2023-05-18,24,195,0.2732738476705031
2023-03-08,20,155,0.7439259001621995
2023-09-05,8,139,0.6690205779265797
2023-08-14,1,32,0.6632125232649816
2023-06-30,25,3,0.4016744457501715
2023-08-04,16,174,0.23312437853534784
2023-05-24,12,82,0.2289262891590793
2023-03-08,20,154,0.6332288844545808
2023-08-27,5,85,0.9431324308662613
2023-04-10,18,12,0.7443896838390531
2023-10-03,16,149,0.9562389040257766
2023-08-20,3,26,0.12393214334653802
2023-05-21,5,129,0.5270979571793893
2023-08-08,1,18,0.324047678520219
2023-02-21,12,185,0.2763541974512205
2023-05-11,6,39,0.7634581123953134
2023-10-12,7,73,0.870069798194993
2023-04-14,21,94,0.8315081341356666
2023-05-04,8,54,0.975574154052598
2023-04-25,24,44,0.546600325145437
2023-11-15,10,97,0.12066238005594587
2023-06-06,6,117,0.7612428993101149
2023-10-31,9,149,0.8040420493506121
2023-11-17,16,167,0.5790698192581893
2023-04-03,22,43,0.29955286771877776
2023-06-25,13,68,0.5861901955328048
2023-10-03,1,61,0.42101477819464606
2023-01-31,17,167,0.7764624075677478
2023-08-24,10,128,0.39046981961498795
2023-09-28,19,92,0.9574544674924088
2023-10-08,11,61,0.9944178059309223
2023-12-28,12,24,0.6856426828070928
2023-05-29,21,6,0.776824046684728
2023-09-30,4,63,0.31905781461505567
2023-03-13,1,136,0.8232367650636716
2023-03-24,11,176,0.9889899941564716
2023-02-03,21,4,0.2777201335128382
2023-12-03,21,106,0.7626969812788278
2023-01-01,5,18,0.029149860480682577
2023-10-07,24,105,0.49939002271638766
2023-04-08,18,111,0.7888192212813827
2023-04-04,18,61,0.8885060179688239
2023-01-17,8,57,0.09538112233039053
2023-08-20,21,57,0.3325224479146188
2023-04-17,17,5,0.6230025034154358
2023-10-19,18,108,0.3503781322357221
2023-07-25,14,30,0.6791429505910684
2023-05-28,20,91,0.7980735675242405
2023-09-23,14,111,0.8749540572801483
2023-01-10,17,8,0.965583604008307
2023-05-25,14,175,0.9429815915135348
2023-08-11,16,90,0.199432823117343
2023-06-09,6,176,0.3303490870495799
2023-08-03,20,102,0.9784514931163655
2023-04-03,16,36,0.33674715273508304
2023-12-14,8,103,0.09119794598682207
2023-03-31,21,171,0.6978623390944471
2023-06-20,22,121,0.6573895660177421
2023-11-30,11,138,0.23052440929529772
2023-04-09,2,32,0.3655571683438862
2023-04-13,3,178,0.5736461503427097
2023-07-10,19,86,0.9007443886429589
2023-04-15,25,162,0.4580132418461008
2023-08-22,5,182,0.40338783355903707
2023-06-03,2,188,0.07318799935901421
2023-08-08,2,32,0.5586890797278276
2023-10-08,3,168,0.14159471557700798
2023-04-12,2,197,0.557017575094955
2023-12-01,22,21,0.025576087543607073
2023-04-06,12,97,0.8082411379671387
2023-01-19,9,73,0.22927836420031866
2023-09-08,25,41,0.24596328192567718
2023-11-26,11,78,0.8548560839205763
2023-10-22,19,122,0.888294683695494
2023-06-19,21,185,0.4194063923942859
2023-05-29,4,16,0.9658665440964563
2023-10-12,3,163,0.0008499907588058742
2023-02-27,5,168,0.8449500856688834
2023-08-02,11,45,0.35014536919041983
2023-09-26,20,23,0.09841535947629931
2023-08-13,10,198,0.7333105839046473
2023-07-06,2,58,0.6789561714834493
2023-04-05,25,146,0.7415047619286828
2023-05-05,16,44,0.5562078807929978
2023-02-11,3,44,0.4786223968998804
2023-08-14,20,200,0.5745438365819697
2023-12-13,22,167,0.16074058937734614
2023-09-18,15,30,0.46117621370263384
2023-05-13,19,53,0.8061577165511595
2023-10-02,12,5,0.8120756071087327
2023-10-02,2,110,0.12453087771367333
2023-02-14,6,195,0.9342997734014656
2023-07-19,18,132,0.7912552902134671
2023-08-27,12,185,0.8395191276779587
2023-12-02,24,66,0.3154220132341681
2023-11-19,25,5,0.6186073068467811
2023-01-14,9,183,0.21805233273948466
2023-10-10,21,56,0.4930232168870172
2023-07-23,24,140,0.5876664215529813
2023-11-16,5,104,0.1574703468345814
2023-05-14,24,38,0.8844670051001013
2023-10-06,5,152,0.7487042196429127
2023-05-21,1,28,0.49263142332819454
2023-03-30,8,125,0.33684230839539897
2023-04-18,20,38,0.11658165344319116
2023-12-19,19,157,0.171803873630333
2023-04-25,19,126,0.8468250391780235
2023-09-27,10,170,0.8656417702342464
2023-12-16,17,181,0.5065910278776014
2023-07-22,4,57,0.3409224435345487
2023-08-07,1,156,0.3125619568767982
2023-12-26,12,25,0.45199342533564957
2023-01-30,17,165,0.4234791139477937
2023-07-01,22,160,0.673743538733354
2023-09-12,8,55,0.15451909104885808
2023-03-17,15,152,0.47364328015012147
2023-05-30,8,44,0.04284027141704294
2023-02-15,6,100,0.16260552974022402
2023-08-06,4,42,0.8624366137407703
2023-05-01,11,94,0.27788871227490186
2023-07-17,2,20,0.809550716388961
2023-07-04,12,105,0.7207334622951952
2023-01-27,23,77,0.0233100513627279
2023-07-28,11,191,0.3745304545916912
2023-03-06,20,163,0.9617244717345265
2023-04-26,3,95,0.8090830030806376
2023-05-03,16,190,0.2743008898060928
2023-07-16,2,141,0.39211309475847567
2023-10-19,15,147,0.7004477939562196
2023-12-19,18,23,0.3699069087951815
2023-09-08,17,13,0.5249381366438483
2023-06-26,2,97,0.014167768138765413
2023-07-19,24,71,0.8806018482570125
2023-08-02,12,4,0.48030426829693573
2023-09-01,11,151,0.39650864231086935
2023-08-18,20,17,0.31096139847878956
2023-11-27,18,105,0.7254911879948351
2023-06-29,17,188,0.7736051160400469
2023-03-04,20,145,0.054839315384857534
2023-04-16,24,113,0.6006717629295737
2023-02-14,12,200,0.027630219069010642
2023-08-26,5,97,0.6852926497000478
2023-04-09,16,138,0.12414638724784488
2023-04-11,25,186,0.4592823088070972
2023-10-03,21,57,0.9107247210022641
2023-12-31,9,119,0.1353607974559604
2023-09-30,22,171,0.4661080619678538
2023-01-04,10,10,0.9965954812500577
2023-08-30,13,78,0.47645601360660605
2023-04-29,14,12,0.5910313401343615
2023-04-24,5,48,0.1860021479379661
2023-09-14,17,125,0.185740061447758
2023-03-13,3,175,0.3091370298090115
2023-08-30,13,141,0.042599288966257975
2023-03-01,20,29,0.3211493489761159
2023-09-11,21,4,0.43953067344803465
2023-11-09,12,14,0.3604222901717561
2023-06-10,20,46,0.17039627877077734
2023-07-23,2,148,0.5490559582024951
2023-03-01,21,136,0.28041011740265986
2023-06-29,6,169,0.02294068893360124
2023-12-06,15,147,0.27532617201371323
2023-06-15,9,189,0.4197062758090979
2023-08-12,13,60,0.8202693005452412
2023-07-26,10,134,0.2516901286020953
2023-10-28,3,194,0.6003082102082758
2023-05-31,18,179,0.8242184743427554
2023-06-26,21,170,0.6822498436562959
2023-03-03,11,112,0.7242812583415789
2023-02-17,6,159,0.273943506799162
2023-02-12,13,99,0.8569006665791441
2023-07-07,7,87,0.9728452166749174
2023-12-29,24,134,0.622992880760445
2023-03-29,9,144,0.048243464907197775
2023-10-14,4,119,0.801727213804049
2023-08-12,9,162,0.7544414521833956
2023-11-19,5,194,0.16188795214901197
2023-01-15,7,47,0.4713063900405824
2023-07-29,23,68,0.2289546337033025
2023-02-05,12,83,0.2086111403991916
2023-09-30,21,194,0.7745550477742037
2023-12-16,9,121,0.3910426889309364
2023-06-29,15,1,0.06431735725417909
2023-11-30,12,103,0.9298427330391926
2023-08-15,6,71,0.18007753039055063
2023-10-22,19,43,0.3530726817091825
2023-08-12,13,65,0.39085538596067027
2023-04-17,8,116,0.2872173906904
2023-10-24,19,197,0.9689622740896174
2023-04-17,21,87,0.5003677412083162
2023-02-06,8,11,0.3674473585904241
2023-08-17,10,142,0.890467839830418
2023-07-08,7,64,0.6535608515648923
2023-11-17,11,189,0.3288102486874598
2023-02-28,7,61,0.6862435403496534
2023-12-22,5,71,0.5856910980281368
2023-12-24,20,67,0.7832123916774033
2023-01-21,12,127,0.2778932411312499
2023-03-17,13,110,0.7684285531993432
2023-05-27,10,87,0.65040192290221
2023-10-25,11,191,0.350828302385116
2023-09-06,19,21,0.7198681080594023
2023-08-06,8,11,0.2450786468899312
2023-03-21,8,145,0.750780833788899
2023-04-01,24,38,0.2758015126537009
2023-06-29,13,139,0.9863212907828824
2023-08-16,16,39,0.3551532258351163
2023-01-01,6,193,0.7067242589508851
2023-09-06,22,120,0.6460581548755553
2023-12-31,25,151,0.37824240426423805
2023-03-25,25,145,0.8583787652459537
2023-09-15,23,18,0.2080966900873057
2023-02-27,2,136,0.43188965619723696
2023-04-12,22,47,0.7612386663774819
2023-07-05,22,131,0.7251277368031808
2023-11-12,3,128,0.29565005893590557
2023-08-14,17,181,0.5959801644314777
2023-01-16,10,56,0.6445141124447645
2023-09-30,22,121,0.4953506085648929
2023-01-07,19,189,0.9036427771449754
2023-06-30,12,130,0.9965069321435488
2023-04-03,4,183,0.515011800235859
2023-11-21,24,11,0.9649675215439761
2023-09-04,7,140,0.18135003228457258
2023-09-25,16,29,0.11599688248250983
2023-11-19,5,198,0.2753355022925975
2023-07-17,23,101,0.12726229529400368
2023-12-14,22,138,0.3042698231818345
2023-08-10,6,173,0.541240749865897
2023-08-29,7,168,0.009891334996486423
2023-08-12,10,194,0.734508221179078
2023-07-27,17,37,0.9260650274682242
2023-07-26,2,8,0.7793738910722434
2023-06-11,7,157,0.6337669666979756
2023-04-15,17,137,0.12096962546907342
2023-08-17,13,132,0.19102378889136196
2023-08-02,23,72,0.3619621985555027
2023-10-21,19,142,0.09423750091047567
2023-08-30,22,58,0.25647526652007013
2023-04-20,8,58,0.8186585473146417
2023-05-31,20,73,0.49128450805626944
2023-11-08,13,200,0.44877563182025504
2023-03-19,16,155,0.03176615719727971
2023-08-14,13,182,0.36088240233126867
2023-04-21,6,171,0.4685540040971089
2023-12-22,15,200,0.07680129117069923
2023-06-02,6,76,0.5563337289417295
2023-01-14,13,83,0.42946094213059327
2023-02-28,2,88,0.3664683387931318
2023-10-25,20,93,0.2534867426657543
2023-09-17,7,192,0.9761857108524699
2023-07-08,3,62,0.8611947877029967
2023-01-05,5,88,0.6843651660637294
2023-08-19,18,154,0.6535210615850678
2023-07-05,19,195,0.9256154895765877
2023-07-13,16,172,0.9548186900371166
2023-10-27,22,19,0.2838232214988399
2023-08-18,14,173,0.636097202655937
2023-09-07,20,88,0.40276742825817435
2023-05-12,8,60,0.42625510607922934
2023-11-29,21,62,0.9702247686793218
2023-10-25,23,106,0.7547103797274376
2023-06-29,21,67,0.16166386353966145
2023-11-13,15,26,0.970798058323957
2023-05-17,5,3,0.7292378658914362
2023-05-01,4,182,0.940339294079916
2023-02-10,9,134,0.7701070478213884
2023-02-12,11,73,0.04616092572661823
2023-02-19,25,50,0.6952820555258341
2023-01-09,22,105,0.29416672266530997
2023-03-27,15,14,0.8338532913567966
2023-04-04,16,21,0.9131148361490036
2023-02-05,11,126,0.16852133148205317
2023-10-22,8,109,0.17156982149734146
2023-01-15,20,10,0.5989880796665377
2023-03-31,25,121,0.4740460580384027
2023-01-19,22,83,0.5334155744737972
2023-07-30,21,144,0.9977422569724009
2023-01-09,4,158,0.14457032444960516
2023-02-27,15,97,0.19492643117719233
2023-03-06,15,22,0.21784091863682686
2023-06-08,1,72,0.6510936224210739
2023-08-10,4,159,0.6350818741861355
2023-05-09,5,59,0.5121420052244405
2023-05-26,10,110,0.7231610866423999
2023-02-10,7,126,0.7870695275578113
2023-08-30,18,3,0.823625968423129
2023-01-30,2,194,0.575194662572079
2023-01-26,22,173,0.3906469334226971
2023-01-31,2,4,0.25558230053720943
2023-04-24,8,154,0.8394890843206544
2023-06-09,2,182,0.008177999300765348
2023-06-02,3,95,0.1985825440241764
2023-11-03,22,119,0.5527640897189154
2023-03-05,8,34,0.20027355715469308
2023-03-24,15,81,0.026633552681999517
2023-05-15,8,66,0.31479569911507144
2023-09-01,13,89,0.43819031547332465
2023-06-09,19,94,0.43961857623023937
2023-11-13,19,200,0.6438461508828645
2023-12-24,6,118,0.1255018804805519
2023-01-04,3,200,0.03307823598625681
2023-03-10,15,60,0.7473830552399526
2023-02-14,3,94,0.6070611113047729
2023-06-27,13,31,0.9212568084587032
2023-06-22,4,66,0.4254249392679226
2023-04-03,23,172,0.8380328809121351
2023-01-25,6,6,0.6341242549781126
2023-02-28,6,63,0.44687905075917544
2023-07-24,25,164,0.38041534174338376
2023-02-28,18,12,0.683587306757964
2023-12-12,18,191,0.3758881054399863
2023-02-07,2,33,0.17953870249965387
2023-04-13,16,60,0.10555005646899696
2023-07-26,15,167,0.4407951391413222
2023-01-24,10,171,0.5585494020944075
2023-12-17,11,29,0.7835964895065118
2023-03-07,15,48,0.00039062209939200176
2023-01-20,20,10,0.8764546654247853
2023-07-30,22,108,0.8381236395578024
2023-06-27,8,95,0.7209976477072793
2023-02-19,5,103,0.7857620253248199
2023-10-17,24,38,0.167560101673625
2023-08-06,6,199,0.0683716452040386
2023-01-09,5,185,0.5884442257460122
2023-01-05,7,158,0.5671513896422368
2023-04-08,21,45,0.35331411999890405
2023-11-10,15,121,0.16948721805250178
2023-06-04,21,167,0.3855182016515407
2023-07-14,8,8,0.34076719648984577
2023-05-13,24,78,0.6197357480258965
2023-06-22,17,158,0.7874699401617327
2023-04-28,10,74,0.3097812964129434
2023-12-08,7,87,0.312403691947329
2023-04-02,1,43,0.42339086602250753
2023-05-12,17,159,0.362142762535939
2023-04-16,19,178,0.12293818526344347
2023-01-29,19,118,0.5537613229867632
2023-01-11,22,129,0.6377467473380848
2023-04-18,11,40,0.7803663455296702
2023-03-21,2,2,0.7100354295988345
2023-01-15,11,37,0.23870509091289815
2023-05-20,23,74,0.7992535168273389
2023-12-14,23,11,0.4012627643103167
2023-03-29,21,46,0.058999198374735995
2023-06-08,24,40,0.7204578192052626
2023-06-02,10,21,0.19061078483434468
2023-07-19,10,77,0.5451091517549912
2023-03-24,14,179,0.5782786433779369
2023-09-02,9,32,0.8997897493687314
2023-04-19,7,47,0.5903158336686241
2023-07-21,23,103,0.0914172062501245
2023-01-18,25,21,0.2240314820458359
2023-08-02,13,166,0.25370108297637584
2023-12-21,6,56,0.9364077962039282
2023-09-03,6,5,0.009849725860397118
2023-12-24,24,80,0.04007659344047909
2023-03-16,18,49,0.5428012608159732
2023-11-27,25,195,0.29089902601120265
2023-06-19,12,99,0.8766743709931363
2023-07-01,24,148,0.4837738467312629
2023-04-25,17,71,0.30542649864423377
2023-03-09,19,29,0.2852473833114344
2023-02-14,23,158,0.2609342887368927
2023-01-12,24,163,0.5056296789701387
2023-03-29,15,127,0.4106646628408732
2023-01-14,25,60,0.978205239554484
2023-12-07,15,83,0.8732906193199531
2023-11-23,10,1,0.8268192233976496
2023-11-16,4,98,0.2648920695026148
2023-10-01,20,44,0.3830577797697454
2023-04-12,24,99,0.859695920139452
2023-04-21,25,147,0.45905705206550285
2023-09-29,20,199,0.7310781538778588
2023-10-07,14,41,0.2828926417673757
2023-07-04,12,67,0.49458968779537427
2023-08-23,18,136,0.5831647949290653
2023-01-17,13,16,0.9830520754207178
2023-04-14,11,66,0.7861498556005481
2023-10-14,3,26,0.07680182940095648
2023-03-15,22,157,0.9325180491476831
2023-10-24,8,168,0.1187699441311626
2023-01-31,16,105,0.38834668741061784
2023-02-23,11,26,0.6397496869335573
2023-12-31,25,167,0.5526375190206815
2023-08-18,8,70,0.4492470180137519
2023-03-03,8,83,0.5274867417616017
2023-11-24,12,10,0.1130633122268564
2023-10-19,4,189,0.15990446527682756
2023-10-12,14,178,0.6271929113457325
2023-11-24,11,169,0.03802865565815361
2023-12-25,13,188,0.6116407391088431
2023-05-16,5,147,0.7875339307219219
2023-08-31,22,8,0.44916378141576496
2023-11-09,22,20,0.29519094707606586
2023-09-30,22,30,0.8320289981945131
2023-07-29,11,10,0.398263537890886
2023-05-20,18,96,0.22810838558625135
2023-01-16,16,112,0.15075160430714873
2023-11-23,10,41,0.32769710985602385
2023-08-05,25,125,0.7018232988648374
2023-09-10,1,197,0.7812494262430859
2023-10-03,19,14,0.018278222956053747
2023-05-31,5,94,0.6740547047681772
2023-12-24,8,3,0.2256677543922846
2023-02-09,14,100,0.6550894500329908
2023-02-07,24,122,0.3690984703139214
2023-03-16,12,27,0.24508307473639068
2023-05-02,17,48,0.6600214651557665
2023-02-21,3,144,0.505635632706606
2023-04-22,24,61,0.8634759566972474
2023-01-25,10,22,0.5773796265627537
2023-04-06,9,154,0.5217341424562634
2023-08-01,21,94,0.10721717727421853
2023-09-23,7,39,0.4427729734681193
2023-09-22,25,53,0.6000095414581708
2023-08-19,14,100,0.32209249607055435
2023-06-18,19,112,0.7401946091028361
2023-07-10,11,77,0.6182097012986588
2023-07-03,25,151,0.8550157551767523
2023-12-08,11,110,0.48535197807900454
2023-11-24,25,74,0.6569644105326311
2023-11-11,24,173,0.3195960001168612
2023-09-27,20,194,0.8450647334516039
2023-12-18,16,3,0.25443783244423157
2023-11-26,8,48,0.7137761096865731
2023-06-01,12,46,0.3198782315448149
2023-07-26,21,44,0.8496703208070223
2023-01-12,17,109,0.2246819951861332
2023-09-21,10,166,0.8664653880204323
2023-12-15,3,12,0.6199271470441071
2023-09-18,1,87,0.6101133663688646
2023-03-28,23,87,0.08130233190133829
2023-04-21,12,62,0.3616511444771102
2023-03-08,23,197,0.3488038682621124
2023-05-20,9,23,0.999929849354764
2023-09-12,23,23,0.9572756499829517
2023-03-22,17,39,0.15939377753922157
2023-05-01,18,24,0.6057785463904681
2023-01-14,2,6,0.15503765648873813
2023-08-24,20,188,0.1329060140644709
2023-11-15,14,64,0.9292418176809254
2023-04-23,19,117,0.8194784119374433
2023-12-19,22,45,0.763575611062835
2023-12-18,23,164,0.5873940210905211
2023-06-30,24,48,0.1958177031476961
2023-11-07,2,173,0.5972230476235606
2023-01-24,7,82,0.43749766482658536
2023-08-06,5,12,0.7170622003972565
2023-03-08,17,95,0.8774328821071813
2023-02-02,12,92,0.9153737003989688
2023-11-24,2,7,0.4379093670025179
2023-01-06,16,49,0.951047349623397
2023-01-17,6,35,0.01646333418859458
2023-12-27,18,49,0.39811395189185417
2023-06-03,11,135,0.28474579377517306
2023-06-02,18,62,0.5566923566535539
2023-01-24,17,112,0.5883290337609165
2023-07-17,11,61,0.6421851693619925
2023-08-23,24,193,0.4540660231850947
2023-02-14,24,187,0.3444155415471557
2023-09-07,21,86,0.11315641046682134
2023-12-12,15,199,0.7182152949199099
2023-02-07,19,136,0.3517630595015012
2023-09-09,25,140,0.22795870841305055
2023-03-10,25,170,0.6700171350238153
2023-02-11,16,10,0.8299509929169449
2023-07-07,13,171,0.6353558817808483
2023-11-14,24,113,0.4369102293416742
2023-12-14,10,36,0.19763282455577202
2023-08-06,10,142,0.5520406907551814
2023-11-11,21,140,0.7047163634632183
2023-02-23,5,145,0.8169565062266938
2023-05-03,22,180,0.326015057370606
2023-02-05,22,122,0.6884706754795591
2023-09-06,24,68,0.4270493064023183
2023-12-07,23,14,0.8653697374484506
2023-12-19,24,175,0.3142579582440256
2023-10-14,1,168,0.6512927154184183
2023-05-13,5,110,0.41108627277843945
2023-07-30,21,54,0.6638033459217143
2023-04-15,25,45,0.820249301401305
2023-12-26,23,108,0.8822865143891888
2023-03-30,8,24,0.01986219595828731
2023-06-09,19,127,0.7175690440156871
2023-11-15,20,86,0.2417315858507767
2023-10-04,15,166,0.6435389554665165
2023-09-04,20,59,0.2089158816337756
2023-04-28,24,194,0.0362673019887102
2023-05-16,19,60,0.9239912435012237
2023-09-16,22,55,0.043562021948550855
2023-04-14,22,55,0.5922727148370874
2023-08-07,23,114,0.14454048952235155
2023-04-10,1,111,0.09571446266728201
2023-11-12,22,124,0.5720752992206355
2023-05-21,21,5,0.42461511893654247
2023-02-17,24,191,0.4091704506075823
2023-12-19,19,87,0.15112328346569792
2023-09-09,18,34,0.4581442336062379
2023-02-22,7,186,0.6915904506672684
2023-12-17,9,68,0.3790644881743378
2023-02-07,22,171,0.28891537914520904
2023-04-18,4,71,0.7306517898463321
2023-06-04,6,165,0.774522960968836
2023-08-07,6,22,0.4611586936967199
2023-07-05,18,124,0.448791571930253
2023-12-10,23,131,0.03374986269751312
2023-01-27,5,199,0.9535498931992841
2023-08-24,14,163,0.5085732148994857
2023-12-25,23,146,0.9775064188506396
2023-05-16,13,162,0.6965522983309977
2023-03-17,25,118,0.739190414238651
2023-05-30,17,39,0.9631695126138891
2023-03-28,25,9,0.15520441839239263
2023-03-01,25,187,0.31594750930374094
2023-04-29,8,36,0.2822986690533239
2023-12-02,2,77,0.04333040875702854
2023-10-03,7,51,0.9720823079716125
2023-11-14,11,129,0.9125746204255416
2023-07-26,15,180,0.9798571831282613
2023-11-01,22,164,0.3803745663020479
2023-09-20,16,25,0.08936492457735679
2023-11-24,3,73,0.2681558219887217
2023-11-13,21,6,0.5565792082688338
2023-08-12,22,55,0.6628528642781923
2023-02-06,15,61,0.4633655217864595
2023-05-28,3,199,0.3537496239824379
2023-10-17,21,97,0.8589104358318078
2023-09-03,11,89,0.1048697408652729
2023-07-26,15,131,0.3473918317528828
2023-05-04,3,175,0.6422974680461166
2023-08-31,18,105,0.6154486245204962
2023-01-09,23,22,0.01483795932407761
2023-11-09,2,70,0.4232458276460116
2023-09-09,20,183,0.6037357176296432
2023-07-26,25,37,0.7618668977452777
2023-06-21,21,41,0.8378707773739474
2023-01-24,20,65,0.37619583236433995
2023-02-26,14,35,0.8914406508223218
2023-05-05,7,118,0.5842491536131078
2023-06-07,6,95,0.09793089045608783
2023-04-11,22,177,0.6585304729997857
2023-10-05,4,193,0.32908952365272315
2023-10-09,21,98,0.34534479716265687
2023-03-08,21,9,0.9420820939894028
2023-02-26,22,13,0.19631951956013072
2023-08-07,20,69,0.36163422201230977
2023-07-14,14,46,0.18753644382397294
2023-03-08,25,147,0.5720296313349573
2023-02-23,13,97,0.5206061626065741
2023-09-01,8,97,0.15800418959308227
2023-01-08,6,190,0.8787941204517135
2023-09-19,25,34,0.8813056179563562
2023-11-07,3,8,0.229544499882248
2023-11-17,1,96,0.6921194522334143
2023-02-15,20,177,0.32958659325899553
2023-06-25,3,12,0.7943702519318556
2023-02-27,23,102,0.5607092884282197
2023-09-04,23,55,0.29992503809475723
2023-04-05,17,62,0.7207415985246468
2023-07-06,7,193,0.5752188626595611
2023-01-06,6,14,0.34049902744391014
2023-08-01,2,10,0.5421144161886601
2023-04-03,7,114,0.16961156736285143
2023-01-20,22,95,0.08655716999815866
2023-09-30,4,21,0.264197520235671
2023-10-31,4,106,0.5474789008331578
2023-09-20,14,15,0.3159293486049546
2023-05-11,20,199,0.14747615513616907
2023-02-19,23,47,0.1850420782721789
2023-03-13,16,148,0.35189047612108015
2023-04-16,8,149,0.1945970013002467
2023-07-27,15,195,0.3122095411610255
2023-09-17,7,199,0.016399034971819826
2023-06-23,16,151,0.10348160719477695
2023-08-30,8,108,0.39754618505456374
2023-05-31,8,151,0.9177553338103482
2023-05-06,14,106,0.17192971146757074
2023-08-18,12,130,0.9151418793262353
2023-09-03,9,78,0.8901811747282523
2023-12-04,4,56,0.39184475390195694
2023-12-03,14,140,0.15246382387913038
2023-02-12,5,147,0.8935621578971387
2023-09-24,7,7,0.219659824617644
2023-12-12,7,173,0.20205552899892576
2023-10-27,12,184,0.019994179975858284
2023-01-17,13,59,0.6643824497169478
2023-05-12,7,6,0.07158574395297523
2023-12-23,3,3,0.16772836911924416
2023-12-23,5,97,0.9840493922251178
2023-11-27,18,140,0.389062127252518
2023-04-11,11,50,0.4180213309938825
2023-02-26,10,131,0.8274921498848021
2023-12-08,15,64,0.6909946172600167
2023-07-31,14,16,0.5027866524438145
2023-03-19,8,6,0.5390785878173956
2023-09-12,15,36,0.9709203092616855
2023-08-25,12,85,0.3836465959981191
2023-07-17,10,57,0.6240564815786549
2023-05-08,8,117,0.3764172799363298
2023-04-10,12,137,0.7605289460589175
2023-05-14,6,60,0.08466696046098954
2023-04-29,13,187,0.3264060772962142
2023-09-09,19,57,0.3603651299029206
2023-09-30,20,8,0.6386103591738266
2023-08-12,21,24,0.018501612646560917
2023-05-30,22,36,0.18208543946516909
2023-10-21,14,68,0.12942642380595415
2023-06-20,9,95,0.7987407756669792
2023-03-13,18,43,0.7357695085227816
2023-03-08,12,132,0.9826531816621271
2023-07-04,5,129,0.3893055616411576
2023-07-28,14,101,0.16333891716852977
2023-11-16,24,162,0.6397979380616167
2023-12-23,2,73,0.7528675737908321
2023-07-22,7,105,0.06793428505792953
2023-07-30,14,134,0.3517116174507451
2023-05-07,19,150,0.7050654524972078
2023-04-28,22,134,0.7410706541916565
2023-02-17,17,25,0.517307059548522
2023-11-26,10,171,0.025747336202850968
2023-07-19,3,93,0.31156334286574927
2023-07-01,1,115,0.9663266611996397
2023-09-27,16,121,0.36984036009704924
2023-08-12,8,3,0.568531133439586
2023-11-02,25,16,0.06662505443987232
2023-11-21,25,20,0.4723685722672195
2023-08-12,4,64,0.020489721551427365
2023-03-22,4,164,0.0679032319996895
2023-03-14,5,139,0.11401152926335112
2023-05-15,25,26,0.7144374526082105
2023-06-14,20,90,0.5260652527299118
2023-09-15,2,68,0.9562028686754731
2023-06-28,10,51,0.6133581622969652
2023-03-21,18,57,0.05301685275131596
2023-04-25,7,85,0.8645939073300204
2023-03-17,16,97,0.7063581718125375
2023-12-16,16,160,0.3628804273716577
2023-03-12,2,67,0.3258996206290321
2023-01-06,25,105,0.9967915763761451
2023-10-21,2,151,0.2831975122554041
2023-05-15,15,135,0.8451304788849578
2023-02-19,24,15,0.38337242875561106
2023-06-07,7,142,0.7187383655229411
2023-07-17,23,192,0.2559759531045226
2023-02-07,18,5,0.7622000451438827
2023-08-20,20,146,0.33727406391191095
2023-05-10,11,62,0.22866531595984407
2023-04-08,24,34,0.272420190011072
2023-07-30,14,92,0.6595970730802732
2023-08-03,6,118,0.4448891247734481
2023-03-05,14,188,0.8401656285949343
2023-04-07,13,87,0.6576763880535941
2023-11-21,6,96,0.23349543901046366
2023-12-31,18,73,0.335606693156284
2023-05-31,22,118,0.1729122893868852
2023-09-12,16,66,0.18866688351370775
2023-04-14,2,172,0.29229067164560485
2023-02-09,22,133,0.1262632381790696
2023-08-07,2,68,0.9869190152665809
2023-09-08,8,30,0.7047478951527224
2023-02-03,2,89,0.9287315405287571
2023-06-06,19,48,0.4746979633005638
2023-06-03,14,193,0.1503282670584989
2023-03-18,14,64,0.3858577019282716
2023-02-12,21,61,0.9701990150592806
2023-01-17,22,126,0.9151568044151496
2023-08-16,16,15,0.4606579176843033
2023-09-09,16,83,0.9215814311741027
2023-05-26,23,189,0.5317893049052079
2023-06-18,23,20,0.3166729023882756
2023-04-24,22,143,0.22091119771328316
2023-02-18,12,95,0.15215308045232434
2023-02-26,22,37,0.04243406265736782
2023-09-17,3,36,0.5881790747728703
2023-04-28,1,50,0.33667961100212573
2023-07-23,24,122,0.4257649388199113
2023-03-11,7,160,0.6013481654558349
2023-09-05,23,98,0.45596242763353567
2023-12-11,24,133,0.7884255611782565
2023-09-17,19,88,0.9959630031745313
2023-11-18,2,101,0.8072591377191933
2023-07-06,1,51,0.14685196749758622
2023-01-25,16,64,0.03174285922389064
2023-04-07,14,126,0.8351163277854732
2023-04-02,1,14,0.9411883844744382
2023-10-21,7,68,0.08355655207611012
2023-06-05,2,136,0.08428986574733377
2023-12-26,15,151,0.447492116862622
2023-08-26,20,129,0.28266448040653847
2023-04-13,6,160,0.7772215589678657
2023-11-13,7,50,0.5398735389076108
2023-10-06,12,73,0.5504128234466655
2023-02-05,12,132,0.9857295371474996
2023-08-04,7,16,0.7665175323872588
2023-01-30,24,82,0.9415784273079159
2023-12-27,25,196,0.7013194595967477
2023-03-13,21,140,0.8362938758253152
2023-11-13,2,135,0.7277231739202117
2023-03-25,12,81,0.38433204819807965
2023-09-09,10,97,0.4022373565761127
2023-09-29,2,133,0.8265124859922238
2023-11-29,11,6,0.6078737314384429
2023-12-15,22,126,0.6624011308454387
2023-04-20,17,33,0.42116508114633344
2023-05-14,7,162,0.8930704487317732
2023-09-28,17,130,0.32427778986011535
2023-06-06,8,86,0.9414391487646521
2023-05-04,25,85,0.481196550309823
2023-11-02,18,103,0.3433872896427631
2023-06-16,5,72,0.6009747425429034
2023-12-28,24,192,0.057780956908913494
2023-10-11,7,162,0.7133672111350026
2023-02-11,7,53,0.5494378205978658
2023-06-09,4,104,0.3471343233195713
2023-02-13,25,113,0.3580816214032507
2023-01-11,19,23,0.06064462290146777
2023-07-04,4,3,0.737900534696791
2023-02-11,21,90,0.6138863938540738
2023-12-28,21,154,0.2528918162822137
2023-03-12,14,193,0.09694359170274647
2023-03-30,22,196,0.8977789992606462
2023-10-13,19,96,0.24673280180684865
2023-05-28,4,143,0.3371951282325997
2023-04-13,25,84,0.6189868892364974
2023-07-15,24,137,0.9524858497373079
2023-11-24,4,189,0.14076162441659112
2023-02-18,9,55,0.17185260014467252
2023-08-10,19,123,0.640447821538949
2023-07-22,9,71,0.2974236463372445
2023-04-15,2,167,0.4440137857131077
2023-10-14,5,90,0.8459842788427583
2023-12-02,11,143,0.21750594903891907
2023-09-24,14,51,0.42337153245742376
2023-06-15,18,6,0.4222183788450473
2023-09-04,13,127,0.08994273459434143
2023-02-24,9,40,0.3497499374476699
2023-11-14,2,169,0.27801917041024915
2023-01-03,6,179,0.7654570429668331
2023-04-03,18,2,0.8408117838419658
2023-09-25,6,72,0.46156712019343626
2023-06-02,12,41,0.17187190849073275
2023-05-09,19,12,0.4011585893904479
2023-12-01,23,101,0.3626720338477142
2023-07-16,7,135,0.47858755598880076
2023-05-30,4,134,0.20525310330600044
2023-09-14,8,95,0.9453152099821069
2023-07-18,6,87,0.27568960277187626
2023-03-11,18,63,0.36556659378666845
2023-11-16,24,96,0.3055723629176573
2023-08-11,24,138,0.24523405534143106
2023-02-23,24,81,0.43134656354923284
2023-11-10,19,80,0.9356262553658787
2023-12-04,20,78,0.2742013161143865
2023-01-06,4,82,0.4815428233004635
2023-03-20,15,48,0.734058628380285
2023-07-06,15,123,0.9428945836239068
2023-10-15,9,112,0.5972817403262086
2023-06-10,13,121,0.5328522628780339
2023-05-03,9,55,0.06925366601249705
2023-06-10,6,26,0.33364358910054437
2023-08-26,17,71,0.12110498314344875
2023-04-10,13,49,0.8321423290541381
2023-06-11,25,26,0.8900544606336247
2023-03-30,25,127,0.7861556350424058
2023-10-31,4,55,0.29639232131465265
2023-11-16,21,158,0.13006015885507383
2023-10-06,1,71,0.9282312984855978
2023-11-17,3,174,0.4137651212682092
2023-12-03,19,44,0.3278354611580381
2023-11-21,22,138,0.9522896302227787
2023-03-22,4,64,0.2523595973356949
2023-06-07,2,63,0.5723367117642164
2023-06-25,15,53,0.050856928824267955
2023-01-14,24,141,0.28229686615760885
2023-04-04,22,74,0.25534098280751005
2023-09-29,15,190,0.28895423680955235
2023-01-06,9,102,0.022968427114194778
2023-03-12,10,75,0.736788970443825
2023-09-28,25,165,0.34358193510852986
2023-09-11,14,79,0.9926606540674043
2023-03-24,17,63,0.277876938796878
2023-09-12,24,1,0.5033167986397507
2023-03-30,14,159,0.6959847900575293
2023-02-15,13,182,0.43667593443966857
2023-04-06,21,71,0.7997848454188173
2023-12-05,24,167,0.7595766190397739
2023-06-28,5,102,0.26384085838780647
2023-09-23,13,187,0.40596117893395656
2023-08-06,14,14,0.6602918064493378
2023-10-18,22,134,0.9375486326476655
2023-05-21,12,146,0.5032642189197059
2023-05-28,8,68,0.9779025639792
2023-01-18,11,94,0.5648873638415463
2023-01-02,14,120,0.18517238749372678
2023-04-23,1,30,0.0457491824245263
2023-09-12,3,195,0.9090369563432086
2023-05-22,20,59,0.27355628689518474
2023-09-24,11,107,0.04019609130853097
2023-08-17,4,50,0.022066939022957976
2023-02-25,20,20,0.041908535482069964
2023-10-01,6,132,0.9413352765120584
2023-01-22,5,155,0.1065673319881113
2023-05-12,7,5,0.2327378532960851
2023-08-26,15,197,0.37036526356001986
2023-07-16,20,11,0.35224552032490963
2023-10-26,1,107,0.3735588499865894
2023-11-12,21,196,0.5237564465972535
2023-09-24,7,21,0.8007547997700036
2023-11-26,4,148,0.009106306700739308
2023-04-16,19,42,0.021722808342999778
2023-01-02,14,149,0.9678745302575112
2023-08-18,8,83,0.7306088580861296
2023-10-05,17,46,0.11991292185277513
2023-11-13,1,80,0.22557612281592454
2023-11-12,16,59,0.39397056842066946
2023-12-12,1,6,0.15377250150933564
2023-05-13,1,65,0.5622768304044314
2023-02-05,11,181,0.7861582633979588
2023-12-17,18,56,0.9607541993160746
2023-05-11,14,101,0.0651123451544875
2023-05-14,16,177,0.6459278499083999
2023-03-16,9,197,0.5250688190946003
2023-09-01,17,132,0.3511906464355876
2023-12-11,4,114,0.4276339859099697
2023-12-28,1,142,0.3300791036888615
2023-01-16,6,7,0.19957603497607768
2023-09-24,7,190,0.2919967230470333
2023-11-22,8,192,0.9582851174700512
2023-01-22,24,163,0.061924589258382734
2023-06-12,12,17,0.5561095688516842
2023-10-15,13,100,0.7239332735337842
2023-01-17,3,159,0.296280739898221
2023-06-21,15,195,0.3291137586765005
2023-11-13,5,137,0.08180935566154035
2023-08-05,23,34,0.7409291615533876
2023-10-30,21,52,0.6718563898741541
2023-02-01,9,179,0.2366933223435107
2023-10-15,1,22,0.933078772258738
2023-08-24,18,63,0.755034400845544
2023-03-06,19,47,0.9186841725322206
2023-12-17,18,85,0.24598862346370898
2023-02-28,23,136,0.5188032440518828
2023-03-17,4,182,0.3779654358535943
2023-07-09,1,165,0.4612044702050807
2023-03-07,20,1,0.3348297464150073
2023-01-17,15,140,0.8478890407868329
2023-02-18,19,20,0.9942776393347439
2023-01-13,1,160,0.6503214125852351
2023-10-24,7,11,0.973323731438741
2023-03-04,22,85,0.8881695625714594
2023-11-26,23,168,0.6760709049118028
2023-02-24,10,96,0.7411067138546598
2023-09-16,8,10,0.49003343260104626
2023-12-03,16,44,0.682550356932697
2023-08-02,7,108,0.1596466427034412
2023-03-13,3,102,0.645562058514422
2023-12-24,16,100,0.6030193038485959
2023-02-24,19,49,0.1617156368825079
2023-08-24,22,30,0.7041220560732424
2023-10-08,25,168,0.3778235434795103
2023-06-27,18,10,0.749807881521819
2023-09-05,3,40,0.3799295317086758
2023-10-29,6,167,0.8016091672378475
2023-06-11,11,85,0.7769653060760734
2023-08-24,9,144,0.8898618608455904
2023-06-29,8,191,0.48259321701878877
2023-07-30,12,104,0.9587987243778363
2023-03-25,13,86,0.24113923770429202
2023-04-29,16,120,0.9329943236046429
2023-06-15,19,37,0.7060913453552167
2023-01-13,5,25,0.4270263731097481
2023-12-29,19,161,0.40033127133481994
2023-12-21,3,12,0.09987801908138394
2023-02-11,18,66,0.3933759962398111
2023-05-07,18,182,0.8699392891222106
2023-02-25,12,139,0.06345266178989462
2023-12-06,5,158,0.555903765361858
2023-11-30,12,150,0.6723462353072621
2023-08-30,10,18,0.41736454532067335
2023-05-15,12,158,0.9822538966235072
2023-03-22,1,6,0.6167032617421265
2023-11-01,25,169,0.9696431333061465
2023-10-27,23,147,0.22916825877753144
2023-07-22,10,92,0.027579463537420135
2023-08-13,19,133,0.3179770940097246
2023-07-23,25,102,0.8916728199343854
2023-02-01,5,138,0.07316143522108443
2023-07-10,10,180,0.7982109416263826
2023-09-04,21,106,0.5353137282707592
2023-11-03,17,95,0.08150847686799634
2023-02-19,25,57,0.12880421171650103
2023-02-14,20,95,0.2983194608533174
2023-07-13,1,193,0.7885770853965903
2023-03-14,4,42,0.0411204687273754
2023-04-13,3,142,0.8719494936042325
2023-01-13,24,12,0.6270977899652577
