date,store_id,product_id,value
2023-09-11,7,45,0.08870107763295665
2023-02-07,14,44,0.6842832922445254
2023-05-26,16,47,0.7755910265242765
2023-09-15,4,11,0.7593968488953741
2023-04-05,20,64,0.28631207524823243
2023-02-15,9,199,0.7728432449447631
2023-09-21,16,131,0.05127135543359729
2023-04-13,18,98,0.3306042967598233
2023-12-18,1,118,0.07472679634458035
2023-11-03,5,19,0.5714424572471436
2023-11-12,9,106,0.38191186878791983
2023-11-20,20,65,0.3712266598508157
2023-02-05,24,17,0.9150148967553264
2023-07-12,5,172,0.7122747180626439
2023-01-12,19,97,0.4757658418092071
2023-08-10,25,197,0.7440768969517093
2023-05-03,3,57,0.01709594030692896
2023-11-24,13,67,0.5678056107320301
2023-08-12,9,76,0.9997323469511505
2023-01-28,20,103,0.39761303540593973
2023-02-10,13,58,0.4690807764189061
2023-08-14,19,22,0.06797651363754542
2023-01-05,1,31,0.9720699252674501
2023-09-28,2,93,0.631474060349058
2023-06-28,4,184,0.9712762989984692
2023-03-27,20,65,0.667172409958605
2023-02-18,10,39,0.6987555558164668
2023-12-08,3,165,0.981112391504831
2023-10-26,24,77,0.7785045527836231
2023-10-24,5,19,0.11877365916458982
2023-06-11,21,25,0.35118443438032065
2023-12-12,23,30,0.795325938218175
2023-10-07,14,170,0.07187871311943017
2023-09-27,11,98,0.9792231425869733
2023-01-23,14,147,0.8330141641496931
2023-01-14,10,191,0.7144033332773687
2023-08-23,11,24,0.1710304184533309
2023-04-14,17,110,0.3067614280715426
2023-04-12,9,127,0.2937453059431048
2023-11-05,2,192,0.46276717551215585
2023-04-04,1,63,0.4500091029660279
2023-05-27,10,35,0.16948725152609934
2023-04-13,7,31,0.3848025754159887
2023-08-25,4,19,0.17691474836088794
2023-12-15,13,61,0.30563162780324304
2023-01-28,11,15,0.6809965914280891
2023-03-14,5,96,0.473664767101036
2023-04-04,7,23,0.11693135350369988
2023-11-22,24,74,0.8292527749715277
2023-01-15,20,33,0.8153384697815416
2023-03-15,19,84,0.8282371632310436
2023-11-01,14,103,0.5691308955529542
2023-03-21,25,32,0.7949175780546319
2023-05-24,18,141,0.9243738176821852
2023-01-16,3,58,0.0661767852331211
2023-09-23,8,107,0.4869888507449075
2023-08-08,20,106,0.6655737523547538
2023-01-06,10,172,0.44346646970303116
2023-12-21,7,116,0.35704753179876847
2023-09-16,2,77,0.6565885123185988
2023-10-03,23,60,0.33823521809955337
2023-03-05,3,17,0.9728468961174368
2023-11-30,18,62,0.6489562161807876
2023-11-03,11,86,0.045853502556520986
2023-07-22,2,69,0.4686047224175419
2023-11-14,18,25,0.7907928984439879
2023-11-02,9,113,0.007567860530540482
2023-10-07,3,153,0.061574502248054386
2023-08-01,23,93,0.1700255417564842
2023-01-05,12,88,0.24125528827684173
2023-07-02,16,59,0.3123149479584464
2023-01-17,1,141,0.338066043834405
2023-02-19,5,106,0.8180140077762527
2023-10-23,7,82,0.7376365114524287
2023-05-16,11,108,0.5677661686393344
2023-04-19,22,168,0.06536308184628925
2023-01-26,8,171,0.8822763962945626
2023-01-21,9,94,0.16913388872571644
2023-01-26,15,134,0.4219010530305666
2023-01-27,10,158,0.5031487999482858
2023-03-20,2,118,0.38331194938956326
2023-05-05,16,39,0.5733605166220697
2023-04-23,22,148,0.7833055479700405
2023-02-23,18,132,0.9108234995528686
2023-12-10,2,55,0.7009274455360551
2023-08-03,14,30,0.8082692097476873
2023-06-30,14,125,0.189199961635239
2023-07-02,4,166,0.2574416012947166
2023-11-26,7,174,0.9987937702466888
2023-03-21,7,188,0.7275263169401177
2023-03-09,21,194,0.717294222182995
2023-12-19,10,42,0.731496646198261
2023-03-03,13,83,0.5980343322998117
2023-06-28,10,177,0.7412251867235738
2023-08-11,25,148,0.5310514576487277
2023-12-14,1,73,0.1439375811189022
2023-05-31,13,16,0.5727956707377803
2023-10-02,3,35,0.9697035534023264
2023-08-02,8,89,0.8472348842773922
2023-09-01,4,120,0.5588201694805767
2023-07-03,2,180,0.8870868602010814
2023-11-27,14,155,0.3816762224717497
2023-03-30,9,78,0.5371634378578577
2023-05-04,25,84,0.5781164356896251
2023-01-06,2,48,0.18651450686613702
2023-05-20,12,164,0.7564638371381734
2023-12-05,19,115,0.5135113076437696
2023-05-07,4,135,0.21209648697404637
2023-06-20,5,80,0.858490109182087
2023-09-22,18,65,0.35622513483743634
2023-11-23,2,135,0.333690270332617
2023-10-29,3,3,0.5993984138677715
2023-05-21,23,22,0.8786583162268976
2023-04-05,17,129,0.782835116484488
2023-08-10,14,142,0.9910046720877752
2023-10-18,12,160,0.34819672639994104
2023-01-20,9,157,0.6000904417652183
2023-12-20,13,75,0.9741699775561244
2023-07-01,7,6,0.21093697757078111
2023-04-13,15,148,0.10167924863120914
2023-04-19,14,181,0.7644533667750183
2023-01-15,8,139,0.001668379686548982
2023-06-12,22,82,0.6468267540268143
2023-09-30,22,160,0.19300891645313623
2023-07-26,12,132,0.054628312995415707
2023-11-30,25,16,0.0004947362907333774
2023-03-18,23,137,0.48048669884496575
2023-09-06,25,15,0.4091163747492015
2023-10-05,2,76,0.3822127546611078
2023-06-18,21,4,0.6521297690739376
2023-02-20,17,192,0.2810179916106186
2023-11-22,17,137,0.006398863551345668
2023-03-16,10,27,0.08435686207773396
2023-06-26,16,81,0.03689244612786691
2023-05-19,11,186,0.2275668426703289
2023-03-31,22,78,0.06677300377658357
2023-07-13,10,11,0.4633413650372682
2023-08-08,5,35,0.7759070303669088
2023-10-11,7,183,0.5822263658028831
2023-04-24,10,41,0.7769605445593286
2023-03-20,4,140,0.16876256021918923
2023-10-07,3,107,0.8611767476579572
2023-10-09,20,24,0.26853961483094657
2023-12-07,13,28,0.9808005004164883
2023-04-05,1,115,0.3641745901166342
2023-10-22,18,48,0.8932188091000091
2023-11-25,3,39,0.09065023400813021
2023-05-01,7,63,0.5479226680372079
2023-05-27,23,63,0.6071331710890886
2023-06-24,23,176,0.17359352416505347
2023-10-15,25,176,0.20118327707600503
2023-03-10,21,96,0.22153650875673458
2023-02-08,24,76,0.43069810009884724
2023-08-10,23,111,0.9273446911216647
2023-07-15,15,92,0.4281557768519221
2023-05-23,8,80,0.6385395621989595
2023-01-28,15,162,0.7350928327283663
2023-10-07,4,112,0.38807793966153403
2023-03-24,3,77,0.7107877002301893
2023-05-07,21,80,0.7323186336092826
2023-07-25,12,110,0.412711982402977
2023-11-12,13,172,0.8062643749594762
2023-11-28,9,183,0.0684389909843045
2023-09-11,25,89,0.03363603629685197
2023-10-07,19,145,0.6627260594129611
2023-05-17,2,144,0.12134446283483946
2023-11-15,3,88,0.4488278445887518
2023-05-25,1,142,0.7350953575719326
2023-04-05,5,150,0.9728438901693846
2023-01-03,6,98,0.6947954338100674
2023-06-17,11,9,0.9695810514976099
2023-07-04,11,124,0.39519812611125626
2023-06-01,19,132,0.7153701460793837
2023-02-15,17,81,0.6280584563525202
2023-01-12,21,129,0.14057480501498398
2023-09-17,10,34,0.9103007245944951
2023-01-24,9,90,0.5894400852081612
2023-01-13,9,33,0.6816620048908109
2023-07-10,5,177,0.7640384141477937
2023-04-06,3,171,0.5669182810155761
2023-07-08,3,93,0.8124871769625842
2023-05-31,4,33,0.15439850984506287
2023-05-11,21,74,0.8379390920875726
2023-04-09,18,54,0.41728745314877813
2023-09-13,2,156,0.5325977880760698
2023-07-30,21,137,0.8624841730757665
2023-05-12,18,20,0.15839205490884822
2023-08-23,20,7,0.03628076687038251
2023-07-15,3,26,0.58612793553665
2023-12-20,22,28,0.20700058380592512
2023-04-25,13,13,0.6917223371393423
2023-04-27,23,109,0.24135497821836704
2023-11-26,24,27,0.47154692157372946
2023-08-19,25,87,0.9440584006879951
2023-01-13,16,150,0.5887743633181591
2023-02-06,18,153,0.35841664922421435
2023-06-02,19,8,0.4864512338004482
2023-08-01,8,100,0.9118836435509698
2023-11-03,21,152,0.6390774785893172
2023-09-28,11,60,0.5839488748550868
2023-09-18,11,134,0.9599828036589426
2023-12-26,4,191,0.92182393699047
2023-02-09,20,71,0.35998879197272327
2023-08-07,9,134,0.07875884713113401
2023-04-17,9,13,0.11458048940940768
2023-05-10,25,36,0.16374758255147337
2023-10-21,5,67,0.9677997246170662
2023-08-27,21,60,0.43614578657409975
2023-09-20,5,57,0.5503529666294145
2023-01-11,2,16,0.9898449229812954
2023-12-12,15,94,0.4633028764756969
2023-12-09,5,129,0.4891829451704839
2023-09-18,9,170,0.9374766905651974
2023-12-05,4,139,0.7051015091514927
2023-12-22,23,98,0.6178372608045479
2023-09-27,13,99,0.32499925186417633
2023-11-14,20,6,0.10443130166080583
2023-07-09,12,162,0.26910196361472905
2023-06-18,25,61,0.3941202884376004
2023-10-22,12,77,0.5921960948663547
2023-11-21,22,168,0.7283238707434666
2023-03-15,22,100,0.22750418939364092
2023-12-07,18,146,0.9502496103801703
2023-08-26,5,62,0.6138822195479116
2023-11-15,12,44,0.9663607546102031
2023-04-09,6,164,0.0895339647917458
2023-06-11,2,21,0.22282095024533333
2023-12-18,20,46,0.3353133274011242
2023-04-08,6,62,0.4852936231813406
2023-12-09,15,171,0.8515846227167615
2023-07-11,5,169,0.5420422436605773
2023-10-10,3,20,0.10029421058820787
2023-10-07,1,56,0.10931528246499755
2023-08-02,19,191,0.9181555644719342
2023-09-27,13,41,0.28846478961431365
2023-12-15,6,200,0.477177755597467
2023-03-11,21,122,0.7673960811945704
2023-04-28,3,158,0.12518618755328847
2023-12-01,19,7,0.31188936917673304
2023-02-26,10,66,0.37272270619908077
2023-05-24,15,156,0.4331162428398233
2023-02-03,5,112,0.48702289313145153
2023-02-20,4,22,0.24994608227087556
2023-01-12,3,29,0.11697098239167925
2023-03-07,8,125,0.858078068481177
2023-09-08,7,170,0.5862651932270648
2023-09-30,18,187,0.22403552524678494
2023-03-05,5,78,0.2355772828756867
2023-04-29,4,90,0.8276862077497777
2023-08-22,10,24,0.2637296651459585
2023-10-12,6,94,0.6614580157896031
2023-05-12,17,155,0.38435013648835914
2023-04-27,11,158,0.1347279888384083
2023-04-30,8,57,0.10006681024948327
2023-11-18,16,2,0.45135065436288013
2023-05-16,20,156,0.5551761652049939
2023-03-27,11,43,0.07604669288619814
2023-04-20,6,26,0.0628376608876513
2023-03-20,25,46,0.717810110421774
2023-01-31,17,73,0.46546865805435456
2023-10-03,16,178,0.5104849810367913
2023-10-03,9,30,0.11718046037324081
2023-08-07,9,127,0.23271404451428035
2023-06-06,18,22,0.349008184520587
2023-02-15,21,83,0.6810866349701743
2023-10-02,21,194,0.7123089624009272
2023-08-29,25,74,0.4968421596867969
2023-03-09,23,8,0.9027722218508081
2023-02-27,14,170,0.7970275701580448
2023-12-21,11,197,0.2602526533358517
2023-06-28,4,71,0.5237180792818057
2023-06-15,23,40,0.30829748412676483
2023-12-03,2,137,0.1758303558739558
2023-02-13,15,51,0.899280232660782
2023-01-26,23,75,0.5323247566024196
2023-06-12,9,75,0.14605987111166985
2023-01-02,10,49,0.06219564151076029
2023-03-28,7,66,0.3915159553547527
2023-02-25,24,19,0.9691644676907563
2023-05-31,20,101,0.042846443569140025
2023-10-13,15,185,0.08295207434170893
2023-03-12,23,36,0.7621824534924961
2023-12-08,4,154,0.02263194214819353
2023-05-18,7,115,0.01974305768500373
2023-06-12,23,80,0.7386633146003511
2023-12-29,6,5,0.030452605329631455
2023-01-31,10,80,0.6524838680804173
2023-06-06,24,168,0.3018843095190362
2023-03-14,25,50,0.11911074939756228
2023-05-13,2,69,0.5906988848647239
2023-03-07,11,161,0.8003310146508207
2023-08-04,13,62,0.7152583917958909
2023-10-25,5,189,0.3392813949562158
2023-04-20,14,179,0.5828209924705667
2023-05-21,18,9,0.9439992130158478
2023-12-02,12,77,0.3332596900910121
2023-04-14,17,182,0.281925530380324
2023-09-12,7,77,0.5730762926711347
2023-09-24,3,71,0.7069569539366852
2023-11-30,13,163,0.4116800885151555
2023-04-10,19,189,0.6926540635173112
2023-07-10,15,51,0.19951634580650646
2023-06-19,21,57,0.5711894294304437
2023-12-18,23,91,0.6212418365961915
2023-04-26,11,4,0.7126208364077631
2023-04-29,1,28,0.26278215371346136
2023-11-06,16,184,0.6513569012339401
2023-04-09,7,76,0.684453866455289
2023-05-23,2,4,0.7561523228468909
2023-05-25,10,141,0.4105147284684696
2023-12-15,2,159,0.5121878389312691
2023-10-18,4,82,0.48462227744186037
2023-03-05,16,9,0.8481187994329484
2023-02-27,10,92,0.40493403078702417
2023-04-13,25,80,0.8439770317896252
2023-02-19,11,71,0.38468540163086806
2023-06-23,22,169,0.06182300654480044
2023-03-18,12,74,0.8194675717963315
2023-08-10,21,106,0.15419605536075498
2023-07-24,13,74,0.1923714430907153
2023-08-03,16,101,0.8309617557033291
2023-08-22,10,89,0.6957957092673493
2023-01-26,18,167,0.2357581749251042
2023-11-13,15,118,0.6974829337514075
2023-09-08,6,141,0.905602448473882
2023-04-29,14,9,0.08438219250734602
2023-10-05,5,18,0.3315256569709282
2023-08-23,8,198,0.8430062962171624
2023-10-27,7,128,0.6161297795883475
2023-05-03,5,60,0.9584205863378571
2023-03-24,10,95,0.36910045210547215
2023-06-21,9,39,0.16580817015741045
2023-12-14,8,41,0.2972836788755634
2023-03-11,9,37,0.9203531444285508
2023-07-03,18,99,0.13119217516540538
2023-12-30,25,96,0.80738615773322
2023-09-15,1,119,0.24020918358076904
2023-07-08,11,183,0.7712265622741078
2023-12-05,5,105,0.10136689169889623
2023-12-14,3,81,0.4000567040664209
2023-08-18,12,96,0.19299244922532988
2023-11-15,17,140,0.6539937767886529
2023-11-10,11,54,0.15336820544724783
2023-11-09,25,188,0.0803839705057291
2023-12-18,13,94,0.8281500071843525
2023-10-05,25,45,0.48053191194475287
2023-03-19,24,180,0.07825305835543195
2023-08-05,17,14,0.5165933624662612
2023-04-19,10,76,0.8873719264013393
2023-07-26,9,52,0.9162966956856151
2023-08-15,17,38,0.19703488606542174
2023-09-24,9,57,0.8803655283690313
2023-05-08,8,137,0.4329538718543571
2023-04-15,1,107,0.22568435460506553
2023-08-15,7,191,0.0052904905876411945
2023-04-21,10,174,0.3071369213214008
2023-06-26,10,144,0.47835362948451843
2023-03-28,15,1,0.01740858151900926
2023-10-21,14,13,0.9459909963587413
2023-03-22,9,196,0.5272359449996842
2023-01-19,6,76,0.8694337899132352
2023-09-19,4,170,0.010872637773290839
2023-11-25,8,10,0.4477750579977542
2023-04-08,19,141,0.3129565080851977
2023-01-23,1,33,0.5722870468481428
2023-12-23,6,136,0.6740424922942202
2023-02-08,23,3,0.10365196173581648
2023-08-13,17,25,0.31317809594134083
2023-03-17,17,49,0.2737822804802662
2023-12-20,17,158,0.8833348646295659
2023-09-22,6,5,0.9522465779402264
2023-06-20,13,113,0.7930775862202097
2023-11-12,3,53,0.736523458839065
2023-05-01,16,163,0.8192402117355855
2023-01-31,4,16,0.9425520374453519
2023-01-23,14,144,0.8789047327426878
2023-07-09,19,23,0.29689049351298313
2023-05-16,5,161,0.26631854559321666
2023-11-09,2,69,0.9362661959863691
2023-06-08,19,93,0.08593370386060806
2023-05-22,25,164,0.9570692841185817
2023-02-24,4,129,0.5284855776305866
2023-11-20,8,67,0.7082382730219879
2023-11-02,13,171,0.19755859405568688
2023-09-17,13,59,0.9357821194050373
2023-11-09,15,144,0.9156910163738758
2023-01-07,23,155,0.2350688331333619
2023-02-04,10,69,0.2995178100867989
2023-08-24,18,175,0.6234090564832494
2023-10-11,12,140,0.8583323487431259
2023-07-18,25,175,0.3810650159874064
2023-04-14,24,1,0.9316261111314562
2023-06-21,1,36,0.1484567856052158
2023-11-26,1,166,0.35026172011088186
2023-02-21,24,192,0.46356372781172006
2023-08-07,17,167,0.2839200634464749
2023-12-10,4,96,0.2884049426355241
2023-05-25,14,95,0.11628487159865852
2023-03-05,14,80,0.3148841068404986
2023-05-26,14,180,0.462061368547094
2023-11-20,25,18,0.6831021402898358
2023-08-13,8,185,0.901640980013529
2023-07-07,25,186,0.7275543061693758
2023-01-18,6,79,0.2932045922884101
2023-06-18,12,70,0.6219876863784373
2023-05-25,20,52,0.15069824601184012
2023-10-22,9,141,0.3886852231367298
2023-12-19,12,44,0.5914763938129188
2023-12-30,1,156,0.7972160782874045
2023-10-10,17,86,0.5880677871097924
2023-10-10,9,50,0.9226026374751536
2023-12-10,13,183,0.22652350802508814
2023-01-13,7,86,0.1327919579669884
2023-11-24,14,45,0.7493353081858218
2023-02-19,2,32,0.8653824166629863
2023-12-28,7,133,0.8437251216112716
2023-08-13,9,166,0.9495632807056361
2023-02-21,8,128,0.054924432774112075
2023-05-05,20,24,0.4570868541228402
2023-09-01,4,23,0.044190395376983216
2023-05-31,8,100,0.3829756818129697
2023-11-13,10,175,0.711053394273419
2023-08-31,3,13,0.4845095139764296
2023-01-28,2,107,0.282108536312619
2023-05-10,1,75,0.8818082373957996
2023-10-14,21,168,0.9867393706906962
2023-07-30,24,5,0.4998727837320278
2023-02-12,16,143,0.4334498435432552
2023-07-15,23,144,0.5681339448278986
2023-07-14,17,129,0.6049950278415179
2023-04-09,12,56,0.798191596386847
2023-05-07,5,87,0.9579155653062089
2023-05-04,7,81,0.6850362190577819
2023-05-11,12,57,0.9963492920867784
2023-05-15,13,53,0.057071063790425924
2023-06-22,18,159,0.9683800908581547
2023-08-14,9,24,0.8570904348839388
2023-11-23,16,59,0.6048840986760989
2023-07-30,12,34,0.9331614174105581
2023-06-03,18,103,0.7937894497579474
2023-11-22,14,152,0.7388654877022047
2023-07-01,7,185,0.9097166270356897
2023-09-01,25,89,0.774154745305271
2023-07-14,16,163,0.6302453964659299
2023-02-24,6,108,0.18656027733451208
2023-11-10,8,176,0.35921286775964967
2023-04-30,1,110,0.38888866478396844
2023-01-07,5,28,0.48112842392793753
2023-08-23,8,115,0.6349973438512686
2023-02-12,13,74,0.20832527376094445
2023-12-29,4,179,0.0006237677661068419
2023-05-24,10,69,0.006320965118058353
2023-06-19,10,83,0.3866992349082138
2023-05-04,25,119,0.40714470348592435
2023-11-27,2,3,0.9809288287510333
2023-10-20,13,71,0.9566644362653574
2023-05-20,4,109,0.21399539496978803
2023-05-12,4,33,0.18056857476032018
2023-09-05,17,47,0.1633399543462707
2023-02-15,4,82,0.8507850407333025
2023-09-20,13,81,0.6098156875717333
2023-03-30,21,93,0.6905110383924263
2023-07-25,6,153,0.6964191009119148
2023-10-02,19,94,0.920458806217767
2023-06-12,19,199,0.6153301393202374
2023-03-14,4,111,0.6941207922086581
2023-11-30,25,149,0.19153508357761762
2023-02-24,12,101,0.46703554999291763
2023-08-20,8,38,0.7024291930182821
2023-03-02,5,124,0.024140490122682157
2023-05-24,6,106,0.23866181019152977
2023-10-14,3,21,0.6556146671976963
2023-09-01,3,143,0.008130177193652943
2023-10-17,13,133,0.35677271450512826
2023-11-12,23,4,0.21165502485406662
2023-11-29,3,63,0.9010154251777368
2023-09-04,12,191,0.8492444495270188
2023-02-19,23,7,0.2589056624389101
2023-02-27,3,54,0.9218604294710062
2023-08-12,3,77,0.9598510734163183
2023-06-01,8,138,0.19844190011181628
2023-11-22,19,16,0.5850835611964134
2023-04-13,15,69,0.6763288976960974
2023-12-13,25,182,0.732936627628906
2023-06-06,14,71,0.4791055328451158
2023-02-05,25,34,0.2037320757906279
2023-06-27,2,73,0.29636968684181497
2023-03-30,17,58,0.5638525923588114
2023-09-04,20,112,0.6066133567575479
2023-11-19,3,9,0.4514900059380553
2023-03-08,2,113,0.047054350486135266
2023-05-25,3,75,0.8988033032029795
2023-06-07,11,105,0.6344152031004454
2023-11-15,9,176,0.5182752854522015
2023-01-27,9,77,0.6773481094758321
2023-11-16,13,198,0.17421778466623283
2023-07-26,10,5,0.7118664097101849
2023-08-11,7,31,0.49323624312612424
2023-07-23,6,28,0.7380587835647859
2023-12-26,1,111,0.8830102232731072
2023-05-01,14,90,0.9762273277833877
2023-10-07,1,122,0.3020853872767788
2023-02-10,9,20,0.7321346014412851
2023-07-18,5,25,0.5127263598087399
2023-08-30,3,78,0.6321873456464089
2023-11-24,7,106,0.7706690027974824
2023-07-31,7,65,0.30474926341615727
2023-09-01,11,92,0.917273459853837
2023-10-06,6,113,0.983689369691039
2023-11-08,3,63,0.4227516618816056
2023-11-28,24,50,0.6882219397701449
2023-02-06,14,145,0.17013353939102083
2023-03-13,18,144,0.9714458296363894
2023-04-30,21,114,0.7403866268352974
2023-02-17,5,34,0.6141457878979327
2023-04-22,12,32,0.3266140357114543
2023-06-30,12,49,0.7183844688288493
2023-03-03,7,44,0.22231563617340433
2023-11-26,5,150,0.2199528889954081
2023-07-27,4,51,0.3666642246509554
2023-06-15,12,132,0.2095549887406365
2023-01-20,4,175,0.8806743022404773
2023-03-04,16,163,0.3594130908873061
2023-05-13,4,104,0.6021573914059581
2023-07-25,6,61,0.516679666742588
2023-09-21,25,97,0.5424393400221815
2023-06-23,17,80,0.6995387624134297
2023-06-17,8,136,0.07688529911870823
2023-12-19,23,160,0.7901725520893872
2023-11-20,22,143,0.012269717391297008
2023-06-14,3,46,0.22033838543202977
2023-08-23,14,145,0.7548676793655757
2023-02-03,14,41,0.9610526966774873
2023-01-09,18,191,0.5704347583484423
2023-11-28,11,11,0.5191334219029681
2023-10-26,23,162,0.6732606524415518
2023-07-25,2,76,0.870207335740922
2023-07-10,1,34,0.562549887335888
2023-07-19,21,32,0.43114326568977224
2023-10-04,25,14,0.20076908792767412
2023-08-09,21,151,0.9039419002443296
2023-09-02,4,90,0.5851325190258415
2023-12-27,4,48,0.5304975897937506
2023-09-12,10,117,0.14705379095762428
2023-09-23,12,74,0.5286798542762322
2023-04-19,5,130,0.8306046779067779
2023-01-23,7,84,0.8775767855240152
2023-07-24,19,22,0.8415029037080144
2023-09-02,24,112,0.31520998924994315
2023-11-21,23,29,0.7351993183650073
2023-06-18,22,102,0.7541798866552649
2023-07-18,23,110,0.28570978026929084
2023-03-30,21,74,0.7182827936278848
2023-09-14,10,158,0.16700766440416492
2023-06-06,24,193,0.1794990103424029
2023-01-04,21,155,0.891315368086587
2023-10-24,1,46,0.957834897966417
2023-10-12,7,107,0.8262469956970961
2023-04-05,13,155,0.4344471581745788
2023-08-10,1,140,0.2588696408658564
2023-11-30,4,112,0.6512277285006278
2023-05-21,10,94,0.5036185007920257
2023-08-11,11,109,0.828581230662729
2023-09-25,16,151,0.31550944973084216
2023-04-04,5,185,0.40258175377579863
2023-10-27,16,110,0.3418255605906646
2023-04-04,6,74,0.577528408947415
2023-07-06,2,103,0.21537588288224363
2023-01-29,14,28,0.6556061500939812
2023-08-10,24,78,0.18032071757189871
2023-10-13,3,156,0.12241693246794794
2023-07-19,13,3,0.9320536971356322
2023-08-04,21,25,0.36472646402284326
2023-12-16,9,51,0.2861075723923089
2023-10-21,18,23,0.5861153121114404
2023-10-03,5,127,0.8581210079142456
2023-07-23,23,44,0.0738568796399679
2023-01-11,19,4,0.8627676640159514
2023-05-16,10,68,0.288826753353021
2023-07-19,13,95,0.23583306616679212
2023-01-08,12,109,0.11270778980322316
2023-05-02,11,100,0.46798604554097967
2023-08-09,12,195,0.567134685262018
2023-08-28,5,126,0.8636020443202184
2023-10-14,11,180,0.028605462584515795
2023-11-28,3,141,0.28518565679093866
2023-07-09,11,95,0.549077579815377
2023-12-11,6,105,0.4514023897821845
2023-07-21,13,76,0.42727260539320777
2023-02-21,21,67,0.43603287141070113
2023-11-17,8,190,0.8477539318315173
2023-10-15,15,142,0.9021054392735061
2023-08-02,25,105,0.06865630177768134
2023-06-08,8,24,0.4561235876784878
2023-01-15,5,60,0.8575257113148032
2023-05-02,23,2,0.2687185289914066
2023-06-29,3,193,0.3561972405410264
2023-10-13,17,17,0.5930015868777534
2023-12-31,22,193,0.45330048193482464
2023-09-26,20,130,0.10366719232619326
2023-11-02,24,170,0.6964837234366782
2023-12-18,21,85,0.48454265720425627
2023-06-19,9,91,0.29418486745500927
2023-02-27,14,163,0.5169430685808081
2023-12-17,23,129,0.15772535402607013
2023-08-01,22,117,0.2563179662002817
2023-08-07,1,6,0.4519063425493848
2023-02-02,21,96,0.28279538707352625
2023-06-16,8,120,0.9705519500933129
2023-01-03,25,67,0.8527246831255966
2023-12-20,1,55,0.6661580036884551
2023-04-06,12,24,0.8487710377317321
2023-11-13,23,158,0.14405090155764833
2023-01-28,22,40,0.36773263088590347
2023-08-02,22,16,0.6167450661327185
2023-12-12,16,27,0.22136440561915738
2023-08-06,20,127,0.4899260642069825
2023-11-22,23,43,0.347995195847993
2023-03-25,10,193,0.5618636758637404
2023-05-10,17,133,0.9622964133130231
2023-07-05,8,23,0.0800963343577773
2023-01-13,1,97,0.06426383825699988
2023-06-15,15,37,0.19906359294090148
2023-02-15,7,5,0.3434135580383135
2023-04-23,11,104,0.9754853880354954
2023-02-05,13,154,0.16134249125477462
2023-04-08,16,88,0.47977856734004243
2023-08-12,17,143,0.27560503424017024
2023-08-03,13,170,0.8624331938788453
2023-04-17,2,90,0.1278818492801087
2023-05-06,23,12,0.634075934670415
2023-04-28,8,177,0.18448514841581087
2023-07-02,23,111,0.6449554111964847
2023-07-29,22,63,0.18359694878765664
2023-10-07,10,151,0.04094920729319118
2023-08-25,22,135,0.6647431454796043
2023-01-01,20,77,0.957334965217756
2023-01-20,16,70,0.25108695039519247
2023-05-04,1,115,0.609512222987585
2023-05-07,22,147,0.35997731159161905
2023-05-27,2,51,0.45520621336109957
2023-07-20,17,76,0.35474921517830993
2023-10-21,8,57,0.9348899081790492
2023-07-29,20,109,0.6339024819475575
2023-07-30,21,37,0.9985710773907368
2023-09-09,17,58,0.45337797649595424
2023-09-30,12,101,0.9937882750958213
2023-10-23,8,69,0.40025082503687304
2023-02-20,17,34,0.605654052037254
2023-05-25,15,58,0.13598163403293773
2023-11-03,1,9,0.661650227024242
2023-12-17,19,23,0.8077221330777635
2023-09-12,2,22,0.32881467350287463
2023-11-30,10,20,0.6255883753263006
2023-10-28,10,97,0.9672988997868832
2023-03-27,22,39,0.08641425343530584
2023-07-03,13,4,0.7618358414465639
2023-10-05,8,26,0.3428719883313788
2023-03-17,6,193,0.4460031608506916
2023-08-22,23,10,0.8967881752582196
2023-03-29,11,52,0.111799245183557
2023-03-20,24,34,0.6009823452104849
2023-09-09,25,178,0.37967081007341885
2023-12-01,22,161,0.10622929609197418
2023-09-17,8,143,0.10617414159330407
2023-09-01,3,5,0.15667404847958677
2023-10-07,11,35,0.8348734728602071
2023-08-02,1,81,0.7197567537429992
2023-10-17,25,179,0.8262793066194658
2023-05-18,18,94,0.5794571349336146
2023-01-09,1,1,0.3886450384138297
2023-02-06,17,58,0.7669517344066622
2023-10-21,7,146,0.1256836920222486
2023-01-06,3,155,0.37095459223613936
2023-02-02,18,116,0.9947380807904895
2023-10-19,1,73,0.8577549255837501
2023-10-30,18,74,0.33373115484579785
2023-06-20,15,193,0.681128867385332
2023-05-25,15,190,0.5428876694173916
2023-06-10,7,125,0.6426277257061117
2023-04-15,4,139,0.03472504826611922
2023-04-25,8,49,0.5792869595446557
2023-09-18,21,102,0.412236328560844
2023-09-17,2,151,0.28407063604081717
2023-01-19,10,104,0.99172365886118
2023-07-06,20,82,0.8702617219951636
2023-01-20,8,142,0.7733278622502582
2023-07-26,12,52,0.8162444096563035
2023-01-04,24,81,0.29326111276221056
2023-09-08,5,53,0.8503450127699829
2023-07-17,15,46,0.7310827576090744
2023-11-29,3,122,0.5419412828395272
2023-08-05,14,21,0.7370877626838941
2023-03-17,16,44,0.8961208872471528
2023-11-03,18,140,0.7696230418072275
2023-02-20,1,198,0.2975853374808455
2023-04-12,3,147,0.3881830318369084
2023-02-22,22,176,0.18968071384612561
2023-11-28,18,69,0.9240249199064191
2023-01-07,23,67,0.19582613524857118
2023-05-16,19,197,0.16122274546869653
2023-06-03,17,164,0.6331004495865229
2023-08-15,17,29,0.7444264570981478
2023-07-30,15,102,0.7836720449355153
2023-10-10,19,149,0.4120979774519149
2023-03-20,22,50,0.40300018515822844
2023-03-02,11,87,0.55166235353614
2023-01-12,21,167,0.9996001087375007
2023-02-17,16,37,0.5143841379560178
2023-04-20,17,142,0.14324221255327418
2023-12-18,21,11,0.048449934915890225
2023-01-13,13,167,0.17220689632451036
2023-06-05,8,197,0.9357629247819195
2023-07-10,21,6,0.896280955757196
2023-10-22,18,186,0.5618628097978877
2023-02-03,4,8,0.3551755190915181
2023-03-06,7,166,0.3185497599611554
2023-05-04,13,180,0.20839242961989424
2023-06-27,16,150,0.23953297245287508
2023-05-05,6,153,0.5080513868510632
2023-08-24,21,182,0.6182815585693815
2023-01-18,14,11,0.2955949204751067
2023-06-06,3,40,0.06548247665351614
2023-06-07,10,20,0.8650193976754529
2023-05-28,10,122,0.7498569491179594
2023-11-04,9,177,0.455149148966316
2023-06-07,24,196,0.5806792048106102
2023-11-19,21,160,0.15346056229346372
2023-06-14,17,102,0.0880854620379874
2023-08-13,11,123,0.47228347884796495
2023-11-05,8,185,0.6532691369778295
2023-06-15,25,15,0.4796142340980383
2023-06-11,24,181,0.17232619871669264
2023-04-09,24,141,0.5663088595912067
2023-08-28,10,86,0.4590700834840802
2023-12-13,3,3,0.5663715797317891
2023-02-04,16,180,0.3680121612613487
2023-12-08,16,74,0.3880291985756599
2023-07-15,15,159,0.12357335013403803
2023-08-11,7,122,0.3282808891682517
2023-07-01,13,141,0.06613575544116479
2023-10-18,20,85,0.35906819773923726
2023-12-17,10,37,0.874647402503612
2023-08-19,18,152,0.6601233259144409
2023-03-06,11,179,0.48943583495498244
2023-04-27,15,16,0.05068593970120716
2023-07-07,8,131,0.5150384779559348
2023-01-14,6,72,0.09092317066507483
2023-12-16,16,125,0.8753108009566399
2023-01-12,22,28,0.006938155408923952
2023-11-30,9,8,0.001975992617230693
2023-08-10,5,195,0.30920964635607995
2023-11-20,17,129,0.6611815229219024
2023-07-13,5,37,0.5508744267567877
2023-02-17,13,169,0.8242553819883697
2023-03-10,24,194,0.9018078467725652
2023-01-06,7,36,0.8268512363189655
2023-05-26,6,188,0.2741532902253059
2023-12-06,14,2,0.20044314628893267
2023-12-23,16,91,0.8359127990007404
2023-06-01,9,97,0.3873804895613525
2023-03-04,17,38,0.28985895688357655
2023-08-11,5,47,0.6295223289799485
2023-08-03,23,36,0.5245840810068005
2023-06-17,25,124,0.11306263392206983
2023-10-16,14,134,0.5752987968221621
2023-04-23,25,59,0.6676387189655316
2023-05-05,18,50,0.16585022164798213
2023-02-26,19,97,0.5853130945665881
2023-12-20,17,52,0.6078690777983732
2023-08-30,6,88,0.7259370525909197
2023-04-22,13,106,0.2689242085826731
2023-10-31,13,103,0.8298407898635576
2023-08-28,1,117,0.4318826554324737
2023-12-18,23,147,0.3594047089281325
2023-04-27,18,38,0.6684220474936922
2023-09-13,25,180,0.8828094857174161
2023-08-08,21,90,0.21058515459703897
2023-01-27,7,183,0.3872344488922058
2023-03-31,20,73,0.09432767062156877
2023-04-30,3,6,0.14179628188078808
2023-04-16,6,21,0.8901069784996988
2023-12-11,12,9,0.6922100385478523
2023-04-20,8,45,0.019200847230081863
2023-04-30,2,72,0.299695237626723
2023-10-20,6,14,0.023471435095756887
2023-10-01,2,98,0.7652002704750016
2023-11-17,2,47,0.030768128480373025
2023-06-16,2,65,0.7216707992457579
2023-07-29,19,139,0.4964945657195262
2023-09-11,8,154,0.08886236495462341
2023-08-12,7,74,0.28108603682869293
2023-11-01,10,195,0.679924250054171
2023-04-17,23,78,0.14999027821963784
2023-02-08,14,5,0.9326874272112761
2023-06-14,1,138,0.4700924637470819
2023-02-17,18,50,0.26663824735738995
2023-03-28,25,67,0.28439807724575616
2023-11-21,15,97,0.7999616735815167
2023-06-21,8,193,0.4565857992036816
2023-01-04,22,96,0.8891164843131028
2023-01-19,15,79,0.37709568885963674
2023-07-11,10,128,0.06174935263438597
2023-12-13,11,1,0.9575306419722407
2023-11-11,1,57,0.3662495567845149
2023-05-16,4,195,0.37297589038192447
2023-08-25,5,63,0.7866345047669929
2023-06-30,2,76,0.8119023951495551
2023-06-22,2,2,0.32290023569620463
2023-05-09,10,148,0.546896884756342
2023-12-27,12,67,0.7775567423973416
2023-05-21,13,117,0.5527426476338495
2023-11-20,3,82,0.6383085347167852
2023-09-12,11,132,0.849829025326863
2023-05-12,4,66,0.48633758157585505
2023-06-02,9,94,0.7165228428964759
2023-07-16,1,150,0.5611284612174673
2023-04-30,22,191,0.7965023257862551
2023-10-17,18,128,0.8473510433548433
2023-11-08,25,42,0.3578261999486433
2023-02-18,21,96,0.6729764097360235
2023-06-19,12,68,0.7937269994348785
2023-06-30,13,88,0.7898201897332764
2023-06-08,8,46,0.7241099002265358
2023-10-18,11,107,0.7542431968079871
2023-04-21,18,129,0.9428810767285436
2023-04-07,1,180,0.7441848538510131
2023-11-16,6,148,0.03351458066323454
2023-08-21,22,135,0.3464954349663615
2023-01-19,9,1,0.5708120274085009
2023-09-11,16,147,0.19637299854805879
2023-01-18,11,165,0.12162918420715041
2023-12-24,21,53,0.7783226955198886
2023-11-04,13,75,0.3824879179317572
2023-08-24,7,59,0.47585344941313146
2023-01-09,9,180,0.20298969457978877
2023-02-09,19,58,0.6146373246973379
2023-01-20,11,116,0.5633114152459553
2023-08-17,11,53,0.9204301359077024
2023-09-15,12,102,0.94206492421352
2023-02-13,6,149,0.31827719720744807
2023-07-04,8,44,0.26334594789032273
2023-05-18,16,101,0.08184151634440395
2023-06-16,2,188,0.14990634249479673
2023-10-15,9,139,0.00333911513477414
2023-04-28,15,42,0.8056742699407685
2023-04-01,13,90,0.6725818383191675
2023-02-28,3,166,0.15785843418293044
2023-01-28,16,11,0.19662728603101243
2023-09-06,13,13,0.512765801614884
2023-12-12,12,149,0.5737541279507962
2023-01-06,7,123,0.6745218882040979
2023-05-30,1,55,0.23981314925299912
2023-11-30,16,50,0.6839699267146288
2023-04-14,20,61,0.7240338394977519
2023-09-30,21,180,0.4641119109535836
2023-10-22,7,140,0.7983309538324399
2023-06-24,4,167,0.022763855919541776
2023-08-20,4,112,0.8905543931377266
2023-07-26,12,25,0.45296356023737827
2023-08-27,25,158,0.4969853971242252
2023-12-09,16,169,0.6470241585288423
2023-05-23,14,192,0.9471044367647532
2023-10-22,1,37,0.9478886467744464
2023-02-17,10,97,0.4204989808363615
2023-01-13,8,61,0.6244877186243338
2023-08-06,6,50,0.953380273184177
2023-07-16,15,95,0.19445365570179407
2023-06-01,4,112,0.9896087146217429
2023-05-10,4,90,0.560141248446869
2023-09-28,10,185,0.6768535193188027
2023-03-10,24,182,0.7684937548068704
2023-07-17,5,162,0.08476973846964231
2023-10-26,8,86,0.7424758724033408
2023-11-10,17,171,0.5011451875718278
2023-02-15,23,93,0.6979918941111004
2023-10-07,12,181,0.655291400023065
2023-04-26,20,176,0.4139125267969548
2023-01-22,9,155,0.5390734232026505
2023-10-31,3,69,0.4778453332074387
2023-07-07,17,73,0.04866984573884414
2023-11-12,24,118,0.6883797911182714
2023-02-09,2,125,0.5263745258453516
2023-06-09,6,182,0.9238267054288486
2023-09-08,18,40,0.17623705363542364
2023-11-05,23,117,0.6483566626991947
2023-11-29,15,126,0.45750759694481036
2023-11-21,1,13,0.9496641725457914
2023-02-09,3,8,0.6142887567096476
2023-05-01,16,170,0.11745146835292919
2023-07-01,12,29,0.9215001489349416
2023-03-23,21,114,0.1866810217320094
2023-08-08,11,9,0.8748943064681791
2023-04-09,21,32,0.6203593073420575
2023-09-05,3,89,0.5552571813704049
2023-08-28,4,88,0.7910508247589721
2023-07-31,4,178,0.6225136864457119
2023-07-27,20,143,0.7412314557647134
2023-05-27,13,125,0.6653432289656224
2023-10-27,24,95,0.6087438491245786
2023-01-20,25,38,0.07496606250382587
2023-09-10,17,46,0.25068047894597767
2023-10-09,13,24,0.12300138365952673
2023-05-28,22,5,0.2036421895615752
2023-08-13,15,78,0.4619460350753464
2023-06-21,18,66,0.9187604485637333
2023-09-14,24,157,0.9896463481504898
2023-10-03,1,65,0.3012488068205432
2023-01-28,1,100,0.5289650670126371
2023-12-17,19,64,0.670702825430818
2023-05-11,20,166,0.008518473008918614
2023-02-17,19,26,0.6247300668796169
2023-07-14,12,155,0.19811816579658714
2023-02-23,5,105,0.6473930839384241
2023-05-13,16,199,0.9537923321118491
2023-05-29,7,109,0.19641388734718923
2023-12-23,8,78,0.9004938109161387
2023-06-01,22,15,0.43243406538197005
2023-04-29,1,9,0.5763668487724497
2023-08-09,12,44,0.45170529487807076
2023-11-15,15,158,0.42851798688504894
2023-06-11,22,15,0.36877012358057526
2023-05-19,1,106,0.800736068511889
2023-01-05,5,183,0.6358596680456976
2023-08-26,4,135,0.6871479556252031
2023-07-03,22,132,0.09542250060766155
2023-10-14,12,3,0.26466539205522643
2023-02-24,5,69,0.8044715654860354
2023-06-29,4,111,0.31424516770537236
2023-08-19,13,104,0.7166849521079812
2023-01-11,19,190,0.3439346309483623
2023-10-12,9,183,0.3499527532332781
2023-09-10,10,45,0.479630969218135
2023-11-14,20,138,0.7971310073423662
2023-03-23,13,46,0.22796156815519408
2023-05-24,14,148,0.44989451182432516
2023-08-14,10,126,0.984441654622875
2023-09-11,18,83,0.2585573812910592
2023-03-08,13,23,0.11448591213658199
2023-08-03,23,200,0.4885017261724166
2023-09-15,16,79,0.4712211889706964
2023-10-19,20,179,0.3860822285708503
2023-03-28,9,137,0.3825087453450845
2023-10-05,18,9,0.14424159064049147
2023-11-07,6,190,0.7052036918454555
2023-10-01,7,138,0.7458275891114807
2023-08-15,2,152,0.5697165226649468
2023-12-07,20,191,0.5909353488378428
2023-11-14,6,25,0.5476064025661187
2023-11-25,18,96,0.9886541523079636
2023-05-15,1,84,0.1252066467328311
2023-09-29,17,195,0.4339397311644
2023-11-02,1,84,0.6531886063339315
2023-09-14,23,75,0.5849713526452963
2023-01-30,19,149,0.2674506801722589
2023-08-16,8,136,0.7750247131695054
2023-07-03,14,23,0.12957167255327706
2023-11-15,12,107,0.2234675279484114
2023-10-22,13,138,0.9587432153495825
2023-06-28,6,51,0.9641326379169691
2023-08-04,5,102,0.7929734370783301
2023-05-02,7,57,0.03495522990547273
2023-10-08,6,144,0.9833214877073134
2023-07-25,10,100,0.0827699189282527
2023-09-29,18,104,0.4272297889504546
2023-11-03,2,146,0.10871555078704842
2023-04-04,19,157,0.7219696922844903
2023-11-25,8,23,0.9892237127571081
2023-01-27,6,127,0.4560567790496016
2023-01-27,7,197,0.9384724674937883
2023-10-09,12,17,0.143168879119987
2023-11-18,6,176,0.3612369106417306
2023-06-02,12,90,0.0392432555310438
2023-03-10,1,26,0.06133814823750361
2023-05-22,15,98,0.10990690739084064
2023-10-21,6,12,0.1654887963953361
2023-03-30,5,61,0.849297942764676
2023-02-18,24,137,0.7253939106674895
2023-09-23,2,93,0.1482639885281707
2023-04-15,24,194,0.45613113433274866
2023-08-19,12,46,0.5170510716809521
2023-10-31,3,155,0.42583605122346346
2023-11-14,6,116,0.2548443930291736
2023-12-26,15,108,0.0604577947428675
2023-01-26,20,67,0.7903162221275978
2023-08-28,14,169,0.6068731106047525
2023-08-03,8,181,0.26687127809131217
2023-07-20,17,200,0.6882164908924331
2023-10-12,7,155,0.382303812081639
2023-11-07,21,47,0.5231823374872264
2023-07-03,8,77,0.2458693700821325
2023-09-11,15,11,0.26487496580204906
2023-05-21,7,46,0.7441458884464525
2023-08-31,4,24,0.044275297604012165
2023-07-08,10,115,0.8238872441373634
2023-12-19,7,46,0.359350039079547
2023-11-27,15,89,0.1830834975929534
2023-09-03,1,147,0.4046428037525057
2023-12-02,21,179,0.49545756678421293
2023-05-20,3,58,0.18360572954168464
2023-12-03,7,4,0.7998754432375543
2023-02-09,11,27,0.3186032458390494
2023-09-29,1,120,0.3345256357269747
2023-03-09,12,29,0.0933790028692314
2023-04-01,21,46,0.8470983230594676
2023-06-28,21,67,0.30327767020189245
2023-03-13,14,68,0.23079869362634453
2023-09-21,2,130,0.8683845309127853
2023-07-16,20,55,0.3113567642784544
2023-07-29,3,152,0.7362618210789436
2023-03-10,24,89,0.1067518244923229
2023-02-17,12,76,0.6682830445618082
2023-12-31,3,142,0.6839093405627445
2023-07-12,13,33,0.7940774156592766
2023-10-19,5,60,0.7079332227694369
2023-12-07,5,110,0.43378603266961635
2023-02-17,12,8,0.7510073846365898
2023-01-31,9,66,0.4153468427430782
2023-03-07,3,102,0.06222373448402441
2023-07-31,14,19,0.4661497481134099
2023-04-08,22,79,0.7629051380446631
2023-05-04,7,125,0.23155851555951867
2023-10-23,8,123,0.6851685530655799
2023-09-30,23,100,0.7213117282700574
2023-08-30,19,105,0.6771517300196811
2023-07-13,16,23,0.1708607351937309
2023-05-01,24,171,0.4857102329361941
2023-07-23,24,92,0.30135225830979495
2023-09-30,24,15,0.535777203877728
2023-07-17,24,24,0.25782290135868724
2023-07-06,5,80,0.4969897960933626
2023-01-25,15,131,0.5938027011859444
2023-01-20,22,183,0.3504672810790398
2023-02-06,22,182,0.5689485885000443
2023-07-08,18,158,0.012633810239848664
2023-12-31,6,40,0.5033846815061629
2023-04-04,11,82,0.3524210415002934
2023-03-22,4,63,0.6500397741731452
2023-02-01,4,160,0.7123507823834204
2023-07-23,1,88,0.7659164094139695
2023-01-26,14,105,0.987518421512812
2023-01-10,16,161,0.7135285058814044
2023-08-25,22,70,0.31315223056925967
2023-10-01,17,121,0.2845812788831562
2023-11-05,20,163,0.814154410423581
2023-07-05,19,109,0.18065142491956887
2023-07-24,11,185,0.039007895517002567
2023-07-25,5,118,0.21685878872271502
2023-01-13,3,171,0.7451952704126386
2023-07-16,2,55,0.49420909459745066
2023-05-17,21,62,0.40683865110495676
2023-07-18,17,70,0.5903248700232581
2023-02-15,8,113,0.5733457295156509
2023-10-20,8,121,0.6016795177960322
2023-08-16,9,16,0.5872840586448463
2023-11-24,16,81,0.3624233100160438
2023-05-05,10,63,0.7867335760926862
2023-12-21,19,121,0.7614280951611655
2023-07-18,2,150,0.44306784010190536
2023-06-27,19,61,0.14571928085310937
2023-10-26,4,107,0.7037881958161772
2023-01-18,8,133,0.1187699743472741
2023-12-16,8,149,0.45442589985514237
2023-12-02,2,192,0.8542260840442487
2023-09-05,7,6,0.05215496140028075
2023-02-19,13,75,0.5731051967852216
2023-01-24,18,56,0.7858778365182133
2023-07-19,24,70,0.9970692246078484
2023-12-10,13,86,0.9968494337548249
2023-12-12,2,71,0.0005778429581168032
2023-09-11,14,133,0.7675430696874602
2023-11-05,17,104,0.4289677946458742
2023-02-17,2,200,0.21295804160473475
2023-09-20,11,119,0.07465476187261266
2023-01-26,3,127,0.25122399715210697
2023-06-23,13,145,0.37994457939653925
2023-07-12,2,47,0.8512636736503487
2023-12-01,18,53,0.19320609591238236
2023-10-25,4,85,0.5414087463275699
2023-07-11,7,168,0.49050451453216326
2023-07-29,24,176,0.28631577875006753
2023-06-25,12,104,0.7714179182457138
2023-10-14,23,133,0.025319569633182715
2023-08-09,17,165,0.16873831246161963
2023-06-05,20,44,0.5098831494335105
2023-06-15,11,142,0.2613682555371063
2023-09-05,14,93,0.8151704080998534
2023-11-13,17,198,0.8150461838587556
2023-05-12,20,114,0.5695926064487743
2023-01-21,10,128,0.5428460918414004
2023-07-30,3,120,0.7842885957631067
2023-03-16,24,157,0.7937720433708813
2023-09-09,4,98,0.7253489054307415
2023-07-07,13,83,0.9310805945400981
2023-07-02,6,55,0.40825131956863303
2023-11-22,1,63,0.7544069970969108
2023-09-06,5,110,0.16115277182129706
2023-12-20,7,88,0.9861037626771825
2023-05-15,15,61,0.891196810733729
2023-10-10,2,143,0.07502232372544615
2023-03-17,11,40,0.8566937822004601
2023-05-20,4,3,0.41467181736053005
2023-07-11,8,127,0.9608414954698085
2023-01-01,18,12,0.16376523730081782
2023-02-02,8,190,0.561334062110499
2023-10-13,9,156,0.7526596089300563
2023-06-11,7,148,0.22513567958850145
2023-01-11,8,45,0.2088215516130817
2023-03-30,11,66,0.2875007429213472
2023-01-09,16,11,0.6736007788063759
2023-12-05,6,117,0.8719028705573149
2023-08-16,2,43,0.2554970940818392
2023-01-17,7,74,0.7628328133689497
2023-02-03,6,48,0.3493248265061146
2023-04-06,24,66,0.5403033621256804
2023-05-15,6,145,0.7220476715545199
2023-10-27,5,106,0.812467428656418
2023-08-13,4,41,0.80804890147365
2023-05-18,5,94,0.9740840036724973
2023-01-01,11,114,0.08000627449018838
2023-10-03,15,72,0.09140022495579636
2023-02-09,22,116,0.4464664639499407
2023-05-08,12,173,0.019573303161976918
2023-01-28,9,80,0.6842629572790812
2023-04-12,2,168,0.5935076344914179
2023-08-20,22,76,0.8777006315741188
2023-01-09,5,148,0.951369409387572
2023-03-10,5,105,0.3857646671042424
2023-07-08,12,80,0.2585258429983025
2023-05-15,6,154,0.5399500709182468
2023-08-02,24,130,0.8117003745498527
2023-05-20,11,187,0.3290795384593511
2023-08-09,11,113,0.6079405982536403
2023-12-10,7,18,0.2097565248180454
2023-11-14,7,145,0.23154570274297737
2023-05-14,15,2,0.3265353156131512
2023-01-01,22,178,0.06336863754348987
2023-09-27,8,180,0.5419101281828529
2023-08-12,5,167,0.7316614140138553
2023-02-12,5,22,0.06749405396209152
2023-10-28,13,47,0.547731496242004
2023-08-09,6,67,0.28330178869642997
2023-08-04,18,176,0.950927175107941
2023-08-19,9,19,0.7428449388909582
2023-02-14,15,119,0.37177687366929046
2023-03-03,20,78,0.642090324419545
2023-06-15,24,123,0.6275017339818999
2023-01-05,22,147,0.8145315390321148
2023-10-25,6,63,0.33876372394603327
2023-06-16,24,114,0.8391973155258642
2023-11-24,9,121,0.39555192008512374
2023-05-01,18,54,0.180774257963062
2023-02-25,8,171,0.6788817878357248
2023-10-30,13,172,0.7025404914788487
2023-10-09,23,37,0.14712728217774285
2023-08-31,11,145,0.03396078612928222
2023-08-17,7,188,0.20885180948243776
2023-05-09,4,78,0.7791138190609924
2023-09-17,12,78,0.07106635778608883
2023-08-21,24,112,0.10110797482520995
2023-05-12,9,167,0.12959136519334857
2023-12-22,22,106,0.6704298883446324
2023-02-08,23,131,0.9545074866289224
2023-06-09,11,71,0.4663930315655711
2023-03-04,7,30,0.8610420144995111
2023-03-20,11,123,0.6216159216529829
2023-04-28,17,75,0.47930012480190687
2023-10-01,7,2,0.993728423950636
2023-07-02,20,131,0.3992614015825662
2023-12-30,15,50,0.785367783259474
2023-06-08,19,48,0.5763973352288957
2023-08-21,6,120,0.2415035367309618
2023-08-31,15,27,0.9988758829151905
2023-04-14,6,150,0.9781512873702832
2023-10-21,16,75,0.047313224504357265
2023-09-02,9,125,0.5298258833282287
2023-02-19,9,101,0.22659832591949491
2023-11-11,23,140,0.07302303641643915
2023-03-08,25,91,0.008604995675932647
2023-09-08,11,148,0.060959279395445765
2023-10-07,9,34,0.9633993575135807
2023-06-15,2,160,0.9086142462522657
2023-03-08,9,140,0.9187446013635506
2023-04-27,22,186,0.5721900129470457
2023-06-28,25,156,0.8762020045573843
2023-08-20,15,139,0.22134596065467238
2023-04-03,10,27,0.25612387778319434
2023-02-02,13,131,0.8136122809607667
2023-01-15,20,139,0.30748610006541066
2023-08-13,1,142,0.19094731392856612
2023-01-27,4,66,0.5390392185871706
2023-12-05,1,137,0.7892265069230557
2023-12-31,18,151,0.4190983145144447
2023-05-24,6,127,0.9133563107710655
2023-05-26,21,132,0.2983930730747494
2023-01-29,11,120,0.5210069489339024
2023-11-30,18,189,0.9656027817272774
2023-08-30,9,118,0.10045625000783054
2023-08-30,13,160,0.12901237237229257
2023-11-02,14,199,0.6616814208484625
2023-01-31,6,139,0.36077134633162955
2023-10-26,1,115,0.2867118707596219
2023-09-09,6,8,0.813883899639764
2023-07-26,2,85,0.849347011321253
2023-03-09,5,51,0.5276841687096017
2023-06-11,8,81,0.5193851469593899
2023-09-04,3,165,0.9216940714789648
2023-05-12,3,74,0.9865040940603689
2023-09-18,17,156,0.14430549533438142
2023-05-17,25,69,0.08387250123415468
2023-03-11,5,27,0.7551621487888854
2023-10-07,9,158,0.19174568412181048
2023-05-08,22,178,0.2761702212803674
2023-09-01,16,47,0.26692088208716214
2023-02-23,21,165,0.9112683341478748
2023-10-14,16,161,0.5587133512498361
2023-04-18,11,198,0.613872318593227
2023-06-22,14,194,0.994129663686347
2023-08-10,16,189,0.6160247217791551
2023-10-01,9,36,0.8176299550894158
2023-06-21,1,147,0.9734724982127937
2023-02-17,10,124,0.7034028825931613
2023-09-19,3,23,0.10047856176105552
2023-05-05,9,189,0.6705221223597018
2023-04-10,16,71,0.43597596313331877
2023-06-28,16,190,0.3375111420055835
2023-02-12,21,151,0.4273540716732599
2023-06-03,7,141,0.6255585033613733
2023-03-23,21,81,0.6868822290474813
2023-07-01,7,52,0.17246094826793068
2023-02-24,14,173,0.6494345785121434
2023-05-27,15,168,0.6661904330238297
2023-01-21,22,83,0.7523222105972891
2023-09-14,5,35,0.8759753819028184
2023-05-21,23,119,0.3105897753138551
2023-11-26,1,81,0.3202281399958882
2023-11-06,4,137,0.7697414834505456
2023-06-26,8,37,0.7696291389947478
2023-05-16,7,106,0.056708389798342695
2023-11-17,13,43,0.5368127824018933
2023-03-12,11,26,0.5346793079491572
2023-04-05,25,54,0.33186717215937644
2023-05-31,7,4,0.7889122613413119
2023-10-07,12,139,0.15388467141965134
2023-03-29,2,50,0.8331523357928962
2023-04-30,8,133,0.8229171707791733
2023-01-10,2,149,0.3613500625966636
2023-07-06,15,189,0.6272318359135354
2023-08-02,5,38,0.18261415944513903
2023-08-01,12,175,0.7710507073449033
2023-04-28,9,66,0.6845963141560316
2023-06-17,16,133,0.5846232578943001
2023-09-22,17,32,0.9407062070503769
2023-02-04,25,176,0.6898784163171927
2023-05-17,1,70,0.2971293581940303
2023-11-17,11,163,0.6130881652369037
2023-01-26,3,157,0.4622838171315895
2023-05-07,20,166,0.42557921798798926
2023-12-29,2,106,0.007483020705314369
2023-09-30,3,161,0.7839225676139627
2023-08-30,15,92,0.6968355297870477
2023-12-15,11,40,0.6051581344936743
2023-04-14,21,29,0.21570436863095788
2023-04-10,10,134,0.05673327743456036
2023-04-05,13,165,0.3026393891318405
2023-05-29,14,127,0.5900252589169858
2023-01-17,11,194,0.7550327322996319
2023-03-28,22,143,0.2195876946625792
2023-01-24,6,178,0.4470758496903561
2023-10-21,7,52,0.6560430131945877
2023-11-10,17,168,0.10599843426602917
2023-06-28,23,155,0.03217790364505746
2023-04-25,18,106,0.45063507325437524
2023-04-25,12,122,0.82601863929718
2023-04-17,22,132,0.7789808441042628
2023-09-11,23,38,0.05427113789067528
2023-11-13,6,117,0.8433798042481105
2023-04-02,5,111,0.6432049352153195
2023-08-24,1,17,0.7689684505230795
2023-12-17,7,102,0.878078342599862
2023-06-10,19,123,0.8741872099515572
2023-09-12,14,95,0.08850965282536949
2023-08-01,13,50,0.6223808683364749
2023-11-09,23,167,0.11640984177697078
2023-05-23,14,77,0.09614942216442868
2023-09-01,13,61,0.13229212145745484
2023-02-03,22,65,0.004440209724163147
2023-10-08,3,157,0.19750224663098015
2023-01-20,9,156,0.5085026811256084
2023-12-08,17,45,0.7068845965535938
2023-01-09,16,162,0.12476375659658279
2023-07-23,23,13,0.6174580599103668
2023-09-19,14,159,0.80724377364605
2023-01-10,6,39,0.709630128490449
2023-08-15,16,35,0.1777106531087761
2023-02-18,3,38,0.9758259582183941
2023-01-21,5,17,0.8051304794775337
2023-08-27,8,140,0.4551366780948556
2023-01-21,14,110,0.9221777701737451
2023-09-17,13,45,0.2587957555933227
2023-11-23,4,142,0.7106168088570806
2023-06-14,20,103,0.9762135569844963
2023-12-22,8,168,0.5755255919348833
2023-06-26,19,191,0.46084045026636766
2023-08-28,18,160,0.05228998474827651
2023-11-19,11,133,0.5278247394852585
2023-10-25,4,193,0.44701497060587625
2023-05-06,12,7,0.546667542878849
2023-06-12,25,24,0.22718917168262798
2023-05-18,11,22,0.018996595713245967
2023-08-07,10,172,0.5472608337663043
2023-11-15,13,36,0.7968705786358581
2023-04-10,4,60,0.39711910291980346
2023-03-16,23,158,0.389540723580866
2023-06-29,16,132,0.2445530904800367
2023-02-18,14,80,0.11807044551945367
2023-12-19,23,179,0.3221744406523277
2023-07-10,10,157,0.28488996036196357
2023-01-01,16,16,0.9125032892658328
2023-06-03,15,50,0.6226556693184879
2023-06-28,1,173,0.9018430325959009
2023-05-06,24,38,0.8916961277319586
2023-05-29,24,86,0.7299910098916808
2023-04-13,20,15,0.8413931595784375
2023-04-14,22,185,0.7417860267004814
2023-02-28,18,105,0.12623491377612306
2023-10-31,11,163,0.04788992143535997
2023-03-22,24,132,0.9060335199896431
2023-01-08,12,124,0.39713525393692983
2023-02-16,3,44,0.06735086767363618
2023-06-03,4,33,0.7085505150775713
2023-07-25,19,168,0.7332492907256627
2023-07-22,25,107,0.007684688785938865
2023-06-07,2,168,0.33735145551500867
2023-01-09,1,195,0.39860915640022365
2023-02-05,5,18,0.8382151148849386
2023-12-04,12,78,0.9165983091343136
2023-05-16,17,165,0.3460267114312289
2023-07-19,20,63,0.6599809843641731
2023-12-27,3,104,0.6097984975263863
2023-02-17,21,124,0.2603924103191353
2023-12-07,11,3,0.5204088891047399
2023-07-01,10,177,0.4875839002843536
2023-09-12,16,102,0.5103401773164897
2023-04-12,4,153,0.8896687362394601
2023-09-17,6,130,0.27361950853218575
2023-12-17,3,53,0.11494294477137545
2023-09-13,10,55,0.1846879897578606
2023-03-26,14,91,0.7246198980141246
2023-06-15,25,22,0.36805840523663025
2023-02-09,8,37,0.8647364756428851
2023-07-28,5,94,0.38895477882173957
2023-09-15,5,106,0.2927273249809679
2023-03-18,4,107,0.233118874898398
2023-12-16,2,50,0.9986487253261953
2023-04-12,22,113,0.03663289863007413
2023-05-11,18,69,0.003959502703239304
2023-07-25,9,65,0.5030059248902207
2023-10-10,9,171,0.647297070242319
2023-10-13,24,160,0.9328343880068354
2023-10-17,14,23,0.6097183946345934
2023-04-29,3,28,0.5862929533905057
2023-06-08,24,159,0.023846477059888294
2023-05-19,19,168,0.19479653322885782
2023-10-09,24,129,0.31456456388635035
2023-12-04,12,27,0.11572546461560229
2023-04-22,23,139,0.46759378715357025
2023-10-07,23,70,0.4638357941575745
2023-03-19,6,4,0.026252890978823773
2023-04-19,19,82,0.9246903298033686
2023-07-01,6,91,0.012066631334144984
2023-10-08,4,134,0.3744326735706588
2023-07-25,13,151,0.8718827896634503
2023-12-11,11,82,0.7155361549261321
2023-12-23,22,108,0.4174402794320138
2023-07-07,16,70,0.9974037415385822
2023-03-31,11,68,0.79509351270349
2023-03-28,19,171,0.9169366939148137
2023-07-16,21,23,0.32871742944950066
2023-01-16,6,146,0.17436818769790163
2023-02-12,19,100,0.616367990170347
2023-02-09,22,24,0.3255340987331553
2023-10-26,18,2,0.7104540231354234
2023-07-24,15,158,0.6214123756965888
2023-11-03,17,11,0.3697498254185576
2023-04-30,2,127,0.5014727888318796
2023-09-06,9,144,0.5756622587159613
2023-12-06,19,140,0.8883926630697413
2023-03-04,3,159,0.8919627899793707
2023-01-27,17,142,0.8902092318527364
2023-02-21,22,47,0.7862164302595874
2023-05-30,21,165,0.5333853841338406
2023-08-21,8,181,0.21033892515727426
2023-10-22,6,114,0.09781198632006494
2023-12-06,2,17,0.526695051085199
2023-11-28,15,122,0.5922283007739444
2023-02-27,13,141,0.6402963104448989
2023-05-03,12,127,0.5230427684087288
2023-12-03,5,157,0.15522008443202762
2023-06-04,2,158,0.22084968379641756
2023-02-25,24,104,0.6102129098062082
2023-08-12,24,23,0.1827745461076693
2023-01-16,1,100,0.3381104437474396
2023-01-02,12,125,0.4240980740996746
2023-04-15,13,42,0.4502941270574842
2023-06-20,22,167,0.09288201933827034
2023-03-20,18,84,0.43293052628001916
2023-08-06,15,90,0.8070284731067029
2023-04-15,5,119,0.6024959353619789
2023-07-01,12,18,0.3094053240815384
2023-05-06,19,26,0.8191955398548426
2023-03-10,4,144,0.06587090885739921
2023-08-09,9,129,0.9390468527895321
2023-09-29,19,134,0.5460633477408509
2023-10-19,11,174,0.5510322327208667
2023-07-26,20,134,0.2176327908565806
2023-07-17,20,155,0.40691108685196187
2023-03-07,9,184,0.6374755947048971
2023-09-12,15,1,0.9018905478572218
2023-09-25,20,145,0.9268634641428393
2023-11-02,18,82,0.48373102322422545
2023-07-16,22,33,0.5577898117174737
2023-04-07,5,128,0.3018023508199711
2023-04-27,17,140,0.8538764514713899
2023-07-24,11,81,0.050415833235647356
2023-11-25,11,51,0.2986307738430223
2023-09-07,1,26,0.44001742765050045
2023-05-27,18,66,0.30644419117287847
2023-08-20,25,24,0.7232327266108738
2023-09-10,15,72,0.9103105835055836
2023-05-21,16,121,0.7517572301477907
2023-08-27,14,152,0.5858230285471041
2023-06-14,13,92,0.7207206905307411
2023-07-27,9,31,0.652515691270048
2023-11-12,4,106,0.35958274440142246
2023-01-27,11,6,0.429164587136858
2023-07-02,17,90,0.5305483143094442
2023-07-29,20,114,0.780295169217646
2023-12-01,11,48,0.005041234706796405
2023-10-07,8,84,0.4903082286300877
2023-09-09,18,12,0.046040359279664655
2023-03-08,21,191,0.5116697620223977
2023-04-21,6,100,0.03376594624807816
2023-12-07,23,60,0.8830053087835409
2023-06-03,8,64,0.5099972606007158
2023-10-17,4,122,0.19840692064813403
2023-12-14,8,130,0.18442553828684505
2023-03-20,9,92,0.6279596172736462
2023-01-02,4,53,0.7705244579952527
2023-11-12,13,70,0.31688078263900155
2023-08-23,22,192,0.16520250717149965
2023-05-19,17,1,0.548222534570341
2023-05-13,15,156,0.2648368939703055
2023-09-30,20,160,0.3113893105877641
2023-04-23,14,84,0.060484715649070764
2023-04-03,8,100,0.9643903158348076
2023-08-15,12,87,0.758395683486826
2023-04-13,25,5,0.5357967475487917
2023-10-18,17,177,0.40655272731602976
2023-04-19,2,197,0.48438847770897486
2023-10-26,12,181,0.4506388496905347
2023-07-28,25,34,0.241967166434771
2023-12-31,1,150,0.7327701988923424
2023-06-04,10,177,0.6276805026711375
2023-10-23,12,26,0.9760446753954501
2023-11-12,4,127,0.9723917246870621
2023-02-27,19,73,0.7540022295168967
2023-02-25,8,142,0.8373949661757939
2023-02-24,4,168,0.4457480502754373
2023-02-16,12,8,0.37221334163774233
2023-10-13,13,54,0.5683408523375569
2023-12-22,6,12,0.24288660725902755
2023-11-23,17,96,0.9415376179287182
2023-11-26,19,105,0.30860571324744257
2023-01-17,6,96,0.9799308950856336
2023-08-07,16,77,0.4093912792678487
2023-08-01,23,11,0.19379910964410507
2023-05-06,2,171,0.694899002557088
2023-06-01,7,141,0.7021260755742476
2023-08-29,13,100,0.32852001512452
2023-02-08,24,18,0.04070307946642593
2023-02-19,6,137,0.5504774439763024
2023-04-18,23,146,0.886998686110594
2023-04-29,4,182,0.0245318678333587
2023-10-03,1,185,0.12020652000815835
2023-07-17,14,193,0.7597245197484365
2023-12-22,25,125,0.6654673207341242
2023-10-09,15,86,0.25771122751436437
2023-10-01,4,159,0.061260923526745725
2023-02-22,7,129,0.37807964884229506
2023-03-22,8,72,0.6499794754626349
2023-10-11,6,94,0.5907949516435634
2023-04-07,15,126,0.34249548700740107
2023-02-03,21,193,0.41558049429786115
2023-08-28,4,164,0.04772046971744359
2023-01-13,21,178,0.5702695472209438
2023-06-02,3,188,0.6506173896695842
2023-03-12,5,126,0.24039035169189304
2023-07-26,11,61,0.14784920628268694
2023-05-02,6,117,0.1943754104219898
2023-08-23,15,138,0.18161416440120437
2023-02-28,13,115,0.8369865210461315
2023-03-31,15,1,0.33511324315954627
2023-08-29,17,147,0.4508323600649339
2023-04-06,24,51,0.3677990055315459
2023-05-21,16,74,0.5460484073985695
2023-07-03,10,79,0.8325046665211411
2023-06-23,12,122,0.13291412636383948
2023-10-21,13,184,0.7782716720152583
2023-05-10,17,198,0.549424471828947
2023-12-15,19,50,0.5245355972925807
2023-04-15,16,68,0.798748732393478
2023-04-20,18,79,0.08338884432279359
2023-06-22,20,66,0.6051267430243369
2023-11-21,19,156,0.4770633973983206
2023-01-26,22,139,0.3543071624556503
2023-10-20,20,121,0.6517235213937933
2023-10-28,20,44,0.2385761319661247
2023-10-30,10,156,0.02446833276628879
2023-12-22,6,67,0.6739594634678461
2023-01-19,2,128,0.9239243274504482
2023-01-28,25,146,0.393441381240094
2023-05-30,16,72,0.19814156578264486
2023-03-02,1,53,0.7821650518753105
2023-01-17,10,102,0.8450335472373667
2023-03-11,21,53,0.5797054523886197
2023-12-30,22,122,0.6464219091281497
2023-10-29,9,19,0.7242871664402969
2023-06-15,8,25,0.9695785190894128
2023-11-23,11,2,0.021652556263879297
2023-04-16,24,162,0.6303019624839995
2023-08-15,5,147,0.46181416290005906
2023-08-15,13,152,0.799308780095468
2023-06-15,23,95,0.4989320547272712
2023-05-14,5,19,0.9029947402436859
2023-08-17,10,117,0.8005486421183675
2023-01-20,17,114,0.3882044444567251
2023-11-10,6,5,0.04858080454739255
2023-11-25,22,180,0.03110977888768307
2023-11-29,1,195,0.44428977718521256
2023-12-25,24,192,0.4799398999474942
2023-04-20,4,92,0.49053140481361024
2023-01-19,5,193,0.994726125886062
2023-01-27,3,129,0.22458273992935074
2023-12-31,5,52,0.6040811671657016
2023-08-06,2,113,0.6795552111630901
2023-06-15,12,148,0.8554406918775935
2023-08-27,8,195,0.13104581144541427
2023-04-17,25,25,0.15532530492262397
2023-02-25,20,82,0.755767551819349
2023-07-31,13,28,0.8351744698887867
2023-10-25,19,167,0.05144894181616855
2023-02-06,21,123,0.565626874106281
2023-04-25,5,51,0.13459467807591952
2023-09-04,22,85,0.37596672145491505
2023-02-25,5,196,0.9402973812459438
2023-07-20,9,54,0.943675515986425
2023-06-14,16,6,0.7127905345073433
2023-05-24,16,58,0.8803700263273823
2023-04-08,14,132,0.2952322644254841
2023-11-06,13,126,0.16379591840218521
2023-04-25,25,118,0.12339880339007492
2023-12-08,8,156,0.791341299038499
2023-03-07,21,106,0.28559108696902624
2023-03-29,1,157,0.6193700772835203
2023-06-14,21,186,0.7083643611320147
2023-09-15,20,82,0.27732298912440045
2023-04-07,9,70,0.8473724541227142
2023-07-11,4,106,0.3369331440680664
2023-10-06,11,93,0.2405814544331164
2023-03-13,4,196,0.14510965471565318
2023-10-16,20,118,0.5340865184693723
2023-02-28,5,175,0.8349542478246196
2023-04-14,25,30,0.46344866859025147
2023-03-27,11,117,0.5894845706748022
2023-10-25,17,113,0.4301619976471618
2023-08-29,20,159,0.6810010849716699
2023-09-07,12,36,0.6077266316595511
2023-07-18,12,146,0.42433215505571387
2023-03-14,2,14,0.8187084255185353
2023-10-04,17,43,0.3975243238391638
2023-07-25,25,178,0.610705100019361
2023-07-18,20,37,0.07931684526824101
2023-12-01,16,24,0.8258522770388268
2023-03-03,4,195,0.848104362065621
2023-01-13,7,187,0.8848795249251672
2023-03-08,6,79,0.045498513897194504
2023-04-18,6,110,0.04704687098670102
2023-04-16,12,12,0.4273196223019834
2023-01-05,10,20,0.11357211942576995
2023-08-24,7,59,0.6703029654440943
2023-04-25,14,198,0.6906834784734944
2023-03-01,23,26,0.8989326477577142
2023-03-26,24,4,0.352466935443444
2023-07-06,7,45,0.6379752373849672
2023-06-24,13,198,0.7917220150165538
2023-02-07,21,15,0.12664070373624026
2023-04-19,21,113,0.8996824229031252
2023-02-12,2,180,0.5081973241113703
2023-08-05,7,90,0.6432838706957574
2023-01-11,2,55,0.9165137891462288
2023-05-02,7,125,0.8178191212288154
2023-10-24,16,79,0.6143385635467842
2023-03-07,5,115,0.17585812623974773
2023-12-14,18,141,0.869375497285138
2023-07-11,22,81,0.09285757607864886
2023-04-21,25,73,0.30375949354726384
2023-04-30,19,163,0.20648554947400188
2023-10-30,1,50,0.11188873772612251
2023-03-11,16,71,0.8538801829712204
2023-05-17,6,21,0.6686822979766043
2023-03-17,12,87,0.2909746589613237
2023-09-15,4,36,0.3632531659057543
2023-09-25,9,70,0.7253502611072188
2023-06-27,9,59,0.12795872353971505
2023-02-07,23,63,0.384904028974132
2023-05-18,6,50,0.9469828321970671
2023-05-06,6,30,0.4282769749755875
2023-04-03,9,156,0.8633911851818894
2023-01-28,10,63,0.9028858158511686
2023-04-09,22,196,0.6559938120675604
2023-10-28,19,13,0.9066794597742269
2023-09-17,13,20,0.5289137745688091
2023-09-04,8,118,0.3442181552852107
2023-10-07,14,22,0.10280482763536469
2023-02-24,13,164,0.14448683688454478
2023-02-11,3,18,0.7916337447373628
2023-09-25,4,134,0.34041230816146495
2023-09-26,18,180,0.10263358323259553
2023-04-05,8,24,0.1182414040187647
2023-10-27,5,184,0.011310163323837275
2023-06-12,12,19,0.551190436013233
2023-08-23,3,137,0.43268538988250016
2023-11-03,3,178,0.167724909904309
2023-06-27,12,98,0.593125508781679
2023-04-17,9,181,0.6720442762354908
2023-11-15,4,73,0.9453301811878977
2023-08-10,23,150,0.8879026573828662
2023-08-02,20,87,0.8818762271125982
2023-04-10,19,168,0.14906946173861857
2023-05-19,8,91,0.07921473223883257
2023-10-24,14,173,0.6863379501062773
2023-03-22,24,183,0.403414288204356
2023-09-23,6,26,0.8270615614287739
2023-04-14,8,166,0.5259799897427752
2023-01-23,9,111,0.5450990498608007
2023-03-20,7,107,0.8198449651042915
2023-08-24,25,152,0.031790103755368615
2023-09-07,22,65,0.8563711751075308
2023-11-11,23,49,0.03207957674278361
2023-11-28,20,136,0.1034257959647874
2023-09-02,19,161,0.4899174831277715
2023-11-16,4,144,0.9094247639878078
2023-08-10,18,6,0.5558530600086231
2023-06-18,22,171,0.32592750876962584
2023-11-12,11,67,0.7005312047138057
2023-03-17,7,154,0.6396053472664891
2023-03-02,1,85,0.6223108477603058
2023-10-05,5,140,0.009650953655509498
2023-09-29,15,154,0.975099607594487
2023-07-27,6,62,0.9738669222642158
2023-03-04,4,104,0.8824583629130233
2023-09-26,9,185,0.37138597223265457
2023-05-09,2,192,0.45271154653714707
2023-11-21,11,143,0.8318880092433107
2023-12-07,11,24,0.9659368166385855
2023-01-09,1,68,0.05038836545653347
2023-08-21,6,7,0.29900148984453234
2023-04-12,1,22,0.8322717981548629
2023-01-19,25,86,0.3425746731269633
2023-12-05,15,72,0.06439685904169368
2023-05-02,14,1,0.4490857748821304
2023-02-03,1,47,0.6738962873666827
2023-07-26,6,50,0.15268273015372802
2023-09-27,5,81,0.6790438548134035
2023-12-12,8,66,0.3146903181470351
2023-07-06,2,108,0.8569412494502326
2023-06-14,15,189,0.896896562127946
2023-10-27,21,54,0.13835622580593976
2023-12-17,20,125,0.7831112576000578
2023-12-25,14,69,0.4905055375145355
2023-12-31,20,112,0.6527042935782725
2023-02-12,5,60,0.5858331483718776
2023-01-27,7,131,0.4470444242942784
2023-02-21,8,155,0.19761250105206418
2023-04-22,8,112,0.5066594389969963
2023-03-31,5,68,0.3787960335406769
2023-07-11,1,126,0.7694731401930386
2023-07-21,13,105,0.48415842306258294
2023-11-26,22,182,0.33996167115313947
2023-03-04,11,39,0.031958469179697024
2023-12-15,13,141,0.30042717678570496
2023-03-16,20,177,0.00468785124922344
2023-08-21,21,53,0.5259472147092339
2023-06-21,4,180,0.6110984920576973
2023-10-28,3,10,0.027383284569337696
2023-08-07,21,82,0.41464045544544803
2023-08-11,23,97,0.8717962844017423
2023-07-17,13,147,0.07965152948159449
2023-01-30,6,194,0.32240669808236067
2023-11-22,18,137,0.10086034242076891
2023-10-16,24,158,0.6155995884981379
2023-03-05,23,178,0.14117283406145475
2023-09-09,7,175,0.1562188869249178
2023-08-24,19,4,0.6462025781641315
2023-09-06,16,117,0.8987138459443169
2023-10-08,17,18,0.6417979488924068
2023-10-08,8,154,0.14305111658816372
2023-09-08,1,102,0.9388434963454131
2023-03-28,23,159,0.2772010998314295
2023-02-20,19,71,0.08548405669293369
2023-12-24,6,28,0.5848011763891581
2023-07-26,6,192,0.5267669875164485
2023-11-18,20,198,0.08061183383600601
2023-12-24,25,62,0.7408961604027239
2023-01-01,22,162,0.9696497548555083
2023-01-12,13,57,0.5780066454946915
2023-03-01,22,195,0.4951624988416701
2023-03-01,14,3,0.9917598350564012
2023-08-07,9,110,0.026149881229383776
2023-06-08,10,60,0.29725988686179416
2023-05-26,10,188,0.0567311863985378
2023-06-17,3,15,0.5319756163747308
2023-02-12,13,161,0.24989315414009294
2023-11-18,21,190,0.96114236087043
2023-09-29,2,83,0.9284771383041349
2023-12-01,1,23,0.12917310363825374
2023-04-29,8,36,0.6037639611915687
2023-03-21,8,70,0.8534986737424503
2023-01-03,16,133,0.9131143563453169
2023-06-21,8,73,0.7477386582776601
2023-07-07,10,96,0.9341516529983016
2023-06-26,18,98,0.5264817560425425
2023-12-25,12,100,0.7891745733057319
2023-09-25,5,52,0.3893956010062234
2023-06-12,9,38,0.38257452729452857
2023-10-04,5,25,0.3251177756197573
2023-07-18,22,185,0.7225561638467259
2023-04-05,19,7,0.3939811036892904
2023-05-14,22,72,0.5707888383389905
2023-01-02,19,106,0.9883401502937574
2023-08-30,1,17,0.6333626733308944
2023-07-17,8,7,0.9119473682847049
2023-09-23,24,30,0.7227292523709113
2023-04-18,15,93,0.18568357386006207
2023-11-30,10,107,0.621879638855082
2023-01-25,15,100,0.9773626814350574
2023-10-22,1,168,0.046985132726392154
2023-04-22,7,158,0.9363481150716226
2023-02-13,1,37,0.6496153638734873
2023-05-26,9,56,0.5581968017702164
2023-03-22,4,151,0.3427826045626209
2023-02-16,25,26,0.7067085263197292
2023-02-19,24,175,0.5667013798236905
2023-08-04,18,24,0.8105942277341761
2023-06-19,12,149,0.6027904901557568
2023-11-01,18,10,0.5527813444336318
2023-09-15,14,179,0.6320082410570894
2023-03-11,24,32,0.6685063513967349
2023-03-07,14,24,0.5669781131175361
2023-04-26,23,56,0.7201702502352065
2023-10-31,15,148,0.18527356546295004
2023-11-19,2,121,0.4959557049044997
2023-05-28,6,120,0.5684575670911088
2023-02-05,23,90,0.266999031191256
2023-05-23,5,93,0.008467152844012338
2023-11-25,5,101,0.2501439500627798
2023-11-03,15,54,0.7160089901740293
2023-04-08,15,160,0.4064046492656518
2023-03-05,9,135,0.4635816898354681
2023-08-13,23,115,0.6290227725093098
2023-10-26,4,71,0.24577693908038978
2023-12-17,6,123,0.34851097175513124
2023-03-08,3,194,0.3092067082888268
2023-09-30,22,113,0.536304919903883
2023-02-04,18,19,0.7528434824042736
2023-12-18,9,101,0.050090377382759455
2023-03-19,17,117,0.46935315365255337
2023-07-14,23,24,0.7419147301985978
2023-02-06,21,161,0.3772439419960203
2023-08-23,19,17,0.09008977238353721
2023-09-27,25,35,0.6985158509068883
2023-12-06,6,96,0.41962267793596686
2023-03-11,22,52,0.32485439952138584
2023-03-23,22,187,0.8179423522983933
2023-06-27,10,103,0.34183409989052016
2023-11-12,8,26,0.619335547750707
2023-12-06,7,9,0.6246139863677701
2023-12-16,14,3,0.20026512396454343
2023-09-05,12,97,0.5925311108181863
2023-10-18,20,169,0.3010025125008454
2023-08-13,18,30,0.4988024544663435
2023-08-12,4,160,0.3914721204701488
2023-03-28,13,61,0.09976743067884197
2023-12-01,14,116,0.5737787932738511
2023-06-14,10,91,0.013997060855851284
2023-06-23,21,165,0.03293873559427474
2023-07-25,22,29,0.0020531747640769593
2023-07-12,20,83,0.47948767961359295
2023-10-21,16,68,0.23530864144430585
2023-03-29,16,132,0.03405743614080314
2023-05-02,22,126,0.2096389419818686
2023-06-01,19,25,0.08015875942545303
2023-08-22,18,62,0.8073663164715517
2023-12-10,6,25,0.4243235804850439
2023-04-27,3,18,0.22925093154616794
2023-09-26,7,20,0.11584593372019591
2023-09-22,13,45,0.873634093016455
2023-05-25,8,72,0.3093084105531959
2023-09-03,25,46,0.4440539263554343
2023-07-25,16,85,0.6596170838862987
2023-08-08,3,173,0.9463543124635692
2023-11-25,9,42,0.7350858405848691
2023-02-21,18,20,0.2621511428085074
2023-08-23,18,17,0.2707746132461597
2023-08-11,12,199,0.356903304661516
2023-10-29,1,77,0.4524975795606917
2023-05-27,16,67,0.20558964639512722
2023-12-08,23,42,0.008655547749183978
2023-10-30,10,159,0.8202875919299016
2023-02-28,11,155,0.24880969587816004
2023-03-19,23,15,0.7448956230215383
2023-06-21,14,114,0.8449741300703713
2023-01-28,17,70,0.9532631536817748
2023-05-08,17,8,0.146812698449185
2023-01-01,19,25,0.6657604850605329
2023-07-19,6,33,0.6815069819452602
2023-02-13,10,26,0.1050008025098671
2023-08-25,8,185,0.16032237226995438
2023-02-04,22,152,0.24062327398127847
2023-08-07,16,185,0.7807711181850996
2023-08-05,25,137,0.6543383614473127
2023-06-05,10,193,0.04923908439620406
2023-10-31,16,192,0.7857911913318933
2023-12-25,5,187,0.9231578894524516
2023-10-28,1,163,0.3437070739093414
2023-01-20,20,152,0.1901203449617861
2023-12-03,1,162,0.9599706657803124
2023-11-27,21,15,0.2978124318760633
2023-04-13,20,16,0.25605566620907216
2023-05-27,4,92,0.7087871322857917
2023-05-09,2,162,0.2011726238154543
2023-08-23,3,23,0.5089530217915798
2023-04-20,15,151,0.4540183286680567
2023-11-28,15,82,0.6620782628133123
2023-11-25,8,53,0.28926672012162713
2023-03-05,15,148,0.5649280114546582
2023-03-01,10,61,0.6322858169979154
2023-12-20,11,64,0.025445711364449175
2023-08-03,6,113,0.4746376330896599
2023-05-29,18,192,0.7552665815083691
2023-02-07,19,146,0.1263175634386423
2023-08-23,3,51,0.33903999414424524
2023-01-21,13,50,0.9521680310987136
2023-08-22,21,142,0.15645315550595595
2023-04-27,8,134,0.38905914116321383
2023-01-08,6,4,0.04343309168504983
2023-12-15,17,89,0.9409470806383866
2023-11-29,19,133,0.5816704720941533
2023-11-11,10,39,0.30579896344530466
2023-02-26,22,152,0.4158569012669704
2023-09-26,13,32,0.6817525093987181
2023-03-29,23,155,0.8431610268999917
2023-01-10,8,196,0.36500396743784524
2023-05-03,20,71,0.34230038577031696
2023-12-09,5,31,0.7642729036318292
2023-11-27,20,22,0.5568351616398223
2023-10-29,13,82,0.7948038355118628
2023-04-13,23,88,0.5084524538906025
2023-03-16,14,167,0.6717198525886893
2023-11-28,10,197,0.5617836780862988
2023-01-28,13,148,0.7807068178107217
2023-12-30,25,160,0.050431832009926736
2023-04-05,1,131,0.9952683944729822
2023-12-24,10,42,0.43666978039033755
2023-06-15,3,152,0.2998135031705669
2023-08-18,11,53,0.1568701683942204
2023-09-27,10,119,0.5210839064993235
2023-07-07,20,100,0.8608716206129658
2023-02-10,4,83,0.19615051073270062
2023-02-13,25,49,0.4323839216273079
2023-01-26,14,66,0.18533521170736744
2023-10-24,18,52,0.9328426384435532
2023-07-10,3,165,0.23323707968730645
2023-06-05,9,140,0.578588664383261
2023-11-14,21,152,0.6533219133857789
2023-08-13,6,54,0.7138437154103665
2023-06-05,5,66,0.10470673239694883
2023-08-24,3,14,0.48475443844901167
2023-11-27,18,80,0.7376548006432817
2023-02-15,25,34,0.5556941593920081
2023-08-17,8,18,0.9784534988301676
2023-05-10,5,67,0.29755574233372983
2023-01-29,18,85,0.7728166976841161
2023-08-26,5,37,0.0003988807077907053
2023-04-10,4,39,0.2251872787718644
2023-04-23,9,65,0.020778914758014078
2023-04-08,10,167,0.3230562923628756
2023-02-16,4,197,0.359077124601747
2023-03-06,4,182,0.9858719375818352
2023-05-12,18,73,0.9344067777659442
2023-12-27,11,79,0.6692481533301022
2023-04-12,8,66,0.6213120490749563
2023-09-11,13,184,0.017430094898906345
2023-03-30,5,25,0.10900965570892329
2023-06-15,16,146,0.3404241080566379
2023-03-24,16,137,0.712150420083385
2023-01-04,24,114,0.06240104991538564
2023-03-27,11,111,0.3079290004014854
2023-03-11,3,83,0.23255449282746465
2023-12-06,3,153,0.5569665758260756
2023-11-27,9,192,0.9190717386914804
2023-01-02,6,38,0.2691040971764397
2023-10-16,9,114,0.18670615006486857
2023-02-01,6,114,0.4699627809465319
2023-09-27,19,181,0.6408432347194994
2023-09-25,7,125,0.9041869239137432
2023-06-10,23,136,0.09419193251638358
2023-05-18,2,173,0.5330323535432245
2023-05-31,24,98,0.7915465475355867
2023-03-14,22,143,0.4155374242461122
2023-04-12,19,142,0.9859854917076528
2023-10-01,14,114,0.30304393854360945
2023-07-08,12,122,0.6338485376267116
2023-11-11,10,86,0.359323560571289
2023-05-28,7,120,0.44878692381327157
2023-02-23,18,129,0.2180917477929626
2023-02-18,16,20,0.8262888464882203
2023-03-14,8,110,0.19105865554399626
2023-03-06,4,5,0.14624203364976063
2023-10-23,7,97,0.2198171057217343
2023-06-27,25,79,0.8741574714013534
2023-10-15,24,197,0.00717927895711612
2023-12-08,8,69,0.5219734354376202
2023-07-21,6,159,0.5314815310195055
2023-01-04,23,184,0.2914397933896459
2023-12-31,23,76,0.10973419024529052
2023-12-20,24,129,0.8167263618382875
2023-12-01,14,196,0.7848090264865969
2023-03-10,25,66,0.45446846023088594
2023-01-27,1,180,0.6677615568587483
2023-05-14,21,73,0.9684545118322805
2023-06-29,5,60,0.13338124311588018
2023-10-31,19,48,0.40356119569876114
2023-07-28,25,133,0.6580061936935875
2023-02-04,23,169,0.5005922093661332
2023-09-06,24,153,0.622799608481032
2023-09-05,16,196,0.35891881342359333
2023-07-04,22,133,0.6393920310507456
2023-07-03,8,173,0.8590426508242758
2023-02-20,13,19,0.6826889653981822
2023-08-27,24,37,0.02874987013371233
2023-11-26,21,101,0.8975220289151737
2023-02-07,1,29,0.5656608767540606
2023-07-15,18,125,0.3273994265239123
2023-08-11,1,86,0.07778887083700636
2023-04-01,17,99,0.7458290919894891
2023-10-14,15,29,0.11614813305906369
2023-08-23,16,154,0.6704913935246289
2023-09-17,24,103,0.635221191825582
2023-07-21,10,20,0.22379269241024147
2023-03-15,17,141,0.14399874444514005
2023-10-31,10,96,0.6878039548142253
2023-12-16,6,65,0.5972990103852494
2023-06-01,24,41,0.8813759996760365
2023-02-11,1,49,0.16677444673044794
2023-02-26,8,7,0.8138624654616423
2023-05-10,14,67,0.84945433964397
2023-02-26,7,55,0.10087656468628747
2023-05-21,6,19,0.3103167868135137
2023-09-15,24,49,0.8012684485161353
2023-08-12,20,123,0.6760889674841812
2023-11-06,10,93,0.8514040833685709
2023-04-23,22,192,0.2675940833357211
2023-09-24,6,80,0.8573631042434584
2023-01-14,23,174,0.6574947377122738
2023-07-04,21,46,0.34780100644862266
2023-03-14,12,66,0.4226315824368492
2023-03-28,21,33,0.6565487404670363
2023-05-16,21,135,0.6310057892354052
2023-11-24,12,149,0.446762933640237
2023-11-18,25,40,0.5321779477330735
2023-10-26,23,25,0.8581413188918293
2023-05-25,12,184,0.8439508648284615
2023-10-19,16,137,0.15092383319764935
2023-11-12,24,188,0.9341973134712769
2023-04-19,12,170,0.2712795695539929
2023-11-14,21,87,0.12486237890343588
2023-01-19,12,150,0.9912554717553618
2023-02-17,8,63,0.06725650220076196
2023-07-08,17,165,0.4756961516767595
2023-03-01,13,119,0.5017978682383438
2023-05-14,5,97,0.7508425098865789
2023-03-18,12,52,0.2493439767729133
2023-08-25,14,89,0.8321835253788032
2023-08-22,6,191,0.03820822836641902
2023-08-27,19,153,0.20879924096530855
2023-04-10,18,67,0.4301962555612988
2023-09-06,20,156,0.5113168774740009
2023-11-30,11,153,0.6853698482531887
2023-08-03,14,144,0.6377339508423437
2023-03-26,7,187,0.7863219317079957
2023-08-04,13,20,0.27590132461756167
2023-07-21,14,2,0.9348771373271145
2023-08-09,16,37,0.08979491431244668
2023-08-30,15,198,0.6925750391091164
2023-09-29,19,127,0.5592961864418563
2023-03-17,1,163,0.8076187723216645
2023-03-17,1,111,0.37131354796093485
2023-07-04,9,62,0.1493158236716322
2023-02-17,6,136,0.888046171579813
2023-10-09,17,65,0.35126468972430813
2023-10-09,6,59,0.1391570188369352
2023-06-18,5,79,0.17494016980477134
2023-03-16,18,170,0.521264637265888
2023-08-31,12,100,0.6379667931471503
2023-09-21,9,142,0.469901308493497
2023-11-03,2,145,0.5964082682264891
2023-07-11,8,73,0.5422886343175827
2023-05-30,15,141,0.8981772331884794
2023-11-16,5,72,0.17255925996761823
2023-10-01,17,37,0.16084517642537866
2023-11-14,4,104,0.3921609846471039
2023-05-05,10,122,0.18087923239778414
2023-07-22,4,121,0.9558131593068655
2023-04-01,19,10,0.6432963519549917
2023-11-19,16,99,0.7590358716035873
2023-11-11,14,174,0.21322246037339143
2023-10-29,6,37,0.2026551414435711
2023-05-20,19,135,0.5400713557472232
2023-11-05,24,57,0.36135024938554283
2023-04-02,20,99,0.6414194746658507
2023-07-01,8,77,0.4575520265609443
2023-01-31,21,2,0.5996455654139925
2023-08-02,20,8,0.2940549888687929
2023-11-10,16,1,0.3883823141380388
2023-06-21,23,88,0.256496380756001
2023-10-26,15,90,0.6701690757232024
2023-05-04,8,101,0.48409033398926415
2023-12-29,1,152,0.5898717975736381
2023-06-11,22,1,0.7003147210746685
2023-01-29,3,67,0.43063969157667603
2023-05-29,9,102,0.9805537283594836
2023-11-06,19,135,0.3273623032654833
2023-05-26,10,50,0.1630603522911025
2023-05-30,11,195,0.2014313412065709
2023-11-05,20,75,0.5551969229726909
2023-01-29,2,161,0.5029345954130617
2023-09-20,12,52,0.14460088833899287
2023-02-28,2,163,0.9452219046875234
2023-08-08,21,109,0.5554934291166327
2023-07-11,8,65,0.36599240616059836
2023-12-09,2,167,0.2711781687511582
2023-07-15,18,103,0.5172453547112643
2023-05-02,8,146,0.6282186015881669
2023-05-26,23,192,0.5219730457581554
2023-03-29,25,193,0.7543122099843802
2023-10-21,9,13,0.9784734792895297
2023-09-02,13,109,0.29497436896114704
2023-06-30,16,2,0.6727728896371538
2023-02-15,14,56,0.31635596619702977
2023-06-27,15,126,0.8995058637677564
2023-08-19,2,30,0.40664786581833434
2023-08-01,6,60,0.2820583866763441
2023-02-18,13,118,0.5541884419452595
2023-11-19,23,197,0.36114686162031573
2023-01-05,21,175,0.9662858529142171
2023-09-11,19,171,0.7181985598527487
2023-12-19,15,179,0.3605375745006979
2023-08-08,12,197,0.8032876616372865
2023-01-24,19,164,0.061781674446777624
2023-11-05,19,108,0.791476373317047
2023-04-25,11,85,0.29802518112085963
2023-11-27,1,70,0.8349832517867349
2023-12-06,5,106,0.25366217714569295
2023-10-03,5,123,0.5000264396063282
2023-10-01,3,128,0.2786299251577332
2023-02-02,4,161,0.8178675083159973
2023-08-19,25,134,0.6697336533316336
2023-10-10,20,25,0.9368016942652829
2023-01-17,16,70,0.8852685408957035
2023-05-17,18,143,0.6992613143607035
2023-09-30,12,165,0.1505853244552705
2023-01-08,18,117,0.14395361648888894
2023-02-23,4,45,0.691661894062
2023-01-03,14,17,0.9067723411382571
2023-01-12,17,9,0.33942703757821724
2023-03-05,1,102,0.5548350568129304
2023-07-07,25,118,0.9865797457088239
2023-10-06,12,136,0.02368637559293396
2023-01-14,25,185,0.8356818238605003
2023-07-10,5,159,0.3939565153707002
2023-10-08,4,17,0.7264627071237052
2023-12-14,24,45,0.3827360468300115
2023-08-28,22,184,0.9917928242426588
2023-10-10,15,71,0.7156839362829464
2023-03-28,23,78,0.6126927808032244
2023-08-02,6,30,0.3381479397206886
2023-10-17,20,93,0.04731745683045818
2023-12-14,1,22,0.8946930303165274
2023-06-13,19,40,0.5365720509392208
2023-07-27,3,27,0.35876081297849394
2023-11-15,9,113,0.329978883428345
2023-07-06,10,127,0.7286206269762452
2023-03-09,22,27,0.029410741294962572
2023-04-30,17,108,0.6160666352880748
2023-02-18,17,10,0.5906971392862571
2023-07-18,1,55,0.5569027959229813
2023-08-07,11,92,0.5970468845140983
2023-07-19,4,62,0.8088723727840064
2023-12-07,5,124,0.74107159763221
2023-08-17,7,117,0.19816562332409948
2023-01-17,2,141,0.6865608040427499
2023-10-28,1,57,0.189679192222741
2023-08-16,3,83,0.9279550744989125
2023-02-06,20,91,0.09800977093711816
2023-10-31,12,18,0.8983374415319175
2023-08-23,21,54,0.8430589085585793
2023-05-12,6,125,0.7967327568803028
2023-01-02,9,85,0.8996051400875834
2023-07-20,19,63,0.38835037078454304
2023-12-04,16,112,0.5308853524640238
2023-02-09,24,192,0.36357314568176546
2023-03-24,24,51,0.7254215894300229
2023-04-16,22,200,0.8767934644228487
2023-01-06,4,67,0.7601508171615018
2023-11-24,11,34,0.9281681269929493
2023-03-18,20,84,0.8349893193567958
2023-08-04,1,60,0.9497451735538739
2023-02-22,5,82,0.1936784991280035
2023-04-21,20,186,0.254466036001212
2023-07-02,7,156,0.11143732968365416
2023-02-06,23,136,0.8974754324415055
2023-07-13,18,27,0.8986743705185667
2023-01-06,22,98,0.4236931986746746
2023-04-03,7,134,0.6997181283982103
2023-08-11,12,165,0.7630762305358539
2023-04-15,23,194,0.433820249617075
2023-03-04,10,130,0.9584493908469285
2023-01-16,16,24,0.29444929122725283
2023-11-21,20,115,0.5244348592943063
2023-12-10,6,44,0.5648937821093466
2023-09-14,9,26,0.07949845967402913
2023-01-24,14,120,0.7593886312317507
2023-10-24,22,112,0.5978885317375437
2023-07-13,19,64,0.7640841571864138
2023-10-01,21,29,0.6656528195217232
2023-11-20,22,181,0.45251463073507514
2023-07-15,15,22,0.0754400304404792
2023-12-29,19,123,0.406954182040977
2023-12-05,12,122,0.19072648361804145
2023-07-22,13,42,0.5105481256755929
2023-10-27,9,102,0.4315866233312039
2023-12-31,5,98,0.7957174299889903
2023-04-18,7,134,0.42294359023549344
2023-05-28,3,168,0.7106654654054808
2023-12-17,18,23,0.35152461937793134
2023-08-07,1,170,0.18497631323047325
2023-01-08,10,23,0.9012829240268475
2023-10-21,15,7,0.6210284473125848
2023-07-15,11,75,0.0995034697536572
2023-09-24,12,146,0.70931035885179
2023-12-17,7,39,0.9284100010648517
2023-11-17,20,92,0.38013254878655167
2023-02-03,7,134,0.26086527372852264
2023-09-19,23,170,0.8070318769583369
2023-08-24,10,149,0.6412379960241958
2023-10-21,13,129,0.33554617567247147
2023-04-25,19,115,0.0018851901693059947
2023-04-20,1,24,0.17416072085194623
2023-08-30,9,183,0.523708161034101
2023-10-29,14,50,0.3741518545909849
2023-06-25,7,38,0.1318719223591701
2023-08-28,24,10,0.4616944068208575
2023-01-01,24,25,0.5095677997767087
2023-11-07,20,49,0.9605002520452662
2023-12-18,11,33,0.010378848177647892
2023-07-14,16,81,0.7628851719677235
2023-04-26,19,157,0.1571758344088774
2023-07-15,2,122,0.49124623924543287
2023-02-11,9,54,0.5996918075758907
2023-08-05,17,100,0.5574020352155187
2023-07-09,8,81,0.5629901491202985
2023-03-20,6,170,0.8756686557686134
2023-04-02,12,20,0.30809629077264367
2023-10-12,3,147,0.24609652501086676
2023-06-01,17,148,0.2630102018880617
2023-02-01,18,99,0.5402696228410934
2023-03-17,19,78,0.4440731520771155
2023-06-21,8,137,0.3332778807659188
2023-08-16,3,161,0.124141255898648
2023-07-02,14,154,0.7569902060776555
2023-08-17,11,124,0.2811367809026214
2023-12-10,6,16,0.5078268638554695
2023-10-09,6,43,0.31368439863021247
2023-02-24,16,165,0.4029255004417456
2023-05-02,6,182,0.06910001147280675
2023-01-27,6,24,0.914980260907395
2023-03-12,13,199,0.7448102883979046
2023-02-26,10,96,0.8742375197677963
2023-10-20,4,8,0.13094558234261233
2023-09-27,9,141,0.019520645270535764
2023-04-03,5,106,0.5182376102544495
2023-10-08,25,189,0.6102868507703165
2023-03-19,25,150,0.8789628200936073
2023-04-11,9,22,0.15961365253253423
2023-04-20,7,38,0.2919614003396166
2023-10-31,25,195,0.7256493856966313
2023-08-21,22,187,0.01935392065892949
2023-10-05,17,33,0.4302892270239219
2023-08-05,21,105,0.8416134240613355
2023-05-07,13,67,0.7122674907140056
2023-12-20,1,33,0.5292175991791889
2023-10-05,11,46,0.2799713513297333
2023-05-06,25,152,0.3811548971193822
2023-07-23,3,132,0.1594322771637109
2023-10-04,1,115,0.6946619714740844
2023-03-31,9,155,0.2889121582500197
2023-12-07,3,192,0.2304721657993275
2023-10-11,23,60,0.5825822344467996
2023-02-04,2,63,0.47868621453068794
2023-01-18,9,131,0.6076807089074319
2023-02-07,19,167,0.9797468982312574
2023-12-29,4,166,0.3739986856445382
2023-08-06,14,172,0.13075907540381548
2023-05-28,14,115,0.419410945627137
2023-10-13,8,51,0.6613106061071279
2023-06-16,23,123,0.6850024090451903
2023-03-16,4,83,0.5042164492378688
2023-01-19,21,167,0.4591481459456308
2023-05-10,19,162,0.2692931820648182
2023-05-06,9,131,0.9742699364090539
2023-06-27,5,189,0.037368994858911875
2023-05-08,9,107,0.8046300371138433
2023-08-26,16,195,0.5382169112851299
2023-11-29,4,111,0.6811646098603497
2023-01-05,2,175,0.9193967946934817
2023-07-05,7,126,0.038881916264172034
2023-01-11,3,21,0.7420082798281554
2023-04-04,8,140,0.6122508543396479
2023-03-05,19,126,0.7168714311813296
2023-05-13,5,105,0.7213899828899417
2023-08-31,12,10,0.8395711128119019
2023-08-21,17,72,0.3432799956420741
2023-12-12,25,135,0.20418712939285288
2023-03-01,13,187,0.5269144165754035
2023-12-27,3,115,0.5015490759113279
2023-03-17,7,107,0.3580493035127116
2023-11-22,3,155,0.9745994848396864
2023-12-30,9,155,0.017289222183165642
2023-06-23,5,90,0.7959893555997546
2023-09-03,11,185,0.29657859578362167
2023-12-20,2,138,0.18757480529075043
2023-12-24,8,172,0.8477961277419948
2023-09-23,13,40,0.7218240551514015
2023-05-28,5,27,0.16086824344486783
2023-08-11,14,13,0.6136520220010634
2023-12-04,4,173,0.3250883326909475
2023-12-12,18,65,0.2216601097983174
2023-07-19,19,48,0.287692240221466
2023-03-15,23,35,0.008335354404826245
2023-10-05,14,3,0.27703186411146186
2023-03-09,21,40,0.01850990145879927
2023-04-19,14,72,0.93743665453418
2023-03-29,23,119,0.3565392721840007
2023-09-26,15,30,0.2511300318470179
2023-02-26,25,93,0.4847931973264473
2023-03-05,23,197,0.5525534277792793
2023-06-09,19,56,0.5545531660762599
2023-08-08,19,83,0.051881937903232145
2023-12-06,17,118,0.3752375920304484
2023-01-18,19,70,0.5561052521186721
2023-10-08,12,191,0.055702408899802824
2023-04-22,19,132,0.7359846763259112
2023-02-18,23,98,0.4530739593597102
2023-12-22,16,76,0.09578807833689285
2023-03-17,20,171,0.4540927723903114
2023-10-13,20,46,0.6920420160233041
2023-10-19,24,32,0.2364602926002427
2023-12-14,8,154,0.153678325634373
2023-12-11,20,92,0.5200579705466725
2023-11-05,24,42,0.6557456823497239
2023-01-27,20,193,0.11198669308791154
2023-12-17,17,127,0.8113877681111716
2023-07-15,23,132,0.7611474679862436
2023-12-11,11,90,0.18277577886817264
2023-11-29,6,115,0.0009353637790329161
2023-03-03,25,160,0.554202867165431
2023-05-15,15,188,0.0779537779174424
2023-12-01,24,89,0.776988181390736
2023-04-19,16,18,0.41251305777171177
2023-12-17,3,91,0.1199153804446722
2023-01-29,25,41,0.09612480618475916
2023-12-28,19,106,0.469752704025599
2023-05-22,19,120,0.6782126064067378
2023-10-21,8,52,0.6825537897563736
2023-03-21,5,153,0.2961916000926649
2023-02-22,3,96,0.18526077575950406
2023-02-23,17,190,0.04178464323666686
2023-12-29,8,154,0.2064976098939857
2023-10-10,3,133,0.8778796278938641
2023-10-19,18,47,0.2150552587355865
2023-04-21,1,94,0.23317242418963513
2023-06-22,9,127,0.018110313277113654
2023-04-14,19,91,0.64084110923892
2023-05-28,23,200,0.6904825571172074
2023-09-10,9,13,0.9098869277465459
2023-12-09,14,25,0.34432929107284915
2023-02-07,13,79,0.46450040477014387
2023-05-09,23,83,0.10941907281629892
2023-01-02,20,143,0.685150573148784
2023-08-17,12,63,0.424198248112738
2023-09-19,18,166,0.04513775694934308
2023-11-17,24,58,0.309478442562796
2023-07-02,20,71,0.2580586124469495
2023-04-24,9,186,0.6879909436513412
2023-01-11,17,82,0.8133794390063436
2023-06-14,2,159,0.03350292176218672
2023-12-14,23,127,0.851162404264166
2023-10-08,13,178,0.8547106232344924
2023-09-22,23,197,0.5154581323647319
2023-03-21,22,180,0.7868532102095458
2023-02-21,6,143,0.2152021865237883
2023-04-12,4,122,0.4105143406095031
2023-05-05,23,19,0.5498971890127221
2023-10-09,24,167,0.5416633158720421
2023-05-25,14,186,0.6297857544020569
2023-09-17,23,113,0.7118398560647473
2023-07-02,22,61,0.22233481211929418
2023-12-14,8,102,0.23956445725711728
2023-07-23,21,138,0.831136489279555
2023-08-30,17,18,0.8188066454986598
2023-06-13,7,178,0.09135856439061973
2023-12-18,23,84,0.2465871704239916
2023-09-04,16,31,0.980416559961225
2023-05-17,17,50,0.11223044708250918
2023-03-02,9,12,0.6421991728658559
2023-08-14,12,30,0.2683211441935115
2023-07-05,25,200,0.707191449440251
2023-10-07,3,50,0.6522236694756085
2023-01-29,1,27,0.49816870430924054
2023-02-16,12,112,0.11655740470612308
2023-03-17,25,63,0.8513678138487772
2023-04-26,1,11,0.3144387210480192
2023-08-07,15,82,0.7761768417154016
2023-12-12,24,45,0.35589116001251664
2023-10-10,14,13,0.9190846715809075
2023-06-06,8,84,0.8318979699012045
2023-06-15,4,83,0.09255983824146796
2023-01-19,23,52,0.6143736973111823
2023-05-18,6,134,0.10837595017963608
2023-09-07,5,150,0.48743981219867893
2023-08-04,24,126,0.4749438173757541
2023-10-26,15,93,0.19312557082497706
2023-07-21,18,155,0.8438601631485411
2023-12-26,15,77,0.3985321074973245
2023-12-19,16,129,0.94168168345927
2023-06-30,24,98,0.5204774216986714
2023-05-08,15,187,0.5608301870024741
2023-12-01,13,100,0.9985133729162988
2023-06-09,21,185,0.25482510613366627
2023-04-03,6,100,0.6879646662415596
2023-02-12,11,137,0.22831415757948126
2023-01-24,19,104,0.9000364961077912
2023-01-12,13,79,0.45607764353333835
2023-05-23,2,66,0.34949233753411724
2023-06-12,12,106,0.9695177147205443
2023-11-14,17,41,0.9922745114987254
2023-08-13,17,110,0.3371615023075012
2023-06-27,15,161,0.1723574665533213
2023-10-28,11,197,0.9492853917136914
2023-05-30,1,150,0.30554855617047727
2023-06-28,4,173,0.30845074296459385
2023-01-04,10,162,0.6506364054139485
2023-08-23,12,193,0.6941716351096823
2023-08-09,20,44,0.9790014138642809
2023-08-07,22,12,0.8691987718457715
2023-12-13,9,30,0.9146774853768285
2023-01-16,7,24,0.846246535792194
2023-05-16,7,107,0.8243217956560076
2023-12-12,1,94,0.8435132835035732
2023-06-13,5,102,0.6461104996418217
2023-12-22,15,79,0.5418813189516204
2023-10-01,6,159,0.8972952511620039
2023-11-30,19,17,0.38316744570977634
2023-05-10,22,4,0.8219084524365523
2023-12-30,7,178,0.36998907143422965
2023-09-27,18,19,0.08603737773765052
2023-04-07,11,54,0.9863918009919976
2023-06-29,14,11,0.6632356779543102
2023-06-12,11,43,0.8433706715360305
2023-08-29,25,169,0.19075415676996632
2023-11-20,7,126,0.9972555897928724
2023-08-02,3,76,0.692151094853067
2023-10-28,15,34,0.5887717219627205
2023-12-09,8,8,0.05080462282472431
2023-03-19,18,96,0.2505888094785501
2023-03-03,21,102,0.48743595051436595
2023-02-21,23,19,0.9981239059116782
2023-05-19,13,34,0.44630320832023596
2023-04-28,14,84,0.4090687093210146
2023-12-15,14,133,0.9701629657224657
2023-07-19,1,94,0.1888272659763851
2023-08-27,21,49,0.7498252744225432
2023-09-21,22,27,0.5135729852596732
2023-10-24,16,5,0.6621797414095475
2023-10-19,21,47,0.5392082396390313
2023-11-14,2,181,0.8029717196517507
2023-10-18,14,31,0.7701679318041053
2023-05-17,23,58,0.41532154687509015
2023-09-01,24,193,0.6717984824290953
2023-06-20,7,84,0.509272285319722
2023-12-18,21,49,0.18707155317989732
2023-06-26,2,24,0.8338833896947332
2023-08-22,16,179,0.7205677636058948
2023-03-19,15,29,0.04054639726426146
2023-11-16,22,16,0.2707971226926319
2023-02-11,15,15,0.2601804422689652
2023-03-27,19,31,0.3607544417306535
2023-07-15,22,70,0.22076773335646938
2023-12-23,21,163,0.21056997244120357
2023-06-22,6,149,0.8692590971990445
2023-09-15,17,149,0.27827810758028304
2023-06-23,2,147,0.7197460446938593
2023-06-21,8,37,0.45787364970149347
2023-02-19,2,33,0.4676187008056256
2023-05-10,1,7,0.14246080537636008
2023-04-22,21,22,0.5013544389216471
2023-01-25,20,100,0.8282006727041878
2023-08-18,8,131,0.2784436142647535
2023-07-01,8,193,0.9832011023781858
2023-07-26,6,6,0.018775023675777436
2023-04-13,2,83,0.9017668570846815
2023-02-07,2,91,0.3295255737673939
2023-04-04,2,61,0.7023258902651779
2023-11-12,12,200,0.5540295581038259
2023-10-04,24,198,0.582821075401739
2023-07-29,22,78,0.6134476743708199
2023-04-10,13,102,0.10409973928325389
2023-03-11,6,92,0.6053564282913122
2023-01-31,1,189,0.780760420479545
2023-04-05,1,24,0.5745724043562077
2023-11-29,8,193,0.23625989144157145
2023-08-03,17,32,0.3681000533867802
2023-06-26,17,129,0.3778058541730416
2023-08-24,21,76,0.96273111041293
2023-01-22,5,162,0.6198707560310881
2023-10-27,4,145,0.7676387517416337
2023-10-06,14,17,0.3925520124142773
2023-11-14,7,170,0.36720693282349415
2023-11-27,9,31,0.5955637937359322
2023-07-18,7,178,0.7932461281440862
2023-07-19,22,70,0.08101382402382895
2023-12-27,3,196,0.5440032415302277
2023-10-15,18,194,0.23350251461903326
2023-06-18,23,49,0.23882078734276535
2023-10-11,18,121,0.7499639222877097
2023-08-09,12,162,0.8288503161803861
2023-11-16,16,159,0.41228318782953366
2023-05-18,18,187,0.10166534859107179
2023-09-06,25,147,0.09931871916938972
2023-04-22,21,81,0.9742711414732093
2023-09-19,18,126,0.20552567263713495
2023-10-17,25,118,0.931161255305932
2023-07-30,12,57,0.8168657059563411
2023-05-01,10,139,0.3781439810653838
2023-08-12,13,82,0.10797861282740817
2023-11-20,2,101,0.24173564351203014
2023-03-07,13,65,0.24035129387181364
2023-10-06,17,62,0.3064540463444193
2023-08-27,18,175,0.09398214412186467
2023-03-07,14,191,0.15906487589897722
2023-09-30,11,8,0.2616506009741215
2023-08-05,14,50,0.5742725331779237
2023-08-23,16,186,0.3266719228214414
2023-06-05,3,93,0.11374905321687456
2023-02-25,15,50,0.25027501067047186
2023-01-02,25,129,0.2309047762048695
2023-12-31,14,113,0.11125584922969567
2023-09-23,4,178,0.8991358993638913
2023-12-25,12,109,0.7846160299010231
2023-07-20,12,2,0.007629856668743384
2023-12-04,12,81,0.8052006175719204
2023-07-17,24,175,0.6173818044773297
2023-03-30,21,41,0.12702797254381282
2023-09-26,17,157,0.13478702048863733
2023-04-01,9,159,0.03963201139130723
2023-07-01,2,30,0.6574823546414802
2023-08-25,11,162,0.05461931176484869
2023-01-19,6,158,0.9728067283741103
2023-09-26,16,153,0.7226046382804556
2023-02-02,25,103,0.1807115035952498
2023-08-26,24,11,0.4027666019977989
2023-07-09,17,9,0.9852257036965237
2023-08-07,3,83,0.674315702427709
2023-05-31,2,24,0.35483317500557143
2023-07-28,25,57,0.9145464069727686
2023-04-17,19,8,0.5209825739455889
2023-09-10,14,118,0.97247072423895
2023-10-08,3,145,0.38290260456464
2023-01-05,7,200,0.8910838222940591
2023-08-25,15,37,0.1981913520738
2023-07-19,6,101,0.25498875335699733
2023-01-28,21,123,0.2033241470715219
2023-05-22,10,178,0.9987638326101803
2023-10-24,25,144,0.1565554951126793
2023-10-26,12,162,0.9774019398425584
2023-10-20,13,133,0.7441254942532088
2023-11-02,12,61,0.5749312134188387
2023-03-04,8,39,0.11910990896244067
2023-03-17,9,174,0.1634059400157274
2023-01-26,17,15,0.38482796873641745
2023-05-24,13,126,0.7372494892383589
2023-09-18,20,171,0.8157349620148889
2023-05-04,13,36,0.866994665738614
2023-04-10,12,106,0.41233016108587406
2023-04-21,1,131,0.6906045324698753
2023-10-05,5,156,0.43917020038907195
2023-09-07,4,19,0.17197416815820354
2023-12-09,18,195,0.051159141660397034
2023-03-02,5,87,0.8206208701136832
2023-07-23,16,114,0.06888522082715687
2023-12-30,23,139,0.32110789503835846
2023-01-21,16,141,0.31584508460861294
2023-09-26,7,143,0.6248708521970213
2023-02-24,25,124,0.6858064885156547
2023-12-10,14,66,0.6701036910017515
2023-06-21,6,65,0.2561114571070813
2023-10-30,12,14,0.4231568402867133
2023-05-10,18,16,0.5760587408143072
2023-11-25,20,113,0.17719764694483908
2023-01-12,24,146,0.9989159181412637
2023-08-20,23,118,0.9775783910298019
2023-07-01,20,89,0.40878275861348945
2023-10-12,11,157,0.049742857184871925
2023-10-20,21,85,0.3389044833897088
2023-05-18,18,191,0.7174404243319173
2023-03-08,8,57,0.45274330010830455
2023-11-13,1,78,0.3963395414952171
2023-08-06,8,116,0.48369705850603306
2023-02-09,18,114,0.39065956765619936
2023-05-04,19,170,0.28234939577860585
2023-06-07,25,139,0.2525898617977538
2023-04-14,4,75,0.1703178062981795
2023-11-05,16,138,0.47031805571388063
2023-01-16,15,56,0.2935826228730415
2023-03-06,20,124,0.8719173260618328
2023-05-09,16,163,0.7723980457530498
2023-10-21,1,104,0.6204623109276804
2023-10-10,19,112,0.33942962297748536
2023-07-16,12,75,0.0840730274280419
2023-03-22,8,188,0.8598265632910547
2023-03-28,2,142,0.35044256209453073
2023-02-11,17,178,0.775936195946773
2023-02-24,11,118,0.02665707322647104
2023-05-26,24,38,0.03719074206462292
2023-04-12,3,151,0.3365762850512045
2023-07-28,4,79,0.7149447192193138
2023-12-26,14,3,0.5740264666226217
2023-03-17,14,116,0.7860911443296336
2023-04-16,7,69,0.44030698890625775
2023-02-16,1,174,0.34498066299046215
2023-07-31,7,7,0.5963068368418282
2023-01-11,11,112,0.7537748460187058
2023-11-11,24,198,0.7474425662710769
2023-07-22,2,66,0.5348315485116348
2023-09-30,23,96,0.3350561182439574
2023-06-10,21,1,0.24253832678896292
2023-04-13,25,175,0.04082283975635703
2023-01-20,5,158,0.3999891605991117
2023-11-06,2,108,0.8222649716938429
2023-12-25,3,81,0.9125140537764381
2023-12-25,23,18,0.8611078015802924
2023-02-18,2,182,0.44066448067612607
2023-10-04,6,31,0.9568679640324066
2023-04-25,17,62,0.5615068791549255
2023-08-29,8,195,0.17399930587039114
2023-12-24,13,104,0.30993833831689455
2023-12-21,20,177,0.07991265604318509
2023-09-04,18,151,0.004840935122558454
2023-02-27,17,6,0.498250052393596
2023-07-25,16,74,0.48957205351195765
2023-05-27,11,178,0.8121216093244067
2023-11-07,2,7,0.32720145637611797
2023-09-16,15,124,0.02806839583786591
2023-10-23,9,160,0.1774187444365949
2023-07-11,9,19,0.2612995949502932
2023-05-06,16,71,0.8557776100211388
2023-11-19,25,138,0.48762398749758273
2023-05-18,21,145,0.7545081031998128
2023-12-06,23,196,0.8449960531659715
2023-10-03,12,38,0.9543034164131246
2023-04-05,6,192,0.5796904680674925
2023-07-27,22,60,0.7905119356936956
2023-04-15,22,20,0.2899225061477516
2023-02-16,22,161,0.9303614251849998
2023-02-27,12,146,0.3961803514970099
2023-02-14,5,138,0.49359723617756945
2023-07-19,13,129,0.05470714918880992
2023-04-09,24,25,0.8109939158623115
2023-08-25,21,60,0.6692602392453206
2023-10-25,21,146,0.9236732348820701
2023-01-18,10,39,0.5888553247947298
2023-04-29,15,128,0.1427296089236335
2023-05-27,16,190,0.9922398321120947
2023-05-01,16,179,0.17443374608009976
2023-08-28,4,110,0.22161335080292044
2023-04-30,17,104,0.2333471458932035
2023-01-14,9,44,0.4631995617187944
2023-02-27,4,71,0.19701207504328166
2023-02-24,25,171,0.7422386150937639
2023-08-16,7,167,0.18007532543568738
2023-05-03,20,102,0.1743091475061206
2023-10-10,2,150,0.7152403804500702
2023-12-21,21,65,0.8602273474887665
2023-07-14,17,2,0.7610470952823688
2023-09-09,1,14,0.7372826427814628
2023-05-24,23,141,0.9334849339634997
2023-09-27,12,30,0.08738013558683488
2023-01-04,23,32,0.3790042453552456
2023-02-01,19,31,0.21060073299332538
2023-05-17,25,34,0.45888777835302996
2023-04-12,3,91,0.8036108226688384
2023-01-10,18,107,0.511020870678789
2023-10-15,16,183,0.9337907101999372
2023-02-27,5,191,0.5952203022772244
2023-01-21,6,57,0.8614974383940585
2023-01-19,20,39,0.6565890245880541
2023-02-26,10,174,0.8889196321116533
2023-11-15,19,159,0.9732831835198149
2023-06-15,14,135,0.7539827053338563
2023-10-27,9,26,0.0435360454806919
2023-11-19,14,76,0.6776529813283442
2023-12-15,24,178,0.49748746934387844
2023-03-28,24,22,0.7674881390648463
2023-12-20,11,109,0.9667604683486486
2023-12-29,4,198,0.04889647033825295
2023-06-11,9,97,0.43969183757008556
2023-07-16,6,73,0.042902345615904336
2023-03-21,1,163,0.5065323777340716
2023-04-17,23,139,0.5292726144771389
2023-08-18,8,191,0.8169547497351345
2023-11-05,9,3,0.12699224741966642
2023-12-25,18,46,0.428972219424254
2023-08-14,10,169,0.7111524321591405
2023-12-30,20,151,0.8047710543887671
2023-08-27,7,46,0.23325200758665754
2023-02-25,23,39,0.17594510557227927
2023-12-26,11,12,0.5448646627297501
2023-12-20,10,123,0.7211914667384209
2023-06-08,11,63,0.26711820500328787
2023-03-02,24,150,0.7239271009684348
2023-02-10,4,30,0.17446280571758932
2023-03-08,7,90,0.11626555512585068
2023-07-25,4,15,0.8069628013603589
2023-06-16,9,41,0.3019655305720139
2023-05-02,13,175,0.3784919956058098
2023-11-12,20,36,0.036535577707551226
2023-09-18,4,143,0.608968658131125
2023-04-20,10,137,0.11144505347366562
2023-06-03,5,125,0.0688556078734276
2023-01-16,4,53,0.8889380554139806
2023-07-02,17,1,0.782143947979043
2023-11-08,8,11,0.27357140482405584
2023-07-07,2,60,0.7888828441594373
2023-04-04,1,39,0.8539896398478031
2023-09-20,8,41,0.00706232800667117
2023-08-13,19,21,0.7182827044559212
2023-05-10,13,146,0.7080878889703636
2023-02-25,24,123,0.19390489715935622
2023-11-16,25,24,0.3612956827695035
2023-02-10,10,156,0.5729631796866583
2023-12-05,22,117,0.6688895299917104
2023-05-14,25,166,0.4052063376916484
2023-04-11,7,42,0.1528875790176346
2023-09-05,10,121,0.31010679504576955
2023-03-14,25,130,0.42390214150563377
2023-04-27,8,94,0.20934358161475353
2023-11-08,2,129,0.7347172425172194
2023-08-18,14,109,0.35371318627892534
2023-03-27,18,30,0.6421370411474921
2023-03-03,19,24,0.4041872169124501
2023-09-14,25,108,0.04526888509630578
2023-01-14,15,130,0.1416883136540551
2023-09-24,22,55,0.8668115253996677
2023-04-27,21,129,0.745006914356443
2023-08-07,8,25,0.8939159680085513
2023-11-19,20,172,0.0218765960998607
2023-03-17,16,96,0.6512534806668807
2023-04-13,2,160,0.6877301870489592
2023-08-24,1,141,0.060514280619894056
2023-08-07,25,167,0.40637148980276305
2023-03-22,5,148,0.5211240363874163
2023-11-08,5,138,0.3343559695316959
2023-06-29,25,106,0.566891203680527
2023-01-02,1,152,0.1458570987089307
2023-03-28,3,187,0.15762105964761908
2023-10-06,25,71,0.4864348585482452
2023-09-20,1,121,0.7719940233529252
2023-12-03,17,87,0.7732910743992281
2023-12-12,24,101,0.25055436376817886
2023-03-04,21,46,0.08589889279217444
2023-05-15,18,62,0.5002641597087174
2023-04-10,16,48,0.07181445497804806
2023-08-07,1,121,0.5440907332287742
2023-04-23,20,141,0.747570756106607
2023-03-18,23,163,0.03487341593840443
2023-08-24,8,8,0.2728819047458624
2023-08-13,10,157,0.6910231329731056
2023-02-14,18,98,0.48488533587228366
2023-02-12,14,166,0.17256106663257775
2023-08-06,9,106,0.5774358737607912
2023-03-31,10,110,0.07054038273424224
2023-02-06,16,183,0.08923460371439673
2023-03-21,5,86,0.23446624746291111
2023-11-29,11,188,0.6245570261729537
2023-08-07,23,27,0.24884107978962844
2023-06-21,6,103,0.30768579598475776
2023-04-08,1,111,0.6427332187584324
2023-06-15,3,41,0.14151722772617137
2023-08-04,9,123,0.1343898222130957
2023-05-18,4,107,0.6111811382051809
2023-06-27,6,89,0.26360651236747257
2023-05-18,21,37,0.7259878004574208
2023-02-05,18,197,0.7813185983846961
2023-10-17,1,66,0.025019198835515066
2023-12-25,5,92,0.22288140679097634
2023-03-12,2,13,0.7887463242687335
2023-07-11,13,159,0.4229584199104982
2023-04-07,4,183,0.016656789043889564
2023-03-25,15,50,0.2584460098463236
2023-08-24,4,46,0.5601991334013511
2023-10-04,22,41,0.1630035328268754
2023-12-23,23,99,0.11684534216832276
2023-09-12,25,146,0.21622581583258516
2023-01-05,2,19,0.28959301078269317
2023-05-30,8,83,0.2709853114781994
2023-06-07,25,78,0.12538889675751042
2023-12-03,15,114,0.4503036708268511
2023-01-08,5,27,0.7272787899441423
2023-08-17,9,152,0.47415731513100223
2023-08-28,11,2,0.9448652874852952
2023-09-26,16,50,0.8360393365340308
2023-05-12,18,108,0.7204563116035606
2023-04-22,23,75,0.5816460032456493
2023-04-06,5,129,0.7228173528005897
2023-12-26,5,14,0.3644954554606755
2023-04-14,8,161,0.6189121872689534
2023-10-18,16,107,0.2499503529854018
2023-08-14,11,89,0.7460644824837751
2023-12-06,13,135,0.6398955680355705
2023-01-05,22,88,0.035269283296895826
2023-04-19,4,72,0.8933207298648469
2023-08-07,18,91,0.5876546982075767
2023-07-26,16,182,0.11572358291566176
2023-10-22,5,99,0.3652367331728166
2023-08-26,6,105,0.5966632756273003
2023-12-21,2,111,0.4680537104850624
2023-08-19,21,63,0.33428904582780217
2023-03-19,6,164,0.5662594480492504
2023-04-25,12,66,0.6257125056638876
2023-12-14,12,197,0.8959378490090029
2023-12-18,11,94,0.06453158661979586
2023-01-10,14,38,0.7967633982158033
2023-02-22,11,9,0.6377895041236038
2023-11-29,17,56,0.9633392119538959
2023-09-28,7,130,0.6091411169156726
2023-07-23,18,156,0.7121305795809161
2023-06-04,17,56,0.18668902968133938
2023-11-09,21,27,0.9810416379519455
2023-06-11,19,76,0.6617533459330566
2023-09-15,24,79,0.6164236039285975
2023-08-22,11,12,0.31367356846872163
2023-07-13,1,76,0.029187979795850305
2023-05-16,25,167,0.2693451628087107
2023-01-22,25,48,0.6636255973770211
2023-10-21,6,162,0.29081913256916936
2023-08-18,6,61,0.4166535330997687
2023-07-13,7,157,0.2651236763776871
2023-02-14,3,40,0.6088411326204827
2023-04-24,19,160,0.42689528943421273
2023-01-27,2,30,0.8093347746743894
2023-03-02,9,58,0.4707864689131983
2023-04-29,11,162,0.3287131549775234
2023-02-28,2,79,0.5706461016635945
2023-03-20,3,14,0.5234477139517123
2023-07-09,22,87,0.886658055649764
2023-09-23,22,122,0.37267927618266006
2023-04-30,11,25,0.6683646748714538
2023-09-13,3,126,0.142183552232807
2023-05-23,3,125,0.2946209333185016
2023-09-06,22,144,0.726883450020737
2023-11-26,13,175,0.6845520044237952
2023-06-02,16,105,0.20282131154437744
2023-03-06,7,125,0.04810984146063524
2023-03-04,13,161,0.7634845490779841
2023-11-18,4,62,0.7763318542649872
2023-09-13,19,113,0.7299834004483295
2023-06-17,15,28,0.27964735564866294
2023-02-25,11,169,0.7720812677999478
2023-04-19,12,188,0.6717120895562535
2023-09-14,25,25,0.8720279176332145
2023-12-02,4,15,0.9709089977618852
2023-03-02,5,81,0.9126296786613056
2023-09-13,2,49,0.09235734407312979
2023-04-25,12,13,0.7436646231806467
2023-08-24,5,165,0.9512301761026847
2023-03-14,20,45,0.061055340946726266
2023-12-20,25,67,0.9756621666512653
2023-04-23,1,17,0.7335366379068414
2023-04-25,3,170,0.4143900837045328
2023-06-05,24,74,0.5549003471641879
2023-03-12,12,22,0.005819571281378888
2023-12-21,8,92,0.154868941518167
2023-03-06,8,17,0.9638695377349352
2023-04-26,17,177,0.01664387608589779
2023-08-01,4,4,0.83174908212799
2023-06-15,25,172,0.9919816067889176
2023-07-09,11,142,0.1893085803303739
2023-01-03,13,152,0.9596627020569829
2023-05-21,16,144,0.41906404596582536
2023-07-27,17,25,0.9243662396191078
2023-01-05,1,114,0.7561291057850459
2023-12-22,21,51,0.5348778088977089
2023-05-25,5,178,0.8146897428815248
2023-09-23,23,173,0.6862091235101374
2023-07-30,13,34,0.18800009751464974
2023-09-15,4,58,0.3274612300728136
2023-03-03,6,167,0.8309336322710982
2023-02-18,10,126,0.018897256392040873
2023-12-20,14,179,0.8431212767203498
2023-01-29,20,35,0.8444237622406392
2023-02-12,24,112,0.4983783027126104
2023-07-10,17,186,0.18537623795369373
2023-03-14,1,135,0.7607126555695628
2023-02-05,20,182,0.21430225877741227
2023-05-02,18,156,0.08844711209585465
2023-06-11,3,16,0.20461197838012313
2023-09-07,17,52,0.19852909100968297
2023-04-20,6,26,0.5248055546990369
2023-04-15,22,95,0.1012776253519978
2023-08-27,3,55,0.4326437397495141
2023-01-30,21,96,0.2074640101519103
2023-06-02,24,23,0.6198355942653317
2023-04-17,10,20,0.4168941735597571
2023-09-19,19,4,0.5034675912676008
2023-12-09,13,90,0.33401101468352024
2023-03-18,7,169,0.13706838862845094
2023-09-30,13,82,0.2734383763629754
2023-12-24,11,180,0.9481014799173856
2023-11-19,7,5,0.3169958883077463
2023-04-04,20,127,0.8008307183822806
2023-09-30,24,84,0.8278072147925164
2023-03-16,2,10,0.11783159521104136
2023-08-11,15,7,0.25029221033850524
2023-12-15,10,70,0.5853107507400969
2023-10-29,24,74,0.5101337177332311
2023-05-11,1,75,0.24836074581228573
2023-11-16,15,168,0.5114652009232323
2023-07-11,2,34,0.46525780313600895
2023-01-27,23,119,0.8500820154907645
2023-11-12,6,77,0.29616495870501836
2023-10-05,24,99,0.27038479399040793
2023-01-07,9,96,0.2919210351124537
2023-07-25,8,130,0.4068639864287128
2023-04-28,13,100,0.27393199096739884
2023-11-12,21,129,0.1339558581211553
2023-08-03,7,166,0.37242849315950444
2023-10-30,25,53,0.33653833133321487
2023-12-28,13,121,0.5859681255729673
2023-01-14,1,35,0.05551329723563858
2023-12-21,9,157,0.38660007642245886
2023-04-25,25,136,0.3614134640283154
2023-06-20,16,7,0.2624362181724619
2023-06-23,21,43,0.18660913715346084
2023-10-24,19,42,0.6158974163656428
2023-06-03,12,10,0.25970651448458637
2023-10-13,19,130,0.054249343521228566
2023-06-10,10,198,0.6763716191614769
2023-02-14,3,98,0.41763858705479606
2023-05-22,16,111,0.654782797940992
2023-10-23,4,57,0.2433251437164956
2023-05-15,3,188,0.009099775178073144
2023-05-01,19,159,0.9095755893899161
2023-04-30,9,134,0.9710082246592744
2023-10-23,24,113,0.1908292895407102
2023-03-14,18,179,0.37297513387366277
2023-05-06,15,48,0.649145424462
2023-12-30,21,198,0.297871286628704
2023-11-27,9,165,0.2693352771955727
2023-05-29,25,180,0.753935524368645
2023-11-26,20,58,0.7451122884773524
2023-03-28,22,137,0.4998458504790031
2023-01-14,2,142,0.08642577436451981
2023-11-28,25,195,0.06885029748200666
2023-10-04,15,49,0.6329438420600564
2023-08-09,25,188,0.4790287016782424
2023-09-07,15,112,0.49668471157564753
2023-07-07,5,60,0.8684628416119748
2023-05-25,1,53,0.19767657903433178
2023-12-29,15,162,0.8805555661278958
2023-09-13,20,168,0.5774068867716946
2023-09-01,16,99,0.05697503703359463
2023-05-18,11,125,0.2678852864249378
2023-04-08,20,43,0.3985505316349932
2023-09-14,8,28,0.8375853605141291
2023-09-18,22,25,0.6415181504040175
2023-02-12,11,174,0.22405349152350584
2023-09-11,24,175,0.8766314524661327
2023-09-14,8,62,0.4985121774291359
2023-01-13,4,191,0.6281666344741278
2023-10-25,6,51,0.4397817277878302
2023-06-01,15,173,0.07150399267959306
2023-08-29,2,135,0.7706778239869011
2023-08-19,1,199,0.1555917216618362
2023-12-04,1,150,0.6889331573787628
2023-02-05,12,146,0.249050542723537
2023-04-01,17,134,0.04802795213047595
2023-06-26,8,24,0.5119359968934108
2023-08-15,19,143,0.23131664959226284
2023-08-07,4,137,0.9353064228532644
2023-04-09,1,106,0.5658123269122661
2023-09-22,20,63,0.07520920344804805
2023-06-18,19,52,0.05137476802782315
2023-09-02,11,193,0.07980030993617415
2023-12-09,13,101,0.0441412857264758
2023-03-17,3,119,0.9698987351649799
2023-08-07,1,4,0.5223410595339283
2023-07-09,9,197,0.8335155526275554
2023-04-12,16,33,0.3791003909589208
2023-11-11,4,174,0.22410763884324625
2023-06-29,12,60,0.5825323148826118
2023-04-02,24,197,0.9658003641358852
2023-10-02,17,26,0.5094278697513203
2023-05-22,20,146,0.11751713790081342
2023-04-01,19,38,0.5512302766164411
2023-09-29,18,37,0.28633677794054624
2023-01-08,25,104,0.5305187033729101
2023-07-17,7,143,0.41354731653265975
2023-12-11,13,165,0.6505343351498355
2023-02-21,5,85,0.5843822197299487
2023-09-10,22,98,0.5207542954621796
2023-06-02,16,151,0.43225975614979073
2023-06-22,3,127,0.4454209956781059
2023-11-26,21,23,0.04116646723118644
2023-05-28,10,106,0.5653712910839102
2023-11-08,4,56,0.022059025732591442
2023-04-17,1,186,0.7962185828609406
2023-09-25,4,189,0.13723355266299064
2023-04-15,7,36,0.628500846153092
2023-01-25,14,16,0.002234895303471096
2023-07-12,5,118,0.3754978837299189
2023-03-14,16,181,0.27027035888690165
2023-02-17,8,89,0.10205503171411934
2023-04-04,8,1,0.3231375576021007
2023-12-23,25,80,0.7644342357325041
2023-11-05,8,159,0.41122241217624356
2023-02-22,12,184,0.7548561310762933
2023-08-24,23,33,0.7941465147388154
2023-10-01,21,188,0.40265301968842127
2023-07-18,11,6,0.1404104146150399
2023-10-18,10,112,0.08746469950425306
2023-09-20,16,9,0.9382125232907857
2023-04-16,3,154,0.5171059880688056
2023-05-12,23,116,0.4549273658588733
2023-07-17,3,20,0.38434776412981586
2023-09-26,11,163,0.005737469343298884
2023-01-11,13,6,0.9958235244824801
2023-08-17,4,123,0.6843417359909431
2023-06-17,2,111,0.21524979319502047
2023-05-29,15,91,0.13083627945995935
2023-06-07,3,81,0.5019995204525814
2023-09-25,1,183,0.42500312475967683
2023-10-26,18,124,0.7621360963688449
2023-01-22,8,40,0.42301993702545526
2023-07-17,14,30,0.19711851895892407
2023-08-12,23,7,0.9898637956135854
2023-06-15,24,196,0.5454168196490179
2023-12-11,3,76,0.9039625983257951
2023-10-10,25,142,0.582698130360346
2023-06-17,6,122,0.8803308499956874
2023-11-16,14,39,0.4549923383827549
2023-01-19,7,27,0.04032214054522343
2023-12-08,24,109,0.04873733861495688
2023-11-08,16,7,0.5024522588772125
2023-09-12,11,157,0.3151629397586514
2023-04-28,23,182,0.7662746379090893
2023-09-04,16,115,0.5790382518779092
2023-03-15,24,15,0.9860060187507979
2023-05-11,15,19,0.7166953391144983
2023-04-17,6,199,0.8522723558882292
2023-12-20,17,66,0.8164326828695965
2023-02-08,24,107,0.10824786384996699
2023-11-04,14,87,0.039670165233038346
2023-12-10,11,97,0.854369567783072
2023-11-19,12,46,0.883133272065228
2023-10-02,19,37,0.7441192948719496
2023-09-13,13,38,0.47491922351216576
2023-10-19,1,128,0.8404166074670318
2023-03-06,12,14,0.7648613416495795
2023-12-05,3,68,0.6594339138856024
2023-01-04,19,81,0.10847349960868569
2023-05-28,13,200,0.6996257204836895
2023-12-30,20,14,0.942960910596696
2023-10-11,24,34,0.95757964899372
2023-06-30,15,88,0.051830568374978125
2023-06-27,23,190,0.6186571373549157
2023-02-08,19,10,0.06615856220914462
2023-08-26,25,177,0.5762471876025054
2023-12-21,18,156,0.02719676238908353
2023-05-11,16,29,0.7338084139143641
2023-05-06,16,73,0.049190318269470734
2023-09-20,1,137,0.2527501961589087
2023-08-24,6,175,0.8067027182558956
2023-08-22,12,166,0.33020368277981127
2023-06-08,19,182,0.8672011827372057
2023-09-04,11,51,0.3555507108084036
2023-04-23,17,16,0.17101571118394043
2023-03-26,9,32,0.280300165471025
2023-08-02,21,39,0.008993015056735887
2023-03-05,10,35,0.16668961174007701
2023-03-07,16,134,0.007136288850258188
2023-04-27,6,176,0.27209338478746925
2023-11-14,22,99,0.35230975237966233
2023-07-30,13,35,0.6102007616584383
2023-11-26,21,49,0.2889560753570244
2023-10-22,11,184,0.33389764307899494
2023-02-14,23,188,0.17129604084190952
2023-05-11,8,105,0.22328123302734215
2023-02-03,24,121,0.44712719167736326
2023-03-27,9,146,0.9520369823149435
2023-05-11,3,191,0.1252251630096547
2023-02-18,24,197,0.7401450936800406
2023-06-07,16,108,0.601766955859879
2023-11-21,1,105,0.1594030500601643
2023-03-11,9,93,0.8906873392305704
2023-10-08,9,181,0.8004077900097312
2023-12-08,18,74,0.38220414792683965
2023-12-07,1,128,0.20842459797799573
2023-06-05,14,52,0.8643401611420259
2023-04-05,3,166,0.9724673803603339
2023-06-17,22,128,0.20765729220346452
2023-06-24,20,142,0.46977257312074383
2023-11-14,25,97,0.3633080463166889
2023-04-08,25,176,0.6824403658982784
2023-11-21,23,75,0.723842342176571
2023-12-21,9,39,0.9834889149826317
2023-03-01,5,140,0.07867228753094058
2023-12-10,24,160,0.05028933706135108
2023-04-20,6,164,0.9586906022724757
2023-08-11,6,144,0.08380231777118996
2023-05-01,1,52,0.6393451994527546
2023-05-01,6,154,0.11486464654062467
2023-03-15,15,56,0.8575383115720754
2023-03-06,1,69,0.09216217545548089
2023-08-16,7,170,0.7680793766083593
2023-11-14,14,163,0.5277250107108568
2023-02-06,1,193,0.5614166018203242
2023-08-16,4,23,0.13311002668259508
2023-06-22,8,40,0.4069827264908117
2023-06-18,20,88,0.6570679445109886
2023-09-28,4,65,0.7659469040789458
2023-09-25,10,148,0.6670153270222222
2023-08-11,10,15,0.30511563612578363
2023-06-25,22,85,0.6834959687748843
2023-09-04,10,193,0.488596920407357
2023-11-30,13,96,0.77080320295652
2023-01-08,8,159,0.5983905373981994
2023-07-18,20,190,0.9272295235266899
2023-11-18,18,28,0.713719964037998
2023-07-29,25,95,0.568354559467146
2023-04-01,20,94,0.5465228401227589
2023-12-15,24,142,0.9198769409929074
2023-01-12,8,113,0.9242542211707436
2023-05-21,1,162,0.724244941453797
2023-11-06,10,59,0.10680017714885748
2023-06-06,6,163,0.8623761095307039
2023-06-10,16,57,0.6051136463941703
2023-06-07,7,195,0.8155004415032352
2023-05-23,25,133,0.651620116690855
2023-11-28,19,191,0.009224277222325883
2023-08-25,10,97,0.6698928327053559
2023-08-03,25,153,0.6769143125980577
2023-01-14,21,170,0.11919071817548776
2023-08-26,8,162,0.07708631171106528
2023-11-22,16,133,0.3591241571093683
2023-04-24,9,175,0.9163929284987331
2023-01-26,1,34,0.5832132000597191
2023-10-07,21,31,0.4819512066812226
2023-11-26,5,91,0.4456234256632914
2023-10-03,15,24,0.03104516967091886
2023-07-01,8,112,0.6853545110219597
2023-01-04,2,144,0.4301007113171622
2023-11-04,21,106,0.5389830914158584
2023-04-23,4,161,0.4840767648636536
2023-07-09,19,113,0.5744625038773062
2023-04-09,16,87,0.08367340322382677
2023-12-22,4,195,0.7603889644477937
2023-06-17,4,52,0.7350717922362264
2023-09-12,11,70,0.700178768195041
2023-09-12,13,9,0.9056861011563799
2023-01-10,1,49,0.6115711750749915
2023-01-17,1,177,0.22294855031120975
2023-01-03,3,200,0.09276994913742287
2023-07-29,15,133,0.938383170444963
2023-12-11,15,112,0.9977609863033775
2023-08-02,13,155,0.9687922319381358
2023-07-24,7,103,0.9266394185531446
2023-04-08,23,180,0.6524114955256761
2023-07-06,18,181,0.27278535075905486
2023-04-11,7,64,0.9269039500092869
2023-01-19,1,75,0.9050229680292614
2023-08-18,7,60,0.4464951010391155
2023-08-13,10,200,0.7302095853193179
2023-03-11,11,188,0.732134520667773
2023-11-13,9,133,0.39414052546955314
2023-04-29,5,56,0.9038187482981379
2023-08-09,13,111,0.6095858994498146
2023-11-28,20,24,0.07294926265738533
2023-03-01,10,47,0.7833097227269072
2023-03-24,9,12,0.2402402639732507
2023-04-08,12,126,0.559725101550148
2023-10-24,22,25,0.8962704667879706
2023-07-01,6,172,0.8030949737123267
2023-07-09,9,191,0.5729865007552926
2023-08-03,23,32,0.15059722428825617
2023-07-22,13,163,0.3537892973367497
2023-02-23,6,96,0.0627836583885627
2023-12-15,4,165,0.7031548366641455
2023-01-08,10,47,0.33182906571767357
2023-03-10,18,108,0.21908898165168145
2023-11-20,8,89,0.0683650603788225
2023-10-14,10,84,0.7505618702590781
2023-09-15,21,128,0.8006395580036495
2023-10-09,17,28,0.11740947976435678
2023-08-24,4,121,0.184246466390104
2023-05-26,15,6,0.9648821617195074
2023-02-15,16,25,0.6664476718084859
2023-03-07,12,167,0.2487831279734768
2023-07-18,23,189,0.4118010534912856
2023-09-24,18,190,0.35406633586354197
2023-04-09,9,145,0.8981617529481957
2023-12-13,25,27,0.2000036937691113
2023-10-06,20,90,0.7582506216774855
2023-08-22,22,190,0.24076251074208088
2023-05-27,15,181,0.30548930592126533
2023-08-09,7,143,0.13088402497475804
2023-07-16,16,23,0.06513582193189593
2023-08-28,3,19,0.9064982885074272
2023-06-22,10,166,0.1866265770886094
2023-07-30,3,8,0.9431483504520792
2023-05-15,12,176,0.3217327324463404
2023-12-03,13,105,0.35271652484509464
2023-01-01,23,46,0.20079051300242456
2023-02-12,18,56,0.24690906861473638
2023-05-03,11,118,0.013629938065415792
2023-02-03,5,200,0.09356723925399724
2023-11-18,21,172,0.4836843160854626
2023-06-07,5,76,0.865036462178811
2023-10-04,15,131,0.8548071162759073
2023-09-12,23,191,0.6259022508087208
2023-11-11,19,173,0.30338152358835146
2023-05-23,3,13,0.5554046762516817
2023-02-09,11,198,0.13481551244835366
2023-10-21,20,52,0.8342515187281071
2023-08-24,10,37,0.5615140257397702
2023-09-20,3,169,0.7059534332578954
2023-10-05,10,12,0.8071008288041344
2023-04-19,8,142,0.31960043976440666
2023-10-08,18,43,0.6002779988057954
2023-09-26,14,112,0.27806383793109735
2023-06-10,25,175,0.38264242651673874
2023-11-27,14,114,0.6948174608030467
2023-02-03,14,171,0.6427484841644974
2023-12-21,18,171,0.23562826349286692
2023-12-16,16,192,0.620558958158119
2023-02-12,3,63,0.9739245045604663
2023-07-30,18,167,0.4040766501954942
2023-01-06,23,11,0.2249864300182427
2023-12-06,20,178,0.424923445773676
2023-09-30,14,28,0.6524751683012795
2023-03-23,7,192,0.6254740565080465
2023-01-22,20,144,0.8982000264467619
2023-01-21,20,191,0.09601925027522107
2023-01-24,6,198,0.515005697826016
2023-02-28,15,18,0.7680589514678543
2023-08-04,5,144,0.38468976398025256
2023-12-31,14,21,0.08031058589063278
2023-06-24,21,154,0.48477043074199166
2023-09-13,14,39,0.24801825930709742
2023-01-20,7,160,0.7412780497494039
2023-12-05,11,3,0.17600666787175812
2023-06-09,9,94,0.07795592075645452
2023-08-09,11,197,0.41360454305375793
2023-04-04,22,132,0.40699131881810713
2023-11-11,2,33,0.9541688884673484
2023-11-27,20,54,0.14018295248100954
2023-10-12,25,175,0.2545694954083181
2023-05-25,20,56,0.6510657720155295
2023-11-20,22,108,0.1290135528409203
2023-04-16,23,200,0.2207056204917197
2023-03-16,25,119,0.8127499214759343
2023-04-19,2,33,0.9923356298793959
2023-08-14,20,197,0.9755732960681487
2023-04-14,24,127,0.1228400342903807
2023-03-12,12,179,0.785093075881381
2023-02-06,23,78,0.7864032502794946
2023-01-18,8,121,0.2664248733451515
2023-10-23,11,78,0.7047586567272284
2023-08-05,24,120,0.8994876554125766
2023-03-23,17,20,0.8035300728258401
2023-11-14,4,199,0.5479785872223979
2023-10-06,24,54,0.9424270570334045
2023-01-20,10,171,0.3834119506409934
2023-06-05,19,7,0.6165353432158963
2023-05-23,25,101,0.3083371265214605
2023-06-09,20,53,0.5253637927234788
2023-01-03,4,155,0.8062755326143599
2023-06-16,8,73,0.6231531687452436
2023-11-30,5,55,0.5566539628439336
2023-03-27,16,29,0.1606184078493359
2023-01-18,14,153,0.8994901830236641
2023-03-15,6,141,0.8522467229340582
2023-03-30,3,128,0.6307974561488213
2023-04-20,22,98,0.025153901184167715
2023-05-06,8,125,0.293220386753109
2023-08-25,25,105,0.19333224046272512
2023-09-14,21,133,0.9092618934588789
2023-03-29,17,176,0.963389079942511
2023-08-26,13,9,0.08115999475413771
2023-09-26,15,36,0.8938192840072954
2023-04-02,6,148,0.4676325020643466
2023-01-04,5,146,0.7498535984583289
2023-09-27,9,12,0.5811165159603485
2023-06-28,15,150,0.09301861405451617
2023-02-26,22,30,0.8087998094182343
2023-07-04,15,104,0.7270322763604832
2023-05-25,4,153,0.8350587733054231
2023-04-27,17,191,0.9729078251182238
2023-09-19,8,186,0.6362835272925343
2023-05-27,1,1,0.0955249425521365
2023-01-13,7,53,0.9881819246722565
2023-05-03,21,106,0.4759868505743402
2023-05-18,17,176,0.4266875504130754
2023-01-30,11,33,0.9507543658370687
2023-01-15,15,87,0.7012895628861971
2023-12-14,1,47,0.28638201864643864
2023-07-25,2,193,0.40540464377654784
2023-12-16,24,28,0.3246038097379942
2023-03-01,9,47,0.7289217336396309
2023-07-16,24,90,0.315356347918058
2023-10-05,5,97,0.7886127249830654
2023-06-06,3,154,0.962890231912635
2023-11-19,19,67,0.29981381410906016
2023-08-31,19,155,0.7366811985135202
2023-06-24,6,40,0.3503890013398232
2023-02-16,5,29,0.4114487991639332
2023-07-20,15,105,0.8614456075086354
2023-02-13,4,18,0.08480361539847536
2023-10-22,1,52,0.5497303792142897
2023-04-02,24,61,0.7968563266655299
2023-11-24,18,51,0.6641030154141633
2023-08-17,20,64,0.6057483297521613
2023-02-20,13,122,0.9219824269294647
2023-12-29,5,105,0.7473017707161159
2023-08-01,18,61,0.26288833112880217
2023-07-04,6,124,0.5665467784903095
2023-07-25,25,190,0.06285766433481499
2023-01-10,10,168,0.5092869139975166
2023-06-20,24,80,0.8446069567601089
2023-06-28,18,15,0.2800054825884065
2023-12-09,12,195,0.91639280575831
2023-07-06,16,110,0.5346553068481116
2023-09-23,17,19,0.7556308815653238
2023-04-26,23,49,0.7577620973233138
2023-08-07,23,2,0.42591400390341705
2023-10-18,8,172,0.3059724270902162
2023-10-22,21,45,0.5952334639398958
2023-10-20,1,66,0.4382013510312218
2023-07-29,7,94,0.8089073602632365
2023-10-14,21,99,0.47515131994052273
2023-11-10,10,147,0.45116007643135014
2023-12-13,21,157,0.313987747722003
2023-02-22,22,139,0.05334008192636408
2023-09-12,11,107,0.31817266889245377
2023-12-02,13,121,0.744849224837646
2023-12-17,22,70,0.012931781544040954
2023-03-06,20,4,0.7409991310161624
2023-12-16,10,92,0.2514601486259803
2023-11-07,8,159,0.026794634109137072
2023-05-20,10,161,0.6108817125496195
2023-12-20,17,62,0.6897622936395356
2023-10-19,5,77,0.4408037221803982
2023-07-15,13,125,0.6298515110941673
2023-03-15,19,113,0.6432713999175076
2023-04-21,4,158,0.09206197119826398
2023-07-01,13,144,0.18537242226831496
2023-09-18,18,48,0.08666090719326658
2023-10-03,20,98,0.015897710167379397
2023-05-21,2,114,0.7208811847910224
2023-06-04,17,21,0.9245392797952422
2023-04-19,6,125,0.11519088519023446
2023-04-16,9,9,0.2987889289736031
2023-11-08,22,22,0.9321233489207649
2023-11-21,14,2,0.35742127495645404
2023-07-20,21,163,0.24412505812713703
2023-02-15,3,118,0.6760399729447631
2023-11-09,17,159,0.22315703056999558
2023-08-21,4,112,0.6012860134904207
2023-02-12,3,129,0.4841315680170408
2023-01-09,12,108,0.2980410624851346
2023-05-20,3,57,0.9975538422574062
2023-01-09,21,166,0.6848280498076017
2023-05-09,10,108,0.8926964105594525
2023-05-12,2,26,0.6051987465893314
2023-03-07,16,180,0.19316354898480959
2023-04-05,20,178,0.022288718976590016
2023-10-07,15,184,0.5420321069372054
2023-10-21,11,117,0.7161111623548527
2023-06-12,12,109,0.5498059111911989
2023-04-20,3,105,0.5804744470836657
2023-12-30,21,173,0.18573705262081108
2023-05-25,16,139,0.11029147651773918
2023-10-27,8,172,0.9279962327156113
2023-03-28,2,116,0.42426199714925705
2023-06-17,16,104,0.8991798934787625
2023-06-14,24,93,0.49287037463568073
2023-11-17,10,77,0.0469261863178998
2023-12-27,16,88,0.17720345719061859
2023-03-31,1,100,0.43494697405109184
2023-04-14,13,15,0.0814459484351846
2023-01-08,3,166,0.7947360511348645
2023-02-12,17,18,0.3335905335496149
2023-04-07,21,36,0.03361947958642042
2023-11-10,21,147,0.4369832062070039
2023-08-02,20,39,0.8103876968965755
2023-08-24,9,13,0.02673860687712759
2023-11-29,23,197,0.5403589765973955
2023-01-27,25,140,0.8050369005254111
2023-04-22,24,110,0.14638670404395704
2023-07-19,25,59,0.6556212260756248
2023-08-31,2,41,0.21538991800219098
2023-10-15,21,26,0.32860529887798184
2023-03-14,15,114,0.1264381969202878
2023-07-13,22,70,0.6385430397148762
2023-11-16,18,17,0.6244054873589538
2023-11-30,11,5,0.9044174071532133
2023-04-07,11,110,0.487948305937576
2023-04-21,14,2,0.9753167935563102
2023-12-28,16,32,0.6342965885973862
2023-01-17,24,151,0.9133486849249423
2023-08-07,9,33,0.988836435246501
2023-08-04,15,108,0.24097291591602332
2023-02-18,1,141,0.8814156015129623
2023-02-11,1,149,0.7301747754003501
2023-02-22,18,78,0.037143482694169005
2023-11-28,9,198,0.5509548282103386
2023-04-06,1,194,0.027149488535908817
2023-10-24,9,62,0.39475462543094286
2023-04-21,16,124,0.9965255181688546
2023-06-19,6,121,0.5648942345220846
2023-07-29,23,57,0.007339789208246739
2023-10-02,14,113,0.15652393830016265
2023-01-18,20,43,0.23545438749040093
2023-11-20,8,126,0.19371052578650017
2023-11-09,16,139,0.7942634241051765
2023-02-16,10,83,0.6895835708090603
2023-03-25,13,87,0.315211937648206
2023-12-13,4,109,0.7828765811283714
2023-05-25,23,10,0.6207531971673949
2023-08-17,17,190,0.3835728936398902
2023-03-30,18,134,0.4217555267867219
2023-09-08,23,176,0.5563880117788139
2023-03-22,15,129,0.9771146731540967
2023-08-13,25,142,0.1750524129042751
2023-07-24,18,4,0.5809584210598716
2023-10-31,15,9,0.9156697712662598
2023-04-10,22,94,0.08139071057901548
2023-08-06,3,81,0.27722250932221837
2023-06-27,23,158,0.843123100273195
2023-08-04,5,8,0.20047567311802317
2023-06-03,4,97,0.24404539498039213
2023-05-09,17,144,0.9282824809627057
2023-09-22,10,139,0.21596399480562478
2023-01-03,3,139,0.3353486992200717
2023-09-01,12,131,0.09245923155950708
2023-12-04,18,10,0.03446419086946417
2023-12-31,25,56,0.9458828983766463
2023-05-18,19,76,0.5197236402744874
2023-06-12,20,102,0.5683276622819592
2023-07-30,2,10,0.8266357857000154
2023-08-10,19,107,0.06789083419276698
2023-08-31,18,54,0.23929560933794514
2023-06-25,19,129,0.04537636619334773
2023-12-05,4,23,0.05450748969714214
2023-11-13,17,190,0.4637368539510113
2023-07-18,4,13,0.6913639131305415
2023-02-17,10,147,0.5850777907968866
2023-09-16,13,85,0.9450215592780755
2023-10-11,6,144,0.08246451366351737
2023-10-18,14,46,0.9686098824628203
2023-08-14,25,8,0.16482804633654924
2023-04-28,17,151,0.7321997715404489
2023-05-16,25,168,0.6307374272568708
2023-02-02,17,144,0.01996172227464854
2023-11-10,15,141,0.6961913077207731
2023-04-09,10,50,0.7534145587442609
2023-04-04,21,17,0.0698861669770765
2023-11-23,6,112,0.030705354937888396
2023-11-30,18,130,0.07435255925681616
2023-10-26,5,113,0.8888125256171643
2023-12-15,3,42,0.3695289137322558
2023-07-03,25,171,0.456291102302284
2023-06-14,17,28,0.517977452191237
2023-02-02,1,163,0.6159527780464673
2023-05-23,7,44,0.5576534775627585
2023-07-12,24,52,0.8202732174685351
2023-02-07,7,105,0.7695213488040382
2023-02-17,2,175,0.3910047219843612
2023-09-22,20,178,0.787829961711128
2023-07-25,25,92,0.8606277654872636
2023-08-25,4,45,0.7803133175409308
2023-07-20,13,165,0.6072109919789311
2023-06-09,19,133,0.9667918986749945
2023-12-14,18,37,0.3815573888327308
2023-06-23,16,196,0.33282911334293785
2023-01-10,10,60,0.49288254549351385
2023-02-12,5,35,0.18893621080559875
2023-07-17,10,180,0.5049286108350376
2023-10-27,19,200,0.2898785660007015
2023-09-24,15,48,0.9970077185613696
2023-05-13,25,101,0.5214232652277488
2023-05-26,23,200,0.895993279482325
2023-10-02,9,158,0.5183932153686137
2023-06-17,21,62,0.7212518818066039
2023-10-16,5,103,0.14554566749036002
2023-10-27,9,168,0.11916658425132409
2023-09-01,8,20,0.23016466844549455
2023-03-26,7,105,0.010670605667863486
2023-11-08,4,149,0.11062104809815898
2023-04-23,15,183,0.0047333117172453365
2023-10-08,1,195,0.27860019439109496
2023-03-29,21,147,0.7130637870682324
2023-03-23,6,183,0.4624363183269147
2023-11-10,12,158,0.29092238837916795
2023-10-13,17,79,0.9012999615076723
2023-04-03,1,58,0.053818084980291725
2023-02-06,8,8,0.2516439357800585
2023-02-07,22,84,0.2822932749621133
2023-01-09,4,40,0.3845107534561063
2023-08-19,4,34,0.8585994572071838
2023-04-15,15,164,0.7437260720657095
2023-09-14,5,109,0.16491206763774957
2023-10-27,2,119,0.31567450691058385
2023-05-07,5,185,0.13598705603070027
2023-02-14,25,177,0.7979943469985635
2023-10-20,14,93,0.9642295553747339
2023-06-20,4,192,0.13374224817936564
2023-02-11,15,177,0.36511525974718195
2023-11-05,11,158,0.285058032842052
2023-04-09,16,108,0.8110513880926887
2023-09-26,6,55,0.9678886098233841
2023-08-17,4,154,0.6957879847639776
2023-05-13,10,1,0.3237673947553904
2023-03-23,20,149,0.29056161147508863
2023-06-24,12,127,0.2951487667365119
2023-06-22,1,84,0.8710456710609832
2023-05-25,18,157,0.5553947638400554
2023-01-15,12,63,0.21831519375583908
2023-08-09,11,144,0.70561788119098
2023-12-25,22,96,0.5977051994530751
2023-01-02,19,98,0.34251918348416077
2023-11-23,15,180,0.9209067710123993
2023-08-19,8,174,0.6620727298988817
2023-06-04,20,24,0.6499175917832307
2023-01-11,8,65,0.15967817701617304
2023-08-23,13,102,0.3714050010875828
2023-09-30,9,15,0.5983086213046199
2023-02-22,5,29,0.7723713552416568
2023-10-31,2,155,0.8087457578805513
2023-01-06,22,90,0.8790061490926814
2023-02-25,20,109,0.5903467105909073
2023-10-13,15,9,0.5937409752245865
2023-11-20,17,3,0.24993704077506618
2023-07-10,4,22,0.8406371335133884
2023-04-27,16,43,0.528189622769321
2023-10-06,1,106,0.3710337619314189
2023-06-13,17,32,0.6360184511510015
2023-12-22,10,69,0.09692162226729883
2023-10-31,4,154,0.389104187866261
2023-09-01,21,57,0.991318491923183
2023-12-21,13,51,0.9656943456683355
2023-03-12,12,108,0.3844871419721726
2023-02-24,1,35,0.10439326851374864
2023-07-24,5,192,0.6639595388622735
2023-09-08,11,29,0.6553996433089245
2023-06-28,19,200,0.29241211243800613
2023-03-01,15,169,0.9830692743281921
2023-07-11,4,64,0.4605228308848195
2023-01-17,15,44,0.5227043439629129
2023-12-02,14,165,0.5116250758148466
2023-06-23,8,194,0.09754844344836877
2023-03-12,20,118,0.5670056810833517
2023-04-16,15,23,0.1153757635325593
2023-03-01,17,106,0.07632034275120303
2023-04-11,24,70,0.016268371645364765
2023-08-09,12,60,0.7495495927091896
2023-02-20,16,77,0.4488468627831632
2023-02-13,10,85,0.7331702497538816
2023-12-17,10,186,0.187330076056481
2023-09-24,22,11,0.8370300702963517
2023-04-18,4,122,0.17531394324105087
2023-04-04,25,68,0.6257955725710002
2023-03-10,18,20,0.08692258320341406
2023-12-13,24,160,0.06928008700267341
2023-05-28,2,3,0.4566818045578076
2023-04-24,17,1,0.2961102831887087
2023-06-19,23,107,0.15724714569131115
2023-08-11,18,62,0.014668249504742659
2023-08-21,2,20,0.5183074054857296
2023-09-08,4,93,0.13254095388344123
2023-04-23,5,125,0.9896779340816232
2023-03-03,9,81,0.9900454104688371
2023-07-26,17,38,0.09303738629742564
2023-01-19,14,142,0.3146903698198431
2023-07-31,11,143,0.944625947857906
2023-07-07,13,78,0.8579520888506357
2023-10-19,23,71,0.05105440889282131
2023-11-28,1,157,0.4993097568554796
2023-10-18,14,25,0.4342588886918083
2023-12-18,24,113,0.4026053205692226
2023-09-17,17,12,0.8048576294350407
2023-03-04,4,51,0.32936040255315924
2023-12-20,2,79,0.6125341518744516
2023-03-28,16,176,0.05319860742896332
2023-07-10,21,28,0.6424704498417212
2023-09-03,25,177,0.5924410527943806
2023-08-23,19,73,0.07919737543549654
2023-03-21,22,156,0.2969431524407635
2023-01-05,1,46,0.09385510436804567
2023-05-11,22,180,0.7497590374752282
2023-10-30,19,15,0.5228767691065369
2023-12-23,14,98,0.05503536425873601
2023-02-09,13,131,0.18802228472761628
2023-01-04,6,101,0.8410802867315607
2023-12-28,5,124,0.32469684949397215
2023-04-05,10,82,0.5727410666075536
2023-11-23,23,1,0.5479787765600611
2023-07-07,24,140,0.9942355774755124
2023-02-05,21,24,0.8895144113916346
2023-12-05,9,162,0.5127897765985757
2023-02-16,4,113,0.772949239956853
2023-02-26,17,54,0.2268900913121521
2023-08-18,15,137,0.48429293224796643
2023-07-03,22,58,0.07315391032317498
2023-03-09,25,178,0.6828570043279948
2023-08-16,20,84,0.3325282390345482
2023-02-11,9,190,0.6365413742376012
2023-07-25,1,136,0.8104454924036953
2023-08-19,22,12,0.8214813281807318
2023-04-24,21,122,0.47411808697219293
2023-12-05,2,52,0.48750896852191317
2023-09-24,3,198,0.6211862047532796
2023-09-05,1,67,0.3416596819279364
2023-10-14,15,82,0.8548844794912135
2023-04-03,2,16,0.5942507564834706
2023-04-25,5,195,0.3170335605516529
2023-12-30,7,154,0.6321059719799695
2023-11-25,1,10,0.622466524216015
2023-12-27,6,179,0.31958105078366916
2023-11-18,20,62,0.7717939478425767
2023-01-12,13,80,0.8941000643938425
2023-06-15,1,109,0.08591789390635363
2023-07-22,16,97,0.7691865520099445
2023-05-27,22,80,0.7721513388549531
2023-04-26,9,71,0.10316687157391036
2023-01-27,19,57,0.5269750505127863
2023-02-15,20,52,0.7967856226550525
2023-08-11,24,167,0.36234975577084794
2023-05-14,10,107,0.708875700372491
2023-11-03,19,198,0.9664332435535208
2023-05-02,9,2,0.7925409022369593
2023-07-10,3,118,0.2390470611319222
2023-09-12,1,51,0.8518499640641845
2023-06-25,19,43,0.7175858446116501
2023-09-18,18,162,0.09260655092736014
2023-11-23,1,96,0.04473726727278371
2023-06-09,6,98,0.7425037063802447
2023-06-07,23,129,0.34394742548079793
2023-05-09,9,172,0.5594025415280874
2023-11-29,3,59,0.7381181621988904
2023-01-07,2,134,0.5394351219749661
2023-09-24,25,55,0.41330040477629426
2023-04-07,19,77,0.9926811945701315
2023-01-12,18,129,0.8570216768300388
2023-08-02,25,29,0.1664617919535597
2023-01-11,5,106,0.10027449178658343
2023-12-26,19,13,0.32288043335373073
2023-07-21,20,164,0.9689917878183798
2023-01-16,15,137,0.944348614631089
2023-10-21,10,100,0.15175665589957466
2023-03-29,16,44,0.9907586122377497
2023-06-10,20,20,0.9402665887086736
2023-05-31,15,167,0.4363348074629064
2023-08-09,23,143,0.7307268336856324
2023-03-22,11,138,0.1341127761603459
2023-12-16,5,62,0.2586067863292105
2023-03-02,20,148,0.09018963177472106
2023-04-08,21,186,0.595611709084747
2023-06-30,6,179,0.968224179515051
2023-08-02,16,4,0.9615851488716773
2023-07-29,6,73,0.4797681164445434
2023-01-22,3,150,0.1074595763684768
2023-01-15,19,134,0.42769281924392466
2023-06-29,15,189,0.38733887852227256
2023-01-12,10,123,0.1057224751488226
2023-03-21,1,32,0.648850512904389
2023-04-14,21,21,0.5938350923829122
2023-01-14,3,89,0.9840888341419888
2023-10-15,3,1,0.16452586905379452
2023-10-01,22,178,0.8493230921094523
2023-11-27,11,200,0.7367158242123015
2023-08-07,3,116,0.48069028582797846
2023-01-24,4,84,0.016124097505973545
2023-05-27,8,18,0.015261553487018409
2023-10-04,7,33,0.7286051981644527
2023-05-09,5,62,0.6136613316056063
2023-02-18,7,82,0.2769631175741837
2023-01-23,18,128,0.8414292703579153
2023-03-14,25,97,0.21312114388223447
2023-09-25,25,5,0.19760658396626019
2023-06-07,4,154,0.167092888410446
2023-04-30,13,5,0.531808178149133
2023-01-26,20,54,0.4110652546021174
2023-04-21,2,110,0.28509803096970676
2023-12-02,24,56,0.1725395074138617
2023-05-29,14,51,0.4144305398971436
2023-11-04,3,79,0.12387231106519991
2023-09-17,4,85,0.0241641596219051
2023-01-31,13,17,0.252028725464179
2023-02-06,8,185,0.9664170764557944
2023-10-25,20,24,0.2800307683800536
2023-08-12,11,31,0.07072166676024749
2023-09-17,25,100,0.8709624060421266
2023-06-12,20,31,0.021863236661142538
2023-10-03,8,84,0.5799672197315705
2023-03-31,16,117,0.9234701193035119
2023-04-10,2,141,0.5555160208051075
2023-09-19,20,160,0.30902069877899463
2023-11-07,18,24,0.59747151712039
2023-12-21,8,145,0.23806099905144162
2023-03-20,2,199,0.04307723005493713
2023-11-09,14,71,0.06663428841502295
2023-02-14,2,4,0.4286871230931295
2023-01-30,5,63,0.20313961200879804
2023-07-17,12,118,0.4167431392147868
2023-09-20,17,163,0.9841351943918474
2023-12-02,12,76,0.676294029024194
2023-04-14,14,3,0.5571095918258934
2023-01-09,10,60,0.33283662678012227
2023-02-20,25,119,0.8756318605120552
2023-01-30,7,166,0.9591483497492448
2023-08-10,24,86,0.448255694912685
2023-04-15,23,95,0.14111710157778568
2023-11-20,7,150,0.4277082427015919
2023-01-07,22,18,0.923338605850686
2023-12-19,15,21,0.8030417188970865
2023-06-17,20,144,0.04183841996335724
2023-01-07,14,15,0.6068278254599889
2023-10-15,17,114,0.3193296804148402
2023-07-19,19,17,0.5832197292666863
2023-11-02,7,119,0.27353354156364085
2023-06-08,14,101,0.9885818349479932
2023-07-02,24,1,0.5451375856600486
2023-02-10,10,163,0.47266696946760245
2023-06-13,8,120,0.08133218539601217
2023-10-06,6,11,0.8017482252922492
2023-05-29,3,196,0.42289196985327604
2023-07-25,14,86,0.22171164791179654
2023-07-08,20,155,0.9809529230936102
2023-05-01,8,142,0.9403700455487485
2023-04-27,24,44,0.3985951245715884
2023-12-17,23,126,0.894090135180278
2023-07-14,13,92,0.721478720890586
2023-12-08,5,32,0.9462627567549151
2023-06-06,10,15,0.8362218178162767
2023-05-02,16,16,0.8361152854910184
2023-03-19,8,130,0.9547790280853115
2023-01-02,4,162,0.30866356429750197
2023-07-31,14,95,0.10614477110563003
2023-03-19,25,3,0.2623631532045626
2023-04-27,3,170,0.8486325002210452
2023-07-16,9,160,0.5923229909416797
2023-07-28,11,136,0.8336712361177764
2023-11-02,19,80,0.6679713963833424
2023-06-28,23,174,0.07948033330884074
2023-05-16,4,173,0.29107305794365
2023-02-22,20,49,0.4881987511954937
2023-02-28,25,196,0.16496055308767377
2023-02-12,4,80,0.7295292341927434
2023-01-29,21,182,0.9424665848855384
2023-05-02,9,144,0.8316395142828256
2023-11-25,17,142,0.9720176780275824
2023-08-22,11,45,0.41971378036636664
2023-02-12,9,63,0.47256411132163945
2023-02-14,9,103,0.06453343369684272
2023-10-15,15,75,0.47854645930985806
2023-07-24,20,134,0.17574043675029638
2023-05-07,20,143,0.48610973418780123
2023-03-21,11,145,0.7400789072087033
2023-02-06,16,110,0.5005670187050691
2023-10-19,16,95,0.13783270551762428
2023-01-20,7,50,0.4163783028595308
2023-09-14,7,108,0.9344876328755974
2023-06-26,22,136,0.716397613479736
2023-04-18,5,47,0.313202910692688
2023-10-26,9,76,0.5529327734217555
2023-12-22,17,171,0.6997874561999321
2023-08-28,8,61,0.8407936607514179
2023-11-23,5,141,0.5944853925004019
2023-07-31,11,21,0.9809092082700581
2023-07-14,17,23,0.6168972572456555
2023-03-17,3,129,0.20845892085043205
2023-06-19,4,136,0.6201312444032572
2023-05-24,22,141,0.583490272501085
2023-07-12,1,143,0.22708307641681746
2023-07-01,18,190,0.1815862970864821
2023-10-13,13,130,0.35151098755614796
2023-07-17,9,152,0.9318169871359303
2023-05-26,5,96,0.19952435069340746
2023-11-25,13,90,0.8385540719623646
2023-09-02,19,200,0.08488048681181748
2023-11-22,2,187,0.17751662829610204
2023-07-03,9,143,0.04383390138882903
2023-09-06,17,176,0.4155473578311949
2023-12-31,3,3,0.3522805579070073
2023-03-26,2,91,0.051984719287764825
2023-04-20,7,158,0.06631725224274732
2023-12-20,16,143,0.6716607341610664
2023-10-02,24,67,0.3485699370119968
2023-10-22,12,145,0.2947297972741487
2023-10-23,8,103,0.01787156448322491
2023-04-15,3,185,0.38724838231071756
2023-07-15,6,61,0.537007521908116
2023-10-16,8,97,0.05185111788122465
2023-11-08,12,56,0.8712581092969157
2023-06-06,19,60,0.3636933210690976
2023-08-10,9,77,0.34955482147405925
2023-10-09,17,1,0.6572554835932723
2023-01-17,15,80,0.19107886552640285
2023-09-22,9,53,0.5901850291554768
2023-04-25,19,176,0.6851735899638323
2023-08-30,13,90,0.7394975864992551
2023-11-19,19,29,0.8868407505974235
2023-12-30,17,192,0.3394646854676341
2023-02-22,17,82,0.42615764489920227
2023-04-22,4,179,0.417136191728791
2023-12-29,19,142,0.07759595805028086
2023-03-09,18,84,0.10281269080650257
2023-03-31,1,140,0.25119061086549854
2023-08-22,13,162,0.2560879537637317
2023-06-07,23,38,0.050964197078351425
2023-10-02,24,45,0.15754195959730788
2023-10-31,4,2,0.28249525394243413
2023-06-11,23,144,0.07176432646308972
2023-11-24,17,160,0.14269104401603805
2023-12-23,5,153,0.8240228680699762
2023-07-10,22,155,0.5377825528664728
2023-03-23,3,192,0.2358556977284223
2023-04-12,8,137,0.5062220166364139
2023-11-07,6,3,0.07428856862448041
2023-07-05,5,123,0.03558613607700778
2023-08-16,23,175,0.7159848922531493
2023-04-28,13,108,0.027097474755058526
2023-10-01,6,194,0.6506899021591254
2023-11-23,17,129,0.3279295655579567
2023-11-05,19,176,0.5495944406878742
2023-04-09,8,83,0.7331121818743713
2023-12-27,16,198,0.34911174130718103
2023-09-26,19,107,0.9799008134553953
2023-01-02,10,38,0.8630342975685029
2023-03-08,4,85,0.779256313874822
2023-02-03,11,139,0.8481560041215456
2023-01-25,11,48,0.32025933715622534
2023-01-13,6,148,0.7442579166689897
2023-02-21,9,125,0.9552691531653394
2023-05-31,14,51,0.04312895738280875
2023-08-12,3,174,0.7225168016405801
2023-12-14,22,120,0.6827550554538964
2023-10-03,12,161,0.49395983752407857
2023-06-20,11,27,0.2766624153916666
2023-03-26,21,160,0.6737399898755163
2023-09-16,23,119,0.7621226502981867
2023-11-16,25,20,0.5385151294271037
2023-08-14,20,61,0.8951877751334731
2023-03-21,7,22,0.6912698039762377
2023-01-14,3,1,0.7397032642039272
2023-07-30,14,72,0.045192631291374186
2023-02-09,2,124,0.5527159838715767
2023-10-11,1,60,0.7584703751483955
2023-07-21,6,140,0.29220452295124155
2023-02-22,11,77,0.20399691192079583
2023-10-12,13,166,0.7622706744609598
2023-04-05,23,51,0.16857205511479
2023-11-19,23,117,0.43320972129484336
2023-09-23,22,98,0.05251506474203049
2023-10-28,21,200,0.5712864035802454
2023-03-08,16,133,0.7249476114651882
2023-07-29,17,11,0.8943601486056816
2023-04-28,5,192,0.9455584827595235
2023-07-13,6,160,0.9788137887189342
2023-11-22,19,34,0.16940999211740204
2023-05-28,16,51,0.3002594944859499
2023-05-05,8,115,0.306303536809319
2023-02-22,8,115,0.7863249452928701
2023-11-04,18,104,0.9155883567781387
2023-09-23,10,61,0.17992205365164404
2023-07-06,25,193,0.6202230996694903
2023-12-09,25,96,0.6636997926213506
2023-01-08,14,159,0.9129398408290553
2023-12-22,5,124,0.7311220366693972
2023-03-02,10,58,0.8050425067650789
2023-07-18,13,17,0.7626612227080246
2023-12-08,13,179,0.607813255668645
2023-10-16,4,67,0.8365428230115503
2023-03-28,21,15,0.14752965145417563
2023-05-22,16,179,0.3731608350532236
2023-08-21,21,77,0.044179016827357365
2023-01-03,7,168,0.250371278672769
2023-10-30,19,119,0.5746342606100012
2023-06-17,23,54,0.046691098354660676
2023-11-17,17,14,0.19412675824521186
2023-09-18,1,100,0.6752301390199986
2023-09-04,8,200,0.29075727983580435
2023-03-06,12,140,0.7592253564278235
2023-08-20,9,47,0.26266219028633775
2023-03-11,21,142,0.7153639551405883
2023-03-16,4,40,0.16161795019360514
2023-01-18,21,159,0.123826387752764
2023-06-26,15,169,0.9357274666662234
2023-03-11,17,167,0.6110991497105757
2023-04-24,25,10,0.198902723444625
2023-09-27,15,41,0.5147394133149441
2023-09-07,21,49,0.4502019564112648
2023-11-19,2,149,0.0625536263817219
2023-02-02,6,70,0.7556506262587859
2023-11-04,19,123,0.21317256841893095
2023-08-27,1,88,0.08096869525464212
2023-06-28,19,160,0.8480635796668367
2023-03-01,4,20,0.1834460533666431
2023-03-14,11,37,0.5921290400152741
2023-06-16,10,44,0.6897151411803664
2023-04-14,5,9,0.20634198036178553
2023-06-10,4,148,0.020961965869381927
2023-05-16,14,51,0.4332960367904799
2023-08-31,25,146,0.775148754103607
2023-01-17,1,29,0.1886042564668453
2023-07-23,23,98,0.5067396572658674
2023-11-29,9,58,0.3688925875293909
2023-03-02,12,70,0.4823436220021814
2023-09-29,4,74,0.021638735417959132
2023-08-07,20,109,0.13320789292615665
2023-02-26,14,136,0.6820595921459714
2023-12-20,22,186,0.45333625770318786
2023-04-21,19,121,0.8236486145773069
2023-06-06,21,11,0.40024618020364156
2023-07-01,10,146,0.989967681349201
2023-12-29,10,86,0.2035615617453741
2023-05-25,15,12,0.38822121857409353
2023-10-13,24,176,0.35018714969282505
2023-04-13,13,38,0.2636715715295118
2023-05-13,18,164,0.39144230722734685
2023-10-21,6,44,0.6025009938744456
2023-12-31,23,57,0.9106568219208525
2023-12-18,22,164,0.7932457010773312
2023-07-07,6,60,0.7670202352032807
2023-09-19,17,62,0.13772069507778906
2023-11-18,2,67,0.047551917792527765
2023-09-06,11,142,0.5892394789702073
2023-01-20,8,149,0.6042127456989986
2023-02-20,8,45,0.8980925787564114
2023-09-13,13,133,0.06713136540304598
2023-09-09,9,70,0.48106243459894393
2023-11-03,3,188,0.5960842410877163
2023-08-04,24,177,0.724452136726984
2023-03-30,14,76,0.043737191527356334
2023-06-04,25,61,0.6028348048788829
2023-05-23,9,120,0.6822949416500578
2023-09-24,4,68,0.45708003793641017
2023-10-29,23,115,0.706245603344437
2023-06-11,16,49,0.7057641531507463
2023-10-30,2,126,0.0801532312785358
2023-01-20,11,19,0.21394485003182384
2023-02-20,14,81,0.4301338634364493
2023-03-28,19,5,0.10601538584990666
2023-03-21,16,151,0.6279995287267705
2023-06-18,11,112,0.5151013276849304
2023-05-16,23,152,0.5826468259208889
2023-04-27,21,105,0.46710922553788625
2023-06-06,12,75,0.9494199512908813
2023-03-15,21,116,0.5183890640328734
2023-09-11,1,56,0.7351490362437633
2023-09-24,16,156,0.19368412135334478
2023-04-26,12,77,0.20202298409018327
2023-11-28,7,103,0.17898104601744946
2023-06-06,10,104,0.4579418544468322
2023-02-25,21,40,0.7855224623344585
2023-09-28,24,26,0.030099719623621235
2023-09-09,15,89,0.2546550276277676
2023-08-21,19,63,0.18908296006884273
2023-10-22,2,14,0.20784726655016117
2023-07-27,23,80,0.9632093551942256
2023-11-18,2,97,0.020787161386223718
2023-01-09,14,190,0.2788839870162322
2023-08-23,19,36,0.8503033956800508
2023-07-12,22,27,0.9237255812721461
2023-02-17,1,78,0.5511569374621759
2023-04-07,7,168,0.9972475795269297
2023-05-05,12,47,0.8170772312094299
2023-11-10,25,145,0.05833787239226185
2023-08-14,8,73,0.8796185916908814
2023-09-22,9,188,0.9889686271177452
2023-10-02,19,19,0.7954005458260028
2023-04-21,10,6,0.9409527209084371
2023-05-18,16,142,0.020996150280127135
2023-03-28,13,73,0.474962110365291
2023-10-03,6,166,0.7169466312628168
2023-02-20,17,136,0.21744880847814807
2023-07-25,17,150,0.4201061864269391
2023-12-08,20,74,0.5280854554695174
2023-03-24,9,187,0.2823163256453892
2023-07-19,16,155,0.13302329173146976
2023-07-20,9,118,0.1081244045346309
2023-03-15,5,39,0.9776485042855909
2023-02-10,1,7,0.3068031424091858
2023-04-04,22,37,0.4534875634831269
2023-06-16,20,189,0.10111249355186569
2023-04-04,12,140,0.6609033423350696
2023-06-28,9,173,0.6582365345489364
2023-05-18,24,26,0.685829906566017
2023-04-01,18,25,0.5636328499145902
2023-07-11,16,148,0.3172759046331576
2023-12-28,25,18,0.46308985036545935
2023-10-01,13,128,0.8286087834472594
2023-01-27,15,176,0.986900913470052
2023-07-02,23,146,0.9972049738770079
2023-10-16,9,71,0.46037810913426824
2023-06-11,9,108,0.45249129975373314
2023-02-04,20,146,0.3554485969938528
2023-12-03,12,130,0.1692005942292244
2023-12-11,20,4,0.5188899718169363
2023-08-05,22,94,0.450221912890588
2023-03-02,6,150,0.4075877006691342
2023-09-10,8,151,0.808932598631069
2023-07-01,11,146,0.6500677791175894
2023-10-16,8,130,0.3890455440549765
2023-10-06,14,111,0.19997154621034707
2023-04-07,13,177,0.21859865567043946
2023-03-23,15,106,0.5642992453441524
2023-01-31,18,7,0.1189076597245814
2023-05-12,10,138,0.4174402819412969
2023-07-27,2,117,0.8139320773011739
2023-04-22,16,61,0.09333734555290563
2023-04-28,23,38,0.369445011405921
2023-03-04,20,188,0.5070456303219868
2023-04-27,16,197,0.04973262948526169
2023-10-18,11,31,0.5756697868835562
2023-11-09,1,179,0.7246434955547199
2023-05-30,11,7,0.00855247624827804
2023-05-22,12,9,0.5997454414463156
2023-03-27,4,170,0.9785859263269971
2023-08-18,16,180,0.582056907064068
2023-01-15,6,108,0.00501471357898009
2023-08-10,23,56,0.383225933019118
2023-09-03,23,185,0.7881055251068172
2023-06-06,9,36,0.036019254520101684
2023-10-20,18,19,0.6277311779356222
2023-09-19,14,101,0.2570122121421905
2023-08-31,4,137,0.2737490510457302
2023-09-22,11,3,0.8116489538186283
2023-07-16,18,168,0.07575637058871543
2023-12-21,23,49,0.049373996193761926
2023-04-14,16,168,0.43315474660015896
2023-05-08,24,97,0.6282534334948944
2023-06-23,16,193,0.01881975200726227
2023-08-26,16,107,0.24366378861845894
2023-10-09,8,62,0.07273842084080018
2023-08-26,15,173,0.3083301111777961
2023-09-04,10,140,0.5296922173861556
2023-03-17,21,86,0.44572212686631696
2023-03-08,24,51,0.8360342864152841
2023-07-29,19,106,0.5048051827578718
2023-03-16,4,107,0.7845069012224721
2023-07-04,23,141,0.8911528234120595
2023-12-07,2,193,0.2400245266060338
2023-12-23,20,42,0.30331496239431066
2023-07-05,19,124,0.2933146470264715
2023-09-03,24,105,0.46218919529521973
2023-01-13,6,51,0.9624132396768869
2023-08-25,1,124,0.9311567651112806
2023-02-10,18,72,0.6673031642407847
2023-08-16,7,19,0.8038802159763159
2023-05-21,12,107,0.7068327768172957
2023-10-15,9,110,0.38182601926367554
2023-07-10,20,178,0.3433488690028529
2023-06-25,18,147,0.9372387177399952
2023-04-17,3,168,0.5402527036484015
2023-09-11,23,42,0.7723139409882375
2023-07-28,5,55,0.6941965897917636
2023-12-08,23,46,0.7698473497574766
2023-03-19,10,179,0.7346565634961715
2023-11-11,22,74,0.3997948349627566
2023-09-29,3,57,0.5360397580977813
2023-06-19,21,9,0.0627545586306606
2023-05-04,7,190,0.1233125903759521
2023-12-27,3,53,0.6528703756883467
2023-05-25,17,40,0.5965366510831674
2023-10-26,21,180,0.9680309729561767
2023-10-01,23,150,0.8091732642458217
2023-06-16,9,150,0.6630577217308
2023-02-01,11,141,0.5659297515972779
2023-06-08,2,54,0.7631025210240067
2023-08-06,4,43,0.7063904923310993
2023-07-31,3,83,0.387611322798618
2023-06-23,9,131,0.5720378557804261
2023-03-20,8,7,0.024760304829051893
2023-12-30,10,9,0.11734278718644175
2023-06-16,15,44,0.862007151649166
2023-08-06,1,71,0.7449059496952165
2023-02-07,19,9,0.8089881492305508
2023-08-10,1,129,0.2782144599168702
2023-06-05,20,61,0.9529068944850638
2023-06-13,21,180,0.35133777367572394
2023-07-06,18,183,0.8126195244747187
2023-01-04,12,149,0.49886448662339833
2023-03-04,23,110,0.9350017418868144
2023-01-27,16,74,0.5741588605582222
2023-04-25,18,120,0.6643922439626975
2023-11-08,17,169,0.38151440723347574
2023-01-17,13,111,0.6860295914419265
2023-11-23,21,156,0.571225396614865
2023-08-30,8,78,0.6407127005827461
2023-02-20,23,22,0.014901188052744652
2023-11-05,4,113,0.14481367014042767
2023-10-19,4,61,0.441356136034216
2023-02-21,21,37,0.19286908195057495
2023-01-16,8,125,0.6030781558054922
2023-06-03,4,61,0.6919545605113225
2023-12-10,3,87,0.7903368697168552
2023-03-15,4,190,0.3654878526649802
2023-01-27,16,90,0.516052220391389
2023-11-28,14,19,0.38247686479089205
2023-04-24,20,8,0.66157493442856
2023-04-24,18,177,0.2013168655149965
2023-06-23,7,77,0.8236544134564227
2023-08-20,21,120,0.6450211767346267
2023-05-26,17,197,0.22080014674441062
2023-01-24,22,194,0.28424928034429287
2023-04-16,15,103,0.42170088907132575
2023-01-14,2,117,0.5457476339077012
2023-09-09,4,149,0.4436012724141385
2023-07-16,9,105,0.32169227108401854
2023-07-19,25,30,0.2507392507673777
2023-11-22,14,90,0.2841605193160224
2023-10-20,11,174,0.09282060215620247
2023-09-30,10,115,0.5552854209755246
2023-05-21,10,188,0.25733911415930977
2023-04-19,24,74,0.8960208479264975
2023-10-03,22,177,0.3093139693769399
2023-07-28,22,58,0.06039203930052739
2023-08-30,15,171,0.17613401912316473
2023-09-01,7,30,0.5060459432046802
2023-03-02,18,72,0.35328607239588017
2023-11-03,15,89,0.9875077719860087
2023-09-30,18,119,0.19642497309488582
2023-03-17,17,192,0.6002436849905919
2023-06-16,13,67,0.808471297731904
2023-01-10,25,129,0.6577044584035249
2023-01-08,5,190,0.9746235754784801
2023-01-12,2,110,0.11213635289807944
2023-03-29,7,186,0.11957538378852739
2023-08-23,9,197,0.9816213361984458
2023-10-22,21,126,0.13029008861703295
2023-07-02,10,133,0.41687405878236805
2023-06-18,15,190,0.5365999311147748
2023-07-20,25,18,0.03357241815861922
2023-06-08,17,73,0.7230947570669726
2023-06-29,2,147,0.12757595803601518
2023-03-31,2,104,0.8352659109528433
2023-06-28,15,99,0.14661602915509697
2023-05-09,19,173,0.5384815814866512
2023-12-09,8,61,0.2657996610113089
2023-11-23,2,36,0.32277072935069917
2023-03-28,17,176,0.7079471994002936
2023-08-09,14,12,0.07417413392756811
2023-12-10,14,157,0.2538538949895649
2023-12-25,20,11,0.7348224050002835
2023-04-27,16,60,0.6567226108764735
2023-04-11,10,2,0.2878783002373231
2023-06-26,25,44,0.9606029052594839
2023-01-28,9,69,0.033719575232095456
2023-10-06,24,164,0.5704074888498581
2023-05-12,7,7,0.5232446546715233
2023-03-19,1,5,0.7059850491039588
2023-09-27,12,111,0.3772116418013943
2023-12-20,22,154,0.9736475576282412
2023-04-28,20,187,0.12509123794463484
2023-01-17,12,126,0.6982666741919719
2023-11-15,24,43,0.6052502379554664
2023-11-21,20,81,0.7162529192815084
2023-08-08,8,8,0.9568782437198964
2023-10-24,8,171,0.604466266772722
2023-08-16,11,153,0.6511603617522628
2023-06-25,4,15,0.07117992951864627
2023-03-10,8,10,0.5807235761804557
2023-05-27,19,82,0.35795005349296494
2023-04-02,9,193,0.10983715950216977
2023-08-21,2,183,0.9680395370785269
2023-12-13,3,185,0.05095533331885005
2023-01-07,21,83,0.7013974560573306
2023-03-01,25,39,0.5691213757741688
2023-03-23,18,137,0.4320753209163932
2023-04-14,25,28,0.021184368117771024
2023-02-10,19,180,0.24925490996290467
2023-04-04,13,42,0.42509134804622795
2023-06-11,22,49,0.5217601353474726
2023-01-16,9,196,0.1929787321437212
2023-01-20,22,78,0.10750411238178303
2023-10-08,19,121,0.4301649965896761
2023-08-19,8,129,0.2942709975455383
2023-06-05,11,75,0.49109166856183484
2023-11-05,19,169,0.2503620564453377
2023-06-08,8,121,0.23857175261379404
2023-08-23,15,116,0.9710755196117832
2023-08-12,25,147,0.01487009329465383
2023-04-26,13,53,0.39177414862931514
2023-04-23,6,10,0.719165708354979
2023-09-29,6,31,0.55472959125241
2023-08-25,15,66,0.7153612953693508
2023-01-06,7,161,0.9672707410020038
2023-04-01,17,132,0.5683413497052241
2023-03-29,4,70,0.17491621878102848
2023-10-09,1,197,0.1978777507896622
2023-09-25,7,43,0.7256090710880284
2023-01-29,2,83,0.8326029151749823
2023-10-31,2,146,0.22125549009541978
2023-12-09,22,133,0.5764710479137285
2023-06-14,15,150,0.8049324388474228
2023-01-23,1,104,0.025573669907181462
2023-04-08,12,173,0.3371094214819318
2023-04-28,4,30,0.9701790064206807
2023-01-27,16,136,0.680668382000244
2023-06-01,4,60,0.6464061524862528
2023-04-10,24,88,0.670918421923505
2023-12-17,24,90,0.27645755653950466
2023-05-02,8,177,0.7403260784941585
2023-07-06,12,63,0.0847773495559998
2023-01-15,4,60,0.35699006163657965
2023-09-18,5,58,0.26113754620767027
2023-01-12,24,183,0.8349220751811962
2023-05-25,16,81,0.5881941721351361
2023-01-17,24,35,0.13410495982497905
2023-10-05,1,129,0.591556630962305
2023-10-24,21,130,0.6447435354461171
2023-11-17,22,184,0.40486569054074417
2023-02-18,1,182,0.12970167571680025
2023-12-16,24,3,0.8890163267804144
2023-06-14,3,118,0.5559833271311034
2023-01-16,8,42,0.9791111239021851
2023-12-18,21,74,0.14313131992367756
2023-11-16,16,186,0.8358877204730503
2023-07-19,15,131,0.14114677322683433
2023-01-23,22,52,0.9463174987995034
2023-01-12,17,77,0.2591558330077187
2023-08-02,11,2,0.08378810187128516
2023-03-18,7,75,0.481624247714868
2023-11-09,18,29,0.6399875100829208
2023-11-24,6,88,0.5749999464605103
2023-01-31,7,62,0.8487349058642886
2023-05-26,23,22,0.5250229200224145
2023-08-16,8,55,0.5633117036289633
2023-11-08,25,117,0.3400373932272749
2023-09-01,5,152,0.617712677233779
2023-01-08,11,124,0.18733448097367178
2023-01-24,12,5,0.4192782893492655
2023-02-24,16,73,0.6055141954165257
2023-03-01,10,181,0.2588905731071718
2023-04-03,23,107,0.0236511145358671
2023-03-24,16,161,0.9485316223980407
2023-02-18,9,35,0.9324619430694407
2023-11-07,15,128,0.4897998830125754
2023-03-22,6,129,0.4543065168076389
2023-11-14,23,64,0.13785259948864592
2023-05-14,5,25,0.75869408185363
2023-03-09,24,108,0.7435461238321665
2023-03-07,5,179,0.40833352039580595
2023-10-17,4,6,0.28474860318300765
2023-12-16,6,101,0.888639739575944
2023-05-08,2,153,0.8815831985526406
2023-04-01,6,52,0.4425144099858864
2023-07-06,21,164,0.031204617558416192
2023-06-13,17,116,0.4883161899278605
2023-04-17,25,99,0.5291103045209957
2023-04-27,22,137,0.39847982243339286
2023-08-20,16,27,0.3141354749606634
2023-11-17,9,183,0.520069218928774
2023-02-08,24,43,0.8058206883323441
2023-02-27,24,57,0.468077539520213
2023-01-10,9,159,0.10959727171821076
2023-11-08,22,170,0.462215765100356
2023-02-15,4,140,0.07910902233016037
2023-08-23,10,146,0.5271053239164476
2023-04-13,18,123,0.2990266330118906
2023-02-16,2,164,0.7100158669117409
2023-08-29,17,41,0.007754797889496845
2023-05-18,25,44,0.37851847754981305
2023-01-07,19,51,0.21999034100913817
2023-03-05,12,189,0.16147374730213016
2023-03-18,24,110,0.26869339987121676
2023-07-21,16,81,0.13487906197604316
2023-06-13,25,68,0.6033108141608864
2023-06-04,16,103,0.8546521792739354
2023-01-09,1,92,0.8165712710497385
2023-12-29,16,174,0.8338992822873162
2023-07-07,22,15,0.8839447746982386
2023-01-13,16,159,0.12827484045006332
2023-01-05,4,101,0.742525743276407
2023-09-03,18,39,0.5256845553942001
2023-11-27,20,125,0.19797818938538092
2023-02-28,21,157,0.9524218798074914
2023-01-02,19,125,0.723160492030936
2023-10-04,25,82,0.35581046221264534
2023-06-13,7,167,0.12705989647930493
2023-02-21,2,70,0.1979660098512278
2023-05-16,12,43,0.7406631560294143
2023-03-09,2,159,0.2407940637099516
2023-06-12,22,199,0.4682809241613539
2023-12-26,25,82,0.48974933591201875
2023-03-31,4,19,0.4490357141734669
2023-05-27,11,177,0.4418183350593602
2023-03-02,18,64,0.7453332622574291
2023-09-28,10,65,0.027713514979851528
2023-03-07,7,13,0.38958593525110474
2023-11-22,7,109,0.7046683496988844
2023-03-20,23,160,0.03360767104628848
2023-06-19,15,1,0.24980476474526958
2023-12-06,18,107,0.7784938035141604
2023-02-06,25,35,0.2711353606296094
2023-11-06,23,193,0.9468126942221223
2023-09-11,16,158,0.014065887594389426
2023-08-16,16,8,0.048903857563217135
2023-01-09,20,74,0.04650518918163471
2023-10-02,10,28,0.7111221848953899
2023-12-03,11,152,0.03220348296920705
2023-12-18,10,145,0.15545659368285825
2023-01-11,8,157,0.7480212871000801
2023-02-05,21,177,0.18924065446448401
2023-02-17,22,65,0.6308471288487781
2023-08-20,13,63,0.7961933937879403
2023-01-25,18,61,0.7291933984612691
2023-11-02,19,11,0.04099146650849206
2023-11-28,22,96,0.6131366973952471
2023-12-15,15,77,0.8913485791109844
2023-04-11,6,109,0.3780580353240284
2023-10-12,3,62,0.9035544613736955
2023-05-14,10,91,0.1790737547037634
2023-08-15,25,9,0.7531681714380937
2023-12-03,12,178,0.9953376788055195
2023-01-11,11,112,0.9988645848994305
2023-02-19,14,52,0.8360269660026693
2023-01-06,3,74,0.09592911535880344
2023-01-22,20,191,0.27809223457608334
2023-04-18,20,14,0.20486378688330142
2023-06-18,6,46,0.5265116434468397
2023-09-05,15,102,0.4711850024373302
2023-01-04,17,178,0.3867268975502133
2023-07-14,2,59,0.4963317908131498
2023-03-05,14,28,0.009440404134474334
2023-05-04,25,152,0.0805420392416567
2023-02-15,15,76,0.7166399302529609
2023-07-09,18,22,0.9074479771251969
2023-01-21,11,96,0.4525462776623743
2023-12-28,25,155,0.0428508498540876
2023-11-28,1,196,0.41007780012468864
2023-03-16,2,162,0.4300713646527188
2023-10-05,16,54,0.3530844951271306
2023-04-28,17,64,0.922008706834539
2023-10-08,12,23,0.5872365450338493
2023-05-30,20,100,0.21396037623480624
2023-03-28,18,160,0.6826859989254774
2023-01-17,11,64,0.3824661087375132
2023-12-07,19,3,0.5568885735579892
2023-10-21,12,129,0.04697699805573896
2023-03-09,4,123,0.39911348469048624
2023-06-20,1,125,0.7789663195302055
2023-03-29,25,110,0.10193805137160039
2023-05-26,1,195,0.0016991402463667482
2023-01-12,4,155,0.25563015727148997
2023-12-15,18,160,0.46690885943403104
2023-01-13,5,140,0.7061426322579846
2023-07-17,15,40,0.570552353081248
2023-08-02,25,83,0.23315386323541232
2023-10-18,10,100,0.21785114691524743
2023-01-31,20,67,0.3076953248579768
2023-02-26,17,200,0.3683730160967157
2023-09-07,22,185,0.2774408673469365
2023-01-03,2,8,0.042656029490627634
2023-05-01,3,58,0.9992570721733749
2023-08-27,24,59,0.10705970200527659
2023-09-09,10,33,0.6681805808107848
2023-09-19,4,41,0.8386913058546211
2023-05-22,16,29,0.6350053563139479
2023-12-15,18,34,0.10639427149480096
2023-11-06,13,37,0.30761132958728077
2023-07-05,25,178,0.8257951875183852
2023-01-03,5,9,0.7054435159696536
2023-11-12,8,184,0.44547961577095574
2023-02-05,1,197,0.8111403591087901
2023-08-24,20,67,0.987738079124568
2023-10-27,25,104,0.04094635132513358
2023-08-21,18,150,0.3233686505770459
2023-07-31,7,144,0.6711742855380086
2023-12-16,6,137,0.9731274037960659
2023-02-23,15,102,0.7237549448270284
2023-11-25,15,136,0.42623187502319493
2023-03-06,25,160,0.8788540296959038
2023-10-12,17,63,0.6254318598747821
2023-08-22,15,187,0.2632393318071381
2023-03-27,1,98,0.9104877211428091
2023-06-11,15,14,0.6963508345340754
2023-12-01,18,111,0.7540967510936629
2023-10-17,14,194,0.6910927982522848
2023-10-02,22,56,0.25018267924345616
2023-12-11,14,184,0.675634065540664
2023-12-28,18,167,0.45392445808186355
2023-05-31,16,125,0.011520225646387439
2023-08-24,24,193,0.7962335933520701
2023-04-30,1,141,0.4924842155228605
2023-05-02,7,185,0.719975003147001
2023-12-07,11,24,0.9121652289448338
2023-08-10,21,74,0.9015030610228376
2023-12-08,13,57,0.5354768461068343
2023-07-22,14,17,0.11479983549396777
2023-08-05,21,165,0.8826453736107652
2023-06-06,4,88,0.8515716251470055
2023-02-11,14,98,0.044327527270616174
2023-07-13,17,144,0.9695726274873685
2023-10-06,16,16,0.5184259180339835
2023-01-05,18,13,0.06627885474660722
2023-04-22,20,84,0.4436468694588874
2023-05-24,19,115,0.12229538701994058
2023-05-01,9,74,0.904683952905932
2023-05-21,16,179,0.07722745899743533
2023-12-24,15,95,0.5020553079882214
2023-04-26,8,137,0.3229992129397291
2023-04-11,3,148,0.776345702991415
2023-01-15,18,171,0.7273875820223953
2023-08-29,14,97,0.019030291056187698
2023-03-05,1,30,0.2939528219604043
2023-07-10,4,58,0.8554424278691475
2023-07-28,21,13,0.6712018964160673
2023-02-22,8,28,0.49872869773861794
2023-05-18,12,112,0.31420365384201854
2023-05-23,5,158,0.4891020776753715
2023-08-30,22,14,0.09820464530834638
2023-12-20,24,6,0.7950495860077937
2023-11-29,25,20,0.05833767391760081
2023-07-06,5,75,0.37307354677503846
2023-03-04,9,127,0.7645883968241828
2023-11-11,11,59,0.09616497592418127
2023-03-20,25,101,0.5503737960808109
2023-06-23,9,120,0.5891999611393979
2023-05-06,21,137,0.410421162017626
2023-08-21,14,110,0.6657299147879668
2023-08-12,25,40,0.18085976322221053
2023-10-13,2,17,0.8230229715619628
2023-09-14,9,45,0.12982884606457146
2023-12-16,10,43,0.7993049063415494
2023-12-15,18,96,0.24363493345626375
2023-12-20,22,130,0.2854259351587224
2023-08-27,20,35,0.48539618379131466
2023-06-22,12,23,0.8750754634882342
2023-03-10,21,150,0.07840679672800122
2023-10-09,16,82,0.9273783938362377
2023-07-11,22,54,0.07307922886246265
2023-02-28,8,14,0.26034554242797503
2023-01-19,22,126,0.6257486197240759
2023-06-08,13,9,0.32261708846974035
2023-02-20,22,194,0.9449316096321697
2023-04-29,5,188,0.45143768104574067
2023-05-19,24,37,0.6577059269450498
2023-09-23,4,101,0.15935643362890717
2023-04-23,25,64,0.655614939191301
2023-09-19,12,55,0.8167680555316964
2023-12-25,17,37,0.7946804447533623
2023-09-20,5,93,0.27758462927397487
2023-03-11,24,169,0.07882891546084259
2023-11-01,1,79,0.42622282643735976
2023-02-05,2,179,0.41349778843375584
2023-09-01,20,97,0.2716352530984031
2023-06-30,25,101,0.22690767981121684
2023-09-18,19,105,0.8438772557054165
2023-02-10,23,149,0.23140410326191674
2023-06-07,21,121,0.005743681665563716
2023-02-05,16,140,0.3527496405978534
2023-01-14,11,165,0.7422002902105181
2023-03-14,1,44,0.26080171107747996
2023-06-06,5,53,0.7706496648507101
2023-09-17,1,43,0.3363742176123583
2023-08-06,25,7,0.41065332279406075
2023-01-21,13,151,0.7083420939390337
2023-07-05,20,140,0.180336416002714
2023-05-25,11,20,0.897128925792281
2023-01-22,20,74,0.35487970434091054
2023-04-04,18,68,0.5130783439026921
2023-05-09,1,81,0.5534496810983922
2023-02-05,4,138,0.10689817313288141
2023-03-10,8,165,0.6160270402793381
2023-09-17,15,44,0.3057580426197547
2023-01-20,5,110,0.47088356297867584
2023-03-31,2,160,0.11379300482527654
2023-11-11,11,41,0.9851368040648296
2023-11-15,18,96,0.6188040316482594
2023-06-24,19,107,0.25223495335523427
2023-09-21,3,111,0.13939725073811682
2023-06-01,4,137,0.6418339122468457
2023-07-16,22,69,0.6084750691353179
2023-06-29,9,90,0.9745074145188735
2023-04-27,4,82,0.4869381470934936
2023-01-10,24,98,0.2823458356184603
2023-04-08,23,129,0.05380364688918038
2023-10-27,23,69,0.14003082823813007
2023-01-06,8,63,0.35756536804331396
2023-04-22,6,170,0.6053182078922955
2023-09-30,25,124,0.01767313294957462
2023-09-14,20,122,0.04069456651900771
2023-09-29,15,197,0.05181722028650293
2023-03-13,11,96,0.5560595417140786
2023-02-03,2,199,0.3049936936338815
2023-10-06,25,163,0.5600394221446533
2023-10-17,9,92,0.8350431454448151
2023-05-16,5,34,0.1023168557633064
2023-10-11,25,152,0.5057698165253577
2023-10-09,19,97,0.062116679193639834
2023-01-01,7,93,0.37665180255136255
2023-07-08,7,126,0.8131501233166899
2023-12-01,13,7,0.9409899212899867
2023-12-01,6,136,0.7715601799197936
2023-05-31,17,136,0.029788070632979835
2023-05-05,9,16,0.8234830134891372
2023-01-21,5,130,0.2265930229097589
2023-10-07,3,143,0.9984958654291076
2023-09-08,7,105,0.8575575722834611
2023-03-08,16,118,0.7982768514444389
2023-10-12,22,43,0.3080433160829358
2023-10-12,3,174,0.14394439825416772
2023-04-20,22,10,0.27436503899522335
2023-02-22,20,66,0.3442967509643283
2023-12-18,6,92,0.5433109684359949
2023-11-06,14,38,0.3245235269160628
2023-01-13,16,100,0.5761412097967634
2023-01-24,5,57,0.20774827841777843
2023-10-29,3,43,0.01474767484812789
2023-08-26,16,103,0.8733308567304231
2023-07-08,14,179,0.510289637810904
2023-08-23,6,154,0.07404980777873471
2023-12-12,12,164,0.15596942284732584
2023-03-17,15,142,0.1740489092260311
2023-11-27,2,73,0.894460212361309
2023-02-03,3,178,0.49364759483562093
2023-07-06,19,126,0.014883032561931908
2023-07-10,8,194,0.32826501722479773
2023-04-24,12,159,0.7182022909027356
2023-08-26,19,157,0.808924341793073
2023-09-11,20,30,0.8506290456634236
2023-09-25,13,125,0.1404246384215745
2023-11-23,5,106,0.86486568339634
2023-11-10,21,118,0.026370489026298904
2023-12-31,1,106,0.9519190133639001
2023-05-12,15,87,0.4284357264010994
2023-07-31,11,150,0.7260700564536037
2023-09-26,22,38,0.1520637493089083
2023-05-26,19,3,0.3637937763908904
2023-11-24,13,86,0.04999687006169429
2023-03-04,9,188,0.8055812131530344
2023-12-27,23,56,0.023219953916507885
2023-09-06,18,198,0.973091486313296
2023-12-29,25,160,0.8178884435099899
2023-11-28,7,189,0.7959741581435219
2023-04-16,3,60,0.4608872007748722
2023-06-30,17,52,0.5682776093462112
2023-12-30,25,132,0.9141708664615729
2023-06-04,14,74,0.5618784871253838
2023-09-22,10,81,0.6829581760391491
2023-03-16,22,86,0.891709619866708
2023-06-08,1,103,0.19729367980147705
2023-08-15,2,165,0.026824981779684953
2023-11-17,10,195,0.14532654077668616
2023-12-11,8,81,0.2014855587705231
2023-03-27,15,81,0.06502659763408736
2023-03-25,2,3,0.11450757736123562
2023-12-10,22,60,0.8715809341951459
2023-08-30,13,126,0.3302114602077598
2023-01-26,15,106,0.7464025447692876
2023-03-24,1,130,0.49210401285453953
2023-06-25,15,180,0.5723987954966256
2023-08-16,17,63,0.6985094366281904
2023-04-10,25,1,0.2550094831442169
2023-06-11,8,152,0.4958284202745922
2023-07-07,10,47,0.9463875223093351
2023-04-20,9,67,0.2417669689800931
2023-10-17,23,153,0.7073708351003959
2023-02-22,13,168,0.3572929406181351
2023-01-17,6,164,0.9499229524606531
2023-03-29,5,167,0.48503763377875553
2023-08-15,9,61,0.7983544626021999
2023-12-04,1,151,0.345491811570242
2023-09-08,19,117,0.9159179476239345
2023-05-05,1,43,0.4224532318416919
2023-03-20,8,110,0.33097595561930093
2023-04-08,17,9,0.580737732339302
2023-11-26,5,93,0.6917424299870926
2023-11-17,5,140,0.784354719770216
2023-11-27,24,85,0.3390400838359082
2023-05-14,2,194,0.33891771507731827
2023-04-22,13,175,0.08918438881306356
2023-06-14,6,94,0.2737706299600501
2023-01-04,23,64,0.9962776493614683
2023-11-12,21,147,0.19045772832594798
2023-02-20,24,35,0.774082041103134
2023-03-09,21,118,0.10810815086781855
2023-06-07,19,106,0.8012938429020443
2023-09-27,23,108,0.5390815977390259
2023-10-16,5,49,0.9160110871950811
2023-10-31,6,41,0.4120960033851949
2023-08-14,9,178,0.07057991367490568
2023-08-17,12,55,0.9077317783051948
2023-01-11,13,127,0.5725736071151499
2023-01-31,2,42,0.8687318051815626
2023-02-01,15,23,0.46504699243491854
2023-09-11,9,92,0.9569487727565102
2023-12-19,4,11,0.010335215508895268
2023-10-24,11,154,0.1332375742305104
2023-03-06,10,84,0.560209939829727
2023-10-23,7,23,0.6285392074983931
2023-12-05,18,26,0.7226251314980849
2023-06-02,19,96,0.0013563697810689002
2023-08-19,11,88,0.7390999458091478
2023-04-11,3,134,0.8925528287833928
2023-05-29,23,70,0.7122803055999296
2023-07-16,10,76,0.319863568755163
2023-11-07,10,175,0.3122522321656168
2023-09-21,4,108,0.5485220032511217
2023-05-31,21,48,0.28191793176243407
2023-04-11,1,76,0.4238555827544104
2023-01-31,2,71,0.7879928639333953
2023-01-22,8,140,0.7969484141195996
2023-04-17,24,138,0.8509827341211726
2023-11-29,5,137,0.40468876301421675
2023-09-21,22,52,0.9439489129344883
2023-10-16,15,105,0.07901398827606032
2023-11-09,24,67,0.38393637606235986
2023-03-14,21,49,0.4089828337769511
2023-09-29,12,194,0.9018955802570845
2023-01-08,19,29,0.8671490310128565
2023-08-13,18,117,0.90984123016635
2023-11-05,21,187,0.911709307081003
2023-06-12,6,176,0.5663383206744538
2023-12-15,3,146,0.5096037236740046
2023-08-10,1,84,0.8857599209618863
2023-02-15,14,83,0.9143117545117183
2023-03-21,21,12,0.8212574178321189
2023-10-30,24,83,0.8683294095533332
2023-05-05,15,182,0.4106020156354263
2023-08-21,16,181,0.16248031966237286
2023-09-26,22,31,0.1495563049411115
2023-05-02,17,26,0.18319821738298936
2023-01-12,9,118,0.19309202348018017
2023-03-24,8,36,0.687451949288729
2023-04-18,17,166,0.7818006578530502
2023-05-25,24,36,0.15618163878876168
2023-06-08,17,180,0.5336961330563808
2023-11-06,25,67,0.7181127123038585
2023-08-06,13,139,0.9156274611889562
2023-09-30,24,185,0.05775901734588651
2023-12-02,7,76,0.9626611520009201
2023-04-30,8,182,0.6456711630596719
2023-03-14,12,171,0.34510702518025227
2023-04-15,22,29,0.6700869101022213
2023-09-16,8,78,0.20086929921661711
2023-06-18,25,1,0.7232925402738235
2023-01-20,6,78,0.4996713768294202
2023-07-12,11,125,0.25083234186786185
2023-03-31,23,89,0.03405559690553972
2023-03-07,24,23,0.8679068789676486
2023-06-27,11,174,0.8225501844953679
2023-10-05,23,147,0.5834374692877348
2023-10-08,11,34,0.04492429001743248
2023-07-18,3,78,0.2949958730437813
2023-03-21,3,62,0.9791616858929343
2023-09-25,9,24,0.4051366103744789
2023-07-07,4,194,0.4088496033463781
2023-10-04,19,107,0.9717393647783571
2023-12-02,22,126,0.11674937891940274
2023-06-10,8,87,0.24594025802569586
2023-09-20,5,98,0.03224973836802758
2023-12-28,13,172,0.7581759888172706
2023-03-11,18,61,0.8836864980126389
2023-06-02,22,5,0.18284855706638037
2023-10-10,19,158,0.2508207340388039
2023-03-03,15,23,0.7417642512207439
2023-11-06,25,147,0.8740505252577873
2023-06-11,4,171,0.7572294762658995
2023-08-08,24,54,0.5858284356129513
2023-08-21,6,119,0.4738032108854102
2023-06-15,16,127,0.5167393169923145
2023-12-15,9,117,0.3819934139601092
2023-10-10,18,177,0.45309997976688865
2023-12-12,21,31,0.46134222251238977
2023-06-06,6,147,0.38073986071332866
2023-04-17,15,166,0.487244986765647
2023-08-28,21,79,0.6413894283709519
2023-05-22,4,97,0.6986945760177713
2023-03-24,20,170,0.6526766562261316
2023-08-24,10,78,0.7163628444670144
2023-10-03,13,43,0.9772561464174285
2023-08-02,3,172,0.9122098451061487
2023-09-05,1,105,0.6408519001278836
2023-09-10,25,116,0.32139979041342215
2023-10-03,14,127,0.5133895546248098
2023-06-21,17,115,0.07012148980043253
2023-08-14,12,147,0.6713792449184736
2023-12-29,17,200,0.260992016551145
2023-06-09,21,105,0.8610396783735349
2023-03-12,7,163,0.24763948551667414
2023-12-14,7,106,0.7897038986958312
2023-10-05,22,70,0.44610578022540404
2023-02-27,8,33,0.38126783100173955
2023-06-14,9,62,0.39163503924584875
2023-07-11,8,29,0.23384472812169366
2023-09-28,3,31,0.36398375112422554
2023-04-09,21,41,0.691656575023081
2023-08-22,11,22,0.2612628768484674
2023-07-07,3,166,0.06367882144457793
2023-02-17,20,83,0.2254286380326882
2023-10-22,11,7,0.45616482674721703
2023-04-27,13,134,0.7599204265817061
2023-11-14,17,20,0.5863441008257008
2023-02-21,17,85,0.20070145259348948
2023-10-03,18,67,0.6870748045636462
2023-04-08,25,111,0.7236975827178794
2023-09-23,6,4,0.3442880350323352
2023-01-07,7,141,0.058569309467079944
2023-11-14,9,42,0.3304209246740136
2023-02-24,8,75,0.4598505506160111
2023-10-28,17,44,0.7182165387138264
2023-05-01,11,164,0.6371883076328182
2023-11-21,23,89,0.39905778409724946
2023-12-31,22,90,0.3190133544394522
2023-12-22,11,177,0.6486933065670119
2023-06-08,24,103,0.2907620784127771
2023-04-21,15,113,0.6327241738428567
2023-09-24,16,147,0.3016859691532693
2023-03-02,10,33,0.5434894681248511
2023-09-08,18,17,0.537315601579117
2023-10-12,5,116,0.44533483329675194
2023-04-10,12,3,0.37409818819540797
2023-12-24,3,182,0.7024393377365444
2023-07-30,25,141,0.5498542756933468
2023-08-25,18,22,0.028255731005120577
2023-07-08,5,76,0.4759025695676743
2023-09-28,16,18,0.35446823617281376
2023-07-05,2,56,0.5259244040482793
2023-06-22,21,96,0.3301696668303773
2023-08-31,25,195,0.9476616086297215
2023-02-15,19,150,0.3086637940140118
2023-11-12,11,106,0.0024000747694944424
2023-11-14,24,6,0.6352385502419963
2023-08-05,14,140,0.6203494082423532
2023-04-01,15,174,0.8636580403395105
2023-05-07,13,95,0.667280248134115
2023-07-20,23,50,0.24569817006996553
2023-01-29,17,87,0.8590539076236346
2023-07-25,9,11,0.018709430778110714
2023-03-28,5,162,0.36428482608877377
2023-12-28,3,173,0.17177303457634108
2023-06-02,24,70,0.2591408484597828
2023-11-04,25,18,0.47480845626401635
2023-07-11,19,121,0.3956602735946996
2023-11-11,9,42,0.35054216712663666
2023-02-20,1,120,0.8910212347834975
2023-10-19,17,78,0.5104380794977083
2023-08-01,17,6,0.7862072413932184
2023-08-08,18,14,0.12888410624175572
2023-12-17,5,53,0.40115692234442046
2023-03-22,4,109,0.5921699312814858
2023-03-31,23,39,0.6367086074849061
2023-05-23,12,119,0.36824724312446233
2023-11-04,8,174,0.8351544224325855
2023-02-28,7,94,0.9412530174100111
2023-09-12,20,177,0.9681432001870979
2023-10-30,7,68,0.385960707066878
2023-05-15,1,94,0.8299610029254482
2023-09-07,7,124,0.18624704879000242
2023-12-24,8,149,0.34642159100706704
2023-04-01,24,142,0.164057636833696
2023-10-16,16,57,0.5762793017053986
2023-05-31,11,87,0.9291572947582898
2023-07-02,6,45,0.06084034129132776
2023-10-24,11,193,0.08743612968690173
2023-11-07,11,189,0.8281913441522915
2023-09-10,9,39,0.2851387958654823
2023-04-27,17,174,0.5812402838663875
2023-11-14,25,53,0.6732174932900232
2023-07-16,23,52,0.8104807178587711
2023-02-15,15,139,0.9693864984400545
2023-03-13,13,196,0.14624010193897063
2023-11-29,25,197,0.6601673693726064
2023-08-26,6,185,0.5513682628839973
2023-09-13,13,40,0.28866039403190014
2023-05-23,16,192,0.11300020256365906
2023-03-14,25,168,0.518067377307114
2023-11-09,6,112,0.7587506473350621
2023-06-20,19,189,0.21874558294287216
2023-04-12,10,139,0.2946633493349029
2023-12-13,13,197,0.6902685890837172
2023-02-27,3,64,0.140004208587023
2023-12-13,15,127,0.8269166516852555
2023-02-22,5,101,0.5764694481852404
2023-02-03,15,106,0.12640413646817228
2023-01-15,13,79,0.0012994780073507517
2023-10-31,20,80,0.8779374235695738
2023-02-28,15,41,0.04063503032200777
2023-03-26,25,48,0.028916054227080434
2023-12-26,21,181,0.28306670612753126
2023-08-16,4,68,0.4915591737710576
2023-02-24,22,104,0.7411130352023931
2023-09-22,25,196,0.9412399292505642
2023-01-30,3,97,0.6409979262468063
2023-04-06,12,27,0.6989538696269522
2023-06-11,12,133,0.034775906352647046
2023-06-18,22,165,0.9031191485618717
2023-08-10,8,169,0.6191227626758768
2023-02-20,1,25,0.1185738990100832
2023-11-10,15,167,0.304263905326298
2023-02-24,6,155,0.277148536119209
2023-03-08,25,181,0.4560599740493557
2023-10-25,24,176,0.895917149705935
2023-10-09,22,106,0.7823304507359136
2023-06-24,20,178,0.45905051563273713
2023-06-22,5,140,0.19004949721250253
2023-03-30,22,46,0.8462438228943127
2023-08-20,1,146,0.3458140047299565
2023-01-20,23,15,0.3429087321073089
2023-03-18,9,140,0.740252467600645
2023-02-03,15,103,0.04053581023263009
2023-11-02,21,17,0.038605649799509534
2023-09-24,4,127,0.5322443753582861
2023-08-22,23,119,0.5413517343146687
2023-02-23,5,45,0.84989726861003
2023-05-10,9,156,0.6428085664640046
2023-12-06,9,109,0.9814493935503136
2023-05-29,12,98,0.8922722424452872
2023-06-29,23,27,0.6822075904339415
2023-12-07,23,133,0.2548949572222182
2023-07-22,1,98,0.41000035983634586
2023-09-28,19,6,0.295064995094918
2023-04-29,2,93,0.3857037629143528
2023-07-27,5,113,0.9258457658245477
2023-04-12,12,161,0.6384775319889388
2023-01-20,11,27,0.287122408871051
2023-04-27,21,116,0.6707422580046013
2023-11-13,22,182,0.29678597470405266
2023-11-14,22,134,0.3017017402580763
2023-08-15,10,42,0.6522732174833891
2023-01-18,19,147,0.5011022469295495
2023-06-06,12,186,0.7235313145836463
2023-01-08,14,187,0.18642773565226345
2023-01-31,1,82,0.052154672210484976
2023-11-27,12,28,0.15074139073703163
2023-04-14,18,137,0.13128248465198755
2023-04-09,3,91,0.3077871041383837
2023-01-30,1,194,0.7199921059409838
2023-12-07,2,149,0.7503882933060124
2023-02-28,20,15,0.9829658535066963
2023-05-12,14,126,0.6453111492704455
2023-03-05,13,35,0.769929705709793
2023-07-08,3,50,0.06710179365571867
2023-06-12,3,49,0.09632410514558931
2023-06-21,5,51,0.4126966712840242
2023-01-18,17,7,0.23675459580583846
2023-02-19,10,26,0.0756396548486874
2023-12-14,4,131,0.29238451329547244
2023-12-29,9,190,0.8284210808789858
2023-01-23,16,110,0.5561415703170993
2023-05-21,22,142,0.23221150764505794
2023-10-06,22,50,0.3569115527525958
2023-11-21,5,139,0.9950112132122927
2023-06-26,22,16,0.2760265243734489
2023-12-11,5,58,0.15705387084613565
2023-06-14,8,198,0.11414309819747259
2023-12-17,4,81,0.5585191730062345
2023-11-03,23,174,0.20870469657105406
2023-06-21,15,27,0.7999139500813925
2023-10-23,16,193,0.5190720255795097
2023-05-03,15,190,0.020193236691289362
2023-10-29,15,125,0.8130736680997578
2023-07-05,21,25,0.5695009132544543
2023-01-24,10,119,0.20163800893874595
2023-06-29,1,119,0.4023155416744071
2023-02-20,8,77,0.25472774173160717
2023-04-18,14,38,0.46207733252809513
2023-02-27,22,184,0.14953440254932182
2023-04-14,17,79,0.340728136959483
2023-07-12,24,123,0.9317746764587723
2023-09-23,6,187,0.434828774833836
2023-01-03,19,68,0.011734923587511825
2023-12-28,17,2,0.22552117145478645
2023-11-29,23,23,0.5955414910435003
2023-02-12,17,95,0.9860325892891758
2023-01-13,15,37,0.17158478872850302
2023-03-09,15,174,0.8144744645131091
2023-07-05,9,194,0.43680873374729146
2023-01-01,24,140,0.016522919129504654
2023-08-07,20,194,0.48171897984741496
2023-06-09,23,43,0.6657417115130223
2023-06-07,13,175,0.6660146135697557
2023-04-04,14,126,0.533396448262319
2023-12-21,25,148,0.7447850711405158
2023-02-07,18,187,0.015083956011294641
2023-11-28,1,187,0.8312079584982413
2023-09-13,1,19,0.429576965607146
2023-04-09,24,91,0.1919504305525822
2023-03-11,15,144,0.44177561115713837
2023-01-21,5,41,0.09979475892052692
2023-05-21,19,73,0.38621433882611744
2023-03-20,17,84,0.08935776142412999
2023-03-29,19,175,0.2291744438947888
2023-06-03,15,173,0.4546828424303442
2023-04-11,24,55,0.42086390181072453
2023-09-03,22,188,0.4644314183888245
2023-07-09,11,85,0.7067909715379209
2023-01-06,2,140,0.25675472916955566
2023-01-01,24,176,0.6732535230592588
2023-07-12,8,14,0.914268411175395
2023-06-13,10,30,0.22952158308613602
2023-03-14,25,182,0.5858468438135306
2023-10-21,25,157,0.49272928306522656
2023-06-13,23,135,0.3150413558668822
2023-02-12,4,5,0.06859593716150747
2023-09-17,2,190,0.2737486745461828
2023-05-09,23,3,0.7577391689007241
2023-07-02,15,195,0.616146247478495
2023-10-08,25,69,0.7721649607723948
2023-10-20,17,175,0.5664680076476055
2023-11-19,24,147,0.44420206885047253
2023-01-09,24,19,0.6842126735425257
2023-05-19,24,39,0.48183030254399317
2023-09-26,23,45,0.6647209049873407
2023-04-10,12,185,0.37156809026058124
2023-04-12,2,104,0.876068809999569
2023-08-05,22,117,0.23027975862504324
2023-08-17,5,161,0.8041127161116758
2023-08-23,1,31,0.7016945655117922
2023-09-04,21,10,0.5149947353790295
2023-03-09,21,147,0.22218782489232947
2023-09-25,22,75,0.3787192728391068
2023-04-01,24,123,0.03380562230499928
2023-09-07,14,6,0.740995898168212
2023-08-31,2,66,0.3307890104707034
2023-05-18,20,120,0.4560980265317377
2023-09-04,5,155,0.7102209154544864
2023-08-27,8,33,0.7459512421358707
2023-01-20,4,79,0.024939045385065528
2023-09-02,15,35,0.8388606126279329
2023-04-12,25,108,0.8502514030011383
2023-05-15,1,193,0.7621725906126794
2023-08-31,11,97,0.11122974530448004
2023-07-07,4,154,0.6756512593749606
2023-08-15,2,88,0.7806018726316203
2023-08-25,25,114,0.37562810544542713
2023-11-15,23,21,0.15614869568563428
2023-06-11,8,31,0.046840238142636714
2023-12-09,10,161,0.5642679699196923
2023-04-30,5,102,0.8214335475504049
2023-06-11,1,129,0.24222194280225973
2023-09-04,4,128,0.5767445795542328
2023-11-01,7,129,0.6126098907231852
2023-09-12,4,122,0.7516763431069501
2023-04-16,15,100,0.8932360697764234
2023-10-05,7,137,0.49558031868312846
2023-09-29,4,150,0.6447063380013638
2023-01-18,9,134,0.14862220415677796
2023-08-25,18,36,0.3033757893224718
2023-08-09,12,167,0.8235018013001759
2023-12-31,2,75,0.6668522302326216
2023-12-07,1,174,0.14341816456653822
2023-09-11,10,118,0.16177263478350845
2023-07-27,18,82,0.8382560003646871
2023-05-01,13,178,0.4685083668224881
2023-08-30,18,112,0.7765462456518659
2023-04-03,24,76,0.3773892118052602
2023-02-23,16,79,0.574303727176479
2023-11-03,23,57,0.9148296651833856
2023-05-14,9,50,0.48231684433731625
2023-12-13,24,110,0.8236157872055458
2023-09-10,14,82,0.6640631289004696
2023-08-02,24,150,0.21092649201375002
2023-09-23,19,39,0.41967223016776045
2023-03-30,10,54,0.41496204882667564
2023-10-29,2,37,0.7134487361558337
2023-06-11,8,61,0.7493052259845239
2023-07-08,24,6,0.43873907405058166
2023-02-28,24,44,0.3356334956323568
2023-09-16,11,136,0.16181737665355778
2023-12-16,21,111,0.7163997706789061
2023-06-21,1,97,0.6720933987949311
2023-12-23,20,7,0.3826570016310321
2023-03-20,5,50,0.9255443581962921
2023-07-17,8,149,0.9633478697454667
2023-06-08,8,5,0.8096365793423466
2023-04-23,13,66,0.37343823471606974
2023-01-06,13,180,0.2821647043925233
2023-09-21,1,80,0.23055402127352131
2023-05-01,13,145,0.815928726326172
2023-03-17,22,89,0.11779926853622169
2023-11-22,15,70,0.19038062873172656
2023-11-13,2,154,0.7786494209209657
2023-07-04,2,163,0.49790380871129414
2023-10-08,13,141,0.48743900685418873
2023-11-01,8,9,0.19990441969275685
2023-03-08,12,101,0.6545558250795579
2023-11-06,20,63,0.9697861364495651
2023-10-07,24,183,0.22633272266470705
2023-01-11,17,23,0.30048117777350425
2023-06-04,22,14,0.08110973556880885
2023-05-11,11,73,0.011745982432673774
2023-07-08,12,156,0.3524240816422024
2023-09-07,8,8,0.21529306365724166
2023-08-30,14,14,0.08915318444130349
2023-06-30,16,117,0.17659352903244496
2023-09-09,3,177,0.6902303349858129
2023-11-11,7,87,0.3530706522820365
2023-07-24,2,112,0.6140597794246363
2023-12-28,16,33,0.570357160108079
2023-12-23,4,39,0.9233100578922164
2023-07-06,16,141,0.4808332765261144
2023-02-25,8,35,0.10344927792966441
2023-03-13,23,196,0.32906508198612283
2023-12-05,6,67,0.153809790918226
2023-11-27,25,5,0.5958631845162414
2023-03-26,9,198,0.410933654388305
2023-07-28,3,156,0.09399479488124851
2023-02-12,18,176,0.09316342963818436
2023-06-02,19,166,0.15668014560154364
2023-07-14,13,58,0.6307317988393237
2023-07-02,5,122,0.9081602196347237
2023-01-02,8,43,0.2744673341186612
2023-07-18,3,152,0.9105517047262708
2023-09-22,1,111,0.6980944649796157
2023-03-05,1,87,0.6352329983774236
2023-10-27,14,103,0.5524810367043702
2023-09-29,4,61,0.2885847035324989
2023-01-29,21,116,0.9461744164705822
2023-06-12,1,111,0.5267996940495732
2023-06-04,2,10,0.03435836464031794
2023-07-13,10,41,0.1670152357395831
2023-04-18,14,189,0.8043178767456757
2023-01-12,7,57,0.13471562281834082
2023-04-09,12,165,0.639964354324952
2023-02-06,12,118,0.29146874928671906
2023-11-02,23,127,0.7058943461081011
2023-08-01,2,92,0.4494250907197559
2023-05-25,1,154,0.039007386766360064
2023-02-18,8,47,0.15949563041141612
2023-02-23,4,143,0.3753351249425656
2023-02-02,1,102,0.457526209434138
2023-01-19,15,23,0.9697219606742368
2023-08-21,4,36,0.5838027024052775
2023-03-23,12,22,0.43495278129544024
2023-08-17,4,178,0.41355293013599237
2023-05-10,17,50,0.3210533666614669
2023-03-13,2,88,0.6856571059650662
2023-01-21,4,71,0.4193907939727871
2023-03-31,7,18,0.38232665586439385
2023-04-28,12,103,0.31550701121352887
2023-08-29,18,157,0.5810465998620361
2023-10-25,5,41,0.7313634970735039
2023-07-28,19,18,0.40523792784945456
2023-03-02,12,34,0.852839252623602
2023-09-02,14,153,0.6867646541903779
2023-08-14,25,173,0.11260385478487678
2023-10-31,20,157,0.06368679978294278
2023-01-16,19,36,0.6080260701123351
2023-03-21,16,168,0.23007587058293744
2023-06-08,2,107,0.9335324975757736
2023-06-10,24,174,0.01730987089727154
2023-06-26,1,123,0.6785485275740096
2023-09-03,8,119,0.1885582819234234
2023-06-27,21,53,0.7186335696610818
2023-06-07,12,72,0.3012397066457776
2023-01-23,12,100,0.5738999560175198
2023-11-09,7,95,0.406546641198964
2023-11-10,17,3,0.8885789271070953
2023-09-21,15,45,0.6157713005891424
2023-05-23,12,5,0.21914718932232446
2023-08-30,12,170,0.5909291416744205
2023-08-09,9,191,0.7426883718142001
2023-01-28,3,83,0.7131591983954298
2023-02-18,7,161,0.045453604621887855
2023-10-02,15,128,0.6104502133717244
2023-11-27,14,178,0.8859052234233898
2023-11-24,2,164,0.5709623272524612
2023-02-11,9,64,0.24788129772699696
2023-05-27,4,43,0.6149384990762758
2023-11-24,24,94,0.2579682413034533
2023-04-09,4,35,0.05518523138705311
2023-10-09,9,46,0.34955873202153154
2023-11-30,13,147,0.006189575892288635
2023-09-12,6,141,0.23755198582799153
2023-01-12,5,137,0.037394656314413854
2023-03-27,18,196,0.8866110637940836
2023-12-19,19,132,0.32925965577987326
2023-08-12,18,98,0.6192818176686458
2023-06-06,13,95,0.24399110032681326
2023-04-04,17,34,0.8106897695810809
2023-12-31,16,42,0.1877403092272727
2023-09-24,7,18,0.20132865653668097
2023-02-05,22,55,0.37309287097429844
2023-08-13,4,117,0.4621319875466088
2023-04-25,9,26,0.36446447243616753
2023-06-02,20,79,0.4679675284734348
2023-01-22,19,36,0.7267864874098172
2023-07-04,19,47,0.17846321237668805
2023-03-23,2,112,0.2218372810681727
2023-08-10,17,104,0.6596130229233476
2023-09-08,1,60,0.8431561639176305
2023-07-31,4,117,0.6511914096937536
2023-04-26,3,14,0.9635341958480866
2023-12-07,14,42,0.040929551017023225
2023-05-23,7,134,0.45394167341363356
2023-01-24,15,35,0.1045181949945756
2023-11-10,24,26,0.24957288866837102
2023-05-22,22,6,0.36178039664397144
2023-08-19,24,188,0.7138215390849478
2023-12-07,7,176,0.8277482473697483
2023-12-31,1,185,0.9947264166296529
2023-12-12,11,190,0.6997321035537736
2023-07-23,25,40,0.8556817324061279
2023-10-15,8,71,0.2574834838205221
2023-06-14,9,149,0.1455316991711213
2023-03-31,18,90,0.3139117492564777
2023-02-20,3,168,0.3173446870583527
2023-02-17,25,98,0.04373258231624433
2023-12-18,22,5,0.6009388134736738
2023-03-26,13,130,0.1311266730367422
2023-06-28,4,133,0.5766367412237347
2023-08-01,25,94,0.3034765188067149
2023-10-18,9,40,0.9764913317597594
2023-02-06,2,89,0.19593911838984868
2023-07-27,8,183,0.10850643975032226
2023-11-07,17,141,0.8827935746799416
2023-01-28,23,54,0.9875487818932275
2023-03-14,13,62,0.01663935123688498
2023-01-02,4,61,0.7088052609508814
2023-01-10,3,108,0.8195709017668981
2023-04-07,20,83,0.9373999913422952
2023-09-08,25,68,0.6689682947005988
2023-01-23,25,47,0.8763198300361873
2023-05-06,8,186,0.38005636006596544
2023-12-11,16,50,0.5845971794671168
2023-12-04,11,149,0.9327002750532342
2023-03-25,20,115,0.2097873383212946
2023-05-20,5,193,0.715389495427764
2023-03-03,25,97,0.47404872192618863
2023-07-06,17,169,0.15046911979385302
2023-09-12,5,92,0.5148134729752603
2023-09-28,7,111,0.4292199835075927
2023-06-18,22,49,0.7869051668716922
2023-06-09,23,9,0.25595552090270024
2023-02-12,21,159,0.4334771510088923
2023-03-15,25,165,0.03642852082645598
2023-08-14,2,20,0.29052815217906314
2023-04-23,18,38,0.37454330273688907
2023-08-28,22,147,0.43279287216111395
2023-06-10,12,71,0.26411047005700683
2023-09-13,15,84,0.8044829260309453
2023-09-06,9,78,0.4682729298254492
2023-11-28,17,146,0.3961135711803443
2023-05-07,17,19,0.7630537733231375
2023-12-13,18,64,0.013525423747005938
2023-10-03,23,134,0.830263471819853
2023-05-27,10,31,0.00293649694160536
2023-11-29,3,115,0.2117834663708581
2023-05-03,23,150,0.761140276319561
2023-07-01,1,84,0.23308225326207654
2023-12-16,10,44,0.5739606622206438
2023-02-24,13,172,0.4944255892141036
2023-04-30,10,160,0.36904555179303
2023-07-20,20,83,0.8724177787664648
2023-10-17,2,200,0.9492467717484628
2023-04-01,20,54,0.8258427373941629
2023-04-03,18,137,0.8558909688944175
2023-04-18,16,159,0.23856644904880675
2023-01-05,11,76,0.6216246423513383
2023-01-19,18,164,0.5521907620883733
2023-06-29,2,185,0.7199553295450385
2023-04-04,3,114,0.2613376815222821
2023-01-20,11,172,0.6332630874031608
2023-01-23,1,11,0.7207215859164005
2023-02-13,12,198,0.3837767066194131
2023-10-01,19,74,0.7671135505467543
2023-01-22,7,102,0.7653479874066396
2023-08-25,2,40,0.17380932815866246
2023-02-17,25,91,0.08278252289923116
2023-04-12,22,13,0.7997263233194972
2023-11-26,9,100,0.6069341422550029
2023-11-15,15,158,0.4112473675683084
2023-01-30,11,20,0.21424087659806024
2023-02-22,20,56,0.4089824475161724
2023-07-22,2,159,0.8743196982138384
2023-08-30,5,151,0.9765574205802369
2023-07-03,11,85,0.10920716443895606
2023-04-10,7,64,0.5947756717896611
2023-03-30,10,67,0.8019773278628294
2023-03-03,16,122,0.7452089520296408
2023-06-24,10,186,0.5423059784517337
2023-10-31,8,89,0.8003052988085982
2023-04-30,16,32,0.05199356689192214
2023-06-01,20,104,0.9946970512989026
2023-04-04,18,109,0.9725776677307999
2023-03-27,8,149,0.030215525102753604
2023-06-20,14,8,0.20216433348215634
2023-10-04,16,42,0.6426023237934736
2023-03-04,7,189,0.4792947546056633
2023-08-06,14,29,0.6535677449690991
2023-11-28,6,86,0.7171074149534323
2023-05-27,3,55,0.5529595493874625
2023-05-31,25,96,0.08170253323581411
2023-11-03,1,33,0.10555199430970874
2023-02-20,3,170,0.286199909445808
2023-08-28,8,29,0.279376630704655
2023-05-11,23,97,0.10338497053920626
2023-06-23,7,200,0.797108901806474
2023-05-21,13,3,0.4163341068480525
2023-09-14,23,52,0.0782829301974105
2023-07-26,25,113,0.4569521483598331
2023-01-09,19,159,0.1542416582525411
2023-01-10,14,1,0.45664007378700033
2023-01-07,1,146,0.25001621107940064
2023-06-29,15,125,0.3002438539565836
2023-10-30,10,130,0.9185578390857974
2023-08-14,8,199,0.3147550140196178
2023-01-15,22,131,0.47282284223087734
2023-01-18,2,159,0.20243138905318658
2023-04-28,10,61,0.5458826785029032
2023-07-07,6,184,0.9086768498371806
2023-03-26,1,59,0.6173609694673169
2023-03-20,16,27,0.6169294962240265
2023-03-07,11,184,0.540892740439741
2023-10-25,11,156,0.6629259146263522
2023-10-26,22,142,0.7305245882840123
2023-10-03,9,178,0.9466818872873075
2023-04-21,1,84,0.5169258337277765
2023-03-12,5,167,0.22654994313773358
2023-03-17,5,58,0.7618855655492299
2023-05-06,2,9,0.6071469258291409
2023-10-21,14,39,0.42496919088196916
2023-01-02,9,65,0.33942685637173975
2023-02-16,3,188,0.38133976475282694
2023-11-28,3,135,0.7523299315529798
2023-05-28,4,187,0.5490104246677975
2023-08-11,23,44,0.24235018331176006
2023-02-24,5,8,0.7405547335956018
2023-07-01,6,193,0.4286889514921347
2023-06-08,17,145,0.004656674742590461
2023-10-27,5,38,0.7573433202630309
2023-07-22,4,171,0.5191703886737453
2023-10-06,20,124,0.13291710396425516
2023-10-18,14,64,0.6594399609345973
2023-02-02,10,138,0.315385658057348
2023-05-19,12,37,0.6498625400203042
2023-05-23,18,32,0.5467645020943257
2023-06-11,23,195,0.6741966974669448
2023-12-18,3,31,0.05430311589447401
2023-07-21,11,69,0.16915651655316766
2023-01-05,5,19,0.32340366998601966
2023-08-01,3,101,0.19969646649492812
2023-05-04,13,52,0.3847787823714026
2023-08-25,10,45,0.46117434511509947
2023-01-22,18,4,0.4879868174419725
2023-06-03,21,124,0.7595493865529398
2023-12-13,23,6,0.5975773847130389
2023-05-07,4,149,0.7798329010963244
2023-08-04,7,70,0.45061914626412136
2023-03-09,4,15,0.9313276388633729
2023-10-03,21,120,0.0879293410374623
2023-04-05,24,12,0.9721833692326081
2023-09-14,19,168,0.7981709708807531
2023-01-09,6,122,0.24096360756078294
2023-09-30,19,186,0.47772482308067843
2023-04-30,1,189,0.5323102467487927
2023-09-28,21,158,0.4800625460557144
2023-06-01,21,101,0.35557188471226875
2023-11-21,21,150,0.9988352822487215
2023-04-28,5,180,0.3800687738976857
2023-12-10,12,60,0.27818888178554546
2023-05-05,25,15,0.0933311936143596
2023-06-23,4,67,0.5378656566461524
2023-11-10,21,50,0.5283974978772116
2023-08-08,7,160,0.32532265146015227
2023-11-17,5,1,0.9191887947186523
2023-12-29,6,66,0.10260054583733569
2023-08-16,5,80,0.3744272133678397
2023-08-04,15,131,0.17836181592388822
2023-04-06,8,187,0.3763780680962504
2023-07-01,3,71,0.37142134816950134
2023-02-27,9,22,0.9370315800457722
2023-09-06,23,127,0.48616718072926723
2023-09-30,5,8,0.06761990284797736
2023-04-11,16,4,0.465316621379288
2023-12-29,24,184,0.4407305845072579
2023-09-14,22,67,0.6384641588730218
2023-02-13,1,100,0.9681026860728812
2023-09-02,14,199,0.02820541453213976
2023-12-18,25,109,0.07654934212589515
2023-05-15,8,100,0.9836321828824869
2023-11-16,19,87,0.38653825244541373
2023-11-28,11,25,0.24310860285599933
2023-12-27,22,171,0.008045796136823657
2023-01-12,10,8,0.7445783382442576
2023-01-26,16,185,0.1882099870257814
2023-01-09,3,188,0.2652276720145835
2023-04-12,12,81,0.0057352380164804595
2023-02-13,14,47,0.3493012382387768
2023-07-02,15,52,0.09017325985718383
2023-05-07,8,188,0.044470806739904334
2023-12-26,13,34,0.010921793938928781
2023-01-22,23,134,0.9183232948000982
2023-12-13,2,45,0.08871824347673385
2023-09-15,1,108,0.43229567001987645
2023-08-04,2,154,0.8126028152009371
2023-11-11,25,29,0.9854178302408002
2023-04-22,11,76,0.07641239767432206
2023-10-31,25,181,0.9351589864997596
2023-08-14,21,35,0.7154224067728335
2023-04-06,8,78,0.05582986273357238
2023-11-06,18,118,0.14529861188419035
2023-03-26,13,163,0.8582455318860556
2023-02-05,16,130,0.2857207919356124
2023-03-19,4,25,0.3764852278515911
2023-04-23,9,166,0.5385058175994548
2023-08-07,23,43,0.3811104463431185
2023-02-23,1,51,0.13252564231866926
2023-04-01,9,75,0.7824481066549351
2023-07-09,15,22,0.04841418936079955
2023-02-14,3,78,0.9163124297483467
2023-10-31,20,75,0.15810510965088553
2023-10-18,19,88,0.3553802504760042
2023-02-14,8,50,0.08700060656575792
2023-09-18,25,96,0.47839330598606755
2023-08-12,10,95,0.10783418827999525
2023-11-29,23,158,0.7000729420427084
2023-11-10,25,18,0.06421867674772941
2023-03-29,10,65,0.05890019175102856
2023-09-29,16,89,0.555964079588511
2023-07-24,1,51,0.08705641909038453
2023-10-05,7,5,0.5846606050811306
2023-05-13,24,100,0.40666134002272103
2023-01-01,16,38,0.23996853691732478
2023-03-20,10,19,0.8103865980114164
2023-01-28,22,54,0.13495958404953756
2023-04-25,10,176,0.35028725619879
2023-09-19,21,69,0.31139170077317324
2023-06-04,24,20,0.837001724758758
2023-06-10,6,23,0.5121097676318455
2023-03-09,9,18,0.9852301745097587
2023-06-02,8,89,0.569137876845366
2023-06-28,7,97,0.6304725269727318
2023-07-28,5,148,0.3542691534321579
2023-04-17,5,127,0.34368788791910077
2023-05-17,8,48,0.6885353806046013
2023-01-15,8,178,0.9959002245957178
2023-04-09,10,44,0.018345701592210606
2023-06-25,10,79,0.26882079526564706
2023-01-22,17,174,0.9203000414530397
2023-05-19,2,140,0.15286269692249155
2023-04-09,4,145,0.1197612684012701
2023-09-04,5,51,0.02849132684023259
2023-05-04,9,6,0.8909008054788501
2023-10-13,21,158,0.37965209775637154
2023-06-27,16,37,0.9885115889262129
2023-07-26,13,80,0.339000197977146
2023-03-10,3,49,0.9791466730993914
2023-04-01,8,54,0.7202766021722927
2023-02-10,25,18,0.21816932011981305
2023-12-26,16,113,0.22501660511319865
2023-11-15,1,18,0.3821136076205651
2023-01-08,5,11,0.9982529842326213
2023-01-09,14,9,0.20750435692935998
2023-03-10,6,63,0.7915707485283797
2023-10-01,13,23,0.22784889377401107
2023-08-16,6,139,0.013184836775459452
2023-04-11,13,109,0.6114603889919691
2023-12-05,19,145,0.554152733044843
2023-01-01,21,82,0.9616084268513756
2023-03-02,5,105,0.6566352262630594
2023-01-30,14,166,0.7691477670796522
2023-02-24,3,131,0.4814934668803392
2023-08-04,9,122,0.25523870387820236
2023-06-13,2,120,0.7894400657702917
2023-04-08,3,25,0.6344305540822281
2023-06-09,21,157,0.24387644819400145
2023-06-20,5,44,0.540263450141936
2023-09-09,16,100,0.5360047653773878
2023-02-05,21,183,0.7629159698254494
2023-04-26,24,117,0.37401096298635583
2023-07-22,23,160,0.4212757990476209
2023-01-17,1,39,0.16285726768847653
2023-12-22,10,51,0.11091220473659535
2023-03-04,14,3,0.922879953019546
2023-06-30,19,132,0.7107563222991065
2023-07-27,14,143,0.36067104239841297
2023-03-07,12,109,0.5662354197952655
2023-04-01,21,196,0.32608741590536805
2023-02-15,4,60,0.877077589942481
2023-05-15,17,186,0.0033579936303506086
2023-10-28,18,67,0.788406403445806
2023-09-01,24,86,0.46759682463800756
2023-09-04,22,110,0.6004598877806083
2023-01-10,16,14,0.26755811775795946
2023-09-11,1,19,0.18181523305579805
2023-09-24,13,159,0.20851888248392048
2023-10-16,12,37,0.6966277308068203
2023-10-31,11,143,0.19387044972374368
2023-04-20,24,76,0.5715801307270129
2023-09-10,24,143,0.327761595115484
2023-09-09,5,116,0.8239779967029527
2023-07-20,9,105,0.8639015149377173
2023-12-07,4,107,0.8974058228574417
2023-08-20,14,96,0.99383664994076
2023-06-08,19,109,0.008571072015083225
2023-03-12,4,130,0.18960356096017061
2023-02-07,13,107,0.46562727135329207
2023-02-09,18,109,0.9063023299965586
2023-01-06,2,57,0.8073289997978931
2023-08-04,19,188,0.7966015986095415
2023-07-19,21,161,0.13085998180604408
2023-06-08,8,48,0.8004378937001752
2023-10-03,5,183,0.5916615339034087
2023-12-03,6,148,0.4651099355232252
2023-08-12,20,61,0.5144349133209964
2023-11-23,1,89,0.5186209446778851
2023-11-18,6,98,0.6333558850671427
2023-03-16,15,154,0.8818922104418954
2023-02-15,20,85,0.5938126787414971
2023-01-23,3,76,0.6360087577278092
2023-04-14,12,59,0.20424969353899902
2023-02-24,24,192,0.09696658956975823
2023-10-08,22,109,0.23113232848421672
2023-06-05,25,77,0.8708192167763962
2023-01-31,15,191,0.8246445016509776
2023-07-08,24,74,0.29578674334300903
2023-12-07,9,124,0.5037505547613018
2023-07-24,11,157,0.5461536345268616
2023-03-28,24,112,0.7100582513853375
2023-12-14,15,37,0.015026553976894563
2023-06-23,18,105,0.6503728615629191
2023-08-13,4,170,0.2751030542960551
2023-03-24,25,40,0.9850359732320567
2023-11-29,5,114,0.9744709992356756
2023-06-06,10,27,0.32134600615370745
2023-09-04,18,70,0.3168756428506285
2023-04-16,6,142,0.7734975461204601
2023-12-09,8,53,0.1822239771654347
2023-02-24,24,28,0.5934021113636546
2023-01-19,1,166,0.7221427023644014
2023-05-25,6,28,0.750296805129751
2023-05-26,13,65,0.7605498122087273
2023-10-23,4,164,0.7532727608817363
2023-12-22,8,67,0.7442133305490573
2023-10-07,7,134,0.7781867435138506
2023-11-29,8,198,0.10885105663669903
2023-03-09,17,114,0.8973734595722126
2023-01-27,14,165,0.10637564109834441
2023-01-10,16,125,0.5360394758384572
2023-10-13,23,32,0.6965510753621411
2023-02-08,1,87,0.5955450061167095
2023-11-01,12,52,0.9048435395426746
2023-01-15,21,110,0.048034968218963026
2023-12-24,7,100,0.7004251234235069
2023-04-21,24,83,0.9278687450605106
2023-05-23,15,24,0.8608842751297802
2023-03-25,24,34,0.6015643605863271
2023-05-08,4,183,0.6698395129396831
2023-01-18,3,178,0.03646672144024554
2023-07-31,5,122,0.5858467405903576
2023-03-12,10,187,0.8645921642515925
2023-02-02,1,112,0.7812789303554722
2023-01-05,6,114,0.4763972721796713
2023-03-03,16,199,0.9686483826397674
2023-11-11,6,125,0.4414832242020158
2023-11-16,3,76,0.6447442072957243
2023-07-20,20,143,0.09631043170725395
2023-04-22,15,142,0.5029528091130192
2023-12-17,7,188,0.5386188504556251
2023-07-28,8,20,0.6195303499148849
2023-08-19,15,76,0.4877584520703082
2023-05-12,16,57,0.5832465675626942
2023-10-17,19,119,0.6260415689691708
2023-11-25,6,134,0.15950600837429596
2023-08-24,11,158,0.7107277864284552
2023-04-09,2,195,0.2957664746627876
2023-12-20,14,14,0.8900737664753502
2023-09-04,24,78,0.3491566079761297
2023-05-30,13,80,0.15846933573925837
2023-12-17,15,164,0.8796380048100062
2023-02-02,3,81,0.6498765214015949
2023-07-12,17,189,0.01526501771964417
2023-07-10,11,145,0.11614325884655896
2023-02-11,6,100,0.45298544078379743
2023-12-07,22,190,0.7818538043878297
2023-07-22,2,46,0.6018191097226975
2023-08-11,24,94,0.05055425729957275
2023-08-31,5,84,0.33586491260267504
2023-11-07,11,115,0.2084255785641167
2023-02-10,24,68,0.07408566218353152
2023-10-22,19,151,0.9258144319218363
2023-01-08,5,140,0.5276177351079369
2023-10-01,5,190,0.17743785796401323
2023-01-21,24,166,0.06341015168265496
2023-04-17,13,48,0.6376734912896517
2023-08-27,1,182,0.9457057687703202
2023-05-15,6,21,0.7277027624520874
2023-04-15,13,187,0.7556346592795097
2023-11-29,4,89,0.592260572821074
2023-06-09,21,35,0.39231200460542814
2023-11-21,2,48,0.00763239549771022
2023-01-27,16,162,0.41349607848385905
2023-04-16,17,189,0.010025158873138484
2023-09-22,4,129,0.09539815206939306
2023-07-21,19,3,0.7432593427819882
2023-07-24,23,16,0.958658187650825
2023-05-04,9,122,0.8673622196089337
2023-11-17,11,118,0.1684671373182648
2023-03-29,22,29,0.7055425937271033
2023-10-08,21,30,0.9773257400106461
2023-05-14,13,110,0.06558696220437621
2023-03-01,21,26,0.8691217891627645
2023-05-15,8,101,0.06742778168927088
2023-01-28,4,98,0.5218418356211632
2023-06-20,17,98,0.10444162370188725
2023-01-14,24,63,0.9853934275977589
2023-02-16,4,98,0.4096783710708952
2023-06-03,12,22,0.9973561306514376
2023-02-25,24,95,0.35272527409902077
2023-03-14,23,133,0.5553311537911922
2023-04-04,14,49,0.7992421841012817
2023-12-26,6,75,0.23392088447949833
2023-09-27,5,2,0.9700793266048533
2023-09-28,24,65,0.9921135436798305
2023-07-20,16,129,0.8847916457679093
2023-06-10,18,19,0.30651839367510425
2023-01-11,4,113,0.15481189331553857
2023-08-20,11,30,0.927455736655427
2023-10-06,22,180,0.3917610035044292
2023-09-19,19,43,0.14600345977798435
2023-09-16,16,91,0.706242282813446
2023-03-12,10,32,0.6908694352577853
2023-02-25,17,29,0.8657608315467277
2023-02-07,17,197,0.725816049953484
2023-06-10,19,104,0.21465485248991478
2023-11-26,22,157,0.8975117812592224
2023-07-23,9,195,0.824535084588657
2023-02-08,5,78,0.547923466502633
2023-07-09,9,160,0.24021082232701696
2023-03-07,13,10,0.5921314174294618
2023-07-03,22,28,0.13242415889363401
2023-03-05,10,129,0.9008000038652401
2023-01-07,21,160,0.25012597107778434
2023-12-24,21,13,0.19803867520430518
2023-07-14,20,181,0.7066238306980672
2023-06-03,3,42,0.620665427220074
2023-06-29,6,48,0.8987295947223921
2023-09-03,23,77,0.32024686123888757
2023-08-31,14,105,0.16678171542033782
2023-07-16,12,127,0.7998172324383059
2023-03-29,11,141,0.5201971215755741
2023-03-03,8,109,0.7199196592157724
2023-11-07,7,60,0.9439217712474396
2023-08-02,17,38,0.27771682771801387
2023-01-19,23,129,0.9666457752593316
2023-11-28,2,73,0.47294045719337785
2023-08-04,13,149,0.1342191739167321
2023-10-09,16,160,0.8093231803945639
2023-11-23,13,74,0.0043424417407370575
2023-12-07,4,103,0.9604017550317369
2023-11-28,9,43,0.5955697992915644
2023-12-24,25,100,0.9208757039198568
2023-11-07,6,26,0.6769203084815345
2023-01-07,16,136,0.7022782723217206
2023-05-12,18,165,0.49126179053506414
2023-06-04,8,71,0.5046586000673854
2023-04-18,22,153,0.4747197930756313
2023-10-08,10,200,0.2539588237041741
2023-12-31,17,128,0.30263432022787196
2023-08-19,13,4,0.7405432628146528
2023-11-13,20,44,0.2207290165905733
2023-04-08,16,172,0.755635841623832
2023-11-23,25,134,0.07423941650803567
2023-11-09,8,146,0.4681600029637425
2023-04-27,5,128,0.42443475439221634
2023-08-08,2,135,0.8275158759394048
2023-08-09,12,141,0.7477525476568212
2023-05-01,22,89,0.536038503875204
2023-10-07,22,194,0.7433933872915702
2023-02-27,18,197,0.8894475364429137
2023-04-27,14,33,0.2563200434022268
2023-06-04,4,109,0.9794602628672259
2023-03-15,4,161,0.2543708378193186
2023-11-07,16,91,0.9086593761083689
2023-10-03,1,195,0.29461675560236
2023-10-15,2,20,0.6721436293542755
2023-10-27,1,24,0.1515631811538718
2023-06-18,16,39,0.380520152581175
2023-02-20,13,63,0.7300972462041105
2023-08-26,16,80,0.42419875841527876
2023-12-19,20,99,0.456173094506382
2023-11-09,7,128,0.6436649817200217
2023-08-21,21,186,0.6564891807551578
2023-03-18,20,101,0.557531761041778
2023-03-02,3,109,0.8802617338367525
2023-04-19,11,174,0.8193056770812391
2023-10-30,3,55,0.9947139795687726
2023-08-28,1,40,0.19507108509898707
2023-11-09,20,36,0.4629688334516222
2023-09-12,6,191,0.8807216562433613
2023-10-08,14,151,0.2970802332279202
2023-04-12,12,65,0.46665685587472616
2023-04-15,13,123,0.3729880406884274
2023-04-26,25,117,0.9266907419050384
2023-03-20,6,63,0.3783598198203273
2023-05-16,7,34,0.8120541629002156
2023-12-15,25,1,0.0006542439568658631
2023-08-22,8,40,0.24446891806130655
2023-08-30,23,28,0.08846639771466736
2023-10-25,23,174,0.7401084246837117
2023-11-15,7,28,0.2959038661256609
2023-07-21,18,193,0.9121931703975973
2023-07-08,14,158,0.11871042646223606
2023-06-27,17,112,0.11973360806862776
2023-06-18,15,36,0.4610027449806021
2023-03-07,14,171,0.5028468821414606
2023-11-04,18,154,0.5743676681650209
2023-03-12,1,65,0.3535471600794845
2023-09-30,16,54,0.6303814680745389
2023-08-14,25,169,0.7078448136395339
2023-10-14,13,73,0.2751728737707687
2023-02-15,1,149,0.45403378364755176
2023-04-08,6,28,0.7565675114166205
2023-11-05,9,172,0.27476632364375175
2023-09-15,17,178,0.7242978798518883
2023-06-27,20,160,0.7480794623645808
2023-06-29,24,5,0.5372240455724968
2023-05-20,22,82,0.466338522987207
2023-09-27,10,174,0.5922334853882862
2023-01-29,23,65,0.2028895531373146
2023-09-17,10,23,0.07068802617353154
2023-07-04,3,133,0.7604342538026474
2023-09-15,1,98,0.781879626619171
2023-07-17,21,66,0.5629672971722334
2023-12-14,14,103,0.9027569510055324
2023-03-30,5,50,0.7854013388928186
2023-02-01,21,165,0.3231384712799925
2023-04-22,8,182,0.23065781336945745
2023-06-11,12,94,0.7513909186038972
2023-09-09,23,101,0.21269841806657086
2023-08-17,17,86,0.07131792133910575
2023-12-28,7,136,0.6784768647430299
2023-08-15,2,14,0.7089745073545533
2023-02-01,22,4,0.23237955065255356
2023-04-11,12,172,0.6415227898091824
2023-12-16,8,165,0.33605137144273567
2023-06-14,11,197,0.9376191244358552
2023-06-21,18,178,0.9291323704217305
2023-02-01,11,166,0.5074698906692134
2023-09-05,12,159,0.10727606688528879
2023-08-30,20,153,0.38798133681339875
2023-02-26,24,45,0.622098298239085
2023-12-21,11,152,0.7138082988793965
2023-01-01,23,64,0.9713806658189661
2023-11-03,16,134,0.2307122128504583
2023-12-16,10,55,0.7427105489531921
2023-10-09,25,26,0.5023589241026214
2023-09-17,23,128,0.31035517914614974
2023-12-19,24,151,0.8575933931473556
2023-06-02,17,101,0.4540202151234364
2023-10-13,17,123,0.8332602329703782
2023-10-27,14,2,0.7639910022426393
2023-02-03,17,46,0.5119573737784311
2023-09-09,8,59,0.22221223833088044
2023-01-31,24,14,0.9356393981142346
2023-05-21,5,19,0.9623823231648886
2023-01-08,9,27,0.6227134822564548
2023-09-28,6,85,0.29690518688858025
2023-11-27,17,163,0.3198703079312666
2023-05-07,18,152,0.6276122235230899
2023-07-15,11,38,0.4518470007188444
2023-03-11,18,77,0.26930332903062304
2023-10-22,10,195,0.007888091878621828
2023-01-30,7,47,0.869449535600763
2023-05-10,17,111,0.3507700498322268
2023-06-30,12,56,0.7987832435981652
2023-05-22,7,57,0.10531895346919795
2023-04-13,8,113,0.7080511231173231
2023-06-01,25,79,0.18601278913254915
2023-08-23,7,42,0.7074520407345803
2023-03-08,12,106,0.6318030790281948
2023-11-21,24,165,0.8548583368682965
2023-10-10,17,73,0.8049121442003079
2023-11-17,8,34,0.7250422608936964
2023-02-10,21,67,0.2457681736858851
2023-07-04,19,176,0.04119479833781814
2023-08-12,19,151,0.2171161417678359
2023-07-20,9,88,0.18628778128123047
2023-08-28,23,61,0.7632548502184276
2023-11-20,13,14,0.22820788240294365
2023-09-17,6,126,0.31160227392591444
2023-03-06,24,124,0.983940060650539
2023-02-02,2,24,0.33714710134004977
2023-01-08,2,192,0.19005099641970036
2023-11-30,16,5,0.433236100376192
2023-10-27,24,3,0.1878224765066363
2023-10-24,3,123,0.45957549050743385
2023-07-10,16,65,0.33152115751817035
2023-08-05,12,26,0.3252018630812439
2023-10-30,12,134,0.0939811437217456
2023-04-15,9,165,0.4009264461624801
2023-05-03,22,8,0.9971403898449647
2023-07-05,2,151,0.951688640484218
2023-10-28,14,187,0.9185587851804479
2023-09-13,18,100,0.028589997120454957
2023-06-16,13,3,0.3697308636516331
2023-02-04,7,30,0.5068436841546279
2023-06-13,19,183,0.09153547135775209
2023-09-17,15,113,0.08162990159874817
2023-07-30,7,46,0.7464849942179568
2023-11-22,5,26,0.8549179507579486
2023-08-31,5,18,0.277170669431827
2023-03-01,22,48,0.755367123150931
2023-08-04,11,70,0.8654667355749973
2023-12-24,13,158,0.3206998752469561
2023-06-17,23,143,0.013274154168563701
2023-09-12,2,59,0.5297823671104149
2023-08-21,15,165,0.870994848169821
2023-07-07,4,157,0.07245627654256404
2023-07-21,13,65,0.3332053960842054
2023-02-16,4,65,0.7725759427301907
2023-07-20,8,58,0.8016675054940751
2023-11-28,20,61,0.8284039056776633
2023-07-10,25,151,0.683883592253681
2023-12-20,19,29,0.22840426521815393
2023-05-04,20,37,0.795051220919202
2023-06-16,13,2,0.48635819190268703
2023-06-19,12,41,0.7807230730284597
2023-06-15,17,112,0.47609954268231536
2023-04-15,3,144,0.519378741154275
2023-07-04,20,96,0.6086755047885519
2023-10-16,16,182,0.9367513626544358
2023-09-17,6,16,0.8526269500919497
2023-03-24,17,149,0.38574836208042207
2023-11-06,1,61,0.5558814167004741
2023-01-15,19,118,0.11391837538001504
2023-03-17,11,163,0.9263831839436347
2023-05-20,15,180,0.6915900814798303
2023-09-07,11,49,0.3446025093182028
2023-04-07,12,199,0.9365083830666422
2023-11-17,23,8,0.6546354509235002
2023-08-26,25,147,0.22044022020656706
2023-02-27,16,125,0.1598178210177833
2023-09-02,13,37,0.2355244587090748
2023-07-16,24,18,0.23543731850686567
2023-08-31,1,161,0.7874007410428134
2023-02-04,19,96,0.7528325096396341
2023-07-20,18,62,0.8908745623506495
2023-02-13,4,179,0.05258200505866384
2023-04-04,23,32,0.09564421780540511
2023-06-01,4,151,0.7781091095276602
2023-06-28,24,9,0.18434581729977284
2023-12-30,5,122,0.1623288793088885
2023-06-10,15,79,0.25415672146735546
2023-07-17,14,48,0.169198832667114
2023-09-28,7,128,0.30090590353542124
2023-03-23,2,145,0.5646718015111266
2023-04-14,15,144,0.6767966722879359
2023-03-24,23,112,0.1194117909092568
2023-07-26,13,113,0.09551307122161623
2023-02-07,9,142,0.584202312329845
2023-03-25,19,144,0.6470450142121725
2023-09-28,22,70,0.30214851344641325
2023-07-19,13,167,0.3785938709090202
2023-06-12,20,138,0.6389480229247702
2023-12-29,1,124,0.15945029644534947
2023-05-16,21,86,0.07579229108912067
2023-02-18,13,181,0.9716014885121479
2023-11-18,6,132,0.4465939620357857
2023-01-09,18,161,0.45479742063884854
2023-08-08,9,118,0.7972705244764634
2023-07-18,11,124,0.8282153274590462
2023-10-21,16,140,0.6662528407983772
2023-01-30,6,94,0.9435900022688558
2023-04-20,13,61,0.3365791228737248
2023-08-22,16,113,0.9993531879082779
2023-07-09,3,107,0.34576771266965056
2023-06-11,11,99,0.42268019783253197
2023-05-08,15,146,0.753291958350683
2023-03-26,2,180,0.3358456061331011
2023-12-21,6,56,0.44752457399142676
2023-06-08,2,37,0.5467124094533745
2023-07-03,11,182,0.6760383014356124
2023-09-13,2,129,0.5550225244583166
2023-06-20,21,104,0.42289146425588775
2023-03-29,4,115,0.44956406433718543
2023-04-30,24,122,0.08318287109906031
2023-04-16,18,115,0.06550546360159237
2023-01-31,21,98,0.005112816321385827
2023-08-25,16,131,0.40846064218166367
2023-08-07,6,71,0.8287945242211917
2023-02-18,23,68,0.615893001841661
2023-05-20,4,137,0.8389237714384714
2023-05-26,14,47,0.4383869500360955
2023-02-26,11,151,0.817724743328267
2023-09-06,2,145,0.5557292356958545
2023-01-23,22,190,0.6129328897230316
2023-08-08,25,27,0.8891357258107593
2023-04-02,13,85,0.18069976316322178
2023-07-17,10,138,0.7286393537304146
2023-10-07,12,105,0.24923892558982919
2023-02-09,14,100,0.3483838778063183
2023-06-17,15,7,0.8575564491135959
2023-06-19,13,187,0.9789018169204011
2023-02-28,19,109,0.587651424173915
2023-04-01,5,136,0.6442193618832526
2023-01-21,6,131,0.6572726091629049
2023-07-10,11,134,0.01077002850424269
2023-04-17,16,168,0.3169072500038549
2023-01-27,6,193,0.6754000160928735
2023-07-28,17,128,0.7101159229303152
2023-10-28,8,92,0.8476290009895802
2023-06-18,8,188,0.504516493174824
2023-03-06,23,155,0.2668302560795969
2023-09-30,10,168,0.6896854505662496
2023-12-27,16,52,0.3879293883389273
2023-09-05,23,142,0.4839511827709735
2023-04-02,3,80,0.8539719198432578
2023-09-13,4,157,0.8290938245213114
2023-08-16,24,96,0.657562368673206
2023-12-10,2,19,0.5725310158458526
2023-07-23,12,149,0.3123647437311565
2023-12-08,17,150,0.7929119667466101
2023-05-17,1,156,0.6870452194145197
2023-10-20,17,53,0.7857945794384978
2023-07-08,4,52,0.4148588114682401
2023-01-20,24,187,0.012691841324592223
2023-02-26,16,88,0.8197483706089503
2023-01-02,8,26,0.9347795467870879
2023-02-03,6,158,0.025142622100485235
2023-07-04,11,147,0.6774823031226741
2023-10-03,5,119,0.0775403831549577
2023-12-27,17,197,0.4817519760122927
2023-06-10,19,178,0.9864584678642762
2023-02-24,15,120,0.3551946258899724
2023-07-16,25,124,0.6174587485629098
2023-04-18,9,12,0.5871022503253921
2023-11-10,13,87,0.6369555542118185
2023-07-15,10,142,0.7015435983932368
2023-12-19,10,200,0.2260456306424533
2023-01-23,3,28,0.37235084902971727
2023-02-14,19,41,0.22649666953732794
2023-05-09,3,194,0.8189669315481577
2023-03-31,7,56,0.09297057347122428
2023-07-29,18,24,0.4839721306353344
2023-02-28,21,15,0.20713032219752125
2023-08-03,17,130,0.7154764073419391
2023-03-27,16,107,0.6484712613780396
2023-06-24,11,74,0.42325956668934095
2023-03-11,4,143,0.10571840822138812
2023-11-05,1,149,0.3897370493192107
2023-08-29,15,19,0.27975561662795834
2023-07-06,16,116,0.009135056002401165
2023-11-23,9,129,0.28455407168966307
2023-04-04,21,195,0.6717179326988025
2023-04-14,20,133,0.8557526118442073
2023-01-14,3,71,0.5991455408735242
2023-08-01,10,17,0.5168775475273768
2023-01-03,11,113,0.45639511517854237
2023-06-10,2,142,0.27451868036582605
2023-06-18,20,52,0.927732809652338
2023-07-10,14,85,0.8677067703687106
2023-04-30,23,83,0.48084133972044196
2023-05-08,1,179,0.6105809810060427
2023-12-01,16,128,0.4705205674260111
2023-07-19,4,159,0.3465395257862651
2023-08-23,2,132,0.0077582655031693815
2023-11-28,19,34,0.6572663172221728
2023-06-05,15,180,0.21159325390762274
2023-01-22,20,114,0.14224462281347072
2023-02-28,5,138,0.43238562681610826
2023-12-02,19,67,0.9410762992599602
2023-02-01,14,129,0.5384707252546888
2023-07-17,17,181,0.4811324944897223
2023-02-18,14,160,0.5682325572574939
2023-06-08,16,156,0.4091886581120211
2023-05-05,18,194,0.3502774703210917
2023-10-07,21,79,0.018434309930768666
2023-08-15,1,59,0.23051988799156908
2023-05-30,11,118,0.12255921569516925
2023-01-26,9,67,0.6176419278051004
2023-11-25,15,24,0.8475191821829625
2023-07-05,24,189,0.9800366488977429
2023-07-26,7,157,0.5946405855013777
2023-03-11,2,84,0.8558921629542832
2023-11-30,20,169,0.25257742873028954
2023-07-17,4,75,0.7255708367654209
2023-10-29,3,191,0.6546173757772322
2023-07-13,21,64,0.22012811775097918
2023-08-09,2,79,0.048339290726354234
2023-09-17,16,150,0.8021606873712633
2023-08-31,13,113,0.9725579120411583
2023-03-23,19,20,0.8077385865033392
2023-11-18,17,28,0.33875174100226724
2023-10-03,5,110,0.04842562429932584
2023-01-12,2,51,0.7826186001030063
2023-09-13,19,61,0.20622820284411514
2023-04-24,4,34,0.6808574214123232
2023-09-13,2,186,0.9815405341637103
2023-02-03,22,101,0.8376123613629753
2023-07-08,17,200,0.22177276820327785
2023-10-10,4,126,0.7943176780166478
2023-03-11,12,100,0.8951740043246477
2023-11-06,7,9,0.3166575589458509
2023-02-06,18,131,0.17934659195822444
2023-11-09,11,45,0.5655261539600999
2023-11-12,4,68,0.28260813219626213
2023-06-19,12,46,0.07053421427082762
2023-04-17,18,200,0.6070391011235471
2023-03-25,1,154,0.9863246167981302
2023-11-25,1,58,0.3603428511713199
2023-11-04,17,98,0.9692678427626613
2023-12-05,15,184,0.23660949143276855
2023-02-21,16,180,0.10382822275703707
2023-03-20,4,126,0.5266175448484621
2023-04-21,8,54,0.5684962980565387
2023-02-01,20,119,0.17951182037296542
2023-12-31,2,197,0.9538298826190336
2023-11-20,8,63,0.19605148797026384
2023-06-14,17,128,0.1540089351729178
2023-12-26,21,61,0.14411258884155964
2023-09-17,9,84,0.7669120817587631
2023-04-03,16,144,0.6975687910402433
2023-08-01,24,44,0.39512358978098794
2023-11-09,18,79,0.7473701770447915
2023-02-11,25,81,0.05256982476219596
2023-05-04,2,62,0.15486285514265874
2023-08-14,23,74,0.05702569490891651
2023-06-30,3,154,0.9975030367024692
2023-07-03,9,175,0.0634805333148083
2023-01-26,25,2,0.3125524047880608
2023-08-03,10,1,0.7416212674330559
2023-03-01,3,119,0.753883214021668
2023-08-27,19,76,0.49230897597321566
2023-03-09,21,171,0.11453077165796177
2023-03-29,18,109,0.7778458112443547
2023-05-15,13,81,0.16120538025946296
2023-12-20,12,17,0.46697472817738017
2023-02-17,11,109,0.964383277084095
2023-07-25,10,103,0.8715091748790976
2023-06-16,14,158,0.5071728674898919
2023-08-04,23,157,0.7817560025669223
2023-04-03,22,183,0.49773758165362036
2023-11-29,11,5,0.9373505488224814
2023-08-11,12,134,0.055530189094303295
2023-03-16,1,24,0.6919046468797047
2023-04-03,21,19,0.6232288732856949
2023-02-24,7,86,0.7878539369617329
2023-09-21,11,48,0.46721743434539087
2023-06-02,16,84,0.844852068907861
2023-03-05,22,23,0.09843207759045092
2023-02-10,9,194,0.08031921559376154
2023-03-18,19,12,0.6274396114256617
2023-11-06,24,68,0.7170502027346768
2023-07-31,5,67,0.8779417303250345
2023-05-13,17,99,0.8655305657770288
2023-07-18,7,57,0.9641265916280705
2023-06-25,18,70,0.37874879649288173
2023-02-19,5,152,0.4987221414142974
2023-01-13,2,36,0.12823067872100902
2023-01-13,4,71,0.7468707489385169
2023-07-23,12,183,0.30574238516543006
2023-08-31,5,144,0.6281506723855261
2023-02-17,17,105,0.3101966304065459
2023-02-19,15,199,0.9055780380671756
2023-04-17,13,57,0.9311048199521679
2023-10-31,2,118,0.6950250838604294
2023-03-06,15,12,0.10496481599694607
2023-05-26,23,44,0.06348886570685752
2023-01-04,23,47,0.9273260131074499
2023-03-27,25,69,0.9609210432657193
2023-09-29,16,126,0.016822155134077477
2023-09-08,12,128,0.508152351256448
2023-12-20,1,32,0.04942602552095865
2023-12-15,8,25,0.8552025697516151
2023-09-07,11,182,0.46629788205336054
2023-07-10,20,71,0.8625217469640143
2023-03-03,20,26,0.8248206417224825
2023-05-14,20,107,0.08649395262380999
2023-03-25,25,80,0.3966009908862421
2023-05-21,2,173,0.7219550422209617
2023-03-09,8,87,0.28816562374980625
2023-09-16,13,178,0.12187219454110565
2023-06-22,23,5,0.12792051296644413
2023-04-28,22,18,0.08986721937126252
2023-09-11,5,199,0.1716174678150416
2023-05-25,7,13,0.015363413690474559
2023-04-10,21,49,0.9013487142090904
2023-11-07,20,104,0.589468197954231
2023-03-01,7,16,0.5433666529659035
2023-03-11,10,165,0.9019892883489087
2023-02-23,11,189,0.5757864894341793
2023-12-08,25,118,0.046592596982254264
2023-12-30,16,165,0.4817718075982199
2023-07-12,7,26,0.6226495354935498
2023-09-18,20,79,0.37408339990725914
2023-01-11,18,138,0.30641760868838896
2023-05-31,7,153,0.898429083238551
2023-07-14,17,97,0.2654761960719948
2023-05-12,18,101,0.9175712449219771
2023-12-26,14,151,0.09706183666592239
2023-07-20,22,82,0.9691540016419381
2023-01-13,6,109,0.3070205838415049
2023-07-08,25,130,0.8119793804869445
2023-07-15,20,65,0.07415900572968748
2023-03-18,10,116,0.4361186313332638
2023-02-17,11,48,0.7377846516080833
2023-09-29,9,50,0.7096301988514362
2023-05-18,23,30,0.9396851933284381
2023-01-01,1,20,0.7342147624870872
2023-09-25,1,188,0.5526876417186981
2023-02-13,9,158,0.4813010092275649
2023-02-11,16,119,0.6951301933997556
2023-01-24,13,81,0.31100032834134894
2023-08-26,3,176,0.2926086970341426
2023-07-16,21,32,0.29333371981684797
2023-11-08,21,81,0.5934367074137833
2023-08-14,9,75,0.11197436029299446
2023-06-04,12,106,0.17758334857098346
2023-05-18,9,43,0.858558645067156
2023-04-08,8,34,0.9503261611519707
2023-08-13,22,106,0.031193327050531794
2023-08-23,16,109,0.6173409617850896
2023-12-28,22,188,0.08640735366420393
2023-06-02,3,168,0.056765833592771875
2023-06-07,22,42,0.6303846593914023
2023-11-26,17,147,0.04583216008732205
2023-10-15,15,54,0.1724999063821453
2023-09-24,24,136,0.679599739801733
2023-06-03,13,200,0.9090736510183399
2023-04-30,13,4,0.6007652386179031
2023-08-27,10,82,0.48589139399694736
2023-02-25,16,144,0.827657237673806
2023-08-09,17,24,0.06448667982424783
2023-06-11,9,147,0.6963421930754141
2023-09-30,7,113,0.08852174557316084
2023-02-27,10,196,0.32443852383732374
2023-09-26,23,164,0.3424530155364244
2023-11-02,9,93,0.5734205032226423
2023-02-20,17,62,0.9205515389622775
2023-01-31,15,134,0.43167121445694534
2023-04-11,21,94,0.2943507733536517
2023-07-07,13,153,0.0998514677996809
2023-09-17,5,164,0.9158656127115741
2023-10-28,6,39,0.3490888000067607
2023-07-19,17,12,0.501567553383109
2023-11-24,19,83,0.7544266159580895
2023-05-26,7,165,0.06685895996394997
2023-01-05,24,6,0.949342896234158
2023-11-08,25,117,0.23904196354476148
2023-05-02,19,59,0.3725839229343676
2023-12-09,10,138,0.4997633018377037
2023-11-19,4,25,0.806888266519663
2023-05-07,14,83,0.9440844294548678
2023-06-05,3,172,0.3778671966052978
2023-03-18,18,105,0.19497450081236678
2023-03-10,24,120,0.36576906773317264
2023-06-24,7,191,0.8653958357431856
2023-10-29,1,34,0.016595655123853192
2023-03-13,2,73,0.9096034889897934
2023-04-08,16,134,0.29179241070853534
2023-04-01,21,27,0.8181798402093681
2023-04-02,20,6,0.3147795363049991
2023-05-06,14,107,0.11662510004874482
2023-09-19,23,194,0.6565332535829925
2023-02-19,24,163,0.2519212080415071
2023-11-25,24,4,0.42934949423947044
2023-02-12,14,65,0.49445562569542145
2023-06-22,24,101,0.8926801719616165
2023-12-20,19,129,0.940346866491036
2023-07-06,23,182,0.5449113776023929
2023-05-30,18,156,0.9564798701582116
2023-11-08,19,196,0.7629930572446888
2023-12-13,20,131,0.37865006344069263
2023-12-15,4,66,0.6321960367223926
2023-11-03,15,29,0.236587522515878
2023-10-04,22,119,0.20542966011840746
2023-03-06,22,58,0.7867471897596993
2023-11-18,1,164,0.1759680678845319
2023-03-14,11,68,0.8837366087404074
2023-07-16,2,37,0.5557976236365544
2023-12-10,19,22,0.034983381396520796
2023-12-21,19,185,0.8547418442037469
2023-01-24,19,47,0.46078564950807555
2023-03-12,15,156,0.5936201647929921
2023-04-07,23,24,0.5749042476554436
2023-04-25,17,8,0.8009778529551247
2023-03-23,14,30,0.643401212622059
2023-06-03,21,15,0.23436409117966028
2023-08-05,18,64,0.6920844870519959
2023-09-13,3,53,0.08832262763133647
2023-08-06,18,35,0.2488470977103694
2023-09-04,25,108,0.0015138951064005424
2023-02-01,25,16,0.663958264959346
2023-03-20,18,102,0.7344038521036431
2023-02-20,17,195,0.2665164467734088
2023-01-15,1,94,0.2624579285371309
2023-11-28,4,28,0.8167480760485589
2023-12-16,25,156,0.2808423637301155
2023-11-28,6,104,0.5548565685021145
2023-04-13,22,1,0.8458979932711991
2023-03-29,22,36,0.4140597139826212
2023-01-22,7,193,0.7155650263435491
2023-03-20,21,90,0.8325270172819278
2023-10-16,24,101,0.44416057850429935
2023-08-16,16,98,0.7649894262632843
2023-03-01,23,11,0.21797404693979672
2023-02-21,11,55,0.6112995516624025
2023-03-14,15,180,0.08175769368732033
2023-03-16,21,39,0.5411747846894692
2023-10-04,5,68,0.8446240938935453
2023-01-08,16,93,0.8585121398473604
2023-12-07,7,165,0.02637353194401182
2023-12-09,9,73,0.2442611888736792
2023-07-06,11,61,0.8827857380070194
2023-08-08,15,130,0.5852208297474986
2023-12-03,24,115,0.13888681652622215
2023-08-05,3,102,0.4037739781192945
2023-05-17,4,170,0.8615373288864515
2023-02-18,12,177,0.8306894180119091
2023-01-10,3,127,0.18970787969694392
2023-04-07,10,190,0.14780524877922152
2023-07-07,18,162,0.7147067682584874
2023-11-18,1,175,0.5580847797613036
2023-09-11,10,14,0.4537531039030239
2023-06-28,20,23,0.6181938065810797
2023-09-12,7,151,0.411967689194774
2023-05-10,3,15,0.0811896509404666
2023-08-02,21,196,0.9607094977696202
2023-06-12,25,63,0.12651750045739207
2023-05-27,21,16,0.8756892407733334
2023-07-25,2,27,0.5133490130083037
2023-12-17,10,150,0.43789657384084846
2023-09-12,1,10,0.9033617647977231
2023-08-02,17,85,0.9989867321545505
2023-06-17,11,184,0.01403291705133003
2023-10-31,9,55,0.9425902886372652
2023-05-12,20,100,0.8400409166461531
2023-02-11,12,5,0.20627856111456744
2023-10-29,7,179,0.8635241603221975
2023-01-12,21,165,0.03515702601272819
2023-07-20,16,27,0.06540857230380792
2023-09-27,13,58,0.9725755017049466
2023-04-14,12,155,0.6811149981716788
2023-11-09,7,4,0.8925159167167374
2023-03-12,3,17,0.3455992406335673
2023-04-20,25,97,0.135576682790709
2023-11-26,20,99,0.5977978438692471
2023-06-30,14,36,0.3948604282809943
2023-12-06,3,53,0.918830530884335
2023-11-03,11,143,0.6551567347561215
2023-06-13,6,179,0.5926736045550002
2023-03-20,5,148,0.8967291763709736
2023-08-29,15,8,0.4641205317792966
2023-08-23,13,5,0.3300255138643917
2023-02-04,20,24,0.014217827004033623
2023-09-17,13,39,0.19042257949817354
2023-04-06,11,134,0.8619383952210266
2023-02-09,13,19,0.3633234551767571
2023-09-11,20,156,0.7437834790247839
2023-04-12,8,167,0.2107086500571579
2023-09-17,16,138,0.37582224375365725
2023-04-19,20,116,0.9404387877173759
2023-08-20,3,34,0.6190431020556993
2023-01-22,21,171,0.04014347447029498
2023-08-13,18,66,0.5753305402615765
2023-11-19,20,75,0.3802908956198561
2023-07-23,20,67,0.42362157980472037
2023-02-25,11,127,0.15232291246027985
2023-10-21,4,70,0.6655123396282123
2023-02-24,10,8,0.9911247225962614
2023-08-09,4,57,0.801022634480046
2023-03-29,6,196,0.25058709087988695
2023-02-14,12,45,0.6812515607026973
2023-04-02,7,45,0.5121151392916621
2023-08-13,8,130,0.2319319352242225
2023-04-27,14,134,0.09976989658657265
2023-03-11,17,195,0.016523038470559803
2023-03-19,15,80,0.6110168458113404
2023-11-12,25,80,0.29372494056698806
2023-08-05,11,195,0.08434056141491675
2023-05-21,14,101,0.4086204623332328
2023-05-20,9,52,0.0248785577303422
2023-07-10,1,138,0.6714528731651394
2023-08-16,23,174,0.11125604027872349
2023-11-13,16,150,0.009440519739811637
2023-12-22,13,174,0.6623789568556872
2023-09-11,14,200,0.9016134463251294
2023-01-13,9,77,0.6598168028378311
2023-09-21,10,71,0.26358897502495393
2023-11-26,22,1,0.7340234953791167
2023-05-31,11,116,0.7486569244217992
2023-05-28,20,87,0.011140753393447222
2023-06-26,23,78,0.021913905396993005
2023-11-09,14,132,0.1101223392473678
2023-07-03,7,188,0.6658765087818421
2023-04-19,9,103,0.4035314642679102
2023-08-05,23,153,0.13403227460652167
2023-10-23,11,168,0.684037019144541
2023-05-24,18,105,0.9488931841509565
2023-02-03,11,200,0.13270727060027676
2023-07-07,18,83,0.44451426765889956
2023-05-17,2,145,0.3079556835490791
2023-11-28,3,29,0.9288512752718804
2023-08-04,4,171,0.9742636838276889
2023-03-26,8,136,0.6073242506316704
2023-11-02,1,99,0.567332666670084
2023-08-23,8,10,0.4048177012703861
2023-08-05,11,6,0.16401812021015938
2023-08-11,20,123,0.015024943095885979
2023-01-10,7,184,0.7114482060654032
2023-02-11,7,49,0.714321879691619
2023-09-01,4,82,0.30271565820468027
2023-11-09,7,82,0.1699278706434849
2023-03-19,20,132,0.22115225793754656
2023-12-23,6,61,0.6477363127937942
2023-02-02,25,4,0.7947049243967588
2023-01-10,6,190,0.1889044607641689
2023-09-08,24,90,0.6920415803319547
2023-02-24,8,50,0.13642562824436655
2023-12-15,7,178,0.4140891903804311
2023-12-16,2,178,0.5650628003084608
2023-02-28,24,158,0.5744496442725883
2023-12-02,12,126,0.9911736405153816
2023-06-28,7,115,0.4645231368926189
2023-01-20,10,162,0.8096858636742909
2023-09-15,7,41,0.36956289076326954
2023-07-15,7,141,0.4796028249672186
2023-08-28,12,152,0.7464382651960337
2023-10-25,4,23,0.7430721711467589
2023-02-06,10,57,0.5107122526251411
2023-05-12,15,72,0.552846035174216
2023-11-03,1,121,0.6108386765554201
2023-09-30,16,45,0.16978216237654142
2023-08-27,12,162,0.6128200994285423
2023-06-09,20,20,0.5319913968542693
2023-06-20,8,49,0.44895448115844794
2023-01-10,15,27,0.7339512805100848
2023-07-04,16,146,0.5559776654905374
2023-05-05,17,49,0.9112073675370957
2023-09-30,19,63,0.680587862022204
2023-05-13,13,198,0.021984304337251404
2023-02-27,16,151,0.7266200701618009
2023-07-01,13,21,0.4089605711610983
2023-03-11,15,71,0.41586115890477915
2023-08-06,9,11,0.39182450208592756
2023-07-30,16,73,0.9986629928544282
2023-12-06,12,187,0.3876545450226102
2023-01-11,12,159,0.961177565423287
2023-09-08,17,117,0.8555522103199391
2023-01-20,11,147,0.6919949834509076
2023-09-19,18,58,0.730598119723327
2023-06-18,11,77,0.5493332086056028
2023-12-09,24,46,0.5694456363937178
2023-03-10,15,84,0.7842133818853829
2023-04-25,11,142,0.9377018286389857
2023-08-28,18,46,0.6364694036462523
2023-12-22,3,116,0.766705059155344
2023-01-13,18,165,0.20359025790481966
2023-12-30,2,49,0.8552683208206264
2023-05-14,7,1,0.9582919762849664
2023-11-10,21,138,0.19292101676240436
2023-09-30,7,42,0.6384643330383285
2023-12-13,2,19,0.601413368325912
2023-01-30,9,196,0.597252333492217
2023-11-03,1,144,0.4841083057507015
2023-08-11,15,43,0.5171892815232119
2023-11-10,9,104,0.021507129138434
2023-08-18,22,20,0.7420878681488202
2023-01-09,7,126,0.026503171983530915
2023-10-14,8,140,0.808655444040876
2023-01-20,21,52,0.5875690852896474
2023-06-19,13,138,0.5284834097253217
2023-01-14,5,114,0.22611770347403481
2023-12-16,16,126,0.29167565450980604
2023-05-17,9,97,0.04348088100846159
2023-06-22,1,200,0.47617772990379514
2023-05-18,5,122,0.25355973256378617
2023-06-12,25,187,0.49143199309606056
2023-07-28,7,140,0.46200884413028454
2023-04-19,11,25,0.17651698531570237
2023-11-05,13,39,0.17188466122141077
2023-05-28,18,129,0.49966271305554866
2023-10-29,13,174,0.7951127853421156
2023-04-02,15,143,0.6113851443168831
2023-04-30,24,62,0.6587232977216398
2023-10-11,7,87,0.5307157159531575
2023-11-03,5,165,0.23637997610321948
2023-08-01,21,9,0.2957900679233014
2023-03-03,22,146,0.5424815214007194
2023-05-21,8,169,0.9184513528601118
2023-04-12,7,151,0.16447408544459263
2023-04-25,25,146,0.3738350578487344
2023-08-18,1,176,0.2511649645134312
2023-12-26,3,174,0.10391915679067365
2023-01-18,17,186,0.49019150405085343
2023-12-17,11,59,0.0022882698441957228
2023-09-21,19,72,0.7987444554692706
2023-11-28,10,21,0.1957844094404928
2023-04-08,14,49,0.6080493612332557
2023-11-30,1,58,0.08642207436318006
2023-02-27,5,100,0.3598102797057605
2023-05-13,23,62,0.2922033112061988
2023-07-09,17,173,0.8427781524559045
2023-04-30,2,101,0.9583915631905301
2023-02-27,24,181,0.8792973271273631
2023-01-26,24,44,0.9469574829243705
2023-01-06,3,119,0.7990781140664398
2023-04-09,16,25,0.598445336573064
2023-02-07,12,50,0.21363552155156518
2023-12-08,1,15,0.7569519777177711
2023-07-13,8,91,0.4042929737107781
2023-07-07,17,169,0.7462198984352018
2023-03-24,3,60,0.03769751250424769
2023-07-14,6,66,0.3893139307729633
2023-03-30,17,27,0.48668433880054207
2023-03-15,6,200,0.4835245791514229
2023-07-25,19,35,0.2445363044119392
2023-11-23,23,167,0.055327942038776
2023-03-03,18,118,0.2762719283018982
2023-12-09,16,31,0.3986455188233822
2023-01-05,15,64,0.18794641254685573
2023-04-18,12,151,0.8953226303674521
2023-04-10,18,124,0.42035112782493733
2023-06-28,2,159,0.2885244240662783
2023-03-04,22,96,0.5577813375980029
2023-03-05,9,70,0.010258159848130388
2023-03-13,25,187,0.0513281167051135
2023-01-30,6,175,0.5855459859014118
2023-08-17,21,112,0.5950914145975439
2023-06-20,4,8,0.5417795872173821
2023-04-29,24,145,0.8265277658357898
2023-02-21,12,28,0.6269635947576231
2023-01-25,12,97,0.2023663560939869
2023-03-29,21,123,0.8916262602302847
2023-07-24,25,197,0.28935994212960015
2023-04-02,25,172,0.38863385028121633
2023-05-05,24,45,0.16193378448635287
2023-03-20,13,99,0.3673922505178948
2023-11-02,22,27,0.21193385861503333
2023-09-23,23,119,0.825072356582325
2023-09-07,20,149,0.45980622653821224
2023-03-01,2,118,0.6433180529551411
2023-01-10,1,1,0.8970378659054675
2023-07-06,6,125,0.19090149247294474
2023-06-02,20,6,0.4155291393495768
2023-07-30,10,35,0.7606993675667835
2023-08-02,21,104,0.4556663794530206
2023-01-24,16,19,0.7059699084133597
2023-11-02,17,82,0.22503470605977283
2023-11-27,13,32,0.6233275118740379
2023-05-08,13,57,0.18420128385801737
2023-06-09,14,111,0.5179009058805816
2023-06-07,21,38,0.7593203321802686
2023-07-20,13,111,0.10994678854073603
2023-02-10,1,20,0.7503419437647265
2023-09-24,17,19,0.5833336833064069
2023-07-25,11,23,0.5029508265935428
2023-07-28,22,137,0.5699687417929952
2023-09-07,16,62,0.7017254325602995
2023-10-30,1,59,0.8072042367188181
2023-02-08,14,30,0.5925279753534167
2023-04-11,8,20,0.7612733788470246
2023-11-14,1,33,0.8005311678788367
2023-08-13,11,182,0.6821451221666476
2023-05-06,18,149,0.4263995322095615
2023-12-18,14,90,0.3854033170155463
2023-02-11,18,23,0.9877053061829887
2023-03-09,12,80,0.06674657655956329
2023-11-13,11,94,0.4654755731864957
2023-02-26,6,61,0.17831732912870368
2023-12-09,14,93,0.4923098974990102
2023-12-24,5,170,0.28450377605262345
2023-07-15,5,12,0.25431405589917944
2023-12-18,14,19,0.5634773690653291
2023-12-18,10,159,0.3361415585390948
2023-08-18,2,199,0.9695416791097394
2023-05-25,16,69,0.06320747819637795
2023-06-27,20,96,0.7708009081214398
2023-03-05,2,125,0.9868366331964735
2023-03-20,15,85,0.9065832422612553
2023-11-28,17,19,0.5963485812275694
2023-01-25,4,60,0.8316158837415284
2023-10-24,18,105,0.3133855445614363
2023-06-12,15,189,0.1363589542145337
2023-04-04,11,193,0.4103914058309627
2023-07-30,10,58,0.3553561094085548
2023-01-04,4,73,0.8175259807261549
2023-02-07,16,105,0.2511805602618834
2023-02-08,5,69,0.33984576367738484
2023-12-04,25,127,0.9873867959570037
2023-01-07,16,9,0.31228927597878686
2023-02-01,4,181,0.43367006364700145
2023-09-10,23,46,0.1627212449395985
2023-09-15,3,101,0.717798395806886
2023-03-31,11,161,0.026013296280733345
2023-04-20,17,66,0.8242160800067733
2023-10-21,2,55,0.36716730868595826
2023-05-21,13,28,0.1324272180232925
2023-02-28,21,131,0.7725389778244923
2023-08-21,2,12,0.35524848759670447
2023-05-27,16,92,0.603581541399204
2023-05-21,4,126,0.5625408272302276
2023-08-13,25,81,0.043378916288579816
2023-09-22,2,45,0.930777672597847
2023-09-14,6,157,0.3616155631920991
2023-09-07,24,1,0.819004771225264
2023-05-26,1,148,0.4513462768657277
2023-05-14,25,156,0.1036788777216654
2023-07-05,2,25,0.0721426829754942
2023-05-14,19,160,0.8205975106065371
2023-08-06,6,177,0.5993762456675975
2023-09-02,12,123,0.4835025310219869
2023-06-28,12,85,0.41643494592134866
2023-02-17,2,85,0.2619721946649922
2023-07-12,3,9,0.22518947164701109
2023-05-17,6,16,0.6707907596339066
2023-02-15,23,107,0.4481853023811959
2023-08-08,3,44,0.5957938633819292
2023-02-02,25,57,0.1003076358481706
2023-01-05,17,163,0.6333442946551451
2023-06-08,2,169,0.7955589981066952
2023-12-12,10,200,0.39786573910098866
2023-06-29,24,121,0.34447648524266716
2023-09-29,22,116,0.014379076684031045
2023-12-08,17,103,0.46100354707996527
2023-12-22,4,136,0.7596836277446656
2023-11-19,20,35,0.003396659473197672
2023-09-16,6,120,0.08083002686652796
2023-07-24,2,131,0.12014752668648221
2023-01-20,17,196,0.8648840581804299
2023-12-05,25,64,0.5936927340405027
2023-09-11,23,187,0.1242103314973354
2023-04-25,3,51,0.04140649428153165
2023-06-11,11,58,0.26193869646666057
2023-07-03,10,157,0.5104030075898918
2023-12-18,14,132,0.8278943248576605
2023-01-31,21,83,0.07304457167423628
2023-09-17,6,69,0.7560475610909997
2023-06-28,5,128,0.7306657643177359
2023-02-01,11,89,0.862949028706654
2023-03-01,12,47,0.4959673608411418
2023-04-06,5,185,0.6359334338749214
2023-09-14,1,31,0.5280245784103268
2023-04-04,21,29,0.9102845217988483
2023-06-12,16,107,0.2506943450170097
2023-12-04,23,177,0.45310291499103994
2023-01-09,2,130,0.597242500007013
2023-05-22,14,165,0.640620930417402
2023-08-08,3,19,0.9334182997925935
2023-03-02,21,147,0.48609044272149726
2023-06-01,25,43,0.5916549211925627
2023-07-22,10,170,0.12456960087142421
2023-07-14,11,34,0.7693293864327629
2023-07-07,17,118,0.8536652615819198
2023-06-02,19,24,0.960743583597598
2023-07-21,2,153,0.1507339257521474
2023-06-18,6,111,0.9515345884932637
2023-11-04,19,124,0.46678687095401783
2023-03-18,4,49,0.02839683147320282
2023-11-05,2,151,0.3019714281271839
2023-08-04,12,64,0.5674103555528578
2023-01-04,8,50,0.5301180167218311
2023-01-14,4,172,0.35633280941939327
2023-03-04,18,54,0.8661884816125506
2023-04-02,24,88,0.6926262623759073
2023-12-23,10,133,0.2999597730817336
2023-01-20,7,105,0.7203238388741194
2023-02-04,14,100,0.3512508530190178
2023-12-02,2,107,0.9595726300649775
2023-07-19,19,183,0.2640912330583227
2023-10-13,16,73,0.3151979530227256
2023-05-24,19,23,0.7685720177530222
2023-03-18,2,119,0.3349754288462423
2023-12-16,7,68,0.1335612121459845
2023-03-01,4,52,0.03902367413374497
2023-09-06,7,3,0.42288431335897314
2023-09-30,15,109,0.6690249928715727
2023-04-02,7,171,0.5722085095523072
2023-01-06,9,2,0.8234921353830754
2023-08-10,13,32,0.16837370080840786
2023-07-13,1,164,0.1679551271946269
2023-08-09,6,196,0.2051579735838832
2023-07-23,15,111,0.7048428127922383
2023-01-06,10,144,0.9231467943060487
2023-12-16,9,146,0.8089456952105755
2023-06-23,23,19,0.6853489369657066
2023-01-16,21,56,0.3090473167576534
2023-02-11,24,107,0.5172731054142895
2023-01-20,17,146,0.8871459307707766
2023-08-15,12,195,0.22316602829986532
2023-09-12,2,88,0.2303165025268168
2023-11-03,19,43,0.3665934271141007
2023-12-14,13,5,0.5616360191039882
2023-05-10,1,107,0.3713026613855591
2023-05-06,13,39,0.25843122177925304
2023-11-20,21,163,0.19851550413182928
2023-02-08,8,4,0.4213992554702517
2023-02-01,12,120,0.5896951428485843
2023-07-20,23,46,0.48480195840126905
2023-03-23,14,159,0.6230686109171845
2023-09-03,11,169,0.04491916542680652
2023-12-14,13,30,0.8452758490506802
2023-01-22,11,89,0.4446360794437032
2023-06-09,4,77,0.41388026530907274
2023-01-26,8,199,0.16480772061767612
2023-06-25,5,69,0.5660517351578518
2023-04-17,24,176,0.49165868879483887
2023-12-29,8,56,0.8993107305751871
2023-01-28,4,80,0.8321576273582156
2023-10-02,15,150,0.7368023460512291
2023-04-30,1,113,0.06452227944620681
2023-08-03,19,96,0.17823857877289861
2023-01-24,5,28,0.10455788904703944
2023-02-22,13,134,0.8026227606282696
2023-08-11,1,14,0.49364549187850926
2023-12-19,25,164,0.25429904449810237
2023-01-01,4,48,0.4373007902795283
2023-06-04,19,90,0.8364982278422447
2023-11-23,6,29,0.669041920820449
2023-07-24,18,96,0.08000156180957463
2023-10-04,16,109,0.7631804486995218
2023-02-24,4,64,0.6658890412678025
2023-11-12,16,147,0.5554738260145659
2023-05-05,4,71,0.0705177738997792
2023-04-11,4,136,0.3618149879357454
2023-04-09,25,92,0.07211216886581728
2023-02-15,15,187,0.711052816745535
2023-08-25,22,71,0.7677443952913088
2023-06-13,1,92,0.33298656793650816
2023-09-20,19,27,0.42613297369971537
2023-07-19,22,127,0.2772809542706858
2023-03-17,8,175,0.3723716555230149
2023-04-06,15,89,0.9153683523586639
2023-01-07,5,79,0.9951912678841001
2023-01-08,5,20,0.01211549545949342
2023-02-12,22,6,0.613410195661468
2023-04-30,5,37,0.13926952072394705
2023-08-26,6,184,0.21174047815511232
2023-06-01,18,39,0.17410517796482183
2023-02-04,23,200,0.9691112548491544
2023-06-21,15,192,0.7541538498984194
2023-12-03,20,157,0.9597616792183649
2023-07-02,12,200,0.08158804658757612
2023-05-24,8,199,0.4468179802648513
2023-03-01,2,14,0.16337719470529144
2023-03-17,9,174,0.7783324303166165
2023-06-19,5,180,0.6332007480794881
2023-01-10,5,48,0.653696351215832
2023-12-11,18,100,0.6398203794704237
2023-05-22,10,81,0.38581399848198017
2023-12-24,13,153,0.36037259084789897
2023-06-03,10,5,0.5696145151859271
2023-11-01,5,181,0.8842907283474878
2023-09-08,5,182,0.38691235508270094
2023-09-13,21,115,0.36215402021906107
2023-04-18,25,62,0.6862072642972241
2023-11-22,16,95,0.4493040689296688
2023-07-21,13,165,0.017480799931932745
2023-03-22,11,39,0.14934145145119804
2023-01-28,22,162,0.05820758083561306
2023-08-13,2,92,0.22776964550061496
2023-11-16,23,129,0.7448846571732585
2023-04-14,11,115,0.6661859775731765
2023-07-02,21,154,0.7032938130960105
2023-04-25,11,135,0.9472884610689468
2023-10-07,3,160,0.9733114596080382
2023-12-20,1,94,0.2824180153337531
2023-04-11,6,155,0.4191923033410515
2023-06-28,3,74,0.460277052228809
2023-07-03,5,82,0.3035213039545468
2023-04-10,17,98,0.705161646574109
2023-04-06,25,65,0.44560716778538056
2023-07-14,5,132,0.032344343009882315
2023-12-21,9,137,0.3045983705850691
2023-11-26,1,158,0.8892525302579052
2023-04-01,19,2,0.5805442380845414
2023-04-08,11,200,0.16408439420039034
2023-11-01,21,22,0.7935254575913573
2023-09-13,1,160,0.48132848513965465
2023-12-25,4,11,0.9569540160844874
2023-11-14,12,56,0.3750328378335681
2023-12-22,23,79,0.6461531937110429
2023-03-14,1,183,0.9140271425606407
2023-06-25,24,93,0.8622965380425139
2023-07-23,23,85,0.013027455211957695
2023-04-02,10,28,0.9683932509459507
2023-02-20,20,14,0.47935483419262837
2023-09-12,3,172,0.763958544268603
2023-09-06,2,92,0.9210094706158607
2023-02-28,19,74,0.13816975823371502
2023-05-24,16,124,0.076909055332813
2023-08-16,1,4,0.3651942392513732
2023-03-10,14,190,0.28122686064141156
2023-09-12,23,133,0.4488207027639304
2023-11-06,12,28,0.530139049132261
2023-09-21,17,174,0.14328711815280126
2023-09-05,3,130,0.7669443158565025
2023-10-29,6,159,0.8055488807655723
2023-03-06,6,91,0.6713161340836662
2023-10-22,24,1,0.34394006775173636
2023-02-13,12,135,0.7912799047437772
2023-07-11,20,61,0.6226083463189057
2023-04-13,21,63,0.9142018766239736
2023-03-19,7,133,0.8252599278324763
2023-10-21,9,72,0.5296890388832675
2023-11-29,4,164,0.1009138902904323
2023-10-02,25,79,0.7618400797472742
2023-12-18,1,17,0.7822122690745995
2023-09-01,17,110,0.8799499996681674
2023-06-11,9,49,0.4227435857544686
2023-11-14,10,162,0.40952528257984955
2023-09-08,23,84,0.8663531536982164
2023-12-09,4,200,0.0277017527587734
2023-04-22,23,57,0.8696223985802062
2023-02-10,24,72,0.9615242971282356
2023-03-08,3,118,0.1967643064896306
2023-06-22,4,36,0.48744557449445947
2023-10-23,22,187,0.29910368824956024
2023-12-09,21,18,0.4382757805560762
2023-02-21,7,189,0.7816681037236515
2023-01-28,19,11,0.37205689187510693
2023-09-06,6,47,0.08041196555175312
2023-07-27,23,28,0.7281161867778629
2023-04-18,6,156,0.8549811668237375
2023-02-14,18,189,0.7516291813636332
2023-06-12,9,64,0.9192535888757096
2023-01-09,22,200,0.8169930045884823
2023-08-16,9,27,0.1795715092609922
2023-05-03,5,69,0.0658760539264196
2023-11-18,20,174,0.21335467386441354
2023-07-05,1,130,0.0894822674269179
2023-08-06,18,54,0.384572623863225
2023-02-17,11,97,0.7294382121941406
2023-05-17,21,18,0.2733999477498672
2023-09-11,14,126,0.10977901363581688
2023-02-14,16,152,0.5295546543482925
2023-06-02,3,9,0.6182207204891328
2023-01-13,14,68,0.7430625166120383
2023-02-08,17,85,0.2354509519721959
2023-10-17,22,109,0.28465121505941193
2023-06-02,14,141,0.17720487711491117
2023-10-29,18,153,0.724673905400637
2023-12-04,10,127,0.19723361880652723
2023-03-17,16,49,0.9961605423943868
2023-11-22,14,23,0.1922954365440065
2023-07-13,20,41,0.24866690885335851
2023-12-17,21,17,0.3975563048361378
2023-05-07,24,76,0.2779698422058138
2023-12-16,22,100,0.21516687979975702
2023-03-24,3,121,0.33991815192472263
2023-12-22,8,143,0.26741795196711315
2023-06-27,19,71,0.46092691723553436
2023-10-04,13,149,0.7872849619159944
2023-11-15,19,156,0.06956610998289525
2023-07-04,8,184,0.33437486602154987
2023-08-22,2,80,0.6357288110279965
2023-06-25,7,91,0.8965115954121506
2023-07-11,19,111,0.7334347542538759
2023-07-25,22,105,0.673866336079736
2023-11-17,12,76,0.835986380568459
2023-01-31,19,86,0.8696205861748405
2023-03-19,15,89,0.8929345307256186
2023-06-13,21,139,0.3346612503162435
2023-09-16,10,137,0.1193384768037713
2023-12-26,3,71,0.7321965971870152
2023-08-15,2,106,0.2179732177612299
2023-02-15,12,79,0.8201274809531487
2023-11-23,12,183,0.951677903794769
2023-07-11,6,10,0.32487324269846185
2023-01-20,25,142,0.7574103608769717
2023-04-26,13,161,0.41492092028121996
2023-04-22,1,189,0.12839833266569844
2023-06-17,6,199,0.9067919424383668
2023-02-28,10,30,0.42852060546561155
2023-11-27,14,84,0.8226812693718736
2023-02-28,25,47,0.3234877947007031
2023-05-09,14,98,0.3786711723852507
2023-12-17,17,38,0.1538154393854645
2023-07-09,3,144,0.7663823525814943
2023-06-27,10,148,0.9574192401817668
2023-12-12,21,168,0.3116126121049624
2023-01-01,14,143,0.1250282606033144
2023-10-11,14,38,0.395017529825321
2023-10-05,3,36,0.1691625262196057
2023-06-15,5,146,0.04659738335962915
2023-02-05,25,100,0.8150126696207248
2023-09-12,2,171,0.8344945729411598
2023-01-23,12,113,0.42220692369522594
2023-03-26,14,20,0.8302525200096166
2023-08-25,19,183,0.6725334524700364
2023-04-06,9,194,0.9302862025552493
2023-04-16,9,62,0.7910668809425162
2023-12-31,3,63,0.9422038800809743
2023-03-22,7,69,0.06605350346716954
2023-04-21,19,191,0.8144194883082179
2023-05-24,8,152,0.44563964827473324
2023-10-26,18,151,0.185821611041444
2023-01-15,11,22,0.9543002911195566
2023-02-27,21,31,0.6772721521396006
2023-03-26,15,34,0.08848557893212605
2023-04-13,11,38,0.8616924672258297
2023-10-03,10,153,0.5505327286129967
2023-02-23,21,133,0.2252557679579391
2023-10-24,17,169,0.7291038178124415
2023-11-21,6,47,0.8919803798554726
2023-07-17,5,65,0.11890176908565753
2023-09-17,25,114,0.2046166055186357
2023-08-15,17,135,0.9934619461529037
2023-04-24,5,20,0.02449569313249511
2023-08-07,9,79,0.500131644350877
2023-11-07,17,178,0.4859268848215056
2023-02-27,1,58,0.9388064474700238
2023-06-17,2,143,0.3484641831052864
2023-02-20,24,11,0.798069621516932
2023-09-07,11,75,0.7505001957321707
2023-02-23,16,197,0.02847089258238744
2023-04-24,24,76,0.8204379857907877
2023-03-20,2,188,0.10783951529523461
2023-08-12,21,162,0.9516622877705682
2023-08-21,13,27,0.17060570617407422
2023-01-04,23,136,0.3837609870461395
2023-08-12,23,9,0.5288375458543678
2023-02-13,9,50,0.9142717609435869
2023-12-25,23,149,0.45867799001762344
2023-04-09,13,37,0.4620763540176597
2023-04-20,12,42,0.5005539535738683
2023-09-16,10,198,0.5294395410982456
2023-09-19,2,14,0.13185514140034393
2023-06-16,1,15,0.9065992635412654
2023-10-03,25,52,0.6469424157774896
2023-05-22,3,142,0.25203853333635573
2023-07-09,3,30,0.057916223594289606
2023-07-04,3,181,0.4271683679797742
2023-05-14,12,54,0.8665951433904404
2023-11-21,7,152,0.3501374142658821
2023-03-02,15,43,0.31438101350196934
2023-07-18,15,51,0.6916962765391673
2023-11-09,1,47,0.10476077440167397
2023-05-15,20,138,0.9006066959546859
2023-11-21,7,36,0.5845377520341467
2023-07-19,5,93,0.5913636357254836
2023-10-01,4,59,0.46244452195291463
2023-01-15,19,189,0.7052212773629312
2023-09-19,3,118,0.3309112362935622
2023-01-10,6,59,0.006146985850210895
2023-03-30,13,3,0.3270235510592424
2023-05-31,16,143,0.12447177029883028
2023-04-22,6,106,0.9327273952254566
2023-10-26,18,172,0.09739534045442055
2023-06-15,24,79,0.6735936319698272
2023-02-23,1,110,0.9107285621443242
2023-10-18,12,167,0.9501812205951936
2023-02-27,20,50,0.5477718394696168
2023-08-22,1,66,0.9683476226883009
2023-05-29,25,183,0.7538576877874648
2023-02-10,14,46,0.02938671080536781
2023-07-16,24,177,0.7137150494789258
2023-08-16,18,158,0.10946456761744361
2023-08-04,13,125,0.6621613291251754
2023-03-24,3,85,0.8179417546186973
2023-04-01,19,41,0.08839484975335332
2023-01-27,15,14,0.01755086776371928
2023-05-18,1,154,0.4553263373651243
2023-01-29,21,52,0.1383720554492719
2023-12-26,11,2,0.09136147139276996
2023-12-27,7,18,0.20498309307316043
2023-10-28,7,157,0.5461161293811955
2023-03-07,23,171,0.04736872970761552
2023-06-01,14,169,0.7982312933649192
2023-10-27,16,13,0.2939410765383498
2023-04-14,14,148,0.5051297078822965
2023-08-24,2,84,0.7354717879231114
2023-06-03,16,181,0.8703082595897454
2023-12-13,15,46,0.886531472640056
2023-03-16,8,185,0.3252045457170597
2023-08-20,23,24,0.04851290237247052
2023-02-24,10,190,0.6766544562866812
2023-04-29,24,106,0.7146186817021025
2023-08-28,16,30,0.16061948175155427
2023-02-23,1,60,0.0924016880891908
2023-05-14,24,105,0.29386285765726283
2023-06-18,10,2,0.21474919407076598
2023-12-08,7,171,0.3728288780098037
2023-06-27,23,152,0.794671270952221
2023-06-30,24,55,0.5099260140847551
2023-01-25,19,154,0.5075716209024644
2023-05-24,4,11,0.8565544725159259
2023-03-18,4,130,0.8472037098305951
2023-08-08,11,126,0.1531654747196548
2023-10-10,4,92,0.9916101101696514
2023-06-09,1,38,0.4453014204485425
2023-06-15,5,50,0.8910177070269334
2023-07-29,17,128,0.25946487638290994
2023-02-17,13,123,0.3619102822581306
2023-10-11,12,88,0.7351125581168785
2023-05-18,5,32,0.928614378966814
2023-06-13,20,19,0.41041145639891274
2023-05-05,2,105,0.0706696477973282
2023-11-19,3,44,0.3722487969548831
2023-06-27,14,194,0.6100882109057454
2023-03-30,14,137,0.0010452938069291928
2023-06-07,9,111,0.2594466956713757
2023-04-11,13,188,0.16565978226874267
2023-10-20,4,19,0.9989935106216138
2023-05-12,6,73,0.3112725489014423
2023-06-23,3,37,0.6341505642832035
2023-03-29,1,85,0.3677652908463229
2023-06-03,11,196,0.533942260258911
2023-03-04,8,198,0.9956232375744679
2023-04-17,24,79,0.43362497869078565
2023-07-01,18,121,0.17992306850658413
2023-12-13,24,93,0.19423918137142304
2023-07-05,21,120,0.9306903253213413
2023-02-27,19,3,0.14685225659668055
2023-09-08,13,64,0.7255902453377611
2023-12-13,12,190,0.5377242771523733
2023-02-20,2,131,0.3647595215717362
2023-08-02,14,38,0.04149444549673709
2023-10-14,21,81,0.9531145435845059
2023-04-23,2,40,0.603938198543041
2023-12-29,13,91,0.05763852453031759
2023-04-22,1,108,0.9705103409578387
2023-01-31,1,59,0.6076473176171916
2023-07-01,10,94,0.21455690209969092
2023-04-28,25,125,0.8149521742175185
2023-07-24,19,79,0.9723020354730358
2023-09-30,5,88,0.7903146862397427
2023-04-22,19,189,0.626974636672287
2023-03-12,24,58,0.5004040136631573
2023-03-27,10,35,0.6030151691733175
2023-11-12,4,87,0.6631341823981722
2023-06-06,15,14,0.4103122956974291
2023-04-10,13,184,0.033278360616034064
2023-03-08,17,64,0.2261728844080486
2023-10-27,5,195,0.6589965037262828
2023-03-21,10,12,0.8527322148912672
2023-06-03,11,191,0.6246150895776221
2023-03-28,1,189,0.1870789193976644
2023-04-30,14,109,0.8831929594366644
2023-06-16,23,48,0.8215039331568134
2023-01-14,23,103,0.3422594897388629
2023-12-21,12,39,0.2310551368620395
2023-09-20,9,38,0.9118671484269697
2023-06-21,3,148,0.6878050310481916
2023-08-08,16,128,0.7376739630960287
2023-01-31,16,31,0.47651491142371705
2023-08-27,22,177,0.335937132958283
2023-01-23,3,52,0.38060344385896683
2023-03-10,5,148,0.3850877932791029
2023-02-07,3,188,0.670224123076705
2023-09-07,17,163,0.12155272058163036
2023-02-13,5,185,0.25625668496253995
2023-01-13,2,170,0.4478773813191209
2023-10-30,10,130,0.2224850487020259
2023-11-22,12,2,0.35434143223799197
2023-11-24,18,127,0.697964696509189
2023-01-14,9,117,0.7811336839093972
2023-01-16,13,23,0.7913635141621999
2023-12-23,1,158,0.2498508670320101
2023-05-07,20,65,0.8323051460729535
2023-09-14,12,79,0.4209351218602895
2023-08-25,12,23,0.9529903550191225
2023-04-28,12,85,0.45526302880816427
2023-01-08,18,94,0.10655966669352979
2023-02-19,21,93,0.7955461510105748
2023-10-12,13,126,0.9019784278621797
2023-02-20,6,49,0.11977914785813915
2023-05-19,13,93,0.13515296061591142
2023-11-19,2,51,0.8659703016843184
2023-07-19,1,127,0.8718568057125198
2023-03-18,7,179,0.051588705331549134
2023-06-26,21,163,0.6884343261260629
2023-11-15,7,132,0.6565550939005141
2023-06-29,24,14,0.2223121630830096
2023-05-06,15,184,0.7368069027045138
2023-11-19,14,104,0.18424557460612656
2023-11-05,10,51,0.6770953623270053
2023-06-02,9,141,0.007942496832015866
2023-06-02,18,119,0.43552760419861436
2023-03-13,10,16,0.43369058918062686
2023-03-25,13,182,0.032342589979528436
2023-03-23,23,134,0.9432695790323252
2023-09-20,17,82,0.23228097529311964
2023-09-01,21,135,0.9863604709702516
2023-08-17,12,49,0.06512468297634344
2023-03-19,14,16,0.5388004985532937
2023-01-13,1,177,0.8238720947635308
2023-08-17,2,93,0.9742279396081964
2023-07-27,25,90,0.70239891221937
2023-10-27,16,10,0.5500705659906715
2023-01-11,21,106,0.8748904956661221
2023-01-17,1,130,0.5063824266149217
2023-04-20,16,78,0.9502448209150767
2023-02-11,22,3,0.6468683557854561
2023-08-07,23,194,0.7012728879618217
2023-08-15,23,121,0.04742459924053
2023-09-20,22,54,0.8573254680788333
2023-08-24,14,7,0.9198272058824009
2023-02-17,6,26,0.8524282318789134
2023-04-03,9,192,0.4785343994437192
2023-09-26,7,194,0.7131987307165745
2023-05-03,13,132,0.6466469029947335
2023-11-01,7,199,0.7164720303441209
2023-10-08,18,136,0.313002635574236
2023-07-28,18,144,0.3668451870264413
2023-03-30,1,44,0.6995134663763027
2023-01-22,18,165,0.8096408123339648
2023-05-04,16,25,0.24597195755140677
2023-03-08,15,134,0.6615921490285596
2023-10-24,15,24,0.07232047375733597
2023-03-27,8,79,0.8120251314873353
2023-11-02,6,31,0.5009366426122915
2023-08-20,21,24,0.38667948497805205
2023-04-09,18,103,0.5643287753616505
2023-08-18,24,150,0.27447801932908966
2023-05-17,19,28,0.37604641540854744
2023-06-06,21,84,0.4142550952395476
2023-03-10,25,86,0.990080348633444
2023-12-31,18,106,0.726588195649265
2023-02-01,11,51,0.7989715077148503
2023-08-06,1,180,0.8004781152808071
2023-05-14,24,76,0.7443331728683622
2023-11-27,14,79,0.12544345591690753
2023-04-14,3,62,0.6736460141241215
2023-10-15,6,25,0.6530147269533993
2023-09-05,15,56,0.2878194613974584
2023-12-08,20,182,0.570127167901225
2023-02-19,18,196,0.8996816560863747
2023-05-16,24,193,0.1455670813801926
2023-08-31,25,70,0.698070433924524
2023-12-15,25,91,0.7610887413152211
2023-08-08,6,49,0.4910253623234401
2023-09-12,21,193,0.06663122736927674
2023-01-07,23,122,0.7379549434997822
2023-06-29,2,178,0.660824509884474
2023-04-09,14,116,0.5693491162491863
2023-02-26,13,72,0.2645853257673989
2023-02-03,18,141,0.27220840102060273
2023-08-01,16,116,0.4799568295460157
2023-07-20,25,5,0.7156257338961886
2023-02-13,19,150,0.1904146766087833
2023-09-25,18,59,0.7839722340013855
2023-02-22,11,27,0.4422413520052434
2023-05-19,3,119,0.2490733919026834
2023-02-13,25,52,0.2959287331382333
2023-10-05,5,78,0.8191443085395917
2023-01-11,13,132,0.12938956576766214
2023-07-07,15,175,0.45254519446215036
2023-08-12,19,68,0.45901139549464054
2023-11-20,14,116,0.8782121062153708
2023-03-05,25,52,0.8252683198239675
2023-03-22,20,84,0.6243882426340445
2023-01-13,20,14,0.4257007980895582
2023-03-01,6,199,0.38243682727500394
2023-10-05,11,192,0.8132708875471039
2023-01-17,20,158,0.9180143338284101
2023-12-01,8,54,0.1896672280297541
2023-10-26,9,2,0.3640522154238184
2023-06-25,20,133,0.23362718056454213
2023-06-01,8,126,0.3251262183799155
2023-06-29,16,133,0.49010543439910037
2023-10-12,14,79,0.35918978683791025
2023-01-21,15,70,0.8143197405420545
2023-03-09,20,124,0.12709197397967797
2023-01-22,8,85,0.41283154221375573
2023-02-05,16,116,0.021267087360483106
2023-12-13,24,70,0.33592757756933855
2023-07-15,24,193,0.5751732647226602
2023-02-05,4,176,0.4769986671661306
2023-10-26,3,86,0.07519490011429242
2023-02-10,25,162,0.6359435306357045
2023-02-28,16,102,0.9406515676239203
2023-09-18,25,12,0.23217536475651446
2023-08-25,21,65,0.06829162291594992
2023-09-18,14,150,0.2807430868105729
2023-03-21,15,100,0.6607995876628683
2023-03-30,24,71,0.6707634523013262
2023-08-07,5,11,0.3437228995986399
2023-04-01,22,195,0.4007604198048974
2023-11-23,19,108,0.38539458136100047
2023-02-05,3,197,0.4858032652583695
2023-02-13,17,195,0.14524369002655824
2023-11-17,8,60,0.5847007984227443
2023-12-11,24,130,0.9666464776698787
2023-11-03,19,35,0.689922945319238
2023-09-28,14,129,0.5111026408741437
2023-12-15,11,36,0.7153084893520132
2023-04-10,23,6,0.2742528736583858
2023-12-06,20,52,0.11652180993415773
2023-05-24,10,78,0.8180343946849671
2023-05-06,21,15,0.6364653925071614
2023-12-17,14,123,0.04894453440045632
2023-03-19,16,195,0.9989162502380906
2023-06-08,8,52,0.22495922419921022
2023-10-11,17,10,0.07956830704382833
2023-03-13,11,71,0.17281180483745362
2023-08-12,3,67,0.5035371098503851
2023-01-27,8,126,0.6848102568643918
2023-03-15,13,47,0.04619534632155431
2023-05-01,13,91,0.8599208720861232
2023-01-07,6,140,0.9035748883480773
2023-09-16,23,12,0.4703914403880385
2023-09-13,9,5,0.9679683380913449
2023-01-28,21,174,0.5531309939377776
2023-07-08,20,42,0.30486670123711446
2023-03-16,24,154,0.3394561847354073
2023-10-12,21,21,0.8367277122481995
2023-09-01,23,126,0.5200108416813365
2023-08-26,12,5,0.8998849183128812
2023-09-29,4,34,0.47877027711166353
2023-06-10,4,16,0.5175340380536011
2023-10-15,12,16,0.8369536891008259
2023-05-24,7,49,0.562288322600181
2023-09-24,9,135,0.10033516506474571
2023-02-17,18,101,0.22831224752972334
2023-10-16,22,62,0.035970032981584965
2023-12-17,13,104,0.09032821485166975
2023-11-09,24,187,0.7571298627752882
2023-03-12,15,55,0.9761173898761785
2023-07-08,22,105,0.8979950961426241
2023-02-21,2,167,0.09741378829478997
2023-02-04,4,96,0.06748102139814094
2023-07-21,17,187,0.6948602002370928
2023-11-28,25,69,0.19497298027758148
2023-08-30,17,77,0.5406605044496485
2023-05-14,9,173,0.41261788176046876
2023-03-28,10,47,0.4453400752989446
2023-11-04,23,195,0.25753366269672595
2023-12-19,23,31,0.14069477644159356
2023-07-31,14,160,0.21441932734294988
2023-05-10,25,57,0.13500242697903364
2023-07-25,24,48,0.7824102412869577
2023-07-08,18,21,0.959777919418154
2023-03-02,10,67,0.6941160332813604
2023-07-24,24,39,0.5371258636283129
2023-05-19,12,10,0.813719612803442
2023-01-12,20,32,0.24431103242518948
2023-08-13,21,196,0.06546246471176542
2023-06-30,14,114,0.001015302320531486
2023-08-23,11,149,0.459580645066921
2023-09-04,4,185,0.61692872851265
2023-12-18,21,115,0.5363483551437617
2023-06-08,1,54,0.00937297523261138
2023-02-27,15,68,0.7852657946395075
2023-07-11,2,75,0.027725766105656247
2023-04-14,6,105,0.06581169316431301
2023-02-08,11,172,0.7951722859395536
2023-09-20,21,105,0.9330762219128914
2023-03-12,18,50,0.37183877537405363
2023-03-22,19,15,0.8144102776084569
2023-03-16,6,134,0.22200216183168475
2023-10-06,17,35,0.5924164616789561
2023-04-13,22,187,0.7442901341911777
2023-07-18,18,19,0.3455458409104757
2023-10-15,18,28,0.26665975270795206
2023-02-19,12,28,0.06295973249015119
2023-03-13,6,92,0.10149016245505182
2023-01-28,11,153,0.36588550574781353
2023-05-25,11,58,0.7771377145403857
2023-05-27,16,28,0.1468229345892773
2023-03-27,7,30,0.2878028205201877
2023-05-18,2,162,0.08153469128769364
2023-03-17,18,44,0.0014018604511593091
2023-12-15,9,23,0.5816533481528362
2023-07-09,24,198,0.43689527119241145
2023-08-25,15,29,0.9421625981160886
2023-07-20,23,100,0.20244498811945066
2023-08-24,16,102,0.15221707514788985
2023-08-10,23,186,0.41593614425247993
2023-01-11,14,159,0.1343913168933759
2023-09-15,23,106,0.9690213147104356
2023-06-02,7,8,0.3334107275416779
2023-04-23,16,98,0.5086945948482774
2023-09-23,5,49,0.9643434232201742
2023-05-26,6,188,0.4867327077454945
2023-06-23,5,112,0.4031174216630806
2023-02-25,1,184,0.06185225349767953
2023-03-12,18,57,0.8768686060033846
2023-06-19,11,27,0.3700572598586457
2023-06-03,14,153,0.5430298917016514
2023-04-02,9,29,0.6778335032829058
2023-04-21,5,64,0.5500944116280816
2023-03-16,5,14,0.16886529358113334
2023-07-26,25,86,0.2433266318217583
2023-07-27,19,136,0.9368012621027425
2023-01-23,14,33,0.6319770495868241
2023-04-25,22,48,0.24668430837584254
2023-09-24,2,97,0.14417010380968842
2023-10-04,25,76,0.7078500384022302
2023-08-04,12,50,0.6408979953786552
2023-09-12,17,58,0.4205717161364765
2023-10-03,11,49,0.9095969830884436
2023-04-23,3,67,0.5806589295532415
2023-04-29,18,119,0.033293499810168825
2023-07-18,8,95,0.5727396815467333
2023-10-22,23,148,0.7449964391285531
2023-12-13,10,63,0.4135996196339604
2023-06-07,5,138,0.38286800664505105
2023-09-12,23,31,0.8626309247933786
2023-01-14,18,170,0.33381760698350227
2023-08-17,20,116,0.7811441000825049
2023-01-05,5,167,0.6939234832373169
2023-02-27,23,29,0.02705041458477564
2023-08-20,6,55,0.3787409151593163
2023-08-05,25,79,0.4278607288358818
2023-01-31,19,53,0.04744076062065328
2023-03-09,9,37,0.6240119421760836
2023-08-05,22,22,0.032456476782470656
2023-11-30,19,54,0.600083251182201
2023-09-08,1,112,0.6470989287443346
2023-09-30,1,165,0.7814637233039923
2023-08-03,16,73,0.7301788998452622
2023-08-14,1,103,0.3300807966938919
2023-07-08,5,35,0.9681106433152361
2023-07-01,24,77,0.20876981273549677
2023-01-03,16,47,0.51463138837931
2023-03-08,22,130,0.8956648875338367
2023-03-05,20,151,0.9290841765096629
2023-04-25,18,30,0.6187840762294817
2023-04-21,14,162,0.45145614028853653
2023-11-30,16,134,0.4589581727658766
2023-11-09,18,49,0.6183350151829907
2023-10-01,14,19,0.16556197429777308
2023-07-30,9,183,0.7245454022743479
2023-06-02,4,58,0.41440714393003275
2023-10-04,2,14,0.06221643561295387
2023-05-05,17,167,0.5507024601091938
2023-05-02,9,77,0.829640577479941
2023-03-05,23,111,0.6615145826740862
2023-10-27,13,54,0.1352312279190213
2023-06-23,9,84,0.4501033904147034
2023-05-16,5,140,0.27815292225676935
2023-03-03,18,101,0.7681097284581969
2023-11-25,18,45,0.9209277655735895
2023-10-08,4,23,0.6284022857238261
2023-09-21,24,70,0.7460031234658266
2023-06-20,10,114,0.13193366815502583
2023-02-08,15,22,0.22504708085735003
2023-01-10,4,176,0.39723438730524663
2023-01-15,6,66,0.5724702279927885
2023-09-14,4,188,0.3506746796939001
2023-02-27,16,146,0.018530366933604103
2023-06-25,5,32,0.23094908701568506
2023-09-19,8,45,0.9002274570789126
2023-05-16,25,50,0.35566309633991045
2023-03-14,1,105,0.8211596691028424
2023-06-16,16,52,0.26112833647459444
2023-12-25,24,36,0.3019025714887822
2023-09-25,18,138,0.6551577922804188
2023-07-11,20,31,0.4611762700827746
2023-08-26,24,92,0.9386053463094858
2023-10-04,3,1,0.03298862889544507
2023-12-23,13,124,0.427999392753061
2023-06-27,7,71,0.42239121393763046
2023-09-01,11,150,0.2045875436480511
2023-12-28,24,191,0.7442570143035133
2023-03-04,25,174,0.06307492785368796
2023-04-14,23,190,0.09058075352343098
2023-08-13,12,4,0.004128588006387157
2023-11-05,8,108,0.6728951145911964
2023-09-15,20,70,0.3626451128340231
2023-08-25,8,107,0.7730729250997993
2023-11-22,15,84,0.8348298444340879
2023-06-13,13,106,0.31122641546543794
2023-08-19,18,150,0.37369711698004626
2023-01-20,16,83,0.3495719073552236
2023-11-15,20,114,0.10106546227720092
2023-10-05,25,1,0.5176501203089389
2023-11-29,3,120,0.5511103713646774
2023-11-14,24,140,0.9400803420379191
2023-07-13,5,48,0.22646569332169975
2023-07-17,23,177,0.8804397859838569
2023-03-02,11,93,0.6062586770806037
2023-04-01,22,107,0.23552908307121878
2023-12-08,24,116,0.709234750986191
2023-01-29,19,87,0.5392166924903957
2023-02-15,8,200,0.24802878195752254
2023-06-21,14,69,0.34892569737381307
2023-07-23,9,1,0.32408980186539016
2023-12-23,24,133,0.6119025857687803
2023-12-16,8,56,0.871886469537876
2023-04-19,2,58,0.4950099103925688
2023-06-25,15,182,0.5318113366730265
2023-04-06,12,73,0.28388261472750953
2023-06-06,21,26,0.022875796282456284
2023-10-12,5,105,0.5535779593287905
2023-12-27,14,115,0.9334350681018039
2023-01-26,8,48,0.6562563310108737
2023-05-08,21,199,0.9717156912324837
2023-06-12,20,134,0.12275817642813802
2023-03-16,6,40,0.49814303469370624
2023-12-14,23,125,0.5933130468131598
2023-10-29,5,20,0.3745838940867128
2023-11-12,3,38,0.33856344909635494
2023-07-16,11,145,0.6161323436085252
2023-10-23,18,7,0.3529166373493642
2023-05-23,9,92,0.39053207117457245
2023-05-29,11,136,0.8772540957098277
2023-05-27,19,77,0.6171335083369673
2023-10-19,19,168,0.839919507202415
2023-02-03,21,199,0.9362775864271191
2023-11-27,18,45,0.6673043131649304
2023-12-30,15,32,0.8292699408222725
2023-10-07,25,88,0.623628967967506
2023-06-01,25,192,0.8705231225055072
2023-11-23,18,71,0.24880722680377887
2023-11-09,21,200,0.3859055023562582
2023-02-08,23,100,0.9425586881999095
2023-03-31,9,134,0.2533660281957931
2023-02-20,18,93,0.8643341158611709
2023-03-01,1,110,0.8120308433137845
2023-09-26,10,140,0.41202430372228493
2023-09-30,14,122,0.41740369283443146
2023-11-16,7,189,0.7040213294464769
2023-11-09,17,164,0.27761294975498085
2023-07-17,13,180,0.7997381740004517
2023-07-11,3,82,0.7108391611472725
2023-01-02,8,61,0.8489822431165011
2023-09-19,18,133,0.41398993048271826
2023-09-21,13,156,0.8327136163438754
2023-06-05,13,6,0.7012486892013824
2023-05-27,12,1,0.561964192548141
2023-06-01,5,96,0.5924845673471328
2023-08-15,22,25,0.18967027034805684
2023-03-08,17,100,0.20337720200067166
2023-04-29,1,33,0.7364733481104919
2023-03-25,4,105,0.29948616338369316
2023-02-03,16,170,0.2882443800245016
2023-11-04,21,92,0.4810348948910841
2023-08-17,7,81,0.8660613984548103
2023-07-03,15,9,0.5124416503496059
2023-07-11,5,38,0.46048259764346733
2023-02-03,13,151,0.3309428330489127
2023-03-07,7,96,0.14867559735628877
2023-05-16,24,81,0.26541310067439605
2023-02-14,9,158,0.346373678662953
2023-08-08,14,85,0.8771391546868991
2023-03-24,12,54,0.6983884427458614
2023-11-24,12,65,0.7878121529163772
2023-03-06,1,95,0.49284748130381595
2023-03-19,1,9,0.03071250157379013
2023-02-26,15,3,0.3974316234420523
2023-09-03,12,60,0.457235280861797
2023-08-26,14,9,0.7177590395588455
2023-08-21,9,99,0.12986881074887735
2023-03-30,22,42,0.3307770792282202
2023-09-25,2,32,0.3790646978327258
2023-01-08,24,114,0.12899280458137619
2023-09-25,13,146,0.5332036182948595
2023-07-19,10,32,0.771161527724647
2023-01-25,11,131,0.8245093622262925
2023-09-29,25,73,0.9722437037331293
2023-12-24,1,164,0.12862137388993233
2023-03-09,18,25,0.4851880617821316
2023-03-25,25,6,0.23739959567768565
2023-10-29,11,134,0.5577833464825948
2023-04-01,19,77,0.25586016509144405
2023-02-17,13,114,0.7977480543938268
2023-02-28,15,136,0.493192094108321
2023-07-20,24,194,0.3943646023470414
2023-10-08,6,125,0.6042836168934683
2023-03-02,16,174,0.3742904772993626
2023-12-08,10,53,0.23190532853130164
2023-08-17,6,35,0.4445340966564556
2023-10-01,7,72,0.8997271979489002
2023-11-20,22,165,0.5829139344100939
2023-09-25,18,172,0.3697637416582601
2023-01-22,20,46,0.3237749333154484
2023-02-28,21,195,0.11909045335328716
2023-12-19,18,145,0.7099140086766358
2023-09-20,17,127,0.10400502828691038
2023-08-29,13,119,0.3913512776316793
2023-06-11,14,79,0.5877992086830174
2023-03-10,22,53,0.7371412087794816
2023-12-25,25,155,0.2791213095241589
2023-03-14,24,63,0.8287967817899009
2023-02-04,11,84,0.20447995293456522
2023-09-02,15,121,0.9207982837216253
2023-04-19,9,199,0.5982597656618357
2023-03-17,23,53,0.854391759128431
2023-02-14,20,29,0.3222561732865198
2023-12-25,13,39,0.08328838352357948
2023-02-12,1,142,0.6006891241069916
2023-06-18,6,141,0.8907612414634007
2023-08-04,5,109,0.3268121022913466
2023-05-27,4,132,0.9126693444508656
2023-01-17,4,31,0.6855538092668481
2023-05-17,9,107,0.5220468894762296
2023-07-11,19,21,0.13098907418612893
2023-12-04,17,112,0.865342881925853
2023-07-06,3,7,0.21872096164240495
2023-12-01,6,38,0.41599613184825557
2023-06-10,1,154,0.03120834708950615
2023-09-03,15,1,0.2303958528125909
2023-03-12,12,103,0.6727928671247523
2023-08-08,9,82,0.7508710901635547
2023-07-21,23,73,0.49044215546835723
2023-10-28,12,193,0.2779527486255532
2023-05-20,14,78,0.7495936449235803
2023-08-01,16,60,0.43394483261855143
2023-07-02,7,70,0.7622131290086576
2023-09-20,22,43,0.43580077638939596
2023-05-11,3,13,0.7755106196274422
2023-01-04,24,194,0.3434867309155186
2023-08-07,23,3,0.6373003624559477
2023-01-09,7,127,0.8721742428261262
2023-08-16,22,55,0.12513576188540976
2023-05-04,13,14,0.8308618574905199
2023-08-06,15,66,0.018098889472000224
2023-08-13,12,185,0.7754586089644109
2023-01-20,25,193,0.9576253204420438
2023-09-16,11,149,0.8471066142743817
2023-05-24,13,175,0.173920336075861
2023-04-14,11,83,0.31231643727920644
2023-11-20,15,104,0.15758669056866437
2023-10-30,24,150,0.9301373513467945
2023-05-21,3,23,0.8076297372521535
2023-05-12,15,5,0.2217124856146626
2023-06-04,24,163,0.46320709408532745
2023-12-09,16,120,0.8673871821318052
2023-06-07,14,91,0.07689533647780522
2023-09-22,1,76,0.5162649393502428
2023-06-08,16,113,0.0015568842655803161
2023-01-19,14,80,0.8774145677756173
2023-09-14,7,167,0.935041941656049
2023-08-11,1,174,0.08295541836832243
2023-05-24,8,30,0.15768352566297927
2023-03-22,2,122,0.7996630146485062
2023-01-26,9,98,0.42771929834551636
2023-06-06,18,18,0.45690150539906926
2023-11-12,8,37,0.2569168738131882
2023-03-30,5,133,0.14446655633220007
2023-11-15,17,28,0.5568637705499763
2023-07-13,21,195,0.16181918131273343
2023-06-06,4,110,0.5089456233687859
2023-07-28,10,52,0.43684188159594406
2023-07-05,6,102,0.04535206080244758
2023-11-30,7,145,0.4318519411078199
2023-06-29,15,180,0.9796712414304468
2023-10-24,22,47,0.24109213926511863
2023-11-19,20,65,0.27483946573949103
2023-06-14,1,168,0.5875477987525377
2023-08-19,14,59,0.30465674535635745
2023-10-15,3,108,0.12586168052538604
2023-06-19,7,47,0.8320360909321948
2023-06-20,22,9,0.6867997086619507
2023-06-05,18,17,0.5211977044816781
2023-09-03,16,80,0.24643531422634102
2023-08-19,16,53,0.11333085442268598
2023-02-16,14,3,0.3537500391578531
2023-01-17,16,168,0.5483409994896036
2023-09-13,6,180,0.273254214560119
2023-01-14,14,7,0.8385279112225779
2023-04-23,12,152,0.8049607288421761
2023-12-16,5,31,0.8394886754630092
2023-12-30,21,55,0.3984043554795442
2023-12-16,15,19,0.2591036666414853
2023-12-26,11,55,0.809695732499629
2023-08-07,13,26,0.8478310435436678
2023-04-26,12,3,0.8271042373543438
2023-08-19,21,76,0.32950512675305754
2023-05-19,6,185,0.25410635909455015
2023-12-17,4,24,0.8703854113266254
2023-02-27,19,73,0.44059018480905454
2023-07-23,9,38,0.11133675041302815
2023-07-02,12,27,0.5593811193008333
2023-01-14,16,87,0.0220211942062023
2023-07-20,2,138,0.5823860655205391
2023-09-17,9,188,0.29845527191773713
2023-02-06,23,119,0.778341233956421
2023-07-31,16,20,0.1930753960156555
2023-12-29,18,173,0.6405172238812923
2023-09-21,9,120,0.8317862368233677
2023-12-25,9,165,0.9344905320220098
2023-04-10,24,157,0.4048369016535377
2023-05-28,16,178,0.3512021601300793
2023-05-06,8,119,0.3138444544859391
2023-05-17,24,23,0.27120840925150236
2023-02-19,6,48,0.7666530664696773
2023-10-28,21,117,0.3235285232003009
2023-03-17,2,188,0.5115105202194578
2023-04-13,7,42,0.036598850172034236
2023-11-06,4,59,0.11546149857734278
2023-06-01,6,177,0.7128911146059713
2023-04-10,21,136,0.006715672070291667
2023-08-25,9,55,0.8758727066430642
2023-01-03,1,72,0.2263971379064008
2023-08-24,10,53,0.6368504558775003
2023-01-26,19,27,0.6254638012688873
2023-11-27,24,56,0.34925648754216554
2023-07-15,23,122,0.32545228324159114
2023-03-16,20,118,0.3087414516984822
2023-10-17,20,116,0.3843480078507413
2023-07-08,13,129,0.2163351755811651
2023-12-31,1,116,0.784862590531128
2023-05-09,17,154,0.577367867539795
2023-06-23,23,123,0.6947348453674201
2023-10-20,5,59,0.6884840687870888
2023-03-19,7,168,0.691998413055873
2023-04-29,7,11,0.6172028222958896
2023-03-25,6,63,0.55514963979074
2023-03-01,17,103,0.1460281600274408
2023-01-30,9,113,0.9042387568097005
2023-12-22,11,162,0.37432022116065067
2023-06-26,21,71,0.01635898603425412
2023-09-19,10,37,0.9422164151579097
2023-08-25,2,161,0.22169734059029322
2023-05-27,21,91,0.7506762989503344
2023-12-02,20,136,0.6635214273825889
2023-10-20,15,11,0.930177050829681
2023-07-28,16,142,0.12369968622183791
2023-11-18,13,11,0.13595272467362296
2023-02-15,20,143,0.5886691822579937
2023-05-21,7,114,0.9475902197211459
2023-07-09,13,183,0.10433179862432185
2023-03-22,3,53,0.7147458564764771
2023-10-01,23,27,0.36933927266593636
2023-03-20,8,150,0.6559700477526534
2023-08-04,5,177,0.10697561582446335
2023-07-15,9,29,0.19253330594363272
2023-07-01,3,197,0.7721619018570703
2023-09-19,5,94,0.30944864363979563
2023-02-03,14,29,0.2521570713030964
2023-03-04,18,4,0.931673633424377
2023-01-17,7,106,0.9953561971563061
2023-09-07,17,42,0.7319383441732173
2023-09-01,24,185,0.7562514114211771
2023-04-04,2,176,0.1613154145012905
2023-03-25,1,99,0.9879955069411155
2023-07-31,18,125,0.07625689825737669
2023-05-22,23,41,0.7787727299314751
2023-06-23,13,82,0.8730709417618429
2023-04-01,17,125,0.5173605919646624
2023-01-28,20,188,0.08098473253298866
2023-04-19,2,195,0.03679825034774309
2023-08-10,4,4,0.33842701728150437
2023-01-03,25,68,0.8364771828481624
2023-07-12,9,35,0.8495256919858128
2023-09-03,11,171,0.5025408196106567
2023-12-06,22,161,0.7668363448021809
2023-05-14,10,123,0.9742496405529323
2023-12-27,6,71,0.897668351756068
2023-01-07,4,65,0.9915475016644264
2023-11-20,9,39,0.179766219146284
2023-12-12,12,174,0.7906221024781013
2023-12-24,14,52,0.49165857965008064
2023-10-26,19,25,0.8387815379545783
2023-04-13,1,118,0.9335325930473087
2023-03-24,23,44,0.30277155450132476
2023-08-23,22,182,0.5268687305895885
2023-10-05,2,97,0.5208362020057861
2023-05-14,25,25,0.4481635651586259
2023-07-25,24,177,0.35507131158626715
2023-01-04,3,142,0.18643021544387506
2023-06-24,1,136,0.08764118273308164
2023-06-20,3,52,0.40077121644600133
2023-05-05,18,23,0.13269842833372103
2023-09-04,15,180,0.27385328735376857
2023-11-13,11,13,0.7700262015430603
2023-10-09,21,168,0.5992004983677485
2023-04-28,1,161,0.3857349751092739
2023-11-28,25,66,0.2042917474559991
2023-03-02,14,164,0.7668765077560341
2023-11-11,11,77,0.7089878212930183
2023-06-02,3,112,0.4135966773579238
2023-08-27,17,182,0.3656304406012101
2023-11-28,6,15,0.3664993565732029
2023-01-15,20,83,0.07590910704676002
2023-11-27,4,151,0.2175051708308866
2023-03-12,6,173,0.09508771118907688
2023-09-17,3,175,0.025522745190624918
2023-09-18,18,124,0.08939757377657331
2023-02-24,19,102,0.011988518126948566
2023-08-24,8,105,0.639798740512518
2023-03-31,11,31,0.39415679311591933
2023-01-31,4,176,0.04245754993768802
2023-10-06,9,22,0.5102497742653918
2023-07-05,13,188,0.033385332258649814
2023-01-21,9,94,0.9866495424055507
2023-03-05,1,27,0.5190810363094421
2023-12-16,20,154,0.34088771224013825
2023-08-10,6,88,0.038339639041291784
2023-10-26,19,38,0.8382613447206732
2023-12-14,12,156,0.6032294712947994
2023-03-16,17,70,0.07651942261717048
2023-06-16,12,121,0.9744908131936552
2023-08-31,12,89,0.9360419536658634
2023-10-01,16,109,0.9755092826251798
2023-09-24,25,145,0.9152508164183358
2023-06-27,6,145,0.45078798631711414
2023-03-01,7,30,0.38950314422881416
2023-01-25,15,87,0.6177026736662259
2023-04-13,5,83,0.2577496952462821
2023-02-27,7,1,0.3383510323006538
2023-07-25,16,39,0.17445681735378948
2023-05-17,11,51,0.430298239674923
2023-08-01,13,135,0.9251968814200034
2023-04-18,21,7,0.8957431064182089
2023-05-21,10,7,0.8693277044124873
2023-10-15,18,87,0.16291367105760024
2023-05-23,18,44,0.8204344737326247
2023-08-27,12,184,0.0344744242811027
2023-03-27,9,81,0.8963102514151449
2023-10-31,8,96,0.11429497612798833
2023-07-27,8,169,0.8387054825190902
2023-11-13,23,120,0.49498846912579275
2023-06-29,18,22,0.5760214553282513
2023-09-30,25,39,0.9417437609369097
2023-04-16,10,31,0.14592165271915836
2023-07-12,18,174,0.721902336274496
2023-08-13,10,188,0.37459657667095647
2023-05-18,20,188,0.8246088569938136
2023-09-10,23,31,0.8024016988046905
2023-06-29,5,187,0.4743189217943691
2023-09-18,18,65,0.8961161145253034
2023-12-25,18,61,0.04312851527696837
2023-01-16,13,72,0.9252870959443508
2023-08-19,4,69,0.10332709359371983
2023-08-25,6,158,0.5793421644287818
2023-07-20,24,111,0.3177816131116544
2023-03-12,5,97,0.9550687940095076
2023-12-20,5,58,0.8219041330051564
2023-05-02,22,23,0.9333737384719206
2023-08-19,1,149,0.8125188496413946
2023-01-19,19,18,0.945716750991862
2023-07-16,12,57,0.297833074269371
2023-03-06,11,15,0.4890395493168812
2023-10-29,14,197,0.10937494753999122
2023-12-23,23,11,0.630852661226209
2023-03-16,7,149,0.48675931653036186
2023-06-02,12,68,0.09173488318656442
2023-10-17,1,165,0.47569154742536934
2023-02-22,17,93,0.3027930491237798
2023-09-13,22,150,0.8395184653768228
2023-06-07,5,77,0.03579650256816691
2023-10-03,12,181,0.8910762007346715
2023-05-16,7,21,0.859344667376321
2023-12-26,13,72,0.7483441714528417
2023-08-16,10,170,0.9986805850364172
2023-10-20,2,129,0.23377545492736518
2023-10-12,25,199,0.25824810050300884
2023-11-05,6,134,0.7049609533805509
2023-02-17,22,200,0.12701978831912486
2023-03-13,15,75,0.7912255351096548
2023-09-08,18,108,0.18056610089535186
2023-07-28,19,37,0.9989787001184713
2023-10-19,10,124,0.8606734192903396
2023-05-03,19,62,0.5297658247722986
2023-11-19,18,47,0.2214496731145955
2023-11-08,24,180,0.7397017173137183
2023-06-21,2,5,0.5849762123952543
2023-04-04,1,9,0.4584294925812814
2023-11-04,4,14,0.42848824452232426
2023-11-03,4,142,0.769260187733408
2023-06-19,25,139,0.7019628975744387
2023-07-06,7,67,0.7608685977197802
2023-10-21,12,113,0.5496693916603156
2023-10-26,6,138,0.8473985467099052
2023-06-05,10,22,0.11204450330747706
2023-07-21,5,17,0.732982079918609
2023-12-14,8,170,0.7004973207807227
2023-05-24,6,143,0.7335523125900276
2023-04-04,11,194,0.8939075501272722
2023-03-18,3,134,0.833370558818249
2023-11-03,19,38,0.9467226407896371
2023-05-28,13,136,0.9019603191869985
2023-01-28,18,37,0.17256815849312368
2023-05-17,25,123,0.31737551589220836
2023-08-05,23,111,0.3621928072833136
2023-05-03,3,83,0.3687025989569519
2023-10-26,13,80,0.930611897083059
2023-03-07,18,104,0.3401042120644495
2023-07-11,14,185,0.36302252392041867
2023-08-13,3,185,0.8041307069893167
2023-02-21,19,116,0.9355034073862474
2023-05-25,12,14,0.885772880685266
2023-08-17,24,162,0.5429605569036737
2023-12-07,4,198,0.6313383046189662
2023-04-22,7,190,0.6938498733824103
2023-02-14,15,83,0.4436720290024072
2023-11-04,2,86,0.6585213829865998
2023-05-12,5,74,0.25130047134605227
2023-07-11,18,113,0.9511483111943043
2023-05-03,7,74,0.9945501654809872
2023-04-07,15,61,0.21134137635516392
2023-09-15,13,19,0.09882096593320622
2023-08-30,15,63,0.6093419737649428
2023-12-10,11,181,0.11124268782103697
2023-03-17,1,37,0.40052636538435993
2023-10-23,22,9,0.14911220889042343
2023-02-02,9,167,0.9435630477150737
2023-08-13,12,90,0.10781079789149528
2023-09-22,20,159,0.1314590606794741
2023-01-31,20,73,0.128799171894055
2023-10-16,10,143,0.5472136087209073
2023-05-05,23,142,0.5903859857315895
2023-05-17,8,57,0.05111785274932845
2023-02-19,2,63,0.4911009399643962
2023-05-14,23,109,0.8475099809378062
2023-01-10,13,109,0.5563302661280608
2023-10-17,12,59,0.8429312054688377
2023-08-17,14,7,0.6710215157184691
2023-06-07,24,125,0.7200971370737632
2023-06-21,20,15,0.8922278640292466
2023-12-14,5,150,0.874034258829698
2023-02-23,20,29,0.577194985903123
2023-05-19,25,36,0.7081931571088252
2023-03-17,22,15,0.4128686729428648
2023-01-07,16,182,0.769647277833206
2023-08-31,23,197,0.2468285415101632
2023-10-18,17,152,0.8680551002832155
2023-01-11,12,141,0.06208063828368238
2023-06-03,2,47,0.9308438091399232
2023-10-17,16,140,0.8168602472517277
2023-07-03,19,4,0.4814367676997441
2023-07-29,21,41,0.09860203310867977
2023-07-23,10,177,0.747055683572041
2023-12-13,21,152,0.33140055034055493
2023-04-24,10,144,0.880985797855975
2023-11-28,14,61,0.3833938903852038
2023-12-23,11,19,0.6448973912416002
2023-09-14,2,95,0.4492186810634937
2023-09-09,1,199,0.37486086606002533
2023-06-19,5,119,0.2529816724531344
2023-11-13,13,23,0.854524404223765
2023-08-15,21,21,0.8541970050522787
2023-12-31,3,36,0.06329749347405889
2023-01-03,2,61,0.7941955333782343
2023-12-04,23,28,0.11548941379256505
2023-08-06,6,189,0.7448322903602306
2023-11-22,22,152,0.3420403354930027
2023-08-26,23,118,0.013755479247965607
2023-04-24,24,187,0.39762251515518543
2023-08-11,13,187,0.5938773184537137
2023-07-04,10,136,0.6343450049623899
2023-04-22,21,148,0.745968102964814
2023-02-28,24,91,0.8589579413548925
2023-04-22,15,139,0.8684436845773807
2023-08-02,12,66,0.9463985444969633
2023-09-17,20,194,0.25193827462590024
2023-07-27,23,93,0.21327815513466986
2023-09-14,23,84,0.6637602183231273
2023-05-16,9,82,0.6435976333585758
2023-11-11,1,3,0.7772619934929388
2023-07-16,7,62,0.30250237894789767
2023-02-23,14,174,0.9119713420336621
2023-03-02,9,176,0.5877046395002509
2023-07-03,9,70,0.8258288301890692
2023-10-23,2,164,0.5592218200556159
2023-12-26,14,20,0.9136734259891715
2023-02-19,6,195,0.18828400692290626
2023-12-01,1,115,0.7730267959640992
2023-12-08,15,5,0.8612758101990975
2023-08-05,4,161,0.8371506798466481
2023-08-19,14,173,0.8048874946715057
2023-01-13,11,33,0.28496048890105685
2023-01-25,15,43,0.060709930114412725
2023-08-07,13,131,0.1346414713498879
2023-01-23,11,110,0.04010510286221658
2023-03-10,22,161,0.6895702057962858
2023-05-21,11,182,0.17113318995953353
2023-01-24,18,74,0.5323922739727147
2023-09-15,19,19,0.17740912443654733
2023-11-15,16,71,0.4169037708750186
2023-11-06,9,113,0.05116630683462309
2023-12-02,13,113,0.6057946514457226
2023-10-17,25,93,0.06461747807055895
2023-07-03,22,132,0.5716698983193824
2023-05-12,11,47,0.4094563632692225
2023-04-16,8,106,0.27009866064479204
2023-02-23,23,143,0.8990794499919076
2023-04-12,4,67,0.23591888282377071
2023-10-24,11,43,0.963057972380881
2023-11-05,4,70,0.22113979003635686
2023-07-05,18,25,0.017253815913447323
2023-09-16,23,31,0.2530074577105006
2023-10-11,4,112,0.22732697357272968
2023-01-18,10,30,0.7208935889308853
2023-04-11,24,121,0.11979717966642056
2023-07-22,11,188,0.5997826145321631
2023-01-21,4,125,0.32182354580859773
2023-10-05,12,42,0.05853636534316198
2023-02-20,10,197,0.2845873025066056
2023-08-15,3,171,0.5971969511931231
2023-03-11,12,118,0.8900318011045867
2023-03-02,19,97,0.9572692907420056
2023-01-11,19,57,0.8009642005863207
2023-06-02,9,113,0.5207083220541169
2023-06-04,15,67,0.7931690448182711
2023-01-03,2,28,0.704762780802
2023-10-31,9,42,0.7419320559810569
2023-04-29,23,193,0.6624853733573033
2023-11-19,3,193,0.5591740734513512
2023-09-23,13,132,0.08831192178424851
2023-11-16,9,106,0.619093702167397
2023-04-17,12,166,0.026921024246037484
2023-02-15,23,129,0.22726794136407702
2023-06-17,10,115,0.0936133809038372
2023-02-22,19,101,0.6183412943426291
2023-03-09,10,196,0.26690789544855553
2023-05-17,24,32,0.19517084426027653
2023-09-22,2,195,0.7105599475001143
2023-07-23,14,28,0.8445283842151721
2023-08-21,10,188,0.01277561668001248
2023-03-14,11,22,0.6389804920421809
2023-12-31,17,156,0.6907258827905554
2023-01-07,20,88,0.9796191446141034
2023-05-03,15,62,0.1484281858161285
2023-09-19,15,123,0.09354724397157732
2023-10-17,17,113,0.8375346150663182
2023-02-27,25,62,0.7174359585136062
2023-04-23,14,23,0.6894731178423102
2023-07-25,20,148,0.40728571721087403
2023-04-20,22,47,0.3183746138008964
2023-02-13,5,36,0.297020877355596
2023-11-29,19,149,0.06216122698525117
2023-03-27,10,153,0.16777312444111403
2023-06-21,19,196,0.15777576445406194
2023-03-05,1,188,0.39405666192849065
2023-10-30,17,123,0.5932843611828391
2023-12-07,6,190,0.4735073330917988
2023-05-03,3,77,0.6458375888054638
2023-01-16,20,154,0.01756477174298765
2023-07-12,19,179,0.8165344776289407
2023-10-13,1,18,0.5721486211593015
2023-04-30,6,123,0.5271720647649686
2023-06-02,14,167,0.9347848960179498
2023-09-28,3,166,0.45597863192068677
2023-10-25,13,34,0.6383552031917572
2023-01-05,2,16,0.028221092696412486
2023-06-26,7,191,0.22510425835099046
2023-02-06,18,133,0.6531173169715528
2023-04-10,5,150,0.5189587238557555
2023-07-13,11,11,0.6335665818245496
2023-08-23,11,61,0.10542185637984369
2023-11-10,15,68,0.9031132683352308
2023-07-05,3,5,0.4504006801070135
2023-11-21,6,45,0.8622560583803109
2023-03-27,11,65,0.8730616494093528
2023-06-18,12,79,0.7405610569437142
2023-01-19,19,36,0.940107236284751
2023-06-29,16,165,0.7415960143736019
2023-02-05,2,42,0.4621104645052002
2023-12-08,20,137,0.9588601110549064
2023-11-04,4,66,0.32568592035662836
2023-05-22,1,196,0.043112421309311255
2023-07-31,16,170,0.17279098491246547
2023-09-09,20,139,0.9561973617990778
2023-02-10,20,93,0.27364964214080967
2023-11-03,2,89,0.5893853685621963
2023-08-19,17,64,0.42905915728916
2023-03-11,10,109,0.40004021743857343
2023-07-12,1,70,0.16039257517243444
2023-10-03,13,1,0.38754355851531297
2023-04-15,3,95,0.5545848491056146
2023-03-20,12,25,0.7828624749200396
2023-11-08,7,168,0.5969178559832408
2023-05-08,25,39,0.030354186123731863
2023-08-13,12,138,0.9650087239685883
2023-07-30,15,70,0.12893828912842198
2023-01-23,18,156,0.9317904197601395
2023-08-01,8,114,0.9705516161260187
2023-06-10,13,39,0.9563450184362997
2023-06-25,12,189,0.9281219800912338
2023-10-28,20,94,0.393132482164087
2023-09-11,21,183,0.21358027573640803
2023-11-19,20,20,0.5653702421125075
2023-09-09,2,60,0.8914084305528641
2023-04-09,18,198,0.9427014416770241
2023-07-31,13,126,0.4450389859760545
2023-10-12,20,172,0.038584915566876266
2023-05-17,23,149,0.5411069166627375
2023-09-02,25,156,0.3013856701828834
2023-07-28,4,140,0.12722748011047802
2023-10-19,1,109,0.814420469270655
2023-10-13,24,20,0.4826160186197638
2023-08-31,14,24,0.43557472403715247
2023-01-22,3,51,0.2223021027152573
2023-09-15,4,60,0.18728385977413908
2023-12-04,16,51,0.6294288408579616
2023-12-02,4,163,0.9124899048219415
2023-09-26,5,109,0.14940010583543373
2023-10-13,14,101,0.0736169309481205
2023-01-15,15,19,0.8569100290505303
2023-07-04,19,56,0.43383301946259223
2023-12-16,10,122,0.025758813055564933
2023-07-30,4,8,0.8890309815403823
2023-05-17,2,28,0.8023865783928229
2023-01-24,14,9,0.5150259043387271
2023-12-28,1,33,0.7974616244141439
2023-01-10,8,10,0.7639453090020994
2023-07-30,25,188,0.8328797360320876
2023-03-08,1,92,0.7243207824457414
2023-01-04,24,93,0.18501005240752944
2023-09-28,1,138,0.6805955178691705
2023-08-11,9,76,0.407108699267849
2023-06-18,9,145,0.9881484367045985
2023-05-24,10,27,0.29933822907714147
2023-05-28,20,164,0.4422463557136175
2023-10-19,25,49,0.1712982710193981
2023-04-05,23,116,0.7183470991190061
2023-07-17,19,164,0.3109038543887115
2023-12-27,19,50,0.9271259628194887
2023-01-28,24,117,0.6924951809332411
2023-02-09,9,32,0.9969102688089642
2023-07-02,4,132,0.5181100981580384
2023-08-05,17,183,0.5223985111681355
2023-03-10,1,26,0.5283434530088995
2023-02-07,14,19,0.21617417906769099
2023-05-02,14,102,0.487792157865926
2023-07-27,22,36,0.31623009970484484
2023-04-01,19,38,0.190943714158888
2023-10-24,25,79,0.08249688807283873
2023-01-30,1,86,0.6347428924717124
2023-11-10,10,86,0.049613874913529754
2023-06-20,10,147,0.036572810607399364
2023-06-24,25,117,0.9930878767496361
2023-02-20,9,157,0.1872639296887203
2023-09-16,19,166,0.7884439732692397
2023-08-14,13,76,0.6588442403365363
2023-06-17,18,173,0.4606362037794419
2023-04-30,24,73,0.750635883673189
2023-04-09,15,45,0.5128173806443131
2023-11-30,18,115,0.624238955073266
2023-12-12,22,152,0.922590415284999
2023-04-07,1,36,0.7420880810526309
2023-02-20,7,43,0.4884579397962866
2023-08-23,4,133,0.6765964335964504
2023-05-08,1,99,0.8263303500692543
2023-12-19,7,80,0.9702479324866682
2023-11-20,14,119,0.321660808781986
2023-04-11,13,132,0.30420989232566586
2023-07-05,13,92,0.2628652101815582
2023-08-02,17,33,0.5665549635642068
2023-05-20,16,55,0.5610648762815131
2023-12-24,23,190,0.13263328193874557
2023-07-21,10,170,0.40787637810340216
2023-05-17,3,137,0.9822909016678364
2023-07-15,9,152,0.579423082899789
2023-04-19,16,191,0.11312967364320481
2023-11-26,24,91,0.9021792171831259
2023-06-29,23,163,0.5051848057967344
2023-04-08,12,101,0.924629049253846
2023-01-20,6,63,0.48636227147700095
2023-11-01,6,76,0.6729645038119224
2023-12-11,22,88,0.8069473848619471
2023-03-02,5,1,0.8357570992489723
2023-05-18,15,1,0.23327452001814597
2023-07-20,12,33,0.5520312045965745
2023-08-22,5,106,0.839990139208404
2023-07-30,24,151,0.05847022364027388
2023-04-14,23,187,0.6756973905451631
2023-09-26,6,31,0.24609558439826784
2023-06-25,25,2,0.7238232438233154
2023-03-25,8,146,0.5017310390730509
2023-06-13,19,183,0.3296336133145904
2023-12-14,21,149,0.8410141033342233
2023-03-23,15,148,0.971639594090598
2023-09-07,10,105,0.16634557781039894
2023-07-04,10,164,0.5967508538442055
2023-06-16,18,146,0.797701017623352
2023-01-14,2,28,0.9291983212533373
2023-10-20,9,154,0.20930755668911427
2023-07-09,24,22,0.9501499761874319
2023-04-02,23,86,0.8551845272339373
2023-11-25,14,121,0.5647837151874434
2023-11-12,2,172,0.26173876432734977
2023-09-01,8,155,0.7889866128004422
2023-11-13,12,29,0.26792890602006636
2023-05-17,9,70,0.6352097927885518
2023-10-25,12,196,0.4769422703229782
2023-06-09,8,64,0.12760666493136918
2023-05-15,22,158,0.9508798890207434
2023-04-23,2,29,0.9607598005868558
2023-06-17,24,117,0.2833301576995323
2023-09-26,5,136,0.837004885822379
2023-04-29,3,70,0.698934031524671
2023-10-13,17,97,0.3010405497457488
2023-08-02,15,111,0.20914167068171718
2023-09-16,25,122,0.5315834223725808
2023-04-01,14,16,0.13793398543045776
2023-12-09,8,199,0.5443027644139309
2023-07-04,20,88,0.9947489901069706
2023-07-12,19,89,0.8741321432568337
2023-08-01,5,142,0.4875178937427881
2023-07-06,18,154,0.2292836362422036
2023-02-15,6,165,0.8207664657455688
2023-04-20,20,146,0.28497394856204095
2023-11-30,18,7,0.4007966512003449
2023-06-06,14,9,0.8998101605904287
2023-11-26,8,85,0.2809831871476879
2023-07-31,12,135,0.5904828016518812
2023-04-17,11,52,0.9676398231620967
2023-03-30,22,111,0.8460311247170152
2023-06-15,10,52,0.5088474186072776
2023-05-29,24,148,0.3946899670936912
2023-11-05,9,25,0.031115647800156743
2023-11-25,5,9,0.07048628880477725
2023-09-05,9,10,0.17055008706080244
2023-07-13,20,40,0.16955410004049598
2023-01-09,12,187,0.35615193158221314
2023-09-29,19,192,0.8874044309208465
2023-08-15,23,4,0.7239404946017889
2023-04-16,12,98,0.26472980840108495
2023-10-25,8,31,0.1577725688116025
2023-08-06,3,200,0.10613110104924217
2023-07-30,12,137,0.15199358234131544
2023-04-19,5,25,0.8942737157819276
2023-12-26,20,157,0.5115729329257496
2023-01-08,6,114,0.7932091734286725
2023-01-22,21,67,0.7389302659098951
2023-05-22,22,72,0.9905329808846439
2023-01-24,17,133,0.5236104883356134
2023-02-21,21,178,0.18967552118656517
2023-10-01,23,94,0.8925062283182981
2023-10-25,1,29,0.5126827815632398
2023-11-20,17,26,0.627434023668448
2023-01-12,12,17,0.8180290074514475
2023-07-01,8,168,0.5177637000580461
2023-04-11,22,61,0.5147803475899417
2023-01-15,7,161,0.7669235008518905
2023-06-18,1,188,0.5587216415193996
2023-02-19,13,184,0.34776066912196
2023-09-20,20,89,0.23497737138491848
2023-05-05,16,168,0.5796552127200708
2023-12-01,15,17,0.7365069817981074
2023-10-26,17,25,0.062107046663410936
2023-08-08,25,148,0.21101650809388983
2023-07-09,9,47,0.1466458574278663
2023-08-01,13,136,0.24129879664323495
2023-09-07,2,17,0.13828322078283195
2023-08-02,21,142,0.18182866079641258
2023-05-01,17,166,0.9990805710109442
2023-10-08,9,85,0.7909036884722032
2023-08-21,4,4,0.6861938467505774
2023-11-30,16,31,0.8271647136246064
2023-11-22,17,161,0.44926415143708376
2023-10-07,16,97,0.6064618303357143
2023-03-17,17,130,0.8697483353741321
2023-02-09,4,34,0.9860298388307757
2023-11-26,12,32,0.009097787493550502
2023-02-15,22,33,0.24607049141160675
2023-09-12,16,15,0.018979907570658594
2023-05-07,23,67,0.6868718175458581
2023-11-20,19,103,0.912233528772093
2023-07-05,4,81,0.5904471939091688
2023-07-16,21,45,0.8827232814947402
2023-08-31,2,141,0.9612696565657747
2023-07-23,20,31,0.4336061917051127
2023-09-16,14,150,0.11554936099479651
2023-10-14,19,164,0.5034610734209085
2023-11-04,25,70,0.2375707614435869
2023-11-02,2,138,0.11889781601733673
2023-05-27,16,70,0.6258622894619177
2023-12-11,8,148,0.6895536461216808
2023-03-01,2,7,0.5000702037975825
2023-04-18,12,92,0.629950203024162
2023-12-06,23,111,0.580922971902701
2023-04-25,14,184,0.48681594663118877
2023-12-04,20,57,0.9079239741866698
2023-09-30,10,32,0.5453317235042605
2023-04-17,15,107,0.7532026570709007
2023-03-29,9,64,0.36062260563002935
2023-12-14,1,91,0.8079821901612769
2023-09-24,17,151,0.7736693776429626
2023-12-14,25,20,0.5371183209270398
2023-10-07,8,173,0.8974599425523103
2023-02-04,22,175,0.1018936094272973
2023-09-05,21,6,0.1222700827308254
2023-06-20,21,199,0.29291242531040174
2023-03-31,4,193,0.5041293066845713
2023-02-10,3,120,0.00021719079994497736
2023-06-09,11,102,0.9641886924097377
2023-09-20,16,65,0.49102465104743653
2023-03-06,10,177,0.5366087624737753
2023-03-27,9,91,0.9281485105756051
2023-05-05,19,108,0.6919688566624465
2023-07-31,14,59,0.8950963052361969
2023-09-13,10,156,0.11631378809391435
2023-01-02,3,99,0.43224080158814293
2023-03-14,24,197,0.6076569166207665
2023-04-24,24,97,0.3384623698718231
2023-07-03,15,76,0.8662708756091834
2023-10-05,22,4,0.11922028233554516
2023-06-25,1,78,0.22590744871687185
2023-05-07,22,5,0.8425129068005047
2023-09-01,15,113,0.023864376270684162
2023-02-26,15,196,0.20780722842288846
2023-01-04,7,24,0.048810685398321896
2023-09-02,22,74,0.04405584497929749
2023-03-03,22,2,0.07524508350179027
2023-10-17,15,26,0.7120758297257159
2023-11-19,13,25,0.40529231364164
2023-03-17,17,59,0.3374923184801605
2023-03-02,24,58,0.2006846068767636
2023-11-21,23,76,0.40869797252718976
2023-11-25,3,107,0.13551217731744702
2023-08-15,21,196,0.25801722676645744
2023-02-10,6,189,0.6579427160803719
2023-09-21,23,162,0.09031398490977838
2023-03-28,8,199,0.10017893525522892
2023-11-18,16,95,0.40467317085067
2023-09-17,5,88,0.4356286896480147
2023-01-28,18,40,0.1365324050366269
2023-05-16,12,149,0.9510429992579618
2023-11-03,22,78,0.9376489904304641
2023-09-27,20,55,0.49414900759273395
2023-10-04,7,198,0.39705662857880075
2023-04-23,19,27,0.9773972575190005
2023-06-28,20,180,0.2516865230896752
2023-04-24,11,169,0.40684016674579226
2023-03-10,19,9,0.6894922315473243
2023-08-28,8,67,0.04465909969888393
2023-09-11,7,9,0.1709636829533634
2023-10-02,22,101,0.42551277263364695
2023-04-16,16,90,0.9508446866702213
2023-07-03,8,82,0.9902234875528071
2023-10-31,9,136,0.2880929128184172
2023-12-12,2,177,0.0392105046242901
2023-10-29,19,24,0.11165869784007565
2023-11-27,12,57,0.3019152242439457
2023-03-07,7,121,0.2470820569414125
2023-03-30,10,175,0.027909047038425006
2023-05-02,17,37,0.9384923889947149
2023-05-12,17,15,0.8980865686498222
2023-06-04,14,176,0.05019807021707623
2023-07-24,14,53,0.06185765177029534
2023-11-30,13,43,0.5172354392521435
2023-02-21,9,74,0.08300755828942363
2023-09-30,20,81,0.6453622967664142
2023-01-30,17,162,0.357371487589463
2023-06-04,3,97,0.3953057450945605
2023-06-05,13,29,0.19576840515059757
2023-12-12,18,89,0.1263503807651586
2023-01-10,8,57,0.9599096899931914
2023-03-28,18,175,0.5252457384507011
2023-12-24,7,19,0.5243426984291218
2023-07-15,9,59,0.0997883696445826
2023-05-12,4,84,0.41016543193515786
2023-03-31,18,90,0.8619903906193316
2023-11-07,6,115,0.5398507118281156
2023-09-26,12,14,0.43537976999158046
2023-02-22,23,179,0.7916454365344888
2023-07-02,10,31,0.8708957857219496
2023-08-02,25,22,0.4546638312571426
2023-08-25,8,113,0.9218135736643105
2023-04-16,24,79,0.3839864794314032
2023-10-19,11,177,0.9717795481842892
2023-10-27,20,22,0.6768565288264166
2023-02-18,17,120,0.24589011234473257
2023-09-30,8,78,0.9173457335263987
2023-02-14,3,43,0.643703075322769
2023-12-23,18,131,0.4450633269430685
2023-01-21,12,171,0.6933448451441939
2023-04-23,1,118,0.2473828700509043
2023-07-07,6,163,0.8873715199686816
2023-05-12,19,121,0.7724029560622091
2023-10-08,17,130,0.4685386116231084
2023-06-16,8,17,0.12681418445323434
2023-06-06,23,125,0.08109624658870263
2023-07-06,20,118,0.23721527482862592
2023-02-23,5,1,0.6729982033902185
2023-08-19,24,191,0.9830811644592249
2023-08-17,2,152,0.09330930485515809
2023-10-24,3,38,0.23749138909011336
2023-01-29,12,125,0.42897994619651536
2023-05-14,10,6,0.5091459952752372
2023-09-08,9,101,0.5736693227484269
2023-12-30,15,137,0.6906135329989702
2023-05-30,8,101,0.7239443006677408
2023-04-17,22,182,0.2124643588356263
2023-07-25,14,167,0.48884355457525785
2023-07-31,11,61,0.0035109702829976275
2023-10-09,12,6,0.9544120717055224
2023-09-13,23,16,0.6211460470210453
2023-10-16,17,71,0.7293131502847927
2023-01-30,6,58,0.12933021696370117
2023-07-17,19,47,0.8528857236709907
2023-07-15,17,119,0.4971856980030166
2023-02-24,7,135,0.6538323823056265
2023-06-17,17,8,0.569323369277854
2023-03-29,2,18,0.779780910547873
2023-08-15,14,43,0.8685183766594748
2023-05-26,11,150,0.04892159049334266
2023-03-13,21,12,0.6472367695420227
2023-08-10,23,145,0.464104313922455
2023-03-18,18,113,0.21356685132900743
2023-02-17,6,150,0.721301233783607
2023-03-28,15,152,0.8818865364093719
2023-12-24,4,103,0.6832881671264166
2023-07-26,1,146,0.03819069228014216
2023-10-16,8,131,0.6950235539018249
2023-08-25,4,89,0.5290647934866856
2023-11-02,21,118,0.42623480745957754
2023-06-27,15,187,0.2206275076025248
2023-09-13,20,195,0.49073544459800866
2023-10-08,23,18,0.836149420731663
2023-09-13,19,141,0.42593633922536744
2023-12-31,2,34,0.8789806640090675
2023-05-26,4,119,0.4410796830800835
2023-04-10,17,179,0.9982412690608377
2023-09-14,7,118,0.9585222505405167
2023-09-16,7,108,0.7154906737396206
2023-07-24,19,195,0.8588077844673173
2023-12-08,23,163,0.9803683938770086
2023-03-12,8,118,0.9626446742416406
2023-05-05,3,195,0.7302710294919619
2023-11-03,20,154,0.015835277014539573
2023-10-05,15,170,0.908889430064539
2023-01-26,17,177,0.5364461468287164
2023-02-23,1,61,0.47942141315460085
2023-06-14,5,132,0.8542808935094794
2023-02-21,12,34,0.484472408604382
2023-11-16,3,21,0.2918535917311553
2023-02-23,4,12,0.662918134555557
2023-02-25,20,30,0.8506285287701445
2023-06-10,22,166,0.7241661587471842
2023-11-05,25,31,0.45746397111146153
2023-06-29,20,172,0.9729002999576296
2023-03-30,24,118,0.9591800766044573
2023-12-24,20,118,0.2517556809980209
2023-05-06,20,70,0.8311897475195413
2023-11-12,4,38,0.31624403957700464
2023-12-27,16,168,0.16902592553464035
2023-09-11,22,101,0.34947838085964056
2023-05-26,20,45,0.2041973238254816
2023-10-06,12,30,0.4670890802271178
2023-07-18,7,138,0.440876145473563
2023-08-18,11,174,0.024680399258955932
2023-11-09,21,129,0.8577796577147628
2023-09-29,6,35,0.8482534804948737
2023-12-12,8,118,0.19015535357622615
2023-06-14,23,75,0.7866160512769935
2023-01-28,23,77,0.8985569836978733
2023-12-17,1,82,0.5118015804522708
2023-02-25,24,139,0.8589235631952724
2023-11-08,19,69,0.13932541204087068
2023-09-10,7,21,0.41688209757144856
2023-08-25,3,54,0.05258553068394878
2023-09-16,19,176,0.40778040477810795
2023-03-18,2,108,0.7824762114266688
2023-12-03,8,76,0.0076795689094707464
2023-06-12,4,137,0.46023971518263673
2023-12-20,13,36,0.8248413983725472
2023-06-09,22,35,0.6809205449731205
2023-12-04,17,186,0.7517977707393021
2023-12-17,22,185,0.284597062505327
2023-11-23,19,175,0.7184342512592914
2023-01-02,3,87,0.7586687565352509
2023-09-27,14,84,0.4778347104453965
2023-09-23,3,169,0.33824602525489766
2023-09-12,15,95,0.947265198046332
2023-10-19,9,48,0.6315909218644234
2023-08-27,16,172,0.4371044233183037
2023-08-11,23,179,0.010544857922762163
2023-11-15,20,86,0.153453688107149
2023-09-08,12,138,0.18188412554119215
2023-02-21,16,180,0.5714851278205675
2023-09-02,10,148,0.7870140360222959
2023-12-07,6,93,0.3068826615257675
2023-04-04,8,90,0.7162051564044775
2023-08-22,14,86,0.043750238803186736
2023-10-14,21,5,0.671508373376693
2023-07-09,16,12,0.6489470818729127
2023-08-15,10,144,0.3390191276713931
2023-05-09,25,72,0.09459275415621371
2023-11-07,5,110,0.8763216152428999
2023-02-14,2,133,0.8873708818980255
2023-07-01,4,144,0.8920294861059317
2023-12-16,5,100,0.3106199183051367
2023-12-21,18,105,0.3227706239729424
2023-06-02,12,154,0.03646817931084256
2023-06-26,12,156,0.8381359211619043
2023-02-05,5,185,0.7137903029714883
2023-06-30,8,48,0.7135919232942374
2023-08-30,8,132,0.33417644730936347
2023-03-14,14,142,0.5014853750573381
2023-08-22,11,184,0.28621733054128995
2023-05-20,5,134,0.5826507581027458
2023-12-17,11,30,0.7441009189926974
2023-06-18,3,44,0.18672856025249018
2023-04-16,18,106,0.3108800004203838
2023-02-15,18,48,0.41509805182592086
2023-02-10,12,98,0.3369015366575686
2023-02-25,8,67,0.1570803892026018
2023-05-23,23,161,0.9298782639513858
2023-01-15,7,59,0.18876128585048846
2023-02-01,17,56,0.5402469357510808
2023-03-18,5,11,0.7220095872278758
2023-01-28,22,163,0.3236925445285589
2023-11-10,19,131,0.4566417186022371
2023-09-20,21,33,0.8074534989693452
2023-01-27,6,23,0.49336464593868656
2023-10-11,23,81,0.4896755566540363
2023-06-10,10,169,0.44629517345300584
2023-11-17,19,103,0.5786124622353717
2023-02-18,1,35,0.7080274704337033
2023-07-06,4,108,0.742730757626276
2023-06-08,11,172,0.2321193670641405
2023-03-12,4,127,0.9549032428129561
2023-01-17,19,119,0.41071808268670496
2023-03-18,22,46,0.9809667162565837
2023-03-17,19,178,0.9495846610024112
2023-06-24,10,95,0.8211543671627614
2023-04-09,6,187,0.37521300144152847
2023-03-22,19,188,0.8326463828440573
2023-08-18,21,158,0.7382362433700245
2023-05-16,11,165,0.17068263799154904
2023-03-19,12,141,0.41786143955643995
2023-02-23,6,40,0.7292346889609143
2023-10-08,14,94,0.8172687670533498
2023-04-20,11,151,0.662808068166673
2023-08-18,25,170,0.22803269372643042
2023-08-09,13,160,0.5045561233625194
2023-03-14,18,189,0.14978168582110252
2023-01-27,14,163,0.6231723787273399
2023-05-19,1,14,0.9194287515967368
2023-05-09,14,16,0.9440827506622564
2023-12-12,25,71,0.920379613904819
2023-10-16,22,188,0.8641490741733323
2023-12-13,19,14,0.6740475234892774
2023-02-21,24,159,0.01864035433263833
2023-11-25,22,186,0.874614336107314
2023-07-16,25,153,0.5223050963040513
2023-08-02,24,172,0.8167053601140433
2023-02-11,10,155,0.23668401423823937
2023-12-05,18,13,0.0418679652705215
2023-06-14,13,3,0.761632743786978
2023-09-04,19,105,0.6084688445159531
2023-02-23,24,18,0.38824507383046447
2023-09-02,21,116,0.44692103461799115
2023-06-09,13,117,0.9336812460223303
2023-05-10,21,99,0.5121421863752843
2023-07-16,24,113,0.8674257810098553
2023-11-07,5,181,0.9454096031567114
2023-09-05,6,150,0.526756436547973
2023-10-12,21,108,0.20569488758362164
2023-10-06,11,15,0.5418169410893791
2023-08-11,5,61,0.8446567981820612
2023-07-07,3,51,0.1567121954994385
2023-05-22,19,60,0.9661489184594795
2023-12-31,25,128,0.8310668547023319
2023-01-31,7,193,0.8487553744305615
2023-10-24,9,108,0.24384763004450116
2023-06-03,16,42,0.9818897894109117
2023-05-15,17,173,0.03239444827122817
2023-01-09,24,167,0.9448254468258893
2023-07-30,17,90,0.14890828518988974
2023-01-07,24,123,0.6513295579414575
2023-01-07,11,90,0.8862787628836366
2023-10-04,13,11,0.35784721767377425
2023-02-09,20,127,0.26485121765589204
2023-10-25,16,191,0.29458289058228426
2023-08-20,24,89,0.07882772819779249
2023-06-21,14,26,0.8301368931027273
2023-08-18,17,188,0.39036670948340235
2023-07-10,25,156,0.11148893136608751
2023-02-25,8,191,0.7193997547121186
2023-01-11,12,124,0.5173189379889128
2023-12-16,11,40,0.6564708723739845
2023-02-28,1,98,0.5809107083458129
2023-07-29,3,14,0.1431397548194715
2023-12-03,19,5,0.6870460737728823
2023-07-11,16,4,0.9019169189508666
2023-11-07,15,135,0.4750313828837549
2023-10-22,23,56,0.8051620646764991
2023-12-23,11,74,0.9922991350523245
2023-10-17,2,13,0.5679061743926347
2023-12-01,20,71,0.4155576607623075
2023-09-02,23,103,0.7034931955775745
2023-05-20,25,167,0.426601999402325
2023-07-16,2,80,0.7656574625710502
2023-09-17,21,137,0.5273057939160016
2023-11-15,4,148,0.9703304885512053
2023-11-07,24,87,0.11684243634593217
2023-09-08,21,128,0.683143911629507
2023-05-13,15,187,0.9668956968162266
2023-01-13,1,117,0.5461877270842879
2023-08-06,6,89,0.816916091919482
2023-08-22,9,86,0.535555407642155
2023-09-03,17,83,0.6200399841298883
2023-07-24,23,45,0.7499329920372791
2023-07-12,18,169,0.7905759772530311
2023-10-21,3,16,0.8760785962964096
2023-10-09,3,5,0.7990674942868033
2023-03-22,17,146,0.2879831125066157
2023-04-20,15,159,0.6360485267550916
2023-03-25,25,123,0.7115494003850906
2023-09-30,17,12,0.26405614406639644
2023-11-21,10,162,0.183344960598814
2023-11-09,5,100,0.9567303735593627
2023-07-20,22,17,0.868574110809002
2023-03-15,14,7,0.04035925345697089
2023-12-01,8,125,0.13526180464982063
2023-09-02,21,76,0.372395539268512
2023-06-20,8,103,0.30098870091495866
2023-11-24,18,46,0.3303363494306447
2023-05-30,7,91,0.07198223464690634
2023-01-20,1,154,0.15030833638621732
2023-02-19,24,1,0.976157728548377
2023-11-26,25,160,0.017211776410140933
2023-06-07,14,177,0.22660168480984566
2023-12-02,17,155,0.05119206092596995
2023-11-26,10,195,0.0038623628085285855
2023-08-16,13,23,0.6716754393687203
2023-04-01,25,133,0.6679884310057032
2023-06-03,8,164,0.20224514910986113
2023-04-20,8,146,0.7235929665566271
2023-10-13,10,182,0.15254516466158596
2023-06-01,5,74,0.9044461923148674
2023-10-24,8,197,0.8008198810632605
2023-10-16,24,163,0.2331536293205777
2023-11-28,15,142,0.46857572287117555
2023-01-11,8,60,0.79012501346713
2023-03-26,16,31,0.4394628533404732
2023-02-24,22,169,0.7460411093220868
2023-03-10,21,185,0.28965246670694045
2023-04-19,3,147,0.02294864677616426
2023-06-04,22,165,0.5773714190770254
2023-01-08,24,12,0.21066203184788046
2023-07-08,14,26,0.21844050641799684
2023-04-05,5,46,0.0802684205060672
2023-05-01,16,25,0.23548571831994436
2023-04-23,11,173,0.021793029359120974
2023-09-09,7,111,0.18863139329529832
2023-12-11,12,75,0.7725089217325927
2023-08-21,20,34,0.7671416303610372
2023-06-05,11,46,0.9183602507514002
2023-05-12,20,175,0.047963121080859206
2023-08-16,16,187,0.02241628867558343
2023-06-21,5,139,0.7552993663721448
2023-07-22,1,111,0.17622640902442577
2023-04-01,21,153,0.7990841279461617
2023-02-06,13,152,0.9568998956211149
2023-07-26,23,82,0.9087050682309996
2023-01-28,7,27,0.9449737698477872
2023-11-14,15,93,0.39322779972599187
2023-05-17,11,199,0.4915310422497553
2023-11-13,25,147,0.5544792270495424
2023-01-22,25,90,0.5990834385645601
2023-04-10,11,36,0.7616991997425443
2023-01-22,14,117,0.7916972032188515
2023-09-26,8,35,0.12016257954254816
2023-08-05,4,54,0.7348442970838456
2023-03-15,18,163,0.8932246136686415
2023-03-08,9,193,0.8540754360719768
2023-03-29,19,28,0.9172983063873462
2023-10-24,10,84,0.21415798030735878
2023-08-11,20,199,0.852516163646762
2023-09-28,4,107,0.9963912793555132
2023-04-30,19,160,0.4528441071110645
2023-03-14,18,115,0.5072860918724474
2023-06-01,3,193,0.371431062008273
2023-12-18,11,200,0.253916448577591
2023-07-15,2,81,0.9091733673680973
2023-05-23,5,42,0.8736739338522126
2023-12-02,1,183,0.6598952002999083
2023-03-07,15,32,0.1778448758104313
2023-08-17,14,84,0.19850273046526612
2023-11-11,9,142,0.7548015096109162
2023-11-07,23,18,0.7255128741397069
2023-08-10,11,152,0.1643712174706764
2023-11-15,15,117,0.4984026536214069
2023-08-31,16,83,0.35307936200722423
2023-06-29,19,73,0.594957826939977
2023-06-21,22,46,0.4970834527339427
2023-07-03,17,185,0.7933823200172446
2023-01-16,19,193,0.42951941125229076
2023-04-18,10,70,0.306161630323342
2023-03-14,23,64,0.18188886243738356
2023-12-01,22,62,0.9937493925947143
2023-07-25,18,197,0.4875990000158239
2023-04-18,20,118,0.5741486102364065
2023-06-06,21,171,0.034876105705687555
2023-10-05,23,148,0.9302600096117195
2023-01-26,20,180,0.7505470124479242
2023-08-12,9,172,0.8082902466968676
2023-02-03,18,48,0.3886417588601162
2023-11-12,24,183,0.04171264040371081
2023-07-15,4,163,0.3398572612850701
2023-05-29,3,191,0.6356722152532076
2023-04-04,19,191,0.8099865607430807
2023-07-10,13,95,0.6757864352291201
2023-03-19,23,133,0.3843471573138465
2023-02-16,10,45,0.3609340469753525
2023-05-19,20,136,0.21422864719661716
2023-05-04,13,51,0.5069612030234086
2023-08-25,24,152,0.8616965026008921
2023-08-22,17,195,0.16618637724606666
2023-10-15,1,111,0.3117272846310922
2023-03-17,17,165,0.5622477594654365
2023-05-18,24,90,0.6593840257245825
2023-03-13,1,31,0.3406561200290874
2023-02-08,25,133,0.7325384922800203
2023-07-28,12,120,0.8061498733798116
2023-06-21,11,62,0.5936267727275226
2023-02-24,25,100,0.538915497852944
2023-06-19,22,72,0.5294419160562223
2023-01-27,22,196,0.9194824157554828
2023-08-19,14,132,0.24305849558772152
2023-10-07,9,31,0.9576957874694262
2023-03-04,25,47,0.07077698338402783
2023-02-11,19,10,0.8813194861828458
2023-01-25,9,23,0.36008096273208245
2023-08-15,1,18,0.3656885911035431
2023-11-05,20,168,0.7195152851403247
2023-10-24,7,112,0.8984563178518926
2023-01-06,7,159,0.7652155011035752
2023-07-04,3,96,0.18437305751793343
2023-09-07,24,121,0.3287300434812347
2023-09-19,17,94,0.4438284086408678
2023-05-07,3,142,0.8504829075446827
2023-06-12,15,107,0.4578237486953345
2023-03-19,21,158,0.6313050893147494
2023-11-06,18,1,0.20008934450045046
2023-09-24,19,97,0.6484337928131244
2023-03-15,5,3,0.7406327558476528
2023-05-17,23,180,0.16463203433121654
2023-05-18,4,113,0.7457970929851233
2023-08-10,25,73,0.19693665862541088
2023-08-01,1,129,0.04325447628295653
2023-08-22,3,43,0.6296856872150448
2023-08-24,21,126,0.17462277023806638
2023-05-07,20,144,0.9068481293156545
2023-08-30,5,38,0.4461245442464008
2023-12-29,4,157,0.1795674075579191
2023-09-16,3,194,0.6210724397297087
2023-06-25,16,32,0.3071133447973433
2023-02-09,7,53,0.8698204157559867
2023-10-13,10,131,0.7867853652669915
2023-03-23,14,37,0.07611775488298556
2023-07-05,5,159,0.07274082078853306
2023-02-08,25,132,0.8349181185859987
2023-04-20,25,2,0.10437992917750916
2023-10-03,18,46,0.6602481851673351
2023-03-10,8,67,0.4470042762520061
2023-10-23,23,93,0.9454294896730362
2023-11-09,19,102,0.36192145611062454
2023-04-30,5,129,0.1718958397174577
2023-09-12,6,182,0.38685233549509457
2023-02-20,19,100,0.21371200403631785
2023-05-04,8,8,0.600742232533054
2023-08-28,19,64,0.005970740348565928
2023-09-22,9,73,0.3285386333174317
2023-01-31,11,98,0.5694403100920447
2023-10-16,17,198,0.48925592967450326
2023-01-10,8,184,0.8872225859736016
2023-12-10,1,74,0.3769632644214982
2023-05-21,20,160,0.5213380336658017
2023-07-30,3,5,0.24682928578660024
2023-04-23,12,141,0.45775077145724463
2023-02-14,7,149,0.6894314841638687
2023-12-23,1,41,0.006710926706846032
2023-01-25,23,90,0.43309953279132873
2023-11-07,13,199,0.7252227193453037
2023-06-03,5,156,0.33006215966228414
2023-01-01,16,73,0.605943667713905
2023-09-06,23,24,0.8814298980612136
2023-11-16,3,14,0.07143024993633307
2023-10-10,21,29,0.2554327461721778
2023-07-16,19,136,0.556087750323442
2023-08-22,25,174,0.9455494063440174
2023-02-09,14,125,0.1513092942199472
2023-06-09,10,31,0.1631643628885575
2023-10-13,10,114,0.5304134056720645
2023-08-28,17,63,0.06430946552850714
2023-09-07,16,122,0.3551295361274027
2023-09-16,25,108,0.9665082617497474
2023-05-06,22,27,0.6477028755639438
2023-10-20,1,88,0.6582278533820534
2023-05-06,17,55,0.08026750921665371
2023-06-26,24,177,0.49735548033331234
2023-01-28,19,26,0.0654023982872024
2023-03-23,4,147,0.13836379853572944
2023-03-13,15,192,0.9030113615918084
2023-06-08,1,52,0.652980868034288
2023-12-06,11,140,0.6623300367986853
2023-10-16,10,149,0.6905416058757354
2023-09-28,18,91,0.5221003950061605
2023-01-15,6,48,0.7103095832026297
2023-10-25,14,138,0.2834207810589928
2023-01-14,4,17,0.8407655971543807
2023-10-31,23,90,0.32978055829542663
2023-05-18,7,96,0.736875990195315
2023-02-08,3,75,0.30609202742229213
2023-04-05,5,87,0.18933735838841048
2023-05-20,9,54,0.31661024151341155
2023-12-22,15,143,0.8082773914726359
2023-04-07,25,152,0.21922913368332198
2023-01-07,17,39,0.6907366986090813
2023-04-09,18,17,0.7387630731199849
2023-05-06,15,14,0.9197418988474161
2023-01-13,7,122,0.6448567567776282
2023-03-11,12,187,0.6809370092214715
2023-02-01,9,100,0.8313318350143596
2023-07-05,7,18,0.09229280926023764
2023-09-13,2,45,0.9424398922346156
2023-01-14,14,173,0.5187481267299275
2023-10-27,24,191,0.08991487725484326
2023-08-07,10,89,0.2047613160601528
2023-02-08,5,108,0.5373488774641062
2023-09-11,21,140,0.845136386584416
2023-11-11,20,41,0.509638801086432
2023-05-15,11,84,0.5833554174354137
2023-06-22,6,97,0.5060034663206858
2023-08-31,21,44,0.6286926279428933
2023-02-07,3,19,0.7200314872740312
2023-09-17,8,96,0.5489744119935697
2023-03-07,19,34,0.24877048450187944
2023-08-08,8,103,0.3782115135432248
2023-04-04,24,115,0.9029640108748476
2023-03-10,4,3,0.07237065962520006
2023-09-09,5,166,0.38957796864978045
2023-09-17,7,112,0.643958582429765
2023-03-01,10,193,0.40349374661933723
2023-07-17,22,196,0.9182441010738919
2023-12-28,17,48,0.6367151255228801
2023-01-29,25,39,0.43447902722460197
2023-07-15,9,149,0.23161888154420895
2023-08-13,3,9,0.6858069298908795
2023-04-03,14,107,0.5727834904236012
2023-10-30,16,98,0.05927810010059498
2023-06-08,24,87,0.6869789982312431
2023-03-17,2,136,0.9717444814491595
2023-12-12,18,4,0.19228547084685066
2023-08-13,16,19,0.6107478890879775
2023-05-30,13,8,0.21561564597650928
2023-08-07,23,101,0.2186715149109828
2023-04-22,12,70,0.29552846955522627
2023-11-16,2,198,0.6804052090928313
2023-10-15,14,84,0.23269780156100695
2023-08-08,10,164,0.608707371999017
2023-02-17,9,58,0.0983201680037945
2023-01-26,15,21,0.9361971689008693
2023-03-19,1,78,0.0735120008034501
2023-08-12,12,18,0.00010218865814304312
2023-09-09,14,15,0.3940100845229364
2023-07-30,15,104,0.20038130537449939
2023-06-28,11,77,0.34160190050027106
2023-04-14,13,196,0.23823069941439878
2023-05-15,1,116,0.00973578438465783
2023-01-18,12,137,0.6432584555174363
2023-06-27,15,164,0.5408382733597675
2023-10-20,1,24,0.45925790139580913
2023-03-25,21,29,0.8603747397115857
2023-10-11,17,112,0.4296123291583931
2023-09-19,14,144,0.33294488577347614
2023-01-19,17,163,0.098402615619538
2023-03-12,19,73,0.028648457739791966
2023-10-24,1,119,0.0857942065540862
2023-01-04,23,117,0.037043777730459415
2023-08-21,17,192,0.9027401687773522
2023-12-02,16,153,0.2872616544656462
2023-12-02,15,161,0.6981787219442513
2023-02-27,1,116,0.9991710988533428
2023-06-25,23,89,0.2962326990462584
2023-01-30,22,123,0.24232039098611846
2023-03-09,15,132,0.6396907133482677
2023-10-14,18,53,0.7416853962547494
2023-04-19,23,193,0.19282311130023044
2023-09-24,13,77,0.7251079554927238
2023-09-25,3,82,0.10852767205920866
2023-03-24,25,142,0.9550176988816853
2023-02-10,17,106,0.3789068615275071
2023-09-12,8,67,0.4250294722757524
2023-01-03,1,152,0.924735770807277
2023-11-22,15,176,0.9288850241763663
2023-08-04,25,123,0.8705700306374787
2023-02-19,23,122,0.26498377955011865
2023-02-17,8,3,0.3433172472322529
2023-08-05,4,125,0.40379767540015243
2023-09-26,16,190,0.8962956257148925
2023-10-24,8,73,0.8594756066499052
2023-11-09,23,148,0.5713984977075599
2023-04-15,11,120,0.5623646412708386
2023-07-16,4,161,0.8302105842775598
2023-03-23,11,55,0.7872482317134833
2023-10-03,12,75,0.14784956690153217
2023-05-21,22,122,0.04804751995783196
2023-01-05,9,192,0.8435088033644456
2023-10-11,6,115,0.9734810375286891
2023-11-21,5,175,0.6050223813075476
2023-06-05,21,22,0.3114558607892379
2023-12-01,8,64,0.39598337480496504
2023-12-29,12,80,0.45501757688343525
2023-07-04,8,167,0.3696555524420494
2023-04-09,11,168,0.48730726710246364
2023-08-22,8,88,0.9177775064007407
2023-02-23,18,16,0.19589258230655116
2023-09-27,20,114,0.10326675019170484
2023-03-10,10,92,0.8363303031360737
2023-11-10,16,122,0.7833705172979133
2023-03-05,10,57,0.4366883649667034
2023-05-08,22,44,0.3690383216081188
2023-03-24,4,169,0.5617996346208292
2023-09-23,9,78,0.7822143031660592
2023-08-22,10,104,0.45701129062381407
2023-05-24,20,71,0.6163682143946587
2023-12-25,6,179,0.3697634104150498
2023-09-12,6,159,0.014163823946669263
2023-03-30,18,52,0.999460219874306
2023-05-11,20,125,0.2833595958477688
2023-05-13,11,25,0.34965712234810387
2023-01-01,10,51,0.8708231922650544
2023-08-11,24,63,0.23107630581405836
2023-08-14,21,189,0.6130216715564003
2023-01-15,4,21,0.8621644792842413
2023-07-29,25,185,0.3232923072417654
2023-06-07,10,137,0.571300438143528
2023-03-17,22,155,0.00673804742518036
2023-02-01,24,175,0.6277130241130195
2023-05-01,20,80,0.5017461444272698
2023-03-19,3,196,0.06522701936013242
2023-02-08,22,144,0.16744005520493743
2023-04-13,6,67,0.03925630472813746
2023-09-21,8,107,0.7696084755859133
2023-07-19,17,134,0.7790532095145287
2023-07-06,14,83,0.06200837020699623
2023-03-20,25,100,0.4906465955540332
2023-08-23,6,37,0.8705354874588883
2023-08-16,24,124,0.6841697153161699
2023-08-30,3,117,0.5721190383648415
2023-01-02,10,73,0.5377138286607598
2023-01-30,25,75,0.7770310022712771
2023-11-06,2,57,0.7053256906792911
2023-10-25,20,119,0.9375174656970888
2023-07-21,20,128,0.034876876011876834
2023-09-12,24,116,0.26259314353735264
2023-01-25,11,163,0.02686802868602234
2023-09-13,21,18,0.7942282627427788
2023-11-07,12,23,0.14859263301315495
2023-06-30,2,5,0.058672320354558605
2023-08-02,16,76,0.14356831060872388
2023-04-07,21,45,0.5130348580791168
2023-08-05,15,121,0.6871340434291413
2023-09-21,17,106,0.9503708902508878
2023-05-11,5,12,0.3442532082974987
2023-08-13,20,102,0.853439923904216
2023-01-22,23,116,0.5145883595565734
2023-02-17,4,65,0.8578423642445356
2023-02-06,13,19,0.37884259053011937
2023-02-19,8,173,0.528115879714322
2023-01-13,15,189,0.6685929015528806
2023-02-08,16,149,0.23322921070648206
2023-06-16,1,17,0.709966631606112
2023-02-18,25,151,0.9687549891131473
2023-01-13,24,50,0.4951394979792938
2023-08-19,13,179,0.2698008942785731
2023-07-06,12,54,0.8591067852904153
2023-07-28,19,12,0.5383927430985055
2023-08-02,4,146,0.7020547103181689
2023-11-25,2,143,0.29889707849379743
2023-06-07,6,97,0.8561297445011329
2023-09-01,24,192,0.5536861885525955
2023-12-18,5,148,0.3436741282064153
2023-12-26,22,178,0.3549463465236421
2023-11-06,11,73,0.5777258616224814
2023-11-04,20,118,0.8853718834271873
2023-06-24,9,131,0.6264440381209849
2023-08-17,16,8,0.01539014294151475
2023-09-30,23,181,0.28213546072748996
2023-10-01,10,181,0.026086292045101822
2023-04-06,9,62,0.6766112449222864
2023-10-01,14,37,0.16933279489711506
2023-04-23,11,152,0.1655191006920812
2023-11-11,12,181,0.597732230637065
2023-06-03,11,29,0.3935623884280881
2023-01-08,23,64,0.8016824116205251
2023-08-05,2,68,0.9359111673093732
2023-09-01,15,9,0.08682227672416798
2023-10-04,17,113,0.4507277566160418
2023-11-20,1,104,0.8614099727001948
2023-01-09,5,179,0.8598934976101544
2023-03-23,5,50,0.45191177194460996
2023-04-25,5,178,0.08872009611194509
2023-02-23,20,84,0.7149027517270734
2023-05-06,18,119,0.2207488375403298
2023-09-04,19,97,0.5567365787018008
2023-05-05,12,108,0.28808300184071756
2023-10-28,21,42,0.22419825437385443
2023-09-04,17,119,0.8545180520112309
2023-04-02,21,70,0.3834455495453253
2023-09-28,11,104,0.849677642862613
2023-02-28,22,58,0.4170828063521802
2023-06-22,13,54,0.4849965646462767
2023-03-27,24,27,0.13230260799983418
2023-05-15,5,49,0.8738081866742569
2023-04-14,9,146,0.04801429630326892
2023-07-21,14,195,0.15129135917931957
2023-04-23,13,153,0.10470961711436044
2023-01-18,7,2,0.04316127112275403
2023-08-26,7,45,0.4658180037635611
2023-06-07,14,189,0.7836448599401508
2023-01-05,10,173,0.6161918005994443
2023-07-05,24,69,0.8353570793863822
2023-06-16,18,176,0.7593128463490473
2023-06-05,15,174,0.018657366533676556
2023-08-30,7,189,0.22841180969949226
2023-01-24,17,11,0.5823915537079095
2023-08-02,12,3,0.84407241723437
2023-01-03,4,141,0.7647026295393068
2023-04-05,25,127,0.39331613321414716
2023-08-24,18,154,0.0033429323615495887
2023-02-04,14,187,0.7104338940622705
2023-01-03,17,80,0.2991756396502203
2023-03-19,15,147,0.14219598371841158
2023-03-29,22,149,0.7117963878324484
2023-01-16,10,27,0.5516838916902902
2023-02-19,17,93,0.4789297940654812
2023-09-17,14,12,0.2286437384077019
2023-03-25,8,64,0.9577354019717988
2023-05-13,7,33,0.4893958915146337
2023-06-13,19,70,0.14506610986402746
2023-05-16,1,125,0.2904880936187004
2023-09-06,6,24,0.020636980044073217
2023-06-25,9,174,0.37139304551109076
2023-01-01,15,130,0.6116241564273164
2023-11-21,2,139,0.8425601053511778
2023-11-09,6,8,0.716660007714129
2023-11-13,21,135,0.8261019206758216
2023-12-13,20,166,0.8842150340963221
2023-02-04,16,144,0.6539810601502248
2023-10-10,13,156,0.46323600455701197
2023-11-10,17,34,0.4908471261364963
2023-10-26,13,74,0.11690044676701117
2023-03-21,10,51,0.13218883377713797
2023-03-21,6,200,0.850395015309735
2023-02-12,1,14,0.13008574405532125
2023-06-05,2,88,0.738303019169761
2023-06-09,7,5,0.3040927343894466
2023-05-05,24,8,0.44658291464873723
2023-05-24,10,94,0.12028488255326664
2023-01-20,3,158,0.18380403086474206
2023-01-25,12,123,0.6898103591234562
2023-10-20,13,28,0.687833616352232
2023-10-07,13,93,0.8293271479386133
2023-10-01,8,181,0.6711078957337929
2023-03-25,12,156,0.679251375627696
2023-06-30,6,157,0.2558757205891732
2023-11-08,23,37,0.8084818273213517
2023-10-31,8,106,0.0894717509559223
2023-04-23,3,68,0.41277212162046706
2023-01-05,13,166,0.9613484529394072
2023-06-13,17,30,0.2813591130614499
2023-10-15,22,40,0.6276016239772269
2023-10-03,12,51,0.8657963239340926
2023-02-21,7,192,0.5009281430648544
2023-04-29,17,57,0.5841670550144312
2023-07-27,19,35,0.07093174522387202
2023-11-21,15,166,0.7346005891187477
2023-09-24,15,59,0.22850423683712962
2023-01-16,12,39,0.46896918463388504
2023-03-09,16,186,0.1333205256588189
2023-10-05,9,138,0.8628336754188248
2023-07-10,1,168,0.1286055333266659
2023-01-13,24,68,0.7823529707640313
2023-05-11,1,19,0.7183220496159969
2023-02-24,16,70,0.9440798848374042
2023-11-28,25,61,0.1485562884599989
2023-10-07,20,92,0.8118603525007038
2023-06-24,24,8,0.9228271185041689
2023-03-23,17,130,0.3477859269704373
2023-04-16,14,78,0.20649574629063605
2023-07-11,7,194,0.7374070789637769
2023-05-07,6,45,0.4155042101767923
2023-04-16,14,31,0.8336308967885281
2023-11-30,20,58,0.43157682715942125
2023-10-12,8,74,0.3528060146095158
2023-07-15,16,73,0.7125270277733916
2023-07-31,1,77,0.25841525477228267
2023-10-15,17,127,0.08414025474709708
2023-08-13,12,90,0.6419847687856232
2023-07-29,19,108,0.16956814524035047
2023-07-16,8,15,0.21982918646100702
2023-06-03,10,136,0.6413951573970912
2023-05-01,11,149,0.8775993327927422
2023-08-28,15,162,0.7501559727460577
2023-12-05,24,166,0.528046395302716
2023-12-21,13,25,0.7849322276006517
2023-11-04,21,47,0.04136018241154493
2023-04-15,17,149,0.40928338257755914
2023-07-15,24,189,0.7113776967621452
2023-05-03,13,97,0.33838689507241104
2023-11-27,17,53,0.9512762878278059
2023-02-25,1,65,0.2729757466730961
2023-05-08,22,139,0.22369386734823848
2023-04-05,23,193,0.16931163427700524
2023-11-25,18,78,0.46763898320869757
2023-10-27,18,148,0.19471225462858555
2023-09-12,24,146,0.6170801942372293
2023-01-15,17,19,0.42774441729136914
2023-09-08,5,37,0.26782105348839136
2023-08-16,2,50,0.9512450492215684
2023-07-27,21,120,0.7470843426129123
2023-11-10,1,1,0.3125074132911556
2023-09-05,6,14,0.3381802021481134
2023-07-26,13,129,0.8968374228239482
2023-09-21,25,75,0.0830224232309077
2023-08-16,15,167,0.1454918158491887
2023-12-09,10,138,0.3313362018328396
2023-06-20,16,139,0.8784569899235766
2023-06-11,21,13,0.6726963264642607
2023-08-15,19,147,0.1892743076298271
2023-09-21,19,121,0.09196398939989181
2023-03-08,9,83,0.6090918183561773
2023-05-06,19,47,0.36815132151513386
2023-10-27,19,13,0.7281900484791056
2023-07-08,4,54,0.5896911954449217
2023-06-30,3,154,0.5728395739757581
2023-06-10,24,91,0.8086600198107508
2023-12-18,2,78,0.8066662102198855
2023-05-31,24,169,0.7788333063796614
2023-05-28,4,178,0.6695694946664899
2023-08-30,5,55,0.7706964798239483
2023-04-04,2,159,0.08067716432870198
2023-04-21,14,3,0.09111158151107379
2023-10-03,13,94,0.7119197604963626
2023-02-16,24,96,0.3510563982767113
2023-08-27,20,136,0.5649307949368325
2023-11-06,5,122,0.9049791231254537
2023-07-11,4,165,0.15129747990669906
2023-01-06,17,174,0.0881443266362063
2023-11-13,19,41,0.5278066059133849
2023-07-21,22,72,0.40488605427369906
2023-07-03,7,192,0.8528706062535734
2023-08-03,25,75,0.4192425151207634
2023-09-05,24,133,0.8869452353992693
2023-05-20,6,192,0.3087011384684324
2023-06-29,9,96,0.8280131209304357
2023-02-23,8,24,0.06417814398573896
2023-02-04,7,128,0.4532898918904491
2023-09-29,10,143,0.2506277446590012
2023-09-18,18,152,0.9668603831201851
2023-01-31,8,191,0.4512645703575734
2023-05-26,2,56,0.3615142913440421
2023-02-28,22,99,0.8526834065503027
2023-09-04,6,140,0.14440792628557275
2023-08-29,1,2,0.4044782181124481
2023-03-11,23,146,0.33774611444568114
2023-07-28,24,129,0.0613229057739022
2023-08-29,18,8,0.8668860575189867
2023-09-20,22,44,0.46903340583220987
2023-10-23,12,52,0.6989691848600034
2023-01-07,23,19,0.48081144761914185
2023-01-22,2,114,0.2381154066339628
2023-08-29,16,92,0.862062303146013
2023-05-30,1,9,0.34793395778830105
2023-05-23,23,41,0.5931558472314445
2023-11-19,24,91,0.05410012218692417
2023-03-04,5,71,0.09592510585906966
2023-08-03,9,96,0.3114003387610297
2023-11-16,10,194,0.47570346167317124
2023-07-14,18,29,0.9888097378589819
2023-06-13,15,63,0.3499218238019216
2023-04-06,5,91,0.4468029273951568
2023-01-07,18,90,0.3509100918501652
2023-06-04,23,101,0.09087134625794135
2023-08-16,22,79,0.009077264265423435
2023-12-02,14,166,0.18457462450076423
2023-05-03,1,40,0.7108245679272835
2023-02-21,10,18,0.09173710558256598
2023-09-15,18,58,0.028209303176476408
2023-11-11,2,149,0.8716470860364998
2023-02-20,16,122,0.05249110484108255
2023-05-27,16,47,0.9262461610435143
2023-05-17,15,162,0.5993399761013547
2023-04-02,17,79,0.7063825881392662
2023-07-08,16,15,0.9509262216326999
2023-09-16,12,57,0.7424012787653834
2023-05-06,9,149,0.5295128606041117
2023-01-19,7,111,0.777697890852377
2023-07-22,20,134,0.5566807898895014
2023-08-11,19,24,0.06565744485954539
2023-05-13,1,127,0.9031595240188363
2023-04-29,10,185,0.8924074167595528
2023-09-08,13,144,0.688804774283621
2023-09-30,13,111,0.5044213271946532
2023-02-10,15,126,0.8181447583001022
2023-04-13,22,174,0.16345000854334746
2023-05-16,12,184,0.2965865518209365
2023-08-27,15,166,0.404158369538378
2023-02-06,6,48,0.554274954732616
2023-04-28,12,132,0.08787638765939887
2023-02-28,15,52,0.1431021100959856
2023-01-18,8,143,0.923490430690172
2023-08-23,9,47,0.9184367648379472
2023-03-10,21,86,0.42858652976410727
2023-05-02,4,122,0.6679704938814299
2023-09-23,17,72,0.7158690436638723
2023-09-09,2,42,0.7621383504412563
2023-10-16,16,5,0.7065634497246503
2023-06-21,4,23,0.41184042972043766
2023-07-23,16,51,0.7114817845118412
2023-04-29,6,56,0.7512515986052728
2023-05-18,6,93,0.7497878436844139
2023-03-18,12,114,0.6745872153043265
2023-09-22,3,74,0.8184912444925119
2023-06-05,4,22,0.6925706337089775
2023-08-05,7,200,0.05545196149752296
2023-08-29,9,1,0.3140841862030921
2023-09-08,16,45,0.3658040940774534
2023-05-15,2,106,0.7461659884654794
2023-07-26,1,63,0.8694919449509827
2023-04-12,2,30,0.2030871753714738
2023-05-12,23,117,0.1935328536392722
2023-05-12,18,125,0.7371695009761877
2023-09-15,17,38,0.8578037334698007
2023-12-02,21,174,0.2517534906618183
2023-10-22,6,186,0.45366246001613564
2023-06-12,3,72,0.11899743608795232
2023-09-02,24,116,0.3603477156879913
2023-08-12,24,84,0.8526727555552327
2023-11-13,12,3,0.23332969663934255
2023-03-02,12,63,0.08376861668266766
2023-04-28,2,91,0.19959704306604464
2023-09-21,1,52,0.691769251640921
2023-04-26,11,67,0.5752471303177383
2023-06-17,20,36,0.05582501530274464
2023-08-28,1,167,0.23168034491509037
2023-11-10,2,188,0.4400241903474774
2023-10-01,16,60,0.08615552006525506
2023-04-27,16,73,0.19437007986249222
2023-03-04,22,8,0.9392370608453564
2023-06-08,3,157,0.46054994348678824
2023-12-09,15,185,0.614490472007393
2023-06-23,17,33,0.5785559715885547
2023-01-02,13,139,0.6466784126603398
2023-06-15,16,17,0.7156940536456992
2023-06-21,17,177,0.1386999736525678
2023-05-28,12,47,0.04290892847178185
2023-04-08,20,138,0.0334549455342017
2023-06-27,21,53,0.05385592307850795
2023-02-08,10,4,0.4387364077430531
2023-01-17,14,4,0.2688651626116114
2023-06-14,10,31,0.09424468685243048
2023-10-12,12,15,0.7890813754225425
2023-09-12,6,82,0.9907867610516633
2023-02-21,18,99,0.656040887325895
2023-09-20,1,120,0.3001160660431267
2023-05-18,22,156,0.048742732036296865
2023-01-07,19,193,0.20863052049878594
2023-09-16,13,170,0.46061114350468424
2023-03-02,10,7,0.04058407517798368
2023-07-17,12,153,0.1521859176339051
2023-07-02,8,112,0.9980513061893697
2023-05-19,6,98,0.015267698395119877
2023-09-23,3,180,0.9579648468946296
2023-05-21,19,132,0.8568261426325291
2023-10-30,5,95,0.7090264877754825
2023-07-16,6,60,0.9224414699640426
2023-07-05,21,183,0.4896858293349148
2023-09-02,14,7,0.1297971427430874
2023-12-08,21,96,0.7907085197065309
2023-10-18,13,160,0.5608934383592599
2023-11-26,7,173,0.5829498544983415
2023-03-29,11,168,0.301504982465717
2023-08-13,23,6,0.6273406695031364
2023-02-08,2,18,0.6540002322631301
2023-12-13,3,87,0.773080921634131
2023-06-17,4,2,0.517780495118387
2023-08-26,16,196,0.3293062566076136
2023-02-03,18,154,0.26602777730919347
2023-09-21,12,33,0.7163227629071884
2023-07-06,8,78,0.3997405064499405
2023-08-09,3,172,0.627899226671264
2023-05-18,17,104,0.31518535230519285
2023-01-05,19,130,0.5493864597915498
2023-08-09,5,81,0.8116441156076687
2023-10-07,12,52,0.3217584180537778
2023-04-10,17,18,0.524027295066024
2023-09-08,11,171,0.666890909562063
2023-03-20,24,44,0.505036836307242
2023-01-31,2,199,0.8573349608087389
2023-12-12,17,30,0.04815408477227323
2023-12-10,20,150,0.6299023990808574
2023-05-02,16,192,0.6869907817409432
2023-12-23,19,200,0.16185769112649784
2023-06-16,24,150,0.7537017560122279
2023-06-19,14,37,0.7649403547841761
2023-02-06,19,169,0.9820099519899315
2023-02-10,15,166,0.6653194469463855
2023-10-03,11,176,0.16654725714791907
2023-05-12,14,64,0.07213739636876604
2023-02-26,4,87,0.06016714855722205
2023-02-21,24,59,0.8929625871498011
2023-01-29,23,119,0.7504718357584512
2023-04-26,18,40,0.44394906899215536
2023-03-13,6,130,0.10738529842437516
2023-01-18,23,162,0.73912246081656
2023-11-19,19,153,0.39673823442639444
2023-02-25,6,54,0.6077428853521378
2023-07-29,8,97,0.14572591902840804
2023-08-19,12,180,0.15117923963172875
2023-12-03,19,117,0.24282192069818098
2023-10-03,13,137,0.5741007276913984
2023-09-15,8,33,0.3337264767767387
2023-11-06,15,55,0.4305180551361537
2023-12-25,16,60,0.32400180586543403
2023-03-03,14,106,0.17110943659835354
2023-07-18,2,13,0.24180013090443064
2023-01-23,9,85,0.7904245654613535
2023-04-20,19,77,0.42599057715242794
2023-03-26,5,134,0.3089616280812407
2023-05-03,21,29,0.9648282613664343
2023-09-30,20,130,0.8428654311765714
2023-11-23,25,181,0.1041585024542826
2023-10-19,3,120,0.8367729935237573
2023-06-06,13,100,0.24182155307991637
2023-10-08,10,188,0.5497280773526882
2023-02-21,21,19,0.8263584346303746
2023-02-13,5,101,0.6393259034674326
2023-01-18,4,194,0.36734667820038724
2023-05-10,10,154,0.21621053014802238
2023-07-29,20,65,0.19988288309295044
2023-03-27,5,28,0.629517976722893
2023-04-22,7,13,0.04350179791571329
2023-08-10,19,60,0.40930025550422433
2023-04-06,23,98,0.5446762531286569
2023-05-16,9,41,0.019044798428281995
2023-05-01,7,63,0.17653938265087465
2023-02-23,3,147,0.3215862027752373
2023-01-10,18,29,0.7704480761680093
2023-11-29,15,147,0.30983321695118315
2023-11-09,16,78,0.053618859199196844
2023-05-11,16,171,0.34233291981522496
2023-10-06,15,125,0.6062333544276033
2023-07-12,17,115,0.34264606285851174
2023-04-20,11,192,0.8587284618670489
2023-04-25,2,40,0.8049066807514589
2023-09-17,4,67,0.32629846707914356
2023-08-31,9,138,0.1915122142748692
2023-07-07,16,93,0.03090783609599501
2023-09-03,17,198,0.8508479360923716
2023-11-07,1,102,0.9450082795579552
2023-09-05,20,13,0.2208212139192136
2023-09-26,10,106,0.20542969414444134
2023-02-25,15,132,0.8410126667123357
2023-06-21,3,109,0.9502132717530614
2023-11-05,11,136,0.6613638858275963
2023-05-22,13,50,0.2548910259012276
2023-12-25,22,56,0.04944555645644966
2023-09-22,11,153,0.9003079493297278
2023-01-18,10,43,0.45272882407215576
2023-02-22,5,89,0.5762197862629177
2023-01-30,12,81,0.2267851860413468
2023-01-13,2,12,0.8573348813479672
2023-11-14,15,16,0.9408027982682913
2023-08-14,12,122,0.07379890591454263
2023-03-17,13,72,0.35043224077417257
2023-03-05,12,119,0.30247916154310805
2023-02-10,6,16,0.6377303776692488
2023-11-16,9,80,0.6170289946255876
2023-12-22,23,135,0.35689352665890106
2023-06-23,3,43,0.6020318809853401
2023-11-24,2,52,0.16657396181230688
2023-01-26,7,21,0.7209115580493687
2023-02-12,15,29,0.41649776123633253
2023-11-17,17,2,0.6206345062177353
2023-01-22,7,61,0.2758297187946366
2023-01-20,13,88,0.6448644271710028
2023-04-09,4,103,0.06360957324875116
2023-06-16,18,110,0.4822682244091214
2023-04-17,4,103,0.8064503551202385
2023-02-04,15,174,0.5754042565229357
2023-09-06,21,87,0.6334153629295883
2023-02-26,3,178,0.9884368160850479
2023-06-17,15,33,0.04530807233213785
2023-12-03,2,82,0.12407680442600033
2023-02-09,5,89,0.39293152099686557
2023-02-09,10,89,0.042653860761208695
2023-07-08,24,143,0.6001275175725501
2023-10-08,13,76,0.4335935486048723
2023-11-08,24,51,0.09014065152323314
2023-11-26,24,181,0.21671583077703416
2023-02-01,24,58,0.7851132030189311
2023-11-04,15,90,0.36473010364003233
2023-02-07,4,46,0.9575475873107402
2023-06-13,16,36,0.4558179738376059
2023-12-12,3,124,0.633291598739507
2023-06-29,11,150,0.5720730066909122
2023-02-16,18,102,0.46581185365223765
2023-12-24,2,24,0.9814188807959245
2023-04-19,14,48,0.8751882020549373
2023-01-14,19,169,0.4512936440099178
2023-02-21,15,121,0.8170422330940741
2023-09-03,17,85,0.4826700885078644
2023-03-10,14,167,0.5192041876499927
2023-09-06,15,87,0.32056082679530273
2023-08-29,23,190,0.7287315013660535
2023-08-22,12,22,0.8938428745014537
2023-03-07,6,55,0.14870613989741033
2023-07-21,24,133,0.07454124114020833
2023-04-26,2,137,0.6252205921324179
2023-10-05,22,13,0.24778090628395377
2023-08-01,8,108,0.5789999992930313
2023-07-26,25,187,0.05086476248647853
2023-08-02,15,39,0.5819985921554869
2023-10-28,6,167,0.49300751103092955
2023-05-15,15,155,0.6264804616132276
2023-06-13,11,45,0.5397585458945621
2023-03-21,18,189,0.20669665141054316
2023-09-28,24,40,0.08033272166654115
2023-10-06,23,114,0.3237765427511099
2023-06-24,23,75,0.2661811629852532
2023-02-21,17,81,0.6040947200792502
2023-08-10,9,30,0.8873135290116826
2023-06-30,5,167,0.28613145126080974
2023-08-12,13,154,0.8443265458532725
2023-03-19,8,12,0.7972398372274273
2023-04-23,9,134,0.5082878210712264
2023-06-18,16,99,0.21789260068487948
2023-09-14,5,40,0.5516552807719434
2023-07-03,22,4,0.4423791028162578
2023-10-15,6,99,0.09534754369328058
2023-03-13,19,134,0.0181919722888102
2023-02-11,5,182,0.7207063138498789
2023-07-01,7,44,0.37040251768687693
2023-08-06,6,85,0.21693326885895337
2023-03-19,22,113,0.4298393627483902
2023-10-26,20,164,0.0823657896901715
2023-08-08,1,9,0.82557178111745
2023-08-17,18,39,0.5133818704604476
2023-06-25,18,140,0.6691130678105235
2023-08-18,1,112,0.8215105247534988
2023-11-09,7,98,0.4959841348170797
2023-12-19,3,152,0.525902871292075
2023-12-19,4,166,0.7809304222785705
2023-08-31,3,192,0.2768222451418173
2023-01-30,4,132,0.8381102752367997
2023-01-16,17,164,0.9662929903831865
2023-12-10,17,189,0.022917253952957295
2023-01-27,22,137,0.7818935240763949
2023-02-08,15,167,0.2577063509077575
2023-03-15,15,81,0.4151013411149702
2023-12-27,2,105,0.9131772133407727
2023-02-26,18,72,0.4411723469887664
2023-10-27,20,98,0.8846149786390534
2023-12-29,11,51,0.9082833182118526
2023-01-06,8,107,0.9120419710346279
2023-05-02,24,150,0.8977195607056085
2023-08-18,5,122,0.6924620776476752
2023-12-29,12,171,0.2201657969844003
2023-06-08,2,121,0.5289664661023055
2023-07-05,8,112,0.3945956594660911
2023-05-16,24,21,0.9372338690683103
2023-08-13,20,68,0.2155038568332538
2023-11-19,4,26,0.4904613698178999
2023-12-15,4,88,0.6450020289624938
2023-01-08,19,70,0.45023473863258123
2023-06-02,12,66,0.717988971004031
2023-08-05,20,191,0.25276455340573634
2023-10-17,17,79,0.3172600516805608
2023-10-08,15,133,0.5540655822351511
2023-03-17,17,16,0.602560531055506
2023-08-15,18,83,0.6970938264199985
2023-10-08,5,131,0.4004769709135314
2023-02-02,18,174,0.5754713398941804
2023-01-14,8,90,0.13683525510136696
2023-10-17,4,7,0.6119091178863699
2023-12-31,25,125,0.16104823983987548
2023-04-17,6,75,0.4120602207717379
2023-12-06,11,107,0.4269858528211292
2023-07-11,15,133,0.3445266685377024
2023-07-01,25,45,0.06923716048308215
2023-10-24,17,15,0.37478782336958605
2023-05-17,14,131,0.7505723426649947
2023-02-03,20,164,0.30421629048778
2023-04-19,23,153,0.0941871095200627
2023-07-06,9,173,0.4470340961682123
2023-11-21,16,133,0.7354314808203737
2023-12-28,2,128,0.040086378326643635
2023-11-30,8,2,0.28388635434624254
2023-06-16,22,173,0.23223795290591076
2023-02-02,14,187,0.9903961236174537
2023-10-10,23,28,0.995735250984882
2023-02-11,10,87,0.8146319167232479
2023-02-14,3,184,0.6436523988778141
2023-05-31,18,123,0.38953329293189265
2023-09-16,6,179,0.5706808768960833
2023-06-07,3,166,0.32004689981159573
2023-03-13,14,3,0.466277314867552
2023-02-22,20,5,0.6868080931222447
2023-11-05,16,93,0.8423154447534754
2023-12-01,8,125,0.013820080114230304
2023-08-29,25,164,0.16941684469999152
2023-11-23,7,34,0.36293457221894476
2023-04-08,25,153,0.6371780092447744
2023-04-01,1,112,0.1376476162907202
2023-09-03,20,96,0.12102015943918198
2023-08-19,2,165,0.1613519701319288
2023-08-25,8,57,0.19811705529059132
2023-03-31,7,178,0.15843706698528293
2023-09-29,24,101,0.6771845625127373
2023-03-29,1,153,0.421339165264933
2023-09-07,12,130,0.5374529903172758
2023-09-19,24,32,0.7595978915652404
2023-03-08,7,34,0.2794890040002067
2023-03-29,1,142,0.8980385605214884
2023-03-03,24,155,0.2498302334115674
2023-04-24,8,19,0.24785159175508442
2023-11-30,20,167,0.5653152133554254
2023-03-25,7,176,0.8243200276705646
2023-07-22,10,67,0.6978981263170717
2023-07-14,6,133,0.4242801538038873
2023-03-05,18,57,0.032884185155566126
2023-12-04,25,75,0.208006514481216
2023-03-05,21,178,0.16638118680776515
2023-10-05,7,75,0.6976345630340297
2023-04-02,7,89,0.16408078407832805
2023-01-05,13,102,0.17126934108761083
2023-06-26,20,24,0.17951269878213694
2023-11-20,23,46,0.6451604161748213
2023-07-07,7,44,0.6178984163429807
2023-08-26,6,101,0.3074727848145431
2023-12-07,23,180,0.5476698230167801
2023-10-27,20,117,0.26315930743881666
2023-08-25,5,178,0.3609501348916897
2023-09-12,9,66,0.011943506417048888
2023-07-03,10,44,0.4570583655521854
2023-01-09,21,198,0.4419637249780629
2023-03-02,12,155,0.901182709290033
2023-10-28,23,186,0.819785724422919
2023-05-27,6,130,0.9587401959531143
2023-12-10,1,39,0.8706542087604322
2023-05-14,4,126,0.8716569325897741
2023-12-02,7,145,0.2253052372626977
2023-04-12,7,152,0.5125034010670069
2023-06-04,10,112,0.9278144670650189
2023-02-03,19,20,0.5077050081355109
2023-01-16,18,158,0.20186578523927579
2023-04-09,4,105,0.10754839864757193
2023-09-30,14,96,0.18162562321388998
2023-01-27,11,97,0.007083904057366253
2023-08-08,3,32,0.6891843005606556
2023-06-20,14,141,0.6169082057173779
2023-01-28,11,110,0.8389030232761542
2023-10-09,24,54,0.4102715396205525
2023-08-06,8,161,0.8577916535580676
2023-12-25,4,93,0.6556248435324145
2023-10-26,19,72,0.5504365187418389
2023-09-04,22,192,0.27317026474701167
2023-07-05,13,66,0.506141829799832
2023-04-22,8,63,0.8625145498383059
2023-01-05,10,6,0.479001851526596
2023-06-02,11,16,0.7679175834195455
2023-11-11,2,12,0.6752061303608888
2023-07-01,10,102,0.5065300368248118
2023-06-09,7,199,0.42708075830682746
2023-07-14,5,182,0.08999506463570162
2023-01-12,19,125,0.53559732308448
2023-03-21,6,17,0.3109002181290935
2023-02-20,20,47,0.2947321296425299
2023-06-09,19,95,0.8055263903216607
2023-07-20,6,176,0.0800844619386214
2023-10-29,21,133,0.39121434661345744
2023-04-10,2,38,0.5754042347501871
2023-05-06,23,15,0.8671021907184414
2023-01-07,9,98,0.6478162640552383
2023-02-16,6,88,0.45147668803982344
2023-08-04,7,87,0.6289842051935747
2023-03-02,13,17,0.3989780230673724
2023-01-27,13,7,0.5959447412629841
2023-09-21,10,13,0.8698321867981096
2023-09-03,17,51,0.3483740331063795
2023-06-11,12,94,0.6533408267131353
2023-06-18,4,70,0.10050868151697223
2023-08-11,5,15,0.5508210375727979
2023-09-05,13,79,0.29043463466444563
2023-11-10,14,121,0.7488531747120473
2023-04-30,4,170,0.15682770118865053
2023-06-25,10,58,0.7627501411580105
2023-05-18,12,97,0.6542586431278185
2023-08-08,1,98,0.5762792127182474
2023-03-11,5,133,0.5422940421173672
2023-04-28,20,139,0.4019443241767514
2023-05-23,11,96,0.10246886427423474
2023-05-19,21,21,0.7577165865346253
2023-10-30,21,78,0.7342568199751108
2023-07-07,4,92,0.6659304907075128
2023-12-09,1,14,0.5971086212599126
2023-07-17,10,178,0.8934236657378011
2023-11-27,3,188,0.2943403221932567
2023-01-18,7,131,0.7787907043065303
2023-03-12,18,168,0.973605040218734
2023-07-23,17,34,0.9485094176243367
2023-03-22,12,91,0.06549207692259185
2023-08-19,2,122,0.7524731860985823
2023-10-30,21,9,0.7512796736044695
2023-11-09,18,117,0.6256703049095501
2023-10-28,20,74,0.021904377265353214
2023-08-10,8,141,0.3774575258047965
2023-12-13,25,51,0.8802360923815279
2023-08-20,5,182,0.284263056469543
2023-12-15,23,97,0.9568710357563323
2023-11-30,13,32,0.5080618718145512
2023-07-04,6,7,0.6070860234534734
2023-10-20,20,177,0.5264307767178301
2023-10-28,11,71,0.7838194110942146
2023-06-01,22,145,0.6564201949394596
2023-02-03,18,68,0.4435467884207498
2023-05-31,7,166,0.7728054723485711
2023-02-25,24,132,0.31889717048567157
2023-11-29,11,137,0.7983933431064099
2023-04-17,13,89,0.6052775030847621
2023-08-29,17,75,0.7116179859189349
2023-10-20,22,159,0.2069136780159705
2023-01-02,25,95,0.2865328181251604
2023-12-13,4,79,0.3405397749736553
2023-03-02,25,128,0.8422453630442082
2023-01-29,18,147,0.4974638264574185
2023-01-08,9,10,0.9010067982865798
2023-12-29,25,53,0.5789667203010549
2023-08-03,16,79,0.20724640101784364
2023-07-18,19,166,0.5994987398132371
2023-07-13,16,53,0.30989056550507643
2023-11-15,8,72,0.14787507682857803
2023-03-27,2,144,0.9752632382517085
2023-02-15,14,164,0.03225682218697146
2023-11-12,17,96,0.24673750523671822
2023-05-19,7,13,0.6949123513407179
2023-05-01,3,164,0.5487439931461692
2023-04-11,3,179,0.8525885446330592
2023-11-24,9,78,0.07465643265787147
2023-07-17,1,54,0.18079815256193366
2023-04-23,11,151,0.9697770507600495
2023-06-27,4,194,0.4144278741334755
2023-08-27,20,94,0.5798137641152633
2023-08-24,15,180,0.9155100689245934
2023-02-19,24,157,0.47644111308702397
2023-02-15,18,41,0.6108577455294496
2023-04-29,4,142,0.2820574689308947
2023-11-25,6,116,0.05210633646832297
2023-06-15,19,180,0.3983346221307683
2023-07-11,18,54,0.5135085470789271
2023-02-21,25,24,0.842782443322732
2023-06-19,7,23,0.7541725279762278
2023-05-30,22,124,0.9753060470076629
2023-09-03,6,92,0.8781387217091962
2023-04-03,13,74,0.38150820523723683
2023-07-22,11,117,0.39878845267419794
2023-02-26,1,3,0.320266259486677
2023-07-02,4,76,0.98895286431697
2023-03-30,16,25,0.06173831456709178
2023-11-24,21,77,0.13845911887660245
2023-07-24,18,71,0.05088283844245256
2023-06-17,15,39,0.6294054516329126
2023-10-07,12,194,0.07912381947613856
2023-09-16,15,125,0.9060475587765627
2023-10-21,19,32,0.7345676722573585
2023-02-14,15,89,0.9055861814351629
2023-04-18,19,18,0.6231171497628354
2023-12-22,13,62,0.8293634542481445
2023-07-14,9,160,0.3154476709593831
2023-09-02,8,46,0.7417773987525569
2023-03-25,24,48,0.14299669066012077
2023-06-11,18,51,0.41265827354862405
2023-01-09,23,162,0.36018393896929946
2023-07-13,13,55,0.9364047440183806
2023-03-09,22,74,0.5149433872386765
2023-04-20,10,75,0.8059515388041115
2023-11-03,2,97,0.5975591306825146
2023-01-13,8,37,0.7170901328080467
2023-03-18,18,118,0.5794667853303186
2023-10-21,7,59,0.5058566389238797
2023-07-23,25,197,0.5904617787763313
2023-05-24,8,52,0.6777595626548221
2023-01-27,12,78,0.48148349050612527
2023-09-24,1,23,0.7591672345965597
2023-02-09,4,88,0.7375583373497261
2023-03-15,14,163,0.28349045289400276
2023-05-16,23,48,0.27394220057800367
2023-08-04,17,22,0.14982003770044927
2023-04-08,11,57,0.9378096352723823
2023-11-07,2,193,0.2803641457626618
2023-03-09,10,95,0.7047400832729606
2023-06-14,23,82,0.03110893186925201
2023-06-25,1,115,0.6905101851462229
2023-05-08,15,130,0.1140623409558732
2023-01-03,21,64,0.5996868811246829
2023-10-20,9,186,0.7900748107071938
2023-10-29,23,85,0.7006984146318119
2023-04-01,9,63,0.23424813294572122
2023-08-27,12,53,0.32139100907053586
2023-05-04,6,64,0.34402703458781747
2023-08-22,25,155,0.9104625904076745
2023-10-12,18,185,0.4517829390847681
2023-01-04,15,114,0.6152902826282115
2023-09-01,10,112,0.5494879205054571
2023-04-22,13,28,0.17285308280032985
2023-06-14,13,8,0.5968841847857587
2023-10-05,24,169,0.3427315826023759
2023-05-20,3,173,0.6037283208143337
2023-10-13,16,158,0.12621112563782577
2023-08-27,9,166,0.3993313610660547
2023-07-27,25,13,0.3758869215272216
2023-01-15,12,63,0.4895080055648563
2023-01-25,11,47,0.446901479535759
2023-06-25,8,67,0.2322356726359135
2023-12-29,12,79,0.3655815402075989
2023-02-26,16,158,0.865087369143831
2023-11-21,25,94,0.23266111643559229
2023-06-01,17,72,0.4597619054222739
2023-04-07,20,10,0.6692621320644564
2023-10-06,25,170,0.959366865646978
2023-07-23,12,163,0.5695027958073193
2023-08-01,22,11,0.8796968963972038
2023-08-21,4,71,0.13459251172710363
2023-02-18,7,145,0.4383557112848937
2023-01-31,12,166,0.7975105079348261
2023-08-09,19,55,0.009163472457710209
2023-05-09,24,23,0.9436966934962427
2023-06-19,14,17,0.06336370520835721
2023-03-16,11,56,0.13858228192029487
2023-07-13,6,94,0.9649118543600101
2023-06-11,15,192,0.3682885126044817
2023-07-10,22,92,0.6777641087987633
2023-04-25,25,100,0.4684277478990987
2023-11-15,25,76,0.11237434203473473
2023-11-23,2,84,0.21931294649805078
2023-02-22,8,80,0.1527644099440646
2023-02-11,8,92,0.298336186029139
2023-01-27,23,84,0.6079734011362512
2023-01-12,15,54,0.5524798840119304
2023-08-29,3,166,0.13033962069938376
2023-06-18,7,118,0.556338469983705
2023-04-22,20,112,0.6264291985768716
2023-08-27,3,65,0.1447582211854036
2023-09-19,23,61,0.8222525051731261
2023-09-30,4,182,0.626525641159927
2023-09-27,1,18,0.3352456532388626
2023-06-04,17,2,0.3470428537115796
2023-11-11,13,69,0.8116388779107646
2023-12-07,12,36,0.8443277608436963
2023-04-27,19,51,0.7062257625838193
2023-07-25,4,95,0.18514208082602546
2023-06-08,11,159,0.3291986511133713
2023-09-16,18,187,0.17220312676587624
2023-07-08,15,105,0.42507617885912485
2023-03-30,18,198,0.14323874986754526
2023-10-05,5,159,0.7336480132031167
2023-07-22,25,131,0.7250335192421555
2023-07-13,10,154,0.4916252897846559
2023-05-29,5,67,0.740492022305363
2023-02-24,9,154,0.2869402437298788
2023-06-18,24,48,0.6559289218994211
2023-08-24,12,154,0.5065751854999447
2023-08-25,11,148,0.34931759429633735
2023-08-05,4,128,0.47140699038534983
2023-03-20,10,100,0.07436938031067075
2023-08-15,24,126,0.17585680824253913
2023-02-05,10,86,0.6994891307981078
2023-01-29,21,112,0.0008870464561431257
2023-07-08,23,198,0.6749764950465315
2023-10-31,22,160,0.37430838519702314
2023-04-22,3,191,0.015961296675672698
2023-09-20,13,158,0.7304184307630026
2023-07-23,15,55,0.2253178250809792
2023-05-17,4,178,0.27581557046201743
2023-02-08,16,52,0.7470421619028113
2023-10-04,7,78,0.39650620848767415
2023-09-22,7,158,0.9416817711593158
2023-10-23,1,95,0.42334739771254737
2023-11-08,24,70,0.6605795256250239
2023-07-09,10,73,0.9810668909925432
2023-11-15,22,115,0.6318328320199146
2023-05-19,11,75,0.025918427819989875
2023-08-31,19,33,0.4978791373581001
2023-05-09,5,160,0.7605325341916757
2023-05-01,25,14,0.992314994432604
2023-01-27,5,134,0.610504228102507
2023-03-15,3,94,0.5001857078948855
2023-02-26,9,174,0.9292037555879438
2023-02-17,11,59,0.7913960207634263
2023-06-19,2,6,0.47789228048601695
2023-10-31,9,154,0.40067060979389335
2023-06-03,16,45,0.2670708216545905
2023-09-25,18,95,0.7006858650652217
2023-10-28,24,38,0.19557720973099768
2023-09-14,20,44,0.276554299443587
2023-07-15,1,30,0.504530667365261
2023-11-08,8,99,0.4522372312569788
2023-11-01,10,5,0.9830694980610717
2023-07-02,1,137,0.20700770309059502
2023-10-09,4,37,0.7725241184311914
2023-02-25,20,49,0.8421245127127444
2023-03-09,6,180,0.5377998739615768
2023-08-26,3,33,0.7095927400229641
2023-01-03,5,157,0.9681131796917057
2023-01-20,12,130,0.7133332289383958
2023-03-14,18,69,0.5491071410038189
2023-07-11,22,120,0.15301799150846718
2023-05-22,9,124,0.2762641586657484
2023-01-04,21,170,0.5511327646745569
2023-12-16,8,89,0.6567768215956573
2023-12-05,17,174,0.2996377765944843
2023-09-02,10,148,0.3440414839236423
2023-07-01,10,16,0.316906261381819
2023-09-21,10,170,0.6612083256109823
2023-04-27,19,169,0.4174605148817856
2023-01-03,11,121,0.7681147320504341
2023-10-30,15,8,0.4329044685127782
2023-02-22,9,135,0.2631104395168148
2023-12-10,16,120,0.9379977789177399
2023-11-25,14,47,0.14573507494895654
2023-10-11,11,27,0.7978272901443334
2023-12-18,17,67,0.7865061366834618
2023-12-14,11,61,0.5051930718072465
2023-08-10,4,113,0.8249223393634704
2023-04-26,10,19,0.1986085645662623
2023-11-14,19,32,0.2629257316718415
2023-09-18,7,134,0.9583085492787724
2023-11-20,5,60,0.15904842000774755
2023-12-27,4,103,0.6751479541039275
2023-05-11,4,55,0.22182741701165787
2023-01-02,2,114,0.4567826008855035
2023-07-04,2,176,0.844433343958607
2023-11-08,15,70,0.391542268167128
2023-04-22,8,62,0.01938018822063381
2023-01-04,4,115,0.2884890524139003
2023-11-21,17,168,0.26497077895763244
2023-01-30,22,3,0.0046042998907515065
2023-09-22,5,137,0.7611314806543964
2023-06-06,6,123,0.7122272088273786
2023-12-16,5,80,0.8176111999202211
2023-02-05,14,189,0.07382888282755062
2023-06-21,9,181,0.33429417620304425
2023-12-25,7,33,0.5843715412330838
2023-01-16,2,151,0.8460200781844541
2023-03-03,16,178,0.6187149983733501
2023-04-06,2,165,0.3422453950532368
2023-05-26,22,150,0.72105173424916
2023-07-06,1,186,0.044558002098094684
2023-12-09,15,74,0.2117382922346045
2023-08-13,24,62,0.0359009984900962
2023-05-03,20,130,0.48481658014595874
2023-07-14,5,152,0.9586790378837643
2023-09-23,8,98,0.9315007690249765
2023-07-21,12,85,0.2610429334910689
2023-09-14,7,88,0.3341898326397158
2023-11-26,10,95,0.869136668683353
2023-06-15,23,78,0.8748449369808422
2023-05-27,6,92,0.06029857180489295
2023-11-04,16,192,0.993118309708097
2023-09-11,5,153,0.8619614536214616
2023-04-27,3,6,0.8198587285519446
2023-06-19,18,90,0.449303876045554
2023-02-16,4,13,0.5346708408577314
2023-08-22,12,148,0.48923941192455156
2023-06-19,9,32,0.606960109255063
2023-02-10,1,80,0.00494787896558968
2023-10-02,9,84,0.189570471731619
2023-08-14,7,104,0.21347994207120757
2023-04-08,19,190,0.8794747488317389
2023-09-12,1,193,0.09455052479446768
2023-12-11,4,94,0.934977652109478
2023-08-16,15,169,0.1322568755136868
2023-08-13,20,7,0.9341108104584034
2023-05-06,9,189,0.5158247446496971
2023-04-23,23,197,0.23083887636494738
2023-08-17,4,101,0.4691858821620988
2023-10-08,13,167,0.43345866062647953
2023-06-02,15,22,0.6874167975038169
2023-01-11,16,36,0.7121755951390146
2023-01-27,25,193,0.3020734466131999
2023-04-21,21,1,0.19565108420506594
2023-07-30,7,174,0.6919293772906357
2023-09-01,25,186,0.344717323676061
2023-09-04,5,40,0.861310139854304
2023-10-15,14,46,0.5489292786834168
2023-10-27,22,193,0.4389772062527517
2023-12-14,19,15,0.663666806597142
2023-06-05,3,152,0.3843845115075267
2023-08-13,4,9,0.19848798591907924
2023-09-28,12,111,0.10020756357630667
2023-01-05,1,143,0.019573288000087508
2023-04-11,3,67,0.3637722174715279
2023-03-27,19,131,0.12772601580852572
2023-01-17,7,111,0.938390595602147
2023-05-20,15,103,0.2856691137695253
2023-12-17,22,139,0.07110115457639521
2023-03-21,19,173,0.747991621409637
2023-03-16,3,7,0.7905372743732735
2023-09-16,22,13,0.38458203414373116
2023-11-02,7,192,0.5796802268339103
2023-05-23,17,2,0.15300755781497133
2023-11-19,15,197,0.0733109180543221
2023-10-20,23,72,0.34208264234489805
2023-03-26,6,103,0.5581620279840245
2023-08-08,5,22,0.8353127810284506
2023-11-05,23,181,0.17794230964106938
2023-08-19,14,145,0.8091267055705939
2023-05-03,5,188,0.9211716575418748
2023-01-16,20,141,0.8295341420022736
2023-06-02,3,76,0.013272988821024678
2023-06-12,24,85,0.45929694883564054
2023-06-29,6,58,0.9543005670381941
2023-11-07,7,57,0.31307826165322516
2023-03-23,19,34,0.043575511264532185
2023-02-03,3,125,0.2821834623452133
2023-08-08,7,43,0.7143765348561895
2023-10-16,20,166,0.41346073405963024
2023-09-14,5,103,0.06751841150986593
2023-12-19,3,46,0.8388931938897672
2023-12-11,21,47,0.10118321035845046
2023-04-14,4,46,0.930875893607019
2023-02-12,14,27,0.6118300778411458
2023-06-05,16,41,0.5735822884822876
2023-09-10,15,152,0.46804977352670674
2023-09-04,8,188,0.009007952036695022
2023-07-02,16,173,0.8945255975542987
2023-11-14,7,82,0.8388814294475958
2023-03-15,14,170,0.10715835771491666
2023-08-28,13,155,0.6784024854426174
2023-11-02,18,38,0.5963192152467861
2023-03-31,14,144,0.6623953417085026
2023-10-28,23,54,0.8414201456709288
2023-08-18,14,179,0.8897900455628014
2023-07-09,2,129,0.6336662240040988
2023-03-26,21,163,0.15412694256819315
2023-06-01,9,162,0.12415316116407393
2023-02-20,1,128,0.8057330299925987
2023-12-03,20,74,0.9139249106750653
2023-03-31,25,98,0.10711065952303955
2023-04-07,7,127,0.8705756779448051
2023-10-18,25,67,0.862340915955458
2023-04-29,21,82,0.21357083973433943
2023-02-26,14,153,0.03712984655086271
2023-07-11,13,124,0.9772387192005995
2023-05-17,18,166,0.3427422392740468
2023-12-02,19,45,0.606725996231678
2023-12-08,7,150,0.7845540602752514
2023-04-27,19,178,0.4089850520864541
2023-06-30,5,57,0.312963795515923
2023-12-14,20,164,0.9163041447969257
2023-02-19,1,188,0.4500743181873851
2023-11-24,12,56,0.062266423482503885
2023-09-23,10,8,0.2819850991552757
2023-12-04,4,193,0.9128963142900852
2023-05-22,7,182,0.12462960570631187
2023-04-17,1,2,0.2421737472682165
2023-04-13,19,183,0.3145091583112428
2023-02-15,3,156,0.8740578480378647
2023-03-11,17,166,0.3080319487946972
2023-03-04,8,193,0.9542771532309987
2023-04-03,3,149,0.7762139300336759
2023-05-11,11,134,0.2048749317123293
2023-09-26,3,162,0.6138237445314647
2023-03-30,16,16,0.6440648050017914
2023-11-25,2,63,0.9584296714214653
2023-08-02,24,44,0.28127306963849963
2023-06-28,11,61,0.7747786510636516
2023-06-10,1,117,0.43792035065551194
2023-04-17,16,181,0.06057761404583828
2023-09-14,24,149,0.39102429830076235
2023-06-07,21,74,0.5323848278789632
2023-10-10,10,173,0.4561051981157668
2023-03-16,19,183,0.45333773549057976
2023-03-03,12,26,0.6375025410452717
2023-06-19,13,32,0.14817676232020338
2023-10-14,19,54,0.6516288863709986
2023-01-01,25,114,0.8613954396081839
2023-06-16,24,12,0.881505031123889
2023-03-03,16,99,0.4841979752249943
2023-07-06,12,66,0.9759023434607467
2023-09-04,8,152,0.6459673873594975
2023-03-26,23,58,0.7198248447447682
2023-07-17,19,159,0.12192081371805874
2023-12-08,9,170,0.07889238691629474
2023-03-19,23,125,0.6571402269554203
2023-02-20,23,42,0.5963320505435943
2023-10-07,21,156,0.762710789099903
2023-09-21,15,64,0.22448163523123887
2023-09-13,20,170,0.563636110338237
2023-12-06,2,168,0.9299484943295733
2023-09-30,16,198,0.7016320670859763
2023-09-05,19,17,0.3820384474073495
2023-06-01,22,80,0.8894532053831337
2023-02-15,4,159,0.992620188186099
2023-11-14,14,134,0.2746207646623672
2023-03-23,21,103,0.06502659462582772
2023-12-12,14,54,0.7395156697135118
2023-04-15,11,176,0.27525267587746427
2023-12-28,20,52,0.9235422339801648
2023-07-14,1,85,0.22082540143671792
2023-02-26,2,10,0.58268022314395
2023-09-03,20,146,0.8276754847003699
2023-08-17,22,22,0.5231234967102982
2023-01-20,9,98,0.7697020191004101
2023-09-10,2,55,0.007544704780911071
2023-01-06,15,49,0.14119042739823207
2023-12-17,15,193,0.7122451648275365
2023-09-02,11,40,0.06362385019622196
2023-07-02,23,78,0.37702704989248603
2023-07-15,24,97,0.31238056596626296
2023-03-09,21,63,0.7740689224599311
2023-01-28,18,194,0.5547040469185386
2023-03-27,24,88,0.9664109818605272
2023-05-20,10,152,0.8173925859441261
2023-05-06,9,199,0.28629343785520267
2023-11-20,12,84,0.01737083293953079
2023-11-10,24,18,0.9093338205542426
2023-04-23,23,67,0.64954270471417
2023-03-31,6,28,0.59592696157376
2023-09-17,14,111,0.5430906672204511
2023-01-28,3,33,0.4380814843445002
2023-09-15,24,52,0.11643606855983712
2023-11-17,21,176,0.6133430985996683
2023-05-11,7,131,0.050058801924667495
2023-02-06,7,19,0.505519201584412
2023-04-02,4,45,0.12356603358316354
2023-08-05,25,183,0.022576676337381585
2023-01-16,4,73,0.4729815461502592
2023-01-10,6,132,0.38403059805485906
2023-06-03,3,152,0.844351580582559
2023-03-21,24,40,0.6871381525887064
2023-07-09,22,102,0.9255531765836005
2023-06-12,19,12,0.7466885864630656
2023-06-22,7,98,0.7894252706351869
2023-12-18,8,52,0.12937886761742778
2023-11-18,15,74,0.6741173187671351
2023-07-06,10,84,0.3906344247624013
2023-07-14,22,99,0.2878169225814313
2023-05-26,20,149,0.019156401982651672
2023-01-11,18,181,0.9412561889385225
2023-07-15,7,120,0.8352056714393495
2023-10-04,11,108,0.8834237443978693
2023-06-30,3,6,0.6745636344476069
2023-01-20,3,81,0.26080519081359
2023-07-26,2,174,0.44013257716443954
2023-05-18,17,194,0.504892718398417
2023-12-03,4,66,0.8108134900768641
2023-04-18,7,108,0.953736432161877
2023-10-09,8,134,0.6873044600280501
2023-04-27,4,66,0.534635997340578
2023-05-02,14,129,0.6073921063527313
2023-01-18,20,187,0.6052600251865556
2023-11-16,19,200,0.742161960484459
2023-04-02,15,199,0.8652526323011106
2023-12-22,9,48,0.20945236745402973
2023-07-16,21,143,0.52848156077726
2023-06-20,10,84,0.15668625979852213
2023-06-29,2,31,0.1022690599861723
2023-11-21,1,30,0.7180777696200731
2023-08-24,22,77,0.7187843722619173
2023-06-05,20,64,0.5281768236693535
2023-08-03,21,78,0.0381333425882987
2023-04-20,24,43,0.49825512222192914
2023-08-30,22,21,0.14341389465768084
2023-11-25,7,101,0.7480492629862316
2023-01-04,5,15,0.8599858060975469
2023-10-07,9,68,0.37598273524009007
2023-02-27,14,99,0.12039417643220551
2023-03-17,1,194,0.07964660958377079
2023-07-29,9,42,0.9062717005366995
2023-11-17,15,89,0.2243760149879387
2023-11-24,23,192,0.13021756167260345
2023-08-13,23,19,0.5207188000629949
2023-10-25,8,114,0.23197240765288452
2023-08-05,21,120,0.8583895983561357
2023-06-19,23,34,0.6219444332349421
2023-12-24,13,87,0.8430656525347449
2023-05-04,21,122,0.17355098914712663
2023-02-13,8,61,0.8973291477995418
2023-09-08,2,3,0.3436813189878135
2023-08-12,9,108,0.7224759222257656
2023-03-14,2,154,0.42234414392060926
2023-03-14,25,95,0.3537230490044203
2023-07-28,25,109,0.25477261304739374
2023-11-16,1,180,0.548703924666882
2023-11-16,24,150,0.6817382063387487
2023-08-30,12,146,0.3220179597240914
2023-04-22,13,137,0.08785050127075711
2023-08-25,5,77,0.37408246537262413
2023-04-11,2,133,0.6564236997913933
2023-07-31,6,61,0.8539749226632334
2023-06-25,18,97,0.3087399953648279
2023-06-06,7,118,0.8618035770431566
2023-05-17,9,84,0.16375003227263774
2023-06-17,10,35,0.6418725066413695
2023-03-30,20,146,0.7061438324091981
2023-06-15,24,10,0.9928193833621486
2023-12-04,25,140,0.47313316832206176
2023-12-15,19,198,0.47550391009505666
2023-08-20,7,100,0.4773470823541994
2023-02-27,6,45,0.042699143580899324
2023-02-25,5,189,0.019096183844618753
2023-03-02,4,53,0.702324010191092
2023-06-23,1,160,0.8809743569745229
2023-10-10,12,53,0.9335314696359668
2023-03-29,19,27,0.3018917770382268
2023-06-30,5,199,0.6615852966221518
2023-01-29,3,198,0.8729009193884665
2023-04-21,11,82,0.9166924676851296
2023-09-10,8,109,0.8459863426356338
2023-12-23,12,114,0.6014171085851527
2023-11-15,14,76,0.07979918866197522
2023-02-26,16,38,0.974747767566842
2023-08-27,16,190,0.320981620451538
2023-06-22,3,111,0.9349253412110045
2023-01-22,13,161,0.2245769468922686
2023-10-26,16,96,0.48033778632862534
2023-01-16,23,89,0.0560760841027913
2023-07-14,25,100,0.8860881657093715
2023-03-31,5,184,0.6906041055118629
2023-12-13,18,192,0.21000765555166223
2023-02-15,10,66,0.4772900498261853
2023-04-02,23,20,0.8710963385364708
2023-05-17,12,43,0.6921966814153402
2023-11-10,23,51,0.29850490167741073
2023-07-14,3,19,0.30949773571815653
2023-12-23,13,69,0.39383994642120457
2023-03-13,23,198,0.7874526079855079
2023-08-25,2,175,0.3992007445867768
2023-11-24,16,1,0.5088449329033301
2023-12-19,20,41,0.13528228217016225
2023-05-27,9,200,0.0316366119656305
2023-08-16,12,199,0.5408535727588366
2023-06-15,11,114,0.02880800042581866
2023-05-26,7,141,0.7525517779622773
2023-03-23,14,174,0.5312569840650493
2023-05-30,7,32,0.08276994439696217
2023-07-09,12,99,0.16822910724312923
2023-03-02,12,189,0.6685146809204531
2023-04-09,15,178,0.45022776296928835
2023-01-08,20,195,0.29760321082794816
2023-01-14,3,77,0.8589830690432897
2023-05-26,23,131,0.34481366701791405
2023-10-09,7,197,0.41355911564342307
2023-01-25,5,35,0.3768889265811778
2023-12-26,3,113,0.6518029866875316
2023-04-08,6,166,0.9484293974594487
2023-03-05,11,95,0.25363948726460306
2023-05-18,1,152,0.29714967990404106
2023-05-02,21,194,0.5874431125204052
2023-08-27,16,91,0.5914900013531595
2023-12-03,7,131,0.2386623922124943
2023-10-31,17,25,0.40177060719259206
2023-06-21,9,181,0.08364904581645105
2023-01-19,21,10,0.898347578054908
2023-11-29,25,44,0.1153775365508869
2023-01-21,13,49,0.32176124071203127
2023-12-18,18,100,0.8884596498669695
2023-10-27,9,25,0.0862427401812933
2023-04-23,24,55,0.67695974639292
2023-12-31,15,123,0.5523668151571783
2023-05-13,21,57,0.6368645866201409
2023-07-18,12,162,0.31153885047492147
2023-04-27,9,182,0.9878881174952832
2023-04-27,6,163,0.31078999871202817
2023-07-21,15,15,0.4412236658661325
2023-03-07,7,7,0.6390613399729774
2023-12-01,11,181,0.7702901241991429
2023-01-15,10,94,0.9782354634868199
2023-10-18,7,64,0.8711991433071192
2023-09-22,13,116,0.026003836155299
2023-09-15,2,97,0.41261976952274015
2023-05-03,11,184,0.010063820667305157
2023-03-16,21,165,0.33646828748482716
2023-09-18,18,109,0.9624947097232139
2023-07-17,6,103,0.504446159047412
2023-08-12,6,84,0.11947774410424739
2023-07-19,17,150,0.6318392153004708
2023-11-20,15,149,0.25098711747542324
2023-04-18,7,52,0.5969711130233833
2023-09-03,7,108,0.09748899823002666
2023-09-06,17,173,0.8599727167900634
2023-03-06,17,144,0.20534758383331797
2023-02-19,3,115,0.7115567381699861
2023-12-01,22,195,0.9386233755894107
2023-06-11,15,96,0.17380283516189388
2023-12-26,21,158,0.5549014370691366
2023-05-27,3,170,0.511162101874102
2023-06-20,13,73,0.6488256107436629
2023-07-22,17,147,0.4975961080554614
2023-08-27,10,127,0.15949898895442594
2023-03-23,5,90,0.9107983040340376
2023-04-29,1,115,0.7030893866201848
2023-05-26,14,31,0.23717817164648403
2023-07-12,19,197,0.4162442582469954
2023-02-02,9,134,0.9787584066633522
2023-06-15,8,4,0.3219207203041048
2023-03-21,17,135,0.7210221134095706
2023-05-27,18,89,0.8959906556043997
2023-01-27,25,110,0.4421495083110737
2023-09-18,20,49,0.26306231403628566
2023-10-07,2,49,0.14813603681247345
2023-11-24,10,43,0.31388120916487106
2023-05-19,6,16,0.8927607621474983
2023-04-11,3,31,0.7377533156514797
2023-11-03,20,199,0.5045197923021849
2023-02-19,25,116,0.9547044368490334
2023-05-06,17,195,0.7322569220908032
2023-06-11,15,128,0.3480102270267905
2023-03-11,18,17,0.5088677233343187
2023-11-13,17,74,0.5285360470248907
2023-03-02,1,180,0.2583534397525654
2023-11-21,11,80,0.21977215565172037
2023-09-24,9,67,0.7800895171150454
2023-07-30,10,80,0.31320526999239884
2023-07-05,15,24,0.5284511257998962
2023-01-16,10,45,0.7402994447938026
2023-04-24,4,115,0.3902519798580846
2023-07-16,23,176,0.11650549349970851
2023-03-29,1,38,0.3690964394605234
2023-04-11,18,90,0.5625177583923365
2023-05-13,16,123,0.8433968231401044
2023-12-22,16,173,0.9091905910548386
2023-06-11,10,170,0.5751039636086197
2023-01-12,8,79,0.7848833864863015
2023-01-28,3,119,0.4721707629771067
2023-06-13,10,183,0.7349027166468081
2023-02-22,21,160,0.17987203409802432
2023-11-13,7,185,0.7520284304144319
2023-02-16,22,69,0.8367985393424404
2023-08-11,25,121,0.6489207782242989
2023-01-15,17,100,0.02896372879460396
2023-08-07,23,185,0.9917924340300259
2023-10-06,23,145,0.6071502647968587
2023-06-10,10,96,0.923335762184571
2023-01-05,9,11,0.5364132505743628
2023-10-27,20,66,0.7956550841670333
2023-01-24,15,82,0.8487395584228362
2023-03-13,21,93,0.8485414431027437
2023-11-19,3,3,0.7219900853519318
2023-11-22,24,73,0.28098299999274523
2023-12-08,9,122,0.8315316180590052
2023-03-25,15,167,0.10314878024315977
2023-09-01,8,84,0.3674520588860126
2023-10-22,15,181,0.6797858754728124
2023-11-15,19,77,0.29704417644154113
2023-03-21,17,113,0.6537903913393758
2023-01-25,19,123,0.6698323418493738
2023-08-26,13,188,0.37007380671256973
2023-04-15,17,51,0.5448003634202727
2023-12-03,10,137,0.5258830158003986
2023-03-12,22,52,0.13013088949683305
2023-06-30,4,168,0.02192989284344027
2023-07-28,1,157,0.09651042528147313
2023-12-30,5,121,0.37413082417672083
2023-06-03,1,154,0.7646228299033802
2023-09-20,11,82,0.2685223175886502
2023-07-18,18,172,0.7245154827781259
2023-11-27,22,128,0.6037239446576171
2023-05-16,15,25,0.9563128862238056
2023-06-11,25,82,0.8986704227237499
2023-04-16,10,13,0.7040043962256228
2023-07-06,12,172,0.37582777933280587
2023-02-25,16,194,0.40462502926710475
2023-01-15,18,83,0.9363379783492389
2023-06-28,23,135,0.628099820054271
2023-05-21,16,181,0.8847672558784332
2023-06-20,21,27,0.7450653239432194
2023-10-20,13,144,0.4852167206425637
2023-10-20,23,125,0.5098391998604038
2023-05-21,23,54,0.8936679353239302
2023-05-17,22,150,0.4962812945659092
2023-10-30,7,138,0.6028362040060397
2023-12-05,20,12,0.6034396166542415
2023-08-22,19,85,0.8001327693336368
2023-01-20,16,112,0.065370984496126
2023-10-11,13,127,0.077960357281595
2023-08-24,22,159,0.502332897675343
2023-10-01,13,80,0.9746983237594034
2023-10-19,20,122,0.23919320912901743
2023-11-01,23,153,0.28938063997320373
2023-10-21,14,119,0.15568449606870183
2023-12-21,18,54,0.9785514988955667
2023-02-10,4,60,0.039400969770307936
2023-09-21,19,115,0.17662690386058422
2023-12-10,3,78,0.1439364329532694
2023-07-16,17,36,0.5569299741700694
2023-02-27,8,56,0.016725275458701172
2023-03-12,22,25,0.882495768971088
2023-10-11,13,136,0.7950578588164691
2023-09-26,5,85,0.5873173098617257
2023-07-01,13,187,0.9417262947089252
2023-11-12,4,51,0.4896534897494317
2023-02-22,19,29,0.4564470023804229
2023-04-21,7,145,0.6733996834394186
2023-02-04,6,111,0.4111096733080243
2023-06-19,2,125,0.8109312917027128
2023-05-19,17,57,0.7096613971727211
2023-12-20,25,9,0.10160175154412676
2023-09-20,11,117,0.35831891260831694
2023-01-26,19,102,0.5299405367279993
2023-12-13,24,46,0.8951766680349366
2023-08-27,8,5,0.8975774648781021
2023-08-21,9,143,0.08930440313615251
2023-05-20,16,111,0.3916426463356336
2023-04-20,1,162,0.47410308536093526
2023-05-12,19,59,0.1128435364959407
2023-12-01,5,150,0.9181978136646425
2023-04-05,21,144,0.33028945572238666
2023-01-03,5,20,0.13804726847330362
2023-02-08,10,49,0.006938710380093305
2023-10-08,7,81,0.10365656793967593
2023-02-02,8,130,0.34175841259333983
2023-12-12,17,91,0.49475774422429286
2023-01-31,7,166,0.3338569994424939
2023-03-28,7,89,0.6344395506219104
2023-08-03,16,47,0.5547666632807101
2023-07-01,25,1,0.7120492059060568
2023-03-20,22,14,0.12328084417713459
2023-12-27,6,116,0.8009316670831051
2023-10-23,2,125,0.4705525897554145
2023-02-14,1,157,0.629366721348855
2023-08-02,20,80,0.9029937036771749
2023-11-12,14,144,0.3907977093794469
2023-10-26,20,186,0.2481842893490308
2023-07-24,15,150,0.33707710270941016
2023-09-23,19,25,0.9793374414319228
2023-11-15,13,160,0.6445562446662707
2023-11-28,14,189,0.41248274911890725
2023-11-27,20,142,0.8085255243349393
2023-05-11,12,83,0.2909554092949348
2023-05-24,18,95,0.26929093586444786
2023-07-25,11,2,0.8408332269521281
2023-05-13,8,147,0.951059704929443
2023-02-12,7,78,0.4051225780412222
2023-01-29,25,76,0.39562180583531703
2023-01-22,23,129,0.022415845502305798
2023-11-18,9,56,0.22262032292553724
2023-06-20,24,72,0.9773454354888318
2023-12-17,9,185,0.2357296899446777
2023-01-18,6,118,0.5451637174980573
2023-10-02,15,169,0.11187103406255938
2023-06-29,6,110,0.031742862162806196
2023-07-13,4,195,0.9867394000240113
2023-06-22,1,181,0.28232878340247836
2023-11-01,5,118,0.6180236478858427
2023-02-01,25,143,0.07955267459052984
2023-10-06,5,130,0.13728272565507804
2023-07-20,25,35,0.940322362720582
2023-09-10,24,159,0.981283556679687
2023-04-12,14,34,0.33523364358936547
2023-12-05,8,93,0.9415623527665878
2023-07-05,16,182,0.35113373985999485
2023-09-01,17,131,0.9825646426474375
2023-08-06,24,170,0.1318228438831458
2023-11-07,21,49,0.7154668900622215
2023-04-29,22,29,0.5398941768154424
2023-09-25,10,188,0.5391235425235045
2023-11-19,18,63,0.8435711591681158
2023-11-01,3,53,0.7686124113043404
2023-07-05,8,113,0.5523841688585084
2023-02-07,8,62,0.729742202982052
2023-08-26,24,101,0.3597935206033739
2023-10-22,21,1,0.04007980568470315
2023-05-05,17,60,0.3782902718915313
2023-05-14,18,48,0.493600739532588
2023-06-18,5,31,0.47100290225528996
2023-09-21,11,187,0.9745365963969983
2023-07-19,6,72,0.13806626223986285
2023-08-10,11,27,0.6738624546893341
2023-07-26,9,111,0.8495531150495963
2023-02-02,8,166,0.7019963246255425
2023-10-30,23,99,0.8612060731818438
2023-08-02,11,184,0.8718241930825322
2023-10-05,1,45,0.752047785962285
2023-01-28,17,79,0.32843775651742513
2023-11-05,11,67,0.7287153986234742
2023-01-03,4,188,0.4176109664603507
