date,store_id,product_id,value
2023-02-06,24,75,0.36118932202523446
2023-01-21,12,84,0.8075138141625365
2023-07-27,13,51,0.007599327606295447
2023-01-10,12,105,0.8240726570670628
2023-08-30,25,141,0.27202855386928826
2023-12-16,19,9,0.09265420097802368
2023-05-07,20,153,0.11391497316667243
2023-04-03,6,5,0.0142093701591256
2023-01-08,23,88,0.9768849016692053
2023-08-29,16,174,0.3949584921226883
2023-09-21,22,93,0.019330053046196838
2023-10-22,11,96,0.4514109171172398
2023-01-07,19,102,0.627418218622001
2023-04-25,18,185,0.9083819696746676
2023-03-29,1,136,0.2613221584468789
2023-11-17,19,134,0.06707432290763915
2023-12-03,14,111,0.45262654794920487
2023-06-01,6,126,0.805596495413435
2023-11-17,17,2,0.652057615454393
2023-11-19,1,58,0.25658548897380706
2023-05-27,7,191,0.05483643806025662
2023-09-22,25,17,0.8997784659981156
2023-09-03,5,157,0.5327237831776644
2023-11-13,4,22,0.7753167717956193
2023-10-03,21,47,0.4782325265921775
2023-06-27,24,125,0.62227324026463
2023-06-30,24,37,0.34404076053981736
2023-09-15,19,90,0.9275430853497142
2023-07-17,18,144,0.35634598510768256
2023-01-16,11,14,0.43544821342193163
2023-09-06,16,7,0.8449624819413497
2023-06-24,3,35,0.29272862680293643
2023-06-02,9,136,0.13305727712496607
2023-10-05,2,66,0.26740559200340563
2023-08-19,13,98,0.3294335202492661
2023-08-01,4,41,0.6146124468308153
2023-01-25,20,147,0.9888791810546838
2023-07-12,18,53,0.10176648335971306
2023-08-27,9,137,0.8457106293921555
2023-05-30,25,80,0.1288758536981971
2023-08-23,3,70,0.06949280517334955
2023-02-12,19,42,0.3630106566368123
2023-01-17,22,51,0.5107024059606287
2023-11-05,23,64,0.9144626814482832
2023-12-12,6,150,0.2392509824218465
2023-09-19,14,17,0.590876419328246
2023-07-23,16,163,0.48715296944976993
2023-09-19,8,125,0.7957375755307775
2023-12-02,6,20,0.7723655540261587
2023-03-05,16,119,0.6447289347097888
2023-01-13,13,18,0.251482694284603
2023-10-18,5,154,0.6320037215195442
2023-11-06,15,176,0.8451077348787618
2023-08-24,4,199,0.4696350586474738
2023-04-10,13,8,0.4190761833701012
2023-06-21,3,196,0.08000950509731375
2023-07-14,9,60,0.32544828841815865
2023-10-18,12,69,0.8558032322696549
2023-08-29,11,144,0.9639771546985388
2023-04-07,2,154,0.7918893118546921
2023-05-05,19,94,0.21124949320264275
2023-05-31,25,2,0.16329088530600044
2023-10-06,8,193,0.4108272304634384
2023-07-12,18,72,0.9215849251892125
2023-12-25,24,6,0.17264379662765772
2023-09-07,4,13,0.9816236323936554
2023-01-24,10,109,0.8041573657734824
2023-05-09,8,27,0.22074842787886217
2023-01-27,12,144,0.6316560948887998
2023-04-02,13,154,0.5168032870645068
2023-12-28,2,50,0.24573797698542466
2023-06-07,16,187,0.8554133078484212
2023-11-01,7,79,0.3881456749789627
2023-01-25,24,199,0.5094500301791007
2023-01-14,19,74,0.17717528753922507
2023-06-29,13,3,0.07472156626842419
2023-12-08,1,14,0.1679301459910144
2023-04-13,1,179,0.6509877593632807
2023-01-21,9,146,0.9304216302323151
2023-10-06,6,42,0.6202487664099863
2023-11-05,20,16,0.5279499935730831
2023-12-23,23,17,0.8991100623805522
2023-05-07,8,123,0.31540714514116486
2023-09-09,17,147,0.846284999537274
2023-01-06,3,17,0.8205236083511759
2023-04-01,7,3,0.6116479946860262
2023-11-11,4,147,0.5327239563828597
2023-02-17,17,19,0.032896877579944306
2023-07-12,5,200,0.7351278272434842
2023-07-06,2,177,0.8339801390783511
2023-06-21,13,90,0.24728757174706495
2023-10-27,25,167,0.24532265197760839
2023-01-31,1,98,0.4844477488814617
2023-11-24,6,54,0.9229359784392942
2023-08-29,4,81,0.7262413409176809
2023-03-08,13,152,0.5865033842407678
2023-12-14,17,193,0.05775277219571329
2023-04-22,12,106,0.9842237268556967
2023-03-24,20,20,0.22801435018800187
2023-01-23,2,88,0.161338342239307
2023-05-17,21,107,0.27498463184881494
2023-02-14,23,27,0.14268422439261252
2023-03-19,11,142,0.08033730029299135
2023-06-07,10,56,0.014442876272920402
2023-05-21,16,8,0.7843996302706948
2023-10-21,4,94,0.09448249531479003
2023-12-02,25,182,0.06590193560826085
2023-03-27,17,24,0.616874974648051
2023-04-07,6,35,0.8321631432668924
2023-02-12,14,52,0.6715290553133175
2023-10-02,14,140,0.7845883763910243
2023-10-27,21,36,0.6180824640151202
2023-04-20,1,23,0.8777585021038807
2023-12-24,6,38,0.6034181256236164
2023-02-20,10,3,0.9657833083197805
2023-05-11,20,79,0.36217808028119614
2023-08-02,24,125,0.7952950502376565
2023-09-23,1,31,0.8527960711970001
2023-06-04,13,131,0.22042123934185354
2023-02-28,16,117,0.5107539411238351
2023-09-09,13,155,0.2132311951317386
2023-09-11,5,100,0.42751853266545914
2023-12-13,22,131,0.44632519226285916
2023-03-04,8,63,0.5133127018932196
2023-08-29,14,23,0.19236839317730237
2023-02-28,18,99,0.8009688466996935
2023-01-03,21,177,0.1504748264343856
2023-08-05,1,147,0.956598653181326
2023-04-15,15,64,0.27093044170272895
2023-08-15,10,85,0.5630171316257457
2023-02-24,12,197,0.6882547659267284
2023-04-10,3,116,0.24664139770985516
2023-08-24,16,200,0.2031321592291755
2023-01-26,24,84,0.121291838283767
2023-01-23,13,3,0.6185872310697142
2023-03-02,3,20,0.8533778933110102
2023-10-16,17,181,0.8926200398684409
2023-01-28,11,136,0.6275718647080125
2023-09-05,7,197,0.13605563176080782
2023-04-28,5,75,0.8667193862476505
2023-04-25,25,73,0.5394894916612571
2023-09-05,20,9,0.4551952471346795
2023-10-28,21,49,0.26473700294889746
2023-09-12,13,41,0.7009705242152893
2023-09-08,24,80,0.7165317607580636
2023-07-31,2,12,0.5442917765073954
2023-08-30,12,73,0.40142348150539864
2023-12-04,25,176,0.6472142318180852
2023-11-02,20,194,0.9006557208919576
2023-04-19,6,33,0.309403422275526
2023-09-22,24,32,0.3603688810549349
2023-01-25,6,135,0.6558901566325007
2023-09-30,11,175,0.8070844772577749
2023-09-11,9,100,0.9295805056961093
2023-03-26,1,175,0.2348709479829839
2023-11-04,16,141,0.6105592496976535
2023-02-15,17,101,0.6456242853307582
2023-07-05,9,103,0.97868178277801
2023-11-01,23,143,0.5626630235019128
2023-05-24,23,5,0.34037273792539047
2023-07-25,10,97,0.5985024406070995
2023-05-03,6,137,0.8720234449046869
2023-08-01,8,186,0.1027965172252564
2023-05-31,20,172,0.10780250279452819
2023-02-13,18,37,0.5175301840660963
2023-01-15,23,119,0.695515978778007
2023-11-17,13,28,0.2218317599206462
2023-12-16,15,167,0.17193506338909814
2023-03-11,25,195,0.7768959445836138
2023-02-20,2,170,0.34129949363793366
2023-02-27,25,7,0.8208566143861281
2023-02-01,15,136,0.1777264855447135
2023-03-09,18,45,0.49959526305799595
2023-09-02,4,53,0.6257619403273629
2023-05-31,16,8,0.7265150828381601
2023-04-29,15,65,0.6695806500429178
2023-10-05,21,33,0.612755968320466
2023-03-26,16,64,0.4168194840350036
2023-12-26,23,171,0.11932957725046989
2023-07-26,21,162,0.04307702797167168
2023-05-25,14,136,0.382285548754424
2023-02-02,9,120,0.9388253240181248
2023-12-31,12,70,0.88301707497342
2023-07-28,16,163,0.4849965391488197
2023-07-27,1,65,0.2602288425622433
2023-07-26,8,90,0.13695112580656832
2023-12-04,25,14,0.5411189415405726
2023-12-19,25,194,0.1647580519248285
2023-04-06,1,45,0.6638536890885457
2023-04-24,7,95,0.293724433707532
2023-08-30,22,41,0.4151471698806163
2023-11-08,20,148,0.8871084692849077
2023-11-19,10,43,0.8809124881629227
2023-06-14,11,110,0.5181339774631207
2023-01-05,3,106,0.2736196446903598
2023-05-30,17,153,0.4667992697184822
2023-08-27,7,58,0.5086663269443622
2023-07-17,7,134,0.6679404430103544
2023-04-29,6,78,0.7618616689991433
2023-05-04,11,12,0.3842080517178096
2023-08-14,23,93,0.22802950400647637
2023-11-28,24,111,0.19152179105790268
2023-10-28,3,49,0.039297726334173055
2023-07-12,17,39,0.29252015693011635
2023-01-01,13,47,0.5660642542945855
2023-12-09,14,200,0.5020851246186113
2023-04-22,20,62,0.04165683537461062
2023-08-19,23,126,0.20641314491577767
2023-12-21,24,42,0.9956891469502632
2023-04-21,13,98,0.6883778689660143
2023-06-13,12,57,0.4772738875289322
2023-08-04,4,176,0.9375832699703911
2023-11-01,15,114,0.8361610497750648
2023-08-23,23,59,0.7151231100288696
2023-03-09,12,177,0.004713628845605333
2023-05-27,2,124,0.42399552170077226
2023-03-31,13,70,0.8598258649649543
2023-02-13,14,16,0.1637643031603272
2023-08-09,8,30,0.8613697108284367
2023-04-16,15,189,0.7337273627856378
2023-09-04,18,36,0.3365342983940999
2023-10-20,23,188,0.8859988942282694
2023-10-08,6,110,0.3343872927974978
2023-12-31,23,100,0.16162534799843364
2023-12-04,8,58,0.5736416321011965
2023-02-15,1,160,0.05589845903047974
2023-01-19,17,195,0.6930309409705798
2023-02-22,20,57,0.36325637331896443
2023-05-02,6,173,0.5499906785797717
2023-01-12,10,65,0.6365713986345511
2023-09-27,18,57,0.8941707446109796
2023-11-20,17,59,0.20905715882918352
2023-12-11,21,21,0.038455831062548684
2023-10-24,19,14,0.9638840854023327
2023-05-09,19,87,0.8305034337921503
2023-05-28,18,181,0.4873280522218755
2023-05-12,7,135,0.7902436902074357
2023-07-10,21,92,0.5521951442644648
2023-05-14,8,145,0.02974367108903453
2023-02-12,18,12,0.9000230335698778
2023-01-07,8,163,0.9418590859623002
2023-01-16,19,58,0.04972231709335806
2023-06-22,1,199,0.19340283181202578
2023-01-14,14,53,0.9889520346875044
2023-05-26,10,109,0.2356688667384934
2023-06-27,17,70,0.1620755692400242
2023-04-27,11,17,0.6432961330118143
2023-04-10,1,29,0.5426589420609471
2023-09-25,19,131,0.15699764946667727
2023-09-29,7,104,0.6562167714212077
2023-12-24,14,125,0.38264614923360607
2023-02-13,6,84,0.06615323588185451
2023-02-22,7,158,0.19423338038492133
2023-09-19,14,160,0.8349186466622339
2023-12-21,6,37,0.046850845073330594
2023-03-18,11,86,0.35893415293688813
2023-12-16,4,178,0.6666829417515566
2023-10-20,11,23,0.5167047545465714
2023-04-15,16,193,0.12856987167881484
2023-09-22,4,122,0.7055794918038524
2023-07-10,15,87,0.13880142799010042
2023-05-07,22,63,0.7498880954114437
2023-11-12,16,114,0.12699252191022958
2023-12-12,23,173,0.5243372291949857
2023-04-15,19,183,0.13686588112497566
2023-10-15,10,67,0.3981147622797131
2023-11-19,21,43,0.6118913353303422
2023-01-02,16,118,0.2846826351282902
2023-12-26,7,55,0.4905944986159043
2023-03-18,21,185,0.7373207842237605
2023-02-12,25,120,0.5745628567013012
2023-04-21,10,160,0.9547307369808042
2023-05-21,2,142,0.14930575895352305
2023-05-21,1,78,0.8850585136121087
2023-07-03,14,162,0.9052499713619835
2023-03-11,8,6,0.9760077763336754
2023-11-20,7,192,0.32887409973622883
2023-02-08,25,87,0.40255148033188415
2023-01-27,14,176,0.5800960301134067
2023-07-10,14,37,0.7391318981091889
2023-09-08,11,59,0.9591948220026576
2023-11-25,18,178,0.6005605041159989
2023-07-01,18,162,0.79773369828492
2023-01-22,22,3,0.7136260364073617
2023-09-26,6,89,0.707259503184053
2023-12-05,11,17,0.6093348895657175
2023-12-22,12,61,0.7544424657869994
2023-05-29,24,34,0.7637894044028872
2023-02-10,24,12,0.5395486865648804
2023-11-22,25,123,0.8574058781070412
2023-11-03,13,52,0.19829189791593282
2023-10-18,16,112,0.7758550333389015
2023-08-01,14,51,0.573726346522552
2023-09-26,17,171,0.8338229352014807
2023-04-26,18,51,0.8551085280046413
2023-11-01,14,61,0.011540266180130931
2023-11-04,1,166,0.9269061870356474
2023-12-05,14,142,0.7918837690645033
2023-10-12,24,112,0.8666515371573323
2023-04-05,22,108,0.5875787407619186
2023-01-28,5,61,0.19469477649286482
2023-08-31,8,141,0.5904205626743805
2023-03-11,18,139,0.7275263694960009
2023-05-01,18,90,0.45118312313207865
2023-05-01,11,88,0.0737992590777844
2023-04-07,24,143,0.22149924940757304
2023-03-17,1,100,0.19714129658323032
2023-07-15,20,167,0.6694373076374397
2023-09-23,20,120,0.569130077536112
2023-06-10,14,180,0.1529912598965466
2023-02-04,17,91,0.8623936424841255
2023-04-03,25,74,0.01577772507405717
2023-08-28,13,69,0.6633967382534831
2023-01-29,10,133,0.2090747119550972
2023-01-05,18,155,0.11803206191465843
2023-06-26,5,151,0.8719972784609019
2023-03-28,15,60,0.16195654853463837
2023-05-22,1,172,0.8059842285668126
2023-07-23,18,188,0.9519575692839469
2023-06-14,22,85,0.0020273811269395647
2023-04-25,18,177,0.9769880885950982
2023-01-22,3,80,0.4010020601479841
2023-07-23,22,49,0.46010906122675044
2023-05-11,6,101,0.15761879544418445
2023-04-27,22,8,0.05269791497430909
2023-05-09,24,128,0.643854631016613
2023-06-29,18,98,0.9832592098733419
2023-12-12,18,122,0.25200072457333234
2023-03-31,25,94,0.3472789900722093
2023-11-28,17,34,0.9516634328496357
2023-10-01,9,147,0.800055868693153
2023-02-03,12,11,0.8777543856038106
2023-03-30,20,46,0.1348695324199679
2023-05-17,21,104,0.6112250893654513
2023-09-27,6,23,0.27159921090569816
2023-05-18,19,30,0.718850899424838
2023-11-29,11,26,0.8665370400433916
2023-06-27,2,27,0.46434404519986927
2023-10-14,7,94,0.05296977432016836
2023-01-31,12,150,0.6443328573291871
2023-02-13,18,105,0.4641135173500064
2023-04-24,4,93,0.2718441775194469
2023-06-03,6,44,0.9019297697930102
2023-09-26,23,120,0.7766228537263187
2023-09-20,3,146,0.9753936941137361
2023-08-02,10,68,0.6403559068747716
2023-08-30,21,52,0.0015906134230472269
2023-01-09,12,72,0.5125880703467918
2023-08-11,11,99,0.7661994080023269
2023-07-28,8,81,0.8490581229176487
2023-12-15,9,69,0.8032269827797754
2023-12-15,9,152,0.16184707357945927
2023-03-21,17,47,0.7496138985177905
2023-01-07,16,118,0.6937849030171214
2023-06-20,14,184,0.5385211562529266
2023-08-17,25,125,0.5488817350906184
2023-06-15,18,98,0.4926985406209652
2023-05-17,18,16,0.09270118150558637
2023-05-01,24,7,0.20221637487920519
2023-11-13,16,174,0.1486617315728026
2023-07-08,10,193,0.4686339558002467
2023-04-07,1,29,0.08462309462062967
2023-07-19,4,196,0.3254216768936272
2023-11-19,11,199,0.4908149944947382
2023-11-05,23,41,0.44977014101599266
2023-07-25,9,110,0.9011555277381295
2023-11-16,12,104,0.25230626192543293
2023-06-29,24,115,0.9970516203396891
2023-11-06,3,175,0.2824897936965882
2023-05-31,9,108,0.014002949487086136
2023-04-27,1,143,0.30398192577221017
2023-12-13,11,33,0.36041844166284964
2023-09-30,14,185,0.9204420323304159
2023-07-09,15,82,0.663462520493588
2023-08-27,24,73,0.7258546295719858
2023-02-07,19,62,0.28942876287590824
2023-03-03,3,6,0.6218057034256318
2023-01-06,1,188,0.7632045140351289
2023-12-12,10,49,0.9381069198452318
2023-01-02,12,157,0.6104630331111454
2023-06-04,1,119,0.05972247727234403
2023-07-06,22,133,0.9254547959199095
2023-08-17,10,127,0.617637388703284
2023-12-10,19,147,0.8455248535791592
2023-10-14,11,164,0.6044192181206159
2023-09-13,20,60,0.10579610172360943
2023-04-18,3,85,0.66500927262563
2023-04-20,17,149,0.032074204810892404
2023-09-11,10,179,0.8887309686903717
2023-10-20,5,36,0.9284660923480837
2023-09-20,17,33,0.41612774173110534
2023-07-25,23,74,0.35509993296898845
2023-09-18,20,164,0.5796586218922724
2023-07-13,18,69,0.24554942103293254
2023-06-09,2,4,0.5843096371797029
2023-07-19,7,7,0.697367135902363
2023-12-10,6,14,0.29742641293362815
2023-07-09,12,193,0.13174673310977192
2023-06-07,10,197,0.8905464044718839
2023-08-10,5,91,0.36183295462185183
2023-10-07,24,197,0.9153534400305782
2023-10-21,4,187,0.11053915826892624
2023-11-23,2,42,0.5847829719763558
2023-09-20,25,168,0.30844139812761884
2023-12-25,4,192,0.21801234600579444
2023-11-18,3,142,0.8418840076174763
2023-07-14,6,188,0.7537009744156873
2023-04-28,12,110,0.05150717461009424
2023-06-23,7,121,0.3968194070813855
2023-10-17,7,79,0.48778745713992677
2023-02-24,4,16,0.8397534776980129
2023-12-26,1,73,0.0001895663774517109
2023-01-06,6,98,0.01608414584329798
2023-01-02,12,133,0.2700844481793844
2023-12-08,4,149,0.4531970851228474
2023-06-16,24,5,0.17626654248477625
2023-04-17,25,68,0.023853940077310454
2023-03-29,16,26,0.8770881719077263
2023-11-06,1,51,0.24603896725858376
2023-06-20,13,148,0.19815828715822859
2023-11-08,22,116,0.4279690601668489
2023-12-08,22,107,0.7910931321832898
2023-07-31,4,168,0.8606078492506611
2023-08-18,16,33,0.1945399787830574
2023-05-26,5,156,0.07196961694663051
2023-05-25,5,93,0.3873092942841061
2023-06-01,15,176,0.3273060168314631
2023-11-09,11,91,0.36409654149345283
2023-04-18,13,140,0.9832668087691482
2023-05-25,18,57,0.5955180932079571
2023-11-22,3,83,0.6027571239461584
2023-08-27,20,63,0.8026048499507732
2023-03-05,5,172,0.6002386435856778
2023-09-12,1,28,0.03530871246370848
2023-07-25,24,5,0.3723483270500827
2023-09-05,18,75,0.626537851075457
2023-07-04,3,79,0.20087790724502363
2023-03-16,14,82,0.936154488277809
2023-12-21,11,149,0.11879434863747806
2023-10-19,6,118,0.3045562075212114
2023-11-04,6,62,0.6632536080628568
2023-07-30,1,39,0.93264961391369
2023-10-11,18,116,0.6088536025331981
2023-05-01,23,143,0.29828088792451035
2023-06-22,22,26,0.7845846926926292
2023-02-25,3,119,0.46961216264206385
2023-06-10,18,183,0.437136234667694
2023-08-09,20,61,0.5345672818839526
2023-08-27,15,130,0.8374489412839157
2023-09-16,22,195,0.7376183728640581
2023-02-27,5,149,0.14625752384487367
2023-08-20,17,55,0.044643375881713965
2023-11-06,6,111,0.6941942416943215
2023-05-11,22,86,0.9571310994159895
2023-11-30,8,80,0.78786973998041
2023-12-24,19,9,0.5651357346466603
2023-06-19,17,78,0.3786917357439754
2023-04-09,24,141,0.5006916249875799
2023-04-17,5,112,0.2463224707894397
2023-01-24,22,112,0.3478054707223286
2023-10-20,13,76,0.6498876839260532
2023-11-13,7,191,0.8248721398117045
2023-05-29,10,171,0.8784171254492754
2023-07-30,3,74,0.6041590571235738
2023-03-05,16,33,0.4161595409410911
2023-10-15,13,62,0.006121264252020198
2023-10-07,14,21,0.6984985028350705
2023-03-14,25,80,0.3649460475739733
2023-01-27,15,6,0.06798899530739022
2023-02-27,5,193,0.02432954262173237
2023-08-10,13,4,0.40102956188942107
2023-02-12,6,189,0.4055289536305565
2023-03-01,20,17,0.9981267196993469
2023-05-29,3,132,0.24421488696081384
2023-01-24,22,185,0.61456500660561
2023-06-27,1,93,0.11999922020656983
2023-09-16,12,161,0.3648209130596881
2023-07-16,17,90,0.28083366114712394
2023-08-18,13,115,0.1834749394230586
2023-08-05,8,62,0.38372130046620556
2023-03-16,22,33,0.070414305000712
2023-05-01,15,157,0.7636438898610495
2023-07-28,6,21,0.5457735155581687
2023-11-20,12,24,0.4367890167103826
2023-05-16,2,135,0.5084142069136939
2023-05-07,20,41,0.7945123179933109
2023-07-22,15,90,0.2496862276139954
2023-08-01,4,28,0.45437506713088505
2023-06-21,22,93,0.49971317164245066
2023-01-18,7,2,0.9867016915762952
2023-10-05,16,114,0.4943771067625937
2023-11-13,24,33,0.9188496164749869
2023-09-02,9,110,0.213075001157487
2023-12-20,12,12,0.42134160745453564
2023-10-28,15,18,0.7139892892296337
2023-03-03,20,38,0.9331389631497813
2023-10-15,15,33,0.04734195429043464
2023-08-17,5,24,0.17715280299729208
2023-05-20,13,15,0.8268730643866548
2023-08-12,20,32,0.9583655117593108
2023-12-05,16,39,0.10071723355715323
2023-09-03,18,150,0.20873496567696015
2023-09-28,19,98,0.5056256839714284
2023-02-26,6,169,0.9374613808939299
2023-01-10,6,105,0.25392899962937
2023-06-02,17,81,0.42052352871550114
2023-03-23,18,102,0.6585325602421654
2023-08-03,18,132,0.717274186862292
2023-10-02,11,194,0.826989391631883
2023-07-20,21,148,0.25615031575353375
2023-06-15,19,34,0.681567979114553
2023-01-13,10,191,0.7620553433993386
2023-01-08,18,154,0.22064843982263227
2023-01-04,17,16,0.3112570358776038
2023-06-06,8,32,0.849479163177336
2023-08-02,6,158,0.7363179396332217
2023-10-29,1,31,0.30638251743149514
2023-07-15,25,151,0.9308135169154678
2023-04-14,9,160,0.7672848171648359
2023-11-17,2,54,0.9146913683516443
2023-11-21,21,81,0.7997946561394457
2023-12-16,22,134,0.20483152253396153
2023-11-23,10,114,0.8688550588733791
2023-10-02,11,90,0.301289272388778
2023-09-10,10,39,0.5738270721735917
2023-03-17,6,110,0.32415445795798126
2023-07-15,7,194,0.7786937227229349
2023-07-02,5,141,0.5720273518445385
2023-11-14,8,93,0.3887983458029708
2023-07-07,21,89,0.37495656871077776
2023-01-31,4,178,0.294240872964343
2023-04-02,18,90,0.5748621786695267
2023-02-06,17,61,0.5466833731531959
2023-01-04,3,182,0.09406488994028306
2023-01-02,25,179,0.290214250087687
2023-12-15,25,67,0.8425771006868966
2023-03-08,5,112,0.8291747818722862
2023-05-06,3,137,0.014524404097529864
2023-07-13,7,83,0.7155770325090456
2023-06-06,9,41,0.4571242176958802
2023-10-10,11,136,0.8818877457909832
2023-04-14,1,107,0.11457136783163346
2023-06-12,19,180,0.32604957111078325
2023-11-27,21,178,0.7951068743577951
2023-07-31,5,168,0.33589822383897205
2023-11-04,3,98,0.0010606881117866118
2023-12-31,20,180,0.30265671364432345
2023-10-30,22,49,0.29606656212306603
2023-11-29,25,64,0.7115766071190606
2023-04-25,21,63,0.9277551203847514
2023-07-12,23,107,0.5665274657653291
2023-08-01,9,156,0.9142852035732812
2023-06-22,13,53,0.4921420371851639
2023-11-04,9,177,0.5986727733247845
2023-09-09,15,185,0.030766966478242952
2023-12-06,1,42,0.9590160824041573
2023-04-23,20,180,0.6584942212983718
2023-05-25,23,135,0.5829471614133263
2023-06-17,15,2,0.768007176385656
2023-12-03,3,164,0.892905030080325
2023-12-28,18,29,0.7726020274519818
2023-09-01,14,165,0.25628477076123934
2023-12-04,21,127,0.7471655803596556
2023-09-22,23,6,0.43524275372724186
2023-08-09,4,177,0.21797570022711654
2023-12-04,10,195,0.2545012771623436
2023-04-29,21,84,0.05492274784653406
2023-11-14,8,82,0.5590786841861094
2023-02-10,13,132,0.9807548814837981
2023-05-20,9,130,0.8314530043237561
2023-07-31,4,122,0.7502319985116017
2023-07-29,11,166,0.9835562661488085
2023-10-08,24,188,0.021876454383701005
2023-06-05,12,122,0.2956713463067603
2023-07-14,9,169,0.27772937214572313
2023-02-21,6,152,0.23236738214641017
2023-02-25,7,77,0.32321463215209445
2023-11-29,25,59,0.30279598916798556
2023-09-03,12,14,0.6231255631221972
2023-11-04,19,96,0.7653751008795293
2023-05-22,23,57,0.2976437395297943
2023-09-22,13,24,0.023991319764552044
2023-02-13,11,34,0.3307882785288493
2023-08-06,10,177,0.049240348637350384
2023-12-12,18,194,0.3967736121486044
2023-02-12,8,2,0.6481944272957983
2023-09-08,3,129,0.9349178768257715
2023-06-14,10,85,0.849347154315577
2023-08-26,9,180,0.16925683589802587
2023-12-11,4,2,0.4491292854942114
2023-09-30,6,41,0.4268294258135148
2023-02-13,14,188,0.23670360411491287
2023-03-05,2,124,0.13383506186052918
2023-01-28,20,52,0.955355171883518
2023-02-10,14,32,0.2593141669312403
2023-02-20,7,18,0.0702820344701518
2023-01-15,8,81,0.21248113786324851
2023-08-13,23,138,0.026873159549697823
2023-11-23,20,69,0.9015935133939315
2023-06-09,2,109,0.938058588079422
2023-10-13,25,146,0.728124344460404
2023-11-06,23,170,0.3228438958244102
2023-05-08,9,169,0.4590338629772811
2023-09-25,16,67,0.07034208192722635
2023-07-15,19,62,0.028657244316929176
2023-06-23,23,10,0.4434437640261588
2023-04-13,2,142,0.3520291972014875
2023-08-27,10,176,0.3254371981117682
2023-03-09,5,36,0.3663857443297204
2023-05-20,2,115,0.051314050611108275
2023-04-04,23,35,0.49185858588078823
2023-06-10,20,140,0.04561688077729287
2023-03-17,15,65,0.1998431603936558
2023-07-25,10,139,0.6678598835858709
2023-04-24,4,23,0.0761379063123796
2023-01-01,17,134,0.8328900526424577
2023-03-20,12,59,0.4500586455180312
2023-08-13,9,112,0.09806658096073217
2023-07-13,16,124,0.6091889424038323
2023-11-30,10,78,0.3788912154394706
2023-04-14,7,154,0.4483413571780037
2023-03-28,22,60,0.0633103355490684
2023-08-02,19,195,0.6784630275744379
2023-12-25,19,137,0.9782622359293982
2023-04-20,10,138,0.5062002586800024
2023-07-23,16,151,0.7426925098486749
2023-10-30,5,86,0.42347729808426127
2023-08-23,9,139,0.05254746068556804
2023-08-06,15,60,0.8147848451195443
2023-12-02,21,168,0.5533965528924131
2023-10-01,17,117,0.8130440526375398
2023-10-21,19,30,0.03666960463087654
2023-10-17,17,39,0.6851199375309379
2023-10-26,13,96,0.8730529778106724
2023-07-09,22,76,0.9764214971598025
2023-11-04,22,132,0.7844927744147537
2023-12-25,9,157,0.06123757859141077
2023-03-12,23,76,0.9122014857637271
2023-09-23,7,136,0.29082641666960984
2023-07-09,8,175,0.2279559464818487
2023-10-26,7,172,0.7765200199348385
2023-03-29,13,64,0.20159109958740262
2023-12-10,2,17,0.8475921098506365
2023-06-26,15,112,0.24816708790017095
2023-03-24,4,164,0.47072262891249916
2023-06-05,1,46,0.5955422216854945
2023-02-06,13,19,0.7796359029766567
2023-01-28,16,119,0.20187645115903363
2023-04-27,11,80,0.05620862410976668
2023-01-15,18,113,0.9503370322359431
2023-11-02,11,105,0.5082658454704571
2023-01-10,4,103,0.6978709142674302
2023-10-06,16,167,0.3241669670062839
2023-09-12,6,135,0.532996563244015
2023-05-22,13,115,0.09082246634934943
2023-04-30,19,89,0.9570140774086979
2023-07-04,6,129,0.032177314928680034
2023-01-15,24,157,0.20506422450926542
2023-12-21,6,150,0.8268478712485674
2023-01-29,10,84,0.5665156984362778
2023-05-07,4,89,0.38752271482345024
2023-11-20,13,36,0.8738406968431833
2023-06-07,10,13,0.2010911322450577
2023-05-08,1,152,0.6785181791700309
2023-11-28,15,115,0.8352711018279807
2023-07-18,19,86,0.6627645815108517
2023-04-27,7,86,0.35167635533088826
2023-07-10,19,136,0.41873899043057183
2023-03-13,16,90,0.8746766604396522
2023-02-27,15,64,0.5647358103206732
2023-11-20,17,142,0.0670494678564324
2023-10-01,19,27,0.19632463398249012
2023-12-21,7,169,0.21939444608249625
2023-05-17,5,96,0.8454111495235369
2023-02-26,25,116,0.0043666235595830605
2023-07-28,24,123,0.3320317291594641
2023-08-14,2,26,0.6778459097525125
2023-05-16,8,64,0.7153546882219778
2023-07-20,19,29,0.9510111038976158
2023-05-06,1,28,0.9244627105189067
2023-10-16,1,75,0.8800044211376572
2023-05-07,23,186,0.2762828952654016
2023-05-11,19,91,0.024109941461724183
2023-04-30,20,128,0.7179657333417617
2023-01-18,11,188,0.21816239347683997
2023-02-08,8,197,0.36892809495943146
2023-04-21,22,99,0.8381094644996792
2023-10-03,2,23,0.3518822631809094
2023-12-13,19,187,0.3816544290114966
2023-01-02,4,25,0.755205394722
2023-11-14,2,123,0.2942993803150016
2023-03-29,25,47,0.2653191763339785
2023-04-06,22,16,0.7756582567872
2023-02-13,3,25,0.4730271875364509
2023-08-22,20,38,0.8938478102016953
2023-12-03,2,162,0.8864957208557595
2023-04-27,23,101,0.9239329473462791
2023-02-16,18,140,0.2813844276719406
2023-01-24,21,79,0.5939705008140004
2023-03-20,21,158,0.6378622089190842
2023-12-28,23,40,0.7425673597492427
2023-03-11,9,94,0.04012688059931824
2023-07-05,8,174,0.16594174128284223
2023-04-09,19,51,0.7331271069024381
2023-01-28,5,66,0.25125790472910525
2023-07-01,15,65,0.3543908391353503
2023-07-19,23,13,0.7533743149699534
2023-09-27,24,12,0.7395158286379381
2023-09-02,5,151,0.6173639739554672
2023-04-27,7,39,0.13838969893834507
2023-06-11,1,64,0.1815736051751643
2023-05-22,16,192,0.1479390847955191
2023-10-02,22,9,0.860001463102952
2023-07-17,4,26,0.32926752026605377
2023-04-05,23,166,0.9433827145404734
2023-11-08,14,42,0.5762238730378076
2023-01-02,4,191,0.7035304865755904
2023-02-25,14,51,0.10197476315894338
2023-09-05,25,71,0.9207561945765903
2023-05-08,20,6,0.052107080958090135
2023-10-14,23,2,0.6365461621502605
2023-05-10,2,175,0.019316869163122363
2023-03-10,25,152,0.21491697329916093
2023-12-02,21,86,0.017248125882309506
2023-01-23,22,45,0.7954241388700424
2023-07-17,10,192,0.24305941747463833
2023-02-03,24,158,0.29641572184291665
2023-10-28,22,113,0.6577639534077748
2023-04-22,15,9,0.3747930773285332
2023-01-14,19,185,0.896322246308016
2023-11-21,7,81,0.2779953675666643
2023-09-20,10,4,0.10098392353958496
2023-11-09,23,84,0.19490659663514498
2023-06-01,6,11,0.3480805871063446
2023-03-17,15,141,0.18668764377387925
2023-07-16,20,107,0.8154520569505748
2023-02-06,2,11,0.8057911259542688
2023-04-12,18,179,0.050815539542237054
2023-03-15,24,78,0.6455030483556621
2023-10-30,22,7,0.525075440474192
2023-06-20,20,168,0.46331403962771667
2023-03-23,7,174,0.6399847787042097
2023-11-08,3,81,0.2986193558401844
2023-12-13,10,127,0.8320716190988229
2023-10-10,15,32,0.7889250748310483
2023-01-17,8,140,0.5287977426379099
2023-07-09,12,86,0.43937020673739025
2023-11-16,15,136,0.09779674106000058
2023-10-21,9,5,0.7214696958556986
2023-12-10,13,6,0.5971362870095123
2023-11-29,18,184,0.9517753644467384
2023-12-30,2,37,0.2672087490935363
2023-05-12,13,83,0.011225537791696216
2023-11-06,18,136,0.4819000350087038
2023-04-16,18,114,0.041346623017810336
2023-01-31,4,57,0.8753352687588504
2023-10-27,15,27,0.7721899723696111
2023-10-24,17,89,0.6781320306625486
2023-07-01,11,157,0.09941811488453278
2023-11-08,5,57,0.1783327179774119
2023-03-19,24,179,0.11205361998419439
2023-11-29,11,71,0.2865792284669947
2023-11-17,17,64,0.663684800248939
2023-04-28,11,31,0.7893815508097066
2023-07-31,7,47,0.4846683724832658
2023-06-23,19,49,0.7684656566190635
2023-01-01,9,119,0.5493206955971999
2023-12-14,1,146,0.09157071235737624
2023-11-18,7,138,0.6091883807707691
2023-04-18,25,55,0.23232403682474345
2023-12-15,13,34,0.12990692846192264
2023-01-28,15,178,0.4779533589089301
2023-10-27,18,32,0.6997549516906572
2023-03-05,13,27,0.8120096983416051
2023-09-01,2,7,0.6930411707493326
2023-02-15,19,194,0.4028591897769006
2023-06-03,6,153,0.12186239904401619
2023-01-26,18,113,0.21334668519469213
2023-10-17,12,13,0.39188140768124646
2023-05-04,6,120,0.26509330214565097
2023-04-27,25,153,0.7997391168374469
2023-11-28,9,113,0.14912273380568597
2023-03-28,13,30,0.9788887061385599
2023-07-08,22,57,0.8674482395121569
2023-08-25,25,29,0.3081752318390978
2023-10-28,10,165,0.6049830220213406
2023-07-04,5,185,0.41807776265801955
2023-08-28,13,115,0.46362236236887877
2023-02-22,3,111,0.8996506448837673
2023-05-12,6,83,0.7012643628896857
2023-10-23,10,17,0.0947063412670468
2023-09-04,9,32,0.26142075731738734
2023-07-14,10,93,0.7826588932220229
2023-03-23,4,100,0.5563304974654318
2023-11-09,15,109,0.7223970513239233
2023-03-28,6,72,0.6556868933180944
2023-01-18,9,100,0.6299115009748116
2023-12-19,15,183,0.6178477417816901
2023-02-18,22,31,0.057411574834578705
2023-09-20,22,91,0.7813404386169954
2023-02-27,5,33,0.907841944871263
2023-08-08,5,149,0.5484918896083025
2023-10-24,6,36,0.13487215807355823
2023-04-02,25,66,0.48285236804521736
2023-03-25,10,161,0.25346597003104165
2023-03-14,22,148,0.30795018268522145
2023-02-24,16,106,0.3782314905733202
2023-05-22,1,123,0.5192311891409024
2023-06-11,19,81,0.058758160399504655
2023-07-23,9,105,0.05944295758760876
2023-09-25,18,72,0.8191622347794225
2023-12-05,12,148,0.26273245984033766
2023-08-04,3,86,0.05148357887744115
2023-01-27,9,158,0.4273374486729298
2023-01-08,15,178,0.2530639228315499
2023-01-03,1,96,0.21874979451569632
2023-05-20,5,193,0.6884659569632976
2023-06-28,3,103,0.08919320614675175
2023-07-22,13,6,0.17347394591241327
2023-03-15,4,136,0.33106152932788613
2023-04-05,13,74,0.38834009906291034
2023-04-08,21,186,0.27744157453834495
2023-12-13,10,187,0.1256562307192013
2023-03-12,13,42,0.5101320599972553
2023-04-03,22,165,0.24723065505459962
2023-06-13,8,73,0.5934908532314287
2023-05-08,1,191,0.7284914738971396
2023-09-26,16,66,0.70256324876187
2023-08-19,10,89,0.3710497987602469
2023-06-17,25,135,0.9226926799099274
2023-03-21,21,175,0.9264303694616599
2023-11-02,19,105,0.8795913866741568
2023-07-02,9,112,0.8171703639590545
2023-11-07,12,108,0.46337050897457943
2023-12-27,6,111,0.976644517691444
2023-10-08,1,66,0.29740264987718557
2023-12-17,6,22,0.28445762645526107
2023-07-15,3,124,0.8003258726124235
2023-05-28,8,145,0.9774225777778293
2023-05-23,19,41,0.2396932360554389
2023-01-18,18,137,0.4461270063601793
2023-12-02,12,4,0.9077226318775329
2023-07-12,24,53,0.10133477248740153
2023-10-26,25,38,0.6563827506387765
2023-07-31,21,114,0.566309601201893
2023-11-22,2,5,0.05988887391837061
2023-02-24,25,165,0.9458530484887376
2023-03-27,22,49,0.013239768409192942
2023-07-07,19,75,0.17049039151947132
2023-05-25,18,156,0.3297873163017866
2023-10-12,13,190,0.7950536094054932
2023-09-11,6,199,0.7063757759036249
2023-01-03,14,110,0.7627004804825503
2023-01-27,9,50,0.4968425559552827
2023-04-25,15,35,0.006632557677289097
2023-02-01,8,163,0.4563424299361617
2023-09-09,22,155,0.5073344826108706
2023-05-06,16,84,0.9001170720215744
2023-11-20,7,180,0.7849683034695386
2023-02-18,2,6,0.8408065235175863
2023-02-19,7,100,0.9061022542690673
2023-09-02,12,136,0.18456867245224762
2023-10-01,7,128,0.7378076945933078
2023-04-22,18,65,0.9168099973284175
2023-01-26,17,26,0.258648472588177
2023-08-24,4,125,0.576606776698899
2023-05-15,11,110,0.36288417791105954
2023-09-22,25,184,0.03764792840676112
2023-03-23,4,85,0.4565514531440926
2023-06-13,5,129,0.6842624749258133
2023-11-29,10,80,0.22220420294321874
2023-02-26,19,10,0.42134387516418403
2023-09-02,17,60,0.6695384180629635
2023-10-08,16,197,0.4543152891257982
2023-10-10,20,148,0.3825405865759788
2023-04-14,24,81,0.5205422685245797
2023-09-11,5,195,0.3762201860317107
2023-02-24,19,36,0.4820682149683936
2023-10-20,21,194,0.07053495868719273
2023-06-15,23,42,0.30172940167232853
2023-08-02,12,83,0.9425512118096439
2023-12-30,23,187,0.617213928729767
2023-04-18,11,147,0.45606233993113543
2023-09-13,25,51,0.6478982084563791
2023-04-19,3,18,0.22703139278682438
2023-07-03,2,132,0.9068399708111909
2023-10-17,22,110,0.45035908549126613
2023-11-19,19,96,0.21342979709109844
2023-12-16,15,156,0.8298945584644885
2023-02-07,24,103,0.2920998216362375
2023-03-11,4,40,0.0546724013076304
2023-05-05,7,144,0.252061336718459
2023-02-05,11,93,0.32829778019399813
2023-04-12,13,158,0.805269958039534
2023-05-06,5,54,0.05176473216276389
2023-12-12,21,19,0.9557213032930446
2023-04-14,12,37,0.8301101533223839
2023-05-29,18,156,0.15079693075869893
2023-09-28,1,95,0.6759888089819359
2023-11-07,3,54,0.7203113444350985
2023-01-11,1,45,0.8626632269501157
2023-06-01,13,12,0.01797771599423137
2023-10-19,20,95,0.7664151387040952
2023-07-24,12,137,0.8238025569902107
2023-04-17,5,85,0.9260289527639038
2023-04-09,13,8,0.5072727243517849
2023-05-20,21,42,0.3350479396080309
2023-01-27,9,140,0.22338698203526997
2023-07-28,12,171,0.6361255417325782
2023-07-20,17,44,0.5889464378626036
2023-10-09,8,68,0.8370586195507554
2023-08-30,23,20,0.2221807680145954
2023-12-27,21,167,0.523442521135247
2023-10-07,15,128,0.92007495816252
2023-03-17,6,186,0.16742996517690678
2023-06-20,14,44,0.5652402801049884
2023-07-26,11,131,0.6254219005508451
2023-09-24,13,35,0.6580254567458168
2023-09-27,24,45,0.32585466106409666
2023-06-12,9,109,0.8815824671565623
2023-12-30,5,44,0.6713272600673826
2023-04-21,6,179,0.7006111506064063
2023-01-21,5,151,0.17298777662646758
2023-10-23,4,25,0.955183921843212
2023-06-14,25,53,0.6882825141534058
2023-10-30,22,180,0.8223221759943912
2023-09-13,7,115,0.8736385834401373
2023-01-13,1,65,0.3680837340861145
2023-10-02,10,106,0.7338561669684541
2023-05-27,25,12,0.5435368426728241
2023-11-05,21,186,0.08216098290851948
2023-07-06,20,182,0.760240664430359
2023-11-21,10,198,0.3575569782266871
2023-12-19,2,182,0.457450543457513
2023-02-24,24,17,0.9502937807965056
2023-08-24,15,191,0.4188300841834115
2023-11-05,4,153,0.2612186071579331
2023-02-06,2,114,0.9900582076875606
2023-12-03,7,177,0.2325824126742475
2023-01-16,11,137,0.9174796994998609
2023-11-15,15,106,0.05944109145499343
2023-01-04,14,118,0.9404068497570665
2023-02-11,4,125,0.7080118636273109
2023-11-04,12,181,0.06859724981692428
2023-11-12,23,27,0.16611149401732506
2023-08-18,23,54,0.5004359417285553
2023-07-26,5,88,0.9331381292687652
2023-02-26,2,134,0.585370536258357
2023-03-02,13,131,0.5374739307278449
2023-03-17,6,158,0.2810502025184278
2023-01-21,11,78,0.21833465077276493
2023-11-20,18,80,0.9136232282885627
2023-04-03,1,143,0.4088477401857411
2023-08-10,16,101,0.2989156072899266
2023-04-09,18,137,0.8767055792212584
2023-09-21,22,9,0.05523060938004265
2023-07-16,23,101,0.5498200966829954
2023-08-29,24,112,0.2956891335997678
2023-02-02,8,117,0.31477722797079744
2023-04-26,6,67,0.47388773516389615
2023-03-14,22,21,0.9012751311021824
2023-07-06,8,45,0.7228050212806975
2023-01-10,11,155,0.7432558292929634
2023-06-09,5,166,0.9715239928843393
2023-05-16,3,25,0.5854295922875893
2023-03-27,20,166,0.0020252024436306915
2023-02-08,19,106,0.4401513518248126
2023-10-10,2,46,0.28658206330027414
2023-08-22,6,91,0.19104373439197753
2023-05-01,14,173,0.998934105186989
2023-04-05,5,144,0.9880842333000508
2023-01-18,24,94,0.41528697960759065
2023-08-01,18,172,0.7872880273436609
2023-01-23,15,51,0.16663906398904726
2023-07-31,18,57,0.6195373110310947
2023-04-01,2,184,0.4907455277402636
2023-06-21,5,136,0.9858639237625475
2023-04-02,3,79,0.15481663791495848
2023-08-01,23,189,0.8635488257564847
2023-01-25,14,112,0.9000145600223862
2023-11-30,17,95,0.17558391664113693
2023-08-21,20,42,0.41657151216247734
2023-11-24,8,108,0.3660869842305061
2023-05-08,16,39,0.04660479048297028
2023-01-15,5,127,0.6034046031591337
2023-12-08,6,89,0.10916581240821677
2023-03-07,7,156,0.9058587125363722
2023-04-16,6,175,0.10629009186922533
2023-07-25,13,109,0.7162663615867715
2023-02-13,12,170,0.34481053363250835
2023-05-06,1,26,0.14395347563998206
2023-10-13,5,29,0.8766752656818785
2023-11-23,22,85,0.11492770177389822
2023-02-23,16,62,0.6035480652885509
2023-04-23,1,39,0.6330572319407471
2023-04-06,1,37,0.4186134071316028
2023-01-28,8,168,0.14248656945962324
2023-05-06,8,51,0.28009349442520437
2023-04-16,22,72,0.8049706306139889
2023-08-13,8,35,0.43199367566415503
2023-10-06,11,31,0.9090744875826378
2023-01-19,3,69,0.9879161397740648
2023-11-15,17,61,0.010316004036979298
2023-01-06,2,20,0.5405087985895395
2023-09-19,12,32,0.0005267805854001217
2023-08-07,10,132,0.12212481594204239
2023-03-11,2,55,0.6704790821720823
2023-03-08,14,101,0.7173485730623501
2023-05-27,16,150,0.17018447381361834
2023-03-12,23,129,0.7496176538878352
2023-07-21,15,130,0.9765210511725494
2023-01-30,3,174,0.0675798724883403
2023-04-03,25,159,0.2966938540931675
2023-09-08,24,18,0.9695942380526752
2023-06-27,16,164,0.7726317720468662
2023-11-28,20,184,0.6599305397139471
2023-12-19,17,36,0.6135042071908272
2023-07-01,23,22,0.9065224943774646
2023-01-21,18,31,0.046875254018057366
2023-02-10,14,123,0.39418011689623567
2023-03-24,20,86,0.6044230135796277
2023-05-03,15,177,0.28209801093443687
2023-04-05,13,81,0.44814115510534724
2023-11-02,12,45,0.9632994409265296
2023-06-30,21,55,0.6705101861409825
2023-06-24,1,35,0.5724135783198219
2023-06-21,8,92,0.5159588242219936
2023-11-22,7,113,0.703192301029542
2023-09-11,3,3,0.6503226244589342
2023-12-23,5,177,0.2764549739491171
2023-08-24,15,58,0.9218097760918775
2023-08-08,16,62,0.030632972298201055
2023-11-08,19,48,0.663102158460626
2023-07-11,12,159,0.9006683869532959
2023-06-17,7,45,0.3940500590206779
2023-05-24,9,199,0.42541908525023675
2023-01-03,21,200,0.7331751260044165
2023-01-06,11,52,0.24111258190321372
2023-07-08,17,123,0.7984491132688628
2023-07-12,6,138,0.10694238128022693
2023-09-14,21,28,0.20185506760513905
2023-12-23,12,164,0.6425470776086945
2023-06-24,13,50,0.5554350799389393
2023-03-24,20,59,0.3528357702724352
2023-08-18,8,46,0.23459807279739198
2023-04-21,23,90,0.7185672199660502
2023-04-26,10,114,0.0790476243997098
2023-10-03,6,102,0.41888404762456677
2023-04-07,3,171,0.5175421395667452
2023-11-28,12,151,0.5104854499351694
2023-09-10,18,139,0.9858978128891482
2023-06-04,4,27,0.6509665366946219
2023-08-06,10,42,0.6590292406657535
2023-06-11,2,6,0.13974906241614315
2023-10-11,8,52,0.9879206038345089
2023-06-21,4,170,0.27442998388321227
2023-02-16,19,173,0.5961604240067078
2023-07-13,7,170,0.5761423527865418
2023-02-14,22,129,0.27776304309585065
2023-06-25,7,105,0.7870211923093275
2023-12-01,14,50,0.5793329544913814
2023-12-20,8,148,0.4239820185372418
2023-12-17,1,142,0.394826552636398
2023-05-23,24,182,0.39195421388334006
2023-07-24,2,17,0.7173300436090898
2023-09-04,11,38,0.5005862029393637
2023-03-11,5,37,0.029522268541378627
2023-01-17,23,158,0.47218710502888805
2023-09-12,19,151,0.9638737572840544
2023-07-18,5,191,0.9252957247651767
2023-12-29,3,184,0.38610493891230524
2023-02-03,9,183,0.9621951225801874
2023-12-01,16,183,0.7862424355508402
2023-03-19,19,21,0.7447415760501775
2023-03-04,5,34,0.4494067264428132
2023-11-14,24,77,0.15853348118633614
2023-04-01,9,49,0.8906080829968472
2023-01-27,16,184,0.08820241263133166
2023-05-07,20,191,0.8117025855519909
2023-03-19,13,123,0.4767349489588423
2023-10-17,8,200,0.6378269788780772
2023-09-20,5,155,0.6780235072372706
2023-09-20,23,83,0.6695100601235098
2023-09-27,9,101,0.0046970060855277
2023-02-22,5,195,0.31082693490116975
2023-09-10,9,152,0.7743229838367123
2023-06-23,7,179,0.272899577432564
2023-02-01,22,14,0.5888919176446944
2023-04-20,15,169,0.8752193328745363
2023-06-25,8,42,0.7884372011352209
2023-03-05,11,124,0.9296311012833611
2023-02-14,24,184,0.25174211420559456
2023-11-09,5,173,0.29552304245377425
2023-05-01,6,43,0.2687163038083895
2023-08-09,12,55,0.1919743402993952
2023-08-25,24,52,0.7707776234340322
2023-12-28,18,95,0.2493985694191302
2023-11-21,25,9,0.11183293619694457
2023-06-09,12,92,0.30786763052357136
2023-12-30,19,56,0.6040379841301163
2023-04-24,4,111,0.5949793019672603
2023-12-22,25,98,0.6269388877293085
2023-11-19,8,191,0.2843744126047896
2023-02-18,22,193,0.2632157309191666
2023-02-13,11,121,0.41220911875876776
2023-12-21,7,27,0.12039062792223276
2023-11-26,10,91,0.9263701029555299
2023-12-30,21,131,0.29483992923694813
2023-04-04,11,106,0.49274543722292385
2023-06-03,19,144,0.3468859259124699
2023-09-28,3,156,0.382452658532935
2023-12-17,24,193,0.648738980073365
2023-01-30,17,89,0.6185408129717371
2023-01-21,15,28,0.4013354340394254
2023-02-12,25,90,0.19561701896886508
2023-03-13,19,111,0.25304945244088506
2023-12-08,22,111,0.7115854357719528
2023-10-30,6,52,0.7861387180073631
2023-08-25,13,163,0.14056087513251014
2023-03-31,6,121,0.6649454494030782
2023-05-06,4,125,0.7401065149955349
2023-08-17,23,196,0.07993462689318753
2023-07-18,3,73,0.7193207771849344
2023-02-17,4,136,0.4285434705578115
2023-11-15,10,110,0.11895412885458934
2023-11-03,12,146,0.8487306298744192
2023-06-17,15,56,0.6271557696869408
2023-10-17,13,105,0.93489453565489
2023-06-27,8,68,0.13971184490238409
2023-09-04,23,121,0.27837476935382244
2023-06-22,24,121,0.44965017998975676
2023-01-17,18,105,0.3151423452702974
2023-10-27,6,107,0.9279512650758823
2023-10-19,15,45,0.22415061275586667
2023-08-10,8,125,0.7974338263805777
2023-08-29,25,9,0.5614713506615123
2023-06-21,14,121,0.18441701044081593
2023-05-25,24,96,0.7469506654631163
2023-11-06,2,3,0.724516902732675
2023-02-10,2,19,0.0993797398017211
2023-05-16,3,173,0.12090089825299233
2023-02-12,23,75,0.24217637464033104
2023-08-25,10,59,0.8287397491831751
2023-05-28,12,193,0.7839355267939462
2023-12-20,21,17,0.2664921846795524
2023-03-30,13,174,0.38444428638188366
2023-01-21,10,189,0.9463987784081199
2023-01-21,15,194,0.03513680753815662
2023-01-27,17,8,0.058236058884381436
2023-10-22,24,130,0.34636237841881234
2023-10-05,15,102,0.46585641245111564
2023-04-18,6,85,0.2027842151829945
2023-06-06,11,28,0.9139324810333598
2023-06-06,1,98,0.597233503781228
2023-01-02,11,128,0.8571871308022315
2023-12-13,7,34,0.6421162038034077
2023-07-28,22,35,0.9470948147809858
2023-09-06,4,41,0.7977925605751933
2023-05-16,14,142,0.9873686621222234
2023-06-21,4,56,0.9040990326477537
2023-04-07,8,118,0.566282413576515
2023-06-23,6,114,0.01988765969756212
2023-10-18,1,180,0.49922463667302897
2023-11-16,19,28,0.03639911767882109
2023-09-09,15,138,0.8479326794157874
2023-10-26,17,13,0.11202178841574295
2023-12-20,16,122,0.8622234597690892
2023-02-23,19,73,0.8804311483538844
2023-10-03,9,189,0.2581481947630342
2023-02-05,13,117,0.6520112172128183
2023-07-08,20,172,0.5216810154297505
2023-03-19,9,119,0.44355345060720586
2023-03-16,5,112,0.35482622719898527
2023-07-22,7,61,0.985357197293123
2023-09-20,25,29,0.03448578027004445
2023-03-13,8,52,0.5910674543785722
2023-08-21,23,71,0.4868396051920739
2023-08-07,8,132,0.7816679294157578
2023-04-28,12,33,0.09238515021396698
2023-02-05,10,14,0.3379199169294358
2023-09-05,25,130,0.49583422667505983
2023-08-11,3,131,0.08801521494250886
2023-07-08,15,191,0.5261143594154779
2023-02-10,24,34,0.6409154046429545
2023-02-05,11,162,0.33154974737765164
2023-03-01,8,59,0.1910356680141213
2023-05-27,7,146,0.06965601738248728
2023-07-28,4,168,0.5187102901346363
2023-10-06,19,84,0.8092930512233336
2023-09-30,14,148,0.16315054916667648
2023-04-24,19,166,0.5351212152894919
2023-06-09,13,169,0.7037636466034949
2023-04-05,21,190,0.2851552399613102
2023-11-07,20,145,0.9768860721606394
2023-03-08,8,17,0.6286982631080519
2023-12-15,8,3,0.13575504154988016
2023-08-01,14,80,0.21493229666592673
2023-05-08,18,18,0.6684164051783286
2023-08-10,24,104,0.24474254263994166
2023-01-20,23,19,0.0073220302605309096
2023-09-20,16,188,0.8938701528937166
2023-06-27,12,163,0.5680236441128694
2023-04-25,24,105,0.6163052002332557
2023-10-31,19,160,0.03332761239341875
2023-12-11,19,125,0.48953412166423016
2023-01-02,5,86,0.9735715457949271
2023-06-02,9,67,0.750507676738163
2023-03-30,15,94,0.8143502632225222
2023-07-31,5,4,0.6885426995991585
2023-04-04,11,121,0.7966068815866494
2023-02-24,14,110,0.7989669492314145
2023-11-12,18,98,0.42686189021085275
2023-07-12,8,102,0.5052677880344867
2023-07-04,24,192,0.4951530747108438
2023-09-18,19,21,0.4686045135397462
2023-08-17,1,99,0.6111448997232762
2023-06-19,10,190,0.8829827933366923
2023-11-14,20,173,0.28769901935296116
2023-03-08,10,45,0.16095296958626115
2023-09-24,24,76,0.4847025031586446
2023-11-20,7,17,0.343151185101644
2023-05-27,24,190,0.2429708778782662
2023-01-07,17,101,0.3577630153131369
2023-10-26,1,164,0.10201144920845151
2023-07-21,1,181,0.6148559094855279
2023-06-02,17,54,0.21760902320591669
2023-06-08,5,80,0.797846005706245
2023-02-06,13,142,0.32583864728453493
2023-06-07,17,1,0.3670429644833292
2023-08-23,24,8,0.08789378701249828
2023-10-14,23,159,0.7071415200947958
2023-10-21,8,100,0.284111127035632
2023-01-19,24,32,0.9593434608922831
2023-04-23,20,164,0.7341778563554953
2023-05-19,3,125,0.02491750943380766
2023-06-26,9,178,0.49134572938441534
2023-04-15,12,71,0.6944429721805855
2023-02-25,4,115,0.4179347869862201
2023-02-21,8,8,0.5703971646882282
2023-08-15,15,71,0.7146957626006333
2023-04-08,14,4,0.7163647985564863
2023-11-09,8,24,0.37011149474744376
2023-12-25,4,132,0.0721744035266424
2023-03-23,20,13,0.4494387338765844
2023-05-26,2,103,0.8587353021755626
2023-02-10,24,77,0.12189831919668148
2023-01-29,1,183,0.6994989835942409
2023-03-01,18,197,0.6335059292696299
2023-10-10,21,167,0.08667814853324152
2023-11-03,21,139,0.5613831076810574
2023-03-15,12,78,0.12356720293026258
2023-07-20,10,92,0.951941955797738
2023-12-04,8,111,0.5325149313927817
2023-03-25,12,186,0.24130874979693961
2023-02-13,13,113,0.34450270520592363
2023-07-23,16,64,0.45232726785896993
2023-04-11,17,177,0.6122546698581894
2023-01-29,15,195,0.01842421047501408
2023-08-22,12,67,0.8378270382678905
2023-08-22,15,185,0.8486987532366914
2023-07-01,18,83,0.3656284854042948
2023-04-20,12,91,0.8666744670665846
2023-06-16,24,191,0.981806235797913
2023-06-14,18,17,0.05746819583698426
2023-10-20,6,1,0.39482992291501284
2023-12-30,6,12,0.03816438121004384
2023-07-29,17,145,0.998876464889964
2023-01-23,7,173,0.15777661493923267
2023-04-15,22,136,0.5921320971427422
2023-04-16,10,115,0.44635150118996203
2023-10-31,23,165,0.09917059332865374
2023-05-09,23,179,0.873757558888107
2023-01-04,12,160,0.8224045992450926
2023-10-06,23,45,0.9642593381968207
2023-07-10,14,38,0.24908881176430653
2023-03-31,10,58,0.8463404710116667
2023-11-02,9,68,0.08310049162325328
2023-08-20,11,58,0.035776220368012424
2023-11-13,11,69,0.7625896623877051
2023-05-30,18,137,0.016673565979542393
2023-11-07,3,68,0.8600383899399935
2023-11-30,3,52,0.13173624176861276
2023-01-14,14,38,0.6115829389956021
2023-10-03,6,51,0.5066010242570239
2023-10-24,19,44,0.8111730678478458
2023-09-07,18,96,0.3227848996638255
2023-12-03,3,75,0.11828638805102731
2023-05-26,24,155,0.46843780976315297
2023-06-18,24,6,0.8356606570593706
2023-12-13,5,140,0.7476457268966558
2023-10-01,5,50,0.7051000981063525
2023-05-05,15,133,0.3927685497509351
2023-09-09,25,50,0.06466216898614541
2023-05-17,14,43,0.5354863735489358
2023-03-10,11,155,0.9895695270356828
2023-05-18,23,189,0.27914049021095344
2023-07-30,21,59,0.2833620141706408
2023-03-06,15,46,0.47236690276570126
2023-04-08,10,13,0.07740483955590227
2023-09-14,16,85,0.9222552257713637
2023-11-09,25,152,0.29578842338206424
2023-08-31,18,8,0.8554862572674978
2023-04-29,1,193,0.19329632709921007
2023-05-18,2,39,0.6142010239933835
2023-05-14,22,87,0.9388975321870985
2023-03-23,10,193,0.06817637362696116
2023-09-17,23,165,0.014322721668606708
2023-02-26,16,198,0.08332933589676061
2023-11-07,17,111,0.9630304550211184
2023-05-06,7,138,0.6862564435240146
2023-10-19,22,50,0.7267004530701935
2023-11-03,1,90,0.9101664599494671
2023-01-06,8,49,0.34971083560659133
2023-03-26,2,104,0.06125172190616557
2023-05-31,19,83,0.21632850053680908
2023-09-26,12,1,0.33013651039402303
2023-12-21,25,99,0.26642138431517515
2023-07-08,9,71,0.6508754364645691
2023-12-27,6,26,0.05591524310089746
2023-05-25,5,4,0.5742743056177122
2023-03-30,25,9,0.8414387657720664
2023-07-21,13,66,0.5298935670022218
2023-12-19,4,66,0.5966579951476773
2023-02-26,19,47,0.910241930073065
2023-04-03,7,63,0.7466744933474206
2023-07-19,5,118,0.7246905777262626
2023-05-29,11,36,0.43199231394763293
2023-10-21,21,44,0.4739707965169011
2023-10-28,3,111,0.2102416289680309
2023-02-26,9,106,0.35466928927209307
2023-02-13,13,49,0.1666741609907696
2023-12-06,6,15,0.5697296842946528
2023-08-23,17,9,0.6198568942533074
2023-05-27,18,54,0.5945429203715524
2023-04-28,22,183,0.06393773711223782
2023-11-22,13,34,0.35107553825219495
2023-01-25,9,151,0.9795130749870729
2023-11-30,17,119,0.3540919648578764
2023-08-30,5,163,0.8813298588839811
2023-09-06,3,75,0.23744089967151716
2023-01-29,10,141,0.8496753748665634
2023-08-25,2,194,0.48091127961370084
2023-11-22,17,170,0.8326395024638357
2023-08-22,4,111,0.2586651459474285
2023-09-20,14,28,0.8459366872124295
2023-12-04,24,46,0.9895151558774987
2023-03-14,13,156,0.43916190671553623
2023-09-25,21,23,0.04430034227878876
2023-01-13,11,145,0.6020049690660069
2023-08-15,20,56,0.2630377488529425
2023-05-19,8,174,0.28485286623809447
2023-11-29,25,136,0.6712557263412128
2023-05-11,17,152,0.7755155276971105
2023-12-12,9,192,0.7632733724603117
2023-12-14,12,189,0.5970793875851883
2023-04-26,12,155,0.0337939336524411
2023-03-22,3,67,0.33904079644247265
2023-05-07,2,29,0.14753936578471838
2023-12-05,12,180,0.6795901848453842
2023-05-25,20,90,0.6725875757143532
2023-10-26,18,28,0.89794693622046
2023-09-05,9,59,0.8645963804602997
2023-09-20,6,143,0.5059817662744971
2023-10-28,5,64,0.7038991037418858
2023-11-27,19,101,0.8398393330208158
2023-04-08,18,88,0.7544133752930716
2023-12-16,2,145,0.9711298913035519
2023-01-20,18,172,0.6402223108702036
2023-01-23,23,65,0.5729091358787539
2023-08-20,10,77,0.016384755856225786
2023-06-01,5,131,0.017033385758112307
2023-11-27,22,19,0.9547484913816514
2023-08-26,1,162,0.5695409851742429
2023-06-02,7,112,0.05673429450065948
2023-10-20,12,78,0.5279232080867553
2023-07-01,10,18,0.22582503657192388
2023-08-16,12,114,0.2623945289323094
2023-10-30,10,100,0.5604905125003251
2023-07-11,17,93,0.5828158850023373
2023-07-01,8,167,0.01814813016175454
2023-11-20,7,134,0.9492767913331365
2023-11-18,18,23,0.7352341565206619
2023-10-28,7,183,0.09576875773929028
2023-09-23,19,91,0.6526902692365772
2023-09-10,23,6,0.8428458279688067
2023-09-18,17,95,0.627593483159058
2023-10-14,11,178,0.02426941405960026
2023-06-17,9,180,0.8544611191878431
2023-11-25,13,187,0.2979485624868232
2023-05-21,6,114,0.7491078985050037
2023-01-11,7,61,0.6393137823203393
2023-06-25,4,97,0.08900220486165222
2023-12-23,3,89,0.3027093468928662
2023-08-05,9,193,0.5052317555186824
2023-01-06,21,152,0.7946686477436723
2023-01-15,23,97,0.4812445325614998
2023-04-30,14,110,0.10042840725879865
2023-06-03,6,68,0.16909978707979567
2023-05-17,6,187,0.5251983466853694
2023-11-20,1,183,0.7681138194803593
2023-08-01,15,46,0.13233755644119394
2023-06-01,17,135,0.7563359121039456
2023-03-06,25,24,0.46128138722827694
2023-05-29,10,67,0.13122437287559896
2023-10-01,8,100,0.9618150677365421
2023-01-27,16,90,0.7609892772301325
2023-04-12,20,175,0.8971559667545764
2023-06-20,24,37,0.6113357450910587
2023-06-11,21,72,0.16290507270407684
2023-05-07,9,126,0.3648269594194268
2023-01-16,10,130,0.8263188725359955
2023-09-04,15,80,0.6371530366030149
2023-03-18,17,163,0.888164820205141
2023-08-23,9,15,0.5927541642907421
2023-04-20,18,197,0.0753557054579711
2023-10-03,19,171,0.13619171194589252
2023-01-14,14,115,0.24084593640662488
2023-07-27,23,123,0.06639223572709119
2023-07-14,8,16,0.7156419051771087
2023-02-24,3,44,0.5363345137522236
2023-08-23,23,2,0.306122763745429
2023-07-18,11,96,0.8855471638480699
2023-08-28,20,79,0.564019453407549
2023-11-28,23,160,0.8783474531393518
2023-12-29,3,51,0.961027151818516
2023-09-23,7,132,0.0457344067658072
2023-03-29,13,40,0.11904530227895527
2023-02-28,12,189,0.15419426485388577
2023-03-02,13,145,0.27901006585095545
2023-01-29,22,150,0.35933561412857506
2023-02-03,9,149,0.8668175309102745
2023-05-13,10,52,0.4094563742392181
2023-08-30,18,101,0.8974733444551368
2023-04-05,17,94,0.44437872714171656
2023-02-25,14,35,0.3137472043131415
2023-06-02,19,22,0.048266278390717066
2023-05-05,2,35,0.0645939887978969
2023-12-17,17,63,0.6681476461829933
2023-09-20,14,86,0.6249857495857727
2023-01-22,15,80,0.5820338018382257
2023-12-02,19,162,0.48364019751183684
2023-03-17,10,50,0.4129449130618327
2023-03-12,1,166,0.34196248548087804
2023-03-27,14,154,0.7398338194207869
2023-01-19,3,35,0.916040355850612
2023-06-02,25,180,0.7762580152392118
2023-06-29,1,5,0.7278565639324196
2023-10-13,15,44,0.615975574416581
2023-07-07,19,47,0.25167557717854083
2023-04-16,2,4,0.11834485267713313
2023-08-22,25,77,0.18778602228691987
2023-06-30,3,187,0.4770511028426564
2023-03-02,18,148,0.3139704642652146
2023-09-23,24,51,0.17929807267448006
2023-07-24,1,22,0.036840213579506176
2023-09-01,20,135,0.8386072973554712
2023-09-06,1,148,0.3062776957213522
2023-01-25,6,102,0.4843836702761868
2023-01-26,17,17,0.23033375582315996
2023-01-29,2,117,0.5756043144282291
2023-08-16,22,21,0.142679971476819
2023-01-21,20,52,0.7044582057268393
2023-04-04,9,121,0.20272688595543398
2023-02-02,24,116,0.07222270302695677
2023-12-07,12,109,0.1287991216079034
2023-08-29,19,76,0.7436158518136078
2023-12-25,14,122,0.0965858128891548
2023-02-10,13,195,0.578126817532098
2023-01-14,5,152,0.7014028332845537
2023-05-04,18,51,0.5565098676061779
2023-07-09,6,66,0.39951126209574717
2023-02-03,25,18,0.8373463550498786
2023-02-07,12,186,0.09193203687140838
2023-02-27,12,134,0.19719782509869954
2023-11-23,24,69,0.4238782254712107
2023-08-13,10,175,0.6709694277517081
2023-08-11,11,183,0.22226657575435238
2023-04-09,16,20,0.12637939326920045
2023-06-13,3,38,0.9669886357403707
2023-09-04,25,36,0.0026077141214021493
2023-01-21,20,57,0.02949737431406485
2023-11-01,17,174,0.08658912821845965
2023-06-13,16,21,0.31310856363694006
2023-10-18,25,120,0.08830280783826372
2023-06-17,4,150,0.5175888405477755
2023-12-23,13,140,0.4339118735555033
2023-11-11,23,135,0.5719720914741623
2023-11-22,19,22,0.6388972548892347
2023-05-04,12,118,0.9081012344235377
2023-12-11,6,69,0.6643298788843521
2023-09-11,18,146,0.5521858828499895
2023-02-26,24,142,0.14704495414982233
2023-03-28,1,35,0.10482061861987724
2023-02-07,1,47,0.6689960895001591
2023-09-09,22,124,0.1944696286575891
2023-01-17,2,112,0.3724729629273742
2023-12-13,22,87,0.18566172987273055
2023-11-21,24,104,0.8893967821734358
2023-12-31,5,69,0.010713888374716762
2023-10-02,10,112,0.6351239834316619
2023-02-17,21,90,0.8312269270321339
2023-08-02,1,111,0.09539286518002921
2023-07-01,15,162,0.9520048185522852
2023-12-18,20,149,0.19327636684980598
2023-08-16,12,51,0.6778140800923541
2023-03-09,5,1,0.7191872263468291
2023-05-29,16,45,0.6617125649580815
2023-03-25,19,109,0.5191766561287479
2023-09-21,11,125,0.31564716523470626
2023-05-09,14,84,0.21483452237241674
2023-02-14,24,170,0.34450880289927155
2023-12-20,15,5,0.33592021772523273
2023-12-02,19,69,0.8408579280409952
2023-11-18,13,35,0.976705962575221
2023-12-28,20,169,0.3833820904309041
2023-06-07,11,46,0.6559944322306988
2023-05-08,11,101,0.04509790778647382
2023-11-13,1,81,0.30658059834919726
2023-08-15,23,46,0.9206515798617168
2023-07-29,14,144,0.8176165020474101
2023-11-18,14,150,0.07219642094151235
2023-01-06,18,136,0.1985008174998829
2023-10-20,25,33,0.542396260547814
2023-04-05,21,16,0.27040291069011335
2023-07-14,22,140,0.6064780936670595
2023-09-22,17,66,0.8806851900115809
2023-12-31,9,182,0.7004056537717
2023-10-18,15,167,0.22718949002338518
2023-11-02,16,156,0.5853471116862258
2023-02-27,23,66,0.8732797354255153
2023-01-14,3,5,0.8786881229626926
2023-07-01,4,15,0.30015909062010404
2023-02-13,19,84,0.7123242479815195
2023-05-28,16,173,0.9477625471544586
2023-03-14,18,47,0.007415064780571967
2023-05-06,17,190,0.040459654614142915
2023-12-23,11,100,0.6600927783294869
2023-02-25,18,177,0.9935444077514953
2023-12-10,25,190,0.5586069992476773
2023-07-29,15,31,0.6120778662644156
2023-09-12,21,186,0.4822183124655044
2023-06-24,3,104,0.02798947912152805
2023-04-19,2,137,0.050964943682881736
2023-03-13,15,136,0.7648588720050402
2023-08-25,9,158,0.47842774918563635
2023-06-24,11,5,0.02426541912213087
2023-12-06,22,119,0.6986900403096034
2023-06-24,16,19,0.8623904611411667
2023-11-04,8,131,0.4650477892495166
2023-04-28,2,188,0.8670419375511196
2023-12-28,5,166,0.45488463773953514
2023-01-11,21,67,0.9861281808901655
2023-06-16,17,196,0.8442881029714383
2023-10-17,10,87,0.7395413797461958
2023-02-28,7,96,0.8281292876392946
2023-05-09,11,110,0.6537768521588347
2023-01-28,24,20,0.8611217715492212
2023-06-21,11,45,0.4135573057608354
2023-08-26,18,151,0.5346232976051869
2023-09-24,6,105,0.7083498387542058
2023-12-05,21,117,0.8619718418343673
2023-03-03,22,49,0.9875977466190565
2023-12-26,22,22,0.2101630256531336
2023-02-15,1,47,0.9107621867033125
2023-07-06,9,25,0.6963580351082268
2023-07-12,5,86,0.9285749335521383
2023-03-04,25,171,0.6660685587295712
2023-04-18,11,70,0.9202284588880412
2023-09-06,3,12,0.8346408907900519
2023-01-15,5,172,0.6622364333554627
2023-01-15,16,134,0.731165795439515
2023-06-28,21,5,0.8449591479085709
2023-03-21,17,34,0.7803414652391429
2023-10-05,3,181,0.04347294000435031
2023-03-24,11,147,0.7148307914969577
2023-05-06,18,192,0.11529239237943778
2023-12-19,9,76,0.8667205815366495
2023-08-08,6,141,0.24266680494742943
2023-04-07,23,164,0.6377221900397244
2023-02-19,11,23,0.9788040796548102
2023-10-08,19,51,0.5404227870648852
2023-10-31,17,93,0.6122807834173857
2023-12-31,13,58,0.7342705763344438
2023-12-26,8,152,0.28390206858187306
2023-07-18,2,9,0.39880874699049407
2023-05-08,23,63,0.5563028255970102
2023-06-22,1,76,0.8376406010501669
2023-08-12,19,108,0.09060068423650514
2023-05-22,19,53,0.44645522904414514
2023-01-06,19,129,0.6551622666691639
2023-04-16,11,80,0.6115446864233267
2023-05-17,8,146,0.8544232019541984
2023-09-04,12,170,0.47719340522509024
2023-09-02,9,127,0.6196319147972331
2023-06-12,11,170,0.3201009385574153
2023-04-10,15,62,0.9605111778772326
2023-08-14,4,86,0.8935782604614336
2023-09-16,8,64,0.19860655530137494
2023-05-24,25,154,0.5896896176110776
2023-01-10,18,197,0.8938682026390544
2023-04-10,4,45,0.5651252859778546
2023-04-11,14,83,0.8898894930198847
2023-04-22,12,3,0.8882490804574975
2023-05-29,15,151,0.7814274069527014
2023-05-09,9,194,0.2006326465174617
2023-02-16,19,41,0.9555329886152696
2023-12-22,24,194,0.5186307653476444
2023-05-04,18,84,0.09154236694726747
2023-07-16,5,68,0.20039235617385343
2023-07-28,6,98,0.9577588386406052
2023-04-29,20,164,0.7645454464904909
2023-06-30,1,156,0.028188306123125617
2023-01-09,5,161,0.759869237330388
2023-11-08,23,137,0.20129478516463006
2023-11-09,9,197,0.48355294580422803
2023-03-03,2,170,0.306844748733222
2023-03-18,5,116,0.8702105495595784
2023-09-07,16,151,0.25825447093257736
2023-12-14,13,150,0.9702517854862678
2023-11-16,11,70,0.7182519462708526
2023-06-01,4,14,0.9307911560041208
2023-11-06,12,196,0.586362759514803
2023-02-16,15,170,0.2512757226600928
2023-05-14,18,57,0.8561759817417937
2023-07-21,8,100,0.403348071247593
2023-03-29,25,36,0.13892846787289825
2023-06-01,22,184,0.09742498331234972
2023-08-20,18,34,0.3415097981048376
2023-05-03,2,197,0.1133307788190403
2023-12-20,3,131,0.819527682303036
2023-11-02,4,161,0.9872798517886798
2023-09-13,20,136,0.7478907305608424
2023-07-07,24,194,0.9075712933634668
2023-01-11,11,188,0.40638204800914823
2023-07-04,19,98,0.1254869935291274
2023-07-24,17,109,0.36803026537021355
2023-01-14,14,173,0.2579822300164747
2023-04-06,3,172,0.5817436756086912
2023-05-06,5,136,0.011764528239571415
2023-05-04,11,96,0.09221412926808592
2023-11-05,5,94,0.6334807033639063
2023-06-16,22,114,0.006982642622804014
2023-09-12,2,104,0.8327063241806602
2023-12-23,21,32,0.8106065901435123
2023-01-30,20,165,0.503269756535224
2023-06-17,3,35,0.095504356415546
2023-07-18,20,74,0.023966861955236007
2023-08-03,24,6,0.4501151263070421
2023-12-18,10,3,0.6681721319499462
2023-08-14,9,153,0.978811509088567
2023-10-09,8,114,0.3209698060561065
2023-08-14,2,152,0.4519575602059023
2023-03-09,18,169,0.6555154599784083
2023-01-19,3,16,0.49713870487656087
2023-01-23,15,36,0.2876470289532118
2023-10-18,17,59,0.9352419929896885
2023-07-19,3,57,0.21229163795014416
2023-10-13,18,156,0.018599791041955527
2023-10-06,17,127,0.5963000250474035
2023-06-30,16,194,0.7451718232656933
2023-10-31,5,27,0.3086427193423764
2023-03-30,8,143,0.1685965563437537
2023-07-12,3,157,0.7085906090212493
2023-07-07,7,91,0.315795971696886
2023-01-27,20,133,0.902882317220258
2023-09-04,7,80,0.2889039888016487
2023-10-09,9,62,0.010776553657719234
2023-05-19,14,5,0.38932300295509625
2023-12-29,6,147,0.1563232073332821
2023-01-06,21,168,0.3199632601389951
2023-07-07,25,27,0.1111824977341026
2023-01-07,16,68,0.24817077014310962
2023-04-17,4,96,0.7974861702642784
2023-01-24,8,155,0.8793089915976366
2023-01-25,13,17,0.703047964181143
2023-10-29,11,123,0.7437652481612494
2023-01-20,25,63,0.3227642905521879
2023-12-23,8,77,0.28497215644928775
2023-04-11,3,186,0.7891262136746141
2023-04-24,6,85,0.8099480645814333
2023-02-23,17,150,0.22386931847856284
2023-05-11,10,12,0.06590730818417212
2023-09-06,25,87,0.8608166856372947
2023-08-21,24,101,0.17892269066327549
2023-02-22,21,75,0.12898302754352398
2023-05-03,17,2,0.4340929880333665
2023-06-03,19,21,0.02946466150018534
2023-01-19,14,76,0.1468240662557675
2023-05-29,15,20,0.13326239861059141
2023-10-27,13,134,0.006031158680934179
2023-03-16,20,61,0.25159391152600674
2023-02-27,13,148,0.007979002597780505
2023-08-11,12,83,0.6994863555980056
2023-05-19,23,151,0.14205868383936815
2023-07-21,18,193,0.43185755028500483
2023-05-08,25,60,0.2598123275965899
2023-10-18,9,147,0.8210471096849021
2023-06-06,18,165,0.5420369583308632
2023-01-28,5,123,0.8971174953710737
2023-12-19,7,157,0.08974431247267456
2023-08-19,13,128,0.1947563455398189
2023-06-14,14,128,0.4680660246207746
2023-04-17,23,116,0.07423076973749165
2023-04-13,21,16,0.913345025368997
2023-03-11,25,139,0.5796150477451663
2023-02-07,21,113,0.4451901729217175
2023-09-17,20,142,0.229837192032594
2023-03-09,2,191,0.4670361688789083
2023-11-07,4,186,0.0025443239741953505
2023-02-11,9,56,0.3117761245553582
2023-08-19,15,50,0.1837841390534335
2023-12-26,13,102,0.23062202113316144
2023-05-14,14,167,0.032220557881496026
2023-08-04,23,104,0.5032127569768663
2023-12-03,3,189,0.01769601601976467
2023-04-10,16,158,0.11846851189132279
2023-06-29,17,166,0.9503047430806391
2023-09-29,3,88,0.21188311987126773
2023-10-20,15,29,0.7018964703453554
2023-01-16,6,139,0.868260047191534
2023-11-11,17,86,0.635682674143902
2023-07-19,8,140,0.23965100009944285
2023-12-12,21,59,0.510396764957308
2023-04-15,18,152,0.04755289465614276
2023-01-30,16,62,0.20487173556686744
2023-10-17,11,148,0.5450423407633369
2023-11-24,25,165,0.6511496661112037
2023-11-25,9,43,0.6035231892688322
2023-12-31,13,71,0.41996007382249556
2023-01-16,20,69,0.7807945087262604
2023-03-28,18,9,0.37935964103348296
2023-05-22,5,49,0.8234690301405012
2023-01-02,24,83,0.9861125541036545
2023-05-21,21,184,0.8704629355641252
2023-12-23,14,157,0.11969402822610276
2023-04-13,14,107,0.4881771402176758
2023-05-26,16,42,0.8794048049980004
2023-02-02,23,165,0.4062204676915401
2023-08-31,1,46,0.7236608492414912
2023-08-12,5,120,0.42109805806093314
2023-09-01,7,145,0.4190040439035445
2023-04-07,2,67,0.29698123268334564
2023-09-15,12,189,0.5115122682591032
2023-02-08,24,58,0.9880689059551097
2023-11-21,5,171,0.91141309998411
2023-11-18,7,16,0.10434628990955219
2023-05-29,25,106,0.696735537269546
2023-05-08,15,8,0.8472287602280729
2023-03-13,12,107,0.23692174269585398
2023-03-08,24,177,0.68132644730738
2023-10-21,15,120,0.6799821040937747
2023-10-21,4,44,0.7726811087455743
2023-07-09,16,107,0.16163809615431723
2023-01-10,21,46,0.8702327902180824
2023-07-08,18,196,0.8087639537160842
2023-02-09,22,58,0.09949303532013987
2023-11-27,14,94,0.6101484880074288
2023-01-14,7,88,0.16944388408942512
2023-07-23,16,100,0.16968159855655807
2023-06-11,11,58,0.07279472372578588
2023-04-13,22,198,0.9327977416987288
2023-12-25,17,8,0.1153681682121952
2023-12-14,14,3,0.15542963317979364
2023-04-27,2,195,0.05453397674195548
2023-01-22,19,168,0.7935320813786837
2023-09-13,16,145,0.1966122524513605
2023-07-31,18,194,0.9478657044504706
2023-06-15,15,102,0.24598720584278133
2023-10-15,5,177,0.4743367012218097
2023-05-27,11,31,0.8601263483153009
2023-07-18,22,108,0.4498644274525736
2023-10-23,7,197,0.8764989055962374
2023-07-11,14,84,0.10860081122975773
2023-06-25,14,117,0.7245067887304222
2023-10-27,4,103,0.09989195435197318
2023-04-21,17,96,0.9976227786556275
2023-06-02,12,37,0.4639911362983199
2023-06-25,19,99,0.8425386220352309
2023-04-10,22,100,0.23844004160250487
2023-09-14,6,63,0.5388830499091226
2023-05-01,24,100,0.1349026140285694
2023-09-23,19,37,0.3017644695540401
2023-09-19,9,92,0.3674933941011599
2023-11-05,16,120,0.44843263706206427
2023-05-26,10,79,0.2784292664307637
2023-06-18,12,56,0.5686272205819034
2023-11-21,11,72,0.757655362641081
2023-12-08,24,110,0.7040505285787182
2023-04-30,19,144,0.09951197306058512
2023-08-16,24,66,0.3789610397565295
2023-03-19,10,190,0.45317820392134045
2023-09-06,16,59,0.9644373357444386
2023-01-31,5,33,0.9302194273675601
2023-01-10,12,144,0.07890608313419412
2023-04-30,22,91,0.15834437848980465
2023-08-04,6,142,0.2515390720248162
2023-11-25,4,128,0.34750960900014505
2023-09-01,3,77,0.5500019948447055
2023-09-26,16,57,0.5577996813121222
2023-02-13,18,148,0.14979164348991914
2023-10-03,6,123,0.7233566318517676
2023-09-16,4,154,0.573090998932416
2023-05-07,14,171,0.1448210956396293
2023-01-04,25,132,0.31262838311881413
2023-03-04,14,132,0.9517560136153913
2023-09-20,5,32,0.08422775014072947
2023-03-24,12,21,0.23106883524700395
2023-07-31,9,77,0.4349572945138489
2023-11-29,8,196,0.9199305911005898
2023-12-01,12,172,0.6648081230815148
2023-08-09,24,28,0.6763755536587128
2023-04-18,18,81,0.11048031720395357
2023-07-12,15,62,0.7647336205207742
2023-03-07,1,151,0.6049796963801417
2023-07-22,18,36,0.9645137516888526
2023-06-23,4,38,0.6194686558887339
2023-05-18,1,42,0.002488327006728075
2023-12-19,9,36,0.13728332967303503
2023-04-14,2,88,0.9565321392157142
2023-06-28,15,182,0.22260617836075935
2023-11-30,3,95,0.6305378213230333
2023-09-19,3,36,0.3799271339049006
2023-07-16,13,8,0.6868696067995932
2023-03-07,7,87,0.8062438060674523
2023-03-05,14,33,0.7424310398639037
2023-01-21,12,113,0.6977116933128358
2023-07-26,2,15,0.10550525728779458
2023-04-19,1,173,0.5376975278586269
2023-08-16,9,140,0.05766464214555189
2023-10-23,15,151,0.10106883973182523
2023-04-17,20,125,0.5508901547575187
2023-08-16,3,180,0.29386004633307317
2023-02-11,7,181,0.9365671426635058
2023-01-15,2,32,0.029927247580035177
2023-06-16,24,104,0.7277698088741891
2023-12-13,1,127,0.7065743005114135
2023-05-07,25,99,0.18369411031285354
2023-01-23,14,56,0.05017711307281736
2023-08-17,10,196,0.3421207004107407
2023-11-25,14,159,0.5134929207820959
2023-11-28,3,54,0.9241265991834765
2023-01-22,13,6,0.39080808695421465
2023-11-24,8,120,0.06514947224554901
2023-01-19,17,39,0.39791282792554716
2023-11-12,6,31,0.26575038830599584
2023-08-12,3,55,0.37888900184567154
2023-12-24,19,41,0.25773134688453625
2023-09-08,5,46,0.5677117694545144
2023-03-10,17,135,0.21602527375519165
2023-03-18,11,182,0.7213303878864651
2023-07-20,18,61,0.3525422465904534
2023-12-24,24,48,0.729875221078977
2023-08-11,3,11,0.4795123603339444
2023-03-21,2,44,0.6322501711602172
2023-08-10,9,175,0.522189338978726
2023-07-04,12,94,0.4138465989765602
2023-11-18,13,198,0.32509537508526665
2023-09-08,25,76,0.22054352877440553
2023-05-13,2,157,0.40922940576142164
2023-11-17,17,2,0.2708805056736109
2023-02-24,14,142,0.8351171624077309
2023-04-18,3,82,0.9027137170964622
2023-03-20,15,143,0.023421068774941878
2023-01-06,5,54,0.7345633329310157
2023-10-18,19,62,0.472643572998115
2023-08-08,6,156,0.027871381450023325
2023-06-05,2,58,0.9450674567315621
2023-12-03,9,32,0.8519747984845402
2023-08-09,23,62,0.03546022117188019
2023-02-28,5,80,0.9384635860166323
2023-11-28,17,59,0.42653051664942665
2023-07-02,18,54,0.44283457945454396
2023-11-19,23,63,0.28083187131138687
2023-07-04,19,119,0.18258590399488306
2023-10-20,3,125,0.20078141142725714
2023-01-27,20,38,0.5872788622198223
2023-03-15,15,68,0.9611997669486683
2023-12-05,3,180,0.7421029889842992
2023-08-15,8,99,0.834048369077351
2023-07-27,13,15,0.7317313986447324
2023-03-04,18,5,0.953424252833799
2023-03-08,20,142,0.460359342759491
2023-07-21,23,185,0.305265651036559
2023-10-20,2,199,0.42796445282662987
2023-07-04,20,76,0.7042855273519197
2023-09-11,25,34,0.006574472127525377
2023-08-16,4,99,0.7985692275356401
2023-11-26,14,162,0.8500319632702803
2023-02-19,13,24,0.6667343552709639
2023-10-22,9,148,0.8983421237672057
2023-05-05,25,164,0.17707113534429142
2023-11-07,22,175,0.09409726018117137
2023-10-18,1,195,0.28390912848559147
2023-02-12,13,183,0.07671526302950338
2023-06-21,9,92,0.09791718271917593
2023-05-06,12,84,0.6105414645481609
2023-08-21,13,146,0.9372112592623013
2023-11-01,11,113,0.8693741715164868
2023-03-03,17,154,0.8555878662772878
2023-02-21,5,103,0.1561697860347071
2023-05-16,6,101,0.47469178045454774
2023-12-28,6,62,0.7349392593236721
2023-12-10,25,44,0.6637383150613079
2023-06-25,1,128,0.09328659014194729
2023-11-04,13,44,0.09982601358432042
2023-03-01,13,169,0.06718322617019312
2023-02-07,3,108,0.4953736017482633
2023-05-07,1,141,0.3745567318943036
2023-07-16,1,83,0.6424139187247018
2023-05-29,22,78,0.18751991468988727
2023-11-03,22,179,0.8784555809315484
2023-08-21,5,61,0.27895579065535814
2023-12-03,12,189,0.09422764355855529
2023-04-28,3,71,0.3861261082156493
2023-06-20,7,153,0.5831444841415006
2023-10-03,13,187,0.5712355255425569
2023-03-29,19,144,0.3833492828909295
2023-03-25,1,55,0.7611131659707051
2023-07-29,1,47,0.3164105891065905
2023-03-14,3,120,0.46868770973883433
2023-01-06,12,39,0.6053446799269384
2023-04-01,6,131,0.4534876064766358
2023-07-25,18,144,0.9418145542451063
2023-04-12,13,101,0.45939905351183086
2023-04-13,15,55,0.8023129597977797
2023-01-20,18,74,0.08980454858905063
2023-04-03,17,36,0.15967526825294842
2023-12-07,10,73,0.7544221058748071
2023-12-23,17,105,0.5202798855025962
2023-10-31,15,200,0.6896189917022598
2023-08-23,7,57,0.07299185706963385
2023-01-14,9,182,0.3462993432557253
2023-12-26,13,173,0.8306301418521986
2023-08-25,17,160,0.48600414431390415
2023-06-20,6,106,0.951658631520361
2023-06-22,7,173,0.8414724817489114
2023-02-15,14,14,0.7932613675658794
2023-01-09,21,178,0.06605444254003412
2023-12-16,13,40,0.2792815059046252
2023-06-11,19,123,0.48087825494341574
2023-01-30,25,162,0.8174508822008685
2023-06-24,14,73,0.43852439439161184
2023-07-05,12,139,0.276119585919109
2023-12-07,13,181,0.8748144922904215
2023-05-22,6,25,0.9103177013401502
2023-12-06,15,144,0.195849097777251
2023-03-23,3,171,0.9973371939643021
2023-01-19,7,130,0.9979182927524933
2023-01-21,22,111,0.6094573539816657
2023-11-10,5,23,0.9077193863097511
2023-10-01,14,34,0.0964645751073896
2023-01-15,15,17,0.3848909131119249
2023-07-15,14,135,0.19903560021249
2023-11-02,7,149,0.33211620084936755
2023-10-06,25,56,0.9627196068518282
2023-02-02,13,25,0.12727351896661132
2023-08-10,9,103,0.7529719844407593
2023-12-03,24,106,0.493246435314032
2023-12-29,23,18,0.13338020894373948
2023-06-12,24,33,0.3019431649698977
2023-12-25,16,103,0.1935156243261198
2023-05-03,5,126,0.057375891492762565
2023-07-26,14,9,0.8575093855012904
2023-05-27,5,194,0.7972403657019432
2023-08-15,18,120,0.3205275747849454
2023-02-02,10,76,0.2678958414189804
2023-04-15,22,34,0.4351905542255585
2023-09-23,24,140,0.6201809225381965
2023-07-30,7,141,0.0220797280379762
2023-07-18,4,86,0.9877867989546347
2023-04-01,20,114,0.11262117612124689
2023-09-07,15,181,0.39220096394453785
2023-07-30,3,40,0.725078792409044
2023-12-21,7,159,0.8664246033324338
2023-08-08,17,17,0.10546576996951162
2023-06-10,19,133,0.27874245396248387
2023-04-20,22,92,0.05667808586297374
2023-10-31,11,106,0.94446253420232
2023-06-18,7,194,0.2646824802567235
2023-04-26,8,127,0.16568830204252483
2023-05-09,1,67,0.11159510172027698
2023-12-23,5,28,0.5627332464298892
2023-02-20,13,164,0.2792064864040289
2023-05-10,17,85,0.48979787595751667
2023-08-16,22,127,0.9036462493676982
2023-06-08,12,12,0.20919434506908785
2023-08-02,13,11,0.4520610197141489
2023-03-29,22,61,0.055665699638070554
2023-11-28,4,33,0.4223685835421207
2023-10-23,6,121,0.4732368058112071
2023-10-19,15,192,0.23541371634802088
2023-03-23,22,181,0.46577255643310456
2023-07-09,14,176,0.5238671016820216
2023-08-27,16,169,0.9808745267261494
2023-10-26,15,11,0.36670869269841233
2023-04-29,11,14,0.3730612552798672
2023-04-01,2,169,0.8105455344236236
2023-08-09,2,185,0.8596358351534127
2023-08-30,2,151,0.2833698630311372
2023-07-25,23,187,0.5188939826496631
2023-01-01,22,155,0.947872329416534
2023-10-05,21,27,0.8252982615191135
2023-08-05,11,155,0.31224139615309787
2023-03-28,25,47,0.9155672328694475
2023-05-29,12,108,0.5816169604962852
2023-07-25,21,76,0.0028035095114499198
2023-04-20,25,194,0.41328698344280956
2023-09-04,9,85,0.5796238579722484
2023-07-19,2,177,0.5698918378318863
2023-03-26,3,3,0.004427079934960054
2023-10-07,12,91,0.11178623963187084
2023-06-09,7,105,0.8646138548813678
2023-10-31,17,151,0.7690619111389599
2023-10-11,7,190,0.7434185541478033
2023-01-18,11,112,0.9394242178831742
2023-05-06,24,12,0.4363115574529469
2023-06-14,7,139,0.6427697288188456
2023-05-17,21,156,0.1451293901829267
2023-12-13,12,136,0.134742919627599
2023-12-06,21,186,0.12834264990858402
2023-03-15,7,179,0.9872285555181295
2023-07-12,15,24,0.7434077009036547
2023-11-15,15,154,0.6179460410170161
2023-02-28,1,130,0.007763056471816965
2023-09-02,6,104,0.5110845250061895
2023-08-06,20,111,0.03463281275768293
2023-10-08,4,65,0.9430419120347147
2023-11-05,7,169,0.9984871379923794
2023-12-16,10,150,0.7475897149003031
2023-07-28,24,146,0.5529938071677593
2023-01-18,24,19,0.9340368407364166
2023-09-20,7,20,0.6738946207435896
2023-02-13,7,85,0.8371403241259641
2023-02-22,8,155,0.863403517414846
2023-02-23,19,186,0.2822685869194713
2023-05-05,24,71,0.560969886658753
2023-04-27,3,144,0.2401370879021666
2023-01-21,22,194,0.8314909209683706
2023-11-26,24,144,0.6180390680009781
2023-12-10,23,115,0.33626007774964684
2023-10-24,2,89,0.5360932987570872
2023-04-28,25,73,0.409315337293498
2023-09-24,25,88,0.6978223638469465
2023-08-22,20,198,0.8494512034586195
2023-08-27,4,142,0.12268223256775901
2023-10-17,8,109,0.6632868586137283
2023-09-05,6,159,0.07369915455075182
2023-04-16,15,57,0.5436024423588935
2023-03-06,6,87,0.011255293373448882
2023-09-03,25,73,0.10139830131893346
2023-03-20,21,149,0.1900453619496092
2023-09-14,23,2,0.14479918023705984
2023-02-12,22,19,0.23491403407033584
2023-07-23,24,1,0.1157662420514709
2023-12-01,23,7,0.3020967085240106
2023-08-11,2,41,0.834057144916213
2023-11-23,12,196,0.7098638686824205
2023-11-06,24,46,0.44363372008889845
2023-08-24,24,102,0.03987761867899131
2023-08-06,17,36,0.06111399412885565
2023-03-11,22,170,0.7699510043314156
2023-03-06,19,179,0.678712534146866
2023-04-01,12,71,0.2018109571357254
2023-03-11,9,8,0.44143992287173184
2023-06-11,22,24,0.2891161034781279
2023-03-15,1,56,0.25141684059662606
2023-12-08,4,34,0.7406032821585632
2023-01-19,5,182,0.20239366950159576
2023-10-04,18,17,0.9541925534380551
2023-07-24,25,22,0.22862416015195264
2023-01-21,2,92,0.8732462802330753
2023-08-31,25,108,0.9430956223022904
2023-10-23,10,99,0.2858266209324454
2023-05-08,21,38,0.6609753121508146
2023-09-08,3,73,0.17760004214945735
2023-08-19,1,44,0.040316668734050265
2023-03-18,25,31,0.7553947560816937
2023-10-18,1,19,0.33381240874892426
2023-03-11,21,7,0.6919896605324876
2023-09-13,6,175,0.2812741932964308
2023-09-06,24,144,0.4425910367262661
2023-10-25,12,96,0.4268610002673313
2023-05-04,1,111,0.22453273431787735
2023-12-28,18,62,0.2400526880831434
2023-07-26,24,12,0.6232489487639248
2023-12-20,11,150,0.44929383242830545
2023-04-07,5,35,0.8776856059477878
2023-10-12,8,63,0.38033867209776273
2023-11-08,15,131,0.33999854205805435
2023-09-21,20,185,0.2892589018839289
2023-07-27,9,6,0.19716146595467343
2023-09-29,25,105,0.24960985088765641
2023-07-15,11,115,0.28805938632941797
2023-05-07,15,84,0.31779164278487104
2023-10-19,15,23,0.5422710726648099
2023-11-05,18,106,0.19927766754772913
2023-05-10,5,43,0.09649570461569124
2023-04-17,13,199,0.1081243293721269
2023-02-21,7,109,0.04292661279869758
2023-08-16,22,83,0.5610767241316991
2023-12-21,5,70,0.3240187135582471
2023-06-28,14,75,0.7417019678561648
2023-05-13,21,136,0.42690089673481024
2023-03-15,9,61,0.34881246512713115
2023-06-29,19,42,0.47061841656691783
2023-08-16,17,199,0.792465472571602
2023-01-11,15,34,0.006474212155857084
2023-01-26,4,65,0.6355320681904995
2023-05-26,21,132,0.5564441592171218
2023-02-14,17,180,0.4361692391305505
2023-04-05,18,182,0.4852285868255558
2023-10-31,2,53,0.07174589853739755
2023-05-09,7,113,0.5381210094104392
2023-06-11,6,159,0.5489202156456056
2023-06-09,12,180,0.7114192367346186
2023-01-04,1,2,0.31024939163821263
2023-09-24,25,67,0.04921086359157478
2023-08-10,1,159,0.8672986311197475
2023-03-27,18,70,0.15749455423037317
2023-06-22,6,109,0.1604068051262425
2023-03-26,14,128,0.7552691745916129
2023-03-04,4,32,0.7115651320336415
2023-09-04,11,45,0.6876598215688209
2023-07-19,23,186,0.8333366224361088
2023-05-08,16,146,0.7147890933690718
2023-02-17,25,134,0.46749661633933093
2023-05-03,17,49,0.8971705138964031
2023-01-12,10,190,0.5960739901466
2023-03-20,20,51,0.5645419907470267
2023-12-14,23,24,0.0929467490971636
2023-11-14,11,89,0.5949777838935837
2023-09-13,13,72,0.5150306644186796
2023-03-29,25,10,0.6663898389861339
2023-02-21,24,138,0.8025568405552673
2023-08-13,8,111,0.295441784748228
2023-03-10,13,44,0.4360930372238969
2023-11-16,13,163,0.435086069221054
2023-03-27,11,141,0.5798397547151368
2023-03-15,21,99,0.6689801086358204
2023-06-24,8,87,0.51283761248922
2023-01-20,21,144,0.45780135949909273
2023-02-28,25,149,0.7757697202804733
2023-12-16,14,36,0.7222730369725747
2023-04-30,8,144,0.4235979506176252
2023-06-10,2,48,0.9890692289139731
2023-08-16,3,74,0.7037733259807961
2023-09-01,8,43,0.08241109773428834
2023-07-04,4,191,0.12203124092735063
2023-12-03,13,62,0.453302700695433
2023-08-04,7,116,0.8567541314373972
2023-04-22,9,177,0.11602770397214124
2023-01-25,8,178,0.7049737464241079
2023-07-08,21,125,0.853723004992189
2023-02-07,22,111,0.12847609510647862
2023-11-20,14,121,0.4802665426939142
2023-10-17,8,185,0.5506051272976376
2023-06-24,7,167,0.21805731948721718
2023-10-20,4,27,0.5044836226509725
2023-09-03,22,106,0.9288420702180521
2023-09-04,17,195,0.9810576098450533
2023-10-22,12,118,0.6877304303301057
2023-03-28,6,184,0.48794530361110333
2023-12-15,11,195,0.504104554963934
2023-09-04,23,59,0.8142171310749429
2023-08-16,2,128,0.5664193677909606
2023-07-23,7,127,0.6769732127125433
2023-01-23,2,119,0.8606733280709633
2023-02-17,13,144,0.7068236770790949
2023-08-15,25,7,0.43392453648367524
2023-08-04,14,3,0.6459409279635873
2023-03-24,22,175,0.4955306337443911
2023-12-13,19,125,0.9058123678134412
2023-12-19,24,65,0.7971203297942029
2023-02-21,20,89,0.6075015780752853
2023-01-09,15,105,0.2551577239837707
2023-06-18,4,10,0.16185153475236436
2023-06-10,23,79,0.3834470737517943
2023-09-10,8,176,0.7716954396725738
2023-03-27,21,16,0.2783065115639548
2023-08-23,11,192,0.7739150008091642
2023-06-26,25,46,0.006166657501759709
2023-03-24,4,195,0.0963234975557885
2023-01-07,25,187,0.1776156757292291
2023-02-02,5,85,0.5695663984187074
2023-02-28,1,110,0.009882143945038835
2023-07-27,23,135,0.7368975460482984
2023-01-12,19,66,0.5020696214646693
2023-09-02,8,116,0.219453291072776
2023-11-16,25,160,0.34308163066423736
2023-07-22,22,115,0.1781742650284015
2023-01-30,21,34,0.5853871586847973
2023-09-21,11,74,0.056062239715126805
2023-08-24,13,35,0.7395652069963894
2023-02-18,15,65,0.992148909650126
2023-10-21,12,182,0.35754880340594286
2023-08-02,11,82,0.5040735197555631
2023-08-26,21,147,0.269660696147505
2023-10-30,14,176,0.8944257669269056
2023-08-08,23,174,0.9015426977869831
2023-09-21,16,79,0.600350000801915
2023-07-20,20,188,0.25995173744572764
2023-06-23,9,199,0.08092472574933074
2023-07-03,10,198,0.8863934583123028
2023-09-17,4,176,0.9107172443201532
2023-09-03,16,158,0.24055341076148595
2023-01-16,3,195,0.10599454514923823
2023-07-22,12,76,0.2746952642918875
2023-10-07,13,30,0.7541937058094611
2023-02-20,1,175,0.8976821787625846
2023-12-19,21,86,0.889565197598021
2023-05-28,12,138,0.26210498684780326
2023-08-11,25,78,0.0369194322219466
2023-05-04,1,76,0.8066917977455852
2023-05-02,14,182,0.37110309212515624
2023-04-19,13,7,0.8171454109690522
2023-07-11,11,107,0.04781901695761581
2023-01-16,16,105,0.8403239299789096
2023-04-17,1,79,0.10654529598719731
2023-10-22,22,103,0.49398481695763063
2023-12-31,10,180,0.08895754815647205
2023-12-27,6,78,0.7334433305054131
2023-05-03,16,121,0.8177392157115884
2023-06-02,1,59,0.267308834232021
2023-08-31,20,30,0.5865391629006488
2023-04-16,4,196,0.8532052156021037
2023-06-20,16,73,0.4755272458101828
2023-11-02,2,86,0.38617281444950446
2023-08-07,24,147,0.8866788862580666
2023-08-12,15,83,0.20010305354844637
2023-02-07,20,123,0.9494714670573711
2023-12-26,17,74,0.1060632204130404
2023-10-17,7,38,0.46020670460695434
2023-08-08,3,174,0.32835866455870855
2023-01-10,13,71,0.22123588186414556
2023-10-29,3,106,0.8955558255523199
2023-12-09,22,106,0.9526942239931074
2023-12-15,2,51,0.7900928886985311
2023-12-27,13,160,0.803255640735613
2023-12-20,18,26,0.8070500257453208
2023-01-18,12,184,0.9252769388244726
2023-09-11,10,145,0.14078391694828118
2023-04-27,8,95,0.6466872845280842
2023-09-28,18,10,0.8521634180491496
2023-06-30,23,163,0.7901814708343758
2023-03-19,22,45,0.10089191581049028
2023-11-30,7,98,0.6113638109045185
2023-02-19,18,96,0.16998790190507418
2023-02-22,21,16,0.6100914096348174
2023-05-17,14,65,0.5588571661095083
2023-10-03,1,60,0.8194407968636346
2023-08-25,10,119,0.22518302067306928
2023-02-12,10,59,0.7359764840708019
2023-09-27,18,50,0.8640392708812435
2023-10-29,17,11,0.139149322788778
2023-11-17,24,71,0.40832234304254367
2023-11-20,1,169,0.6116866384965739
2023-02-06,14,89,0.8008071965273842
2023-01-22,13,13,0.709799224172224
2023-05-07,7,100,0.9186185019634457
2023-01-09,21,126,0.9660432721408034
2023-07-15,4,165,0.13266981095554353
2023-02-05,25,192,0.8797288125981517
2023-12-02,22,9,0.3975801390343606
2023-06-18,12,172,0.6051522005957848
2023-09-22,14,122,0.6956847098869196
2023-10-15,24,132,0.7803422471061201
2023-02-08,24,52,0.37542127449998686
2023-11-13,3,112,0.2240497350030276
2023-02-28,11,145,0.14788178141473884
2023-02-08,10,128,0.055151251482018826
2023-07-21,14,181,0.5494581435040089
2023-01-18,11,151,0.24155887110200425
2023-04-05,10,81,0.5521310266381799
2023-07-16,19,53,0.33865705885043185
2023-06-25,15,34,0.6654396572263133
2023-10-04,11,165,0.7733745764778912
2023-06-27,7,93,0.8638116962697063
2023-11-29,15,189,0.7991319374142851
2023-11-11,4,112,0.7411489908125761
2023-09-07,3,189,0.24498587270544203
2023-10-12,20,19,0.1622152662945333
2023-06-18,10,183,0.35827105957220384
2023-11-22,10,26,0.2650159282025387
2023-08-22,4,2,0.6401202940204664
2023-04-03,23,100,0.7705737190698044
2023-07-11,12,27,0.402735646122682
2023-05-15,1,190,0.4594331146989473
2023-08-06,8,54,0.9700094022096607
2023-12-09,20,158,0.4002574211021255
2023-02-03,12,13,0.8288424208855183
2023-09-11,13,88,0.7733834282382446
2023-11-16,3,129,0.5608685581024349
2023-10-02,3,107,0.7557546641208557
2023-05-28,22,90,0.9270743820512847
2023-09-13,10,133,0.1529939576695064
2023-05-03,13,46,0.30696610284938586
2023-10-30,10,161,0.1614272699016175
2023-10-04,12,58,0.5374137247633943
2023-08-04,24,32,0.06576641315504461
2023-01-10,1,163,0.5571936471728887
2023-06-15,12,51,0.10737537551856158
2023-01-09,3,176,0.35290831229471487
2023-11-01,3,28,0.8485101189491047
2023-08-21,10,110,0.1084479684103613
2023-11-10,2,12,0.8737651586611443
2023-07-06,25,7,0.049119511951849715
2023-06-18,19,77,0.5477833981247806
2023-02-01,17,21,0.35031022175227267
2023-10-03,5,143,0.023482546359007594
2023-05-04,24,114,0.908564115456948
2023-06-23,9,27,0.15511090220601575
2023-10-08,23,77,0.26278839107400254
2023-02-19,25,76,0.5142383434241206
2023-08-28,19,185,0.5544219624662987
2023-08-01,12,8,0.4087272886644403
2023-06-24,10,73,0.6545776021718166
2023-11-22,2,102,0.24217968998124073
2023-07-13,18,158,0.1683419124823743
2023-10-31,25,22,0.32903271508088894
2023-05-18,25,185,0.11842016279668388
2023-07-13,22,10,0.3506077640925901
2023-01-10,5,54,0.05572448704874999
2023-12-02,6,58,0.5540188757536404
2023-01-05,15,114,0.16624627582619445
2023-12-17,3,68,0.1780669577760563
2023-09-01,5,195,0.7031396401265314
2023-02-25,6,71,0.46734896820972704
2023-01-05,19,37,0.9248411116624996
2023-11-17,11,192,0.7821772125745851
2023-11-28,25,192,0.4950307972874791
2023-02-18,20,185,0.9187517812283394
2023-03-04,19,87,0.5423539021965083
2023-04-24,5,200,0.6034997277047395
2023-10-24,14,2,0.5353910623623028
2023-05-21,20,137,0.9575952092641552
2023-10-16,19,52,0.6835661269131076
2023-02-16,15,28,0.8148474001413243
2023-03-26,3,151,0.2953242994986418
2023-04-16,2,131,0.4436888812030988
2023-11-28,20,53,0.1616192841202384
2023-08-17,25,162,0.5956916206877558
2023-09-16,1,114,0.683979240834303
2023-12-15,14,108,0.9686050345446189
2023-10-21,21,7,0.5139347217052805
2023-10-30,8,165,0.05407113150704024
2023-03-14,11,163,0.775889943652789
2023-09-13,19,183,0.835038681356813
2023-06-13,22,30,0.6328711508726665
2023-11-25,17,180,0.8273715376951857
2023-05-31,24,60,0.18675057055928257
2023-02-03,9,193,0.7634829384664383
2023-05-03,6,124,0.9109345379344806
2023-03-13,9,158,0.48825131796664023
2023-05-28,5,175,0.09620171159727808
2023-09-14,21,74,0.187684918704644
2023-05-17,10,65,0.5557997173585792
2023-07-25,12,182,0.1427367880842404
2023-02-24,17,135,0.6455228337980343
2023-10-17,1,5,0.7765971010739945
2023-05-02,17,39,0.8874690471459096
2023-08-11,2,81,0.6242456592465162
2023-03-06,20,25,0.9705216064870581
2023-03-19,3,48,0.9381325807024845
2023-03-25,22,138,0.9531669617200526
2023-09-10,25,183,0.8643169149251354
2023-07-22,25,84,0.897739501724722
2023-05-23,23,114,0.10990014405346493
2023-04-23,23,51,0.2289044879629285
2023-01-05,10,172,0.9922420002192791
2023-08-17,4,126,0.6300073540606264
2023-12-24,7,34,0.19143438966291426
2023-03-28,11,106,0.2862838162490313
2023-07-21,23,2,0.15463738845802644
2023-08-27,23,5,0.17557395433464273
2023-05-22,8,139,0.8805479650703746
2023-11-15,11,124,0.02564221811288314
2023-02-25,24,178,0.8379365832327135
2023-12-31,17,144,0.31598514788771126
2023-09-25,5,69,0.6488642979032333
2023-11-20,15,21,0.07275172020046572
2023-05-24,6,122,0.303725436806213
2023-06-15,5,167,0.8581050795619323
2023-04-10,6,65,0.5540788325275644
2023-11-25,19,131,0.5496878150718848
2023-03-25,20,137,0.26819624062878955
2023-08-27,13,75,0.9236190810882324
2023-03-25,16,43,0.01490156008783261
2023-06-13,6,188,0.18593715109176012
2023-05-14,6,130,0.44589859439473156
2023-09-06,1,70,0.010625026682435701
2023-10-03,7,90,0.02790756018968432
2023-12-18,12,70,0.09064020591104305
2023-03-26,11,105,0.07903964617080095
2023-04-23,8,130,0.7295880630431046
2023-09-24,24,167,0.6645426489018662
2023-05-14,16,63,0.7183551002055851
2023-08-02,17,21,0.5370781072964547
2023-03-06,18,140,0.9625069955052059
2023-07-23,21,78,0.3747322329744026
2023-07-23,22,53,0.6616446379083329
2023-02-21,16,28,0.8353121131896464
2023-12-02,2,108,0.6465097861033936
2023-08-11,20,125,0.867732430189734
2023-02-10,5,188,0.4738003847846243
2023-04-12,9,93,0.15855247314912424
2023-01-31,23,164,0.6672004443413633
2023-06-07,21,109,0.24755761368720286
2023-11-22,3,21,0.6163035732391933
2023-09-15,19,178,0.36296647607366095
2023-12-16,16,120,0.0574079902816681
2023-01-25,11,45,0.4717344504132662
2023-12-18,18,85,0.7400382393696071
2023-04-19,5,74,0.3552989637906089
2023-01-30,1,170,0.7470798835251172
2023-03-06,13,88,0.15335108329165648
2023-01-12,24,119,0.13109660187172678
2023-09-11,4,191,0.016286825538455285
2023-05-16,5,150,0.8425014454328081
2023-07-30,1,152,0.5482257666889414
2023-04-18,5,70,0.07045398723950458
2023-12-02,16,158,0.8664825125679858
2023-05-01,15,193,0.688917090275556
2023-01-17,16,144,0.7791944262129973
2023-06-29,12,127,0.3546040462832124
2023-10-04,6,164,0.5441338217817858
2023-06-06,1,33,0.01984962371222787
2023-08-01,24,95,0.3193877199026006
2023-09-28,18,198,0.150321383943265
2023-10-10,11,63,0.8178014556103128
2023-02-09,17,156,0.7228234263378982
2023-06-18,21,172,0.24927379085797408
2023-09-06,25,84,0.43471621003403926
2023-11-09,22,176,0.25599350434178203
2023-02-06,25,118,0.1243782845226381
2023-02-06,7,162,0.6217440833255995
2023-08-16,6,22,0.6430667580650596
2023-02-28,1,67,0.8221307802781475
2023-09-10,13,189,0.22455397745344163
2023-01-28,22,94,0.5850167004773386
2023-07-16,19,75,0.8323453778052723
2023-05-26,19,160,0.9826726005542412
2023-12-25,20,161,0.8461453812472198
2023-06-01,14,126,0.2915987553525172
2023-11-24,13,28,0.798332227908278
2023-02-06,4,60,0.5994190267586628
2023-06-15,13,38,0.728646990163848
2023-03-04,25,92,0.3738518688200724
2023-05-29,7,14,0.49266025344519004
2023-08-01,17,49,0.14131860329274315
2023-07-09,12,138,0.43400684129694855
2023-03-29,20,48,0.3000551570539187
2023-09-08,2,31,0.13356968174377715
2023-09-25,20,49,0.4610649991688913
2023-05-30,21,54,0.5014435564687935
2023-05-20,18,18,0.066750966121909
2023-12-22,7,166,0.0541038615804027
2023-01-30,17,6,0.971760445910013
2023-08-18,13,135,0.7568868729076388
2023-10-03,20,120,0.8267887058407637
2023-07-31,24,55,0.9332773356278571
2023-12-21,6,142,0.8187839678651672
2023-12-07,3,159,0.554617080235808
2023-03-07,19,171,0.3423380970723684
2023-03-23,14,138,0.11799650348803159
2023-12-19,23,71,0.2027912725141665
2023-05-30,24,156,0.03028948955616273
2023-06-15,23,195,0.023252840164023292
2023-10-13,22,64,0.09664096549580559
2023-09-01,12,146,0.8924786333596773
2023-01-20,1,13,0.2729098060181867
2023-06-10,19,135,0.22572097290104642
2023-10-26,21,58,0.8275175306087178
2023-06-10,16,55,0.3724623783645197
2023-10-05,17,188,0.6774746727869918
2023-11-28,7,63,0.5221058175097049
2023-04-01,5,118,0.1258450435713907
2023-02-26,7,72,0.7543690713895363
2023-10-19,17,28,0.5532251857572618
2023-09-30,7,139,0.19306159068442252
2023-11-27,11,192,0.3395626743092074
2023-04-21,3,170,0.21298918152537172
2023-07-05,6,92,0.3127306277266082
2023-05-31,7,140,0.6028019777115173
2023-03-16,23,91,0.14203755753689862
2023-02-28,7,194,0.3617602381197018
2023-09-09,13,154,0.8167797969624986
2023-03-20,1,143,0.1690733309976863
2023-05-05,23,126,0.817017529550577
2023-05-02,25,116,0.5912518385284268
2023-04-02,7,144,0.5301710219332416
2023-06-23,9,66,0.9641159847891556
2023-07-11,19,120,0.7305239758821499
2023-04-05,23,28,0.1395097703641922
2023-07-20,14,99,0.8799435961200868
2023-04-04,10,2,0.3077648762062525
2023-11-24,3,127,0.46285913281418045
2023-09-28,7,19,0.5794551129923978
2023-03-16,2,118,0.294265223988015
2023-03-25,21,74,0.9999020295650577
2023-06-15,9,9,0.6927021939456093
2023-12-25,8,36,0.19993141676077786
2023-01-23,18,51,0.7385526631499264
2023-12-25,1,50,0.2336530064778941
2023-03-12,7,10,0.8140714297204782
2023-07-18,18,84,0.6036299926687518
2023-10-30,3,74,0.1421951873753945
2023-08-08,24,44,0.8717701385740966
2023-06-13,24,25,0.030878405645890394
2023-12-22,2,188,0.5598256864134116
2023-07-21,6,125,0.21532165050127872
2023-07-22,14,57,0.9437268156003442
2023-09-14,22,159,0.08771059980807605
2023-10-04,12,39,0.508901736949614
2023-07-13,6,34,0.5293957885391374
2023-05-20,7,17,0.5491659881759702
2023-07-30,24,19,0.17649612838287088
2023-04-17,5,85,0.8108279116613162
2023-12-19,3,128,0.27478201915537737
2023-03-27,10,65,0.2904584654490856
2023-06-10,20,32,0.8844395252475804
2023-11-07,1,183,0.8209752807776894
2023-05-26,14,25,0.28249706473200853
2023-06-17,16,43,0.17044333912518594
2023-07-23,15,108,0.459786038003163
2023-12-21,10,176,0.18380284668969327
2023-06-08,11,85,0.9035161364442639
2023-05-01,24,148,0.21029599159605017
2023-12-15,14,38,0.395080124032116
2023-08-04,10,40,0.7352781615607692
2023-02-20,12,5,0.9672449142088104
2023-03-26,23,197,0.07258278586430922
2023-04-08,9,83,0.7589000320564785
2023-08-18,22,29,0.12062221141903451
2023-09-02,2,128,0.7218178707102267
2023-08-18,8,148,0.5683580944367776
2023-03-11,22,9,0.9798182889064078
2023-04-10,6,188,0.30146951817073464
2023-11-07,16,80,0.40226966053108326
2023-07-14,21,116,0.3165218607270166
2023-02-19,12,172,0.31482940007407567
2023-05-15,15,143,0.8411184347442661
2023-04-13,10,143,0.9161243555993964
2023-03-10,10,183,0.505943979580038
2023-01-15,1,154,0.5961142434179671
2023-01-27,3,83,0.2833139386753951
2023-04-10,22,41,0.8690243848546481
2023-09-19,5,98,0.43331278065551637
2023-07-15,18,29,0.0407060826274559
2023-08-31,24,129,0.5916154405548558
2023-05-17,16,32,0.7422735872688453
2023-12-01,9,192,0.7360507811432744
2023-11-26,16,197,0.6218291483984538
2023-05-23,24,73,0.6947223359613347
2023-12-11,3,146,0.2304054488727666
2023-05-08,9,10,0.11294290631815451
2023-08-19,22,158,0.6953131522620537
2023-11-09,15,144,0.14154316171756376
2023-10-26,11,55,0.6527171243715084
2023-01-06,17,189,0.22213633980266412
2023-08-19,7,46,0.4528090259276145
2023-06-12,5,178,0.3466897871854907
2023-08-23,4,96,0.5099498979579427
2023-09-18,23,5,0.32909633496787705
2023-09-02,11,119,0.34302437022976073
2023-07-03,5,86,0.37413863842867134
2023-10-22,18,73,0.6327364383158159
2023-11-08,22,65,0.5414603492086664
2023-11-17,17,145,0.1288632301065532
2023-04-12,16,9,0.8856675397664996
2023-12-16,11,11,0.8891783095762432
2023-07-22,3,195,0.9124469381079654
2023-04-30,3,109,0.6010151555092066
2023-08-30,9,91,0.44182704353526603
2023-09-16,5,46,0.997389205184825
2023-06-28,13,144,0.018470326639140833
2023-01-15,19,199,0.3034518629330324
2023-07-09,10,76,0.6701656219457587
2023-03-04,2,169,0.17066326350716865
2023-05-27,24,38,0.07510774547988763
2023-05-11,5,7,0.49103873797499753
2023-02-12,18,200,0.5619100724741201
2023-06-10,2,189,0.5993304297313745
2023-08-15,10,6,0.8860265136706952
2023-05-20,18,63,0.9506804366805218
2023-09-04,5,119,0.9546033418697193
2023-01-15,19,2,0.9749793507765594
2023-02-24,8,63,0.9588023076559811
2023-09-17,6,193,0.5952203903153709
2023-05-19,16,65,0.9969737282179377
2023-05-14,8,33,0.783239056881239
2023-11-06,13,120,0.14014383877496284
2023-07-21,14,1,0.40307844165876194
2023-03-09,9,3,0.003617357022252521
2023-04-27,22,121,0.009617622690485828
2023-09-29,16,101,0.5067259794130425
2023-11-30,17,106,0.5654930981497538
2023-07-23,5,16,0.6737581642076944
2023-12-12,8,138,0.8188712595334016
2023-04-09,15,35,0.3564956273842894
2023-01-21,5,67,0.2001461773841371
2023-10-07,19,66,0.813400858147025
2023-11-17,25,158,0.16453754701955758
2023-03-06,15,2,0.23480713427810107
2023-04-24,16,49,0.9759256069151728
2023-12-13,10,68,0.27025950571544366
2023-05-16,16,180,0.13312998883397809
2023-11-13,9,171,0.9902023508206997
2023-06-19,12,103,0.01274845686292747
2023-08-28,25,14,0.6926150501536844
2023-05-17,6,105,0.6207401875258636
2023-03-19,17,89,0.16534253202390736
2023-12-13,7,72,0.6149544948537728
2023-05-27,7,159,0.8019571077291092
2023-09-06,14,149,0.38386565971099207
2023-11-12,21,81,0.08055814605877498
2023-03-12,23,198,0.2072201742206803
2023-12-03,24,34,0.5202535603992701
2023-02-12,3,33,0.7501445710201791
2023-08-12,17,84,0.15891825843926932
2023-08-17,6,182,0.0963306050202587
2023-03-28,22,176,0.12835238151587136
2023-10-04,10,51,0.3002272150258639
2023-04-20,2,73,0.7736669188594746
2023-06-07,15,121,0.33590292470253325
2023-08-19,10,189,0.3441624546448635
2023-07-04,7,107,0.27630466499255535
2023-06-06,7,75,0.2885331270663728
2023-05-26,24,104,0.389058993650205
2023-11-30,20,152,0.2018109107645979
2023-10-22,1,75,0.5649934652291699
2023-11-05,16,165,0.32301157959736415
2023-04-10,4,58,0.9405341304776815
2023-07-07,18,79,0.05475648198995675
2023-01-22,10,138,0.8869364124196989
2023-04-04,8,29,0.5203599780095784
2023-04-23,7,182,0.7624997681260556
2023-11-07,13,97,0.9986738948704033
2023-07-21,19,88,0.8946832888195894
2023-08-13,15,106,0.2256741423984837
2023-10-23,8,52,0.20553413824365185
2023-09-19,6,157,0.9266384212882589
2023-05-16,10,159,0.299545173287475
2023-04-06,12,192,0.21656939276013576
2023-03-01,7,109,0.1823704699019273
2023-10-25,4,175,0.8918889944425815
2023-11-26,8,97,0.01828549682824465
2023-10-08,4,55,0.3484023614436804
2023-10-21,23,46,0.8976138087133253
2023-08-11,4,4,0.4703040857077633
2023-06-14,23,42,0.06806061996134316
2023-12-12,17,120,0.1285589876644524
2023-06-07,21,25,0.16894415149339792
2023-08-01,13,10,0.3371627875375448
2023-01-27,3,128,0.15646647908253586
2023-05-23,18,114,0.9440884220555273
2023-06-12,23,61,0.14774234306984957
2023-02-06,10,198,0.7916792606008144
2023-02-15,13,35,0.1456147814943105
2023-09-21,18,185,0.9947632106287899
2023-10-21,22,70,0.3648020206170042
2023-02-15,4,8,0.010320870262300219
2023-08-30,16,143,0.5199764182047983
2023-06-08,8,93,0.03885553229071215
2023-06-01,18,187,0.09671434537132073
2023-04-20,18,113,0.6768460479645755
2023-06-15,19,175,0.91283306589621
2023-12-21,17,57,0.739866800198763
2023-06-15,25,73,0.2815225146558481
2023-04-26,20,28,0.6395453751400475
2023-06-14,12,94,0.3581367677520133
2023-04-12,11,113,0.19067013671966337
2023-08-11,13,26,0.21948272092199395
2023-01-15,21,197,0.050841709682723724
2023-10-18,21,92,0.20106824183243954
2023-12-26,5,104,0.5204184148790569
2023-09-26,16,19,0.08180434866637798
2023-09-02,4,23,0.9281597040762116
2023-01-01,8,180,0.15284669123706984
2023-03-07,1,66,0.20592795537339603
2023-11-05,10,7,0.27809485243900633
2023-05-24,13,100,0.5482285040070229
2023-11-22,6,112,0.4681206297688315
2023-07-06,23,47,0.5584780877583647
2023-11-01,12,25,0.9426603935378859
2023-07-26,8,183,0.8052064076453578
2023-04-17,23,144,0.7128188888388246
2023-08-01,12,168,0.24992364691402436
2023-05-28,5,113,0.3062636316409635
2023-12-13,8,172,0.5631408798617111
2023-06-26,24,54,0.6847232312890751
2023-03-24,3,124,0.6302404139054129
2023-11-09,2,94,0.9534520655939692
2023-06-25,2,137,0.2349985193131705
2023-11-08,22,61,0.8128407320757295
2023-09-07,10,169,0.9209274967558593
2023-05-23,21,185,0.8353175403794447
2023-10-24,22,84,0.7455503702518054
2023-10-27,5,187,0.9477601354950956
2023-08-28,25,55,0.5948582785182647
2023-02-19,19,141,0.8936423502703311
2023-08-02,24,63,0.14496454348586285
2023-11-11,19,136,0.8392241766911257
2023-11-22,10,21,0.8678817285607423
2023-01-03,6,160,0.5796272825405925
2023-04-14,2,4,0.19142518979297396
2023-03-06,15,180,0.14837294913489085
2023-05-24,17,163,0.6232906481036531
2023-03-03,6,33,0.34449638901858914
2023-07-28,14,2,0.42587215404165357
2023-02-09,5,183,0.8615683166871712
2023-09-03,8,132,0.2609470861692583
2023-09-04,2,159,0.4690026696577848
2023-07-30,11,22,0.5421260168323377
2023-08-12,16,135,0.4619704580008709
2023-07-09,3,43,0.24328928459917165
2023-02-26,20,114,0.4995561199675266
2023-11-01,20,67,0.2625582045393672
2023-08-14,20,3,0.21072295965537202
2023-02-09,21,100,0.06034127354865371
2023-05-28,16,81,0.452610034996038
2023-05-14,24,158,0.558585646249273
2023-03-30,11,135,0.5818520691081047
2023-01-31,1,82,0.2763411191141928
2023-04-22,10,49,0.8764475660268729
2023-03-03,22,175,0.6977098230896075
2023-07-01,24,84,0.6893515843560724
2023-03-25,20,119,0.0036907942535657767
2023-12-30,16,194,0.06488668416215193
2023-05-18,5,10,0.1513779495809391
2023-08-29,23,160,0.6294301896544403
2023-01-20,13,192,0.41909536691179283
2023-06-05,11,21,0.1637463743898625
2023-09-03,12,167,0.6303658386169174
2023-11-01,24,113,0.5433716078582342
2023-03-13,14,40,0.7105358102042844
2023-12-29,11,60,0.8178930526981999
2023-05-03,3,108,0.8953770325853071
2023-01-01,24,134,0.702356862503779
2023-12-13,5,179,0.7035849902530198
2023-09-27,8,22,0.571887494101853
2023-08-26,19,130,0.8025616352990634
2023-01-25,13,41,0.9747507822218876
2023-05-30,21,91,0.23855625995823515
2023-12-29,19,117,0.6809981659700246
2023-10-15,7,131,0.4345181709941536
2023-10-17,13,59,0.5382475419437136
2023-09-17,25,127,0.31709113239534736
2023-07-05,18,163,0.7848608114082243
2023-02-23,23,192,0.6705359610826906
2023-04-07,21,163,0.6265555286767046
2023-06-21,1,49,0.14778563516742693
2023-06-04,2,158,0.15330233245070035
2023-03-21,23,60,0.9814280975802954
2023-02-19,2,170,0.933217536441507
2023-08-31,5,91,0.2516697372039154
2023-07-10,8,108,0.4887915355205926
2023-01-12,8,51,0.04501308818057925
2023-06-29,22,180,0.08236808651275418
2023-08-02,18,95,0.5783753004793584
2023-02-21,25,58,0.3228898820966355
2023-07-31,17,130,0.6647162772093043
2023-12-28,18,200,0.9054324910931076
2023-01-19,10,152,0.4155220838722513
2023-06-27,25,113,0.6098538908735014
2023-02-12,5,103,0.909900548491499
2023-03-27,7,11,0.24776048421980712
2023-10-11,9,8,0.645617548479955
2023-07-27,24,148,0.06936321490882713
2023-07-07,4,127,0.35145696866252063
2023-03-11,14,21,0.06802751483306835
2023-07-29,13,161,0.004910157885929078
2023-06-17,19,76,0.015825564691412164
2023-02-02,15,30,0.22987140271283013
2023-08-22,25,182,0.23549953149115932
2023-03-12,25,67,0.4158512122606768
2023-09-26,2,145,0.4008387603989432
2023-07-24,5,118,0.31247203525061484
2023-12-07,13,146,0.7235789767791884
2023-11-24,25,151,0.5975366324029187
2023-01-18,9,104,0.405464280141821
2023-10-22,4,167,0.6161843643717284
2023-01-06,3,143,0.4925380349842504
2023-08-24,21,95,0.7339890397183824
2023-04-08,6,2,0.8118031637743301
2023-03-30,25,109,0.11017549669568782
2023-04-27,4,13,0.7755608959962342
2023-11-12,12,158,0.04196821580681387
2023-08-20,17,150,0.553435911119311
2023-04-12,4,117,0.838703436521703
2023-01-29,10,67,0.7212805808134327
2023-03-15,25,93,0.9222196220147622
2023-10-21,6,108,0.663994522509557
2023-03-23,6,39,0.4222521203968371
2023-12-21,11,13,0.03439395395242528
2023-08-31,17,121,0.772576668771789
2023-12-31,7,14,0.8698596126791176
2023-07-31,4,199,0.8371570325359001
2023-08-20,2,39,0.17708957798043912
2023-06-09,25,87,0.6074750660282017
2023-06-23,4,116,0.5593468451789699
2023-11-08,24,192,0.9311120168856826
2023-10-05,16,93,0.9412775350693351
2023-11-01,8,183,0.9235724344872717
2023-12-17,14,200,0.6977025103251842
2023-02-26,10,160,0.4487555048820251
2023-12-04,14,44,0.7943760247409188
2023-12-06,16,33,0.8704890098384496
2023-09-20,22,50,0.45671930626287327
2023-11-30,9,135,0.2597661930115701
2023-01-22,15,107,0.27974188264942446
2023-05-19,22,174,0.5772110088186223
2023-10-14,11,99,0.8174580501488528
2023-09-20,13,107,0.4814719689550915
2023-08-27,11,199,0.38356206859373476
2023-08-22,11,17,0.19869465589191004
2023-05-18,15,16,0.22673425420034676
2023-12-16,17,119,0.414522949465305
2023-11-25,17,182,0.8311692326984451
2023-10-03,2,82,0.8430390026027209
2023-09-02,2,199,0.22009082891988485
2023-07-02,19,19,0.5665228317725907
2023-12-26,22,45,0.4959195983532234
2023-06-15,3,82,0.9630662188175798
2023-12-27,21,36,0.3518530175792657
2023-10-01,23,106,0.9606596883598247
2023-04-08,5,23,0.2948673116643018
2023-02-15,6,113,0.0021242009244986093
2023-02-25,11,87,0.8587035139395243
2023-12-10,25,124,0.44393788587854544
2023-02-13,15,138,0.4004074115409013
2023-08-14,23,114,0.8359901763436335
2023-10-05,12,84,0.29856778547133167
2023-08-16,4,15,0.8951917440522941
2023-02-14,21,118,0.49451508467343963
2023-12-27,2,18,0.5453984424791525
2023-01-05,4,111,0.8659696195878968
2023-05-29,7,32,0.19760576102812122
2023-08-18,19,93,0.07192851891896312
2023-10-03,22,166,0.6203047308733822
2023-08-03,17,136,0.015105084219726339
2023-07-31,6,66,0.8533342207969672
2023-09-02,3,138,0.43848813356597816
2023-04-27,8,4,0.1299669787770642
2023-11-24,14,170,0.017945197634706367
2023-01-29,8,161,0.0649467733843554
2023-12-13,5,106,0.5027884769076036
2023-03-10,25,177,0.5198852454448636
2023-07-12,12,96,0.26506937949761145
2023-05-24,2,139,0.7939534256094323
2023-07-13,23,128,0.4938236714658345
2023-11-15,14,121,0.4394638050963591
2023-11-05,19,49,0.44332342994595275
2023-03-16,22,3,0.46952996558954285
2023-09-29,14,163,0.9600382919979665
2023-01-23,13,133,0.62995082855179
2023-05-31,19,15,0.5718551320691418
2023-12-11,2,51,0.48164234097010294
2023-09-24,4,155,0.05855803561418105
2023-01-31,24,78,0.14286531927091362
2023-05-27,5,48,0.13374613205047758
2023-09-08,7,24,0.8951954221403231
2023-01-08,22,132,0.14402435907694
2023-10-25,8,19,0.5752188755276457
2023-02-19,12,131,0.15489784933867878
2023-03-26,3,155,0.8364094949768364
2023-01-30,18,81,0.5173980548072713
2023-09-16,18,66,0.4506097216627287
2023-09-27,15,79,0.004101570555828826
2023-12-11,5,39,0.22482601008460457
2023-12-20,16,191,0.3853722956789949
2023-06-04,20,126,0.6144269680716808
2023-02-24,22,184,0.5489930897188865
2023-07-26,13,160,0.2973620614331234
2023-05-22,1,152,0.036819485234837135
2023-09-21,17,57,0.025334114388820717
2023-08-31,14,149,0.15612250224716429
2023-07-30,8,1,0.3901328043579356
2023-07-25,4,134,0.10659953503752417
2023-01-10,7,190,0.38341817233774045
2023-02-10,24,40,0.8182495330435291
2023-03-25,14,32,0.9596118437478274
2023-12-17,6,122,0.5295591410539853
2023-09-11,17,24,0.45809308521254344
2023-10-27,13,39,0.21545646329715662
2023-06-02,12,190,0.6818093416437854
2023-04-30,6,79,0.22015427102980434
2023-03-21,1,184,0.35602444147956647
2023-09-17,9,142,0.5926591931966395
2023-02-03,6,187,0.2567278584781506
2023-07-23,17,18,0.995821996984184
2023-07-13,17,6,0.42022330314598466
2023-05-10,15,4,0.7110395504079174
2023-08-22,20,120,0.9341885078051408
2023-11-19,10,99,0.1361930699013345
2023-07-04,20,71,0.451995314751955
2023-07-06,24,78,0.709398351053732
2023-08-11,18,137,0.4121782956157337
2023-03-23,12,151,0.06865047480990671
2023-02-18,6,191,0.17670402977597288
2023-06-09,6,176,0.05783907887251338
2023-02-14,22,58,0.2345589245169234
2023-12-05,8,8,0.3125557044970556
2023-11-17,9,24,0.7793938143967863
2023-11-14,10,78,0.6921522051197444
2023-02-05,17,152,0.8015893782533783
2023-12-27,24,99,0.7636041238915299
2023-06-23,12,185,0.9071956456996779
2023-09-16,15,89,0.7216336598422214
2023-05-14,14,33,0.7839599937328139
2023-07-22,19,152,0.11195811712464299
2023-10-25,4,90,0.25495011500269515
2023-04-17,23,114,0.8074737471516225
2023-05-28,10,69,0.9259659926647996
2023-10-16,5,152,0.9659816528895749
2023-02-13,13,121,0.45484965022164414
2023-10-30,15,117,0.3690218521962212
2023-11-09,24,62,0.6672499667088501
2023-12-08,11,186,0.32526354823642833
2023-10-24,6,39,0.5043217545217066
2023-04-13,6,127,0.24209355869699878
2023-12-26,11,169,0.9406953883253355
2023-08-25,24,9,0.6212717599907263
2023-06-23,18,173,0.9825220816655234
2023-11-18,6,156,0.19692598437640585
2023-04-29,22,198,0.7932465094349858
2023-05-30,2,4,0.6084102812040039
2023-01-26,15,138,0.004486458276010574
2023-05-15,9,141,0.5751725867038889
2023-08-04,15,82,0.3959276535828593
2023-01-29,22,179,0.250868085106036
2023-07-07,9,81,0.1401961348471339
2023-07-08,1,93,0.9979627349675813
2023-01-10,10,71,0.2377774771931307
2023-08-01,15,23,0.16304174500657087
2023-11-19,10,52,0.16503858667461535
2023-04-29,18,198,0.07450353835648471
2023-05-26,22,85,0.4633656986512791
2023-04-09,10,108,0.07468267492214997
2023-03-08,3,167,0.3473359557227792
2023-05-22,10,95,0.6559650284141801
2023-02-18,15,190,0.6084912407608107
2023-11-30,21,125,0.0692862120596367
2023-01-23,18,46,0.41175944262880315
2023-02-16,25,14,0.4131021403745535
2023-04-27,24,94,0.45485024542388364
2023-11-11,15,62,0.610267004837706
2023-08-10,24,54,0.6372245544829701
2023-03-16,23,103,0.1862201911299629
2023-12-15,17,10,0.36893571023252447
2023-06-13,10,175,0.47701373958659254
2023-12-03,4,68,0.3878775357993234
2023-01-23,2,4,0.7006169919469698
2023-07-08,3,93,0.08899952373551001
2023-11-24,12,115,0.39566380135286816
2023-09-05,7,110,0.10031633348948776
2023-10-31,1,145,0.7579517703363184
2023-07-01,17,199,0.7174455392490665
2023-04-23,8,194,0.4179458570843516
2023-06-10,17,9,0.3002328285284428
2023-02-24,22,35,0.977250237971278
2023-03-29,7,56,0.5073505973667766
2023-05-18,12,92,0.8283898365265924
2023-03-13,19,4,0.2189242353285693
2023-04-13,17,100,0.3540159803001245
2023-08-21,12,169,0.42338284047778174
2023-09-13,15,116,0.7022617963898905
2023-02-01,8,76,0.039513421418536976
2023-03-25,11,127,0.3739848173740463
2023-06-15,12,200,0.7733713580427329
2023-06-02,10,117,0.6057763526203299
2023-10-30,17,186,0.8855600569994533
2023-09-23,17,18,0.7055759002089041
2023-07-31,7,157,0.8582708415488937
2023-02-24,5,94,0.5879741956489414
2023-11-05,9,70,0.21801173106955218
2023-03-01,21,84,0.22642994426940555
2023-01-16,8,85,0.5635721423908856
2023-07-20,16,167,0.6722699681349512
2023-03-19,11,176,0.1492495197197493
2023-02-04,17,96,0.2919984713020807
2023-03-18,12,146,0.4305128876207017
2023-04-18,22,178,0.6451662731361928
2023-10-19,15,119,0.28364891462621655
2023-09-17,3,182,0.4061166189638594
2023-01-20,21,18,0.5511968173632206
2023-05-28,7,199,0.0224997874115902
2023-09-23,15,70,0.056724737173753925
2023-10-07,4,86,0.32116050100403737
2023-12-12,23,110,0.5368181975143491
2023-11-18,12,62,0.9724709404725098
2023-05-09,18,78,0.9501483224498019
2023-12-04,10,114,0.6044585066834341
2023-03-28,18,8,0.18059378078557053
2023-09-07,16,128,0.48454532547636286
2023-06-15,21,135,0.05549105429892265
2023-01-09,11,103,0.7136913402385393
2023-07-11,4,159,0.9388805414854582
2023-05-24,21,45,0.5606589291635711
2023-11-19,23,160,0.877995337857929
2023-10-22,15,184,0.7153347142722596
2023-12-31,5,151,0.9780627737891001
2023-07-26,20,110,0.4092611478326055
2023-06-03,25,10,0.6153000320984627
2023-06-08,16,113,0.0845088781164558
2023-12-22,17,199,0.9711801359000835
2023-03-25,10,54,0.07830995546050523
2023-10-20,3,14,0.6794505189391491
2023-04-30,3,160,0.3650487544807508
2023-03-06,7,160,0.34107156948730744
2023-09-14,11,123,0.18516121656155093
2023-01-08,10,46,0.47029610148209666
2023-05-19,16,196,0.47462750528773723
2023-03-26,17,88,0.8858371821993556
2023-06-17,3,129,0.04827305050997022
2023-03-04,19,190,0.5543705595467564
2023-11-07,11,132,0.2305998570339579
2023-12-21,10,29,0.19408305854292895
2023-07-21,21,81,0.6640819596100528
2023-05-24,3,176,0.842610338718608
2023-11-29,8,140,0.8935985747402706
2023-07-22,9,65,0.07534610297079836
2023-09-09,6,122,0.45509983798595766
2023-02-04,11,46,0.8617543950901176
2023-11-16,10,126,0.189477641570152
2023-08-13,6,174,0.05931473227566031
2023-04-16,9,191,0.14688782030671643
2023-07-21,12,65,0.9033119783084291
2023-04-03,21,84,0.531756672961685
2023-09-23,12,187,0.38624281406586447
2023-07-17,18,199,0.5984079551448103
2023-04-11,22,2,0.5992850607679748
2023-02-13,8,79,0.8728190440548417
2023-08-19,13,78,0.4030281036869827
2023-03-26,21,41,0.37889161609369604
2023-05-17,10,49,0.16767245234291317
2023-11-07,22,161,0.3901925892027859
2023-08-11,15,160,0.10386764697112594
2023-04-18,24,28,0.7088511814874302
2023-08-12,4,185,0.22032825865360928
2023-01-23,2,69,0.9617316599077366
2023-11-17,20,117,0.9108647262451814
2023-03-06,3,195,0.23296046901384104
2023-02-06,24,187,0.04011326164633133
2023-03-30,22,167,0.6533733183903783
2023-02-03,18,75,0.7936000905066936
2023-01-22,5,152,0.021810006203247023
2023-11-09,13,11,0.7017855008828566
2023-02-22,10,82,0.8549755262960788
2023-03-13,8,145,0.9081311067570302
2023-06-20,6,187,0.9255537287550449
2023-12-16,14,189,0.6245752115946578
2023-05-10,19,31,0.08796685005263394
2023-06-29,18,41,0.359543094540521
2023-06-23,19,3,0.9623339293680404
2023-05-25,11,114,0.2752328132557391
2023-06-29,7,44,0.0005050784715903145
2023-10-07,3,168,0.08907074169303886
2023-08-19,10,60,0.9150241595888593
2023-02-23,7,6,0.6112912185545012
2023-04-06,14,131,0.5782297159877584
2023-05-29,2,196,0.9676995140660434
2023-04-18,23,19,0.07969574496178666
2023-03-09,10,15,0.8165028024018885
2023-07-16,11,184,0.8219665698203323
2023-05-04,5,169,0.8950491378064321
2023-05-13,6,116,0.021864348674590195
2023-12-09,8,181,0.6202797253312454
2023-08-25,12,196,0.024022723858412642
2023-11-17,13,87,0.44519618894409896
2023-12-24,4,149,0.30796289345702976
2023-07-03,12,161,0.10734922178804807
2023-05-30,5,166,0.8939916938532732
2023-10-21,22,81,0.07779389981811535
2023-03-17,7,61,0.7636177131322716
2023-03-05,20,95,0.14230262375444191
2023-04-23,10,98,0.11797261869446285
2023-07-11,24,188,0.049901041984931394
2023-11-13,17,5,0.8002808978651026
2023-05-24,5,141,0.34124062974273817
2023-10-27,24,6,0.6782476095094767
2023-12-01,13,92,0.4203145324660572
2023-04-20,16,193,0.3794604621085106
2023-06-10,3,44,0.3614911673424571
2023-07-28,24,21,0.7581511481569938
2023-06-20,18,105,0.9203721266398021
2023-10-19,17,151,0.34718067874412883
2023-05-23,19,68,0.3397054842488081
2023-08-11,8,47,0.9423418132936142
2023-05-01,16,49,0.43124162691178836
2023-10-16,3,139,0.3130166226907385
2023-06-12,15,90,0.202651722010878
2023-05-08,19,131,0.7356285295383697
2023-06-12,8,22,0.03195957278762851
2023-12-20,24,64,0.2992907544441583
2023-03-18,16,60,0.02658986540026087
2023-02-04,1,86,0.8313823174278769
2023-04-21,15,161,0.1995806369561276
2023-12-30,18,90,0.5508797839224161
2023-03-13,12,18,0.09099102969257189
2023-04-01,22,85,0.6629298618138026
2023-03-13,20,113,0.6812884727437143
2023-05-08,16,97,0.2638871923828322
2023-10-09,9,46,0.11350800996532251
2023-05-27,17,42,0.4929680250732774
2023-11-17,2,39,0.11886999132435183
2023-10-05,8,12,0.08518968753248879
2023-08-30,10,39,0.6189709900004279
2023-01-24,5,73,0.13974651430303386
2023-02-08,17,99,0.746604475596549
2023-02-26,16,81,0.7767369672503681
2023-06-05,24,33,0.22704554750390527
2023-03-16,12,163,0.25131890182899197
2023-05-11,10,176,0.5429674702279663
2023-07-01,2,132,0.617455236425226
2023-11-14,22,94,0.9286981294420259
2023-04-24,11,75,0.24293989061683352
2023-03-07,13,167,0.9759835077318793
2023-04-16,1,8,0.06711839389844398
2023-08-02,4,83,0.5552419398536007
2023-05-08,25,161,0.34362562122649243
2023-12-12,19,199,0.46625109548487276
2023-09-26,21,106,0.6059287739693476
2023-03-08,14,62,0.7618950176179313
2023-12-20,3,177,0.32003382666358526
2023-07-03,12,187,0.7484024937169808
2023-06-19,19,51,0.5746981719973239
2023-02-15,1,112,0.7388550537758024
2023-06-19,11,81,0.3091944178741346
2023-07-09,12,165,0.3955045647734754
2023-09-06,24,25,0.08079429378810754
2023-06-29,4,198,0.7756897390145335
2023-02-25,21,71,0.9497194880008021
2023-06-22,3,151,0.0705028453885419
2023-03-20,23,141,0.6897878716620431
2023-07-07,7,71,0.33860104750735875
2023-04-21,15,187,0.5918127363478161
2023-11-18,6,186,0.5214710584453316
2023-10-21,13,69,0.6309597360123179
2023-11-29,8,104,0.13667683024394617
2023-01-29,7,37,0.5052192579297269
2023-11-26,20,77,0.36893028034403264
2023-10-24,14,172,0.521472678839769
2023-01-02,1,109,0.8581191445170717
2023-12-24,20,75,0.794306294684607
2023-01-23,9,33,0.23231558978157807
2023-02-16,6,182,0.2658432300478607
2023-03-21,25,73,0.18132679570272592
2023-07-22,21,181,0.7830357541676503
2023-05-14,1,159,0.5531541948457415
2023-10-10,18,160,0.7793420802929169
2023-11-24,8,78,0.0261618870652931
2023-10-31,11,19,0.25584595983862213
2023-08-18,21,61,0.25348527398994636
2023-02-23,17,40,0.6180278018185417
2023-03-29,6,194,0.24629092522660068
2023-01-20,24,30,0.8048890897062041
2023-02-22,22,113,0.7129178866027888
2023-02-04,5,32,0.5554839818479442
2023-01-26,24,2,0.5115871752249487
2023-07-22,9,63,0.2913966427738929
2023-06-19,6,41,0.38161523999913305
2023-08-16,15,2,0.17361903204479556
2023-07-30,22,53,0.07663026002434004
2023-10-05,11,49,0.6347493001264921
2023-02-28,14,20,0.3340482887810513
2023-11-06,16,99,0.5505297419143059
2023-02-27,23,110,0.9124027012739218
2023-06-21,15,71,0.28516655332174234
2023-08-01,21,61,0.32649934506417266
2023-07-25,6,197,0.6535379180246069
2023-06-19,4,70,0.15989530033848132
2023-05-26,8,160,0.3633538199353533
2023-09-02,7,183,0.7537588376573435
2023-07-26,25,52,0.2000680560485376
2023-11-22,16,163,0.6889467050567848
2023-03-08,19,78,0.8788816408676318
2023-12-02,19,88,0.3309817630546561
2023-05-29,10,51,0.8705214389433081
2023-01-30,2,60,0.35442034698854197
2023-11-25,20,168,0.5906763251099068
2023-02-25,24,2,0.3240490391163253
2023-03-04,4,2,0.5890403777267199
2023-12-24,3,110,0.8870963139434958
2023-09-03,23,170,0.6485047337767886
2023-02-05,13,124,0.5840493686830335
2023-02-20,9,47,0.6174902815051471
2023-03-31,23,147,0.9298110722641038
2023-08-21,24,105,0.3189148185582632
2023-03-25,10,31,0.1185070682683047
2023-05-11,22,153,0.2920873055712544
2023-03-17,6,43,0.4673937634315891
2023-04-09,17,25,0.09327487032022219
2023-06-15,22,190,0.749052876069942
2023-11-11,14,90,0.2161985130866484
2023-12-08,19,55,0.07442772757797878
2023-09-12,15,97,0.214960922444983
2023-09-09,14,33,0.11108270058531089
2023-10-26,2,140,0.700112284111659
2023-11-27,21,146,0.21207623139199727
2023-08-03,11,38,0.4264891088069639
2023-10-07,3,79,0.03192799361021703
2023-07-11,12,98,0.42179631481629654
2023-02-15,7,15,0.35079918253166154
2023-11-30,17,60,0.47155993360989945
2023-03-28,14,185,0.9086089318241176
2023-10-08,18,189,0.6155431910808788
2023-04-04,6,41,0.056988766897673515
2023-06-24,11,153,0.1321472380938089
2023-02-06,13,178,0.3836628322602159
2023-05-10,3,112,0.2557479713569476
2023-03-23,14,17,0.9708095286051389
2023-09-12,15,98,0.750348246791754
2023-12-02,21,29,0.8124067474119582
2023-08-18,19,151,0.7788804333914169
2023-10-02,23,150,0.9349235884797208
2023-11-24,22,168,0.6197036373540782
2023-10-24,13,57,0.5320358540787353
2023-06-27,17,187,0.9791033552616872
2023-01-11,17,50,0.35241288798781345
2023-08-02,6,87,0.005175763991454918
2023-04-25,22,118,0.8097022273717652
2023-11-13,8,41,0.7244649473603703
2023-02-02,14,134,0.024145759331227423
2023-08-25,15,16,0.3948558438013685
2023-02-03,21,163,0.7140016778975722
2023-08-21,11,65,0.9747432217965539
2023-09-11,23,92,0.3735933839436163
2023-11-08,19,163,0.9593462872843042
2023-09-05,9,60,0.9081198321301047
2023-01-25,11,170,0.26864705114087317
2023-09-17,12,4,0.9232695557739444
2023-08-23,21,123,0.5987094268244544
2023-01-24,5,24,0.15236557505017956
2023-07-07,6,72,0.25224135979079165
2023-02-08,14,125,0.08993144476956294
2023-03-13,13,32,0.25079713208518684
2023-08-20,19,40,0.4004892864146461
2023-09-05,8,130,0.03965102315139679
2023-02-15,13,192,0.7248817134140888
2023-02-05,17,131,0.1567154883599977
2023-01-17,11,152,0.5545916375642608
2023-12-09,17,53,0.002050612077845071
2023-02-06,15,150,0.8443896260056745
2023-02-15,4,1,0.18569971274194197
2023-05-20,17,143,0.6710313686815337
2023-08-06,3,113,0.19525471472451117
2023-01-27,19,58,0.17954564516318927
2023-09-23,18,97,0.14168155291833429
2023-06-15,17,61,0.4188737817523499
2023-09-07,6,59,0.024028932998640173
2023-11-07,20,6,0.9830037867838592
2023-03-25,14,86,0.6313837360737169
2023-10-15,3,49,0.3821398653704853
2023-09-12,18,115,0.9098172200040202
2023-03-03,2,172,0.7229654764278342
2023-08-22,18,144,0.25898988327987316
2023-08-30,1,151,0.4447845975037532
2023-12-07,7,50,0.7999875922100637
2023-11-11,23,75,0.9429872532180139
2023-08-30,11,107,0.9068976294745018
2023-11-24,24,158,0.8065341341368985
2023-07-22,3,56,0.31837430551044577
2023-01-05,9,121,0.31821851607036655
2023-02-15,25,111,0.022449952749947766
2023-07-09,23,129,0.46850667244906985
2023-09-15,17,61,0.3248163651373349
2023-06-07,10,87,0.9262616632689181
2023-03-15,14,159,0.998963052650971
2023-05-29,22,61,0.5981901037582251
2023-08-14,8,122,0.8387082962560927
2023-07-15,1,1,0.12743775446443095
2023-10-06,7,23,0.34713649539654423
2023-06-01,9,71,0.332898726500204
2023-03-10,1,114,0.6287260541904868
2023-01-12,10,152,0.5087396341629291
2023-05-22,19,136,0.011294401515130725
2023-02-13,11,19,0.14439202018135777
2023-07-07,4,46,0.4683983336900057
2023-08-22,17,43,0.23403166621930083
2023-02-20,13,103,0.05617536973393433
2023-03-26,4,194,0.16878750209713345
2023-04-05,21,55,0.3316886215757522
2023-07-16,13,168,0.6323516199829559
2023-11-17,3,34,0.24459486239325678
2023-09-08,6,174,0.6921320181983402
2023-09-30,9,123,0.9699754271096654
2023-07-03,20,28,0.625675960628447
2023-01-29,25,199,0.9217347150439112
2023-06-20,14,74,0.5263190918292502
2023-06-23,16,15,0.02579590425970446
2023-10-12,22,70,0.40952580456407006
2023-03-18,20,190,0.628863455181941
2023-05-26,16,133,0.6552642203798409
2023-07-15,15,33,0.6413206674097753
2023-02-21,9,135,0.6201629480642968
2023-05-09,23,67,0.82595386394024
2023-12-13,19,124,0.2050694685143588
2023-07-16,2,134,0.054640002599926185
2023-01-07,18,78,0.9767941348697307
2023-11-18,21,171,0.7364016977497303
2023-10-03,4,180,0.37803894293687434
2023-08-22,12,167,0.9909514088212257
2023-05-05,12,34,0.6219989589579802
2023-10-05,22,40,0.5023888157078529
2023-01-15,14,85,0.9167185689082734
2023-09-11,22,144,0.28978536043729486
2023-05-12,25,103,0.4585473093861767
2023-10-26,20,198,0.2632438272423866
2023-10-21,2,109,0.5032691774712026
2023-07-06,20,57,0.08258064049044112
2023-07-11,2,138,0.04593422298879124
2023-01-11,16,3,0.5461588435514958
2023-09-24,16,76,0.3804591051798535
2023-08-03,14,157,0.5934986917795487
2023-11-16,10,140,0.6869745315638148
2023-11-18,25,151,0.297201615574035
2023-02-14,15,86,0.66977689755368
2023-02-21,19,103,0.8161954277575458
2023-09-23,17,152,0.43143528629717454
2023-08-28,17,87,0.3849849289499425
2023-12-29,1,162,0.6282333982851365
2023-08-15,6,107,0.39611708598666795
2023-09-28,8,39,0.6545109823244095
2023-02-25,8,103,0.21922961449938605
2023-12-24,18,130,0.6898456821826113
2023-04-02,4,183,0.910473304753951
2023-09-22,18,142,0.30591951275204354
2023-01-13,20,159,0.7565829254773456
2023-08-10,11,69,0.8586406190455922
2023-09-11,1,200,0.10668428573662825
2023-08-16,23,47,0.7657277127143836
2023-11-04,15,16,0.3095227406949794
2023-11-15,13,43,0.43093112640099684
2023-05-21,1,69,0.882894555987346
2023-12-03,24,130,0.01754138026771912
2023-09-19,12,123,0.948690268503185
2023-05-06,1,56,0.0070298084448102705
2023-11-02,8,88,0.7128574041922956
2023-06-30,16,123,0.9034077344180839
2023-10-14,9,52,0.593379874781944
2023-01-29,14,28,0.7496210122330261
2023-09-27,1,27,0.6200575967243607
2023-01-22,16,119,0.6695968994733226
2023-07-29,6,56,0.25901768737640396
2023-08-13,20,48,0.026557326699777395
2023-02-09,12,49,0.278674948329937
2023-05-12,1,42,0.45726683844097005
2023-11-14,16,120,0.756435587725985
2023-04-27,16,168,0.39869356590016924
2023-05-05,9,172,0.8510195811429373
2023-10-28,22,155,0.2453904062553386
2023-06-11,6,137,0.03958259038697509
2023-10-24,17,23,0.1476676499659304
2023-10-20,4,191,0.5998982006537752
2023-03-05,1,50,0.9715101571796289
2023-05-12,17,123,0.9207196778447201
2023-05-22,7,181,0.45915584672393384
2023-10-31,2,75,0.5168058905122351
2023-09-19,19,141,0.5806249807083719
2023-08-13,7,53,0.6046257530018189
2023-03-17,3,94,0.19204965261679285
2023-04-01,10,91,0.009057485037568869
2023-01-01,8,11,0.5526294671149216
2023-09-19,2,32,0.6213349126307124
2023-11-06,19,21,0.4379071150772337
2023-02-03,17,130,0.6530667793245596
2023-11-18,16,146,0.529879148416614
2023-11-18,1,24,0.0024230787924912622
2023-03-20,20,32,0.3915667974877197
2023-08-05,21,138,0.9839901711153726
2023-04-04,19,41,0.7435345136482517
2023-12-14,7,98,0.6252770438127265
2023-11-26,25,41,0.7664529560809898
2023-06-02,18,160,0.6805045050294227
2023-06-06,8,42,0.18878318546784356
2023-06-16,12,61,0.865771182170227
2023-04-17,10,29,0.7203894505488029
2023-06-02,5,104,0.38808198645435954
2023-10-18,14,77,0.10327972850265554
2023-06-28,5,197,0.7081969956073777
2023-08-28,7,174,0.2600010507275442
2023-04-28,7,150,0.2801692562924124
2023-10-22,11,48,0.030593457605169738
2023-04-11,14,100,0.16281943527649478
2023-06-11,13,134,0.4284407723478971
2023-04-04,2,196,0.21251505006862959
2023-09-01,7,93,0.6190532949797027
2023-09-07,23,124,0.15291743019012216
2023-06-03,16,177,0.15326471604461422
2023-10-11,14,4,0.17622836018519372
2023-12-28,23,62,0.28339306369578365
2023-09-05,25,101,0.08715336520275208
2023-03-19,20,4,0.7310800486433687
2023-07-17,11,182,0.9009722601408705
2023-06-08,5,89,0.06289600141101381
2023-07-16,14,37,0.49641524831152084
2023-02-03,3,195,0.9278714747567595
2023-05-15,16,118,0.9261059569717717
2023-01-26,4,9,0.6873349542232965
2023-10-12,25,52,0.15021082276447084
2023-08-14,21,116,0.836609251855705
2023-01-03,18,34,0.13705056349579892
2023-02-19,23,41,0.6717393044844076
2023-06-08,12,15,0.4347517285944047
2023-08-14,11,64,0.22949967700705776
2023-01-16,25,195,0.11389005579711542
2023-04-23,10,129,0.5922591592007446
2023-10-15,9,184,0.27374618485411306
2023-11-22,25,46,0.7420273016444532
2023-08-17,14,55,0.22070725167380922
2023-02-08,24,166,0.08701581408407588
2023-12-17,11,90,0.654484297180643
2023-04-19,6,11,0.7956458128457811
2023-09-25,12,161,0.05699215173617789
2023-07-10,21,82,0.17835667075274686
2023-02-26,6,188,0.4228760772830813
2023-08-29,6,132,0.865429391602223
2023-11-19,20,113,0.9891206559825033
2023-11-01,15,137,0.6242849538140344
2023-06-06,2,195,0.3082999722872215
2023-07-05,15,150,0.07679699180326316
2023-04-27,17,55,0.8418084308384616
2023-01-29,21,65,0.5278819430661185
2023-04-24,13,69,0.3705819040925815
2023-10-25,17,55,0.6954982150612944
2023-11-16,1,10,0.8106772240054976
2023-09-10,1,81,0.07728236497654639
2023-07-05,2,27,0.5630516913335742
2023-12-18,17,58,0.8793966209723708
2023-10-26,9,137,0.7887209150127854
2023-04-18,23,148,0.3453951340802627
2023-11-10,8,73,0.025519427942468087
2023-04-27,25,120,0.7278515581647189
2023-12-04,19,115,0.4724320545721291
2023-01-31,7,16,0.2177214824283632
2023-09-28,10,107,0.22293653104031907
2023-01-16,3,149,0.5849616280161707
2023-03-09,14,163,0.9035386952753283
2023-05-11,10,79,0.9779710131055619
2023-03-30,18,20,0.6897262442314848
2023-07-14,17,91,0.09035386996730721
2023-09-29,17,188,0.21098049143889974
2023-02-14,22,51,0.25310776581307703
2023-08-10,10,178,0.6296106534468705
2023-03-13,8,169,0.7125315142797028
2023-05-14,22,149,0.6365418521082412
2023-08-31,20,122,0.23982595177888555
2023-11-22,6,38,0.8592533717739466
2023-08-24,16,31,0.39368413503128497
2023-04-02,21,187,0.21195523501013047
2023-12-19,4,126,0.5819711960049081
2023-07-30,20,60,0.3435568417487985
2023-12-09,14,104,0.795731044082815
2023-09-08,10,80,0.08474907069365267
2023-10-16,10,53,0.7054454573980297
2023-12-18,3,64,0.5578551580271085
2023-09-07,3,141,0.642521569324797
2023-07-14,21,66,0.3554284195476559
2023-04-03,23,57,0.3610373809823393
2023-12-31,7,55,0.4756919015025818
2023-12-15,18,181,0.8129561690801806
2023-05-30,25,36,0.7056248867726569
2023-11-10,12,106,0.9515786190466106
2023-09-15,21,145,0.6229949292529293
2023-10-04,1,86,0.3297408577916059
2023-12-25,23,133,0.9235637456394584
2023-02-26,19,58,0.29100424842739114
2023-11-25,9,135,0.361321373788423
2023-06-22,2,60,0.2928556628000859
2023-05-30,24,28,0.8826473563021215
2023-08-08,12,47,0.15218980688245687
2023-06-14,21,74,0.5881653205540788
2023-07-13,9,116,0.48272274311550245
2023-04-01,15,99,0.14775873594973654
2023-03-11,8,32,0.30972010438927744
2023-08-05,8,130,0.31055252787208987
2023-02-27,22,117,0.6877581837473552
2023-07-29,15,149,0.5685154969569939
2023-02-27,13,4,0.664806765547715
2023-08-31,12,124,0.30404385502615094
2023-08-31,1,123,0.6803854091309053
2023-01-03,22,116,0.025356475345876595
2023-11-01,1,44,0.7262920019625861
2023-03-06,12,98,0.6295379565359107
2023-06-02,20,198,0.6155638095338969
2023-06-10,23,118,0.07833603323131988
2023-05-18,16,38,0.6465907654670489
2023-05-10,15,72,0.972095261472528
2023-03-30,22,58,0.40581423050678855
2023-01-10,2,106,0.5260414948266716
2023-11-30,21,45,0.3841993777107796
2023-09-08,18,174,0.39258219318800835
2023-09-26,1,82,0.8437643446733413
2023-10-24,9,197,0.31247120984391574
2023-03-24,19,41,0.07822097130578465
2023-03-06,6,37,0.5440492912830792
2023-05-29,24,168,0.8443154045036809
2023-08-19,22,155,0.3092623986756765
2023-12-08,13,76,0.4535102869123544
2023-09-05,17,189,0.8159985152598028
2023-12-05,5,155,0.4457284886527967
2023-12-30,10,6,0.5536230494549579
2023-05-03,19,4,0.6515686235386978
2023-02-07,7,89,0.08844293902185352
2023-04-19,18,87,0.989178249013669
2023-08-19,10,127,0.8891816742299281
2023-10-06,3,73,0.22263831614848095
2023-08-21,16,80,0.2281328383205985
2023-02-08,4,151,0.6728929759564016
2023-07-17,6,34,0.5546080379575564
2023-01-26,7,108,0.04133503383951509
2023-04-16,21,30,0.0851604112990838
2023-05-07,10,65,0.16748261299538503
2023-05-01,14,99,0.14336411442756092
2023-03-15,7,46,0.8120724412792218
2023-08-08,16,57,0.9211487352968752
2023-08-09,6,106,0.22993397768973856
2023-03-21,4,178,0.05518423017889895
2023-11-14,7,36,0.14307823276508258
2023-07-13,6,124,0.014303593074538434
2023-03-29,16,2,0.8125588770329518
2023-02-18,7,124,0.381950894677336
2023-06-21,11,94,0.7823263506322935
2023-09-29,22,87,0.17615351746489682
2023-01-01,7,65,0.6436867660207886
2023-09-17,19,174,0.13990799921245
2023-07-23,2,154,0.4237404345611372
2023-06-06,1,21,0.16930044937375066
2023-03-26,16,38,0.828488821106711
2023-01-10,14,179,0.1367119752251923
2023-05-14,12,141,0.309976355671836
2023-11-20,23,69,0.9835494026884244
2023-12-31,22,76,0.44482195655425216
2023-02-28,16,133,0.9862974012211521
2023-02-09,17,91,0.2446140824868488
2023-08-29,20,143,0.85445374015642
2023-04-23,12,71,0.6297701113318541
2023-02-25,18,121,0.6456674344339413
2023-06-02,22,197,0.6300013205500814
2023-06-21,22,118,0.7330443945284867
2023-09-05,24,166,0.06807955124272425
2023-07-09,18,106,0.25795333596759196
2023-08-29,25,36,0.7472377529000258
2023-11-23,14,200,0.4428117456799552
2023-04-17,10,120,0.8010182046083899
2023-01-13,2,33,0.8032920328045599
2023-06-17,16,132,0.11338773479157394
2023-08-01,24,91,0.6149512715730617
2023-05-30,1,76,0.4213117616649962
2023-06-09,9,143,0.8839738349253864
2023-12-23,24,92,0.9374414162775041
2023-06-03,18,176,0.10926761264882257
2023-06-16,7,133,0.6921139871898836
2023-02-12,6,100,0.17978857315254726
2023-02-23,9,87,0.6763302786851312
2023-06-28,18,70,0.5837020249215089
2023-12-14,16,175,0.43403531979801113
2023-06-23,24,6,0.46028805207487167
2023-02-25,24,35,0.3369500408882059
2023-07-12,14,117,0.5987650398727965
2023-12-30,15,63,0.8508327784754849
2023-01-25,15,35,0.4160472052041545
2023-03-10,18,75,0.6732346647486118
2023-12-11,21,113,0.10595555971615034
2023-07-20,23,34,0.4103327294850173
2023-02-26,11,136,0.6042352637618428
2023-07-10,24,5,0.8398383194498581
2023-08-06,13,161,0.5551325129391559
2023-12-18,9,37,0.1244004472014194
2023-02-06,14,175,0.46749541416869667
2023-09-26,4,73,0.49436045505388837
2023-05-31,17,72,0.07335333151927048
2023-03-10,20,31,0.18965223954391774
2023-01-16,8,24,0.30326635697230464
2023-08-09,17,164,0.6783747171366108
2023-08-04,9,157,0.4671615480469349
2023-02-11,11,141,0.19576721320695667
2023-10-07,3,157,0.14413772613234865
2023-03-03,3,193,0.1438034994567905
2023-10-01,25,87,0.8830911091469165
2023-05-24,21,8,0.44812015039165964
2023-03-16,15,55,0.9587325723615987
2023-03-10,22,168,0.8875205760721614
2023-12-18,2,93,0.43744762286708483
2023-11-06,19,77,0.1755906861886808
2023-12-31,15,126,0.7956215228387987
2023-07-22,9,129,0.03781224396432592
2023-11-04,12,88,0.21482615944194494
2023-09-29,9,96,0.5989369901184768
2023-10-15,12,158,0.7553738392138012
2023-10-09,16,39,0.3492156958418837
2023-05-20,17,59,0.10209751773458631
2023-12-07,19,49,0.13836680451436256
2023-03-12,15,93,0.5208264847277606
2023-01-19,25,65,0.3364774577591314
2023-12-12,9,33,0.5727341187528739
2023-07-22,15,194,0.451617321102705
2023-03-12,19,66,0.004251094402825895
2023-10-24,2,189,0.4154144136405523
2023-02-24,11,182,0.45348305691974644
2023-05-03,21,73,0.4687540186646889
2023-06-04,5,156,0.8361771523010628
2023-09-20,7,77,0.5573639420937054
2023-05-08,10,38,0.8689115367488481
2023-06-22,22,132,0.5502365365153356
2023-08-04,12,191,0.7909802707312816
2023-06-28,4,62,0.6690930380232184
2023-05-10,6,129,0.45036550059267266
2023-11-23,7,139,0.15467575980638804
2023-01-24,1,100,0.9523994490595795
2023-02-14,25,164,0.5475324532690118
2023-07-13,2,51,0.9971469080673743
2023-06-11,24,160,0.3422623271957408
2023-01-18,21,142,0.021401349494515
2023-10-01,23,173,0.7583747939031484
2023-01-16,18,96,0.2288111680213133
2023-09-09,4,122,0.7423933596133967
2023-09-29,2,36,0.08526315340824009
2023-11-13,1,67,0.4642055313304688
2023-01-02,17,13,0.9353336125406598
2023-12-02,10,190,0.4572409409431617
2023-09-09,15,57,0.8814320600682397
2023-11-16,25,64,0.7537185973134845
2023-07-08,21,4,0.1565437325325426
2023-02-20,2,79,0.22326160622604163
2023-01-28,17,114,0.9355189156860595
2023-04-22,19,27,0.3806990138264019
2023-07-07,3,1,0.4219166081483423
2023-11-01,9,98,0.2621442244432868
2023-10-30,10,90,0.45553527804022875
2023-07-09,20,90,0.20587638826270438
2023-04-05,7,186,0.5539518509311044
2023-03-31,2,85,0.7895417059434683
2023-11-17,17,13,0.2066752673024883
2023-02-25,11,59,0.34103223642070024
2023-08-06,2,9,0.9278152515296918
2023-01-25,11,162,0.8672307179725356
2023-03-07,4,73,0.5693981936501697
2023-06-04,2,16,0.5513556432577036
2023-10-04,10,36,0.27748940928052523
2023-05-01,7,113,0.32802310731416906
2023-11-07,9,74,0.9156937082116737
2023-10-31,2,17,0.7007803479743917
2023-03-05,6,179,0.6951292394842292
2023-07-08,14,152,0.5232063691159567
2023-08-27,24,113,0.5280690941502676
2023-01-07,21,91,0.5487541438873226
2023-12-19,10,180,0.21345111360048208
2023-10-16,15,104,0.8289799422769751
2023-08-12,21,172,0.22717929010536952
2023-05-17,3,113,0.9396478791814175
2023-06-10,14,114,0.8788151152737853
2023-08-19,15,77,0.6987122852019017
2023-11-12,5,9,0.6431555137079827
2023-06-05,20,116,0.1766296609963709
2023-08-02,25,4,0.42831338553690057
2023-05-17,2,150,0.8320857364302111
2023-10-28,13,136,0.6205372201841646
2023-04-03,5,176,0.6818531911560431
2023-11-10,14,87,0.49689944680209086
2023-03-31,16,185,0.3721711921843994
2023-01-23,6,79,0.09900348491045607
2023-04-21,11,61,0.7419050576381344
2023-08-18,3,135,0.44378208189841795
2023-10-18,25,153,0.311616966289754
2023-08-02,17,151,0.9837483923618402
2023-07-18,22,104,0.7584834694283016
2023-12-31,15,68,0.8239710343202672
2023-09-21,2,170,0.7555790465274441
2023-05-11,14,162,0.3637833877248102
2023-10-31,7,145,0.3789900632638318
2023-04-10,3,165,0.7688136373163353
2023-08-25,16,46,0.3719866781819946
2023-05-07,22,70,0.33099268059637243
2023-09-28,25,113,0.9154689423454984
2023-09-27,20,75,0.9852804981710163
2023-02-22,2,11,0.5483842348304331
2023-01-14,22,31,0.3439637779679132
2023-09-04,23,166,0.3168237219112753
2023-04-25,9,38,0.5024693448114301
2023-10-19,18,128,0.9721061611814086
2023-06-27,10,109,0.4384511604883592
2023-11-09,5,188,0.9027769985310611
2023-05-11,21,38,0.457042055318993
2023-12-13,5,149,0.5210512495636198
2023-01-21,4,162,0.9211245406037036
2023-02-05,3,83,0.47677158352325033
2023-12-03,6,126,0.14770002559204098
2023-08-01,23,8,0.9396659399661526
2023-11-07,23,135,0.6734661054702278
2023-04-10,3,111,0.1538692894239424
2023-05-13,24,113,0.6425253808733119
2023-12-21,11,44,0.9572757541384727
2023-10-16,16,76,0.11960238307159887
2023-12-01,17,36,0.2586281565008749
2023-06-17,21,44,0.16445189922427927
2023-06-17,23,156,0.5092262788264885
2023-11-03,24,66,0.8728781918336006
2023-11-16,8,161,0.8058858086539544
2023-04-18,25,4,0.595565997567195
2023-07-05,23,114,0.05181578775632023
2023-06-09,6,28,0.4809787761168046
2023-11-29,11,75,0.9916884862508722
2023-05-17,20,192,0.5289817652581317
2023-10-02,4,14,0.9293851356148177
2023-09-10,9,97,0.7614286079543223
2023-05-31,8,138,0.060807786948269604
2023-03-13,21,168,0.7353340396255431
2023-07-01,23,159,0.6596771076712881
2023-09-19,5,15,0.8579544512828312
2023-05-15,9,120,0.854045466884643
2023-05-22,15,100,0.6473311855264584
2023-10-09,21,153,0.00637393395215069
2023-10-27,5,25,0.06714165195449073
2023-01-17,13,75,0.6046892039184497
2023-08-29,6,95,0.514845196281931
2023-01-03,24,71,0.9354890577767879
2023-04-17,4,51,0.08147171025078237
2023-08-06,4,116,0.6580993779464199
2023-03-26,13,133,0.12711645063471955
2023-06-22,16,15,0.446992117169838
2023-11-13,9,89,0.867635880384496
2023-09-04,16,101,0.8262885506521755
2023-05-10,14,132,0.7918889161923326
2023-08-03,11,114,0.11528884256612126
2023-06-01,16,81,0.5876662970461808
2023-07-22,16,58,0.751347499517647
2023-08-23,7,151,0.612349250273544
2023-10-30,17,101,0.17965988079189665
2023-09-16,14,56,0.8538454869178665
2023-03-26,11,107,0.39826397576492045
2023-11-11,12,106,0.3638593966959709
2023-07-27,12,197,0.5497041057767208
2023-12-24,9,135,0.46872185565403
2023-11-30,23,50,0.4027246935379447
2023-07-16,14,151,0.10813752775655028
2023-02-11,19,64,0.8617928410204153
2023-02-21,23,142,0.9061246367978221
2023-01-22,4,74,0.9545461676260097
2023-03-26,12,27,0.9320430030127193
2023-08-10,14,5,0.29897232912695504
2023-05-20,4,30,0.19802172526770367
2023-07-10,15,123,0.6127858478735771
2023-02-11,19,100,0.24964811723665525
2023-12-14,3,164,0.9829585412254112
2023-04-06,21,64,0.9921090762300501
2023-04-26,10,194,0.17418338351827833
2023-08-19,25,66,0.17014604148550705
2023-10-25,4,134,0.1422961770998976
2023-04-26,10,25,0.3059542748207844
2023-11-07,22,41,0.10788919289733301
2023-07-21,16,186,0.47324286726726206
2023-02-01,5,163,0.3891556182647996
2023-05-21,1,11,0.030783240657795474
2023-10-21,10,192,0.22326594934059873
2023-09-10,5,14,0.8240946216068992
2023-06-27,7,88,0.5928857105649441
2023-12-31,20,29,0.19352265210882502
2023-12-22,4,195,0.03869276703014246
2023-05-08,22,165,0.14937730454381448
2023-11-12,6,27,0.4228734793920673
2023-02-22,2,68,0.7023983751669968
2023-05-12,7,181,0.35040016293269816
2023-04-07,8,146,0.3156805481228282
2023-03-29,19,40,0.4714633659599302
2023-02-21,24,28,0.7525665024712082
2023-04-04,7,182,0.12364360332189128
2023-07-06,11,117,0.5848360082836083
2023-06-10,18,20,0.03649016852236375
2023-12-31,24,37,0.05125521442452852
2023-10-03,11,118,0.3121768245875276
2023-09-14,6,182,0.21820489107623153
2023-03-23,19,180,0.5033255592876456
2023-09-07,20,47,0.8742286766155247
2023-03-15,16,150,0.4382556100661905
2023-09-21,12,2,0.28740054142182736
2023-10-27,6,53,0.3601750565539261
2023-07-14,19,133,0.19970229897634972
2023-09-25,15,29,0.9420366097591906
2023-08-24,6,173,0.6937601047289206
2023-06-03,1,172,0.007291649752324103
2023-10-28,23,77,0.086420003538761
2023-02-13,7,151,0.34345588079004163
2023-11-11,6,86,0.7529218775958962
2023-09-06,6,190,0.35196152382839807
2023-05-04,23,21,0.802244433278167
2023-04-17,11,44,0.14905063995520795
2023-01-18,11,130,0.42958943604846844
2023-03-07,3,97,0.20844978705784245
2023-11-27,20,200,0.7035067323628823
2023-10-10,15,105,0.1708340866255108
2023-12-13,16,134,0.61055578426406
2023-06-01,21,144,0.6835081938136252
2023-03-15,24,25,0.9099359950734527
2023-12-07,13,47,0.3956054060947791
2023-03-06,1,55,0.8607906506314482
2023-01-26,16,123,0.4228655368882679
2023-02-23,15,93,0.31794120332025133
2023-05-14,7,179,0.5217548442654423
2023-06-16,11,163,0.29083027016281593
2023-03-06,22,50,0.15309545721400908
2023-06-08,8,68,0.21856425985879024
2023-01-21,15,23,0.6100531563463303
2023-05-10,10,1,0.42405316753743727
2023-11-10,23,76,0.636738218652123
2023-06-13,23,50,0.3651808633827909
2023-02-07,24,154,0.41629325404878825
2023-02-28,6,179,0.4487153598844912
2023-07-23,2,30,0.7488573967516633
2023-02-11,18,44,0.3114658354701848
2023-09-08,2,139,0.35980358105120713
2023-12-14,25,124,0.29475843284848335
2023-09-10,12,61,0.5834215907670914
2023-01-13,22,141,0.25936601092389433
2023-04-29,25,49,0.18519835536629525
2023-01-06,18,32,0.8959784326346152
2023-07-23,3,181,0.6057026080971187
2023-11-10,20,96,0.5037490756338756
2023-08-19,22,6,0.7618379184846265
2023-06-15,24,66,0.09039508339573776
2023-01-27,10,100,0.13581040505480402
2023-03-02,2,124,0.9631368872663008
2023-05-25,23,108,0.5041074676697821
2023-11-16,22,70,0.524871844699739
2023-04-01,23,10,0.3523055650282584
2023-07-23,23,93,0.036562062608238244
2023-06-15,8,13,0.6919294749871304
2023-06-03,1,175,0.1416762594453076
2023-09-23,14,172,0.7357696964218552
2023-12-28,12,178,0.478595027700753
2023-06-20,10,151,0.6263194430421484
2023-06-14,11,125,0.7073271467880069
2023-07-30,20,42,0.33811079611649175
2023-11-08,25,174,0.24389966801144325
2023-04-20,3,53,0.3627485729224703
2023-01-09,11,135,0.3236349145934194
2023-09-10,24,5,0.03815434507336468
2023-11-30,1,185,0.3258812364805497
2023-12-12,13,173,0.6331356943090016
2023-06-04,19,48,0.6012391833587133
2023-04-11,20,136,0.9266943445731913
2023-05-01,24,96,0.6466429638048963
2023-07-30,11,154,0.48717899707136547
2023-11-11,16,23,0.9864775450840086
2023-01-31,24,148,0.4252660074666189
2023-10-03,11,133,0.8634387183703828
2023-07-11,10,123,0.21887808295681166
2023-06-30,19,96,0.158242593785761
2023-01-18,8,104,0.9888594493775484
2023-09-18,9,97,0.11089675655255815
2023-09-04,11,154,0.48161640182611554
2023-07-01,4,197,0.5807023308315579
2023-09-12,2,195,0.31853229022235874
2023-06-22,18,109,0.07298493173981513
2023-12-21,18,23,0.44963784259112927
2023-01-29,9,21,0.46795586905439923
2023-09-28,9,179,0.3701326603381131
2023-10-10,8,178,0.6569330064487814
2023-11-20,17,123,0.7369056144684965
2023-10-11,10,57,0.18334240730039486
2023-11-09,5,130,0.7996977486396791
2023-04-05,20,111,0.7963900931464976
2023-09-08,17,132,0.4081504596802782
2023-10-31,1,134,0.11737455158968291
2023-06-15,13,98,0.25931875540210736
2023-09-19,3,116,0.26657436835986137
2023-12-03,15,120,0.8726063164769499
2023-06-29,3,175,0.6009754007877561
2023-11-09,10,105,0.3312572907162581
2023-07-13,3,119,0.28121224997388905
2023-10-06,14,126,0.2715200339961278
2023-08-03,22,2,0.047252098659734565
2023-03-23,12,82,0.47301205067664664
2023-10-24,10,172,0.8487913559578384
2023-04-27,18,138,0.9811262047090835
2023-05-07,2,57,0.07690145090371392
2023-08-06,19,166,0.3005912339236352
2023-06-06,3,108,0.6242416103045066
2023-07-20,4,191,0.7427107491341763
2023-06-11,1,57,0.4970276418133911
2023-01-07,18,176,0.239212976369249
2023-12-12,23,197,0.4942580748938942
2023-05-08,6,116,0.9885722247832284
2023-06-06,21,26,0.8815851603444967
2023-01-28,18,120,0.5609227870558137
2023-03-24,16,81,0.9121137655205416
2023-05-10,4,84,0.7668444997197126
2023-01-03,14,14,0.36310343039831905
2023-05-23,17,43,0.5000835626932643
2023-01-30,25,26,0.6746855314724122
2023-01-01,9,138,0.32541468160960785
2023-11-16,4,180,0.41807246063119696
2023-12-01,1,5,0.45899193690754425
2023-06-06,13,72,0.7320176561482444
2023-12-08,16,76,0.20179902502149827
2023-06-25,10,36,0.6814313033779437
2023-06-30,5,112,0.8990876367732551
2023-08-10,25,160,0.9096099441890345
2023-12-03,6,181,0.6356044170173674
2023-08-21,4,147,0.05291276756138541
2023-12-25,21,51,0.3853120351779311
2023-12-28,17,189,0.45158157931203413
2023-01-12,23,36,0.3734020566595916
2023-12-28,17,56,0.2593192659116277
2023-07-13,2,72,0.5873871353985068
2023-09-17,4,74,0.3242975469391449
2023-12-26,22,3,0.6094343312053125
2023-02-07,25,111,0.48308055004477535
2023-04-25,17,182,0.6805870354148873
2023-02-14,6,47,0.6121357601424475
2023-12-16,18,42,0.20150115316586803
2023-11-04,19,93,0.08462195648736082
2023-08-22,25,120,0.7663760912143338
2023-05-07,9,197,0.6005736169851227
2023-01-01,22,45,0.28474768611305057
2023-11-13,11,157,0.9703586692812322
2023-02-06,12,119,0.8336819683128885
2023-04-09,1,125,0.8205511734623255
2023-10-23,15,43,0.8488104160422354
2023-10-16,24,91,0.9595766216875982
2023-01-13,11,15,0.9517441092835166
2023-09-12,17,89,0.8281758358682397
2023-05-06,16,181,0.689920417650753
2023-01-13,8,129,0.7889470211223184
2023-06-18,14,175,0.7814600883329119
2023-01-28,11,199,0.9796501476788695
2023-12-31,25,86,0.9848554495139686
2023-03-06,9,153,0.3748404482899437
2023-08-30,7,148,0.8443653840381183
2023-09-27,23,13,0.33913403933182584
2023-08-21,19,192,0.7928109983091748
2023-02-02,3,20,0.6817724637490403
2023-01-10,11,17,0.8455646550460016
2023-11-22,24,98,0.23811341563554933
2023-04-22,8,24,0.8752036973474271
2023-04-08,8,5,0.9802965719119473
2023-09-24,16,198,0.909764651281123
2023-11-02,23,48,0.6117792882923133
2023-05-12,21,33,0.27819181858524467
2023-05-11,3,120,0.931279766402038
2023-01-26,23,161,0.6578878603331672
2023-05-15,6,81,0.28933924423890867
2023-07-11,15,127,0.9249301154255793
2023-06-30,11,92,0.09677843962792043
2023-11-06,2,138,0.899040383191377
2023-01-15,3,65,0.3411107334069934
2023-07-13,19,152,0.3788678785213081
2023-01-17,22,125,0.7241519706736309
2023-07-18,16,81,0.47169451788462213
2023-12-05,6,67,0.12755577054062917
2023-02-23,3,170,0.10433580684482568
2023-03-17,21,99,0.49617260304995026
2023-07-02,17,91,0.5804366367672272
2023-03-25,13,125,0.994799420679962
2023-05-18,23,120,0.6522955380964689
2023-02-09,21,1,0.09777072770408912
2023-07-31,24,124,0.6114247506278344
2023-09-07,23,91,0.9069048724069536
2023-07-19,15,139,0.5453576116215155
2023-11-14,12,87,0.9644903388980025
2023-03-01,16,142,0.20959159908439373
2023-08-09,7,18,0.07520734472210644
2023-01-28,15,47,0.3142718696786909
2023-08-12,22,96,0.6685744032006868
2023-05-13,3,72,0.9418304629199927
2023-10-04,16,153,0.031615673800650446
2023-01-30,8,4,0.5497079963415344
2023-06-11,14,50,0.34364920306506996
2023-04-29,16,3,0.9132185935836215
2023-09-24,18,51,0.6381612636271907
2023-06-06,1,112,0.6424353619856172
2023-06-21,13,136,0.9494292713003276
2023-08-23,3,194,0.6324479614337062
2023-03-14,10,124,0.32505227867106024
2023-09-07,19,172,0.47372772318219747
2023-10-11,12,25,0.06375383440564941
2023-02-16,22,170,0.08996786428625858
2023-04-27,25,179,0.8575844300533783
2023-02-10,1,177,0.9548085254656133
2023-11-17,4,70,0.46152495771832036
2023-10-09,17,184,0.10641457557842193
2023-04-24,8,45,0.24721706508913077
2023-01-16,13,136,0.6497410365096239
2023-04-20,22,180,0.547376291512787
2023-07-05,20,102,0.03207536280530732
2023-08-27,11,109,0.20258446002147013
2023-06-10,15,133,0.4259972081851887
2023-08-03,11,133,0.48632494556705275
2023-10-13,13,57,0.759471300408763
2023-12-22,10,55,0.02510564953911465
2023-10-13,19,147,0.7491819585127948
2023-09-28,6,89,0.5673116341125818
2023-06-11,19,190,0.2615268877639566
2023-06-15,17,95,0.5865194261558103
2023-01-27,22,73,0.23239867043468843
2023-07-19,23,89,0.2608221480558097
2023-06-12,23,73,0.5121428290684245
2023-09-02,23,23,0.07628713307064872
2023-02-16,9,95,0.7471034738510208
2023-10-14,17,150,0.3418627819162552
2023-11-17,3,7,0.20472345995517716
2023-02-28,9,104,0.9777798702840437
2023-01-03,20,78,0.37032839558203956
2023-04-06,21,12,0.3432958570005913
2023-07-10,8,161,0.8274884435872127
2023-06-20,11,166,0.28607280427058557
2023-11-03,1,190,0.3390046199050669
2023-10-22,6,167,0.7947917070507466
2023-07-25,23,26,0.38739784255826926
2023-10-13,1,8,0.5699366394271022
2023-04-03,4,21,0.5540973679230573
2023-06-20,1,95,0.4026246117441248
2023-09-14,19,161,0.1419729138446192
2023-06-16,17,87,0.8385089917466615
2023-01-15,13,149,0.8559509596693186
2023-10-24,5,1,0.44000580199492545
2023-02-19,21,197,0.7677318785589285
2023-10-23,12,104,0.8720110636678259
2023-08-09,24,74,0.7494376063161521
2023-07-29,16,138,0.23210367390869846
2023-07-01,16,15,0.11087658458210714
2023-04-29,1,31,0.7660878113449564
2023-09-29,11,200,0.784790254502434
2023-11-30,18,120,0.769432933392568
2023-08-16,6,178,0.2044789597003419
2023-02-25,11,182,0.42901367163845483
2023-01-22,17,24,0.4638121715785464
2023-08-28,16,186,0.6320747739191385
2023-04-28,17,152,0.6841904474072877
2023-06-17,12,35,0.180836060793782
2023-03-24,14,92,0.20407420614924243
2023-06-19,22,156,0.3372045714959506
2023-07-23,2,2,0.2862494154525226
2023-05-09,24,37,0.39600111049751696
2023-01-31,17,49,0.5876269473565839
2023-04-01,23,82,0.8220039853277477
2023-06-06,24,71,0.6474771019554056
2023-07-13,23,170,0.22370408079557802
2023-04-16,21,119,0.08970178387803196
2023-07-25,6,159,0.1928141430486181
2023-12-28,7,65,0.27477039151259064
2023-02-20,9,136,0.7160771577641271
2023-07-13,15,9,0.5319816284347044
2023-04-22,17,186,0.4543878517302632
2023-06-04,11,23,0.4156796414168433
2023-03-03,8,51,0.6860250668308161
2023-04-16,12,156,0.2899503399709916
2023-12-12,6,183,0.2306159125643894
2023-09-04,15,43,0.6661995471042467
2023-04-30,8,67,0.9610297772455922
2023-05-20,16,2,0.22764911411093947
2023-06-02,7,120,0.9472584522129422
2023-11-18,12,181,0.8830172572407917
2023-05-31,24,45,0.9645948898840689
2023-12-12,8,188,0.01585688564091714
2023-11-19,11,144,0.7812025141636343
2023-06-27,6,132,0.5914727295855398
2023-03-25,5,81,0.9659505522721143
2023-08-13,17,146,0.6117397066376808
2023-12-25,3,10,0.34663698668866905
2023-05-03,5,59,0.31123665815901425
2023-05-14,11,78,0.44961682845436135
2023-10-23,9,51,0.5234936510635428
2023-01-30,9,47,0.9357690533075165
2023-09-29,13,112,0.2639328936944012
2023-12-25,24,99,0.8609969188810511
2023-04-29,13,145,0.21447633125518906
2023-03-12,13,16,0.0032064362033573657
2023-06-04,4,132,0.7480799449762562
2023-09-02,3,112,0.9088881553164229
2023-09-24,19,101,0.6965790585928727
2023-02-08,19,112,0.7722554997048889
2023-03-16,4,1,0.760913149597569
2023-06-27,7,194,0.07109408339653922
2023-11-11,18,180,0.5617360072579858
2023-12-04,11,118,0.9112804984880807
2023-12-20,3,6,0.16858917164332055
2023-11-23,18,7,0.8515479501859697
2023-05-30,24,82,0.6494488786699345
2023-06-26,10,8,0.4284446938113905
2023-11-14,4,198,0.5133943017361886
2023-11-15,19,2,0.6720600329774387
2023-02-06,2,178,0.7781743904389513
2023-08-08,17,114,0.05389982780820157
2023-09-14,23,111,0.8947099648145976
2023-06-24,22,157,0.29329313899647336
2023-09-27,6,131,0.5829970605661923
2023-07-10,1,126,0.6997539177099609
2023-01-01,20,150,0.6500326708164971
2023-07-20,19,173,0.3239289760074632
2023-03-09,17,1,0.7044425436040437
2023-08-03,19,110,0.39129370115187767
2023-09-01,7,108,0.09236124220313735
2023-02-06,8,192,0.934467541018607
2023-01-24,7,97,0.12138634496601619
2023-10-21,4,30,0.986467340876476
2023-07-21,18,143,0.5649534407603554
2023-06-24,16,52,0.38343328780132324
2023-08-18,24,22,0.6455742594736141
2023-07-17,12,6,0.5027280862952361
2023-12-22,6,146,0.028614507956692292
2023-06-07,6,46,0.3863950422641784
2023-12-10,6,61,0.20964045725955582
2023-02-14,23,190,0.011531434717985567
2023-03-15,15,159,0.34071878026036906
2023-04-05,5,63,0.294355550956497
2023-07-26,4,85,0.8415882812697747
2023-12-17,3,103,0.7701534187932004
2023-12-23,16,196,0.797912467608017
2023-10-19,12,33,0.161351376308964
2023-03-18,5,41,0.8716742390066968
2023-11-18,20,125,0.6527929899709397
2023-08-29,11,31,0.7838345433933139
2023-12-24,16,27,0.5916711592593402
2023-02-02,4,114,0.12124751004077328
2023-05-14,3,77,0.5846941236598564
2023-01-10,5,111,0.568537036743958
2023-09-11,4,91,0.8485760280178952
2023-08-17,25,176,0.7223143830152157
2023-07-13,15,165,0.23079506146962392
2023-09-22,11,64,0.753836449852395
2023-11-16,25,184,0.7222392830126322
2023-05-24,10,146,0.8424196535939168
2023-11-29,9,12,0.6303448401504683
2023-06-30,20,200,0.11174511436822998
2023-04-21,19,19,0.16061886995846797
2023-10-16,3,158,0.3759574626334088
2023-06-02,1,194,0.33495969705649553
2023-10-19,22,102,0.6000058611730786
2023-04-11,4,144,0.9147685781946681
2023-03-24,6,167,0.618869616531133
2023-06-10,14,119,0.4763391847865338
2023-08-05,17,166,0.24049945197350975
2023-10-11,11,158,0.7757455999843276
2023-11-07,17,54,0.9785279677312042
2023-12-26,11,59,0.34060770143317287
2023-02-16,7,49,0.6932797889001953
2023-05-23,5,169,0.7219216826951483
2023-08-26,25,139,0.9531127963869341
2023-01-08,11,107,0.7184308089863282
2023-11-30,23,104,0.4590744638324056
2023-02-08,22,86,0.7104562396824419
2023-04-12,25,6,0.6457667873475589
2023-11-04,20,147,0.0918298740870378
2023-10-13,1,138,0.9336288704741021
2023-09-12,24,121,0.46237018357291737
2023-12-17,2,198,0.9176535841144745
2023-03-28,17,102,0.5077925315698381
2023-11-04,13,127,0.34377099505107145
2023-08-17,5,143,0.275439920432783
2023-11-27,14,117,0.1288736517860063
2023-10-12,8,152,0.2241909600060833
2023-10-11,20,67,0.3093772813501996
2023-12-21,17,69,0.200862516754988
2023-07-06,9,169,0.5509462827334035
2023-12-18,19,75,0.9605251516476546
2023-06-12,22,77,0.419422358773306
2023-02-27,4,64,0.7674788548615529
2023-06-16,18,15,0.8049150092896112
2023-01-02,11,128,0.9490559071677498
2023-08-24,25,49,0.9088512167860234
2023-12-13,10,3,0.5824874033150458
2023-01-18,2,142,0.46891685939031025
2023-09-15,14,108,0.3554934946036833
2023-10-25,12,91,0.3365553051160739
2023-04-28,12,76,0.5979927070707494
2023-12-07,24,64,0.3665304048901292
2023-02-07,8,21,0.8357415365894214
2023-04-14,20,63,0.2953987264825534
2023-10-08,20,127,0.24176640715875075
2023-09-27,12,18,0.4747601553300952
2023-10-05,16,176,0.43311522002559966
2023-11-29,7,23,0.08760570454773353
2023-06-08,17,163,0.41089458278664803
2023-06-29,13,99,0.1561632166238489
2023-11-25,20,30,0.6999405680777692
2023-09-30,7,106,0.49285972781166243
2023-04-05,21,158,0.7732788522619255
2023-05-11,5,67,0.7084327303371883
2023-09-23,24,171,0.9998595500230041
2023-03-22,22,118,0.2840539094850719
2023-02-18,8,2,0.7522671061257923
2023-10-16,8,29,0.865873231316753
2023-09-03,7,14,0.7335784658529102
2023-10-12,20,86,0.41237306484206115
2023-03-05,17,59,0.7949911122607831
2023-03-22,17,45,0.39700492742733595
2023-03-08,6,40,0.17354022043165118
2023-09-29,25,107,0.5856425527987154
2023-02-15,20,181,0.8919182554793589
2023-12-12,18,197,0.3027537749243182
2023-03-28,9,163,0.4452745628875523
2023-02-02,20,138,0.055726439516634474
2023-04-23,14,41,0.13280546920187175
2023-08-03,14,100,0.6681185416462326
2023-04-17,22,27,0.22591814698151813
2023-02-17,3,25,0.5858223595851122
2023-01-18,23,118,0.05557224065634603
2023-10-05,4,138,0.790042388503805
2023-07-28,18,160,0.36927132322629075
2023-03-13,25,130,0.4571256983267201
2023-03-11,6,185,0.37150014445565205
2023-07-31,20,187,0.3989973205560784
2023-09-02,24,167,0.363925394548559
2023-12-28,4,51,0.9368534904672436
2023-11-01,12,127,0.42924939976321685
2023-09-24,11,118,0.45634148070291736
2023-12-05,6,92,0.8618375938464895
2023-08-29,12,114,0.7432682051381926
2023-06-06,21,182,0.07898364348516962
2023-09-06,24,28,0.2696849078753343
2023-01-14,1,21,0.522527498769359
2023-04-10,24,65,0.3092433995049314
2023-05-08,2,91,0.48556361276262117
2023-08-29,15,69,0.4502344083623703
2023-12-07,14,86,0.090726601377358
2023-04-09,5,56,0.2879548761017878
2023-07-01,5,51,0.8585379291037365
2023-05-10,9,86,0.2429085227632357
2023-11-23,13,60,0.19489481416654286
2023-04-02,1,58,0.6150224433933618
2023-08-06,18,20,0.009263457675594555
2023-05-07,13,132,0.98696200001925
2023-10-25,11,84,0.6614121774669852
2023-11-09,11,180,0.34400053730527413
2023-12-16,8,157,0.3786823404316808
2023-12-19,4,117,0.9353608708824259
2023-11-17,1,53,0.44787246546156445
2023-09-27,12,6,0.03335369859739101
2023-07-12,10,113,0.3573246865696649
2023-07-31,8,23,0.5027857356190479
2023-06-07,1,94,0.6742306921195886
2023-03-22,19,141,0.8270209025120421
2023-04-05,12,76,0.6223285054728264
2023-07-09,3,183,0.060570821265480745
2023-02-15,21,189,0.2520364021021292
2023-10-28,18,24,0.06691806954397783
2023-12-20,19,63,0.8652265909449051
2023-10-07,8,36,0.8223621505645057
2023-02-08,11,1,0.06081876263447705
2023-04-17,17,21,0.4226723228402446
2023-03-28,23,157,0.35404179302409855
2023-06-29,16,137,0.22417048132287276
2023-03-05,16,77,0.47082271181742297
2023-06-19,17,46,0.008659639810786546
2023-11-12,13,173,0.3640555032775874
2023-11-10,15,168,0.3026871574664134
2023-10-02,8,127,0.975535810005659
2023-08-08,6,13,0.7470414217125192
2023-04-03,2,161,0.2420874772985191
2023-07-09,5,117,0.7308993474206057
2023-04-01,11,159,0.39298049172755
2023-09-01,23,5,0.02239946787095548
2023-04-14,9,148,0.9561887236049487
2023-02-21,13,195,0.09910421879459852
2023-08-29,24,97,0.8076560534155394
2023-06-30,11,36,0.8984607357796468
2023-12-05,22,31,0.16812290115897432
2023-09-12,16,164,0.75397349891668
2023-04-02,21,159,0.48444395153024256
2023-03-25,25,189,0.9760550364611368
2023-05-20,2,82,0.2583233554408627
2023-08-20,18,80,0.4514134353305662
2023-05-08,8,79,0.560326455374274
2023-08-14,2,6,0.2238817499672382
2023-10-09,18,100,0.916283782413515
2023-02-25,20,126,0.90390810069763
2023-08-04,25,82,0.9042397223995259
2023-10-19,2,42,0.9190894834579966
2023-12-10,9,165,0.8881781470197537
2023-05-22,15,102,0.4586896870956285
2023-08-17,10,69,0.6682096988093945
2023-04-26,15,20,0.9248484308455664
2023-05-21,7,125,0.27715413044122295
2023-03-20,25,164,0.429069491121434
2023-01-27,3,86,0.448792830427997
2023-11-16,4,84,0.7261842144976673
2023-06-27,2,86,0.20431702358852133
2023-12-30,11,30,0.9025447825888522
2023-09-01,3,10,0.9266555811915675
2023-01-06,2,160,0.4561223679275004
2023-03-27,22,9,0.46473106968604205
2023-01-06,11,191,0.5108355486913702
2023-08-31,13,39,0.3548395818266681
2023-12-19,25,119,0.29833427333448503
2023-09-26,14,169,0.44184515857574824
2023-05-24,10,90,0.6022024156040117
2023-06-09,7,195,0.5517584469872593
2023-04-15,14,198,0.8577199532414158
2023-03-02,18,177,0.34813150175301544
2023-08-16,25,44,0.8711204254638464
2023-02-26,18,88,0.274226986258993
2023-03-17,3,79,0.44264291005101575
2023-12-13,15,81,0.692281563972133
2023-02-15,1,90,0.7954670379527319
2023-12-11,16,55,0.5844007746631801
2023-02-08,9,137,0.3265064512214618
2023-09-04,7,132,0.180633257297651
2023-12-21,8,21,0.31554354556181463
2023-03-29,12,119,0.36990689480622485
2023-03-14,15,132,0.07799404322110337
2023-10-25,23,133,0.8994017430994269
2023-12-08,21,133,0.7728096841227392
2023-06-06,6,156,0.32967829085980316
2023-10-14,17,181,0.9786922489440061
2023-07-12,5,64,0.0735510508454631
2023-09-02,23,190,0.6433003729506775
2023-12-09,13,104,0.3813985693972446
2023-01-11,4,198,0.2618695673786996
2023-08-02,14,66,0.5999800457266109
2023-12-01,25,39,0.8034879212042575
2023-11-20,18,57,0.7199602519438576
2023-06-17,17,10,0.7762097830024632
2023-06-01,21,173,0.7604250162878525
2023-06-05,16,195,0.37924321945750916
2023-06-04,22,107,0.3397020616975319
2023-07-12,1,54,0.059461464471002534
2023-06-15,22,165,0.05918767537970637
2023-08-31,8,188,0.3677241062003911
2023-09-24,23,49,0.28990206723668044
2023-11-21,14,65,0.010357443812360145
2023-12-08,22,107,0.0889481196469013
2023-05-29,3,158,0.858429508378917
2023-05-27,9,16,0.2817193619398831
2023-06-04,9,29,0.7611741974854586
2023-01-18,14,76,0.45142585572458094
2023-01-16,11,14,0.3915627767304303
2023-07-21,23,80,0.22796632194191901
2023-04-20,20,137,0.04812943344551701
2023-08-15,5,98,0.8036806906850713
2023-10-05,14,38,0.33557679249712247
2023-12-06,12,66,0.9828274124456801
2023-04-27,3,111,0.7575100382847741
2023-06-23,15,107,0.3658078429346484
2023-06-28,6,18,0.6172655091980331
2023-12-29,15,50,0.2524367484541046
2023-01-27,1,36,0.7887183906726069
2023-12-02,15,183,0.6986721636076088
2023-05-21,24,73,0.6728756443042313
2023-08-13,13,194,0.6107699876121307
2023-07-03,15,160,0.10960700660114231
2023-10-02,3,106,0.45618201898595434
2023-01-26,8,1,0.22282067263122918
2023-05-12,21,176,0.011059591732949903
2023-10-20,10,197,0.6519027784152003
2023-05-23,6,84,0.18614336678880627
2023-11-01,23,72,0.7382521193928445
2023-03-20,6,42,0.1660370971580949
2023-07-23,21,71,0.31473557475573655
2023-06-01,11,23,0.4696501794766459
2023-05-10,5,123,0.9868806983627689
2023-05-03,21,30,0.5789931880968262
2023-02-15,25,24,0.9359263573831682
2023-10-25,13,134,0.5822582854801444
2023-01-14,16,170,0.9937727477440516
2023-10-31,9,32,0.9424348997586491
2023-12-21,3,138,0.5909349053110801
2023-02-28,5,184,0.27951034286742205
2023-07-25,9,100,0.4774855546349104
2023-04-05,16,4,0.12947192272807406
2023-03-28,22,20,0.6251371744755079
2023-10-06,13,129,0.922204491550635
2023-08-14,3,50,0.20709036081572685
2023-12-22,21,165,0.7843781813397696
2023-02-14,23,62,0.9410168593762929
2023-09-27,21,102,0.7207239877381205
2023-07-28,12,65,0.08686204069721493
2023-05-31,18,125,0.07949005386902575
2023-06-13,1,2,0.04608423424313779
2023-11-07,14,21,0.4630556329183033
2023-06-07,22,191,0.5097496619634777
2023-03-03,7,44,0.6954098178501544
2023-07-14,23,92,0.14087881482070164
2023-10-18,18,52,0.5295625773081766
2023-01-14,21,130,0.5245577038448507
2023-11-01,1,75,0.3249327547299331
2023-10-24,9,187,0.19984278904501607
2023-01-18,10,100,0.9191901559329868
2023-02-20,19,111,0.5179533525277046
2023-11-11,2,131,0.6634169081409071
2023-10-26,12,128,0.668104761196917
2023-06-10,13,136,0.056180622968403204
2023-02-03,11,42,0.5993086691231775
2023-02-01,6,141,0.683706293885609
2023-08-02,5,79,0.19049247821537907
2023-02-04,8,151,0.43187578288045336
2023-12-04,21,44,0.9446911835478005
2023-01-29,1,149,0.7646989407987946
2023-07-09,6,82,0.7349193173348718
2023-05-03,4,121,0.47271712547563083
2023-05-10,1,196,0.784813376470237
2023-02-26,18,142,0.1688343348193383
2023-12-25,20,116,0.43101118259481397
2023-10-25,5,125,0.022485666118483127
2023-07-18,17,56,0.33909241072566254
2023-01-18,1,66,0.10106998923408228
2023-10-02,12,182,0.6312350983912818
2023-02-04,23,200,0.7758934422420193
2023-05-24,23,138,0.36197250267506487
2023-05-19,18,40,0.2697036958101088
2023-12-10,9,178,0.32212973135878364
2023-02-19,7,181,0.7406449169087769
2023-05-13,19,175,0.2625502160525762
2023-08-10,13,115,0.17591378734440366
2023-12-02,2,97,0.8914142257748098
2023-01-11,3,104,0.6178920535689718
2023-07-24,15,183,0.41445466559818633
2023-09-23,23,100,0.2618866403497916
2023-09-24,19,165,0.11293855786944718
2023-11-05,23,198,0.27265089730947323
2023-06-28,15,45,0.5703733340969728
2023-04-14,8,178,0.3934244928508126
2023-12-18,5,83,0.7900132543881169
2023-03-26,8,96,0.1449415695130919
2023-06-04,14,168,0.8411574176656584
2023-08-19,15,154,0.2940216312791972
2023-11-15,7,65,0.11704344087430596
2023-07-09,4,200,0.900901629278929
2023-07-25,7,9,0.9943318606819931
2023-11-19,21,76,0.8646893454449145
2023-04-07,24,23,0.711364892150952
2023-12-26,13,197,0.4790925867856278
2023-10-13,14,177,0.013216817972795836
2023-04-30,9,78,0.23192687940782108
2023-09-13,23,3,0.9481910232382083
2023-06-19,21,134,0.393955884274799
2023-01-15,3,162,0.32283285350255386
2023-06-16,4,160,0.008669002239583445
2023-05-12,22,67,0.9296762662409203
2023-08-22,5,6,0.7693103643173125
2023-03-04,17,76,0.38138830834720827
2023-10-08,10,44,0.562965362387529
2023-03-20,10,127,0.9647279404290932
2023-05-20,15,70,0.04174435147922184
2023-10-28,6,123,0.7912328687840604
2023-10-13,13,26,0.1268483203746853
2023-05-14,17,129,0.8205842648557942
2023-01-06,25,195,0.8215521457751157
2023-04-26,16,190,0.9553632229917122
2023-03-23,17,174,0.06579221266962809
2023-11-29,15,19,0.27669662977631015
2023-04-24,7,192,0.5837329030272488
2023-01-24,15,37,0.6774470279561029
2023-11-02,9,38,0.13894241212882918
2023-03-01,21,144,0.4586531081986335
2023-04-01,13,171,0.6522886802049427
2023-05-04,8,14,0.5084741835150989
2023-11-24,12,17,0.6514694699273419
2023-06-19,17,70,0.032871792655145726
2023-06-14,19,1,0.5840923010243467
2023-02-12,19,151,0.2782593915374889
2023-11-08,6,34,0.3845730773882369
2023-04-16,13,51,0.09659305896134884
2023-01-05,4,185,0.24828933729191904
2023-01-19,17,163,0.30230484156565607
2023-07-08,22,94,0.44901333960194567
2023-05-11,3,27,0.9529232833203213
2023-09-05,24,76,0.5362593159151957
2023-04-11,13,184,0.3044813398887928
2023-01-06,21,157,0.458748979783163
2023-02-10,19,63,0.1116522153812417
2023-02-04,2,106,0.9231903243943204
2023-07-21,6,42,0.8423567657928664
2023-11-25,5,91,0.98898417030052
2023-11-26,5,24,0.5942420570925975
2023-07-17,6,81,0.6899210550910735
2023-06-15,15,54,0.32652594717356787
2023-11-09,4,121,0.7508158787485661
2023-03-21,25,140,0.2665657169787369
2023-09-04,18,163,0.7302440277612312
2023-08-15,7,82,0.5772409673195353
2023-08-09,3,171,0.3113816066024546
2023-09-25,16,74,0.02053517445044195
2023-09-10,18,8,0.54792468302901
2023-02-03,21,150,0.34005935675749266
2023-03-15,6,47,0.46011239042071495
2023-02-11,14,188,0.13333799575652827
2023-09-19,23,175,0.23490678348321425
2023-06-22,13,3,0.10735603696063145
2023-06-18,6,44,0.6921886728025419
2023-09-20,13,174,0.8492655173026444
2023-07-14,23,197,0.08479006898429531
2023-07-05,18,70,0.9789078988998906
2023-03-21,7,193,0.1456076595290703
2023-02-18,16,96,0.37211282208941776
2023-04-10,1,94,0.7713559421281234
2023-09-22,5,118,0.5277855126834105
2023-11-24,14,63,0.5640996827421761
2023-04-04,18,172,0.26485060304511787
2023-06-27,14,174,0.7352177784778509
2023-12-22,22,38,0.15479748938508164
2023-11-03,14,92,0.41730531707050067
2023-12-07,5,134,0.8766283768664479
2023-04-07,11,33,0.21782269116265696
2023-01-22,8,198,0.04512907705918345
2023-04-21,5,43,0.6554710328218298
2023-07-05,1,184,0.14256299610127132
2023-01-22,4,195,0.38470809520003857
2023-11-06,4,62,0.15359290701110362
2023-10-13,9,114,0.60318665618763
2023-02-16,12,142,0.6482306512732522
2023-09-25,18,25,0.4069702583794613
2023-05-04,16,93,0.038651894128909015
2023-04-08,13,158,0.13596010207764864
2023-06-14,8,131,0.547906228128423
2023-07-19,1,142,0.42489296684959044
2023-02-28,3,120,0.6105519206311032
2023-07-19,8,106,0.10378288678344305
2023-03-12,24,180,0.5219878897052429
2023-05-29,14,122,0.7220903521708657
2023-01-31,15,51,0.06143349801288711
2023-09-12,22,77,0.05744414530096986
2023-06-26,17,17,0.582701182838538
2023-04-16,10,85,0.5848803862885541
2023-05-30,21,53,0.05370393641094817
2023-10-18,8,178,0.18522214114166036
2023-02-02,7,188,0.6395216468029903
2023-07-16,14,90,0.08938280518120434
2023-10-21,5,78,0.10933180104342965
2023-09-19,15,17,0.9334035697299616
2023-03-28,16,25,0.7250421293469101
2023-12-31,2,144,0.8581737740539164
2023-09-01,22,86,0.7039830613307432
2023-05-04,2,85,0.3268218999397017
2023-09-02,18,176,0.0159621314027818
2023-01-29,9,60,0.2715034410469287
2023-04-27,12,60,0.9400135875374442
2023-12-03,2,103,0.3044351953291272
2023-02-19,22,2,0.8643645279333046
2023-08-19,22,131,0.4613857159753868
2023-07-21,3,114,0.8948424004256784
2023-05-17,14,82,0.6490884762818915
2023-07-04,2,134,0.9987595192732787
2023-12-03,8,27,0.2786455306866473
2023-01-10,14,116,0.46905339725096584
2023-10-17,6,77,0.28998508936369194
2023-02-21,20,107,0.7255215056279126
2023-10-27,6,107,0.5753897455148642
2023-04-01,5,122,0.8513266573721664
2023-10-16,4,42,0.19417725306416023
2023-01-27,11,162,0.2903280779897356
2023-05-18,1,186,0.45162902221441226
2023-03-11,10,165,0.6042936266266586
2023-06-11,2,10,0.12019237045009834
2023-04-28,2,78,0.21976783790284327
2023-07-17,22,124,0.04816504521496179
2023-12-03,11,72,0.7904693210425824
2023-07-03,10,42,0.17858341584507742
2023-01-25,4,61,0.5124993179376276
2023-03-20,3,161,0.394225821951795
2023-07-19,13,57,0.726451881656203
2023-12-16,1,70,0.18514457592859457
2023-10-02,12,173,0.4383491390036288
2023-04-21,14,36,0.732447751698278
2023-04-21,8,64,0.20583937526778318
2023-01-21,14,88,0.20020835976478935
2023-11-02,5,126,0.6597676178307793
2023-09-29,24,145,0.7797763983426388
2023-06-03,7,69,0.05388792206411219
2023-07-27,11,86,0.5151122865010305
2023-03-29,2,97,0.61676470457482
2023-10-06,8,169,0.22866839129887717
2023-09-02,12,87,0.2825620787250107
2023-09-29,23,190,0.6485245909255559
2023-05-08,5,151,0.8993671642704608
2023-05-16,18,31,0.7458883881292004
2023-04-02,17,195,0.7060693032159224
2023-08-01,1,82,0.39665633080800866
2023-06-22,18,47,0.7987860870589716
2023-03-03,24,152,0.3956850100212149
2023-03-14,7,137,0.743572074616591
2023-11-29,17,26,0.361413868738395
2023-04-21,4,125,0.6250900927815428
2023-11-08,21,64,0.2057613003690768
2023-01-20,13,69,0.8583272486518867
2023-12-24,24,119,0.14838965820167438
2023-09-13,10,15,0.22125470613843945
2023-06-06,24,179,0.08848819034284972
2023-11-23,2,82,0.5465522638804304
2023-02-12,21,144,0.34552281278294295
2023-11-18,3,35,0.5736594149114405
2023-11-17,10,177,0.07547327164106599
2023-11-03,18,178,0.9322868165078777
2023-10-23,17,154,0.4073310255095872
2023-06-21,8,91,0.3049673783453791
2023-11-11,2,56,0.5394108749897796
2023-08-24,22,191,0.27856765692854424
2023-04-05,11,100,0.49962878602550065
2023-06-17,11,99,0.8117969372277294
2023-08-17,12,64,0.599369869076585
2023-04-10,1,110,0.6778380639086756
2023-03-20,21,33,0.8977558043797288
2023-01-08,4,48,0.3036363357531422
2023-03-07,23,36,0.13828591357454656
2023-03-24,17,76,0.5325268570623339
2023-02-22,2,31,0.23235971813507694
2023-12-01,9,61,0.39958841380637133
2023-09-03,13,36,0.1811158073115613
2023-04-09,6,101,0.3554117707814093
2023-04-05,25,136,0.844933408156272
2023-10-06,20,173,0.20255981063132922
2023-07-10,7,110,0.5581695167701082
2023-10-16,7,2,0.054818874653596916
2023-03-11,13,200,0.8123892474095284
2023-08-22,2,72,0.6226995105777462
2023-12-26,12,31,0.008872749783727985
2023-01-08,9,115,0.5580271857839965
2023-11-01,11,34,0.770345892990138
2023-12-01,18,79,0.3139712363348599
2023-05-26,6,5,0.7766043486807793
2023-09-01,22,42,0.05219147018579495
2023-05-13,24,1,0.5575580514905996
2023-11-11,17,53,0.6729790740141655
2023-06-22,7,50,0.5142977536381311
2023-10-21,11,137,0.4696068252888078
2023-02-13,14,160,0.4341104888079168
2023-06-20,7,27,0.3349101664544881
2023-04-30,6,140,0.9271283189480154
2023-08-30,12,111,0.6760409808808463
2023-05-02,21,21,0.6548023953535242
2023-09-25,20,29,0.21063909191281405
2023-10-02,24,20,0.3392875728795599
2023-06-26,18,179,0.7406899782295682
2023-12-22,1,94,0.9691884478378288
2023-11-11,18,48,0.5503542562988798
2023-10-19,7,100,0.046518221343874844
2023-02-10,23,200,0.34811040419999395
2023-01-18,21,48,0.8320312154626018
2023-07-11,3,167,0.13488478979555096
2023-05-12,14,166,0.9176456299823775
2023-04-18,12,13,0.2213779935112904
2023-01-25,1,2,0.19491492789937825
2023-02-26,18,71,0.8905858105001672
2023-08-23,1,112,0.9625789840676767
2023-10-28,1,160,0.6215894668252002
2023-04-29,17,100,0.5599971229838355
2023-08-07,4,31,0.03511558185670538
2023-06-02,13,186,0.2525934848239003
2023-01-18,20,174,0.21587354430846395
2023-11-05,23,24,0.6515140313625035
2023-04-19,6,144,0.45542113594534095
2023-06-20,1,129,0.6963933047426683
2023-06-16,15,55,0.43298849755039726
2023-11-24,20,178,0.7775021424253051
2023-11-24,12,149,0.30263652629430715
2023-07-17,15,113,0.67592739821586
2023-06-22,10,20,0.8906428746372287
2023-03-31,15,75,0.6579735021662514
2023-11-04,20,32,0.8175255495526529
2023-12-25,5,160,0.7580766596714443
2023-08-06,4,177,0.8176514805597369
2023-08-14,1,51,0.07773237163128277
2023-11-09,22,149,0.09763820017779201
2023-06-17,7,61,0.9689647415089784
2023-04-08,25,82,0.7602196259592805
2023-07-01,11,51,0.47344252703242673
2023-01-10,14,144,0.7459528734956999
2023-11-03,18,24,0.2333577495518867
2023-05-24,4,20,0.057685319985477546
2023-07-22,24,139,0.34989589308174196
2023-04-05,1,147,0.2303225371279074
2023-12-26,7,107,0.6119745974163375
2023-03-26,4,36,0.16921488827623898
2023-11-14,16,39,0.7079294173164455
2023-10-11,10,62,0.9619310833683196
2023-09-07,3,11,0.9323366730703996
2023-03-12,19,119,0.8035974201775831
2023-09-23,17,33,0.721561918433435
2023-07-05,7,87,0.5105143834098096
2023-05-09,1,90,0.7714103883785517
2023-08-11,9,104,0.23532614165367094
2023-09-06,17,26,0.12410360314874036
2023-12-14,10,21,0.35099427676463035
2023-09-06,8,153,0.2167387600486943
2023-02-27,6,185,0.9426696989246801
2023-03-31,2,63,0.7026923480202991
2023-06-25,16,94,0.08570593139531957
2023-05-20,24,134,0.41269790364863934
2023-12-05,25,93,0.6947156050657523
2023-11-13,24,181,0.5010427417745924
2023-06-11,3,127,0.037579783827970226
2023-08-20,2,28,0.42399831209476135
2023-08-04,3,6,0.666247759574659
2023-10-24,10,167,0.2700177222044763
2023-02-08,5,61,0.8005536907011493
2023-06-21,23,53,0.2724651165843055
2023-08-20,20,112,0.18015912146005542
2023-08-21,9,161,0.9004150587144826
2023-03-14,6,30,0.5737939526748648
2023-09-17,10,127,0.03729926598319688
2023-07-02,10,134,0.7999474406319597
2023-08-27,5,197,0.4610271019722476
2023-12-16,21,190,0.4049212309794975
2023-08-31,1,49,0.7874617931109339
2023-10-19,6,17,0.7029010175019985
2023-04-01,1,45,0.6292536386270926
2023-03-23,22,79,0.39960727388046724
2023-01-16,23,87,0.1208699435066809
2023-12-20,11,60,0.8134377890031382
2023-04-25,11,185,0.12410576448445731
2023-11-27,5,18,0.22373122328589246
2023-01-22,9,74,0.9609112663091123
2023-01-29,6,88,0.4176034115057685
2023-12-28,13,166,0.7632360943922238
2023-06-03,13,147,0.150997595861454
2023-11-04,4,182,0.8384304028363925
2023-07-12,3,180,0.933666936105287
2023-01-08,22,150,0.8523674246857248
2023-08-10,19,153,0.09126744420321098
2023-11-20,13,173,0.06178845257604826
2023-04-19,24,124,0.03274612625158013
2023-10-28,19,166,0.6457072349924302
2023-06-29,25,152,0.8768555372882051
2023-02-16,15,56,0.11170678499997222
2023-01-10,24,126,0.22773753816404907
2023-01-20,15,34,0.2986345199601167
2023-02-09,13,183,0.3778806738809112
2023-01-26,8,31,0.5893960774107392
2023-04-15,20,157,0.5872061879796261
2023-03-01,7,47,0.9024011202107568
2023-01-12,7,73,0.22372208054617493
2023-02-23,19,144,0.6630701083419498
2023-02-02,8,100,0.4034183081454241
2023-03-13,9,197,0.9327642412430108
2023-03-03,20,51,0.6901310893974822
2023-10-25,13,186,0.5820504972432765
2023-02-22,11,143,0.32597173836955584
2023-09-30,15,33,0.4721985333865746
2023-09-23,11,155,0.8707231402600288
2023-09-04,19,160,0.7965834801433973
2023-06-04,10,131,0.032585031254521946
2023-07-10,10,91,0.41966053285072213
2023-02-13,4,183,0.26146014708530174
2023-09-18,16,116,0.2713974128561014
2023-04-04,14,92,0.8925429568680538
2023-06-05,20,66,0.553073710964885
2023-04-11,19,167,0.9222309183699116
2023-01-12,24,4,0.9679249829039692
2023-09-14,22,30,0.6496377279165733
2023-08-24,19,58,0.10973346794556749
2023-11-18,22,79,0.5601834602711486
2023-09-07,6,67,0.8057258749603959
2023-09-26,23,35,0.6550077804467637
2023-07-21,4,72,0.7683827881910699
2023-03-08,2,38,0.04402888984324849
2023-07-10,18,148,0.9246365391046895
2023-08-12,2,166,0.08243843498924053
2023-08-29,8,48,0.24448758316806118
2023-04-07,8,124,0.27381445577338415
2023-09-17,17,132,0.36207035716781955
2023-03-19,8,47,0.9925156753135879
2023-02-16,23,171,0.526128449199134
2023-12-11,21,97,0.7010767905098221
2023-06-15,14,188,0.827750461153853
2023-12-31,24,175,0.7585264747946059
2023-04-17,15,70,0.8748152476523754
2023-09-03,7,161,0.8497643889787615
2023-11-15,22,10,0.8514115130024696
2023-02-17,7,87,0.02022319014615781
2023-01-07,25,59,0.4999118596877563
2023-01-30,13,66,0.7336696726373717
2023-06-16,6,6,0.00956335250150997
2023-12-22,5,145,0.7939811580794779
2023-03-20,16,100,0.5053509053465861
2023-03-30,5,112,0.17977705723801352
2023-03-11,3,158,0.46823637477294044
2023-01-22,24,65,0.6172931883123833
2023-01-03,18,52,0.008165844391870958
2023-12-01,1,1,0.5327065658785403
2023-06-24,5,87,0.180211867209226
2023-11-29,24,89,0.13855846470012578
2023-07-16,3,60,0.5573619177035599
2023-06-28,11,61,0.7672220000085754
2023-01-27,10,98,0.6105811373381735
2023-12-21,11,64,0.13019261799152715
2023-03-26,11,125,0.6282755028831819
2023-08-23,8,151,0.12548245677298364
2023-06-28,11,185,0.09202322362812676
2023-12-14,24,98,0.7849716404444003
2023-08-01,9,136,0.3179432886512462
2023-07-31,15,91,0.7610576098621346
2023-03-04,19,141,0.762144610144533
2023-01-04,13,103,0.6044981993599985
2023-01-13,25,11,0.6762366874731249
2023-08-02,23,100,0.6792047093531853
2023-05-31,14,119,0.3400332623261807
2023-06-30,7,125,0.027709069060422697
2023-02-13,14,193,0.48362586369851424
2023-02-08,8,128,0.032254318885397426
2023-08-01,19,118,0.8465407010022088
2023-08-22,9,200,0.48951515012174074
2023-01-20,1,66,0.20537951800133436
2023-01-05,23,55,0.09065571338566636
2023-09-06,3,25,0.3372255940204708
2023-08-31,20,148,0.9628075427845586
2023-05-07,22,39,0.7721662959219924
2023-11-17,3,156,0.8266165087212787
2023-02-04,23,59,0.044049442426895236
2023-02-16,23,198,0.7803868221625375
2023-05-31,21,74,0.6404439902758956
2023-12-20,14,95,0.5075120829085451
2023-11-04,6,179,0.9214736554787596
2023-06-14,19,139,0.30805492088635433
2023-12-08,6,156,0.8107563677982333
2023-12-13,7,180,0.38792528769714807
2023-11-13,14,97,0.7990371439633193
2023-05-28,17,20,0.8017767499232499
2023-10-12,16,86,0.238254509220436
2023-04-23,21,3,0.8187623749826222
2023-06-01,25,188,0.2643839632337066
2023-02-18,6,33,0.5951596263694776
2023-05-04,18,176,0.06259799675736921
2023-12-14,24,89,0.797916010842249
2023-11-15,1,54,0.9947740285249765
2023-04-29,19,75,0.8061018545060823
2023-10-23,8,20,0.569976655489519
2023-11-24,20,102,0.8691772430296696
2023-07-21,20,7,0.0700125038452466
2023-12-18,22,181,0.008912481747308298
2023-05-04,23,128,0.5284786473889942
2023-09-05,23,181,0.751192512197355
2023-04-08,10,85,0.47354915519072627
2023-08-09,19,26,0.7653105626724591
2023-09-03,25,185,0.599740340859762
2023-06-06,6,173,0.03903078426150608
2023-05-05,16,87,0.9306679546410751
2023-09-13,23,28,0.4623331012044677
2023-04-16,15,47,0.8070057325942152
2023-10-05,20,66,0.12142651417414307
2023-11-19,3,16,0.953652691333126
2023-08-14,21,167,0.6978895657020207
2023-08-02,25,173,0.8824366634289867
2023-08-11,1,57,0.946434394894105
2023-09-29,7,199,0.7856041212724143
2023-02-28,25,160,0.9981420054061716
2023-11-11,5,142,0.23386431465290503
2023-07-02,6,156,0.8043779512589918
2023-01-10,18,133,0.7194729546627805
2023-10-16,18,20,0.49013217131823217
2023-11-15,5,167,0.2374835807896729
2023-08-15,8,79,0.10204183049000315
2023-01-17,20,163,0.469836850284419
2023-08-05,16,196,0.29523076187212827
2023-01-01,6,141,0.8432209626507183
2023-08-17,23,120,0.8519098254815897
2023-10-29,25,27,0.1837627637435051
2023-10-12,2,145,0.6798229599758647
2023-09-28,14,112,0.6868531812725579
2023-11-15,9,166,0.8725463670190902
2023-07-01,1,157,0.05720325583519814
2023-06-29,12,28,0.2213858148924467
2023-07-12,8,16,0.3177000823780187
2023-06-28,19,12,0.7702686929029823
2023-10-30,22,134,0.1771392816464804
2023-11-18,24,154,0.12997160432027155
2023-12-12,3,108,0.8494347626511591
2023-01-21,12,185,0.1564845304964284
2023-05-03,22,6,0.5204185137392344
2023-10-09,22,65,0.39455393730127397
2023-09-17,6,97,0.37308324836514195
2023-04-08,10,133,0.6840796089861342
2023-09-06,1,122,0.5092616628935314
2023-08-14,3,161,0.4435294717740996
2023-03-18,10,116,0.21564102957839826
2023-05-22,6,60,0.3414676116717038
2023-08-17,11,122,0.8481603942820796
2023-05-08,6,21,0.387494230909633
2023-05-08,20,100,0.8904226482356079
2023-07-06,20,123,0.6247929294061535
2023-04-08,14,75,0.29131148342312396
2023-01-21,18,133,0.8107223603060201
2023-11-13,21,62,0.03782322458969911
2023-12-11,22,40,0.9450646353984784
2023-07-17,14,29,0.2665995792279561
2023-11-06,1,64,0.00134705214876496
2023-07-04,24,1,0.18808798663724546
2023-01-14,1,176,0.16724464384893356
2023-08-03,19,103,0.26706340691664165
2023-02-15,17,65,0.5398765346236288
2023-04-16,4,22,0.6705759940412114
2023-08-11,12,87,0.3823394316177312
2023-10-06,18,40,0.8401193926153868
2023-01-07,24,85,0.2926705700578821
2023-03-16,23,50,0.9597964945478643
2023-02-24,14,104,0.9543215214863291
2023-08-08,19,49,0.173101057185858
2023-07-12,9,42,0.35253869403326066
2023-10-13,21,3,0.5057070774478128
2023-01-15,14,133,0.6225506851911823
2023-03-01,6,150,0.15526755258069236
2023-08-04,11,8,0.5680101476706398
2023-12-16,19,145,0.6060716818932483
2023-07-22,4,125,0.4070588829997357
2023-10-04,17,170,0.7708241489364762
2023-10-11,17,32,0.5818323931873267
2023-02-25,25,199,0.5995591604327636
2023-04-15,14,119,0.6696171221307564
2023-02-01,21,68,0.06076125859059078
2023-12-12,25,107,0.9639341220648602
2023-02-03,8,65,0.35858329356444296
2023-07-04,21,67,0.31261024226914524
2023-02-27,13,176,0.2624231867330816
2023-02-24,9,161,0.049396697992356464
2023-03-31,1,58,0.31806598022003196
2023-12-14,24,78,0.49462444743498324
2023-06-05,24,116,0.1017539000521187
2023-02-11,12,83,0.5599508100911104
2023-06-02,19,105,0.4053948865541783
2023-08-06,16,160,0.9964436622199768
2023-04-02,2,163,0.29502426155589834
2023-10-01,17,158,0.19617022048726063
2023-07-21,3,82,0.11457575119351393
2023-01-19,17,42,0.2676549279665891
2023-03-25,18,102,0.2155242762735735
2023-06-13,25,61,0.32286504366492463
2023-04-06,4,76,0.6399602430975248
2023-03-17,3,6,0.5861783915629502
2023-12-04,8,57,0.9671242818540157
2023-07-09,9,82,0.3189895376070949
2023-08-15,24,16,0.33894822223776544
2023-01-05,3,44,0.652212744010123
2023-09-27,19,98,0.23340519310439223
2023-11-19,23,171,0.39538181965005326
2023-06-29,7,22,0.2588490430789142
2023-09-08,14,60,0.45301442472916964
2023-12-23,23,75,0.9495524588797525
2023-04-17,23,191,0.9806967597373388
2023-03-30,14,74,0.2526140397380062
2023-05-28,7,21,0.5034157259082522
2023-02-18,9,117,0.28596569123975335
2023-04-17,21,154,0.17113503911254013
2023-05-16,15,62,0.20763687577151912
2023-03-29,19,70,0.7091413953461456
2023-02-25,16,163,0.879315587280069
2023-12-03,10,7,0.18214692915998199
2023-08-23,16,18,0.5537919251596704
2023-04-06,10,24,0.1876376891218553
2023-06-25,25,132,0.8475832348706612
2023-03-30,25,35,0.6915156521138605
2023-02-28,6,95,0.4402281788150161
2023-10-20,17,32,0.9275514556243823
2023-11-28,9,88,0.9002642111812251
2023-03-06,8,71,0.6580382654585527
2023-09-07,2,137,0.9746975466716373
2023-06-26,15,112,0.3331035469946785
2023-01-02,16,188,0.2713244447244064
2023-07-09,21,149,0.03949831525185499
2023-07-25,22,144,0.4741532147197851
2023-09-09,12,80,0.19125611013361588
2023-11-22,6,23,0.9703989587558116
2023-12-03,15,23,0.2779436740227853
2023-05-14,6,53,0.4164559238059863
2023-11-07,1,186,0.5534946834691165
2023-07-15,8,88,0.29590492998629025
2023-09-23,11,164,0.3169767751891345
2023-10-25,9,80,0.3284015275587854
2023-09-07,4,83,0.13315507325847775
2023-01-15,21,152,0.48121577269902005
2023-10-04,19,67,0.13218525581429574
2023-04-25,21,160,0.23436483419428333
2023-11-13,16,94,0.7648804838708363
2023-09-21,6,170,0.2249435043992809
2023-08-27,25,2,0.5622730740832316
2023-09-17,23,151,0.35349522959570523
2023-07-02,23,91,0.09963716184368965
2023-07-10,19,39,0.04298635428918718
2023-02-07,2,52,0.16599798640727548
2023-01-20,1,16,0.39605421160809595
2023-01-11,11,148,0.5250143231041515
2023-03-14,17,54,0.6572847176950488
2023-10-23,5,61,0.4517752143911661
2023-07-24,10,102,0.189831467503783
2023-04-16,21,23,0.9072739551589967
2023-06-24,7,10,0.6165709742360764
2023-02-28,16,73,0.25744694090461584
2023-11-24,17,7,0.18293125604300953
2023-08-03,2,131,0.17322656488355737
2023-11-21,2,66,0.14684688486248432
2023-08-04,3,148,0.8150986460719984
2023-10-19,1,137,0.8973454648453932
2023-03-13,21,106,0.18093358226003442
2023-10-27,20,15,0.698506794936664
2023-01-22,21,47,0.05373776971729427
2023-09-21,4,10,0.8170336947341628
2023-06-02,5,155,0.2222910213410343
2023-01-04,11,146,0.5444565018083065
2023-08-18,2,26,0.2942650837732651
2023-09-10,1,101,0.309256706507155
2023-05-20,23,179,0.38343704632673337
2023-02-10,5,114,0.6797820255787519
2023-05-18,22,8,0.11350405042144529
2023-01-21,23,194,0.711746203277365
2023-06-04,24,42,0.7864358601650868
2023-07-02,6,105,0.1616544131746538
2023-02-21,6,178,0.16793685815378867
2023-01-21,20,26,0.22278584103463328
2023-06-11,2,186,0.616747125876876
2023-09-01,18,98,0.31672338031982783
2023-03-23,23,70,0.6738347645072529
2023-07-30,4,130,0.3008834146495788
2023-12-28,2,88,0.40106089279317625
2023-01-21,16,131,0.25967746454739526
2023-10-21,5,10,0.9649552044118783
2023-04-20,2,18,0.3123469043789797
2023-09-22,4,98,0.707115740182984
2023-07-21,2,115,0.04289325235578645
2023-12-07,3,161,0.46889395101583864
2023-06-21,16,134,0.6402881201406029
2023-12-22,19,57,0.35545157442945274
2023-08-10,18,129,0.5244509914459742
2023-06-04,14,159,0.6357428642528171
2023-11-12,9,131,0.34843580270456054
2023-06-16,2,26,0.4622315001411146
2023-06-30,21,149,0.6222529390113534
2023-06-29,13,95,0.5684378322204504
2023-08-18,22,116,0.4116154822468935
2023-07-07,16,149,0.21247046322839258
2023-06-12,7,84,0.4299464846381804
2023-10-03,6,83,0.9509931767971949
2023-03-26,15,79,0.12848408858992733
2023-02-26,20,22,0.9694084496095671
2023-04-26,18,4,0.341693484733788
2023-09-19,22,79,0.6910383117065924
2023-11-13,5,130,0.2659815918485783
2023-06-04,10,186,0.1819906553067776
2023-05-22,24,163,0.10522587495939295
2023-03-17,4,199,0.30605302897832165
2023-02-27,14,34,0.18232523077717133
2023-01-11,3,143,0.789794300687641
2023-11-04,2,38,0.7536989812172685
2023-01-03,9,58,0.5183522231808307
2023-02-04,22,44,0.8061041723637021
2023-10-09,23,154,0.6331161757247866
2023-12-30,9,143,0.6351375516378557
2023-10-23,7,172,0.6213353149264141
2023-04-09,6,39,0.724845207150607
2023-04-18,10,75,0.08873805105370591
2023-01-08,19,89,0.40041092051257354
2023-08-10,14,156,0.8665745442937242
2023-11-27,1,162,0.12129032765874259
2023-08-13,4,131,0.7534300955765663
2023-02-01,15,119,0.44569238675130496
2023-06-30,20,149,0.9930601067911796
2023-09-29,15,163,0.6736595063147491
2023-03-21,13,131,0.39694470065452303
2023-03-02,13,194,0.7834760468741075
2023-05-22,1,146,0.8349586246055251
2023-06-25,22,72,0.5566531870915301
2023-12-17,8,154,0.7344997088015383
2023-10-06,17,161,0.9760232384127315
2023-11-17,16,176,0.679730135262023
2023-09-17,23,120,0.5034073851264381
2023-08-10,19,56,0.521277810446788
2023-08-02,12,11,0.20363796066490703
2023-06-03,16,200,0.09552092549898272
2023-01-29,13,11,0.8289017771948427
2023-12-23,6,199,0.39653103699732317
2023-08-10,4,57,0.9300558069499212
2023-10-24,1,36,0.35164838821489175
2023-12-22,23,97,0.9635460403829497
2023-02-25,2,104,0.721565940714086
2023-10-22,14,105,0.005491502947596483
2023-11-30,22,84,0.44297336210599425
2023-08-27,19,29,0.2673702921713733
2023-04-01,6,126,0.39206672038581647
2023-11-30,19,6,0.6056551334632534
2023-03-11,14,32,0.5729812688575739
2023-09-27,16,16,0.8806394759475772
2023-07-29,1,12,0.3239360102390909
2023-02-16,18,63,0.5915460454243985
2023-07-12,10,132,0.829646947188027
2023-12-03,6,156,0.4959858376038321
2023-09-23,15,106,0.010583173594431838
2023-08-01,22,109,0.24132921087170678
2023-07-09,5,160,0.42679898974474695
2023-06-20,4,56,0.8514816244724399
2023-08-08,24,118,0.37613893489603467
2023-05-04,16,176,0.13034224746667789
2023-10-21,18,88,0.9454233857101892
2023-09-15,4,25,0.6363440214368191
2023-08-14,13,28,0.9719357379958854
2023-11-25,17,54,0.7815042544931868
2023-09-26,24,162,0.650381788047689
2023-12-21,20,25,0.7797354924099608
2023-08-30,8,41,0.9606891270178012
2023-08-19,12,195,0.7400422506257621
2023-06-28,8,138,0.39574266321603147
2023-04-01,10,142,0.886380494682412
2023-12-21,24,162,0.11849140482127019
2023-07-27,16,3,0.7682083851215464
2023-10-21,7,165,0.893949862403911
2023-09-18,23,185,0.4654441162983083
2023-10-03,3,22,0.3848710274643635
2023-12-30,17,70,0.4490318887830548
2023-01-14,7,34,0.4356830731412854
2023-10-07,6,40,0.4057919194588746
2023-03-20,2,194,0.050560619326477374
2023-02-22,8,127,0.4122917596893184
2023-12-05,9,169,0.8749703175041655
2023-03-16,18,14,0.5808604900078665
2023-10-10,21,3,0.9517331032851406
2023-11-28,11,184,0.6022763002951483
2023-07-07,10,105,0.3043253193044817
2023-05-05,4,165,0.37291765651009445
2023-12-19,22,144,0.8870243017169883
2023-07-29,25,179,0.5421254608500068
2023-11-23,3,9,0.8524191115862045
2023-11-12,8,193,0.009895845737675546
2023-02-20,20,4,0.15223410913034563
2023-03-18,15,131,0.8463462762518877
2023-11-27,8,184,0.3421307051472352
2023-05-10,5,128,0.09202330801146785
2023-06-16,12,121,0.9790114249794264
2023-11-20,25,194,0.09439944350453477
2023-11-01,13,102,0.5497228152093551
2023-12-22,3,110,0.014097658728152163
2023-07-03,2,172,0.1707197067282239
2023-07-15,19,200,0.607824445849219
2023-09-15,6,195,0.7116149982122387
2023-05-02,14,157,0.37920855406423215
2023-12-25,4,67,0.33649143920903835
2023-04-14,9,34,0.33369442552028106
2023-03-20,22,34,0.15700693373271002
2023-11-17,19,189,0.17088315717196645
2023-10-22,6,175,0.5724329784380338
2023-02-12,4,182,0.3984460334619413
2023-04-18,21,72,0.998897511775302
2023-03-10,22,137,0.6649384882979983
2023-05-22,25,38,0.5567723062559431
2023-05-25,23,37,0.4718061618508139
2023-01-29,14,24,0.5162818104759649
2023-02-10,11,158,0.8428755448264611
2023-08-21,5,64,0.7371082278916535
2023-12-28,10,49,0.951384391165036
2023-09-30,12,197,0.7825832832636199
2023-08-18,3,81,0.4004078337322482
2023-11-04,2,14,0.5445621061668698
2023-03-13,2,192,0.3134195403993979
2023-09-27,15,154,0.6941698494986492
2023-03-29,19,54,0.8097390108293947
2023-12-29,1,111,0.9217380517305468
2023-04-12,13,147,0.16047736498401177
2023-03-21,22,52,0.49650517927263416
2023-05-21,22,87,0.9597717690590283
2023-01-06,5,176,0.42923753900953665
2023-04-12,23,19,0.7160746259748455
2023-07-01,14,80,0.6634066369189047
2023-10-05,15,135,0.811240889603056
2023-03-30,15,111,0.5529404401048289
2023-05-19,19,96,0.32031808288660324
2023-10-08,9,48,0.9629982145371164
2023-10-12,25,59,0.5505078165176904
2023-11-23,8,114,0.92604943957082
2023-01-19,23,98,0.8094938660090156
2023-02-09,14,168,0.6511973472610354
2023-06-15,15,17,0.3830529488966439
2023-12-29,11,137,0.539881558802609
2023-01-16,25,187,0.3631966856845513
2023-04-02,13,141,0.46547582380727404
2023-03-10,15,28,0.5764954168048501
2023-07-01,14,54,0.5829954632373027
2023-10-23,20,10,0.7649594257988933
2023-06-22,13,106,0.0006084293828459986
2023-03-20,7,193,0.2624309639667928
2023-01-30,19,200,0.4520605490095069
2023-01-05,1,103,0.544424044464111
2023-12-31,5,85,0.6763007212932554
2023-09-05,25,73,0.6267381029912598
2023-03-25,4,160,0.4825770015241937
2023-09-07,9,177,0.5423693112825085
2023-01-15,3,177,0.5330611364232286
2023-03-04,17,5,0.5246267429255923
2023-04-28,1,17,0.8635750858360927
2023-07-12,19,82,0.4403228574674952
2023-08-27,6,164,0.24940459965302708
2023-04-23,5,111,0.24642224917016053
2023-05-10,23,25,0.6460947846202473
2023-09-27,16,74,0.891023380028283
2023-09-08,21,33,0.019785104112879703
2023-06-04,1,113,0.3216565691121974
2023-02-25,19,52,0.233572993394919
2023-06-09,15,173,0.26956652457397956
2023-02-08,24,80,0.7364726830891167
2023-06-30,24,118,0.6433384037742255
2023-01-24,21,116,0.37122223344871763
2023-07-06,24,107,0.36382059384630927
2023-12-12,16,44,0.30958828310004216
2023-02-18,14,135,0.7287451678003393
2023-04-02,4,98,0.9136983404483502
2023-04-09,15,167,0.9199341409025101
2023-10-31,6,13,0.08441877742344506
2023-08-20,3,53,0.9883219796354662
2023-07-31,19,160,0.8410522485409196
2023-09-15,1,125,0.28246180405499066
2023-09-22,3,154,0.16632840415852912
2023-06-26,16,98,0.025196391647229865
2023-08-10,20,72,0.9262612476408589
2023-03-17,25,67,0.40042238551015774
2023-06-25,25,7,0.40721129039474
2023-12-25,19,119,0.8112909088031314
2023-03-08,8,96,0.6189745784347419
2023-06-12,4,17,0.7844291283405537
2023-08-21,10,141,0.625701195905067
2023-06-11,8,147,0.47644118809527325
2023-06-04,23,11,0.3406840372524531
2023-05-04,24,54,0.2161664610312488
2023-12-08,23,83,0.33452834511525165
2023-01-21,17,199,0.6083572178928978
2023-12-19,19,43,0.26170433671943616
2023-03-14,6,187,0.053785107127879206
2023-06-03,9,16,0.6477771560037898
2023-11-26,3,169,0.8144458739639018
2023-10-24,11,168,0.2723907033020726
2023-05-23,2,15,0.4093950325808884
2023-10-07,10,13,0.32520488502913847
2023-08-13,1,106,0.4650788655117756
2023-06-13,22,110,0.24497813440034422
2023-05-26,13,28,0.8984111430039949
2023-12-07,6,157,0.12255810020937064
2023-02-15,10,200,0.43518445755862933
2023-07-08,23,143,0.8103482820932325
2023-05-03,17,184,0.6873440619480156
2023-05-09,12,199,0.9259438905693352
2023-10-03,23,133,0.44344963901415657
2023-08-31,1,167,0.7503393841357753
2023-11-18,25,6,0.46926760508915333
2023-10-20,13,171,0.5681594370738708
2023-03-08,21,82,0.585106847690959
2023-09-20,20,177,0.2812231402160631
2023-01-23,5,23,0.4330876390137105
2023-08-13,21,115,0.27548539494150115
2023-03-25,18,80,0.3893923009515319
2023-12-11,16,81,0.5265543220962833
2023-09-19,17,166,0.5991680958571768
2023-05-23,17,115,0.19548078552443648
2023-05-15,14,3,0.10957768806791801
2023-05-29,10,78,0.9134244398825457
2023-01-24,22,105,0.8095743994566592
2023-01-01,1,140,0.5174959292648831
2023-08-31,17,151,0.9215626827329377
2023-07-21,9,8,0.10586272530771612
2023-05-21,11,76,0.44128559245379884
2023-10-24,2,5,0.3648903475262961
2023-12-11,1,115,0.9184879837688754
2023-08-31,22,99,0.503044083628346
2023-02-11,20,40,0.445847793293501
2023-04-13,8,30,0.29401741186588903
2023-03-21,19,148,0.050525986845745274
2023-10-20,9,84,0.18274058579593833
2023-07-29,5,172,0.7302627883596398
2023-12-07,14,126,0.47922476678918235
2023-12-26,11,139,0.3959634422500482
2023-04-10,7,84,0.8009887208236334
2023-02-14,1,137,0.938363990434193
2023-12-09,15,127,0.4227904495917588
2023-01-12,14,35,0.4648667517231745
2023-04-25,7,97,0.6058199184731162
2023-01-25,10,84,0.9515715277839567
2023-02-10,19,105,0.861624953855817
2023-05-08,5,139,0.3634378541745876
2023-06-19,15,187,0.7582268009489966
2023-08-30,15,154,0.952263361800099
2023-09-01,18,35,0.8665849676603028
2023-09-28,5,13,0.01622909849674148
2023-01-03,3,134,0.5313685827236662
2023-01-28,5,21,0.9022424438069748
2023-10-14,20,129,0.23731104346860032
2023-05-19,6,178,0.6155226540461517
2023-10-05,13,87,0.2540148681494454
2023-05-12,5,38,0.5688308331602797
2023-02-10,3,189,0.26653138152273514
2023-08-01,6,176,0.5552080163534321
2023-06-13,21,38,0.06256290419279475
2023-09-18,21,171,0.7812341720291651
2023-12-28,3,120,0.6971977827780946
2023-03-27,2,54,0.39494597597138226
2023-07-14,22,31,0.5648030992890279
2023-12-10,20,93,0.8472473139848657
2023-11-16,9,119,0.5641167699959247
2023-01-20,11,147,0.35980046914810815
2023-03-04,23,39,0.3192297403110952
2023-07-03,24,147,0.0812649403632304
2023-02-10,17,167,0.5505038980846455
2023-11-14,10,106,0.06865037612468239
2023-03-21,11,185,0.17899397788320626
2023-03-03,18,188,0.16544414128381169
2023-12-14,9,50,0.31297892255879345
2023-01-08,2,83,0.9632725271899661
2023-03-11,5,110,0.22658322507372797
2023-05-04,4,92,0.9784843740558717
2023-11-04,17,39,0.7199711630527716
2023-04-14,14,99,0.48395041583823084
2023-10-30,5,114,0.5991234983451662
2023-04-18,21,120,0.8005210155606779
2023-10-16,15,52,0.4579647086690981
2023-09-03,23,166,0.986601980613349
2023-11-10,4,148,0.49966366147703734
2023-05-17,8,34,0.722763980245054
2023-07-03,7,113,0.9728274583722328
2023-10-05,14,9,0.9426654523858455
2023-05-08,3,92,0.5156876769271949
2023-02-08,4,77,0.16152219627707065
2023-02-28,20,7,0.4548153238041074
2023-03-09,25,59,0.4832496716056417
2023-06-30,20,75,0.5811602500437942
2023-12-24,14,109,0.40674192851530366
2023-02-02,1,75,0.3228301147058199
2023-05-24,23,110,0.47895632447226844
2023-05-30,20,31,0.5645013721502649
2023-02-06,6,181,0.6543971962035212
2023-03-30,17,175,0.7303667822615121
2023-05-18,6,181,0.05786204278340756
2023-07-03,23,32,0.5355637613409899
2023-01-07,19,169,0.9304583781018153
2023-08-16,5,151,0.6532047486586376
2023-11-20,13,82,0.2862253033274702
2023-11-30,16,3,0.9241881041216299
2023-02-28,11,75,0.7569563624748553
2023-08-19,10,184,0.42648159344181247
2023-03-24,21,123,0.34532960383282285
2023-09-12,19,178,0.3831679661319062
2023-05-27,13,190,0.5886390548668744
2023-12-09,6,101,0.45362704440033763
2023-12-23,12,83,0.10859793352905123
2023-07-11,4,59,0.2191575476085127
2023-08-07,14,145,0.3850585927424467
2023-05-28,15,29,0.2020599007998226
2023-02-24,6,109,0.03666094000472786
2023-02-07,10,84,0.3968076319237297
2023-10-15,25,21,0.9038328615502795
2023-01-09,10,134,0.9086089068321203
2023-10-10,25,93,0.2979302032313733
2023-04-27,13,103,0.29260442995968694
2023-01-12,20,39,0.24112098690881956
2023-10-02,10,82,0.4209063774137578
2023-04-21,21,167,0.5478102134703104
2023-04-18,24,123,0.3802169047635965
2023-01-20,19,118,0.5034835610754871
2023-08-09,23,119,0.48772565622625974
2023-05-10,24,12,0.8441177663221794
2023-06-14,6,147,0.9689154483431223
2023-07-07,6,62,0.07932389878472657
2023-10-05,10,80,0.12522155952620329
2023-05-19,22,143,0.118301355946421
2023-09-27,6,148,0.8412379475184084
2023-12-27,23,46,0.7422024549085593
2023-01-03,22,3,0.7337091791053614
2023-09-03,2,81,0.6931368923550003
2023-03-11,17,69,0.9668465021839794
2023-07-12,8,111,0.8084659060509111
2023-09-08,24,72,0.8798610149787348
2023-06-10,18,109,0.08451789803023435
2023-04-21,7,174,0.5162712704514615
2023-05-05,24,32,0.8001362564696554
2023-02-05,8,49,0.06567712946554904
2023-04-18,22,155,0.6215915749640932
2023-04-23,17,97,0.6113577859132177
2023-06-12,2,152,0.680194388979945
2023-06-02,4,167,0.9759360997584151
2023-03-13,22,16,0.5022740829961231
2023-04-07,24,134,0.5716490837317237
2023-11-01,23,35,0.3532097025189074
2023-11-09,5,197,0.7178923227704517
2023-08-19,19,14,0.8182203200875847
2023-06-06,20,50,0.6355010520243641
2023-04-07,13,48,0.6703207420926065
2023-05-02,18,167,0.4499710579771464
2023-02-06,24,52,0.8035588997474727
2023-01-04,24,107,0.6588937999467303
2023-07-14,1,54,0.073365342212947
2023-12-11,18,134,0.1958972935682577
2023-03-29,8,140,0.9132288639391062
2023-08-20,13,62,0.9795811202008678
2023-03-22,23,173,0.7695036890920853
2023-03-06,21,70,0.4477161512035681
2023-04-18,4,94,0.13097552754257258
2023-09-18,21,176,0.9111050259277467
2023-02-06,18,171,0.3022314968953592
2023-10-11,23,34,0.7842055788296038
2023-12-01,21,169,0.4726166112097835
2023-03-11,16,194,0.4439671807569997
2023-05-10,17,90,0.9834102664342846
2023-12-18,4,47,0.5818958442471966
2023-01-19,11,129,0.31532224874314907
2023-09-02,24,6,0.06263756910477813
2023-12-19,7,1,0.9411018264329156
2023-10-09,25,51,0.7806062666922835
2023-01-06,2,54,0.22975109034426566
2023-12-28,5,3,0.29234721194050894
2023-09-22,2,24,0.10730234970032893
2023-05-27,18,66,0.7973560149303914
2023-05-08,11,127,0.9403017787717673
2023-11-13,15,33,0.7857170127392423
2023-05-30,17,111,0.2588513996394437
2023-09-17,1,158,0.8550823765827829
2023-06-30,1,77,0.08882606653951197
2023-11-01,24,70,0.2986382639501455
2023-12-17,18,81,0.09317423419060589
2023-09-07,21,95,0.6371240216959769
2023-07-24,9,132,0.024666377268882322
2023-09-16,1,104,0.472675909601864
2023-05-29,18,60,0.17028873853854976
2023-04-19,19,33,0.4890427804006213
2023-02-10,8,159,0.5649420101483763
2023-11-28,23,161,0.1152551450842435
2023-09-21,6,46,0.1298397810525611
2023-02-03,8,80,0.17557479511677387
2023-04-21,1,67,0.6396959569151939
2023-04-11,5,101,0.6544226752118404
2023-08-16,11,1,0.4687840915486877
2023-01-13,9,183,0.02695492306990399
2023-06-29,12,69,0.48501661069130675
2023-09-17,14,98,0.16175704463882434
2023-11-04,22,8,0.8316073268015411
2023-06-29,21,139,0.4658703575005537
2023-08-01,21,37,0.4083634883818107
2023-06-30,1,71,0.4957219416449573
2023-04-19,20,104,0.19435235391115258
2023-06-10,15,64,0.16521325824070343
2023-06-02,10,117,0.39805378135267533
2023-10-13,9,31,0.33587741213819866
2023-11-06,4,32,0.24314781615229397
2023-12-25,14,124,0.0864996194866875
2023-11-05,1,105,0.6752356103201798
2023-04-12,23,42,0.29309725186092406
2023-03-09,10,117,0.5831784354350397
2023-02-20,20,50,0.4105879702376749
2023-03-15,25,169,0.4859643398557434
2023-10-11,2,84,0.3490381393405809
2023-07-27,4,127,0.5759069061392682
2023-10-14,4,180,0.6788553956310229
2023-08-16,1,102,0.9835492042245548
2023-04-21,25,165,0.4865129403456131
2023-06-25,1,97,0.25199800049174836
2023-12-21,18,45,0.10399519048428862
2023-11-07,10,27,0.5943713824627775
2023-12-22,14,42,0.8640986270490071
2023-11-17,19,38,0.7228282274886163
2023-08-03,8,15,0.5358389382924168
2023-03-25,25,142,0.4825499495766806
2023-12-10,10,114,0.23587968797516645
2023-09-21,13,29,0.24798053394083197
2023-08-19,18,193,0.1343715598809746
2023-04-05,3,52,0.9683427483447489
2023-12-16,4,178,0.46788086859492106
2023-09-15,10,13,0.07587393152468003
2023-12-20,17,61,0.09378179251315355
2023-09-29,13,23,0.14714338037522878
2023-11-03,14,13,0.8061574336240863
2023-10-03,12,74,0.9010873638145418
2023-05-06,20,160,0.5865045603694148
2023-02-17,16,73,0.8778207544472716
2023-11-28,9,99,0.07868342154973429
2023-09-05,7,164,0.19741732226668463
2023-08-01,19,51,0.2781590482324968
2023-07-26,12,187,0.6711755882060203
2023-06-04,18,169,0.8723635823219185
2023-03-23,12,53,0.29218873095565734
2023-11-20,9,11,0.43330851583157215
2023-07-20,20,12,0.6200362890229526
2023-06-04,23,21,0.13332627408009012
2023-12-24,8,4,0.15161586058525123
2023-09-18,25,100,0.5030835428900856
2023-08-20,20,26,0.09606239661666882
2023-06-13,6,123,0.09901630839766606
2023-09-24,7,15,0.07109443894384249
2023-01-05,1,167,0.6008157619756485
2023-10-04,1,158,0.5099917200270351
2023-03-03,18,28,0.8559147955549644
2023-04-22,25,165,0.3025138562056565
2023-03-16,8,92,0.3046500981524214
2023-02-28,16,37,0.42313429549190174
2023-11-02,16,39,0.7637917805975101
2023-04-16,1,175,0.4050075298227096
2023-02-11,8,9,0.04358196590459795
2023-09-23,2,53,0.5484908021595987
2023-03-14,11,87,0.9021363670050268
2023-01-08,8,82,0.7992009596828208
2023-10-11,24,123,0.03730631200367318
2023-08-28,22,135,0.7100810634798693
2023-01-25,3,136,0.3693456190886609
2023-10-03,18,171,0.21285100274799373
2023-01-27,23,183,0.34343499018466406
2023-12-03,11,148,0.8196354928541189
2023-04-20,12,91,0.8373465651911293
2023-11-15,14,118,0.16330117392520282
2023-11-18,9,67,0.1687554470528586
2023-08-01,11,42,0.3569531294658963
2023-02-28,2,172,0.3724613502455939
2023-02-15,15,24,0.7684665503172589
2023-10-25,14,189,0.18085695756300846
2023-06-20,14,25,0.6642390446346327
2023-10-05,9,143,0.087211382585074
2023-01-19,8,178,0.09322478961921665
2023-07-13,1,24,0.6276368591851695
2023-10-25,1,84,0.3008077019752513
2023-07-10,21,51,0.8072943792287592
2023-01-23,17,116,0.03391509310480856
2023-06-27,24,95,0.125511294821407
2023-06-20,13,70,0.12578463471115697
2023-11-08,6,123,0.6572986769286029
2023-01-22,2,44,0.16667872704748565
2023-01-06,21,65,0.900633565239374
2023-05-18,16,110,0.5414507786207349
2023-08-19,23,127,0.35548940463660517
2023-08-21,11,187,0.24163877514360999
2023-11-28,24,189,0.836824086621994
2023-12-08,1,146,0.9533266923871386
2023-06-27,17,135,0.010678874057451382
2023-06-08,12,192,0.34684401464546866
2023-08-04,17,142,0.9484921578256937
2023-01-28,9,29,0.7845341114009141
2023-03-20,4,102,0.07516740866429183
2023-08-21,14,191,0.9426631611130857
2023-11-28,1,114,0.5698121106711318
2023-02-18,25,197,0.430527244618394
2023-02-06,2,72,0.31658758031307455
2023-07-28,5,166,0.751138842788126
2023-09-17,5,138,0.12980380199595254
2023-03-27,12,112,0.7259559300268684
2023-11-22,10,159,0.4554339984713591
2023-07-07,16,18,0.26670739327000426
2023-07-13,9,108,0.8070753721560746
2023-07-30,19,64,0.5494053856833705
2023-09-06,2,42,0.25562137529639717
2023-06-18,17,86,0.5697234323655861
2023-06-09,15,3,0.23306789879903334
2023-08-19,2,183,0.9379491310703416
2023-09-18,6,164,0.3635705820999273
2023-10-31,21,189,0.718350487161231
2023-03-09,23,138,0.06573375077811472
2023-09-09,16,152,0.9670721960547307
2023-07-09,20,169,0.5446195117877041
2023-02-24,5,120,0.3077542606101613
2023-02-20,10,164,0.45167682047062707
2023-10-31,8,169,0.9247046750265965
2023-09-30,2,188,0.6611845434113917
2023-04-23,13,70,0.6442044192799283
2023-04-23,17,113,0.8923641077022755
2023-04-17,22,124,0.8070080094623148
2023-03-11,5,123,0.6870772065085331
2023-01-07,9,12,0.6507664769844418
2023-05-30,12,163,0.6453509879540632
2023-01-28,19,37,0.8507617887277816
2023-10-09,10,182,0.5400454603515473
2023-10-09,3,22,0.09346876364633727
2023-11-03,16,159,0.4688904186666658
2023-02-07,20,174,0.16982612896878557
2023-01-29,9,18,0.8597244426872772
2023-09-22,21,65,0.8880302758481452
2023-06-13,18,154,0.6179004476772976
2023-09-09,16,100,0.157697399803978
2023-08-26,4,145,0.21613283190152888
2023-02-01,5,186,0.5200636520200532
2023-06-30,20,114,0.21211157518257295
2023-05-01,10,100,0.46595605839944676
2023-07-26,1,84,0.5610539600364661
2023-08-30,11,39,0.5436519596494076
2023-12-15,11,160,0.4146647185281185
2023-10-21,19,104,0.3485464706405267
2023-03-22,9,133,0.6250190072382301
2023-03-10,5,185,0.657020242186945
2023-03-16,9,148,0.886031918457547
2023-03-10,23,14,0.04532091729079413
2023-04-02,2,148,0.8191751913703988
2023-01-05,3,160,0.7198596768399954
2023-05-10,20,176,0.5332525226757654
2023-07-19,23,194,0.669632178315212
2023-01-15,17,45,0.15479489842057992
2023-10-04,20,102,0.8715376277220168
2023-07-30,9,189,0.25352771352083536
2023-07-09,11,80,0.6925667616577815
2023-11-29,9,23,0.005401932831943568
2023-11-29,12,166,0.7401939936672524
2023-12-08,5,67,0.21105085388688705
2023-08-29,21,52,0.8799885775364712
2023-11-15,7,127,0.4769626734784732
2023-11-02,12,98,0.42453670131631405
2023-09-30,11,9,0.7607933062429243
2023-05-03,10,34,0.3425318804907319
2023-06-11,14,151,0.02142964981213691
2023-08-17,1,18,0.25644769574114057
2023-03-13,25,94,0.4474191447503705
2023-05-01,12,28,0.07447222668032172
2023-07-29,16,79,0.7554868813803493
2023-05-05,6,14,0.3119135691027405
2023-01-22,25,180,0.02531546133249707
2023-02-24,20,138,0.8148343888586698
2023-01-09,22,170,0.38215917851005055
2023-10-15,3,92,0.5582529712268746
2023-10-01,8,152,0.31466244624355133
2023-03-11,19,77,0.5164442330356702
2023-07-13,5,143,0.3541971039685399
2023-04-10,11,97,0.14867637445285586
2023-04-04,11,95,0.6198185790695927
2023-12-29,6,45,0.561512002068692
2023-02-19,5,44,0.8069468254525233
2023-02-02,13,34,0.3375142498240443
2023-07-24,1,134,0.12572908580333342
2023-02-18,7,94,0.0835154930510641
2023-07-17,16,97,0.028990879747425313
2023-03-04,15,52,0.5532599513925067
2023-03-19,20,76,0.4062622948286122
2023-08-14,5,14,0.15167443601963515
2023-01-28,14,12,0.013443426671763903
2023-05-04,11,107,0.07747537510756075
2023-01-22,10,169,0.26684012969301707
2023-04-02,4,59,0.8993824649958264
2023-08-29,4,175,0.8406096492487433
2023-10-24,16,72,0.27369504263079414
2023-10-24,17,54,0.2813513642485601
2023-12-18,7,62,0.43844946089867076
2023-05-28,22,200,0.618260046847739
2023-02-27,22,39,0.02565075948684259
2023-01-25,20,45,0.48352469215368454
2023-03-18,14,132,0.8641937647510732
2023-09-30,4,181,0.17578782465012333
2023-07-21,14,36,0.3411492822633313
2023-10-09,4,39,0.5007102191363104
2023-08-24,17,98,0.49778644323359367
2023-10-30,25,34,0.036078214240242934
2023-08-13,1,70,0.37329922382742375
2023-06-14,5,156,0.7673840616459784
2023-08-12,13,34,0.9047520618141875
2023-10-02,24,24,0.7025901088371178
2023-05-12,14,17,0.25001377465595775
2023-05-29,22,140,0.7126812245441124
2023-05-18,13,53,0.6629614820672252
2023-12-15,11,25,0.9217028732016365
2023-05-31,2,69,0.9279497103145685
2023-11-21,12,138,0.7383258168427977
2023-10-23,16,92,0.3068379003788062
2023-09-23,22,13,0.32594628706498496
2023-02-15,17,104,0.10854649217828938
2023-07-21,17,20,0.5196318672089372
2023-02-11,18,29,0.8531394215170522
2023-04-12,11,26,0.864989506018672
2023-10-28,15,177,0.1586801158829928
2023-08-16,19,35,0.006071508794674552
2023-07-24,25,50,0.8854490125938885
2023-02-04,8,12,0.2907218188536961
2023-11-25,17,7,0.4579980045528932
2023-09-03,17,2,0.7834890615734353
2023-10-02,9,190,0.5375726150711762
2023-11-12,18,115,0.03087752771982144
2023-03-11,1,22,0.8548658911910003
2023-09-13,25,62,0.938075631976386
2023-08-01,14,110,0.6750693049023434
2023-03-20,23,87,0.1421466027699817
2023-05-19,1,78,0.539381580038113
2023-05-05,7,149,0.2360187975484389
2023-11-07,25,97,0.9727511221200374
2023-10-22,24,20,0.30311981986617786
2023-12-17,13,121,0.08215315365300457
2023-05-15,23,87,0.18476163033197834
2023-07-31,8,182,0.8881009638867811
2023-01-31,19,122,0.6521933356124985
2023-10-13,25,57,0.08431924066953456
2023-04-11,14,166,0.048283171574383665
2023-02-08,6,32,0.8392919341718243
2023-03-04,16,128,0.8668864872452483
2023-12-04,19,122,0.1722616021866541
2023-08-05,14,35,0.0528822784824905
2023-09-17,18,16,0.5695708061487114
2023-09-20,3,143,0.058388994256603266
2023-09-30,3,17,0.0636462435557954
2023-11-20,2,67,0.4381387720709429
2023-03-18,8,114,0.06004367419140799
2023-07-28,12,30,0.39912454659407215
2023-06-13,19,79,0.3115211569779962
2023-03-28,21,85,0.8818691065715144
2023-05-01,10,47,0.28819459428070426
2023-12-03,16,54,0.19085712753562922
2023-06-30,9,29,0.05549921013304304
2023-08-24,14,93,0.1436941637403215
2023-02-01,8,24,0.05966786164836113
2023-04-08,22,111,0.9442956520516058
2023-11-21,13,119,0.5603899011386644
2023-05-13,11,132,0.03376951915007265
2023-02-05,17,172,0.2577143140870176
2023-07-05,24,142,0.09765873002467695
2023-06-17,17,53,0.8737626290129731
2023-12-18,2,130,0.8106766765156603
2023-05-22,5,160,0.310263446513671
2023-05-24,15,88,0.3280808988131687
2023-05-15,23,193,0.5889527385611452
2023-12-15,10,62,0.5005175020549557
2023-06-14,11,54,0.0038051999566491856
2023-02-02,21,109,0.39497917219424405
2023-09-07,1,38,0.5065445063028036
2023-08-20,25,174,0.41182584890747265
2023-08-04,23,115,0.882970062650797
2023-04-26,4,3,0.32947650594879896
2023-09-17,22,128,0.00291172018791519
2023-10-29,12,62,0.8013063753906268
2023-12-27,12,139,0.9562468287551084
2023-03-25,8,83,0.3773213430939327
2023-03-08,22,171,0.5385832979574765
2023-08-08,12,32,0.49941954953878365
2023-09-05,16,126,0.014045994792731387
2023-12-05,11,49,0.8702310419302912
2023-08-26,19,125,0.14420189081268286
2023-02-26,18,65,0.13102886817289694
2023-01-26,7,160,0.8145307890484857
2023-12-06,2,108,0.04002268322162372
2023-08-12,4,85,0.32823386022192735
2023-01-27,2,185,0.07339980429852222
2023-10-28,2,46,0.4616322154711513
2023-12-01,10,179,0.5850269008650683
2023-06-20,1,94,0.07166754536180786
2023-02-09,6,117,0.23719994028306823
2023-09-06,8,115,0.7693152391109359
2023-04-07,8,162,0.859939130006608
2023-01-10,17,26,0.045641358884568994
2023-02-24,18,176,0.2312210571016834
2023-06-09,20,96,0.18508538913067296
2023-10-28,18,102,0.5384571276232815
2023-11-09,4,163,0.8843382573905293
2023-04-11,5,172,0.915904642054948
2023-01-01,18,62,0.43572382641389906
2023-07-05,13,65,0.16829190462515442
2023-12-29,21,8,0.18903585038058257
2023-05-27,16,145,0.965817845754761
2023-11-16,1,118,0.615661416311899
2023-03-02,10,159,0.19184927538858698
2023-08-02,14,68,0.4896443604078521
2023-04-28,9,81,0.5455810148534488
2023-12-23,4,79,0.3918123275926557
2023-07-06,25,13,0.6661071681837823
2023-06-09,3,135,0.1014827541558656
2023-11-05,3,7,0.0603831987396346
2023-08-08,10,9,0.46405720463218925
2023-07-02,16,34,0.49748263398741466
2023-07-17,20,59,0.9146751574325328
2023-08-26,14,161,0.7535756822995232
2023-09-15,7,78,0.3523761286764685
2023-10-01,5,190,0.53865459736207
2023-11-15,15,167,0.9722678976840683
2023-07-02,10,83,0.967320396310323
2023-02-10,14,96,0.17264387170609297
2023-10-01,4,134,0.9283147659072739
2023-11-18,6,196,0.3252235063092439
2023-02-05,18,65,0.38553495630784596
2023-09-02,24,122,0.6038066543091402
2023-04-19,20,160,0.09187654915396115
2023-01-17,11,55,0.9673055900915692
2023-12-12,20,199,0.391902408020697
2023-08-13,13,44,0.4807083543192223
2023-05-16,14,128,0.733465291789606
2023-11-09,12,40,0.49682476856547064
2023-01-29,19,55,0.14326039695464954
2023-10-26,13,51,0.942809871187146
2023-05-11,18,90,0.20811155791858593
2023-04-06,1,24,0.10324933390922719
2023-01-14,7,67,0.3536745986103673
2023-12-13,15,54,0.30143201042031387
2023-10-30,13,188,0.28678650770178793
2023-09-04,8,136,0.7508132969351234
2023-03-27,2,15,0.5442467660131627
2023-11-25,6,82,0.535743545622881
2023-07-06,10,196,0.3256249146954061
2023-04-02,21,32,0.9559155578574493
2023-07-31,8,142,0.558462546591799
2023-03-17,22,85,0.978968516258025
2023-09-25,13,118,0.9875084891696881
2023-08-06,25,34,0.9025777914044556
2023-07-04,3,38,0.4805466846003805
2023-11-11,2,128,0.8703840496099733
2023-11-13,15,90,0.23366424957857268
2023-01-13,14,48,0.6824440214567429
2023-02-04,5,78,0.7334909438542082
2023-10-27,1,33,0.7833910282685038
2023-06-10,10,99,0.05361615526925112
2023-02-26,18,170,0.8442242604528611
2023-10-31,11,18,0.7826970393222022
2023-02-14,16,25,0.7050717243420723
2023-08-03,6,40,0.3315273384367946
2023-08-29,3,48,0.7530103295345745
2023-12-15,9,196,0.9083559514645942
2023-07-20,3,170,0.16038954757277757
2023-06-24,8,154,0.16337708642101967
2023-03-08,10,30,0.4087251319464673
2023-10-31,22,186,0.3228020398306075
2023-05-24,23,24,0.6823445636883194
2023-10-29,14,133,0.31175890667882955
2023-01-10,10,170,0.7606837311081949
2023-11-27,22,84,0.011245304581813276
2023-12-22,7,12,0.46852258071823194
2023-05-09,14,139,0.9425836370802925
2023-09-06,23,10,0.08945885204138126
2023-06-29,11,154,0.6851412404195756
2023-04-26,21,127,0.8587375688012574
2023-07-02,18,26,0.5720383077118598
2023-02-07,6,86,0.16033045067903395
2023-02-14,12,132,0.941760054639797
2023-03-16,4,46,0.2554536957498006
2023-08-24,3,151,0.6003135878887408
2023-01-24,5,1,0.7956387881507906
2023-01-14,3,111,0.10658312104230572
2023-04-11,25,18,0.28438713290885564
2023-12-12,9,192,0.4306830787961332
2023-10-11,24,82,0.9749249358779287
2023-11-24,8,165,0.06352787422194506
2023-03-30,12,99,0.1960788249326023
2023-01-28,16,184,0.33534525927665915
2023-08-19,5,65,0.11329238683407028
2023-03-07,9,27,0.5151552336149989
2023-11-05,11,31,0.07160830303468801
2023-11-09,8,3,0.18208882302306006
2023-10-22,3,58,0.6179683993524416
2023-02-22,2,102,0.959681292858532
2023-07-08,22,139,0.9726607093956526
2023-04-14,6,97,0.37597255233158566
2023-12-22,15,197,0.2689595188992828
2023-01-25,3,189,0.6087424370434694
2023-08-09,5,116,0.5852628598233383
2023-09-25,20,105,0.9713621683507735
2023-12-28,17,111,0.7355395338045717
2023-03-14,3,34,0.5993486944636792
2023-07-18,15,100,0.7209904280673289
2023-05-12,12,171,0.1473146509539407
2023-12-28,1,49,0.5451822429741684
2023-11-15,1,140,0.5609268330807421
2023-07-27,19,176,0.35922067702601457
2023-05-03,23,122,0.9636191750051545
2023-03-01,8,44,0.27618659158114856
2023-01-27,25,45,0.9723911557224701
2023-04-03,21,69,0.9404916017528455
2023-01-21,3,55,0.9668405860957795
2023-10-17,14,105,0.9219069652284746
2023-09-16,6,94,0.12640652765155425
2023-12-27,4,111,0.854024944379194
2023-10-20,6,123,0.9505647258624532
2023-03-23,8,27,0.7412407784099472
2023-09-02,7,132,0.21625729588103682
2023-02-07,4,192,0.26297796662489337
2023-12-09,20,161,0.2865825592379265
2023-12-07,22,154,0.8697339023898293
2023-04-09,25,66,0.8843207212786824
2023-01-08,10,181,0.2570578486580457
2023-03-02,7,31,0.5491014766121308
2023-06-24,10,85,0.0966824496446902
2023-12-03,1,37,0.3304087963065283
2023-12-14,13,46,0.7193409100999351
2023-01-10,23,72,0.32435549517285567
2023-03-01,8,110,0.41265638600716736
2023-12-22,1,38,0.9866407712455605
2023-08-11,15,110,0.9043437365890703
2023-12-14,14,13,0.3028707775101186
2023-03-19,22,42,0.86492071144988
2023-02-06,2,66,0.845899930824497
2023-11-23,21,123,0.16753447635221896
2023-06-11,10,64,0.27338102251134566
2023-11-11,20,200,0.9514750637301451
2023-04-08,23,26,0.8949140746143466
2023-06-12,1,175,0.03500871640880132
2023-05-19,11,136,0.810079196164929
2023-08-21,5,130,0.40953625443944164
2023-04-22,7,164,0.18373414268480803
2023-10-29,11,142,0.776516765888514
2023-12-13,2,200,0.9603318734987182
2023-05-14,12,44,0.507960278046674
2023-04-15,24,51,0.7716889864867675
2023-02-20,21,189,0.9713409817240503
2023-07-01,11,41,0.573683671331334
2023-11-22,10,154,0.4148634549806427
2023-06-24,7,176,0.11733516302237545
2023-03-13,24,104,0.23547558521907386
2023-01-27,17,100,0.6634015104903238
2023-11-19,6,118,0.7983147689941686
2023-12-04,15,126,0.08950354458636112
2023-06-02,3,181,0.40790619319132115
2023-11-29,2,101,0.6203327113120685
2023-04-26,24,98,0.5966944632478333
2023-12-03,22,19,0.35222253936797054
2023-11-12,13,25,0.39313255910377454
2023-10-12,12,134,0.20831618184575373
2023-12-15,1,142,0.7114825129751592
2023-03-19,3,174,0.958561932498979
2023-11-18,17,168,0.027833274042872613
2023-10-10,10,173,0.5992594854892684
2023-07-28,16,85,0.4918367200804602
2023-10-19,20,11,0.8085955371075673
2023-04-15,7,193,0.583804540049813
2023-01-15,6,69,0.20129036806081668
2023-02-20,4,195,0.1909737682183824
2023-08-09,6,2,0.6487306052982095
2023-06-30,21,156,0.004215697484561853
2023-01-24,16,123,0.421883696882277
2023-06-25,10,48,0.5300265149312784
2023-11-12,19,124,0.9479943480593643
2023-01-21,25,84,0.3922959152636253
2023-05-08,14,121,0.7070704453119523
2023-05-17,11,21,0.10440973335316306
2023-11-15,3,168,0.7783464664789482
2023-01-23,4,87,0.5536339359903367
2023-09-01,14,31,0.8204118446183017
2023-09-24,22,79,0.7212121956077249
2023-06-03,14,191,0.6289772564252527
2023-07-04,22,19,0.062139849951785564
2023-07-07,15,198,0.05852126524116141
2023-09-13,20,94,0.41885880057103364
2023-12-13,6,50,0.2699640393860424
2023-07-22,25,93,0.8372350089308961
2023-03-18,24,147,0.4034561553979563
2023-05-30,17,149,0.2542976008932617
2023-06-08,24,168,0.17725916603076664
2023-12-27,13,86,0.515822358763785
2023-05-26,4,78,0.6391882873649362
2023-04-25,25,145,0.5576708251394284
2023-06-28,12,31,0.21289358280961768
2023-10-21,4,139,0.08989083686875388
2023-01-12,3,198,0.09477424455423311
2023-08-16,16,116,0.8506043588561958
2023-11-17,8,128,0.4846939732367356
2023-08-30,20,144,0.33230597867846556
2023-11-26,7,153,0.2851205993688213
2023-09-10,3,107,0.06805701355281779
2023-02-14,4,10,0.9883982094730457
2023-03-03,25,140,0.4319708764160025
2023-09-04,14,117,0.4993838556009862
2023-06-22,17,7,0.2996104533192583
2023-09-12,18,131,0.05579183628792728
2023-10-06,10,147,0.07467118799082129
2023-11-21,18,3,0.43248066861136947
2023-08-06,20,10,0.34539984517078515
2023-11-26,12,170,0.5944921798911103
2023-07-13,20,113,0.9224299345373964
2023-08-25,10,126,0.671422692305654
2023-12-29,25,114,0.3050225555358326
2023-06-02,4,13,0.2786461535455762
2023-11-16,10,167,0.31663791986279655
2023-01-07,12,84,0.9579909861905246
2023-06-26,13,25,0.8798428257758112
2023-08-28,17,101,0.2903943899362188
2023-10-25,12,169,0.9066989046953589
2023-09-07,6,152,0.8423659150295013
2023-05-08,25,131,0.5047459916030571
2023-09-04,15,97,0.3900677843014798
2023-02-14,19,36,0.6069116573356961
2023-08-24,24,125,0.16367811487445472
2023-02-06,3,93,0.8511667465528904
2023-03-06,23,163,0.8313256067601207
2023-09-27,13,50,0.8629854051575653
2023-02-02,11,10,0.3568008275607266
2023-09-10,18,168,0.36791147043311345
2023-12-19,16,126,0.04494963206645641
2023-01-27,14,144,0.16797414632122554
2023-12-03,22,162,0.6110578874356704
2023-10-18,1,142,0.3228263780447359
2023-09-03,18,26,0.7904633250111408
2023-01-16,16,193,0.6249306363094231
2023-07-22,18,17,0.1676101113280104
2023-05-04,13,187,0.20563700207015612
2023-03-13,10,139,0.5005904681873501
2023-12-06,7,199,0.9554430294254231
2023-08-09,5,76,0.2753525920800336
2023-08-12,18,33,0.1448889028142104
2023-03-16,12,50,0.972572659257067
2023-06-16,7,88,0.7984284061988332
2023-08-10,16,105,0.6587468091392139
2023-04-13,3,16,0.5490059077795424
2023-02-28,22,95,0.19505816248657115
2023-01-10,15,56,0.12864084485760185
2023-05-22,18,31,0.5553127729670482
2023-02-17,16,117,0.9781755153069043
2023-06-14,9,53,0.24879988439544087
2023-10-30,21,77,0.029647103715852996
2023-06-13,20,148,0.013430541068471635
2023-09-02,10,118,0.039885401480609595
2023-08-10,5,24,0.6754660084106834
2023-07-06,21,60,0.43566340286260863
2023-07-05,19,54,0.4881941256537422
2023-08-03,13,8,0.4189418516318363
2023-11-09,11,26,0.39289498861510763
2023-05-08,18,98,0.8840361795519631
2023-01-26,5,141,0.27179455003798836
2023-07-17,7,48,0.5570455313457988
2023-01-30,18,183,0.10763528526999322
2023-09-10,24,84,0.36909067775601556
2023-02-02,25,164,0.16191896427208785
2023-11-24,14,157,0.11406127034360358
2023-07-28,6,152,0.4496570578580479
2023-05-15,12,112,0.4961426652460037
2023-06-03,13,3,0.6784320236286522
2023-10-18,19,178,0.23246476264944438
2023-09-15,5,163,0.5912675467666686
2023-01-17,2,158,0.4924643582538807
2023-05-03,18,166,0.013203146090175255
2023-10-11,11,165,0.9968257387802584
2023-08-23,21,199,0.6174947627749161
2023-04-20,8,55,0.978271603157484
2023-04-16,21,10,0.21100602331672103
2023-10-11,17,120,0.18112968849250366
2023-11-09,22,61,0.397854910903099
2023-05-09,25,51,0.7733491850398638
2023-12-20,18,126,0.32437209879789886
2023-10-10,21,41,0.49458404356075425
2023-04-06,14,152,0.15665509040921177
2023-11-23,11,160,0.803228726229675
2023-04-14,22,65,0.10428173501328541
2023-09-19,2,31,0.03740801464202781
2023-02-18,21,161,0.133392051386377
2023-12-25,24,144,0.6524273063076809
2023-11-23,2,123,0.8978148206642683
2023-12-07,24,9,0.7597473165102172
2023-12-31,5,148,0.3111602752127054
2023-01-02,21,181,0.7991937476966758
2023-03-25,11,106,0.24462844312491816
2023-06-09,7,70,0.19831171696872052
2023-01-14,3,38,0.3724934910368143
2023-08-24,22,12,0.42052715460893797
2023-05-08,17,90,0.6645809674760106
2023-01-19,18,158,0.46348635364359325
2023-03-01,3,104,0.03885552913129464
2023-02-15,23,37,0.4483903733935619
2023-06-19,19,5,0.8530266407269858
2023-02-18,5,148,0.37220745190304827
2023-04-17,25,107,0.06941623151459098
2023-03-18,11,74,0.3644792519025495
2023-07-31,7,119,0.5853235449640216
2023-05-21,17,128,0.21682253101765825
2023-10-17,12,139,0.574794551399536
2023-12-14,1,52,0.7475186625769006
2023-02-28,12,153,0.5379586097071261
2023-03-31,10,53,0.38433374826979205
2023-08-24,13,197,0.7776755413001303
2023-04-28,8,162,0.2812573727807832
2023-08-07,23,109,0.3206190824134564
2023-08-21,23,116,0.8086149526460668
2023-11-09,2,174,0.859349494953288
2023-11-19,17,129,0.36033926691919904
2023-08-08,24,167,0.12340807363280692
2023-05-28,9,79,0.14474784725258016
2023-08-18,1,69,0.7793821613296342
2023-07-02,8,180,0.1855650677724674
2023-12-22,2,196,0.6417611380498859
2023-07-26,14,116,0.2722365903518571
2023-05-27,10,142,0.1115815102877632
2023-11-02,10,199,0.4435007483044676
2023-03-11,3,122,0.6053411898084525
2023-02-24,19,169,0.9723439633264871
2023-09-10,11,147,0.5640468730323419
2023-10-11,16,32,0.8741378570629027
2023-10-16,1,188,0.5505904117613983
2023-06-06,1,5,0.2208474956969927
2023-03-29,16,32,0.9980629589431192
2023-10-08,11,173,0.40225587868244905
2023-12-01,10,13,0.10641360558590796
2023-10-18,12,48,0.8598776651782065
2023-03-24,6,85,0.7082609973235705
2023-10-01,22,165,0.7473577324640532
2023-04-27,11,111,0.3531959370134137
2023-08-03,22,109,0.23868242504982806
2023-01-19,12,198,0.8954759992606961
2023-04-22,23,125,0.4995412899594528
2023-04-04,4,35,0.06627836546223131
2023-03-05,7,20,0.4972828736304692
2023-11-26,8,152,0.13759946784740473
2023-11-13,18,180,0.32699913518361035
2023-09-09,9,159,0.6344177386857806
2023-06-26,9,114,0.9003433383951148
2023-07-05,19,121,0.9494090098233298
2023-05-14,1,121,0.4436052547313175
2023-11-02,10,182,0.2318064841616475
2023-08-19,23,81,0.8667187268962163
2023-05-12,17,54,0.07752349456835794
2023-05-06,4,1,0.31006308429474905
2023-12-18,10,17,0.5483524924835039
2023-11-05,13,71,0.513031027460461
2023-07-14,7,101,0.04532707220073018
2023-10-04,5,115,0.2499234183716006
2023-01-23,22,49,0.9730645845975815
2023-08-20,6,89,0.6155318578479122
2023-06-19,1,173,0.7388341757329394
2023-06-02,8,10,0.6051172335443052
2023-07-17,8,150,0.1984388426755589
2023-03-17,20,22,0.2131806992669052
2023-02-17,17,12,0.21051946106287067
2023-03-05,9,47,0.8688848635089853
2023-06-07,23,69,0.31384710585494313
2023-06-18,14,171,0.4134244576356735
2023-08-31,24,184,0.9892395138575643
2023-02-09,5,109,0.7401843450132074
2023-09-23,16,35,0.2398657582067727
2023-04-23,14,124,0.8987015653969704
2023-04-29,24,168,0.7332947097320973
2023-07-17,3,100,0.6272326697181277
2023-05-15,8,99,0.9924537217169124
2023-04-22,5,55,0.2637001741399534
2023-07-12,6,148,0.8546746486249763
2023-04-12,25,157,0.37228946595887924
2023-05-23,11,20,0.33645004704431536
2023-07-07,3,37,0.12412751515974685
2023-03-09,16,49,0.2249226348163288
2023-09-02,10,33,0.7170314504806231
2023-03-23,8,185,0.4820113769723532
2023-08-11,9,171,0.149531929328105
2023-07-07,11,48,0.5633633119839486
2023-04-12,20,18,0.34245618131974875
2023-04-22,7,127,0.4751754177030859
2023-02-04,14,59,0.015604248396965392
2023-03-26,8,143,0.6283762300754082
2023-02-04,8,180,0.9922118420596935
2023-07-21,8,5,0.611968769422944
2023-02-15,5,15,0.3119717968481234
2023-02-22,10,14,0.7425237730310201
2023-08-29,2,94,0.27137297908972646
2023-09-13,23,50,0.018586596984192516
2023-09-09,18,106,0.5346166218456124
2023-01-15,9,200,0.4986319558555823
2023-03-07,1,54,0.3350544474026186
2023-09-02,7,141,0.7027980740897567
2023-03-15,8,18,0.17371744689086766
2023-06-18,7,63,0.5424467162527736
2023-10-23,1,29,0.01753015649255063
2023-01-27,15,113,0.44350121491487726
2023-01-11,1,180,0.4535992814193762
2023-04-28,17,90,0.4169875426059678
2023-05-08,16,48,0.478454617418421
2023-03-23,6,99,0.06807197151617883
2023-09-12,13,56,0.2482482537642049
2023-10-19,15,188,0.10791834987985394
2023-07-07,4,175,0.7222021758144016
2023-04-30,14,74,0.7342162822131825
2023-11-21,4,158,0.2656195755274683
2023-08-08,13,135,0.08296627037566695
2023-09-17,25,167,0.7211189425101074
2023-06-10,6,176,0.837360050226439
2023-06-01,21,43,0.18833344460196022
2023-08-04,23,47,0.5304302283514845
2023-04-05,16,105,0.7056450600540228
2023-11-28,8,12,0.7848608646858233
2023-06-18,21,111,0.8685709243550429
2023-02-03,25,93,0.6787069761289136
2023-06-12,6,42,0.46000531703526815
2023-05-23,11,24,0.07378627639958779
2023-08-27,25,196,0.9934818069276498
2023-04-22,25,36,0.3560042945387858
2023-06-14,18,25,0.5082364961133643
2023-01-21,23,35,0.13324308470375523
2023-06-20,10,107,0.8870422851836653
2023-08-31,24,93,0.8199384643165992
2023-01-03,23,42,0.14097538315671598
2023-01-06,11,50,0.08177285619747665
2023-05-04,13,38,0.1330606170445363
2023-01-18,18,81,0.5590694848054112
2023-02-06,14,190,0.059540408058670224
2023-06-15,10,21,0.6496304634245471
2023-05-11,23,107,0.2647908624362868
2023-06-24,8,105,0.1490202371267706
2023-01-20,5,55,0.6180240629325628
2023-02-26,1,12,0.33176624340231764
2023-11-12,7,65,0.6004957588055934
2023-08-18,19,113,0.08414422995630644
2023-12-30,20,82,0.1503632182492508
2023-06-12,17,99,0.2914162844517447
2023-02-06,24,118,0.1175091756503781
2023-12-08,15,85,0.9107103739293589
2023-05-02,4,102,0.4355135792574125
2023-12-25,12,108,0.7255112689855748
2023-02-07,8,44,0.40746176909034093
2023-10-12,4,38,0.9527808404609415
2023-02-12,16,155,0.04543225505610016
2023-11-25,10,132,0.4531823800031094
2023-03-20,20,175,0.7707208143431032
2023-01-19,25,109,0.757464271913536
2023-07-16,7,50,0.14141188008573324
2023-03-14,24,24,0.7045893591291186
2023-11-03,17,163,0.9271747480610015
2023-01-04,16,139,0.8888426547301677
2023-04-09,24,81,0.009009793948924538
2023-04-27,19,36,0.4070823429402278
2023-12-09,14,149,0.8353578216490297
2023-01-28,21,148,0.18958512065972544
2023-11-22,17,175,0.8435023654200001
2023-12-31,3,88,0.660915191804917
2023-07-23,25,42,0.24572110286775162
2023-07-06,6,86,0.711795815380723
2023-04-26,24,155,0.7926954279614508
2023-01-07,24,124,0.6712782675118972
2023-10-30,14,193,0.3318562740765143
2023-06-01,14,40,0.19183456831119639
2023-01-18,24,199,0.013302737205490134
2023-02-01,16,6,0.8917821754907916
2023-08-15,13,141,0.9152669955103913
2023-11-28,17,176,0.7404724758359459
2023-08-18,21,25,0.7518486948441474
2023-12-25,10,94,0.5812612029924574
2023-07-07,7,55,0.5640857516933364
2023-08-23,13,193,0.5322374613404525
2023-11-05,24,63,0.5640884623981431
2023-08-13,22,146,0.5992075038080817
2023-06-28,12,90,0.21951093711783354
2023-01-08,9,193,0.7614413481602955
2023-12-30,16,195,0.7436653903022766
2023-02-08,20,53,0.7872283980603448
2023-10-05,2,78,0.7697537787934777
2023-09-12,2,132,0.20723851727606823
2023-09-17,21,32,0.3147207244154807
2023-03-12,24,124,0.6584420869723672
2023-12-25,21,75,0.9712062045256054
2023-07-04,10,194,0.4083714024562627
2023-12-15,17,148,0.8653942080299273
2023-03-03,6,123,0.6243124647786567
2023-01-27,2,119,0.09905888866193568
2023-06-23,21,8,0.4290625482872147
2023-10-18,18,77,0.9237102467651571
2023-11-12,3,124,0.3405492243449384
2023-02-06,1,76,0.5367027070133107
2023-05-26,2,161,0.005165151378441313
2023-09-28,12,57,0.8795153350078224
2023-06-04,11,142,0.519291110249018
2023-06-01,22,119,0.3802923859730144
2023-07-18,3,59,0.7759227759550494
2023-11-07,18,100,0.07379089317442056
2023-08-14,25,37,0.47293697376969623
2023-12-24,1,174,0.17023898892381562
2023-09-18,8,153,0.037501429118617535
2023-03-02,3,156,0.5046204128854781
2023-09-22,18,32,0.7342180393144734
2023-04-10,6,108,0.2641751791184327
2023-01-13,18,112,0.28569218691188514
2023-12-26,23,41,0.9639030311497715
2023-10-22,3,53,0.7430761288261565
2023-04-25,11,173,0.2616765042839917
2023-09-20,16,51,0.9565613341676926
2023-12-06,5,33,0.29861649530008294
2023-03-28,23,124,0.18452463681197273
2023-12-19,15,148,0.9934117490679344
2023-11-30,24,196,0.40823977870245476
2023-06-21,15,126,0.9106748430313144
2023-09-16,2,99,0.3172195310897279
2023-07-11,6,118,0.5057818914746236
2023-02-21,22,95,0.761482058402318
2023-06-21,8,152,0.20034680082586387
2023-08-19,21,200,0.6359619738940733
2023-05-17,24,142,0.04597409986709833
2023-06-10,17,26,0.6681999807684376
2023-05-05,10,113,0.2947897249919198
2023-06-23,10,126,0.7929466787685816
2023-11-06,13,178,0.8422889402548033
2023-06-19,18,165,0.3983620742591304
2023-08-21,3,7,0.38832104436253456
2023-12-30,17,78,0.18224376790712682
2023-07-23,9,19,0.47834964895268783
2023-08-24,3,78,0.7982416483509452
2023-10-08,6,64,0.8676756154934011
2023-03-05,13,145,0.847595109587652
2023-08-21,2,192,0.6021599928909046
2023-01-03,6,91,0.04107921348113197
2023-07-15,8,2,0.7058917812749864
2023-01-04,24,129,0.7048690390139352
2023-11-05,20,87,0.33078692812321653
2023-05-24,15,80,0.755240132250176
2023-09-20,6,137,0.9534602161682852
2023-05-28,9,102,0.7915207140028109
2023-03-16,14,82,0.3700601397234362
2023-10-21,12,192,0.7929052324401157
2023-09-22,23,141,0.2622315088071411
2023-11-03,2,84,0.42007286102570396
2023-02-08,3,73,0.7126417392309266
2023-02-12,5,62,0.4194162115051915
2023-07-01,23,53,0.18063190363156023
2023-10-16,6,141,0.7701637269584584
2023-05-08,15,18,0.38530224265852875
2023-07-22,25,97,0.7808188045022855
2023-01-14,25,25,0.028383337522824403
2023-06-30,24,60,0.36826314067626764
2023-01-30,2,94,0.3715842318243101
2023-12-07,20,25,0.11262155931618001
2023-11-01,7,31,0.6985751536012754
2023-09-15,8,4,0.9578126490156841
2023-02-06,16,96,0.989173581589477
2023-01-06,8,174,0.896053646211441
2023-03-18,11,78,0.9901284173523034
2023-06-05,12,16,0.7113764096411637
2023-01-17,14,2,0.2264344499762292
2023-06-05,17,191,0.21268512972034048
2023-07-25,21,96,0.44438343595519914
2023-05-15,6,164,0.944985578484535
2023-10-04,24,59,0.9651672714448453
2023-12-09,4,57,0.7238728557426336
2023-08-27,16,94,0.3010101911052496
2023-02-08,3,192,0.10151949524029436
2023-10-06,22,39,0.37360495939632477
2023-07-28,10,158,0.16722695421610323
2023-07-20,10,169,0.8523375741130356
2023-03-05,16,47,0.11252282779532696
2023-02-10,9,65,0.9671527116286851
2023-07-28,21,14,0.25975824513802614
2023-10-16,24,33,0.6635899344527104
2023-06-21,1,162,0.6981351075970568
2023-12-27,21,41,0.9138333569352357
2023-04-21,5,18,0.40990463983025793
2023-10-10,9,10,0.41437099773653807
2023-10-06,5,98,0.38035034285226055
2023-03-23,25,150,0.07837379879849127
2023-10-20,12,200,0.5064787626646884
2023-08-18,11,36,0.7147953238327209
2023-11-12,1,68,0.3508478159957876
2023-11-06,7,86,0.9708540640764853
2023-07-01,25,83,0.1755139354380999
2023-07-20,13,129,0.40962457446783773
2023-09-05,9,107,0.513058449175622
2023-12-18,20,55,0.8990571403873318
2023-01-28,13,5,0.92056250268336
2023-01-15,17,2,0.8281050672729731
2023-04-25,6,95,0.662867200394346
2023-12-24,2,92,0.3252526247929065
2023-12-22,16,9,0.1886947367508185
2023-08-02,16,109,0.37942541926748863
2023-05-05,23,100,0.4588135078070633
2023-07-20,22,122,0.7253217279580643
2023-03-13,23,163,0.37760126769653435
2023-02-16,19,12,0.7987344878248975
2023-04-23,24,145,0.7821931634259446
2023-10-28,8,130,0.026157505261370284
2023-09-30,13,103,0.1382472082953773
2023-02-20,4,200,0.9995978055684732
2023-02-07,9,119,0.5634248434914795
2023-02-14,2,120,0.6597100281771935
2023-08-28,13,19,0.8341216355566295
2023-08-05,8,7,0.6618561045063802
2023-01-15,19,31,0.4712367451123768
2023-03-28,1,145,0.9565977376108991
2023-06-18,3,97,0.12298482032882663
2023-09-13,16,64,0.56666715640483
2023-07-29,15,167,0.47266758730246694
2023-12-03,3,143,0.9446464226267066
2023-03-11,12,42,0.1471765291880317
2023-07-06,23,198,0.5943205344005147
2023-07-22,14,135,0.858764288158831
2023-07-30,25,37,0.1231719487322509
2023-07-05,17,23,0.2989466404460315
2023-10-24,4,34,0.7668434418946303
2023-12-24,20,35,0.879019243831131
2023-03-15,2,32,0.5143388959992676
2023-05-15,18,29,0.13559046992602997
2023-08-05,5,150,0.2027043978421702
2023-08-02,15,52,0.4849755332588235
2023-04-27,21,135,0.22429340956059773
2023-04-04,15,123,0.1801711614649919
2023-10-02,6,35,0.34162558751114624
2023-11-24,19,6,0.4325053774762204
2023-06-21,13,78,0.3072027349950567
2023-11-01,14,46,0.024622652600846506
2023-04-08,6,23,0.5508208561013104
2023-09-26,20,61,0.05895560841076408
2023-11-11,2,171,0.30031750476156893
2023-08-13,16,188,0.2879135564983082
2023-01-09,13,64,0.999625324359779
2023-04-25,16,126,0.08541614021127886
2023-12-20,6,41,0.5272369272500862
2023-05-27,8,190,0.7609908490593933
2023-01-18,9,170,0.7749593234792905
2023-10-23,6,108,0.04386258383253705
2023-05-09,5,136,0.429483949291559
2023-09-29,20,200,0.5742593545173935
2023-05-25,12,133,0.47818471510315763
2023-01-05,21,126,0.8817793285112773
2023-01-11,23,74,0.4283149114081214
2023-06-15,2,178,0.4433122449226802
2023-11-13,21,124,0.2216861456018252
2023-10-16,12,7,0.8124879690085393
2023-06-04,18,24,0.070504717852513
2023-06-04,22,10,0.288114593190675
2023-02-12,15,115,0.3610191184133895
2023-10-15,7,183,0.36748656273091485
2023-08-05,14,15,0.4477386451416905
2023-07-17,14,85,0.7294675969976921
2023-11-19,22,199,0.21463838822489434
2023-03-26,3,103,0.8311310322424799
2023-09-23,1,164,0.1259138688830177
2023-06-29,24,80,0.7314874651178663
2023-12-31,3,82,0.6812381137398583
2023-03-24,5,96,0.7076084385997431
2023-02-28,15,40,0.2597958739232701
2023-11-04,16,150,0.8132047145025896
2023-10-04,22,69,0.05838583729149793
2023-02-16,4,139,0.5153326649403862
2023-10-30,15,194,0.6010610463299703
2023-01-22,12,37,0.7895596841289828
2023-10-12,16,200,0.14795052162210875
2023-09-10,15,168,0.9098299358364582
2023-08-22,20,2,0.7673770345150295
2023-05-06,7,91,0.8571716207704981
2023-06-29,23,179,0.5214439645588032
2023-01-14,22,19,0.5230953302507132
2023-06-02,22,28,0.8511044522848618
2023-08-02,20,200,0.046564299020814603
2023-04-24,6,163,0.8358107634319928
2023-09-15,6,21,0.49130218455653185
2023-06-11,12,187,0.8668741892513016
2023-09-01,25,169,0.7412409837257773
2023-05-17,12,5,0.5154650249134766
2023-08-30,1,50,0.9314087062294995
2023-02-14,7,104,0.11864742588555921
2023-02-02,1,5,0.45007376811657873
2023-07-24,4,143,0.8577248212876005
2023-05-21,22,152,0.5621762009268617
2023-09-01,21,91,0.4938122985230362
2023-06-09,16,7,0.2226858064507512
2023-03-14,22,83,0.2897161206108524
2023-06-02,24,153,0.34101933337669965
2023-01-23,1,43,0.48607557583262095
2023-02-12,12,120,0.9668440698481492
2023-10-01,24,198,0.5613883416093485
2023-08-11,3,111,0.33377222359241765
2023-02-24,25,93,0.5110977019730476
2023-03-29,17,82,0.07011514637645166
2023-05-20,4,88,0.9991990857775902
2023-12-04,1,184,0.7301263245886026
2023-11-29,4,28,0.5564365328407096
2023-10-16,19,53,0.6337724883860916
2023-02-13,4,64,0.07246769162511557
2023-03-19,15,123,0.28566442265778347
2023-07-20,11,68,0.3083855783428546
2023-11-29,8,45,0.43306282667277995
2023-06-05,10,119,0.5948943939321011
2023-04-09,24,29,0.7525562283425496
2023-02-21,25,9,0.6038981175029355
2023-06-22,24,22,0.3803494244163551
2023-05-14,8,132,0.9484569910553864
2023-07-18,10,115,0.24176873885570105
2023-03-26,13,103,0.436420478723606
2023-10-13,6,169,0.770751457506776
2023-08-15,20,171,0.05861374388272145
2023-03-07,10,158,0.32602912346558954
2023-12-31,7,195,0.919097193741101
2023-04-15,21,27,0.836400716081877
2023-12-26,4,21,0.7761255817842581
2023-06-17,17,20,0.9177288001804494
2023-05-22,1,22,0.005370060519623188
2023-11-13,12,200,0.9982455641846503
2023-03-16,4,188,0.5402710432070276
2023-09-26,14,71,0.7482100849346592
2023-05-03,18,20,0.9341943631408653
2023-10-04,11,84,0.6701866166745063
2023-03-24,14,35,0.3499064676351723
2023-01-06,21,99,0.8321640087168931
2023-09-15,24,148,0.5855487500423174
2023-05-04,1,86,0.9953146204706199
2023-02-14,21,169,0.9199297250792148
2023-10-09,18,188,0.9223463230388823
2023-04-16,9,147,0.9754661347107042
2023-07-10,17,30,0.49018183783210556
2023-08-12,20,114,0.041097799140048075
2023-07-11,14,14,0.36030131877079685
2023-08-21,18,162,0.6185579192331059
2023-03-29,16,126,0.12168768529684426
2023-12-22,17,134,0.6704840691473942
2023-07-16,16,89,0.15756477486420895
2023-06-19,17,65,0.16412042409923677
2023-10-23,12,128,0.08321643716917015
2023-12-20,11,163,0.9069772309913273
2023-01-17,12,170,0.1326138576473591
2023-08-29,25,78,0.7976138451821226
2023-08-18,6,167,0.8163605350566377
2023-08-31,16,182,0.8483536459674427
2023-09-13,17,50,0.8421181540701829
2023-11-11,9,140,0.2021861316046376
2023-04-30,16,101,0.984350307353769
2023-09-13,22,145,0.32053684546142014
2023-10-22,8,197,0.4350616403737345
2023-04-27,16,18,0.6898812738418434
2023-05-29,17,23,0.5381661952678165
2023-01-18,4,53,0.9897265051341938
2023-11-14,1,114,0.491369559471017
2023-03-25,18,84,0.718458479147522
2023-08-15,19,120,0.7186721616768085
2023-03-10,16,2,0.9496843955516157
2023-12-23,9,107,0.8239466210655154
2023-01-19,17,92,0.8602398504319193
2023-02-01,24,37,0.5602497958223639
2023-12-16,2,118,0.25782138795947107
2023-09-05,14,130,0.3723592219301399
2023-04-29,4,77,0.4463639426943633
2023-01-17,16,191,0.12360966526564265
2023-01-12,18,59,0.5451255703947211
2023-01-06,1,138,0.4574003319680654
2023-12-04,12,125,0.6127089273912247
2023-06-12,15,200,0.34164313617947495
2023-08-01,13,37,0.592857739074267
2023-09-01,24,47,0.42463259569648415
2023-11-05,5,183,0.9493493628864853
2023-09-17,3,24,0.4229650279749205
2023-06-14,19,47,0.1273021548285076
2023-10-25,2,17,0.3702823848602602
2023-05-31,23,49,0.30761598254624567
2023-06-23,25,187,0.054785846544752936
2023-07-12,1,87,0.019968152594796562
2023-12-15,4,154,0.7497792031610663
2023-07-29,12,20,0.8370641258985212
2023-06-25,14,185,0.37820623184462376
2023-10-25,1,13,0.9805501432703028
2023-10-14,2,133,0.17397062097956795
2023-01-09,19,136,0.23191226095299433
2023-03-27,20,35,0.9232535507751282
2023-05-09,13,16,0.9993650767289457
2023-07-01,25,13,0.35178953401865565
2023-10-10,1,100,0.9612587861440549
2023-06-20,19,32,0.3252291571757667
2023-11-04,8,172,0.37832611117764714
2023-05-25,2,71,0.013016777689971892
2023-05-29,7,93,0.769968504089377
2023-12-02,3,174,0.15010910743702022
2023-11-14,9,14,0.8276060285720886
2023-04-27,7,29,0.07666749016301733
2023-09-06,20,124,0.9935296415875532
2023-03-01,12,26,0.8264454788517128
2023-05-10,2,19,0.9976419506807956
2023-01-06,1,56,0.037638532178498996
2023-08-01,2,198,0.7390660334637273
2023-09-16,7,64,0.5056299481080143
2023-10-11,8,19,0.08846533049388594
2023-02-05,15,156,0.6972144379816445
2023-04-24,21,115,0.6321077737220123
2023-06-03,12,181,0.26545898120990463
2023-04-06,6,190,0.9130944435966954
2023-02-28,21,55,0.2665078162632667
2023-04-06,23,77,0.7526179873973986
2023-12-01,12,92,0.08069918340589322
2023-11-04,5,180,0.7640315416875674
2023-04-15,13,188,0.8379741605231967
2023-08-08,12,132,0.9070670325794908
2023-04-23,21,198,0.26361787062740916
2023-10-23,7,18,0.9151372094587965
2023-08-25,12,116,0.5115021635522536
2023-08-01,6,115,0.9939532726981357
2023-01-23,9,91,0.030450568794012867
2023-12-16,18,44,0.007488697134454103
2023-12-14,16,155,0.8025126605303595
2023-12-08,15,154,0.5919175660608894
2023-08-16,17,181,0.46577116256460194
2023-04-17,23,47,0.999763126472302
2023-06-01,21,126,0.8213757668072619
2023-03-02,16,175,0.6404091135443936
2023-10-10,2,14,0.798292511255514
2023-01-28,10,7,0.8177610941579005
2023-05-21,11,101,0.6177923046810353
2023-10-01,3,149,0.3726855338343753
2023-01-03,19,31,0.10405783471830576
2023-02-18,12,25,0.7112411896851132
2023-12-17,20,79,0.11336695916517026
2023-10-27,7,6,0.8026736284696845
2023-05-17,13,186,0.42634497030946483
2023-10-16,17,26,0.7215548741034437
2023-02-16,20,200,0.18792632748649707
2023-11-20,23,169,0.6098265192759693
2023-01-12,24,35,0.7734778098634927
2023-10-10,15,3,0.2431405470287794
2023-10-20,17,33,0.3514383314162248
2023-11-22,9,13,0.6712893585792389
2023-08-27,22,15,0.9087301815664938
2023-04-21,2,115,0.12004525219661366
2023-07-07,10,26,0.7299327666202754
2023-10-04,19,185,0.7429500866608425
2023-02-23,13,170,0.29050151386015644
2023-02-08,24,186,0.4376107095577664
2023-06-25,15,98,0.916142138483082
2023-10-10,5,171,0.20120392655079244
2023-11-01,13,32,0.6732513076981497
2023-09-04,21,90,0.926427380519579
2023-09-26,14,10,0.7168373003742048
2023-12-19,17,57,0.8653882544325164
2023-08-25,15,22,0.4565441862143823
2023-07-22,2,93,0.49418790011403835
2023-05-18,23,153,0.1783180701719269
2023-08-17,6,144,0.7253933748800022
2023-12-07,23,97,0.5136782497963241
2023-08-03,2,103,0.45560707134262124
2023-03-03,24,19,0.7068113994555594
2023-02-25,12,60,0.5221364046732639
2023-01-21,21,19,0.534863345524513
2023-07-05,19,121,0.38073973752020307
2023-05-30,14,112,0.2914733170640824
2023-10-19,20,123,0.09561539311832878
2023-12-20,22,166,0.9557895155824175
2023-06-14,14,88,0.4980650773605949
2023-01-24,15,126,0.9909820220935643
2023-03-09,21,94,0.7081708697376732
2023-01-30,16,61,0.519085768875686
2023-12-22,2,110,0.8991891226284523
2023-06-15,8,196,0.20231033792514286
2023-06-19,10,165,0.4151079341335384
2023-07-15,1,66,0.06900746300728633
2023-07-01,16,184,0.6709393054414943
2023-01-21,1,110,0.10293097387092709
2023-11-09,8,117,0.2332491991761687
2023-08-22,9,125,0.1302353847089237
2023-03-30,9,27,0.7744508864180987
2023-12-21,8,92,0.4085146148673594
2023-07-01,17,18,0.1052657823835822
2023-05-14,11,133,0.4439286424590898
2023-08-27,5,152,0.5422092768498683
2023-03-13,20,177,0.33253183502152717
2023-11-13,23,137,0.039122980365249305
2023-12-24,1,1,0.3300829687270097
2023-08-01,4,68,0.6184363439775487
2023-02-19,25,84,0.41212254220890077
2023-08-21,23,64,0.7946422749779495
2023-10-29,7,173,0.6419430040677901
2023-08-06,2,189,0.6832181197184524
2023-02-14,3,85,0.27252438879539553
2023-09-23,21,17,0.18072848908316363
2023-02-13,6,94,0.106496680828709
2023-09-04,24,124,0.05764416804470063
2023-01-24,1,195,0.7644060308168702
2023-10-14,25,179,0.7161449090960414
2023-04-20,13,132,0.9657192299523386
2023-06-28,4,128,0.7117513090888073
2023-06-08,17,157,0.24250458634886263
2023-09-23,3,15,0.8393365609583799
2023-05-18,12,179,0.3572949682086606
2023-07-17,1,3,0.07269132170754966
2023-05-17,22,61,0.9503343118165445
2023-10-12,10,42,0.06710558926618204
2023-10-30,11,101,0.9534333194556421
2023-12-25,23,31,0.2980109788871348
2023-04-20,17,58,0.21967762198940788
2023-11-21,17,153,0.6224978213811593
2023-01-17,20,130,0.7128687147949136
2023-03-16,4,105,0.10098956470843357
2023-01-17,20,83,0.0051208102189975735
2023-07-11,4,158,0.4629735137026054
2023-11-04,8,156,0.9490588798499388
2023-05-13,2,174,0.44551792398549306
2023-10-24,24,56,0.4535464554950309
2023-01-30,9,111,0.03784165946852369
2023-05-06,9,120,0.9608235228635573
2023-08-07,3,61,0.28067261751373174
2023-05-20,11,56,0.6534721774778868
2023-03-25,19,83,0.727912335045284
2023-12-20,8,1,0.9379661901731207
2023-11-22,21,187,0.9895870676592705
2023-07-16,2,43,0.7288759713534433
2023-10-01,5,155,0.04466773722424311
2023-07-02,9,56,0.5260494317233707
2023-06-16,6,121,0.7538975309245222
2023-12-07,11,188,0.5614533924928324
2023-09-05,24,171,0.1828133009614954
2023-02-07,23,198,0.00798465958590766
2023-01-24,22,22,0.08181704363470221
2023-04-20,15,187,0.8526699881041727
2023-06-05,1,107,0.04714629735101383
2023-02-08,12,131,0.1323258440702969
2023-12-29,22,8,0.8901996841254902
2023-09-21,16,134,0.9627170880930173
2023-07-06,2,164,0.7010666039304426
2023-02-12,15,9,0.3504010121069411
2023-11-18,10,183,0.8753957538745489
2023-10-27,2,46,0.02929842184009035
2023-01-23,4,194,0.3739641851127268
2023-05-27,17,183,0.6985731889612191
2023-12-21,12,134,0.586910155898328
2023-07-14,2,9,0.0566269485195835
2023-02-15,19,20,0.09309548335344908
2023-10-16,18,74,0.08511782917800947
2023-05-14,13,62,0.9362764360346852
2023-12-14,3,58,0.4633787266811792
2023-11-04,10,193,0.9811878478954849
2023-03-08,10,52,0.49353794853188004
2023-07-04,20,38,0.639019763228184
2023-02-26,23,33,0.18677220275971473
2023-02-09,16,97,0.8847695041130764
2023-04-11,18,98,0.4109369418220806
2023-05-16,8,66,0.4025425330832926
2023-01-13,2,7,0.9407852423203483
2023-01-30,18,192,0.45383486560773767
2023-08-02,1,42,0.9099280434089944
2023-12-20,2,172,0.5428173663259788
2023-05-31,12,74,0.2289465994981258
2023-11-19,18,140,0.11289866096486556
2023-12-09,7,119,0.7804484020285817
2023-07-24,6,98,0.6491178133177413
2023-10-01,23,100,0.5628520571792653
2023-10-18,25,169,0.767737773797367
2023-03-01,14,108,0.8955375236389783
2023-11-10,1,120,0.6515721344467037
2023-08-30,3,56,0.9439101531311471
2023-11-16,25,106,0.6075229916566229
2023-12-31,5,189,0.1733896980138585
2023-08-30,4,105,0.025584868739473632
2023-01-18,6,44,0.8526283838326343
2023-03-29,16,123,0.7308734329432454
2023-03-04,5,198,0.48804152866491746
2023-07-28,16,163,0.3539089573235822
2023-03-15,10,47,0.9725732423610831
2023-09-25,11,125,0.615154616543979
2023-05-18,10,7,0.7274905101615565
2023-11-22,17,149,0.7513488025469152
2023-02-28,23,76,0.4224127341349505
2023-06-23,11,152,0.2724163340355801
2023-07-20,3,21,0.938954465821378
2023-05-05,9,152,0.012428829298215649
2023-11-01,24,170,0.5019709460285935
2023-02-09,8,158,0.5207279588923762
2023-02-28,23,120,0.4907924964760768
2023-08-27,25,131,0.5687112756825864
2023-12-21,3,122,0.17402674569259124
2023-11-07,20,35,0.48176985445695275
2023-05-07,11,90,0.8154359411812306
2023-01-06,9,26,0.7868883768888413
2023-12-26,11,69,0.012111388403945655
2023-06-10,6,51,0.5413701261879795
2023-04-13,9,70,0.3656963434582733
2023-03-31,15,104,0.2080780055075523
2023-05-02,10,73,0.003750460102785458
2023-05-06,4,123,0.10489622637360918
2023-04-20,12,118,0.9382531099299846
2023-09-07,4,59,0.4269324572049864
2023-10-22,12,141,0.9738832830093131
2023-09-17,16,21,0.06021145070831635
2023-06-07,24,155,0.311051823890083
2023-05-24,20,58,0.428312929480826
2023-01-21,3,140,0.6367631171502126
2023-07-06,3,107,0.12398989474090005
2023-02-19,22,159,0.6553802787734123
2023-05-12,4,26,0.9470650508545655
2023-07-07,13,30,0.20842444137073235
2023-04-17,12,132,0.569158101199548
2023-08-02,12,136,0.9112023267321094
2023-05-13,19,157,0.19499015075619752
2023-12-01,5,137,0.7450425636455067
2023-04-01,19,73,0.8452546421963446
2023-07-11,18,88,0.32262349692285286
2023-01-24,6,146,0.08927223883079383
2023-04-14,24,139,0.8898934435666048
2023-05-16,6,192,0.6247457658662507
2023-06-03,12,37,0.43221724347267065
2023-11-27,15,136,0.24476400713740964
2023-08-06,4,14,0.9796871337788041
2023-02-27,7,170,0.706422942916038
2023-05-23,21,30,0.7403639354949387
2023-05-30,1,80,0.6651783873376929
2023-11-27,9,101,0.32016748984570553
2023-11-23,23,76,0.8182030001304849
2023-02-13,17,84,0.7566039762872185
2023-06-09,4,168,0.1558874882065947
2023-06-14,15,32,0.7412182792087934
2023-01-21,10,13,0.9159708872754656
2023-01-15,15,200,0.6865288555975875
2023-07-17,12,74,0.01694628160446987
2023-12-07,20,157,0.7922686214924124
2023-06-10,6,76,0.024660332266232765
2023-01-31,4,8,0.4014994801808208
2023-05-02,11,18,0.01468190308586581
2023-09-04,25,117,0.7726316696167352
2023-09-16,4,94,0.9086844019125888
2023-09-15,20,21,0.2506623195334008
2023-12-07,21,145,0.7933908426945967
2023-07-25,12,135,0.5067960115578525
2023-10-31,21,48,0.419550243416845
2023-04-12,13,89,0.1451121737760691
2023-06-01,19,25,0.7219031746478953
2023-04-11,21,95,0.6816034998405245
2023-08-10,12,116,0.9707349449066298
2023-01-15,6,160,0.8387505741712422
2023-07-09,4,13,0.9619724398819859
2023-02-10,21,188,0.3624371202082829
2023-03-13,23,178,0.02097471277472307
2023-05-09,25,38,0.307380230333291
2023-01-13,8,99,0.8129484177335301
2023-10-10,5,187,0.18761824403731642
2023-08-19,5,106,0.9090217425839091
2023-01-28,2,19,0.5195417344556089
2023-11-25,11,33,0.020974464373838098
2023-11-11,8,47,0.43488332792191486
2023-09-07,9,178,0.5057888041658404
2023-02-17,17,48,0.1943293138586888
2023-03-13,3,68,0.4625484679401435
2023-08-03,23,149,0.34693448372615865
2023-11-26,17,92,0.31196028822039634
2023-09-26,21,2,0.8572483251345782
2023-01-13,10,119,0.7576809436594286
2023-01-08,8,103,0.2593594449016744
2023-03-05,24,10,0.14467705224874094
2023-12-24,21,27,0.14644838726372433
2023-05-24,15,96,0.6589388443763083
2023-05-13,21,117,0.732747874199007
2023-09-26,21,171,0.7489323584214169
2023-07-13,21,127,0.6793344009850891
2023-02-23,7,24,0.3278834059057204
2023-05-10,21,197,0.20007770530261793
2023-12-08,7,132,0.9796395368566089
2023-07-17,2,173,0.774630661709582
2023-12-07,3,27,0.006100891091137428
2023-05-19,3,15,0.0718442160724776
2023-07-28,12,83,0.38477772278079114
2023-05-07,1,140,0.4969025335413355
2023-05-31,18,24,0.8280467985262725
2023-04-10,17,108,0.5929805472395725
2023-10-08,25,182,0.7438569793350402
2023-10-31,4,67,0.3318650164510394
2023-07-04,16,165,0.12647469275458323
2023-10-10,18,22,0.5575810300071719
2023-12-21,7,177,0.2782011314125994
2023-02-12,7,14,0.8544718508499507
2023-06-05,3,195,0.4973234950286092
2023-06-19,21,164,0.272268498895635
2023-12-02,17,125,0.6234752150966549
2023-09-17,3,10,0.8481447325419906
2023-05-22,1,152,0.0962150427701719
2023-10-31,4,19,0.8012408975213597
2023-10-14,13,114,0.8900546784565698
2023-05-13,3,198,0.26202130356941467
2023-02-12,25,80,0.6759458965383717
2023-09-18,16,99,0.227098712162621
2023-12-26,1,184,0.9289234477877882
2023-04-05,21,188,0.3763427437726956
2023-01-17,10,97,0.014780085463373949
2023-12-03,11,33,0.7024210605583032
2023-10-30,5,161,0.3642517534462675
2023-05-26,1,129,0.25616204064699744
2023-08-16,23,178,0.4000529278378352
2023-02-24,25,169,0.010993979965065237
2023-04-10,23,195,0.9612593694929294
2023-02-14,11,146,0.3576086918666721
2023-10-06,23,189,0.4513675295064513
2023-01-13,2,120,0.35396671429630133
2023-07-06,11,72,0.08836585890796789
2023-07-01,7,144,0.506191513219465
2023-12-23,17,73,0.18701415364039586
2023-08-20,3,61,0.7072746252606047
2023-08-18,18,118,0.18312887336367067
2023-10-30,19,81,0.834622882518362
2023-06-06,21,168,0.21386598762378461
2023-12-30,9,82,0.8000450817452349
2023-11-02,12,60,0.3810780132250402
2023-08-13,19,159,0.20572040361147004
2023-05-18,8,92,0.5458620930584367
2023-08-14,16,17,0.6646506007498498
2023-11-19,20,72,0.07079946705309603
2023-05-22,9,54,0.167268806275241
2023-12-22,3,120,0.345275617748363
2023-10-04,11,141,0.03315137494658493
2023-11-08,5,72,0.0022528280756497487
2023-05-23,8,174,0.0639394416141934
2023-07-05,11,160,0.10754839125619531
2023-03-18,23,84,0.7165436827733804
2023-03-07,24,94,0.7628996393855304
2023-05-01,8,13,0.9985563865620194
2023-02-11,9,26,0.5332595545488554
2023-02-06,21,198,0.08708532546023429
2023-01-26,15,162,0.7509073820576245
2023-10-31,3,136,0.742996244033319
2023-10-29,11,78,0.5013601297548235
2023-11-11,5,14,0.42717617069720815
2023-06-28,3,199,0.13972415154026008
2023-08-19,4,111,0.146074944452672
2023-11-28,15,200,0.9617378029661985
2023-03-16,8,177,0.8122382798266058
2023-08-14,25,58,0.3084788581308765
2023-04-06,16,75,0.20848166428743664
2023-08-28,16,89,0.5617473576234487
2023-04-11,10,158,0.9514185174722196
2023-11-23,15,132,0.868770956769179
2023-12-13,1,31,0.2651639336987187
2023-09-10,17,52,0.9209587085651308
2023-09-16,1,122,0.7835554609886495
2023-10-12,13,47,0.11709945538395439
2023-07-29,22,113,0.3804839144541353
2023-10-06,7,177,0.4071814680574214
2023-08-05,15,110,0.009758022112165365
2023-12-26,11,69,0.9008392852306425
2023-12-03,6,91,0.6490020201625749
2023-03-05,10,183,0.9288145093787524
2023-07-02,14,47,0.654970336677456
2023-12-01,9,149,0.6740815829764125
2023-03-24,17,176,0.22421015415635437
2023-09-16,20,6,0.9879171699250712
2023-01-04,10,30,0.39899633088665376
2023-08-07,23,121,0.5546526280460454
2023-09-06,4,97,0.27180219399737615
2023-03-09,5,189,0.9954403409481505
2023-08-29,8,61,0.25436655193942315
2023-05-07,12,55,0.9153838198033332
2023-06-19,19,31,0.5999803524565737
2023-04-03,22,134,0.6869882069285207
2023-07-25,11,195,0.458573597157252
2023-09-22,22,96,0.40518426529391727
2023-12-29,14,125,0.037673274564816284
2023-09-18,13,86,0.5711297329263819
2023-01-17,3,37,0.74255121705222
2023-09-28,17,59,0.15264329007076605
2023-06-14,14,66,0.7937908691557952
2023-02-24,13,126,0.09530833870945254
2023-02-18,3,154,0.6737736747102617
2023-12-12,3,189,0.6514792390259772
2023-07-01,22,193,0.3881219941310742
2023-07-04,12,80,0.718412788332806
2023-11-15,4,27,0.02099920629628338
2023-12-01,5,109,0.3090037820900772
2023-12-25,22,24,0.7000809377802569
2023-03-23,7,110,0.11116620730391602
2023-12-07,3,184,0.03919774883435101
2023-12-09,19,155,0.14641761635382544
2023-06-09,13,104,0.5431976844798382
2023-04-08,14,149,0.1424384887994271
2023-12-02,16,118,0.7511023528629487
2023-02-03,25,154,0.07463721750097141
2023-06-03,14,47,0.692689880349478
2023-11-25,14,146,0.8151503609855589
2023-08-29,11,150,0.2685433965078444
2023-08-03,9,33,0.013434844867439177
2023-07-01,17,154,0.4513060861916781
2023-05-15,13,181,0.9521617605871542
2023-09-06,4,22,0.4927318246953596
2023-05-15,14,132,0.007047329058611385
2023-10-04,22,160,0.5325572263181679
2023-03-09,14,89,0.17386143970121293
2023-07-22,16,128,0.3097450748287094
2023-03-23,19,3,0.35186235414654954
2023-11-20,10,24,0.5401490274737716
2023-06-12,2,35,0.2951248000653721
2023-06-21,20,120,0.7915224523929824
2023-01-16,5,76,0.6241102543983901
2023-06-16,17,27,0.427631739719573
2023-01-01,20,107,0.7831683145701169
2023-06-27,8,25,0.09259117393906091
2023-06-06,21,199,0.697616207866522
2023-05-17,20,64,0.11828450258250922
2023-12-18,18,5,0.20726887058794485
2023-11-19,15,27,0.8702133972927449
2023-11-24,4,17,0.6804907098859502
2023-05-21,16,115,0.4290145906899936
2023-01-15,4,94,0.0056745075714510484
2023-04-09,9,199,0.08880131265769187
2023-04-08,15,191,0.37925311149264473
2023-03-22,15,111,0.6328681197660991
2023-09-02,17,30,0.8151341132266384
2023-02-09,9,61,0.07052474232800798
2023-08-15,9,134,0.38903507311314023
2023-12-04,24,66,0.8266364889157626
2023-07-09,14,191,0.2583912500405182
2023-07-10,14,156,0.015901348152524086
2023-06-23,14,127,0.777368074364929
2023-12-31,6,71,0.10608305342644608
2023-03-09,22,17,0.7463388746664904
2023-03-17,21,114,0.8565320832177096
2023-07-13,8,51,0.8398548013063035
2023-01-21,1,173,0.47001823051747016
2023-07-20,15,190,0.4301473749204755
2023-11-12,19,162,0.5041737895197327
2023-09-19,20,193,0.3156182240277948
2023-09-15,24,63,0.49205689413726994
2023-08-01,3,14,0.7653546881467352
2023-12-10,6,149,0.1328246067757336
2023-12-31,6,107,0.37734356248930456
2023-06-02,1,169,0.3883097867385865
2023-09-08,2,30,0.04554838392622207
2023-03-07,4,154,0.8105357307992613
2023-05-26,24,187,0.6255957280885917
2023-09-29,6,4,0.67599815586017
2023-02-26,10,53,0.2902649004895195
2023-10-03,14,99,0.4584042135574531
2023-01-27,14,188,0.21873307931473296
2023-08-23,5,67,0.25917278076309813
2023-10-29,2,173,0.27308565604139146
2023-09-08,15,24,0.6674964942196501
2023-12-27,20,31,0.1548821722008331
2023-09-01,14,46,0.6500531618909545
2023-06-04,23,181,0.9541713066199933
2023-11-24,21,81,0.7475134610793396
2023-12-17,25,83,0.4926185774615378
2023-12-10,22,55,0.2924235390077192
2023-05-08,5,80,0.7642407359717476
2023-04-07,11,178,0.9242969934573414
2023-03-01,8,33,0.4108633728297414
2023-12-04,6,64,0.4013158217196974
2023-10-21,7,88,0.04537974322221239
2023-09-17,2,26,0.06205458955610477
2023-09-05,9,149,0.4580774582100142
2023-05-26,24,78,0.8939758642521546
2023-09-30,5,17,0.5589498261336189
2023-07-22,10,77,0.40202506777430913
2023-11-23,5,169,0.6018576263611116
2023-01-22,9,55,0.6357465202783902
2023-07-12,22,154,0.8837476405550514
2023-12-11,12,181,0.1501061113310007
2023-09-21,5,2,0.20041858673392177
2023-09-09,14,81,0.6132537974144228
2023-01-11,11,39,0.9776733493022087
2023-01-06,9,111,0.6243144160363803
2023-03-04,2,49,0.14702998967993364
2023-02-20,12,63,0.10652536255861489
2023-09-29,15,149,0.2143397736360506
2023-02-06,21,31,0.2915173813965697
2023-09-06,5,118,0.47192480738186426
2023-08-15,22,13,0.050826307513072044
2023-12-11,7,52,0.011303336946004272
2023-02-08,17,53,0.9003046400348464
2023-10-14,11,142,0.4780815706844873
2023-08-18,22,82,0.41254767964017647
2023-02-11,24,61,0.7443906279649771
2023-06-15,4,86,0.359301881578586
2023-09-22,10,86,0.10546466802540488
2023-03-25,21,180,0.6647624182308037
2023-10-04,5,180,0.0864114965501328
2023-09-07,14,178,0.38451496853901856
2023-08-03,8,82,0.9975385467743466
2023-03-17,1,172,0.38459126196347915
2023-03-13,23,188,0.7884589363432567
2023-06-28,5,116,0.8203275841178167
2023-07-30,14,162,0.5198202547536528
2023-10-01,12,199,0.19133458128819913
2023-06-17,9,64,0.7606490508854917
2023-12-23,23,61,0.6250492304104015
2023-08-07,12,82,0.12629489731007648
2023-05-19,3,147,0.552425435286107
2023-09-21,13,3,0.7576836175315905
2023-09-05,13,6,0.32894813374941256
2023-12-04,17,167,0.9600915103253805
2023-12-30,12,31,0.5355191011940859
2023-06-06,3,186,0.26114058153457864
2023-01-26,24,90,0.2544752950839627
2023-09-15,11,28,0.07660249982425293
2023-05-13,16,8,0.8053803411833236
2023-06-03,6,113,0.3943538236708428
2023-09-19,20,137,0.41562536023321217
2023-09-24,18,145,0.6823750472224641
2023-06-13,23,39,0.05646519855337062
2023-10-24,20,174,0.6092883052619333
2023-11-15,9,85,0.9571093930031421
2023-03-30,6,133,0.259599798376711
2023-11-29,16,198,0.6766560006250402
2023-08-29,8,138,0.9593589297965913
2023-11-14,17,85,0.9607930347431718
2023-01-01,11,89,0.5856528836786538
2023-03-05,16,35,0.9790937202076246
2023-06-28,2,5,0.8321088112706052
2023-10-09,2,86,0.8442698559490875
2023-11-28,23,32,0.3320092016781896
2023-03-26,23,166,0.5666296827880615
2023-07-19,9,39,0.7308156062268653
2023-02-22,19,84,0.04316220591733211
2023-05-15,19,119,0.7101777305998498
2023-04-08,6,41,0.880943527087184
2023-07-18,7,138,0.651746341656819
2023-02-09,6,150,0.14956306164263022
2023-06-03,13,42,0.07921329152168877
2023-07-19,4,105,0.1436725571030011
2023-12-28,25,26,0.6960807511586891
2023-05-13,8,133,0.004714923270530358
2023-11-14,6,163,0.9871053322406289
2023-05-28,13,198,0.09670763179305886
2023-10-18,18,72,0.4228781972776777
2023-09-11,5,35,0.4557378377342205
2023-03-24,6,96,0.23207545848510558
2023-05-01,18,101,0.8977133311711769
2023-06-26,10,144,0.7421613451384104
2023-04-09,7,115,0.2506252093886556
2023-10-09,18,84,0.9531749627463991
2023-08-31,24,103,0.3703609539911442
2023-07-29,24,119,0.8946580594124184
2023-09-26,8,73,0.5925113078238651
2023-12-19,2,149,0.07499414059587273
2023-09-13,16,144,0.5437058323976663
2023-09-19,1,184,0.9701025212131562
2023-09-24,4,148,0.49100029807023726
2023-09-01,24,48,0.5092248830823
2023-08-20,15,83,0.5150733149613143
2023-07-11,2,17,0.2148509045191569
2023-12-19,16,33,0.8535874550749093
2023-06-06,11,64,0.4931587760931966
2023-12-07,15,7,0.9343426397210977
2023-05-21,18,170,0.12596413825563324
2023-03-17,1,99,0.6902414299022834
2023-12-30,20,179,0.11471078926284106
2023-09-07,13,127,0.12671739336109
2023-02-06,20,194,0.9075427118137561
2023-01-30,11,167,0.22039280020946794
2023-09-13,24,25,0.024486765512568898
2023-05-21,8,28,0.848413391051786
2023-06-16,22,178,0.5353219363862826
2023-06-07,24,182,0.29856146298456
2023-02-19,10,77,0.9294844573311982
2023-10-22,8,20,0.06842307649786838
2023-06-15,18,89,0.469079186051074
2023-12-18,5,191,0.04973462743046675
2023-09-16,16,189,0.6937130216569249
2023-08-31,7,17,0.4116280621152124
2023-11-18,9,122,0.1956841345902487
2023-07-04,6,189,0.35085579431810676
2023-05-05,6,36,0.6956744722995514
2023-04-18,21,88,0.6439099126468093
2023-09-24,20,58,0.659360075101792
2023-12-23,24,95,0.6955987889215427
2023-06-20,11,147,0.6979834456936511
2023-02-12,16,54,0.203074148669517
2023-05-15,22,169,0.018575446010394625
2023-07-10,19,164,0.6810777600249586
2023-02-25,2,68,0.528302238041758
2023-04-16,22,107,0.04531282599663233
2023-02-27,3,179,0.6348747679363603
2023-11-12,24,58,0.8766242862180963
2023-03-16,2,28,0.601299368905191
2023-02-26,6,165,0.4956616757034096
2023-04-25,17,43,0.02589771569735666
2023-05-24,8,148,0.5002452963939908
2023-11-09,24,1,0.8683440504987149
2023-11-13,4,188,0.20720448159693128
2023-09-10,11,65,0.170791169979977
2023-06-15,25,106,0.5949862373005909
2023-02-07,14,26,0.9730873004896013
2023-10-02,3,117,0.7685858693651496
2023-01-21,3,180,0.16652668849572916
2023-05-06,20,137,0.7170370918946611
2023-01-18,17,97,0.5719046424235874
2023-09-30,8,65,0.8714318259070667
2023-09-05,9,165,0.7439985436470465
2023-08-17,13,106,0.2126467145858988
2023-02-05,6,159,0.9135503257260592
2023-09-26,19,171,0.10902121010662535
2023-05-30,22,185,0.28773862182489174
2023-11-26,10,34,0.6894896536110031
2023-06-21,2,154,0.11462264509734843
2023-04-30,24,126,0.6010774938891029
2023-06-27,24,83,0.9703341476885986
2023-08-13,13,98,0.2126616571680483
2023-03-03,22,44,0.21555919333804174
2023-04-18,13,98,0.8452548761282825
2023-02-12,15,48,0.20195588282949162
2023-04-28,22,152,0.7216587119715723
2023-06-09,14,109,0.09864235621757089
2023-01-01,15,121,0.4960626551836609
2023-02-26,17,43,0.05167816589295937
2023-06-06,11,64,0.599280381799508
2023-03-21,3,127,0.9206719375389741
2023-10-21,19,122,0.6600695527219262
2023-03-15,9,111,0.9249181594186271
2023-06-09,23,138,0.5688847884835122
2023-08-10,6,11,0.9295732003107212
2023-08-07,20,181,0.5957578478366102
2023-01-04,22,197,0.0028892175418675503
2023-03-11,13,118,0.7383560501763229
2023-02-10,5,178,0.49691344315912556
2023-12-14,8,47,0.9082865625554076
2023-10-02,10,40,0.5192474515779802
2023-03-24,17,118,0.190883821796614
2023-05-31,4,75,0.249684667107965
2023-08-20,11,9,0.2938302083538642
2023-02-06,3,14,0.5474137634319435
2023-12-06,9,122,0.6006935736415377
2023-09-28,6,60,0.23420242867781194
2023-06-25,2,117,0.5708280166618082
2023-05-29,1,196,0.8692812697474236
2023-10-10,15,143,0.6155591032725898
2023-04-30,4,83,0.9174931423408467
2023-12-14,5,71,0.11384971153925327
2023-03-14,25,40,0.5105923490721552
2023-12-07,8,157,0.7291987828962919
2023-09-09,13,75,0.6042967826354134
2023-01-03,16,193,0.27624637995193746
2023-09-13,16,140,0.6253337399842824
2023-02-22,5,112,0.4384354004705987
2023-04-17,8,180,0.10760364921895171
2023-04-20,12,103,0.06388488569174955
2023-08-12,15,140,0.609240420789891
2023-01-29,8,52,0.30272887193107256
2023-05-14,25,37,0.8018812949413793
2023-09-22,4,115,0.7535049859648051
2023-07-28,20,29,0.0982469791402758
2023-10-25,16,25,0.40451001236803863
2023-04-15,7,64,0.40036260421610026
2023-09-06,10,140,0.5745987725403293
2023-03-08,20,106,0.24528483115302424
2023-10-10,16,191,0.08936726329906042
2023-03-21,15,148,0.3928942512979775
2023-07-22,17,165,0.5066175582618058
2023-05-24,11,98,0.32771695400077105
2023-08-01,2,80,0.8696190761188413
2023-12-03,22,81,0.7337181164474148
2023-05-27,11,193,0.7758455137824865
2023-01-16,13,24,0.032180702697611974
2023-02-21,5,156,0.4993617444244859
2023-02-28,14,184,0.709256981028238
2023-08-27,5,68,0.8430472306961543
2023-05-21,3,20,0.5159171361215681
2023-12-28,8,125,0.1263240060454952
2023-06-29,11,104,0.8186721289660532
2023-03-28,18,63,0.899580988312976
2023-11-15,25,161,0.1255934560907528
2023-08-21,6,15,0.37850402448257425
2023-06-02,7,77,0.0020331059157993048
2023-05-09,18,193,0.19135624488256708
2023-02-20,11,126,0.979480340473143
2023-02-22,2,40,0.28848711922064785
2023-06-30,17,26,0.32452800920216207
2023-12-01,3,29,0.049869292990900815
2023-05-04,12,186,0.7262041129935067
2023-07-10,2,25,0.5353909692955027
2023-05-03,9,199,0.8769941493804922
2023-05-11,13,140,0.31330273299577394
2023-07-27,13,157,0.773691023551001
2023-07-17,11,140,0.9116370064085024
2023-01-31,4,109,0.9378607582901135
2023-06-10,9,56,0.4593326116549228
2023-10-13,10,140,0.27327654969623016
2023-07-03,25,196,0.10002684237969439
2023-03-24,21,159,0.9857167171303404
2023-03-03,22,3,0.09373426436358312
2023-09-12,13,14,0.7567373064982849
2023-10-20,12,200,0.3491484236877852
2023-12-08,7,123,0.8965067249252034
2023-07-13,12,15,0.4802918151124833
2023-06-09,8,197,0.5600975764636581
2023-08-19,9,188,0.929240229048566
2023-11-03,9,7,0.11607827307013263
2023-06-30,6,181,0.577161859719505
2023-07-07,2,164,0.1209259685640065
2023-01-28,10,167,0.317700465149253
2023-05-06,20,117,0.05077962965248306
2023-12-16,6,27,0.44334714686150445
2023-01-14,15,139,0.4988661758798819
2023-05-06,6,45,0.4430311440193637
2023-12-10,20,183,0.08663453067597027
2023-01-07,5,115,0.08470341847260898
2023-08-10,9,47,0.7137511668149136
2023-07-18,13,169,0.3042282446643041
2023-05-22,23,62,0.9614464143717246
2023-05-05,18,111,0.729898428872726
2023-05-01,17,29,0.8206587958588689
2023-11-05,3,152,0.03403626482267008
2023-03-22,6,126,0.8470508618778143
2023-05-25,5,171,0.9773401835877906
2023-07-16,7,120,0.446304509163714
2023-10-19,5,60,0.3407419977298043
2023-04-29,13,96,0.22284748474047134
2023-06-16,22,60,0.09134612652103946
2023-04-11,10,146,0.9104039494706369
2023-02-20,3,178,0.2739770085570379
2023-03-02,10,45,0.08839514350114475
2023-06-22,20,174,0.617454181141426
2023-02-09,11,103,0.023848833115627466
2023-11-07,6,23,0.06781340833070171
2023-09-29,25,104,0.3793461835849765
2023-12-18,10,181,0.4209370283162295
2023-04-03,3,170,0.07177953484122745
2023-04-21,14,34,0.09039445723681805
2023-02-06,9,146,0.8076217750768637
2023-11-26,7,99,0.6176969975946105
2023-10-07,17,81,0.04122779485197925
2023-05-08,19,41,0.2786139679468793
2023-01-02,24,195,0.35478566706222003
2023-03-01,1,148,0.02323677949686387
2023-07-07,6,50,0.8773764078468071
2023-07-19,13,23,0.2156869757218125
2023-06-27,7,99,0.967538803368919
2023-11-07,11,200,0.31326617650951616
2023-10-30,5,167,0.6380257777572225
2023-07-24,13,25,0.027130345085515928
2023-04-14,10,188,0.5356824327008973
2023-04-06,20,125,0.8426217131370448
2023-01-24,13,189,0.9842369473591694
2023-02-19,19,73,0.5262964628293404
2023-10-04,23,36,0.6213570042538349
2023-09-09,7,94,0.8895018497093556
2023-02-22,20,98,0.22987852134952558
2023-10-15,1,177,0.9224926967636069
2023-11-28,2,165,0.9179027856331416
2023-04-03,9,195,0.2831470263265815
2023-06-15,2,174,0.6909082040719818
2023-08-10,8,31,0.3308175507119775
2023-03-05,7,65,0.08990680352848202
2023-11-30,1,18,0.7373156885421055
2023-07-04,7,61,0.7183075288867976
2023-07-04,12,48,0.548599692481933
2023-01-04,6,172,0.7708743853666492
2023-10-25,22,168,0.3525084180976832
2023-08-21,1,60,0.9294841705194931
2023-08-14,11,143,0.04647236455546078
2023-06-01,12,190,0.9719090975223975
2023-08-01,12,141,0.14670647518653557
2023-01-13,22,119,0.00488516054139021
2023-05-22,19,9,0.8816485140350793
2023-09-29,4,34,0.7680961039768844
2023-09-07,3,48,0.2150663564673183
2023-04-18,24,185,0.8646431283324472
2023-10-21,15,39,0.7799656754205446
2023-01-25,3,149,0.5514995166056431
2023-10-01,16,59,0.48497047297495144
2023-11-03,21,26,0.013089719559055135
2023-05-29,14,76,0.49839164044982465
2023-01-26,13,98,0.8561768033913268
2023-01-24,14,158,0.798909795660877
2023-08-02,19,37,0.9514975195296143
2023-09-29,12,3,0.4260976994861584
2023-12-17,10,116,0.7623422379168869
2023-05-27,3,58,0.8452692744673258
2023-05-03,22,54,0.5739392722574661
2023-09-29,12,115,0.36836735807012744
2023-10-31,23,59,0.2694738093111865
2023-04-05,12,128,0.46031125020317876
2023-02-09,20,182,0.9223128963926006
2023-12-05,12,153,0.4614458012432432
2023-04-11,21,127,0.4942362639315684
2023-05-28,15,181,0.18420281661530502
2023-09-23,2,80,0.6744926954051192
2023-11-02,1,117,0.16089751118442908
2023-05-22,15,177,0.09312542525025314
2023-01-31,25,45,0.731202240467262
2023-02-05,2,20,0.7011780471389303
2023-06-13,8,162,0.6402299012526363
2023-06-15,22,20,0.7399002782122294
2023-07-05,9,143,0.6751257845360323
2023-12-03,2,174,0.01126913974364796
2023-11-17,8,60,0.6929631210669044
2023-05-24,24,122,0.515312935321942
2023-12-19,17,156,0.49771111659223854
2023-10-19,18,74,0.6561499306350016
2023-08-18,8,30,0.9880083433864559
2023-01-22,17,84,0.7662639861533712
2023-11-11,5,66,0.7790966003405254
2023-06-04,17,10,0.3981551090322505
2023-09-01,21,167,0.10132034173585369
2023-06-26,14,164,0.400046570639782
2023-09-05,10,25,0.9104518047108572
2023-08-17,23,161,0.4241521290483292
2023-05-16,10,144,0.6851890011038491
2023-09-19,12,97,0.5086447647005062
2023-11-28,5,48,0.08846024889511472
2023-05-15,20,126,0.4356623908471199
2023-05-29,25,109,0.7028437798227566
2023-07-17,20,168,0.12224784641959896
2023-07-12,3,43,0.5574291932372858
2023-10-26,22,60,0.18977391283366074
2023-11-21,16,84,0.14340062216532246
2023-07-25,6,38,0.19878407985037927
2023-11-20,19,87,0.9470354324967334
2023-01-02,20,136,0.5714600443896929
2023-12-30,25,106,0.35187950998767104
2023-07-18,18,74,0.28918363177629114
2023-02-26,5,162,0.5742344025162623
2023-03-09,21,47,0.09524622382969239
2023-05-04,15,99,0.035936852704679056
2023-10-15,9,115,0.7744401632670518
2023-11-06,20,76,0.8988502212987366
2023-08-18,2,67,0.7239550652373122
2023-08-01,12,183,0.7460787799948132
2023-04-05,5,88,0.5491205828890222
2023-04-03,10,110,0.5595582191171082
2023-05-02,13,153,0.2551844194264141
2023-05-27,13,16,0.9368946342953032
2023-01-10,19,138,0.12192126419280447
2023-04-21,20,23,0.8713895808584998
2023-03-11,11,35,0.2996046227967457
2023-03-01,14,78,0.6300877294474985
2023-09-14,1,102,0.7187441763963536
2023-06-18,2,199,0.9708471973998936
2023-04-30,24,73,0.9780676871121915
2023-05-14,7,78,0.9467181203622067
2023-03-28,8,86,0.8459382358663441
2023-09-17,16,5,0.6955798582758969
2023-04-22,6,52,0.9380966804551094
2023-05-07,22,25,0.9614248188420714
2023-03-16,2,67,0.896260858264666
2023-04-11,8,147,0.4639784671636926
2023-07-27,24,158,0.046788374526169796
2023-12-10,2,159,0.11269888014183171
2023-08-22,2,153,0.585298894123377
2023-10-01,12,182,0.7145832913521843
2023-01-16,3,93,0.6697533280821675
2023-11-14,17,101,0.09058630381553134
2023-10-03,6,46,0.7934515075150047
2023-08-21,9,18,0.004569483988882572
2023-10-16,9,62,0.28478324782156994
2023-11-11,12,82,0.8116559767537801
2023-02-26,2,184,0.2324832880926434
2023-05-20,12,185,0.6966935116865319
2023-03-09,24,10,0.8730709387227708
2023-05-16,21,106,0.09424609172370946
2023-01-23,2,172,0.24261331045594703
2023-10-27,10,58,0.061218250069952296
2023-11-25,13,24,0.07965018848191763
2023-06-08,5,150,0.9429397333460964
2023-03-17,24,4,0.13086771504782546
2023-12-19,19,172,0.8316169640674987
2023-07-02,1,56,0.14851086158511762
2023-10-10,25,99,0.03714396603888792
2023-07-04,18,184,0.6458391205288889
2023-10-06,1,14,0.45040684854830226
2023-05-31,12,167,0.9061221355026118
2023-02-11,4,138,0.5203277330425402
2023-12-26,8,125,0.3550570777421812
2023-06-12,8,68,0.6554981160012519
2023-01-09,1,40,0.912615261506357
2023-06-19,6,96,0.0408448482120678
2023-01-25,23,18,0.027365515206418944
2023-03-18,19,106,0.6007459955070436
2023-04-06,22,84,0.22235551746329207
2023-07-05,23,143,0.926364945854432
2023-10-19,15,180,0.9571242978600979
2023-06-07,15,113,0.36913712295629575
2023-10-31,21,79,0.4744182633196036
2023-08-04,11,86,0.5853996028364258
2023-11-26,6,143,0.8566331095151004
2023-08-20,23,104,0.5427316505149233
2023-12-12,25,107,0.5216030405941331
2023-12-30,10,60,0.33875561003181287
2023-11-08,1,101,0.8694718344080272
2023-09-29,23,39,0.5228615006302775
2023-10-28,18,144,0.10370567783300944
2023-12-10,5,124,0.6955087104450458
2023-01-12,7,54,0.6136248848800728
2023-06-28,24,147,0.9539091559429304
2023-02-08,19,166,0.5826296482539012
2023-06-14,9,16,0.18485481445581897
2023-09-06,23,55,0.8975431992414281
2023-02-24,15,24,0.7584517805378453
2023-01-28,4,28,0.8659829623844064
2023-03-02,6,105,0.390537665748374
2023-01-18,21,59,0.9999352620922599
2023-11-14,13,17,0.7101332529304435
2023-09-09,12,39,0.5462356394898028
2023-06-13,25,94,0.030350662597151357
2023-09-18,3,141,0.6545840923080234
2023-01-17,10,87,0.4910126186893521
2023-10-04,1,120,0.8677954807529368
2023-06-26,7,135,0.1925050012017545
2023-08-16,9,113,0.12019320296224667
2023-06-11,25,67,0.3495495446936301
2023-02-18,23,20,0.21023844532054548
2023-03-17,8,173,0.7188029791830304
2023-03-22,7,137,0.04935975270480886
2023-06-06,1,58,0.9317150172335072
2023-12-28,17,116,0.8966663969500618
2023-12-28,24,13,0.7523363115131134
2023-12-18,7,143,0.5116527756968089
2023-09-21,3,181,0.06409129587725215
2023-02-23,8,150,0.6204330839614945
2023-11-30,24,146,0.07752208747950207
2023-06-02,25,11,0.8943058191461772
2023-08-17,25,12,0.3904421798233241
2023-05-19,22,188,0.6418271236480196
2023-04-28,10,122,0.678098375292852
2023-04-26,22,109,0.9867334608356876
2023-08-10,11,16,0.2649001731347408
2023-04-29,9,32,0.4098535364034186
2023-01-19,21,180,0.7925052109813058
2023-05-16,6,135,0.3791643226523187
2023-10-19,18,67,0.09583739433311023
2023-07-24,3,7,0.0330239477425317
2023-07-16,5,191,0.40849127172611155
2023-04-17,23,59,0.5758251037476578
2023-10-04,11,60,0.9188870566383488
2023-10-07,1,122,0.8083798945972296
2023-05-27,16,16,0.8767531861443949
2023-12-04,12,54,0.5020965306430111
2023-09-23,10,125,0.9915010701841399
2023-01-13,15,73,0.03447979413707336
2023-02-03,7,87,0.5663272416712365
2023-11-15,23,25,0.6899139900485868
2023-03-16,23,59,0.12953127984328616
2023-10-24,8,132,0.6575633927342445
2023-08-21,16,77,0.49617979452162597
2023-02-15,13,1,0.3850345832741623
2023-05-01,2,168,0.505483119281109
2023-09-23,14,127,0.34759843637169907
2023-09-27,20,105,0.06453521222275849
2023-07-12,14,176,0.16049720745697604
2023-06-26,14,11,0.8293844750111614
2023-04-28,14,37,0.33909874945886365
2023-01-21,10,176,0.6867561258978415
2023-03-26,11,70,0.7381652147488613
2023-12-27,19,9,0.10085063959477014
2023-10-16,9,200,0.8007719035046583
2023-05-02,17,188,0.8416684731071599
2023-03-18,16,168,0.43969513162940843
2023-06-20,14,27,0.29641298835874685
2023-06-07,8,90,0.6820083665201497
2023-07-28,17,159,0.9655979363141611
2023-08-21,15,71,0.761351887710391
2023-10-26,8,166,0.5664901455385578
2023-07-04,22,108,0.12834916172969646
2023-08-30,8,101,0.22169083314170313
2023-12-18,11,100,0.89378047245594
2023-09-13,23,82,0.9865358157058218
2023-08-27,4,70,0.7594930865519731
2023-08-26,15,63,0.6391153324285779
2023-10-08,7,104,0.554900517657941
2023-09-23,22,200,0.8172542431526925
2023-05-11,15,74,0.9472628707798263
2023-08-30,5,47,0.006092017857924015
2023-06-18,7,95,0.4935817582595845
2023-04-22,4,108,0.17825887323937684
2023-04-19,8,116,0.12407910205612938
2023-02-21,24,69,0.4618766081244814
2023-05-19,13,130,0.11490172666598997
2023-06-11,14,26,0.3119014845509437
2023-07-09,4,145,0.3484642569663965
2023-11-09,12,64,0.2960143204344666
2023-04-11,12,174,0.7047706795089491
2023-10-25,22,173,0.26001253909018507
2023-01-26,3,199,0.2576650072504104
2023-10-03,11,77,0.04499616347339319
2023-09-09,25,115,0.5245735710622182
2023-10-14,20,28,0.9617573409292595
2023-05-16,12,131,0.815424355689089
2023-04-12,15,151,0.1839296716190102
2023-06-05,16,6,0.04874831225505549
2023-05-21,8,104,0.3182053539671157
2023-12-29,1,19,0.8748042600556938
2023-09-24,10,54,0.2906879148100461
2023-02-22,11,182,0.5293357126469638
2023-10-29,20,50,0.8188703842337904
2023-12-11,8,91,0.4723024600895751
2023-08-03,13,69,0.894267042469473
2023-06-16,3,131,0.15454401521057526
2023-08-26,12,35,0.6415769276232113
2023-06-04,20,51,0.94327913125987
2023-08-09,19,11,0.8050750033882317
2023-02-25,15,82,0.8301608108499995
2023-11-03,5,16,0.9749933284322446
2023-12-08,11,25,0.41728575373274013
2023-03-02,18,109,0.9199012689682194
2023-07-22,15,180,0.9770157236236723
2023-08-28,12,93,0.10916981303799456
2023-10-14,7,93,0.8062717972183591
2023-09-14,2,191,0.5044844176063916
2023-01-17,9,134,0.09226975298174789
2023-11-12,13,160,0.35317139644199913
2023-09-09,17,69,0.6938769144289957
2023-12-07,25,77,0.6012633114165056
2023-08-13,3,28,0.6854254664989378
2023-09-07,21,51,0.9797199515339635
2023-09-03,9,87,0.09277416641883951
2023-06-10,16,135,0.9820463546526894
2023-05-12,14,12,0.28273866460622843
2023-05-30,11,110,0.8393100038564598
2023-08-05,15,197,0.31878387073871617
2023-08-04,23,134,0.09679603549168969
2023-04-29,11,96,0.07619195178482219
2023-09-20,9,184,0.6273872156063169
2023-05-29,18,111,0.8007558072190755
2023-12-02,18,60,0.10131897778655918
2023-02-05,21,196,0.3096219333121263
2023-05-17,6,42,0.2522586423343839
2023-06-28,10,42,0.900177202531717
2023-05-24,14,109,0.3912603278781127
2023-06-23,12,152,0.21919602006211192
2023-04-23,21,94,0.04479705323513272
2023-05-28,11,82,0.9235884249898324
2023-03-24,16,44,0.2596413319952694
2023-12-26,18,2,0.3625812137601734
2023-08-07,12,111,0.9221000193774308
2023-04-24,1,176,0.4756581727874599
2023-12-15,24,148,0.6019891450567585
2023-11-27,21,43,0.04892702031738361
2023-10-02,4,145,0.6704683238199873
2023-04-22,8,93,0.8770322118400958
2023-12-13,24,9,0.382065605905331
2023-04-14,10,27,0.1801857157887503
2023-07-16,3,172,0.6893248772509547
2023-02-11,2,55,0.18376593143093634
2023-06-26,18,61,0.43414585421310814
2023-02-25,15,186,0.6867062249171747
2023-08-13,20,70,0.2633994450127276
2023-12-07,7,151,0.6742080785967319
2023-01-25,16,118,0.5380934844257157
2023-01-07,16,103,0.23768987553010634
2023-10-29,19,49,0.12754943827742005
2023-06-26,10,147,0.8253193076218367
2023-11-23,16,198,0.30659759725322566
2023-12-14,19,196,0.6122263986793091
2023-05-02,19,107,0.6734321792712052
2023-02-12,18,53,0.519088369717069
2023-01-15,7,59,0.5669577630036298
2023-10-08,23,75,0.28664879637146456
2023-05-03,1,109,0.589656456560144
2023-07-20,4,190,0.7033764132616712
2023-09-23,1,102,0.7276228668152472
2023-08-20,22,176,0.5863645603923833
2023-09-22,22,5,0.13778268897849932
2023-03-19,22,147,0.9206688798068843
2023-07-11,19,30,0.6741451242345299
2023-07-26,8,49,0.15655645404945873
2023-01-06,12,73,0.7064338468781342
2023-06-06,11,183,0.6721221215503768
2023-01-15,15,52,0.9740876506556516
2023-12-21,7,129,0.277247922881908
2023-08-23,7,33,0.9084610777551059
2023-07-27,18,47,0.6299162331259502
2023-10-06,18,131,0.7195282591201739
2023-06-29,23,184,0.13029060101208423
2023-06-08,7,154,0.38119826653898714
2023-03-23,19,182,0.7979799646494525
2023-08-10,19,174,0.065476154587371
2023-07-23,4,19,0.22734078252524215
2023-01-07,24,42,0.10284464228041146
2023-09-16,10,84,0.6319071375818238
2023-06-17,2,19,0.7823435761050883
2023-05-15,15,173,0.4879924613156629
2023-05-02,4,119,0.30440214311938874
2023-05-23,5,46,0.8255550893943985
2023-04-05,18,172,0.5578967038190303
2023-06-11,23,45,0.06504838835919091
2023-03-08,6,193,0.8807997622920636
2023-10-09,17,41,0.08111731778002385
2023-08-17,12,156,0.5951046585207626
2023-01-05,13,143,0.14184542284740576
2023-08-08,4,136,0.7832767109753592
2023-07-12,4,172,0.8570360391301868
2023-06-15,24,165,0.1046963319027564
2023-02-18,18,157,0.572290156214439
2023-05-28,6,48,0.3555828628368426
2023-05-13,2,122,0.9378504481086803
2023-01-01,24,47,0.48138787192714416
2023-10-24,15,31,0.26905850173450696
2023-06-06,24,70,0.29528082187090443
2023-03-10,13,3,0.48208102868010627
2023-10-15,24,189,0.2343448000656182
2023-12-29,10,48,0.7361962356331417
2023-06-01,23,38,0.5202953839383893
2023-09-19,13,19,0.5819503250307452
2023-04-16,1,18,0.9447624950040228
2023-04-11,16,118,0.28029193169218336
2023-10-15,23,105,0.024533855644321756
2023-02-27,6,13,0.849712670735572
2023-01-10,6,3,0.5728908705378823
2023-11-30,22,148,0.39301244014334347
2023-09-08,5,2,0.614247485474005
2023-08-25,9,6,0.18103769376041956
2023-10-24,17,86,0.24608672734338888
2023-02-20,13,95,0.9103483902903236
2023-03-13,18,141,0.6855173244974483
2023-12-28,23,121,0.5701444840958035
2023-05-25,17,126,0.05703324572087365
2023-04-09,15,17,0.7913336839561425
2023-01-26,20,98,0.1921697398132941
2023-05-10,6,130,0.09581186867534597
2023-02-06,9,44,0.9860520228080368
2023-10-30,17,186,0.0930859578262383
2023-10-26,19,159,0.3006687677130404
2023-10-27,11,176,0.25293917024035173
2023-04-24,25,198,0.4238459248727381
2023-09-27,19,134,0.8131225587427904
2023-10-23,10,85,0.6003690750452684
2023-06-12,8,116,0.8540672010627646
2023-03-28,11,46,0.9134222483334763
2023-04-29,6,147,0.13737441729209932
2023-11-09,23,186,0.21718075252588198
2023-07-21,25,98,0.8482778271321044
2023-11-03,15,72,0.48277269899834874
2023-09-04,24,16,0.687364234211959
2023-04-20,9,2,0.8378414436575133
2023-10-24,9,115,0.4263780372457354
2023-04-13,17,128,0.08475012852917485
2023-12-04,17,177,0.4033170948567031
2023-06-22,22,106,0.7764725280231899
2023-06-14,7,100,0.4958724242285184
2023-01-11,24,143,0.9467068028537987
2023-04-16,6,128,0.18451171204888805
2023-01-05,19,191,0.9400387151792763
2023-08-22,13,66,0.918033908951307
2023-12-18,9,154,0.8013358728527807
2023-12-12,23,65,0.051714708156660905
2023-02-27,6,54,0.3827360881689874
2023-06-07,20,23,0.6796984563272223
2023-03-18,4,41,0.4419557046683392
2023-10-27,1,183,0.13304479739872466
2023-10-02,18,77,0.8128609595907125
2023-01-28,2,121,0.8831552317271955
2023-12-09,22,149,0.038470791272109395
2023-07-30,4,1,0.06942090461059613
2023-08-17,17,157,0.3695636153813666
2023-06-13,25,199,0.15677646235467624
2023-03-27,17,158,0.6147189962054503
2023-05-27,8,110,0.3535905202747992
2023-08-04,11,173,0.5519182898568645
2023-10-19,17,59,0.5553744418548202
2023-01-10,9,102,0.9853600439165624
2023-04-30,5,118,0.9496772166090439
2023-11-22,4,5,0.5174518560585589
2023-01-17,20,194,0.16914722226040646
2023-08-21,7,156,0.5705857836951194
2023-05-09,18,190,0.23915145560592732
2023-06-09,18,129,0.01349979687538383
2023-04-19,4,65,0.17547629266180265
2023-10-24,20,19,0.27618243024595457
2023-01-25,24,46,0.09094884586182372
2023-12-25,25,42,0.5837588931990334
2023-05-13,11,136,0.8466423507355432
2023-03-08,6,162,0.8387482091774974
2023-07-21,17,94,0.38879442662315955
2023-08-29,20,168,0.07599569853657484
2023-01-13,8,169,0.12991498490340359
2023-08-15,11,16,0.5873578267771545
2023-05-24,9,64,0.5555740350713807
2023-02-22,4,140,0.4981151314178577
2023-01-23,5,59,0.27639265987262585
2023-11-06,16,32,0.9084792346568148
2023-09-14,23,181,0.7320604415760682
2023-06-17,14,71,0.6616378971069707
2023-04-18,11,86,0.5293982371634568
2023-07-03,18,108,0.9086538301129677
2023-03-01,25,178,0.15313061443172094
2023-01-21,4,170,0.9999030751005668
2023-11-23,2,114,0.5727198359552765
2023-06-17,23,181,0.9952103219302161
2023-09-07,12,137,0.17229850028495441
2023-07-20,6,7,0.10587112941403742
2023-03-16,4,133,0.5859038438685968
2023-12-05,13,162,0.6652569260123171
2023-01-01,19,141,0.7191431295064351
2023-02-22,21,5,0.4641546406335404
2023-05-13,4,83,0.9311743840958079
2023-11-21,19,197,0.31562034046935883
2023-10-08,24,36,0.5630653731877239
2023-11-22,20,69,0.9149321074930437
2023-12-15,13,43,0.03054223367248876
2023-04-13,6,88,0.3757479686806119
2023-04-02,1,51,0.8175943647501404
2023-07-28,14,131,0.8387146569254946
2023-01-14,11,65,0.015367216459134303
2023-02-04,25,60,0.022817561868788583
2023-11-01,2,38,0.7164821538236983
2023-09-03,7,58,0.8997735652476309
2023-07-03,13,177,0.693887722012735
2023-05-21,12,200,0.4433803495751589
2023-12-05,21,116,0.8581839747478713
2023-01-07,25,52,0.5402510563914512
2023-08-16,3,178,0.10076998901610668
2023-06-16,23,63,0.8031272966599421
2023-06-20,16,169,0.457639454716961
2023-08-22,20,41,0.43107807503043516
2023-02-23,7,195,0.8084402093554282
2023-03-29,4,178,0.8422263335621251
2023-04-27,9,7,0.6365562154892451
2023-11-10,13,111,0.8383215534803705
2023-12-13,6,64,0.14749041220811687
2023-06-03,23,4,0.8775802796871542
2023-12-25,19,94,0.7506864808177455
2023-09-26,2,59,0.6926082226062417
2023-08-30,12,6,0.4742603243591017
2023-05-11,7,62,0.9668209032156398
2023-07-06,8,75,0.5115704187333446
2023-05-03,23,100,0.8881751808896156
2023-03-04,4,185,0.12164314387501574
2023-08-27,10,187,0.7937066278106756
2023-12-09,6,172,0.9313990757310759
2023-03-03,8,155,0.8072682869328154
2023-03-22,13,131,0.9284401458426184
2023-06-19,15,167,0.08328860526824444
2023-08-24,12,65,0.7836161265105217
2023-07-16,10,38,0.4080122812918472
2023-10-29,13,21,0.7025584202969197
2023-11-15,20,155,0.037689832242046584
2023-05-28,5,27,0.7870885651244062
2023-05-29,3,40,0.7836167985305507
2023-09-26,19,90,0.05293043568409006
2023-09-13,18,154,0.03471625372082332
2023-01-15,12,115,0.7449872037573512
2023-04-22,12,137,0.7209464823678906
2023-12-12,17,81,0.15175658529863034
2023-05-15,20,97,0.7178012485455684
2023-06-08,18,185,0.06427385461702029
2023-01-28,25,107,0.5468787140226276
2023-05-31,5,90,0.7445049168414036
2023-05-07,12,174,0.7587101886116655
2023-08-19,11,97,0.5378874384546836
2023-07-17,18,31,0.28750071198327987
2023-01-19,3,169,0.0632546708762215
2023-06-25,18,137,0.9895607838020302
2023-01-29,21,184,0.20943465443691744
2023-11-12,6,158,0.11627948841074198
2023-09-03,7,174,0.8669782407192121
2023-11-13,14,115,0.34582260404845155
2023-09-01,1,69,0.1260599762196576
2023-05-23,5,110,0.5619246736634866
2023-08-16,25,92,0.8478271842809588
2023-09-04,11,58,0.16818064018658196
2023-04-16,2,150,0.5687712044492452
2023-02-17,19,4,0.47563485981424325
2023-10-08,17,186,0.32606433831642023
2023-11-19,12,74,0.46337395202084586
2023-10-17,11,75,0.3545365272380444
2023-01-14,6,64,0.4446430872619823
2023-09-08,18,166,0.8339229101860299
2023-12-09,5,135,0.22333159094338328
2023-12-18,4,98,0.9006979814305349
2023-12-10,11,182,0.5222958045277564
2023-06-16,22,25,0.20691827671943852
2023-11-25,5,53,0.38601425926340416
2023-08-29,18,57,0.7735885875343556
2023-01-05,1,184,0.42624936330945495
2023-11-27,4,20,0.8131720171667017
2023-05-09,23,22,0.7038898416513748
2023-03-29,24,176,0.4892461500414339
2023-01-04,19,81,0.8698169184242152
2023-09-11,19,58,0.7647283842143843
2023-06-30,21,42,0.9322043894970853
2023-08-06,13,152,0.058808935424739306
2023-07-10,7,59,0.01665245965123896
2023-11-21,8,172,0.7382347915665703
2023-11-12,25,180,0.5685048358665417
2023-06-29,5,145,0.39644974424617996
2023-11-05,5,16,0.29694337921282365
2023-01-02,3,24,0.8700890554544803
2023-11-06,24,74,0.666912158758586
2023-04-03,2,129,0.916800928516293
2023-02-10,11,56,0.9478835114018381
2023-02-11,1,197,0.3295559690795187
2023-08-21,9,109,0.002548290800553521
2023-10-11,17,41,0.7702555117007397
2023-10-14,4,90,0.638940666033467
2023-02-17,8,161,0.29302222902011743
2023-03-07,22,131,0.4336890153801022
2023-10-04,9,49,0.7335984709539837
2023-02-19,8,83,0.8157228745165598
2023-12-27,14,35,0.11611775935017432
2023-04-17,22,21,0.8023506416482129
2023-08-28,9,8,0.08724585857868938
2023-08-18,5,152,0.3733276475992612
2023-09-03,13,179,0.0830582024087313
2023-10-30,4,70,0.5944026889703112
2023-12-23,3,164,0.6294943023917018
2023-06-18,16,88,0.31128126051393346
2023-03-01,20,186,0.695367834299821
2023-06-13,15,118,0.10448768904072603
2023-08-14,24,58,0.10134101742719792
2023-02-04,10,122,0.06524494290352645
2023-08-29,19,62,0.6515477390139033
2023-10-30,3,76,0.016406089252414713
2023-01-22,23,123,0.41461666777658945
2023-05-05,12,192,0.7830557119697502
2023-06-16,4,134,0.6049523402400978
2023-03-26,10,100,0.6657541623462381
2023-08-07,16,60,0.7804236582026814
2023-07-03,3,97,0.7398738102450741
2023-03-08,8,117,0.8642451205003664
2023-11-23,12,155,0.29913246011105676
2023-03-23,14,75,0.6836351816810915
2023-07-12,11,174,0.12408217961545198
2023-08-24,7,64,0.7469397597806039
2023-09-06,2,163,0.17074842593912354
2023-11-30,9,65,0.6812765372656262
2023-07-04,24,194,0.7405278688143642
2023-09-15,12,63,0.2722291427472959
2023-07-22,14,179,0.6895433233018728
2023-08-23,17,191,0.6360449713115006
2023-05-30,3,191,0.24107018982270056
2023-02-16,12,3,0.3009667802895747
2023-11-19,4,143,0.8628619778716378
2023-05-05,15,21,0.0523716137475696
2023-06-09,9,195,0.5557734029674481
2023-09-08,4,90,0.930568768394913
2023-01-21,19,130,0.6502544742880632
2023-11-02,24,66,0.701614328547416
2023-05-02,25,143,0.24043900301799814
2023-09-04,3,57,0.5226644917913256
2023-04-11,7,63,0.07183188891307413
2023-04-23,18,27,0.6383903069269294
2023-07-21,5,186,0.43628403069029287
2023-11-17,4,11,0.6984460639912687
2023-02-17,2,21,0.2760885629630535
2023-12-25,4,63,0.19708703532385907
2023-06-07,6,166,0.5281240541347401
2023-10-04,3,106,0.08926836876401556
2023-12-07,10,181,0.5551715574575957
2023-11-30,14,125,0.8633334907576211
2023-10-02,18,13,0.4120296547789688
2023-04-09,9,69,0.520787494175143
2023-10-15,24,116,0.5811127272504405
2023-05-17,12,66,0.27299315485706477
2023-11-25,19,7,0.40786610868022566
2023-09-11,3,67,0.34702256607404347
2023-05-27,1,153,0.6274621739320297
2023-06-13,17,149,0.7163034287893087
2023-01-05,23,46,0.2445015881224195
2023-10-25,25,128,0.5012293315324063
2023-08-12,17,38,0.9914038901954156
2023-11-25,18,14,0.25676206800525425
2023-05-15,10,158,0.9513337604056231
2023-02-27,5,50,0.44039501635510325
2023-03-17,12,153,0.8890023254609233
2023-12-05,2,79,0.011872088927942781
2023-11-24,1,170,0.23165173175778675
2023-02-13,24,146,0.32309103564303476
2023-03-24,19,75,0.023054950536026686
2023-12-21,15,72,0.5213721582640756
2023-02-12,25,77,0.3154785349278101
2023-11-30,10,200,0.952207352940382
2023-08-10,4,175,0.8575082303120258
2023-09-14,21,180,0.9426967369896209
2023-07-01,16,147,0.4691409096598702
2023-08-31,7,79,0.8941871961268465
2023-08-05,21,47,0.23728134978963766
2023-11-16,17,184,0.4424132117442352
2023-03-03,4,78,0.6552919123957617
2023-04-19,2,24,0.924583954175114
2023-05-15,9,26,0.0202034724579484
2023-12-05,12,79,0.06254992582836094
2023-05-31,19,110,0.608749694971972
2023-12-08,19,104,0.6989526063248628
2023-01-14,6,25,0.5827147978782569
2023-07-07,16,40,0.5807034474608245
2023-02-06,1,153,0.9646918737702875
2023-10-07,12,88,0.7574914412202262
2023-12-01,23,10,0.8043081727009953
2023-07-21,19,168,0.9464810871735335
2023-10-12,2,169,0.43564156921643915
2023-06-17,16,48,0.6563807518072162
2023-03-07,5,58,0.8461836619777594
2023-04-02,24,165,0.6589558492829641
2023-01-25,17,41,0.08230519586435237
2023-02-11,18,26,0.3635949440329478
2023-02-17,11,114,0.6330354200551389
2023-04-08,12,92,0.7388481427649333
2023-06-29,21,19,0.0795812644421191
2023-10-15,23,19,0.8952066887217884
2023-07-19,17,51,0.3293137864674447
2023-10-23,2,188,0.1782810388870485
2023-05-19,10,35,0.5831497172252738
2023-11-03,8,46,0.028246671108398957
2023-01-28,4,119,0.930463584508007
2023-03-03,21,134,0.4453323401251774
2023-05-29,18,199,0.038685717681886
2023-04-16,10,84,0.7104417832205905
2023-01-24,17,138,0.004027519675144253
2023-10-07,19,61,0.9182345853275586
2023-05-14,18,169,0.2305482306694221
2023-11-09,20,123,0.6807429106848486
2023-02-17,1,124,0.04217640878952833
2023-03-19,23,164,0.512099569124022
2023-09-01,20,181,0.7293551163927131
2023-07-28,16,9,0.3409117489514476
2023-03-21,20,62,0.8401972846939505
2023-06-03,18,109,0.5789142071652396
2023-12-08,15,25,0.8899136500869577
2023-10-14,12,36,0.9463006406593965
2023-07-26,24,98,0.2419520733496966
2023-12-07,8,159,0.7554032190264015
2023-07-14,4,27,0.332748893807424
2023-11-26,9,68,0.7182477743864826
2023-11-10,12,59,0.35532169341920283
2023-02-19,25,150,0.4979280305091489
2023-11-10,22,129,0.4138265554107028
2023-09-23,2,82,0.2186670056152371
2023-08-27,1,59,0.9933357578435715
2023-11-10,25,181,0.5270130735942453
2023-04-27,9,3,0.5292578454916907
2023-01-12,25,195,0.9133965549414834
2023-03-07,16,151,0.4014219699218995
2023-10-08,22,168,0.5977101609158741
2023-12-24,1,92,0.2983732613875656
2023-07-27,2,34,0.49433123812614777
2023-08-27,14,9,0.5669713145370908
2023-05-16,21,31,0.7934732157857183
2023-04-04,19,164,0.9984883002467345
2023-01-21,13,154,0.8855844499463583
2023-09-06,15,106,0.922872389636917
2023-12-02,9,181,0.7291744346411911
2023-01-13,25,104,0.13919577961457164
2023-06-13,19,30,0.3391257746126024
2023-07-31,24,115,0.4079024123067425
2023-06-02,22,77,0.1637858052910559
2023-01-12,12,100,0.4419244051817759
2023-12-21,18,103,0.8770839721555781
2023-07-22,8,64,0.8223618805199395
2023-04-13,24,170,0.8220754033063289
2023-02-21,17,27,0.5462261537076071
2023-02-27,12,39,0.786769870878621
2023-04-16,4,170,0.684308448881639
2023-05-11,7,20,0.18892377928142912
2023-11-09,6,7,0.44087484688611966
2023-12-27,25,144,0.9437156572210756
2023-01-29,19,140,0.7381042685495106
2023-08-29,16,60,0.031327281451376976
2023-01-02,25,70,0.7602369344250273
2023-04-26,23,138,0.03855811053495861
2023-06-20,11,119,0.7148343012666226
2023-03-11,25,195,0.7985044336564624
2023-08-14,1,124,0.43008196042882574
2023-04-05,24,154,0.17507964830970257
2023-07-19,6,127,0.13973373629085806
2023-08-09,10,139,0.778636444927252
2023-12-09,10,174,0.9696149045609774
2023-06-10,25,198,0.8618085890715519
2023-12-29,17,147,0.13610526052729865
2023-07-03,17,154,0.8264037045440327
2023-06-24,10,6,0.12682752621988436
2023-11-13,12,112,0.25600897742804163
2023-02-28,22,52,0.906015713418446
2023-01-14,23,194,0.5437090358888423
2023-11-02,20,190,0.3899323996714713
2023-01-06,15,80,0.3285255888239982
2023-03-18,6,194,0.7057508066883251
2023-05-05,14,145,0.11405120054787332
2023-08-08,16,28,0.5628051621275686
2023-01-29,12,165,0.6538263335110148
2023-08-30,12,80,0.2749270639074324
2023-10-19,8,169,0.5005972622479418
2023-03-25,9,23,0.19144562140685872
2023-03-17,19,83,0.2457759582205291
2023-11-01,13,16,0.3481684932745601
2023-05-11,9,182,0.9267458858031878
2023-03-04,19,147,0.08247748944350175
2023-07-20,8,138,0.5283318085429364
2023-03-10,11,35,0.1406471668496454
2023-07-06,5,189,0.9962521160211342
2023-10-23,11,19,0.9824058269844197
2023-10-13,24,184,0.6231351302275223
2023-07-10,12,2,0.01478207942823262
2023-03-24,6,122,0.16633280378824344
2023-06-28,6,90,0.3222761619296439
2023-06-05,24,45,0.09687588787546542
2023-12-17,5,129,0.9563100472564094
2023-02-11,14,75,0.09292187737318969
2023-09-07,21,25,0.4395615298916523
2023-11-09,6,154,0.35462812188081216
2023-11-30,15,77,0.9323800671919698
2023-01-15,11,126,0.6146747605426022
2023-12-30,5,20,0.2901914793490764
2023-11-29,23,35,0.5492720829527475
2023-02-26,5,84,0.7336393846354389
2023-09-15,5,5,0.22762857942920656
2023-08-19,1,156,0.3358314478336982
2023-08-16,6,48,0.41367989331204924
2023-11-24,21,164,0.9392605568602104
2023-02-18,21,125,0.5457986265210223
2023-03-10,16,82,0.6271901308685747
2023-12-12,21,159,0.8780922981455621
2023-01-08,6,195,0.017453833350604353
2023-05-29,21,144,0.22527233769046973
2023-06-05,25,74,0.4281365479825836
2023-01-12,5,113,0.9864576076639533
2023-05-28,25,53,0.10434923743918822
2023-10-16,2,146,0.0029191140352188283
2023-01-22,6,82,0.08247057829965343
2023-07-27,18,17,0.6355756154248045
2023-09-08,13,140,0.6927070177608802
2023-07-09,4,128,0.7311663141754052
2023-10-14,18,82,0.7108992432354228
2023-06-01,17,110,0.21542612229549551
2023-02-15,6,93,0.9551337392637156
2023-06-24,7,102,0.7643394253656627
2023-01-22,7,190,0.3465914849927585
2023-07-18,11,4,0.4214004522970267
2023-12-25,4,128,0.7824929302388312
2023-08-05,25,115,0.9361238166685414
2023-11-03,21,151,0.31800324327523555
2023-06-16,13,111,0.6024403600291067
2023-08-19,1,166,0.47017800519042063
2023-08-01,17,121,0.5894672878940433
2023-01-05,3,34,0.7006705486473683
2023-07-08,3,57,0.8856708110387265
2023-06-28,20,188,0.6412417144461496
2023-01-05,13,15,0.2160493345072797
2023-09-08,25,93,0.5383300624529364
2023-12-26,11,172,0.16803238543447474
2023-09-27,10,40,0.1384610473525426
2023-12-23,12,170,0.5153328131697497
2023-05-26,18,187,0.5321521675233415
2023-03-04,9,147,0.3342894654701778
2023-12-12,19,16,0.339770420442446
2023-05-13,18,80,0.49546309295621993
2023-09-27,14,117,0.3478155405358463
2023-02-28,16,37,0.4031344674415417
2023-12-26,10,188,0.762449038342975
2023-02-24,18,167,0.7141685053051736
2023-04-19,24,98,0.41378461680943723
2023-07-10,1,38,0.44739540740985395
2023-11-10,24,180,0.8990860153527219
2023-04-27,10,117,0.6571290847280643
2023-05-16,9,23,0.29216827776699805
2023-08-17,8,9,0.2119047371954904
2023-10-19,25,25,0.2612066113265691
2023-09-12,23,138,0.6075843983924257
2023-08-29,4,54,0.6773205075322859
2023-05-19,8,58,0.5955876822277665
2023-07-10,4,39,0.6187555737445399
2023-05-20,9,147,0.257996821624603
2023-07-10,7,23,0.2953429532192756
2023-09-10,3,14,0.5523910191075502
2023-07-15,7,97,0.17232919820722847
2023-10-29,25,59,0.006837466588124785
2023-08-17,23,134,0.07844018637016392
2023-05-11,17,76,0.7800791757399588
2023-08-01,14,92,0.5815231872307212
2023-02-22,24,77,0.9668835026826998
2023-09-12,4,79,0.22973916073285305
2023-11-28,14,93,0.11114108971368752
2023-03-27,21,152,0.4822015225494406
2023-06-07,21,125,0.850299952332427
2023-06-16,18,104,0.9597993769039235
2023-08-18,15,96,0.8846612873381581
2023-01-28,22,118,0.07135395596751037
2023-03-23,7,177,0.7357711555640791
2023-05-29,8,154,0.5746967597220649
2023-07-10,23,43,0.3974850981370899
2023-12-16,14,30,0.9026292001077257
2023-07-09,4,45,0.2886484491160165
2023-06-10,7,14,0.3535686737502417
2023-07-17,17,62,0.035388369677551657
2023-12-29,18,18,0.9491355036939597
2023-10-18,24,17,0.6382873431647191
2023-02-24,11,73,0.5622795409968268
2023-07-28,17,6,0.32675764208083735
2023-06-16,2,168,0.11845485844324799
2023-06-21,2,92,0.652712374933532
2023-05-18,10,151,0.7586993919389448
2023-06-18,5,167,0.3429107856649042
2023-11-12,19,101,0.45949021836299064
2023-05-01,1,3,0.5652126826721683
2023-07-05,5,11,0.7450531129871739
2023-04-14,14,67,0.36945167412335955
2023-02-26,16,132,0.04030251049761224
2023-06-13,8,22,0.013167063798109502
2023-02-26,10,1,0.15245578768672963
2023-09-18,23,47,0.8093317832033596
2023-07-02,1,163,0.8811195219449487
2023-01-11,6,6,0.9430972100573718
2023-11-12,16,148,0.24558163607973493
2023-05-09,10,174,0.18965657872934738
2023-07-04,21,180,0.21672087648067395
2023-12-01,16,82,0.7672481950980422
2023-11-21,6,125,0.5510491845005276
2023-11-03,15,112,0.6873823617838475
2023-02-27,21,150,0.1223201601993329
2023-11-21,14,57,0.6041779587266047
2023-08-03,19,46,0.33609961890909557
2023-01-04,5,176,0.8653874318627123
2023-08-20,22,169,0.680070114068566
2023-02-24,7,81,0.229214686548882
2023-01-31,25,184,0.16826437364023705
2023-02-22,15,103,0.5779462648689203
2023-11-04,14,58,0.5723569925333075
2023-01-02,23,42,0.39099375319707275
2023-05-12,23,102,0.7303795534789026
2023-05-17,16,124,0.21369495673706174
2023-06-12,11,116,0.07953994070070847
2023-11-04,14,170,0.6545191125390669
2023-08-31,24,191,0.27807856341739856
2023-06-30,15,22,0.8588262673363751
2023-07-29,2,78,0.4697815068490281
2023-07-22,8,187,0.12297638361304986
2023-03-21,7,173,0.14883312803176296
2023-09-22,14,116,0.5959127363209263
2023-04-10,20,98,0.9557269428547921
2023-09-01,3,158,0.05067179391836185
2023-12-31,8,70,0.687791853109638
2023-01-20,9,65,0.47734172675050823
2023-12-27,14,80,0.18150250486832098
2023-10-29,23,65,0.3226701490566499
2023-10-15,18,42,0.9537806792563731
2023-07-10,22,181,0.25165392033636513
2023-06-05,8,63,0.22379303576859577
2023-01-23,15,78,0.43553686500043287
2023-07-01,13,55,0.3197938947811183
2023-01-20,10,34,0.7135871874419754
2023-10-06,25,148,0.3111294462560973
2023-10-24,1,109,0.8883100970198742
2023-10-14,5,171,0.7643775492353692
2023-09-19,17,174,0.7713895792048752
2023-02-27,21,41,0.005627388655132681
2023-11-11,3,120,0.06644554860729901
2023-01-27,18,163,0.5075084094710912
2023-08-11,25,139,0.619094332437119
2023-07-01,20,44,0.8475048984008253
2023-12-11,13,63,0.06656752579739444
2023-09-06,19,154,0.2874128878292246
2023-01-12,2,56,0.577442179307191
2023-06-11,15,156,0.6327629202029458
2023-03-26,1,88,0.6047753816048772
2023-06-21,20,3,0.8562499344315345
2023-12-31,15,8,0.18378119565580364
2023-08-22,17,197,0.45865859366032913
2023-09-22,5,102,0.5354390441581721
2023-05-12,10,52,0.10124228833354876
2023-03-09,11,103,0.2613021193781936
2023-09-02,10,19,0.4545841588751719
2023-07-16,9,129,0.342785657769765
2023-09-21,5,115,0.2695408939759023
2023-07-22,12,172,0.49760027423664877
2023-06-21,1,194,0.25490984188421417
2023-03-05,19,104,0.9098667547969952
2023-02-27,25,187,0.612773661630664
2023-04-14,8,150,0.401865989342035
2023-09-09,11,170,0.051569742442626576
2023-08-20,16,163,0.8901434010740942
2023-05-15,6,128,0.01289113332861569
2023-05-08,6,187,0.7522985100113877
2023-05-02,17,90,0.8395254587838745
2023-11-13,12,6,0.947606825838768
2023-02-11,15,118,0.4329128710440906
2023-03-11,9,54,0.8213617567548237
2023-12-02,13,127,0.7044735495131241
2023-05-30,6,6,0.42448160703467874
2023-02-05,13,99,0.677443789293673
2023-01-10,14,19,0.027761786826669965
2023-11-20,16,155,0.3216246948925514
2023-06-17,1,189,0.11726106197676234
2023-11-23,24,93,0.8154798435176025
2023-06-09,3,58,0.6617999324263136
2023-07-30,8,188,0.18558020088901594
2023-01-20,14,173,0.11013728722487315
2023-07-22,2,85,0.18465841941054162
2023-10-29,15,166,0.6659907224521819
2023-04-26,21,159,0.4309760567032477
2023-10-26,20,185,0.17502490921209346
2023-10-28,18,48,0.3073280877811041
2023-10-28,2,124,0.6808063091045777
2023-03-26,17,36,0.35454508435062626
2023-06-19,7,158,0.65125055013125
2023-10-20,4,153,0.5421902574710805
2023-12-05,14,145,0.01820019710312637
2023-10-23,14,148,0.7767310061812728
2023-12-31,1,4,0.5364367059844783
2023-04-13,1,97,0.9189139625477901
2023-01-27,6,193,0.6335514275631382
2023-02-06,21,3,0.47854087550233737
2023-03-03,4,64,0.3358171698353414
2023-05-09,19,155,0.529846417201399
2023-06-08,16,143,0.692527534411019
2023-04-04,19,150,0.7394414354408146
2023-01-05,3,83,0.5261563439000341
2023-06-01,21,92,0.5011565346105913
2023-09-17,22,73,0.3676494958442478
2023-12-07,13,59,0.5950466539795392
2023-10-23,9,128,0.6482419495213989
2023-02-07,8,15,0.49568901199151616
2023-04-24,23,44,0.19319401469690378
2023-10-10,25,125,0.5134601186512678
2023-05-04,4,188,0.16818720049343994
2023-05-21,9,139,0.5380245751040384
2023-12-03,17,158,0.6265416066884717
2023-07-29,18,25,0.6938143514584209
2023-11-26,23,31,0.49361991197614596
2023-11-03,8,66,0.05022080983840782
2023-02-05,9,150,0.19951668795095034
2023-09-12,10,93,0.36803544751948425
2023-03-14,7,45,0.8071052951750733
2023-04-25,21,132,0.3282194868104934
2023-11-11,4,176,0.6015510260179338
2023-07-10,8,116,0.09157779222994422
2023-01-02,11,102,0.2642457026879952
2023-06-29,3,161,0.2688108076067377
2023-09-22,4,141,0.34728111747049906
2023-07-08,15,193,0.7184032300347286
2023-05-14,22,98,0.42252861859717683
2023-09-29,10,28,0.06848273795602444
2023-01-07,2,56,0.04515171717319566
2023-12-12,3,36,0.42652953516157577
2023-10-27,9,189,0.8027408204026492
2023-08-09,24,145,0.438113137076392
2023-03-15,21,77,0.6575215652809266
2023-10-08,8,59,0.024759899825695264
2023-06-20,19,41,0.6128317444435727
2023-03-23,19,25,0.3674574371095828
2023-12-04,13,107,0.5470435827779563
2023-05-24,14,18,0.13266890231510886
2023-09-28,16,187,0.554305456010874
2023-07-23,25,144,0.1867029083614904
2023-02-26,6,33,0.8334220202214918
2023-04-08,6,52,0.8019403347950467
2023-06-04,4,184,0.31375831665338805
2023-09-02,24,99,0.19031562823621884
2023-05-31,2,41,0.013866750346011592
2023-01-19,21,110,0.96140680106734
2023-11-25,10,2,0.7998443612366575
2023-06-30,4,35,0.9925662616595983
2023-03-23,7,86,0.7946654325187835
2023-09-17,1,123,0.5867474536495467
2023-07-18,17,36,0.5194974530736128
2023-12-17,14,63,0.7886874861157351
2023-03-22,13,76,0.8811075859762216
2023-11-15,4,102,0.991142810235207
2023-07-08,4,178,0.9305478878612021
2023-11-30,9,129,0.33396876432351963
2023-07-05,23,28,0.6891590969207986
2023-12-26,15,110,0.119687408766594
2023-09-09,18,100,0.7216892186229849
2023-12-10,15,176,0.41306523639122417
2023-10-21,10,77,0.05188374910071558
2023-11-02,15,36,0.3323648341681318
2023-10-12,20,51,0.3424307913708624
2023-01-27,18,20,0.9630744857650259
2023-04-11,5,124,0.5843660349775855
2023-09-23,8,65,0.5010012647015661
2023-04-01,9,157,0.75179635899093
2023-08-11,2,138,0.19189924363919741
2023-05-14,17,155,0.43349791236420265
2023-12-15,8,30,0.31628609362541615
2023-03-27,8,73,0.9033109538119718
2023-01-13,22,156,0.16827953851859279
2023-12-21,16,147,0.5491571331114111
2023-03-02,17,158,0.23731548873082842
2023-07-06,6,167,0.17489161101010875
2023-05-16,13,124,0.1321938646216173
2023-10-07,19,11,0.8154452439695471
2023-04-09,15,16,0.48430324171359485
2023-01-21,12,73,0.12014729713207917
2023-08-10,21,65,0.7432102456488205
2023-06-17,21,53,0.9386476126373605
2023-09-16,4,112,0.06417152594514897
2023-10-02,7,195,0.7679105563104718
2023-03-26,18,9,0.7402900293134123
2023-11-29,3,10,0.5514249087054127
2023-08-10,13,26,0.3496415735982005
2023-03-31,15,124,0.07186072448862246
2023-05-12,6,98,0.08744826840964559
2023-03-26,3,8,0.028933685300728484
2023-07-06,5,188,0.8327515630964858
2023-09-19,23,12,0.016047206424754767
2023-02-08,14,83,0.6867323023625286
2023-04-03,20,126,0.44610680484634113
2023-08-19,5,192,0.42695631861070604
2023-05-17,25,169,0.36606506950023
2023-05-15,12,37,0.7673505082556343
2023-12-03,19,170,0.23577618243650666
2023-09-16,24,179,0.7213338661949943
2023-07-16,19,85,0.44747639763532965
2023-03-07,25,62,0.5907876050454081
2023-05-06,23,171,0.13121094432580016
2023-12-08,16,49,0.9273907399073422
2023-04-06,1,12,0.6775365512054333
2023-11-12,6,29,0.5666014654202962
2023-03-28,5,6,0.0299778524589569
2023-01-28,4,169,0.7712035151211543
2023-12-19,6,92,0.18915997310826294
2023-09-09,3,23,0.7630880953511938
2023-10-08,7,111,0.9797410201394869
2023-12-25,24,113,0.6467691001622368
2023-02-02,17,187,0.7947393814973858
2023-04-20,16,50,0.8878170696232075
2023-10-16,9,17,0.0017444716509025238
2023-10-28,9,13,0.25831898478704685
2023-04-10,9,57,0.3824428114048649
2023-05-27,18,20,0.8753761636412
2023-02-09,3,60,0.045192237001756785
2023-08-17,3,13,0.8827106581939335
2023-03-12,12,70,0.7369719032851635
2023-12-08,22,43,0.682040147298452
2023-06-13,7,118,0.7349077074987869
2023-02-17,19,183,0.3954775915710149
2023-06-15,4,41,0.4145486941904645
2023-10-09,12,110,0.9604585064469058
2023-05-19,14,13,0.27178027227658696
2023-12-20,22,151,0.7036074092346084
2023-07-28,15,34,0.45485003059300444
2023-10-29,25,39,0.5292633131598182
2023-04-29,3,147,0.2734533780798467
2023-02-13,8,2,0.7731444132686083
2023-12-13,3,44,0.08793280524784464
2023-06-19,24,106,0.05451396263436625
2023-05-06,24,114,0.6229630368758141
2023-09-27,23,179,0.02317355630937823
2023-12-30,4,10,0.864421797617948
2023-01-08,24,44,0.11437396759822838
2023-11-24,14,53,0.7671670094168479
2023-10-27,2,69,0.3354957819008537
2023-11-06,11,192,0.19831982016948013
2023-03-17,5,105,0.3336648700033006
2023-08-28,7,91,0.36287804881119545
2023-05-31,15,96,0.4447559416023489
2023-08-12,15,116,0.07469873014610806
2023-10-12,20,99,0.5241059895305159
2023-07-15,20,152,0.020153877952864385
2023-04-04,8,162,0.2549353099055609
2023-07-19,4,2,0.669766249060458
2023-05-09,3,186,0.18308069312999975
2023-07-15,23,119,0.23745794653877916
2023-01-04,4,1,0.6351902363542126
2023-03-28,8,95,0.2619969907487134
2023-11-03,16,135,0.31596564328861054
2023-10-08,23,70,0.9020807101880548
2023-11-17,12,73,0.8651116968722372
2023-07-25,16,183,0.642706196801121
2023-01-24,16,190,0.06675650155491741
2023-12-20,17,169,0.8440330692437278
2023-01-05,2,40,0.30131051639125184
2023-10-29,13,181,0.9382278196030243
2023-12-20,20,123,0.9038488041572192
2023-08-27,18,107,0.5125921573513786
2023-06-04,22,55,0.2698522284536109
2023-05-22,25,178,0.6726878860675692
2023-03-11,20,97,0.27516073004250063
2023-04-20,14,100,0.12842592410265563
2023-03-29,1,92,0.9251405214745229
2023-01-10,1,190,0.2893495239547137
2023-01-02,19,187,0.8394492397661586
2023-07-13,24,155,0.5983811457596826
2023-12-05,24,200,0.8020260126142423
2023-08-07,20,16,0.44791488199051754
2023-05-12,25,187,0.7996749131238144
2023-05-11,11,61,0.14056961768993936
2023-03-12,16,56,0.9195336524225243
2023-05-01,14,153,0.6372124053704709
2023-06-23,17,25,0.869694530560837
2023-06-25,16,164,0.7285946398799216
2023-08-13,7,195,0.041659187448202406
2023-08-16,6,56,0.10985258703259604
2023-11-28,20,126,0.6453086656082588
2023-04-01,14,81,0.16523794561371996
2023-02-10,4,31,0.23134299229714017
2023-01-05,18,101,0.5762969515193961
2023-01-28,17,30,0.15501953027202575
2023-06-28,25,180,0.8790572348722889
2023-01-29,6,166,0.8650327995305719
2023-11-28,11,172,0.20309329012816024
2023-04-11,25,194,0.7873382254696543
2023-01-31,21,88,0.5818890124878577
2023-10-03,5,109,0.3418688470786566
2023-03-03,18,140,0.40576697440236864
2023-01-16,2,123,0.8449383141063816
2023-06-30,21,29,0.5076127506955537
2023-04-14,7,135,0.46161846738203804
2023-07-23,4,73,0.11133065726842228
2023-10-06,25,107,0.8439928340182246
2023-08-01,6,25,0.8294137121821763
2023-10-18,16,83,0.10830254519323279
2023-04-20,17,145,0.5807169514093058
2023-12-02,15,122,0.36111009751728473
2023-03-14,5,59,0.42626104049930147
2023-08-01,19,35,0.42537090165724656
2023-01-19,8,66,0.3009355047952509
2023-05-21,20,122,0.1210411253570014
2023-09-24,12,198,0.07402212550873444
2023-08-05,23,126,0.7725341993759176
2023-11-08,1,116,0.7200411695742216
2023-04-07,3,48,0.16655797969054464
2023-04-27,11,97,0.6437702469880383
2023-02-24,13,90,0.07759021268384858
2023-10-07,3,91,0.6678727760573955
2023-07-07,21,136,0.9673796562574588
2023-12-08,1,10,0.20947954233397859
2023-11-23,3,119,0.4042086959466954
2023-06-09,20,3,0.9556402408291639
2023-03-13,5,129,0.7916814646570818
2023-03-24,6,187,0.15393382732736194
2023-05-11,22,108,0.9738938625181447
2023-09-15,24,57,0.716601985705411
2023-03-31,14,79,0.7627730855690447
2023-11-22,10,158,0.36090517821676604
2023-03-06,18,7,0.2226470267427585
2023-08-28,17,170,0.35936739441394194
2023-06-25,20,119,0.4176649898931488
2023-03-08,15,73,0.9682604507507727
2023-05-23,15,58,0.8292936119420268
2023-03-18,20,38,0.46446909057892916
2023-12-25,19,144,0.757633395039788
2023-04-13,13,96,0.6518509727381686
2023-11-30,18,90,0.8807524759734473
2023-04-23,13,92,0.9163232337110473
2023-12-17,10,66,0.1764664812452862
2023-07-20,4,37,0.13878021002650043
2023-05-25,13,28,0.7196839587337039
2023-09-06,17,67,0.3176520925775205
2023-01-29,20,89,0.5193384005769004
2023-11-28,2,188,0.7014042590530802
2023-08-05,1,123,0.4534369700523877
2023-06-29,13,65,0.577937825780761
2023-08-27,2,134,0.7899411912543264
2023-06-10,23,184,0.6725000143486749
2023-07-05,7,88,0.3387182586647831
2023-06-16,11,47,0.23821165227286167
2023-02-25,20,87,0.6456066465028912
2023-06-27,23,173,0.1459242220720216
2023-09-29,6,31,0.8368220613739683
2023-08-11,21,147,0.9885067020461602
2023-09-20,17,73,0.7962435635200545
2023-06-14,17,7,0.795707391140202
2023-10-12,22,162,0.8347412148854988
2023-04-08,17,179,0.29526406569578145
2023-08-07,13,56,0.5371668785706147
2023-08-23,2,180,0.00408579338637316
2023-02-01,8,24,0.6903798006326735
2023-06-19,7,120,0.5080291638136316
2023-12-17,10,48,0.31040939703600057
2023-07-04,1,178,0.30576404648070776
2023-05-18,23,81,0.12956895109320898
2023-09-21,9,79,0.2940883715260103
2023-06-03,15,170,0.7918376235970339
2023-04-08,12,155,0.5261300877788222
2023-02-17,17,92,0.8572653394053202
2023-11-24,19,121,0.2482779293754107
2023-12-06,13,31,0.567406903000991
2023-08-11,12,183,0.7631270208351957
2023-02-09,6,77,0.7691990988348167
2023-05-26,1,31,0.6173879169792685
2023-05-08,13,137,0.22725806348648492
2023-01-12,19,176,0.9312484918043937
2023-12-21,20,70,0.5518953172849161
2023-02-28,21,94,0.7244691864155938
2023-05-30,25,153,0.38986298835605593
2023-06-28,8,91,0.577006950017889
2023-07-27,1,13,0.16949135774598412
2023-11-20,3,145,0.856085337883077
2023-11-12,2,107,0.5633155917431271
2023-03-12,25,78,0.9409220911836329
2023-04-23,1,136,0.3569048769027644
2023-01-10,21,58,0.3588092558271898
2023-04-10,7,38,0.8014211524676369
2023-06-02,13,60,0.18070760098800331
2023-01-19,7,78,0.5172952626328733
2023-01-16,3,163,0.5264382759900499
2023-01-19,4,156,0.6951945837394476
2023-03-07,16,156,0.7120984929041414
2023-11-06,6,32,0.6163953909610674
2023-03-22,8,184,0.5095366274268196
2023-10-06,8,9,0.6384759799218297
2023-04-02,7,11,0.07937515384984573
2023-02-14,16,150,0.17848914617456768
2023-08-25,24,131,0.01035263001167186
2023-12-22,5,116,0.3031127481546335
2023-02-26,23,81,0.1742443264465725
2023-03-13,18,18,0.0556317509947285
2023-10-30,24,62,0.02436335447486926
2023-01-24,1,176,0.8997470371863328
2023-08-09,24,181,0.8637165121025423
2023-06-04,3,76,0.5280129644744873
2023-09-01,25,7,0.6217145288815701
2023-06-01,10,32,0.16086646512996494
2023-06-18,3,155,0.7832117141892058
2023-06-12,14,108,0.8132938086728589
2023-06-24,4,111,0.9942248248402663
2023-04-26,8,173,0.056317308747522055
2023-06-20,1,177,0.3522972350917841
2023-09-20,1,77,0.10665649937858823
2023-06-22,4,97,0.02643840533695474
2023-10-26,20,84,0.5555090202378313
2023-12-20,18,94,0.3237512145050857
2023-12-13,24,36,0.08354314904664484
2023-09-11,3,73,0.7617409216590659
2023-10-28,3,153,0.4154622534637985
2023-06-27,14,99,0.7413172151764411
2023-04-23,1,181,0.5140356959054705
2023-05-19,10,71,0.20754188258256145
2023-11-07,8,101,0.6209360594495107
2023-02-13,20,62,0.8497941023140603
2023-06-22,18,192,0.7856415517924981
2023-12-15,8,133,0.9171509945293003
2023-11-06,13,5,0.5279949808706897
2023-12-27,8,8,0.48943299964538833
2023-01-30,23,200,0.5720894567217554
2023-05-23,13,85,0.1699519165201907
2023-12-14,9,1,0.7942679124005873
2023-03-25,9,127,0.3686103959130047
2023-08-24,6,58,0.8087454214224195
2023-12-24,20,14,0.0004800712955908004
2023-02-20,22,158,0.23713940642084852
2023-02-26,19,18,0.2949520765538667
2023-02-25,12,78,0.0053547984121907755
2023-10-22,14,129,0.5092126194965718
2023-09-28,23,17,0.8353623633093091
2023-10-11,18,104,0.3940460767741568
2023-02-11,15,93,0.01878199178213391
2023-09-29,4,27,0.07480404821550413
2023-01-15,4,5,0.8131857697183207
2023-01-10,21,166,0.35604971281677356
2023-05-11,7,163,0.23183623745143855
2023-07-08,17,49,0.29310670009489426
2023-06-12,10,15,0.9271286384479113
2023-08-21,2,58,0.9084388026719405
2023-10-02,8,84,0.03951044736798648
2023-11-10,11,49,0.6447821131157274
2023-04-17,10,22,0.7467004238174104
2023-10-07,17,166,0.6971413195367395
2023-01-16,13,127,0.455181814671479
2023-01-31,16,40,0.5305215415825896
2023-06-01,2,89,0.7539942242369191
2023-09-15,10,143,0.6126275553476839
2023-10-23,8,76,0.5414693180963247
2023-08-26,22,172,0.6750610451389012
2023-06-19,4,109,0.42179836087724387
2023-08-23,24,194,0.5383330340554133
2023-07-09,11,110,0.27956255965618326
2023-03-07,25,189,0.8920877463923161
2023-11-07,7,24,0.17336341668562727
2023-04-11,10,60,0.25118086116505745
2023-08-19,4,82,0.0840806405681429
2023-11-23,25,151,0.1647844606437805
2023-03-19,21,176,0.296468592340851
2023-10-07,6,8,0.7011697914288705
2023-12-26,21,156,0.7356749008058342
2023-03-11,23,122,0.8317624371955913
2023-11-09,6,38,0.7372970105382964
2023-07-30,5,177,0.3188222381785657
2023-05-21,22,164,0.574516623916607
2023-07-13,7,170,0.4243693722816648
2023-10-03,11,14,0.6880647936999207
2023-03-31,6,110,0.20494911871708665
2023-05-24,14,34,0.38417109632287283
2023-12-02,18,170,0.9482706522591007
2023-10-15,24,8,0.20362392263812434
2023-11-13,21,121,0.43936292616804506
2023-06-17,5,116,0.7397895156603391
2023-01-26,18,195,0.9815796834877925
2023-11-03,16,191,0.34461775189350874
2023-12-05,15,12,0.20764785834151978
2023-01-13,5,159,0.4501934501001752
2023-11-14,11,160,0.3950834416153013
2023-10-18,2,141,0.7987195233488823
2023-08-25,22,164,0.5976672976691613
2023-07-18,5,154,0.20613720589456797
2023-10-05,1,33,0.22292449643202572
2023-04-22,8,43,0.923511595913865
2023-12-03,12,124,0.05898365485339585
2023-11-21,23,191,0.8927398842918296
2023-10-17,1,96,0.5962151411401889
2023-05-07,1,124,0.8683124162258614
2023-04-29,4,129,0.8765759407667484
2023-05-14,19,12,0.7919321387848436
2023-08-02,9,16,0.6529033088501013
2023-04-26,19,59,0.32778366642378043
2023-08-17,15,81,0.45104615281509397
2023-07-21,14,66,0.040862451537233446
2023-10-28,12,144,0.0873775780125271
2023-08-26,13,146,0.9292378038845952
2023-03-20,5,105,0.5952382539948468
2023-03-01,5,140,0.11904192707828543
2023-08-15,12,78,0.8645211832353236
2023-08-30,14,88,0.361630702778978
2023-04-25,8,30,0.17300511326275125
2023-03-05,8,62,0.8636713617939673
2023-07-25,12,184,0.33458127575013863
2023-12-30,10,18,0.558046748245525
2023-03-15,4,174,0.9262990408956013
2023-12-05,25,195,0.9137947455819797
2023-02-09,18,56,0.8731608554767641
2023-10-23,18,191,0.5258674769734812
2023-04-26,21,44,0.26939431124747015
2023-01-19,24,181,0.15217385335866918
2023-05-01,10,26,0.2787083872811996
2023-05-06,24,162,0.9138952831601886
2023-05-01,8,173,0.9846755240854935
2023-08-20,12,132,0.7750036898114466
2023-12-23,5,61,0.6360093478816775
2023-12-10,11,94,0.595417774536644
2023-07-18,16,117,0.9608481123594722
2023-02-19,4,85,0.9503717910493976
2023-12-02,4,61,0.7411977458702661
2023-01-21,1,24,0.2503920442663148
2023-03-24,14,53,0.8672615351887534
2023-02-27,24,131,0.21078855002937258
2023-04-12,5,96,0.18788520177326562
2023-08-02,16,2,0.33486333997930384
2023-02-15,8,78,0.317296784514124
2023-08-12,16,145,0.3029070847227683
2023-06-09,5,82,0.33120568043622467
2023-09-10,10,133,0.5373416905796193
2023-01-25,3,31,0.18734925612404485
2023-06-11,6,3,0.997218023845364
2023-02-22,5,51,0.21118497256596636
2023-11-06,4,10,0.22262561645564416
2023-10-31,6,22,0.3480460419028921
2023-09-23,6,158,0.4321429977127943
2023-03-11,8,156,0.9054551374391397
2023-09-13,19,128,0.24470221581851903
2023-03-03,4,97,0.49130372841229664
2023-04-20,24,142,0.5588475226825481
2023-09-01,7,20,0.21954212420115982
2023-02-11,20,194,0.29752618525954466
2023-02-09,22,104,0.08205373123485493
2023-02-25,10,6,0.28474870932959084
2023-10-06,9,39,0.9255507189652618
2023-10-30,22,10,0.2689695655928207
2023-03-22,17,68,0.7296137951546795
2023-02-24,7,87,0.6613661939679476
2023-03-24,22,108,0.24018816230482887
2023-04-19,12,166,0.11424124161433802
2023-08-27,7,47,0.9516759895070287
2023-04-03,10,23,0.21435038526809258
2023-07-23,6,142,0.6574419391694303
2023-04-01,20,151,0.1836003606658826
2023-08-31,12,53,0.7843887154990267
2023-02-10,20,2,0.8001036621518285
2023-03-23,1,151,0.2313919062799359
2023-11-04,24,57,0.5325759417768462
2023-09-29,10,178,0.5630214102606427
2023-02-17,24,169,0.09012725828566237
2023-03-28,17,52,0.49430900200573735
2023-05-13,19,195,0.9012637061795875
2023-02-24,10,18,0.6187470007755987
2023-10-12,9,42,0.5731986104112992
2023-11-15,7,138,0.09926554965970669
2023-11-06,16,158,0.13433367583264055
2023-12-27,13,1,0.002913144862758732
2023-08-31,11,25,0.4396664539364683
2023-03-11,23,85,0.898678476883453
2023-02-09,24,122,0.2493587648040283
2023-06-14,23,141,0.2292407464092424
2023-05-17,22,81,0.6572836850627114
2023-05-24,3,59,0.06782807495861953
2023-06-10,21,160,0.12854337052786913
2023-06-02,17,75,0.22648432195262735
2023-08-10,10,173,0.8408916583955803
2023-12-11,2,145,0.09798127242439925
2023-03-24,9,82,0.39187303198453804
2023-07-19,22,177,0.5803847721351804
2023-11-18,20,70,0.5510352525406639
2023-11-19,24,20,0.5444171502564015
2023-08-15,14,55,0.2617842792008209
2023-06-26,11,160,0.6872256330271714
2023-04-21,6,36,0.48046242477162004
2023-10-14,18,154,0.267808097193005
2023-07-09,13,37,0.7536961353980423
2023-11-03,8,40,0.1564182141195014
2023-07-28,14,84,0.4326427031726353
2023-05-26,23,27,0.9420124113295775
2023-05-26,5,198,0.8153669909591136
2023-04-25,21,165,0.14066312749840204
2023-07-26,8,175,0.9601386588402306
2023-10-28,19,146,0.43971861713007143
2023-04-01,2,39,0.41708850205366677
2023-06-28,11,186,0.14927219823810423
2023-08-22,15,16,0.1458479559198056
2023-04-10,12,48,0.9344616852731106
2023-02-21,11,65,0.5349436286403602
2023-01-21,13,197,0.7568145536102305
2023-10-05,5,107,0.20487586970703664
2023-12-07,12,122,0.8084749879817898
2023-09-30,22,70,0.6015175567406305
2023-08-15,14,148,0.19938866367781083
2023-01-16,15,172,0.06672192991992676
2023-03-18,23,89,0.232484420488137
2023-11-28,18,82,0.8011560511157336
2023-12-21,8,171,0.3051981964600433
2023-12-06,9,149,0.6661783505373247
2023-09-07,6,40,0.5727023019016985
2023-12-19,3,132,0.37585977629310263
2023-03-22,17,154,0.2789546013872275
2023-10-22,19,3,0.280667555415143
2023-09-12,25,34,0.8382046592008635
2023-10-07,20,52,0.14998938466953138
2023-05-10,16,38,0.5530590828628473
2023-01-16,17,23,0.7093053001573276
2023-06-13,13,1,0.34596458144800823
2023-12-17,10,96,0.2324665132760836
2023-10-05,14,4,0.3355556497482819
2023-03-30,11,103,0.4005903757638781
2023-05-14,16,26,0.3556643485339914
2023-06-16,16,44,0.8583291343499001
2023-01-03,24,13,0.09072476166652865
2023-03-20,11,143,0.6274673423367224
2023-01-31,10,76,0.8312544390016752
2023-10-10,10,126,0.8357707959633481
2023-09-04,20,81,0.689328492308464
2023-01-14,9,86,0.27343003015295153
2023-11-16,2,85,0.6351752256995705
2023-08-06,11,34,0.3689595680638845
2023-07-04,3,122,0.2605152779854457
2023-10-13,13,19,0.0033746675541176385
2023-04-15,9,59,0.9608921833683866
2023-08-05,7,57,0.32831831318135285
2023-01-27,4,48,0.5171725507516843
2023-09-16,14,151,0.3559993221550778
2023-07-09,13,107,0.3401860648531573
2023-12-02,12,51,0.5695331889244819
2023-05-19,22,28,0.2052603324815795
2023-06-13,21,56,0.7265880658879167
2023-03-10,6,6,0.559163701202595
2023-02-16,4,89,0.20468462117454378
2023-10-01,7,111,0.6444617442609486
2023-08-07,20,21,0.2151846061013667
2023-10-24,2,198,0.18359032709616985
2023-03-29,2,3,0.006281131611227786
2023-05-03,23,59,0.8008038195684927
2023-09-03,24,191,0.7073161367634466
2023-10-15,17,9,0.4844653072994096
2023-05-10,7,186,0.7122410145534094
2023-03-01,21,146,0.1818994543576934
2023-12-06,8,23,0.710413228373282
2023-12-17,4,117,0.6472777031566277
2023-11-02,24,105,0.7265927668496461
2023-12-01,25,123,0.6820954945001516
2023-05-29,15,195,0.2814148230725735
2023-07-08,16,123,0.376381778821158
2023-08-16,15,82,0.323981886040525
2023-05-12,6,112,0.09199200006051478
2023-11-03,14,148,0.9386230203930158
2023-02-05,22,137,0.7078990711277058
2023-05-06,12,77,0.9393983033565649
2023-10-11,1,139,0.014189415726491905
2023-05-23,20,191,0.42099386311061726
2023-02-03,9,48,0.0874189396798043
2023-12-30,15,72,0.8876198192445865
2023-06-15,4,65,0.47642885774829924
2023-05-31,15,125,0.8129162191293019
2023-12-26,4,45,0.4376142820365122
2023-02-19,1,182,0.3899756496575706
2023-04-23,18,40,0.04133672081289319
2023-07-02,21,80,0.17837469188585842
2023-01-25,24,130,0.6798267561284167
2023-04-12,19,117,0.3949077568664381
2023-08-01,7,77,0.4526164253378986
2023-05-07,23,11,0.5750992800771868
2023-06-19,4,15,0.013399550397718563
2023-03-10,5,155,0.48944174903085735
2023-01-14,16,121,0.25233319292835876
2023-01-30,13,50,0.38589105039349747
2023-08-31,21,96,0.5545098237102579
2023-12-23,10,22,0.013797236863169138
2023-01-04,24,182,0.6367287853152851
2023-10-01,18,26,0.6889250937507698
2023-05-04,16,38,0.7724397247795709
2023-10-10,8,130,0.20737855121462945
2023-11-19,18,77,0.3424744236346752
2023-11-11,1,53,0.013265309525551383
2023-10-01,19,80,0.03623803969190931
2023-02-21,21,184,0.4649560764580417
2023-09-15,16,12,0.08163330905118393
2023-12-15,18,26,0.13753905403889943
2023-08-15,16,172,0.5139056958873273
2023-12-12,21,23,0.2892482981245348
2023-02-12,7,4,0.48251300422857024
2023-06-17,3,93,0.7086540152053086
2023-06-12,2,195,0.8812604570259714
2023-10-29,15,195,0.19810070878163988
2023-05-06,9,112,0.6097830807962347
2023-06-28,19,194,0.4982109926469872
2023-03-23,1,161,0.14233868460148902
2023-01-26,16,144,0.6241905888878063
2023-09-01,24,138,0.46178119678506613
2023-12-25,4,5,0.188790382022885
2023-07-04,4,171,0.10923190838802299
2023-01-20,4,156,0.9741317497892256
2023-09-19,22,15,0.49595875687082436
2023-03-25,18,141,0.8341238252537486
2023-04-08,17,40,0.5085679413350862
2023-04-15,19,49,0.5655081341936856
2023-10-28,7,186,0.9040767278503293
2023-11-16,3,149,0.9106821145353908
2023-01-03,7,158,0.6710671225811916
2023-01-30,8,18,0.6167362154845428
2023-01-20,2,134,0.9506877867910782
2023-06-07,9,56,0.18447342968116487
2023-10-05,19,83,0.9482083382194937
2023-12-10,13,12,0.27945064704122313
2023-12-04,11,11,0.9449257234508777
2023-10-26,3,77,0.00011672081456892691
2023-07-16,24,4,0.5494142893411399
2023-11-21,2,57,0.7681792830440922
2023-01-16,6,48,0.7301670292601793
2023-05-25,22,45,0.5106897404911833
2023-01-07,13,24,0.9747739937019674
2023-04-16,22,166,0.6530359236642331
2023-04-06,8,69,0.7694614838362662
2023-06-25,20,20,0.994034847299356
2023-07-19,17,82,0.0428613846128687
2023-02-02,2,9,0.314904750602486
2023-09-26,16,190,0.5220475808944023
2023-09-23,4,76,0.11386648560105206
2023-05-07,12,133,0.7142776351371986
2023-10-26,22,122,0.17800681761950632
2023-06-06,24,32,0.7330351094759185
2023-12-20,22,88,0.8296389451388999
2023-09-22,18,86,0.4211167879538017
2023-10-23,8,167,0.6387249885824333
2023-06-27,4,18,0.3996529303560141
2023-11-14,17,98,0.6107733668293924
2023-07-11,15,135,0.8050249987832228
2023-01-03,5,61,0.8860862939248761
2023-12-07,10,47,0.3785015901030113
2023-05-05,2,123,0.9036957390657304
2023-04-15,4,7,0.7838412921354686
2023-02-21,8,87,0.4021344987646299
2023-09-10,24,191,0.5802899185629297
2023-12-07,22,76,0.1876507498299128
2023-04-14,16,129,0.6154387597427905
2023-09-17,19,79,0.41914356110742357
2023-03-31,23,24,0.5254954290673021
2023-04-24,11,72,0.07237283122180738
2023-11-12,22,42,0.22474838025418098
2023-09-26,20,198,0.5632972209606345
2023-10-25,11,176,0.5176987376271375
2023-10-02,15,132,0.7775206049586907
2023-02-03,25,99,0.653357261691349
2023-08-11,16,173,0.7727655285460492
2023-03-16,5,80,0.8993010464847441
2023-11-13,13,11,0.14149498716963171
2023-03-31,25,196,0.6620781234670585
2023-11-29,8,89,0.06662012156450847
2023-09-26,11,90,0.7559529640764122
2023-12-04,18,184,0.23613281507985118
2023-03-05,1,43,0.44108482877810795
2023-12-06,14,190,0.23888919286781274
2023-02-27,2,26,0.9556440593775791
2023-04-14,13,98,0.8035012906327992
2023-12-06,14,148,0.15494630122873432
2023-08-23,8,87,0.038068210679898296
2023-03-04,10,107,0.3843267560510484
2023-08-28,18,187,0.36761674134964095
2023-11-16,7,82,0.4033593181637509
2023-12-08,16,82,0.41704711408356976
2023-12-24,10,6,0.9977307547301921
2023-11-03,25,63,0.4560741108609112
2023-07-15,8,158,0.8359999350879884
2023-10-12,13,75,0.1346080595054252
2023-12-21,14,42,0.2953162429895817
2023-04-22,14,189,0.9993221452494803
2023-05-27,24,13,0.9578953817831798
2023-07-13,13,74,0.5326175639177579
2023-02-28,1,131,0.8108235988120888
2023-08-28,8,66,0.35503177261436636
2023-08-02,2,105,0.5967916712147864
2023-10-07,4,73,0.40590084211989963
2023-05-16,9,135,0.16169275837529262
2023-12-21,3,111,0.3449240115284127
2023-05-10,20,184,0.8761056501767871
2023-01-12,16,80,0.17436326812576697
2023-11-13,18,86,0.16512896770996077
2023-05-23,25,52,0.7955150878659982
2023-03-08,3,179,0.3793816164821562
2023-08-21,21,79,0.9626264955161732
2023-10-08,7,37,0.35627745654803766
2023-09-28,13,22,0.0775063782264589
2023-08-14,16,78,0.4995329391486
2023-01-27,22,22,0.04736639585477731
2023-06-09,24,61,0.06605778565668607
2023-02-26,9,54,0.890174844658813
2023-01-17,9,196,0.4733534038724865
2023-06-07,7,5,0.13430010552190286
2023-07-25,1,114,0.14297598121178345
2023-03-16,19,152,0.14362194374068382
2023-03-07,24,113,0.9639724746408996
2023-08-06,20,159,0.8474359626417618
2023-01-30,15,178,0.7870186803252285
2023-06-02,20,18,0.030872318770579943
2023-02-20,5,27,0.12885153190166743
2023-10-21,23,128,0.6675269162563225
2023-12-02,13,57,0.6107702244336254
2023-07-18,6,131,0.5915248598054753
2023-07-19,15,192,0.7074737319334553
2023-11-08,15,54,0.7044405395301788
2023-09-11,15,18,0.6361749919895251
2023-01-30,4,24,0.11121593599815538
2023-04-20,20,20,0.08170303302631965
2023-03-24,25,20,0.422012118311874
2023-11-13,6,115,0.9509654398762896
2023-11-11,13,191,0.1753265352044745
2023-10-17,17,92,0.8171678295029748
2023-08-31,10,200,0.2661907616258925
2023-04-14,9,157,0.10774005206102155
2023-07-27,8,16,0.7480907036603532
2023-06-04,18,164,0.19746416523921773
2023-06-14,22,115,0.64811830997699
2023-11-21,10,86,0.6092074034104747
2023-08-14,4,72,0.06634564444624436
2023-05-09,3,41,0.7627938930454512
2023-03-06,8,23,0.2779472564593941
2023-03-19,17,38,0.5577117736621459
2023-12-26,5,86,0.8223768280018379
2023-02-23,1,70,0.03514562357815476
2023-06-03,9,53,0.7968424889370126
2023-09-16,5,92,0.49198379217810473
2023-05-11,6,61,0.1356680970203149
2023-12-03,5,95,0.7550661123302752
2023-06-22,3,157,0.012805949029260355
2023-06-11,11,162,0.08569362351751608
2023-02-14,6,27,0.12202946554240746
2023-09-28,7,127,0.727064172010706
2023-05-09,9,139,0.3484477860577708
2023-05-24,10,54,0.5234606752461668
2023-05-14,6,130,0.39286781764498546
2023-05-09,22,19,0.5910075079290514
2023-11-14,22,160,0.06014810218853628
2023-07-21,25,76,0.7482478600307142
2023-01-18,16,10,0.9090172498119582
2023-10-30,15,127,0.025275429122604942
2023-08-21,11,11,0.3536171647876931
2023-10-27,4,198,0.8808252705472144
2023-03-28,1,110,0.3614081690773291
2023-09-09,25,124,0.10462590336818056
2023-02-26,7,42,0.40600885505690143
2023-07-24,16,73,0.016554654134218083
2023-06-22,4,112,0.7811774147023202
2023-08-15,11,108,0.046853950513936815
2023-11-11,12,177,0.04993568165149831
2023-12-31,17,31,0.7523869864552641
2023-08-05,2,91,0.7670157740053669
2023-02-28,15,195,0.213895215029816
2023-07-28,10,94,0.7705258055606538
2023-02-22,5,79,0.44957461047663183
2023-08-02,6,190,0.4440144140093427
2023-11-12,15,179,0.381524432591581
2023-05-17,22,24,0.7947878228431866
2023-09-19,8,66,0.9650392174236162
2023-06-18,14,15,0.3402312687622452
2023-07-11,19,46,0.5924249158608362
2023-05-31,21,123,0.509633792081778
2023-08-29,18,70,0.5115566737249382
2023-10-25,1,69,0.8993957858970459
2023-04-20,21,50,0.8045664362861884
2023-03-04,19,174,0.22786900954638645
2023-08-21,5,143,0.08550888740418361
2023-12-03,18,188,0.5978020559153902
2023-04-05,25,60,0.8668805455323205
2023-11-26,14,99,0.9215908765492475
2023-10-23,12,92,0.2940925191893806
2023-04-04,25,23,0.0050562214410490025
2023-08-08,4,123,0.03223677245042722
2023-02-13,12,167,0.515646440195832
2023-08-21,12,13,0.7645888514928223
2023-06-02,20,25,0.10675791420437863
2023-02-16,11,57,0.4033747719667422
2023-02-20,10,101,0.5505820981865129
2023-01-15,13,64,0.7406044598978643
2023-04-19,8,88,0.4154190864796622
2023-10-24,15,162,0.8043487403744835
2023-03-08,22,25,0.20160844633159702
2023-03-06,10,51,0.6175529278077465
2023-08-09,16,156,0.828843896696797
2023-02-24,2,54,0.03061977021557416
2023-10-12,2,151,0.29832601059091124
2023-11-08,2,166,0.29168887023931467
2023-05-15,1,98,0.09361404168453324
2023-05-04,20,170,0.9922007002892874
2023-05-05,18,180,0.2752777230449479
2023-08-28,9,34,0.4374624530135379
2023-03-17,8,193,0.9369420236164444
2023-04-26,19,142,0.4471959665879536
2023-01-22,16,91,0.015325669409740672
2023-09-06,18,44,0.3502586791225627
2023-11-10,23,95,0.4841828907745268
2023-08-03,23,93,0.1228314372360052
2023-07-13,3,191,0.36664778334605497
2023-01-23,14,133,0.6774280491424693
2023-04-17,17,188,0.7042667254646026
2023-05-22,9,84,0.2792235170876799
2023-05-14,10,59,0.48242426470874766
2023-10-25,22,87,0.3242066875694678
2023-03-23,10,199,0.2173462911602111
2023-07-22,17,102,0.9491555055635092
2023-03-02,17,98,0.4203622445483136
2023-12-30,7,123,0.2676844497558609
2023-07-20,24,26,0.43920061205247873
2023-10-08,21,198,0.9353081853082258
2023-07-10,21,55,0.8223061654851938
2023-05-22,8,94,0.25492684811592525
2023-02-02,9,57,0.8950974225495721
2023-02-06,21,25,0.6995952051231789
2023-12-27,6,150,0.8909577213118595
2023-01-13,13,165,0.20027172418593342
2023-06-23,4,18,0.09216099531474142
2023-07-30,18,138,0.4191797181360477
2023-06-27,13,81,0.5887747534110698
2023-09-29,17,198,0.031003049038410224
2023-11-10,21,152,0.892534892408327
2023-06-13,11,82,0.6268967047371056
2023-01-05,5,40,0.4308986595794867
2023-12-17,5,153,0.8378678411382179
2023-01-12,20,25,0.5568398190895815
2023-03-03,16,115,0.328272736829027
2023-10-11,20,184,0.7522128481318127
2023-03-18,8,198,0.9143764696642963
2023-07-06,6,188,0.9266844214696054
2023-12-01,20,166,0.5586536696469322
2023-03-12,15,95,0.44635250611573307
2023-02-12,22,31,0.9334778072225852
2023-11-02,8,192,0.31268878669902433
2023-05-22,5,157,0.8288925040526133
2023-07-08,1,117,0.8717995481410642
2023-07-13,20,106,0.9844906708433092
2023-02-16,3,133,0.4086333312108644
2023-09-16,24,159,0.8907813242607349
2023-04-30,15,65,0.3921103970995773
2023-02-22,13,95,0.24967790475259766
2023-01-29,16,160,0.34829669511506245
2023-12-14,2,4,0.4471365904941066
2023-06-23,11,123,0.9034318458881773
2023-11-12,15,77,0.7704528323048719
2023-05-05,16,40,0.8539289425400617
2023-07-04,23,26,0.8853916155148877
2023-03-29,13,195,0.17268749929379557
2023-03-22,7,189,0.33229171854947714
2023-05-04,18,18,0.22220147799997036
2023-07-28,22,103,0.6284491781515564
2023-04-13,17,67,0.20006641278992798
2023-11-09,10,130,0.8926883230567092
2023-08-15,9,4,0.5012401891799428
2023-07-29,22,131,0.1919721332433405
2023-03-15,20,16,0.15148974998653086
2023-07-10,10,98,0.2582942638330411
2023-01-20,5,14,0.6879771728049418
2023-10-02,20,103,0.824815222817233
2023-07-10,22,9,0.9068671163424752
2023-10-18,3,57,0.6752231812449545
2023-03-01,18,103,0.5838510456417633
2023-06-04,24,175,0.6785487087966845
2023-01-12,7,168,0.6739133939081412
2023-05-03,2,110,0.8452262278977832
2023-02-26,6,160,0.9261580083292433
2023-04-05,9,3,0.9480189980790655
2023-01-09,4,167,0.6835547375651226
2023-04-24,18,167,0.7070731579946085
2023-12-16,22,174,0.2712567473452816
2023-07-30,24,85,0.6479104308772451
2023-03-23,4,134,0.9139119849320976
2023-08-28,13,64,0.4516094504445777
2023-10-23,13,108,0.7558121011340839
2023-11-23,3,100,0.23601035387156133
2023-03-04,10,91,0.8651978942758429
2023-01-08,6,116,0.6903193067597381
2023-02-27,24,142,0.8140207300751355
2023-04-08,22,104,0.3107106004751138
2023-01-30,10,17,0.17287316529540597
2023-03-28,6,24,0.3604798283321946
2023-12-19,10,79,0.05772881062674384
2023-09-01,3,71,0.17213419367483063
2023-09-27,20,179,0.7692863582206646
2023-06-06,25,21,0.3089328537965703
2023-01-13,13,190,0.06758474340794107
2023-09-07,8,66,0.5373736474546029
2023-09-28,2,130,0.41467564406148694
2023-05-22,15,43,0.629140818447544
2023-02-04,10,154,0.1789283177017834
2023-02-08,9,52,0.5114769315141863
2023-11-16,2,16,0.6737166640868392
2023-05-25,22,145,0.5549231074871475
2023-02-24,23,147,0.6911540007310655
2023-04-22,9,198,0.14050397589188324
2023-03-29,12,128,0.5694542556970966
2023-07-20,20,32,0.6260063007722756
2023-05-22,10,131,0.39941961504626533
2023-07-08,9,113,0.3235139962443405
2023-08-22,10,80,0.48297830187614565
2023-08-02,9,79,0.46920312657121066
2023-12-07,22,122,0.82801223388212
2023-03-23,24,182,0.9864090579761201
2023-07-26,24,144,0.5500364425674956
2023-12-20,6,42,0.26262688066967543
2023-09-18,2,181,0.8076966906486515
2023-01-25,19,191,0.8994126519010643
2023-11-09,8,63,0.3662125558973379
2023-05-31,23,136,0.22314348016292807
2023-11-12,25,27,0.7351988315163391
2023-06-30,5,22,0.9653186591102432
2023-06-27,24,1,0.05505978750166651
2023-02-23,17,117,0.6059812947568111
2023-03-11,2,38,0.35267279700756304
2023-07-12,20,138,0.5479096280311393
2023-06-06,25,47,0.2922796606480267
2023-12-02,10,187,0.3894207832843313
2023-10-24,18,135,0.23689356432899666
2023-09-15,6,34,0.7775824554454799
2023-04-08,9,103,0.7420028423068743
2023-12-28,20,36,0.44829570954462705
2023-06-05,24,60,0.17279096911203884
2023-01-12,10,200,0.38725351609655123
2023-02-21,15,143,0.5828615010472933
2023-07-25,2,31,0.8858478502785868
2023-02-26,23,80,0.6901523884186395
2023-09-20,21,120,0.09503975544152732
2023-05-29,22,179,0.038531631710155945
2023-03-18,9,167,0.07922613817314395
2023-02-07,1,101,0.6055731948166392
2023-11-01,3,36,0.7434615974217591
2023-07-08,10,107,0.5002985847391925
2023-04-22,15,23,0.7332739358443489
2023-11-19,16,116,0.8591988286994275
2023-12-23,22,114,0.3683452785846446
2023-02-10,18,106,0.9452033715574318
2023-07-31,24,13,0.3476116064760064
2023-09-24,8,40,0.14385513019871377
2023-08-24,21,182,0.09731827467085463
2023-03-19,5,113,0.6194715231655957
2023-06-17,15,172,0.20944880246959352
2023-12-02,18,7,0.051742072518204396
2023-11-17,23,128,0.46002341759733656
2023-03-12,6,143,0.25201489307812
2023-05-06,2,176,0.04989256623131455
2023-07-13,7,23,0.5694415810650305
2023-11-13,14,104,0.13559582307634654
2023-08-29,14,193,0.9492631979929722
2023-10-25,25,192,0.8643685177652785
2023-02-22,2,52,0.6653076124931235
2023-10-11,21,106,0.8124603386253146
2023-09-03,13,168,0.9814260075865793
2023-11-02,21,79,0.6791440769098998
2023-05-27,5,177,0.402039365244532
2023-04-17,4,37,0.8538843168792697
2023-01-25,21,131,0.557416469381631
2023-08-15,24,137,0.5742749360654146
2023-11-28,21,33,0.5158516583888831
2023-07-27,17,196,0.30238732922869693
2023-03-12,18,81,0.12944115047774252
2023-09-09,9,58,0.27506742367338
2023-11-12,16,50,0.9455558432304951
2023-12-17,4,123,0.9777615447066367
2023-04-05,2,7,0.5421252162350908
2023-02-18,8,145,0.17178048179130512
2023-05-20,22,27,0.2923316543347425
2023-02-14,17,29,0.7868464383009854
2023-01-16,9,184,0.7475726034066468
2023-02-28,13,149,0.1524330049788034
2023-05-22,1,99,0.370472331540025
2023-09-23,12,116,0.7583652499758328
2023-06-24,13,102,0.7463243742545264
2023-02-22,1,148,0.21283159657556994
2023-07-17,17,83,3.7945693496244104e-06
2023-12-16,17,189,0.9414933238063155
2023-05-18,14,149,0.1246471588520558
2023-09-10,21,152,0.949617548522331
2023-09-20,24,40,0.5776249862494438
2023-09-18,20,101,0.6632061998610397
2023-09-29,11,65,0.1850497408417443
2023-02-10,10,150,0.6146119102309142
2023-08-30,9,153,0.5428575888775414
2023-10-30,12,11,0.8988364555875855
2023-05-10,3,39,0.45198527931228594
2023-06-20,10,33,0.48378942255876556
2023-01-08,16,13,0.17504561633723514
2023-11-12,24,89,0.6017409926966379
2023-10-27,23,182,0.9680614747093527
2023-08-17,4,27,0.8898482599709187
2023-01-19,14,111,0.7137452462040469
2023-08-15,22,194,0.23726385123545424
2023-02-10,10,15,0.7613929529937753
2023-09-12,5,155,0.22830630393228124
2023-05-01,7,55,0.02684812907873757
2023-09-13,7,153,0.37668172817309153
2023-09-12,7,107,0.5180637867429205
2023-06-17,10,23,0.4091431621309909
2023-05-26,21,96,0.8337164329365383
2023-09-15,15,49,0.305404539230933
2023-09-21,13,31,0.07316609754020209
2023-01-01,8,172,0.6045788707534817
2023-06-10,14,186,0.8190722831205535
2023-05-16,24,90,0.7490491342633406
2023-12-22,9,81,0.6957382902443245
2023-04-26,1,47,0.3344312723713878
2023-03-17,12,189,0.5035033636427719
2023-05-25,13,26,0.3409994932913384
2023-11-22,11,62,0.8177149896303474
2023-01-14,22,100,0.6823939093776938
2023-09-07,1,144,0.6644015545227752
2023-10-04,13,192,0.4253416986193026
2023-04-22,21,58,0.13994059830006833
2023-04-10,11,48,0.11988634379960716
2023-05-19,15,49,0.9447105124794227
2023-07-08,16,88,0.7280964526936954
2023-06-10,9,36,0.3856765714611773
2023-11-05,25,61,0.5494846506798343
2023-07-05,24,143,0.11770843662476893
2023-02-04,1,10,0.6332713423304578
2023-10-31,9,69,0.8876934944336595
2023-03-12,24,121,0.6566851021028144
2023-08-03,24,88,0.279543029442173
2023-05-25,24,192,0.6674204992526748
2023-06-19,16,115,0.9115755503060118
2023-08-13,9,44,0.3521560168420119
2023-07-08,18,35,0.6039013475776849
2023-03-29,6,130,0.2143956728319546
2023-08-16,22,73,0.5174588303934319
2023-01-18,16,3,0.4225277052763191
2023-02-10,15,92,0.7132663413765923
2023-11-20,19,7,0.8390396481839622
2023-08-09,13,195,0.6615561045911293
2023-01-19,20,86,0.4711400421102421
2023-11-07,11,152,0.389400685508825
2023-05-07,3,41,0.3262980667338984
2023-11-22,24,2,0.33867161441863936
2023-07-18,14,126,0.2929917014100142
2023-05-16,8,152,0.9441500387418048
2023-12-12,20,165,0.38051547231258553
2023-05-11,2,140,0.6291455766415022
2023-05-26,12,135,0.07750560614198487
2023-04-21,19,99,0.8325919411278785
2023-11-29,16,166,0.7927230278009711
2023-09-06,18,63,0.9257811831482974
2023-08-15,12,146,0.6395253468179695
2023-10-17,24,87,0.41361514635499674
2023-07-21,9,105,0.48846901816102284
2023-03-07,5,189,0.38570486938709725
2023-08-10,14,196,0.6199542561673722
2023-11-29,6,139,0.7934037351041551
2023-07-31,24,90,0.41886480769068657
2023-08-02,19,25,0.6652126555312959
2023-04-15,11,178,0.09326332325109332
2023-03-07,11,28,0.4692737396343777
2023-04-18,18,151,0.08500743886019668
2023-07-25,17,104,0.305884244151271
2023-09-03,7,162,0.4749440412690572
2023-10-25,14,43,0.333064457609234
2023-08-12,9,120,0.046792339806155714
2023-09-08,4,138,0.18966437338552156
2023-02-13,13,51,0.5752408245346983
2023-05-11,23,111,0.8069870102142674
2023-12-14,25,188,0.8559689330038238
2023-11-23,10,39,0.6785351569084555
2023-08-25,17,20,0.7447741961528692
2023-05-29,23,162,0.8225708249774609
2023-11-09,2,88,0.5998538042731816
2023-12-22,6,99,0.2604358762107829
2023-12-15,13,98,0.8351843648479315
2023-10-03,15,160,0.6200552875101173
2023-11-12,17,132,0.6007052712998858
2023-08-27,25,74,0.17926280404762795
2023-08-30,23,30,0.9301176871623996
2023-03-22,18,68,0.4943235025835069
2023-03-18,24,124,0.7111051255279331
2023-07-05,17,184,0.42682682006747563
2023-07-31,14,39,0.3227128924354411
2023-08-19,15,157,0.9836326587311075
2023-09-22,10,147,0.5966589554083834
2023-05-18,25,171,0.07145084462173501
2023-08-01,10,53,0.17294267707110644
2023-02-01,1,102,0.27882886408285734
2023-06-21,15,159,0.558804421972739
2023-05-14,7,169,0.7572337533199966
2023-01-09,6,23,0.13730710078946884
2023-11-13,20,41,0.7045172898999548
2023-08-09,6,159,0.9284905028026335
2023-04-29,4,71,0.5343710366623056
2023-01-28,5,152,0.651404015133041
2023-04-28,10,176,0.5139102533596421
2023-03-25,16,139,0.8819890054412625
2023-07-30,5,122,0.7809264705684574
2023-12-05,24,193,0.5585075688446102
2023-11-15,24,120,0.10269868787060987
2023-08-05,12,35,0.31427724491367437
2023-04-27,25,4,0.27112984227725156
2023-10-02,7,119,0.1646382262317998
2023-12-14,8,15,0.4569840518939007
2023-01-17,13,168,0.10294142372282333
2023-05-04,7,164,0.8126572645830017
2023-11-12,12,179,0.8979924205408282
2023-04-10,23,187,0.17346499776232382
2023-08-26,6,53,0.3750400781687552
2023-10-11,1,75,0.5226724268465253
2023-11-21,18,132,0.47920543436482377
2023-09-28,25,191,0.9778855978988223
2023-03-19,5,95,0.8816549548295454
2023-11-16,10,188,0.5985843480484724
2023-10-27,3,52,0.9670148459024102
2023-02-28,12,192,0.09675564523496583
2023-04-09,24,7,0.5902429359398278
2023-07-10,25,35,0.8098011509169566
2023-06-28,25,88,0.4316928388887866
2023-01-14,14,28,0.8708456851609149
2023-07-01,14,102,0.23068548007785228
2023-09-23,22,77,0.22488442012062348
2023-10-23,9,54,0.14952527285900963
2023-08-14,21,2,0.169068195610114
2023-06-19,17,29,0.8375992851488527
2023-03-21,25,94,0.0290085210325548
2023-06-30,2,77,0.6335353453854237
2023-02-07,24,13,0.85644138794822
2023-12-21,10,167,0.9955444050728519
2023-08-05,10,194,0.794703130306325
2023-07-24,20,188,0.5018466500957802
2023-01-03,8,101,0.7592634659047508
2023-10-24,20,72,0.1640121806536745
2023-12-17,2,52,0.6688377627363778
2023-10-19,20,99,0.793493558531168
2023-01-26,15,42,0.8696474884129984
2023-12-18,23,169,0.25005616853468193
2023-03-05,7,195,0.7567737737351332
2023-01-31,21,199,0.7536428622689845
2023-08-30,22,116,0.18982102838027892
2023-03-21,19,33,0.3215138651269953
2023-02-11,20,168,0.17819277501459196
2023-01-12,24,112,0.2349069850396711
2023-10-05,11,121,0.8737554566103786
2023-11-22,12,143,0.9664769441256492
2023-04-28,1,47,0.3647735095249446
2023-04-14,1,145,0.6106773228192142
2023-11-29,10,102,0.22905955581291926
2023-03-13,5,15,0.47886687554450713
2023-03-20,1,162,0.14308506479984662
2023-05-30,9,121,0.5004474462506081
2023-08-08,23,98,0.10995430668605399
2023-11-09,21,58,0.40284071846033
2023-02-02,7,38,0.3209506186355914
2023-08-26,11,58,0.04194809965117552
2023-05-10,3,197,0.7989305446587857
2023-12-03,19,141,0.05728085503940439
2023-04-12,9,40,0.8661635950347174
2023-09-02,9,93,0.47398395840916063
2023-10-17,23,83,0.5265577736192635
2023-11-06,24,70,0.705309547233606
2023-02-14,19,168,0.006111667310859437
2023-06-08,19,133,0.8751790993941705
2023-11-09,24,91,0.8739884050105987
2023-11-30,18,146,0.06655706102843606
2023-11-06,17,60,0.6292970997872186
2023-10-25,10,76,0.6477927072858836
2023-03-07,15,179,0.3351648143858714
2023-03-18,19,86,0.2959956757482356
2023-06-16,21,147,0.4296317334988621
2023-07-07,6,95,0.46500425966403225
2023-02-02,15,143,0.5383961593477258
2023-09-16,2,29,0.6806752718691602
2023-12-08,1,98,0.3680996798905095
2023-01-26,16,196,0.495201606263748
2023-07-28,19,152,0.9676870379456756
2023-09-26,6,124,0.33440655946675824
2023-10-02,6,94,0.28395370320832414
2023-11-30,19,165,0.888784337729055
2023-12-15,8,135,0.7289260829721814
2023-01-10,15,165,0.6692948740752418
2023-03-17,10,73,0.7242226862818469
2023-07-05,10,107,0.6269454907125684
2023-03-08,20,12,0.3653472272615763
2023-10-19,6,23,0.9613212318760894
2023-01-02,11,113,0.8403899263931122
2023-02-08,20,152,0.9801855237033956
2023-08-30,11,181,0.7963547822568047
2023-08-10,10,64,0.2818625259216204
2023-09-11,1,23,0.16766042333050557
2023-03-21,5,171,0.494086786038034
2023-12-09,23,68,0.8558684467087825
2023-05-17,25,114,0.8425893792080198
2023-06-18,14,76,0.08399303959512372
2023-10-03,25,22,0.11783794798864378
2023-01-15,1,125,0.3010937303229799
2023-10-29,24,131,0.7764095090581945
2023-02-22,2,62,0.28629128347351207
2023-04-10,1,114,0.36364778722538416
2023-02-21,4,77,0.15615436303982844
2023-02-23,19,117,0.7497973913329409
2023-01-06,20,183,0.2048054709808862
2023-08-31,15,136,0.8521853171364506
2023-08-08,7,149,0.1239247400329122
2023-07-28,12,166,0.6636634375178999
2023-08-05,4,105,0.7352289219963589
2023-09-04,21,58,0.19675645015210452
2023-04-06,16,11,0.6615772209674364
2023-11-01,7,129,0.6387659897729765
2023-09-01,15,12,0.14185759134419584
2023-12-02,14,105,0.6203110300682466
2023-10-06,16,20,0.48555968620497447
2023-12-29,22,92,0.35062317692904355
2023-02-13,11,189,0.02686531767646194
2023-09-09,12,146,0.4756084971347596
2023-10-19,10,136,0.5891326604336823
2023-10-16,22,69,0.21894941773663357
2023-11-07,19,1,0.6178598912270427
2023-02-04,12,195,0.40862299126367574
2023-06-08,19,134,0.4925501097189434
2023-06-24,2,13,0.08023738191273222
2023-09-08,20,29,0.5970600442361635
2023-12-12,21,178,0.27058466695442585
2023-07-06,14,49,0.14920613058817833
2023-03-21,10,45,0.91547914250961
2023-07-04,24,106,0.8142111555139249
2023-07-07,10,149,0.8921600728350336
2023-10-26,13,159,0.4340799881840447
2023-08-08,5,67,0.9440101295729028
2023-05-01,4,89,0.24417198513452376
2023-03-06,9,26,0.11552606544297328
2023-12-29,5,192,0.9331465252941968
2023-04-23,4,118,0.46075896961385265
2023-07-13,8,14,0.5884557420508114
2023-08-04,2,9,0.8865645810881153
2023-06-11,11,98,0.3823858154554681
2023-06-15,25,148,0.935759988406199
2023-06-19,17,76,0.9111119372293776
2023-04-04,16,53,0.8024006291132972
2023-07-27,7,166,0.997793535235056
2023-08-27,7,137,0.331926642107504
2023-06-11,22,191,0.8231810483653756
2023-01-28,21,144,0.898167926597252
2023-08-20,6,52,0.9378973465802042
2023-12-26,22,86,0.6652691279020961
2023-11-16,23,171,0.8884537099030498
2023-05-14,16,54,0.2728882909643301
2023-06-25,10,58,0.760954383011284
2023-02-03,16,188,0.8961503410543707
2023-08-28,9,133,0.69122368088836
2023-12-28,21,76,0.8867200668656753
2023-01-12,3,200,0.960425690516674
2023-05-20,6,157,0.6312038743999641
2023-05-12,22,122,0.047302437558141563
2023-09-04,18,16,0.012503673037564167
2023-10-04,17,94,0.9535211661796374
2023-04-15,7,22,0.526347697416289
2023-02-08,4,84,0.15803375184930224
2023-07-18,18,81,0.8336487605160479
2023-04-10,15,194,0.16185296051489984
2023-10-31,5,165,0.3728181184851196
2023-01-05,2,39,0.16003632425016756
2023-10-18,9,3,0.8222577856566406
2023-11-04,23,137,0.2720980389483959
2023-09-18,9,72,0.7610898137896691
2023-06-27,8,41,0.039160909197904825
2023-02-28,5,51,0.5804495399479932
2023-12-13,24,92,0.21651319056569596
2023-02-07,6,161,0.633480564381687
2023-01-12,12,61,0.08338843539189422
2023-07-04,9,20,0.2619177391311651
2023-11-06,24,54,0.4265854063496075
2023-04-04,17,122,0.304861947973306
2023-04-18,10,194,0.8157454806263391
2023-06-15,25,34,0.3755006803649593
2023-04-28,10,134,0.16691671208845738
2023-04-29,6,184,0.7273286228274917
2023-12-12,18,55,0.5435728006443987
2023-11-03,14,76,0.2458132733505003
2023-09-29,22,155,0.4882511572902567
2023-05-19,3,103,0.035774123595124774
2023-02-07,17,129,0.06344750511895314
2023-05-30,12,2,0.07613582668922547
2023-01-11,21,58,0.27777659139224864
2023-12-21,16,50,0.671474150983491
2023-10-15,5,23,0.7816008830804275
2023-02-24,17,37,0.35055621498757383
2023-06-23,8,193,0.5632407311352481
2023-09-18,5,24,0.3499301115261041
2023-05-06,12,192,0.7878080705395067
2023-03-10,25,133,0.5390362725381204
2023-03-10,18,111,0.5292365758236547
2023-12-14,16,141,0.38938424954946715
2023-07-23,8,29,0.9943263277606136
2023-11-05,9,60,0.9281942539360654
2023-08-29,12,148,0.09617274857871827
2023-06-04,1,55,0.1841795102307081
2023-04-28,16,143,0.058021240810712804
2023-07-05,20,106,0.023119819970809363
2023-12-02,19,55,0.6044425977048101
2023-02-22,3,34,0.2635008214516251
2023-04-27,11,182,0.03548633636676579
2023-11-13,17,151,0.5959409150421588
2023-07-25,3,141,0.8543202972530584
2023-06-19,14,86,0.2156423584365006
2023-05-08,5,96,0.1262141368179478
2023-05-05,15,44,0.19269557814366234
2023-02-08,8,162,0.2673228463347108
2023-03-26,6,19,0.6873265982708386
2023-08-08,20,192,0.49551002346866735
2023-02-28,20,96,0.0963212926324355
2023-01-01,11,109,0.16848880720638226
2023-06-29,20,69,0.14919325419067886
2023-05-17,2,24,0.539020304911017
2023-08-08,4,103,0.1514043051564281
2023-09-24,12,5,0.37565813162934625
2023-12-21,20,52,0.6692335804987655
2023-06-24,13,185,0.9295660654979423
2023-04-23,18,189,0.9642436352719905
2023-11-30,9,168,0.4103491353724269
2023-12-25,18,103,0.6201263571338621
2023-09-03,12,186,0.7735692541074582
2023-10-28,13,159,0.8417321643547917
2023-01-03,25,81,0.5658636359998162
2023-12-18,23,184,0.5352906755667661
2023-07-27,12,132,0.782719512613735
2023-09-13,5,118,0.49510083190427
2023-03-17,23,9,0.6401466894491266
2023-07-07,16,110,0.3442148450120178
2023-11-17,14,31,0.9224368200332635
2023-03-27,6,138,0.5741201321284765
2023-11-24,12,45,0.5648291906442527
2023-05-23,3,144,0.25369968484557814
2023-09-03,7,66,0.22891076331102644
2023-12-09,10,131,0.21883344520131076
2023-07-16,11,124,0.948187507317007
2023-06-16,24,61,0.9855357152309828
2023-12-17,20,97,0.45722104761844196
2023-01-08,8,2,0.2067470830574799
2023-12-23,9,161,0.9694234860446462
2023-02-11,20,177,0.14930517574601287
2023-06-23,18,17,0.1312244694350596
2023-06-14,24,79,0.4444753858111897
2023-04-10,1,99,0.7542044987726394
2023-10-17,19,188,0.42694898463322317
2023-08-07,24,113,0.8904187335992059
2023-12-30,5,184,0.39854778432725
2023-03-07,20,68,0.9040160375776254
2023-12-20,14,58,0.16467431839810553
2023-06-07,4,79,0.5919255675381263
2023-03-10,6,135,0.6273906621543245
2023-05-17,8,47,0.5065786369766234
2023-02-10,1,168,0.4169540216068569
2023-12-05,20,171,0.570336917181786
2023-02-20,7,178,0.4314893940101332
2023-12-25,10,161,0.6323460258298715
2023-04-21,20,126,0.7159475605512149
2023-02-14,20,58,0.37601900853320014
2023-06-21,7,33,0.637784188620052
2023-05-15,21,95,0.10740274484582979
2023-03-09,10,120,0.18442311735162642
2023-10-02,23,118,0.6235870614621136
2023-03-15,11,172,0.06671315255761023
2023-08-15,1,65,0.8544957218134325
2023-02-10,5,186,0.009631683436621907
2023-10-11,15,23,0.8709566961104674
2023-08-07,18,15,0.3724632115335126
2023-01-12,15,69,0.3129952031643374
2023-09-24,9,171,0.1565619595940726
2023-04-23,24,101,0.9880596606460686
2023-12-22,20,117,0.6300732615636868
2023-01-12,5,169,0.4596208583624285
2023-01-30,16,185,0.5185017321413576
2023-02-12,16,50,0.09823282675280642
2023-02-12,11,28,0.7272683026063276
2023-01-28,13,51,0.821828114060801
2023-12-22,8,23,0.481119405138671
2023-03-17,15,88,0.0761692999660517
2023-12-08,23,148,0.6813012793148688
2023-02-10,17,51,0.7893847801601117
2023-12-06,20,110,0.08399418385785795
2023-04-12,17,178,0.9984379376054229
2023-10-30,5,93,0.6957696719029138
2023-11-13,22,168,0.032017567586077766
2023-10-17,7,9,0.1618769942152266
2023-06-10,11,186,0.18778682747839126
2023-07-27,25,24,0.2389775322980735
2023-01-20,20,5,0.9357042747702499
2023-03-23,6,95,0.7811954734625434
2023-03-16,19,135,0.39334837405592515
2023-07-24,14,134,0.007393184023282151
2023-03-19,6,170,0.07967573809464223
2023-09-19,12,76,0.8997503074751113
2023-09-01,19,83,0.8570351832133422
2023-11-21,11,57,0.33637818735187675
2023-07-28,17,175,0.6223126470807473
2023-07-16,12,34,0.03195044020514959
2023-06-22,4,144,0.2707122061120779
2023-08-05,21,44,0.01715151730658937
2023-06-13,3,35,0.9948316815926392
2023-08-17,7,163,0.8746871307755092
2023-04-13,2,46,0.9811255500291765
2023-01-21,12,122,0.3102787756287163
2023-02-14,22,116,0.6262809422667764
2023-05-13,18,188,0.51968499595336
2023-12-26,12,154,0.42323569967281305
2023-11-23,21,177,0.7009106538998005
2023-05-13,7,98,0.7068458270920175
2023-05-29,8,21,0.21580372894665123
2023-04-20,9,73,0.8572110303906404
2023-08-21,20,197,0.03496625186661195
2023-12-20,14,80,0.5436411591363915
2023-10-01,20,143,0.33438205037320357
2023-10-27,17,125,0.7442902822847837
2023-11-12,1,62,0.7656353384090389
2023-05-20,10,6,0.8774326542185867
2023-05-30,21,78,0.021863312649601396
2023-09-28,9,45,0.3704985660611603
2023-06-12,3,133,0.33113187919270637
2023-04-08,11,186,0.4172808693598322
2023-09-27,8,57,0.35241659837526673
2023-06-30,17,41,0.08750319903261317
2023-09-25,9,144,0.6360298153253428
2023-09-25,22,93,0.32665496813605954
2023-11-17,6,27,0.36337899103531524
2023-02-08,1,36,0.2179293715136088
2023-08-20,25,179,0.1543387228574209
2023-04-28,5,26,0.6363391265981155
2023-05-09,20,14,0.5758538522379659
2023-09-11,16,177,0.5578801263816094
2023-08-12,18,99,0.69712855399912
2023-12-21,9,130,0.2487287370219694
2023-01-28,7,135,0.10226503985500945
2023-08-07,11,90,0.45205207150523596
2023-06-19,15,142,0.8122112243361114
2023-12-22,2,141,0.6705301885258707
2023-08-08,6,67,0.04232697926019546
2023-10-05,15,183,0.7198187431242657
2023-08-23,19,176,0.4382230455425239
2023-06-17,25,103,0.12894373180289398
2023-07-17,15,18,0.35428319906649364
2023-09-24,22,13,0.23542146037201306
2023-09-04,23,173,0.9629282438679505
2023-07-15,2,61,0.048171156414436034
2023-08-17,17,97,0.12711098056393133
2023-09-27,14,183,0.9060121907520561
2023-03-29,24,132,0.32589983309418846
2023-05-24,16,161,0.5978900613683088
2023-12-30,3,105,0.16050150369287752
2023-05-11,9,108,0.11514139681287883
2023-10-14,9,108,0.6767192661723593
2023-07-17,23,89,0.9913111355244382
2023-10-14,15,22,0.6515986292804915
2023-12-22,8,94,0.7091016149381199
2023-10-28,8,127,0.8892437619928694
2023-10-29,1,84,0.8242500450004588
2023-10-31,1,6,0.45113035121069045
2023-10-15,25,174,0.996610364818361
2023-02-27,25,132,0.3114601639774516
2023-03-23,5,173,0.4593644258922146
2023-09-18,5,153,0.8358919454899427
2023-02-28,9,46,0.16286979174295335
2023-07-27,8,95,0.8752093910125561
2023-11-06,12,45,0.39534811202599185
2023-07-24,25,99,0.1606256267202104
2023-10-29,11,62,0.7564905996875972
2023-02-13,20,150,0.8088642666458955
2023-12-17,21,174,0.19238646769931944
2023-12-17,5,154,0.39415871922881673
2023-10-20,20,137,0.26853290378957506
2023-03-04,5,145,0.6424246253146908
2023-08-05,14,187,0.4444619885665744
2023-02-22,1,22,4.6007587666485605e-05
2023-05-27,10,162,0.7272407972412395
2023-07-05,22,16,0.8135252594859151
2023-01-19,10,4,0.3914942223025213
2023-01-01,25,150,0.1538532106829461
2023-01-18,13,95,0.010771029372161345
2023-12-02,11,59,0.844484710593881
2023-09-13,16,176,0.7149550732288973
2023-01-06,4,59,0.042594615198231156
2023-10-20,15,140,0.34203187785630584
2023-07-23,11,86,0.09066521497052837
2023-12-19,9,178,0.038548656286990335
2023-11-28,23,8,0.7561687046338043
2023-09-25,12,188,0.4251037811701269
2023-02-23,20,2,0.39808547905292035
2023-02-23,17,149,0.7977252802183264
2023-11-05,9,21,0.7387711381115665
2023-11-23,19,74,0.35086844359421576
2023-12-26,18,68,0.9414112737282039
2023-05-12,18,115,0.6874894031028149
2023-09-21,10,85,0.38678811483493203
2023-05-30,22,88,0.29934399033227155
2023-04-25,23,77,0.5095328618119966
2023-03-24,19,143,0.6540622282133861
2023-10-27,12,127,0.9261337680837418
2023-04-21,17,1,0.3683343960571237
2023-07-11,8,83,0.7860195715597038
2023-10-06,7,125,0.1523623362365406
2023-05-20,25,147,0.6096458356679635
2023-01-11,12,118,0.35130527368310693
2023-10-30,14,141,0.6579795920623728
2023-03-08,24,198,0.7533260582181308
2023-10-04,6,113,0.9378352062428523
2023-05-31,22,54,0.6850180288649621
2023-10-16,1,45,0.08744714336445325
2023-05-22,22,62,0.959310827498853
2023-12-01,12,53,0.8631193875124595
2023-12-27,23,3,0.9952397916837052
2023-01-09,2,115,0.9240642795464782
2023-09-08,19,109,0.5851306221280779
2023-09-05,7,91,0.08260922939366266
2023-07-14,3,108,0.9775120774612059
2023-12-25,15,43,0.22775481494701455
2023-08-30,2,178,0.6891804172070818
2023-08-13,13,144,0.9262582978301875
2023-07-24,19,48,0.916222415933792
2023-06-12,5,169,0.18153611636248046
2023-06-10,10,173,0.4033963375011306
2023-10-25,14,28,0.09797106186072513
2023-12-24,11,78,0.5205609675333394
2023-09-15,16,45,0.6670065609599481
2023-10-22,17,31,0.6628649550464862
2023-08-26,7,67,0.9236210865215568
2023-06-22,19,151,0.09619928434262492
2023-11-21,14,17,0.38667560389689204
2023-10-30,11,160,0.9308642621325156
2023-10-18,20,144,0.244223857641379
2023-04-13,4,174,0.30702628339068017
2023-12-07,6,30,0.7865534278965729
2023-10-29,16,61,0.2031414443820153
2023-07-08,13,139,0.4314692407208671
2023-02-10,5,110,0.9870400081374034
2023-11-04,15,117,0.7055730219077987
2023-10-28,5,22,0.844815411383607
2023-03-19,25,183,0.6950119968009295
2023-05-07,12,143,0.24459308321178352
2023-02-22,10,160,0.5162281905566002
2023-08-22,6,87,0.5981007298985793
2023-04-01,8,88,0.07484944953505845
2023-01-06,5,91,0.8248395959987597
2023-12-31,15,133,0.5224797578129032
2023-11-30,2,59,0.14750669716655396
2023-09-11,5,42,0.5827176825773698
2023-01-20,12,83,0.11500988661343958
2023-01-10,22,23,0.6170777191318573
2023-09-15,3,86,0.057232042918160086
2023-03-03,11,170,0.06731657550439218
2023-03-21,12,151,0.4634145872511829
2023-10-02,17,171,0.3834381957900036
2023-03-10,7,89,0.8748485872473268
2023-11-16,13,193,0.2964170316655008
2023-09-21,19,143,0.44283372279044286
2023-12-19,13,196,0.5717711355983545
2023-05-23,2,180,0.6570922837309365
2023-11-07,6,186,0.8406313344765145
2023-01-01,14,138,0.41863084377379023
2023-04-18,3,50,0.7035603238694289
2023-08-27,13,94,0.10728413926495539
2023-06-01,25,104,0.029313091088593257
2023-08-17,20,143,0.03902101376681122
2023-10-11,24,72,0.40826475175866284
2023-10-29,24,8,0.08032608732670632
2023-09-03,17,153,0.33913056940291986
2023-10-21,2,107,0.8006633983977398
2023-05-04,11,133,0.6164856752667649
2023-07-26,19,125,0.1681098934618741
2023-08-20,13,108,0.021828019781498953
2023-06-04,8,22,0.903679154822428
2023-02-07,16,133,0.9055352306057256
2023-04-07,18,170,0.6015339999419231
2023-09-13,16,114,0.47190170364178574
2023-06-07,6,173,0.11702858361949742
2023-09-09,25,143,0.45473486456566836
2023-10-26,7,141,0.7221319816374253
2023-11-16,10,128,0.295561568521871
2023-10-30,17,50,0.12358276580336247
2023-04-20,19,98,0.497667563935866
2023-03-31,7,87,0.6567084892985243
2023-11-03,9,19,0.718703004755008
2023-04-11,1,182,0.5101531420548286
2023-10-10,25,191,0.4273071354614164
2023-12-22,21,150,0.8999690844272908
2023-11-26,11,126,0.5428965068741582
2023-06-01,16,52,0.44746196915213055
2023-08-20,14,20,0.09301005341531166
2023-05-15,16,33,0.3898245540881685
2023-02-25,1,67,0.08909649227029537
2023-07-19,8,59,0.03116076865268158
2023-06-22,17,188,0.21349638007803873
2023-05-16,14,6,0.23234243920592457
2023-06-15,9,128,0.9787962664647295
2023-07-19,2,69,0.2827533271413196
2023-02-07,21,77,0.6460838999559524
2023-07-19,9,23,0.6835053606467986
2023-03-15,15,145,0.760225190659272
2023-04-18,9,36,0.8202486637629899
2023-11-11,20,155,0.647091673634614
2023-06-24,2,53,0.6089141767552917
2023-12-07,24,183,0.6431412233229722
2023-10-11,5,125,0.22344086885179226
2023-08-12,19,23,0.8336574121650547
2023-01-08,13,110,0.22976431161059196
2023-09-20,3,197,0.6483956879815653
2023-08-24,15,47,0.6921044500219931
2023-03-06,15,110,0.57526790501894
2023-03-07,1,104,0.816226084943464
2023-12-23,17,6,0.037136783628400116
2023-02-22,23,181,0.904776008091074
2023-10-26,1,114,0.4851296405763288
2023-03-27,14,123,0.3793467857415179
2023-04-05,6,187,0.3700768266792882
2023-10-11,15,35,0.344608444276452
2023-02-18,14,136,0.23963633995715872
2023-12-23,2,55,0.05831843488840882
2023-10-11,20,31,0.4301083387975527
2023-03-26,24,171,0.6990808660043192
2023-04-05,24,197,0.6608553525707312
2023-04-08,25,9,0.5080087728121068
2023-10-18,11,83,0.44074162317008836
2023-04-28,10,15,0.9788643759387141
2023-08-26,3,185,0.5189609496413168
2023-08-19,24,116,0.41684157111096887
2023-07-08,12,195,0.05462056809330329
2023-01-25,22,178,0.21618177984229603
2023-12-11,5,6,0.01735945188078669
2023-08-31,14,33,0.654106928209735
2023-07-14,1,66,0.4209515386361984
2023-02-02,22,14,0.6767795290372531
2023-10-19,19,23,0.4036245260064013
2023-12-14,3,6,0.9564625896012194
2023-09-09,3,98,0.21931503540761366
2023-11-10,2,121,0.8607514124282645
2023-01-13,8,9,0.3134202474371224
2023-06-14,18,157,0.5105504044448536
2023-03-22,20,124,0.7464565295191967
2023-07-07,1,67,0.19773536132105463
2023-05-15,24,200,0.8327459928798961
2023-05-17,24,17,0.02206223680093733
2023-02-09,21,72,0.15493706323801204
2023-05-23,2,45,0.3395029114095762
2023-02-04,6,52,0.7163443514286515
2023-01-03,8,24,0.0783455452816858
2023-02-16,18,178,0.014141876011363297
2023-05-20,19,62,0.022607779627056068
2023-11-18,1,42,0.9115373274437095
2023-01-05,7,131,0.4027475153896749
2023-11-06,11,177,0.8792694445013803
2023-06-13,5,117,0.8617345036262226
2023-05-19,12,159,0.9377912180955156
2023-10-04,12,197,0.09893757163476413
2023-01-17,11,154,0.5002677892231657
2023-07-26,16,95,0.9168762448576312
2023-07-03,9,24,0.18260177825755575
2023-11-04,21,162,0.3998016256603696
2023-05-25,11,54,0.7210225417465687
2023-09-18,22,86,0.37513003753043084
2023-12-16,24,93,0.8829670009022026
2023-04-07,15,66,0.25125579315309066
2023-04-06,12,44,0.25101141297011476
2023-12-11,10,167,0.05102693594312824
2023-08-20,9,159,0.3059320664673735
2023-01-09,19,50,0.6600113236833136
2023-08-01,19,17,0.5681245028245782
2023-09-06,14,118,0.9552485236227538
2023-12-04,1,129,0.6716067814777819
2023-04-16,19,24,0.7954698714941101
2023-07-15,23,90,0.6658876808784842
2023-03-12,21,168,0.12391811026635058
2023-10-28,14,114,0.8110227247994558
2023-12-22,23,76,0.36164462567771927
2023-12-24,14,9,0.1859995934856703
2023-01-06,17,197,0.4726872527736755
2023-03-04,4,164,0.6393575747196216
2023-01-07,17,73,0.27563804772197575
2023-11-24,19,187,0.44670996629412285
2023-05-19,13,60,0.7430675245445564
2023-07-22,2,96,0.33770378847717386
2023-02-01,24,199,0.17732563742031027
2023-10-08,8,81,0.22963365537645397
2023-03-14,8,170,0.6653208022895352
2023-03-30,23,144,0.8696415333688273
2023-06-22,8,192,0.9820402189378064
2023-10-30,16,72,0.7602443202125201
2023-04-26,12,105,0.7562375347462204
2023-05-08,18,100,0.34108538499364527
2023-06-23,16,154,0.8803359687499174
2023-08-14,23,177,0.9991889444002591
2023-11-30,13,8,0.9498842138392215
2023-02-10,12,147,0.5125331710062936
2023-10-28,25,45,0.1465559136902369
2023-09-23,17,44,0.6296625924126547
2023-01-31,18,46,0.24564944260634958
2023-03-01,14,1,0.12346852856434132
2023-08-29,18,24,0.5103669993963248
2023-06-20,1,37,0.7054868626613376
2023-01-15,3,120,0.5357150790062783
2023-09-20,13,68,0.8872735758709045
2023-08-15,2,9,0.6696824922269589
2023-11-09,4,95,0.43446890073832767
2023-01-20,14,81,0.8763197244920929
2023-03-05,15,80,0.7191686475555478
2023-10-31,7,102,0.22380495240059062
2023-04-06,16,47,0.5931046891205048
2023-01-02,12,155,0.44433669336783477
2023-06-02,6,3,0.3787864275418047
2023-07-27,5,163,0.16608545869673352
2023-09-27,10,138,0.26236139382244694
2023-03-14,12,152,0.6552970230196358
2023-07-31,7,98,0.8364367575885477
2023-04-17,24,10,0.33202499830806953
2023-11-06,18,67,0.8630929616292792
2023-11-06,10,83,0.8613392781381453
2023-08-24,8,120,0.4642683173229518
2023-12-02,13,75,0.7986781141349294
2023-03-30,24,185,0.17617750415397848
2023-08-14,3,25,0.9991193026309549
2023-03-07,9,31,0.673727909866994
2023-07-26,4,142,0.01119263416744054
2023-02-14,12,138,0.5932166471695602
2023-10-27,24,7,0.2392618594636713
2023-09-03,2,189,0.37639858889951483
2023-04-25,19,168,0.7627803905853117
2023-09-29,9,6,0.11871092417689888
2023-10-20,10,19,0.33294738246356703
2023-08-26,19,96,0.6468988105742255
2023-04-08,20,106,0.5684037640756332
2023-08-23,23,160,0.9637455561120434
2023-02-04,16,138,0.3575679366835013
2023-02-08,11,126,0.16549386491135842
2023-09-09,17,61,0.5946785350751841
2023-01-07,15,134,0.05462788105000993
2023-05-24,20,67,0.5065972390829718
2023-04-04,2,174,0.3578015093044953
2023-07-01,5,6,0.7043831452294426
2023-03-21,7,74,0.13376391630090634
2023-08-27,7,67,0.8297187513374767
2023-04-19,25,21,0.00600107735865385
2023-07-09,9,121,0.019560415717252755
2023-03-06,25,186,0.3141530895432
2023-12-09,1,151,0.46098541628758893
2023-05-06,3,110,0.6605082691156712
2023-06-26,18,98,0.7093400558682068
2023-05-30,13,35,0.4231473447296147
2023-06-26,6,16,0.045420064442578956
2023-02-21,17,180,0.08569945051412864
2023-03-10,17,100,0.07543724541668206
2023-10-22,16,62,0.8059460254057275
2023-05-25,6,123,0.7719875391028775
2023-06-18,20,97,0.4930093803760538
2023-01-12,19,58,0.528652673753359
2023-02-12,17,36,0.09690685196321425
2023-06-04,2,61,0.43286012383884287
2023-09-23,7,145,0.6608255020183914
2023-02-10,12,80,0.47496591140049904
2023-09-11,11,126,0.27865848428620665
2023-01-23,14,36,0.23027244089913323
2023-09-02,9,30,0.17958212317797884
2023-07-18,20,199,0.583543440039979
2023-05-11,2,199,0.272909642811463
2023-09-23,23,3,0.5954861372188418
2023-08-29,12,55,0.015302855939473337
2023-09-15,11,23,0.3005523804570227
2023-12-02,24,94,0.01695628687862094
2023-05-09,15,180,0.7495496695508106
2023-12-09,1,174,0.38441985507982834
2023-01-29,25,91,0.0033846786893877434
2023-07-05,22,179,0.20763238398976003
2023-08-16,7,133,0.6731333099975887
2023-10-21,9,65,0.2703490932603101
2023-02-07,16,29,0.8914792596708044
2023-08-12,25,155,0.23346725651946687
2023-10-24,7,121,0.9291550448327187
2023-12-14,11,132,0.9731881300701062
2023-01-02,1,193,0.720544926025247
2023-10-13,14,199,0.34993950359468984
2023-05-14,20,105,0.3975110435797031
2023-05-20,12,58,0.01467575925908382
2023-06-04,24,35,0.8772956742569059
2023-07-12,16,46,0.160811279979846
2023-10-29,6,95,0.7111450139598294
2023-01-06,1,79,0.5564023985900797
2023-09-12,22,168,0.7816781534917284
2023-05-22,16,148,0.8803160618998879
2023-05-22,22,170,0.3169039380447014
2023-09-29,23,10,0.30455802821102507
