date,store_id,product_id,value
2023-04-02,23,44,0.4511796746891632
2023-02-08,8,190,0.9558209597490634
2023-10-13,3,122,0.34799832162266575
2023-07-31,10,102,0.2701132690652719
2023-05-16,20,114,0.628047755011052
2023-10-31,13,180,0.1070912410700966
2023-03-04,23,123,0.37573436716107667
2023-05-14,20,195,0.607322053804029
2023-07-13,6,163,0.9239363545672953
2023-01-24,12,64,0.9853784013525044
2023-06-25,4,31,0.4737622734210214
2023-04-04,24,24,0.03811565381426152
2023-09-28,9,186,0.24249152792318074
2023-12-18,3,151,0.9708507622879474
2023-07-25,17,49,0.4641200502400644
2023-05-15,15,60,0.5790678357923993
2023-05-26,6,42,0.15507754425835818
2023-08-04,8,141,0.8116167043136292
2023-12-20,1,20,0.959866116342733
2023-10-23,7,159,0.8971044729111112
2023-01-19,17,120,0.49162201804535055
2023-10-06,11,15,0.9175651088569248
2023-03-22,21,159,0.9883110456662232
2023-12-07,20,63,0.3518922543954409
2023-06-08,22,144,0.7754832440105014
2023-04-18,19,124,0.4846571437060736
2023-04-13,1,26,0.4910060133105161
2023-07-27,20,172,0.5192180339837128
2023-01-01,23,191,0.06729461076501453
2023-02-13,16,155,0.0500951537937564
2023-07-06,25,106,0.389554073830066
2023-12-04,4,198,0.3804151237484973
2023-08-21,1,165,0.9669205275374346
2023-01-09,13,107,0.15578806245426524
2023-01-20,2,55,0.8564594056725823
2023-02-15,8,73,0.9757762772414272
2023-05-05,23,23,0.22563268153344795
2023-01-27,21,161,0.7032563806219811
2023-01-23,15,53,0.4995422352404064
2023-01-24,3,85,0.9271058437826107
2023-10-11,8,131,0.06040184769545409
2023-02-10,15,166,0.1408466054426133
2023-10-25,18,138,0.34566419621555644
2023-12-18,10,12,0.1979599649807401
2023-04-13,15,121,0.08076032616834228
2023-11-28,14,181,0.9541764342164996
2023-06-18,1,109,0.2865505551170193
2023-10-07,18,60,0.8437659830380372
2023-09-28,12,119,0.06883201974989095
2023-02-16,25,48,0.013687230109981852
2023-07-15,23,4,0.3343290079525003
2023-10-25,24,196,0.8210672866821401
2023-10-19,2,106,0.8908429162277056
2023-07-10,3,76,0.518649689588934
2023-05-07,25,8,0.17636816101036734
2023-10-02,19,198,0.9573811005048414
2023-01-25,18,162,0.12820444642051287
2023-09-29,10,114,0.5485030249500368
2023-04-13,11,46,0.47940667023880346
2023-09-19,25,78,0.998999709635583
2023-04-21,24,114,0.05261526686729057
2023-10-26,19,194,0.9125741040201988
2023-07-29,14,197,0.041294725215415884
2023-02-28,7,108,0.5194093815815582
2023-07-11,17,92,0.9703191497328439
2023-10-03,19,148,0.39112807913886605
2023-10-27,23,148,0.9918053161335657
2023-07-29,12,149,0.7148766498314636
2023-03-31,24,11,0.019925505076721195
2023-03-15,1,137,0.8139319031787743
2023-06-12,15,128,0.2775900835730558
2023-02-01,25,106,0.1794604301334195
2023-02-12,17,115,0.9276649836501581
2023-08-02,13,144,0.172044120076149
2023-02-06,20,28,0.9563027045569701
2023-06-29,16,95,0.5969785596789181
2023-07-02,16,129,0.913607506413171
2023-11-10,1,157,0.056433330168148776
2023-09-03,3,23,0.8037542336612717
2023-01-20,15,154,0.7030150791434393
2023-05-19,9,89,0.9808040183193625
2023-01-21,21,77,0.10281368700604365
2023-08-01,14,58,0.4107196985478262
2023-05-09,16,168,0.7634950195714767
2023-08-02,1,8,0.7975381229970578
2023-04-20,1,66,0.6181348871558223
2023-01-26,14,8,0.9204598977318103
2023-12-04,11,36,0.32567371482226903
2023-11-27,25,100,0.6650878936775794
2023-01-26,7,156,0.5663910167539895
2023-06-04,19,80,0.22219034200949228
2023-02-23,25,154,0.6381772618811713
2023-10-16,17,101,0.3050987314295682
2023-09-12,1,20,0.1392250770207244
2023-09-10,19,127,0.26793842374437504
2023-04-09,6,187,0.5945662676118323
2023-01-03,13,143,0.5501439436304858
2023-06-21,5,142,0.8645109073424645
2023-11-25,17,127,0.3410471917771367
2023-04-22,9,189,0.6719742350835417
2023-08-20,5,135,0.30804026501339776
2023-04-17,5,7,0.3469396719303559
2023-08-22,16,20,0.3866435799312571
2023-09-30,15,77,0.8972742960663194
2023-01-07,25,5,0.47482878102363035
2023-05-23,8,183,0.6369639164254792
2023-08-23,21,73,0.027591944831610538
2023-10-23,23,115,0.8529192795703092
2023-08-08,13,142,0.23820209023216077
2023-06-11,17,103,0.48292064768401954
2023-02-15,16,109,0.057048177116192145
2023-10-18,1,3,0.5125772414727866
2023-09-12,3,141,0.6368042220172803
2023-02-20,14,117,0.9328707178837846
2023-04-12,22,115,0.822405915292583
2023-07-27,6,76,0.9233558111898497
2023-06-25,12,71,0.6063430337378971
2023-03-22,4,133,0.4318932435973949
2023-02-17,9,178,0.9626257586859828
2023-11-26,21,53,0.850605985926959
2023-02-28,21,53,0.746625212454777
2023-05-09,14,70,0.9770047436908358
2023-11-08,2,51,0.29910647438309834
2023-08-20,3,49,0.7051314377857685
2023-07-03,23,93,0.5446098123222012
2023-11-06,17,139,0.2693854466343305
2023-05-24,25,10,0.6295616726778863
2023-09-06,4,154,0.6267216758348727
2023-02-10,16,92,0.4411862954950406
2023-12-10,15,69,0.34190993990877805
2023-03-11,19,2,0.9400385843481451
2023-08-18,3,52,0.5320526844875882
2023-02-07,3,189,0.615082409431539
2023-12-05,10,184,0.6097563362401635
2023-12-01,8,42,0.660129146048748
2023-12-27,17,13,0.18832979010517348
2023-03-03,12,26,0.7675185342588501
2023-02-20,16,116,0.4812739829878073
2023-02-24,14,186,0.2849561014191222
2023-08-08,23,195,0.05624695721820938
2023-09-17,19,175,0.4087924707793469
2023-07-09,10,62,0.5721709166111071
2023-06-16,2,7,0.717824571578625
2023-12-29,8,157,0.8142209762973842
2023-12-24,19,152,0.6272118927414142
2023-11-17,10,22,0.24131146091497302
2023-10-26,3,194,0.9389180383630432
2023-07-19,12,84,0.4688803927369344
2023-10-26,8,161,0.07337653331221172
2023-11-09,21,152,0.3875211788580858
2023-04-01,1,72,0.41694776688741475
2023-05-10,7,61,0.0022741814355043966
2023-07-05,23,143,0.9435758999141867
2023-06-10,6,185,0.9887533225260908
2023-05-24,7,169,0.021210020501801208
2023-05-27,21,8,0.6911359660927181
2023-03-06,25,175,0.4378515583985304
2023-07-15,20,71,0.24674879843666953
2023-09-19,11,78,0.7799072010796192
2023-12-30,17,53,0.448647696085963
2023-03-24,3,73,0.2895809726851931
2023-09-06,11,42,0.720135997091335
2023-09-18,24,163,0.8040534000023243
2023-02-26,24,163,0.7080064456072255
2023-11-03,12,129,0.012213925894898225
2023-02-16,9,129,0.3084205401922532
2023-02-09,24,30,0.13533138831649194
2023-01-13,17,141,0.8118068422871447
2023-07-07,3,70,0.3780889072802259
2023-05-11,18,166,0.700979524139095
2023-10-29,13,3,0.7527232298867822
2023-01-04,18,138,0.9429855846106274
2023-01-25,12,127,0.860921419754358
2023-10-25,19,153,0.7458015145484579
2023-07-27,11,26,0.6922485149066512
2023-04-15,19,143,0.8941425855798978
2023-05-21,4,198,0.6986049526186386
2023-07-29,19,27,0.41589161896389537
2023-11-14,6,7,0.25214517377649337
2023-12-17,25,93,0.07112960674594304
2023-09-06,22,162,0.8843643739986251
2023-08-30,1,91,0.7920344131444329
2023-03-09,7,137,0.9224536790573991
2023-05-26,21,34,0.5595137603496739
2023-12-09,25,161,0.8911617628616594
2023-04-02,15,3,0.5122712351759914
2023-12-26,1,188,0.4341737957908184
2023-04-13,19,108,0.5105444254507188
2023-05-03,4,84,0.7297310060863593
2023-05-15,24,156,0.8459435259021437
2023-05-19,19,154,0.15061494354094196
2023-08-03,1,41,0.5359405448027598
2023-06-15,8,68,0.19931510352160786
2023-07-02,3,160,0.1767092902808557
2023-01-16,13,29,0.18117614250631153
2023-10-03,11,15,0.5984877401588757
2023-04-10,21,8,0.3150248763405047
2023-11-19,17,192,0.6634814989718146
2023-09-17,13,172,0.9567481328058614
2023-08-16,7,109,0.966666567500597
2023-07-23,12,69,0.5024226852681991
2023-02-27,20,160,0.23794840044040222
2023-07-29,10,56,0.34385177388209254
2023-07-10,12,72,0.03834661898193359
2023-12-24,18,139,0.1531673468781818
2023-05-08,2,188,0.5343669397614834
2023-11-21,18,49,0.0013316952897727274
2023-11-13,18,43,0.624429974401644
2023-06-14,24,136,0.7421152945523428
2023-05-14,4,76,0.01296225968079856
2023-02-25,19,198,0.3737803180599014
2023-07-14,1,67,0.8244108901064189
2023-10-28,10,101,0.21574386381549515
2023-12-03,3,6,0.08854591675076384
2023-07-20,23,43,0.1552769555862069
2023-07-07,4,100,0.7707391199161253
2023-08-19,15,68,0.18107863417219927
2023-07-16,23,130,0.5471314778643348
2023-09-12,17,57,0.9416523855560252
2023-08-31,16,80,0.4613390444274752
2023-03-03,14,153,0.14465203995691023
2023-07-03,21,194,0.9537952226736425
2023-12-26,16,47,0.35256659013014346
2023-08-20,1,104,0.7078042172682644
2023-01-11,7,181,0.44656947405800085
2023-06-21,10,51,0.6138887201884082
2023-07-21,20,186,0.24989069492198968
2023-03-03,20,5,0.092661007170184
2023-09-01,4,18,0.930411296734515
2023-04-20,1,168,0.9986792715686337
2023-08-24,1,8,0.17830496307922938
2023-10-12,17,152,0.46099014010098915
2023-07-07,7,196,0.5815186857791672
2023-10-20,3,37,0.4872710236730935
2023-12-23,21,60,0.008041898864489916
2023-05-09,25,11,0.7682099074878712
2023-01-24,1,82,0.3690427662386566
2023-10-02,23,143,0.23942135034730672
2023-10-14,6,19,0.7887795863981784
2023-02-03,17,168,0.24309215759736047
2023-02-18,22,47,0.08334867068665175
2023-01-04,1,100,0.8988880687768595
2023-03-15,13,150,0.5175977472336962
2023-09-18,14,86,0.74495197252261
2023-03-27,7,177,0.6092611121503949
2023-11-02,10,160,0.6818890209208582
2023-10-12,24,25,0.14722952737549988
2023-06-21,23,173,0.017996412563205832
2023-05-29,21,39,0.0002710122043720897
2023-02-10,9,89,0.6523520677206076
2023-11-01,24,132,0.5745651395928932
2023-10-03,12,149,0.9903636950913596
2023-03-05,7,159,0.10304423619109715
2023-10-19,13,31,0.8014712538738721
2023-08-14,19,176,0.029219041807876267
2023-04-05,20,136,0.8983181081924905
2023-01-03,14,57,0.4320387529515698
2023-09-08,18,81,0.7828086050415347
2023-09-20,14,116,0.9017453377297545
2023-12-16,23,158,0.26884904809660704
2023-10-07,20,184,0.4394542023894693
2023-11-10,1,100,0.04881071660563685
2023-09-24,12,148,0.07714647875337066
2023-01-19,20,3,0.21956081229075664
2023-07-12,24,127,0.4411900831330581
2023-02-08,14,162,0.36188768787628356
2023-01-11,25,16,0.7024865564675353
2023-02-02,13,132,0.3063742673311246
2023-07-24,7,158,0.9173845144728269
2023-07-26,10,149,0.14297497046390273
2023-07-31,1,67,0.1333947265257247
2023-10-26,3,61,0.7178453463776211
2023-01-25,3,27,0.897839381405523
2023-11-30,4,167,0.6843534743555277
2023-04-02,20,62,0.04776592555215797
2023-08-04,9,17,0.5236761476316032
2023-04-01,4,149,0.49625895626780325
2023-03-23,19,193,0.3361574179580107
2023-11-30,3,7,0.9211305070344522
2023-04-08,14,74,0.22440029570532027
2023-12-11,25,107,0.4181529161336718
2023-02-14,11,67,0.8223681245043566
2023-06-04,10,182,0.06077340908019946
2023-03-20,4,133,0.4528594854861505
2023-03-08,3,197,0.8055420566578514
2023-05-06,14,26,0.9333946410185119
2023-08-25,14,53,0.4677775713192772
2023-10-27,16,130,0.8818380556726193
2023-03-17,10,108,0.7551537719002327
2023-06-13,12,48,0.5203221732337545
2023-04-20,8,192,0.45031806145581843
2023-10-17,10,49,0.4839257449706539
2023-02-07,2,180,0.24033455114171742
2023-09-28,11,105,0.16770644853219996
2023-05-08,19,151,0.6827350238293903
2023-06-07,15,108,0.9794323780326685
2023-02-08,18,3,0.13450054012748391
2023-01-28,14,40,0.1017180639968801
2023-05-17,21,59,0.5222987890489169
2023-05-05,12,199,0.18616765402019297
2023-08-22,16,72,0.5609159584608584
2023-08-13,24,28,0.9743511644858732
2023-08-20,14,26,0.6762795073943902
2023-05-17,3,165,0.27816651182903296
2023-10-11,6,88,0.27132155741605857
2023-11-02,18,162,0.8877414704970752
2023-11-23,20,169,0.0424110620364655
2023-01-04,18,92,0.9155241760652945
2023-04-24,12,157,0.275749866111087
2023-02-16,15,88,0.5911070204880811
2023-05-10,17,140,0.03726009814314002
2023-03-16,12,47,0.0029578156852752002
2023-01-26,7,166,0.5008792856282775
2023-11-25,19,86,0.2847441779551294
2023-08-14,18,38,0.9971224921061425
2023-11-11,13,16,0.2947180569459884
2023-08-02,4,65,0.05603625074991481
2023-05-19,18,90,0.47629113906747145
2023-10-18,17,192,0.31222271878841534
2023-09-08,25,112,0.7308656787699667
2023-04-17,17,164,0.9766666777655967
2023-08-20,23,20,0.582485118966569
2023-01-06,24,28,0.29525932248308606
2023-08-22,20,88,0.44287181818182164
2023-01-19,20,152,0.8465956278160249
2023-10-29,2,112,0.4394239439371821
2023-01-19,18,109,0.08292385658913437
2023-05-07,20,137,0.9529209925820451
2023-08-21,24,94,0.6274899049859259
2023-03-22,10,14,0.2166481127928983
2023-08-13,20,3,0.2369392375066547
2023-10-07,11,188,0.21016563807350486
2023-11-10,4,49,0.9332375399668149
2023-05-27,10,24,0.13838177279999764
2023-05-10,10,76,0.7156505230143303
2023-05-08,23,6,0.4185030311346246
2023-11-23,18,80,0.4464111795982315
2023-07-01,13,55,0.09112764799239836
2023-09-21,16,27,0.27560748231920706
2023-10-19,1,198,0.3814630157486476
2023-11-09,23,175,0.013175368188731218
2023-04-02,16,89,0.9596144133130958
2023-11-01,1,120,0.9564475257001387
2023-01-11,17,18,0.3185270759401231
2023-10-18,18,70,0.7637251411516066
2023-06-12,20,117,0.8020213792309258
2023-09-28,20,160,0.03778139048819529
2023-06-12,20,100,0.5008404106884629
2023-09-22,17,99,0.5382479079492697
2023-07-05,2,5,0.0908097724648873
2023-12-21,8,118,0.9457813820608063
2023-11-13,22,142,0.8889083630493836
2023-11-07,11,78,0.03485273906450481
2023-02-07,11,44,0.22000435865787005
2023-12-13,11,21,0.5241251814109195
2023-10-11,9,196,0.808933585545891
2023-11-06,10,129,0.1597660415056853
2023-03-18,16,52,0.32565129785459423
2023-12-03,10,189,0.11607501323476221
2023-03-26,21,89,0.5402062812129361
2023-12-15,6,2,0.9224747591893352
2023-09-07,16,124,0.32066880735695347
2023-11-05,18,174,0.1325587623993506
2023-02-27,3,42,0.5393154535719147
2023-07-30,24,157,0.5498481241302704
2023-01-17,16,49,0.7079900322305024
2023-03-02,4,180,0.08131244237262913
2023-07-07,1,42,0.9469480109250341
2023-02-16,24,199,0.36630125421965254
2023-10-18,11,8,0.8727044366947206
2023-01-02,24,176,0.13178421855253097
2023-08-29,24,28,0.1919837228737309
2023-01-22,14,172,0.09590104568568492
2023-05-26,11,80,0.6140479361284598
2023-05-27,9,162,0.6907211829998018
2023-06-28,1,131,0.7385823475447276
2023-03-10,13,79,0.0384986994713713
2023-02-17,23,81,0.49941744551167655
2023-03-29,13,144,0.5457108823678305
2023-09-13,14,43,0.381808188664263
2023-11-03,17,130,0.799432489873533
2023-09-22,9,151,0.1759082646348159
2023-11-30,7,84,0.21692572332497306
2023-12-02,11,39,0.23799539342636433
2023-07-02,8,103,0.3627381145367916
2023-10-18,4,115,0.9354817723195493
2023-04-12,6,27,0.027536008511990673
2023-01-20,22,56,0.8915839245049005
2023-04-30,10,52,0.4979308322743988
2023-08-22,7,82,0.587365404135332
2023-06-01,14,87,0.5217202778754335
2023-04-29,15,144,0.7985679975014349
2023-04-20,2,31,0.5926607625235534
2023-06-12,1,56,0.7997671415771558
2023-05-11,20,187,0.6361498606679096
2023-10-22,21,145,0.27787700713915076
2023-05-04,1,109,0.11002538658012972
2023-12-15,6,113,0.6664054251641869
2023-06-18,2,18,0.9577442922792017
2023-02-25,18,167,0.3866247289261475
2023-04-29,18,53,0.3338816465657489
2023-08-23,14,20,0.5905631593839258
2023-07-30,23,143,0.01072176305652317
2023-04-01,10,17,0.30056816273585374
2023-10-19,22,11,0.31048468516016214
2023-10-25,22,147,0.047000418427981305
2023-03-22,8,19,0.5540111053662157
2023-01-25,1,77,0.04725560654498584
2023-07-28,20,11,0.21134401763797195
2023-11-13,3,15,0.7466487343879957
2023-10-31,1,71,0.23239826245320006
2023-01-31,12,197,0.7857866625448368
2023-10-07,21,72,0.3273303494830424
2023-09-14,13,137,0.7076477958515389
2023-05-25,23,98,0.22871138209885922
2023-07-11,9,147,0.08100025992997095
2023-02-15,3,37,0.5874620721239449
2023-01-25,10,95,0.20942592934502235
2023-11-21,13,131,0.005301132647617557
2023-03-16,10,199,0.9134533625225376
2023-06-12,7,184,0.7221178541107374
2023-04-17,4,167,0.683372987826146
2023-04-20,15,111,0.3707446619731086
2023-01-16,4,19,0.46538971960873077
2023-05-03,6,179,0.4804263659783923
2023-11-17,20,154,0.9614238815911994
2023-04-10,13,183,0.04419871053410318
2023-09-19,4,167,0.3863959277948663
2023-03-05,18,14,0.7402440137736217
2023-10-24,14,171,0.5517037202639928
2023-07-11,15,192,0.8993070095387526
2023-01-01,15,177,0.9751628079449122
2023-10-27,21,96,0.9753037693999417
2023-11-05,24,51,0.4320230796640998
2023-08-22,21,200,0.8206625620750505
2023-03-06,18,187,0.5198525803987382
2023-01-02,10,170,0.5453797376164914
2023-12-07,4,190,0.8083663309453245
2023-01-01,16,138,0.1674876936986347
2023-01-15,24,166,0.8659688084670932
2023-06-10,16,21,0.3292298902288755
2023-08-20,17,22,0.6635718305163649
2023-07-14,20,2,0.6540240190369218
2023-12-20,11,105,0.7853863439625574
2023-03-22,14,112,0.8550528266293975
2023-06-12,4,153,0.49857483791858515
2023-07-08,9,118,0.24494332504724858
2023-04-15,10,141,0.8882509234397771
2023-10-30,6,77,0.14373684813086118
2023-03-20,20,97,0.36596960832279946
2023-11-26,19,115,0.7622474736880406
2023-04-03,21,98,0.7464348079262406
2023-01-22,24,183,0.9548972496274007
2023-04-19,24,115,0.31394678223919725
2023-06-08,22,103,0.9314725601550905
2023-01-22,8,74,0.5654968053415192
2023-07-06,16,43,0.5702803722719829
2023-10-23,3,168,0.6809627159786787
2023-09-03,3,170,0.9178298470247079
2023-10-13,20,16,0.10430557529592299
2023-11-25,4,73,0.1658668443656901
2023-02-24,11,150,0.6941066645086723
2023-06-01,6,108,0.03649939525851298
2023-07-30,3,45,0.009010057369818192
2023-08-03,5,28,0.9236388795218786
2023-06-23,4,19,0.1448793957464709
2023-03-31,19,50,0.36403574249214066
2023-09-25,9,138,0.10978196015291142
2023-11-24,16,3,0.3134353536722795
2023-03-20,21,105,0.4909767775920497
2023-04-04,5,132,0.8464502750051505
2023-08-27,15,23,0.950269664718786
2023-12-22,11,28,0.4550960922599886
2023-02-21,6,144,0.5823350543477829
2023-04-09,15,77,0.9695302402606936
2023-11-08,6,167,0.45506380187442497
2023-09-27,24,130,0.7274614386390839
2023-06-10,3,30,0.8722925405180885
2023-11-26,13,45,0.24550166067367252
2023-01-07,17,94,0.5778670704009643
2023-02-19,8,153,0.4054669482437062
2023-05-23,10,31,0.6655700753277769
2023-06-17,21,92,0.11292806775103181
2023-06-11,16,179,0.873086393235506
2023-03-15,2,15,0.10779571134749144
2023-11-09,12,23,0.7340139014745184
2023-12-02,11,60,0.23314671948666899
2023-09-25,2,2,0.5984730288155095
2023-11-23,10,123,0.5636997570337873
2023-08-03,19,192,0.03797618249444401
2023-11-12,23,103,0.49587340646996947
2023-10-25,21,106,0.8767520189872666
2023-10-30,16,71,0.08045170956275505
2023-07-27,14,192,0.9359130942226574
2023-10-28,22,147,0.14028782333303047
2023-10-01,24,53,0.6875515099401125
2023-11-02,23,150,0.6428694686276173
2023-08-21,10,77,0.12913522759692564
2023-11-05,24,134,0.007655563214469918
2023-10-30,15,122,0.31805444669039895
2023-07-18,13,131,0.7669261451089154
2023-07-10,7,123,0.6519342194265192
2023-02-21,23,176,0.21463982937210757
2023-03-21,4,49,0.7005684135305605
2023-03-29,17,129,0.502074629932794
2023-01-15,23,110,0.8302980889517696
2023-09-08,3,155,0.2690476300173841
2023-03-25,9,68,0.0967589961304891
2023-03-17,3,119,0.5536377033109807
2023-01-16,3,117,0.4231505038848734
2023-12-29,14,25,0.6368894720347734
2023-05-13,17,25,0.9259816227697123
2023-02-16,7,195,0.031057644350526714
2023-11-13,5,68,0.427626199045934
2023-05-24,5,148,0.1630448269993362
2023-11-14,19,92,0.07617920254684296
2023-09-18,18,110,0.33942858543589316
2023-05-20,23,54,0.36381767833819734
2023-08-22,12,152,0.1069458181259707
2023-02-02,23,167,0.4227405740485296
2023-03-28,1,13,0.07896342094791153
2023-03-30,25,107,0.0031339919276758277
2023-02-15,18,64,0.6256279830352497
2023-05-20,13,103,0.41954860037346864
2023-06-13,17,114,0.47705785236758325
2023-02-25,5,171,0.385265674474339
2023-06-02,18,85,0.3701319246361692
2023-07-31,10,102,0.28341931165318135
2023-11-26,20,20,0.19412120839714486
2023-07-27,22,127,0.6722391828362339
2023-01-21,25,64,0.904238031925006
2023-03-09,4,111,0.4033828139515716
2023-04-23,7,109,0.5107258283823601
2023-04-16,3,135,0.09491061055609407
2023-06-14,17,167,0.9089802045141986
2023-09-15,3,165,0.7617077486460374
2023-06-17,1,41,0.11477115559617046
2023-12-29,11,164,0.8061670541015891
2023-11-10,8,118,0.6127502100248899
2023-01-04,7,172,0.7755605450789463
2023-08-05,6,155,0.17275179760297865
2023-12-01,19,188,0.18711621494715402
2023-06-02,4,38,0.08114868389599805
2023-06-06,11,134,0.7655049945576969
2023-04-05,14,134,0.16865517894636417
2023-12-15,25,125,0.833986587624188
2023-01-22,20,63,0.24912942914618064
2023-10-23,19,97,0.6712991604134039
2023-10-16,1,40,0.2747443923936511
2023-05-16,17,43,0.3015604805893618
2023-10-04,13,122,0.7161129767695634
2023-10-30,10,117,0.12869353295207198
2023-02-27,19,18,0.1459345295116643
2023-04-05,20,106,0.422912098817384
2023-06-19,18,49,0.6661390306075845
2023-01-25,13,22,0.7021396570148738
2023-11-30,12,52,0.6787783492587879
2023-02-24,22,108,0.9441005977560227
2023-01-16,1,3,0.06766040404923312
2023-06-11,16,80,0.49298833842263834
2023-06-07,7,186,0.8980368279955225
2023-10-20,20,32,0.9083154692926723
2023-08-23,18,152,0.05713371238562037
2023-09-03,24,163,0.3740837916555587
2023-04-29,21,53,0.2463416772247482
2023-02-05,23,162,0.178920216916717
2023-06-19,14,69,0.05449018638542891
2023-04-03,19,128,0.19968613772700405
2023-03-08,3,115,0.6719173508141508
2023-08-11,19,168,0.2812495740241665
2023-11-09,23,37,0.36796189461895934
2023-10-02,13,79,0.7480774882317011
2023-04-26,4,104,0.0796897709692187
2023-02-19,10,81,0.9462818841687459
2023-09-12,20,72,0.9351928552778451
2023-03-22,23,16,0.5754855638539834
2023-06-19,24,38,0.08036017056346845
2023-11-10,10,12,0.7892262028634961
2023-10-20,17,177,0.4672071986824846
2023-07-31,4,89,0.01915330680882099
2023-05-22,10,65,0.42377477207999115
2023-07-21,5,179,0.4425718440989699
2023-12-29,10,164,0.9038230666283857
2023-07-12,20,167,0.23103871325207803
2023-11-21,9,85,0.8713502678450276
2023-07-17,3,151,0.09673183138514052
2023-02-11,12,45,0.7450206120470477
2023-01-16,19,129,0.3906193534452024
2023-08-17,9,114,0.439269183070885
2023-11-23,6,58,0.0818344639766061
2023-05-01,13,188,0.6894739703041675
2023-05-15,21,6,0.23325561780878568
2023-08-04,18,20,0.09245964060516354
2023-04-16,12,61,0.015445950227068517
2023-12-22,7,46,0.0674824357049374
2023-08-24,16,44,0.5725660986955715
2023-04-05,15,170,0.4080483509614071
2023-07-09,9,74,0.07002307244720718
2023-08-14,10,91,0.2139221849035957
2023-11-14,4,44,0.18370702006460116
2023-01-10,18,53,0.2642802857549724
2023-05-18,4,70,0.016535152117143403
2023-01-10,20,122,0.2717991441739396
2023-04-24,25,120,0.10593659701188896
2023-01-30,19,36,0.45216100888659283
2023-04-10,1,123,0.04396506754163332
2023-04-20,21,168,0.2594026241441961
2023-11-04,23,31,0.07232383690260447
2023-03-10,24,41,0.920750371058514
2023-06-10,23,4,0.8683727411889374
2023-03-16,15,138,0.17776875086499033
2023-02-09,10,20,0.6831378472155825
2023-04-01,13,194,0.9848610535252664
2023-02-20,17,90,0.08582839880418547
2023-10-10,21,193,0.18600593562789203
2023-04-01,14,186,0.014876927773622706
2023-09-20,23,135,0.923042911769829
2023-10-02,6,74,0.028056771221821042
2023-02-17,7,34,0.9203047051782114
2023-08-17,8,102,0.9301557239801366
2023-08-07,8,67,0.3769532933716623
2023-10-21,22,183,0.016645818597367135
2023-03-06,19,182,0.7507366998971664
2023-11-29,17,43,0.24459677253727752
2023-01-16,6,149,0.8226189209708838
2023-10-04,18,134,0.20579999933318205
2023-06-14,9,66,0.057712725289737254
2023-11-24,19,156,0.5279274813930219
2023-06-20,14,178,0.35036866125983457
2023-05-14,18,93,0.04668732964478184
2023-08-17,5,38,0.27902273649243725
2023-06-09,18,163,0.5483679354672557
2023-08-04,8,87,0.49361574015744236
2023-01-30,22,11,0.10959008329670883
2023-03-07,3,127,0.9333790456265187
2023-03-30,5,100,0.007061322614776322
2023-06-27,17,116,0.9266423586995566
2023-08-14,14,51,0.2926612025830011
2023-04-06,25,65,0.0808492469026113
2023-08-12,23,61,0.871754605438008
2023-08-12,9,193,0.9415161430162685
2023-01-12,25,28,0.6471571543677842
2023-06-09,6,70,0.730777191898736
2023-12-26,2,100,0.12168809803953129
2023-10-22,7,53,0.4550797192968511
2023-11-21,6,66,0.36069129712977177
2023-11-11,16,181,0.1068501327040261
2023-04-20,18,157,0.09991930098760016
2023-04-15,2,129,0.23311554769055243
2023-12-18,18,42,0.43765068096489745
2023-02-24,11,117,0.5816037907084862
2023-02-18,22,113,0.364713966460383
2023-08-23,13,171,0.1813363730766675
2023-11-23,6,48,0.16997081264153702
2023-04-18,9,54,0.3349487178386318
2023-12-13,7,9,0.858721176447592
2023-11-30,18,133,0.17205290873827328
2023-01-05,17,145,0.1221960562186537
2023-06-28,12,170,0.3189570129902727
2023-01-19,8,131,0.2917506286904382
2023-01-17,16,149,0.23741768800890128
2023-04-15,12,198,0.6256265305119248
2023-01-07,6,115,0.2406581938600959
2023-12-11,24,70,0.05268341559011536
2023-03-26,8,21,0.752707391700502
2023-01-16,20,53,0.6469281673680303
2023-07-23,16,44,0.9642543418438078
2023-03-15,19,183,0.8080585496779391
2023-03-09,1,45,0.9756572994543282
2023-02-10,23,104,0.44894297027938057
2023-11-08,14,189,0.2527456175622095
2023-04-15,6,53,0.12311532288345717
2023-07-17,15,162,0.977209288124488
2023-10-01,25,52,0.24883597081340558
2023-11-12,10,188,0.711478909132974
2023-02-03,6,9,0.4253652333680299
2023-12-12,9,146,0.5704278685682894
2023-07-14,17,178,0.5445921668538318
2023-03-18,5,103,0.7606581376902215
2023-06-01,23,136,0.7425220241611973
2023-09-29,8,160,0.7213974529385907
2023-01-11,24,18,0.603073045515155
2023-10-11,8,1,0.7221944757215877
2023-04-06,12,39,0.5460186795747449
2023-12-24,17,196,0.9609146473490524
2023-08-18,6,26,0.14213618713610476
2023-04-27,18,95,0.1088806106776481
2023-06-29,2,117,0.3133622693032623
2023-08-12,16,200,0.6614840077201818
2023-04-27,11,41,0.16771917133201686
2023-10-27,19,39,0.937874960243612
2023-05-25,24,137,0.1538600907391826
2023-06-14,10,130,0.11779385953712596
2023-11-06,21,188,0.7479265527646549
2023-11-23,6,153,0.14984797533289018
2023-01-03,21,27,0.16093213418721675
2023-09-15,6,48,0.1774403127760057
2023-10-27,21,118,0.24438211823682754
2023-06-27,23,115,0.3572159162038735
2023-08-11,10,166,0.6598746204462838
2023-09-04,24,72,0.1254543758564095
2023-10-25,3,135,0.324461473429386
2023-01-03,14,38,0.224913279766648
2023-01-24,10,74,0.5313836299661489
2023-03-07,9,127,0.25428562194679294
2023-08-16,14,114,0.10813240563978366
2023-10-29,14,7,0.9080783320778514
2023-11-12,21,4,0.9542161967841783
2023-03-12,15,172,0.9830787841488988
2023-09-05,2,34,0.6586058873700744
2023-07-19,10,186,0.7823273381703588
2023-03-17,24,90,0.7703108703815887
2023-03-24,13,40,0.10276758983182865
2023-11-10,9,160,0.11267217020028841
2023-10-08,11,32,0.02336665282677841
2023-07-14,14,112,0.02492448887847165
2023-10-29,9,105,0.7116835913991454
2023-07-18,1,149,0.9202516828196377
2023-04-04,14,26,0.8270839676146101
2023-12-03,13,140,0.5056434787905058
2023-05-01,10,77,0.03261739793754226
2023-11-13,10,44,0.7170250314321537
2023-02-07,21,36,0.8039260637724506
2023-05-04,21,128,0.6483762854656802
2023-02-26,2,24,0.9395356739658974
2023-01-09,1,109,0.3651460999424848
2023-07-19,19,108,0.8425331225672091
2023-03-10,7,99,0.1441678324403558
2023-10-22,20,141,0.9302173207653489
2023-07-25,6,72,0.5902757427168027
2023-08-16,23,18,0.7518743767075713
2023-01-31,5,80,0.9288485198667258
2023-08-29,22,54,0.4894659655755128
2023-04-12,20,13,0.6039316317216404
2023-04-25,20,71,0.6532177725443723
2023-08-30,18,79,0.8741726285326357
2023-06-05,20,95,0.7631584155115287
2023-05-14,11,32,0.16011463267126214
2023-10-06,9,97,0.6982557004499034
2023-08-30,22,52,0.8337711899171174
2023-07-24,16,30,0.41217557483151324
2023-02-05,14,118,0.9398822352769282
2023-11-20,1,57,0.9014668632644174
2023-12-26,17,2,0.8051966428032246
2023-02-05,15,189,0.3747918389916687
2023-07-21,17,78,0.28864076958521534
2023-12-19,1,145,0.6472706545051075
2023-02-19,19,118,0.5991547179346944
2023-03-16,20,174,0.38441659215370994
2023-09-19,2,51,0.13859024463832115
2023-12-03,23,3,0.06397501567200892
2023-08-26,14,9,0.708644684750743
2023-05-05,21,27,0.5914725471047697
2023-12-24,19,60,0.5880930700963858
2023-10-18,9,191,0.41708528949463863
2023-08-27,7,83,0.03294280421083895
2023-01-15,22,39,0.29044369538583126
2023-03-04,7,79,0.40143362239535174
2023-12-25,10,80,0.5681838075446242
2023-07-12,15,165,0.08690335863626242
2023-09-20,20,104,0.6305172670577788
2023-11-08,23,159,0.43388984412981046
2023-10-23,12,59,0.020339649562937212
2023-08-04,14,176,0.2312934841574994
2023-09-22,3,31,0.8416459628119323
2023-10-01,4,142,0.42887609352576617
2023-03-10,2,39,0.11501934495450217
2023-12-12,13,43,0.5469496756350996
2023-03-23,20,82,0.7909786312612018
2023-09-02,17,32,0.10893275026405236
2023-02-19,22,28,0.9414640884934498
2023-07-12,25,66,0.7998614557877465
2023-06-21,17,76,0.12171827353735143
2023-04-13,18,99,0.9487891522568027
2023-09-01,25,93,0.1549710757411209
2023-09-02,18,96,0.1486762104754481
2023-11-14,14,17,0.45551954413375506
2023-01-01,10,120,0.6045783323556108
2023-11-06,16,153,0.7545574441256239
2023-12-27,5,122,0.8684210525436551
2023-11-05,5,74,0.336132208117904
2023-02-22,23,168,0.1409044367077683
2023-10-20,24,48,0.6383113334904728
2023-10-13,10,178,0.81331026548131
2023-11-19,11,143,0.20577668620638556
2023-08-12,1,88,0.9297420900301369
2023-02-21,8,86,0.7698309493920102
2023-07-18,23,138,0.31855470406473585
2023-08-14,3,167,0.925940563366083
2023-01-13,6,73,0.09903371267243666
2023-10-05,6,59,0.9499804997567323
2023-05-18,17,136,0.3197200615078921
2023-08-08,24,141,0.9386423739278255
2023-03-24,2,125,0.5835862850808115
2023-06-16,8,13,0.1411837294620606
2023-08-10,25,76,0.6655315808784613
2023-12-30,17,131,0.8020423576059043
2023-08-26,14,11,0.4888623072069266
2023-12-05,1,106,0.8159810061149865
2023-01-10,10,138,0.12264966169996128
2023-05-03,21,178,0.26029365417116446
2023-04-04,5,164,0.4934012485449446
2023-06-23,19,144,0.7517767220020906
2023-07-20,1,107,0.7259469856503823
2023-01-21,3,70,0.6497163931440122
2023-06-04,8,151,0.12519486058593343
2023-10-16,14,186,0.659119191069789
2023-05-31,13,186,0.06978771575619258
2023-12-06,10,72,0.2815887128024558
2023-10-20,25,103,0.09968284064029598
2023-12-04,18,26,0.6231186666384689
2023-12-05,18,146,0.1347596932822387
2023-04-11,23,123,0.6453427802808581
2023-08-30,13,43,0.871179427552438
2023-06-05,21,7,0.5243046238826556
2023-10-16,15,195,0.7235502936755235
2023-11-21,25,128,0.874867101295353
2023-07-03,7,38,0.43922585077809495
2023-11-03,17,195,0.9822657678513439
2023-12-03,8,51,0.4663532576350091
2023-06-20,11,22,0.7794512201435648
2023-12-27,13,26,0.26608420511475084
2023-11-03,10,64,0.8947624677210636
2023-05-27,17,9,0.8229263861936378
2023-05-06,6,21,0.5639146066142227
2023-09-13,17,65,0.021011005193910415
2023-03-08,13,106,0.056234594103090174
2023-06-18,1,53,0.38368073261353086
2023-08-27,21,80,0.5121539947242837
2023-09-07,18,177,0.2960726692496356
2023-07-18,20,50,0.9721129774786836
2023-10-14,10,170,0.2320914896865548
2023-06-24,1,179,0.6303390675373033
2023-01-11,13,40,0.039480526924051906
2023-09-15,5,33,0.5113161493263446
2023-12-03,1,61,0.24174507281897617
2023-11-27,14,100,0.7427069546363609
2023-02-05,21,77,0.8064098784869722
2023-03-25,21,182,0.08494400370326338
2023-06-16,3,82,0.9563490937819202
2023-04-02,3,15,0.9003345106466287
2023-01-28,9,165,0.3579270790234178
2023-11-25,19,48,0.17742369602388364
2023-05-31,8,98,0.33954731714856723
2023-10-18,25,122,0.11828716425981278
2023-02-23,12,140,0.44291111661451765
2023-03-28,8,47,0.5008253841881851
2023-03-17,10,196,0.40839449012695994
2023-06-18,10,143,0.4998934113854344
2023-01-26,18,17,0.52344027218424
2023-05-09,11,136,0.9865784430206088
2023-04-02,17,79,0.25609292729031785
2023-02-17,21,197,0.9809979971033141
2023-07-30,12,134,0.07236967795418503
2023-01-28,22,106,0.28517139676748937
2023-02-19,14,53,0.8674455138329025
2023-10-03,6,159,0.19754517010383876
2023-12-16,5,55,0.7404804506735798
2023-01-08,21,163,0.12015396117135779
2023-07-22,7,104,0.9406287899190481
2023-05-02,7,77,0.2235595397500616
2023-10-03,21,164,0.5618735639070809
2023-10-06,23,96,0.5912207922402943
2023-05-01,8,139,0.1269892363196098
2023-03-13,7,44,0.4232480609743364
2023-08-27,9,101,0.604174055663146
2023-09-12,4,132,0.7489631423245289
2023-08-09,17,102,0.016683949399229903
2023-08-06,20,191,0.30492989726665376
2023-11-26,21,173,0.40371283181286965
2023-12-25,21,130,0.8826611642664831
2023-10-21,4,32,0.4179218795564723
2023-09-22,12,89,0.8939938198316232
2023-12-21,10,47,0.9606224105713465
2023-12-21,12,111,0.26800948094991706
2023-05-20,17,80,0.9475335172672009
2023-01-24,25,25,0.5356107300091432
2023-06-18,14,64,0.411406441431456
2023-06-05,10,184,0.26111075058192723
2023-06-29,24,179,0.9158348804848817
2023-12-17,13,103,0.6055841596185584
2023-12-10,9,88,0.8748616634104239
2023-07-02,9,55,0.7977555133252012
2023-07-13,1,198,0.3825566183427397
2023-05-13,25,95,0.18654278211418573
2023-01-15,24,60,0.046177612928768874
2023-10-27,8,36,0.04950940007597526
2023-04-30,11,155,0.48095123213738855
2023-08-30,13,21,0.23131366366103934
2023-10-11,3,49,0.5402365656009256
2023-06-30,11,104,0.31546532750340117
2023-04-30,10,43,0.10977766558411861
2023-05-20,21,197,0.826664456672736
2023-12-16,15,16,0.5360455011991574
2023-10-11,22,125,0.9121297913076138
2023-02-27,4,76,0.9577219513819415
2023-06-21,12,8,0.6563289354870258
2023-06-13,13,69,0.6187223897378626
2023-03-02,12,104,0.04270700322990728
2023-07-02,9,186,0.680027721856737
2023-01-24,6,100,0.5424554617480697
2023-10-29,12,149,0.28677926106257956
2023-03-20,9,41,0.6785372856454279
2023-12-16,8,46,0.611470645687013
2023-06-18,15,64,0.041046086933195225
2023-02-07,17,184,0.18839584255624942
2023-07-25,1,99,0.7871479180371658
2023-09-07,17,20,0.14141710470563806
2023-02-14,21,90,0.9169776046426055
2023-04-02,22,151,0.20703946502236847
2023-05-06,1,10,0.29716880237834553
2023-12-07,19,71,0.8625293497896436
2023-02-25,9,191,0.5522009465915824
2023-10-24,6,74,0.44804031670861455
2023-09-02,18,124,0.903863031238565
2023-04-23,15,150,0.37212922441924856
2023-08-25,21,160,0.5554338019154159
2023-04-23,17,24,0.13636782912210177
2023-05-14,22,32,0.8304328880531376
2023-04-23,5,103,0.29244017510784714
2023-03-23,3,91,0.054111255484666554
2023-07-12,24,103,0.9865001343552376
2023-05-23,3,30,0.2994230612101929
2023-06-29,5,5,0.6429522693250745
2023-01-09,10,187,0.9216824785277046
2023-09-27,13,83,0.9933743118636106
2023-10-03,11,116,0.43976336053985754
2023-05-12,10,114,0.9161286279677205
2023-03-16,4,153,0.9418604158079886
2023-11-15,4,26,0.5821154258781001
2023-11-10,4,113,0.07341902780846599
2023-06-02,3,28,0.12314890629205888
2023-04-29,14,51,0.23488207843549735
2023-10-23,17,157,0.9004622531255618
2023-06-14,6,80,0.0156413944059266
2023-03-25,3,62,0.6645794998955932
2023-12-18,6,145,0.005453291455777998
2023-08-07,3,136,0.34190283160434753
2023-09-24,22,28,0.3387609015643296
2023-01-31,12,160,0.9194583079495751
2023-09-19,13,138,0.6951329562022298
2023-11-16,24,36,0.9931724305977303
2023-09-25,5,132,0.8435759119918936
2023-11-14,2,43,0.09241066969268175
2023-12-26,15,145,0.8960706470954617
2023-08-25,8,165,0.19167617607413157
2023-09-24,22,184,0.4368693132802558
2023-11-15,25,26,0.18694027762505616
2023-01-31,4,157,0.0022715699309556747
2023-01-14,7,73,0.7921413349622903
2023-06-17,11,19,0.9345479668847428
2023-02-24,3,132,0.7054005558107775
2023-10-24,19,87,0.4042960337712532
2023-09-11,20,173,0.04233516400967963
2023-10-19,19,126,0.35760478477513225
2023-04-15,10,190,0.2629185851054564
2023-02-23,23,196,0.34415185929295766
2023-12-28,14,78,0.3243230796451878
2023-06-16,12,107,0.14942853027013003
2023-02-28,10,128,0.5481508029374749
2023-10-09,6,75,0.8395013413510891
2023-09-07,6,100,0.5027248759197929
2023-02-10,15,186,0.5724016646322904
2023-01-24,19,96,0.5996295425885168
2023-03-31,10,156,0.21093407747509707
2023-05-05,24,112,0.23931464243146106
2023-10-19,12,142,0.5291975692154485
2023-05-28,12,88,0.02916778127184161
2023-06-14,9,76,0.5199818184113166
2023-03-17,11,62,0.013828083412618986
2023-01-19,13,62,0.4438078408548589
2023-04-14,2,92,0.7468963315647114
2023-08-22,5,91,0.3488176056945187
2023-03-11,18,80,0.5830521394954417
2023-11-20,4,160,0.39671867633358826
2023-03-09,1,108,0.6064003998546632
2023-11-19,6,153,0.9168754566475021
2023-03-25,12,23,0.474405534655993
2023-07-31,23,89,0.4502238326379
2023-07-24,20,196,0.7911833899754538
2023-11-25,9,126,0.06893318895015388
2023-10-15,8,192,0.08926015568026646
2023-07-10,11,103,0.5695832578555556
2023-09-15,5,182,0.22998115380463435
2023-07-13,16,170,0.7435099825627706
2023-02-15,13,144,0.5545185771682752
2023-10-19,4,3,0.4116850722393437
2023-07-10,1,123,0.2889904854795319
2023-09-28,22,81,0.613523905144511
2023-01-01,25,157,0.2485932936477564
2023-11-20,4,178,0.5715632949158472
2023-09-19,15,21,0.6729567090693476
2023-11-22,15,14,0.8260655990660841
2023-02-05,24,103,0.5735653414355469
2023-03-12,16,128,0.9600041736874392
2023-03-21,17,128,0.5205991971246745
2023-01-04,12,20,0.7383688002269373
2023-07-01,10,119,0.2787691626078873
2023-01-13,20,31,0.3834897006206568
2023-07-22,4,124,0.929825415406297
2023-06-23,13,32,0.4922568146227678
2023-10-18,8,45,0.5192554401772719
2023-11-12,4,116,0.8371596921697786
2023-03-01,18,136,0.06777643060361205
2023-04-13,5,117,0.7997534688786889
2023-01-04,1,98,0.3618629408822801
2023-08-02,24,103,0.8638308988175265
2023-03-30,12,177,0.5540564654949763
2023-05-02,11,140,0.7549601568836697
2023-08-10,14,100,0.5502051907109974
2023-12-27,14,118,0.2084973736760738
2023-10-06,13,111,0.4118431837863803
2023-11-28,10,169,0.4466524085679905
2023-12-05,24,86,0.7223810373852443
2023-01-07,15,132,0.3204153056413509
2023-11-12,24,148,0.5547923393750002
2023-07-03,15,13,0.4765501459754773
2023-07-21,4,130,0.8685234822558869
2023-08-08,25,93,0.9967332867742662
2023-12-31,5,97,0.06134204953415445
2023-07-28,22,60,0.7876748812981786
2023-08-04,25,59,0.5445114616694
2023-11-27,9,19,0.6121478822300167
2023-10-27,22,106,0.04043581781093497
2023-07-18,3,19,0.3652629084008808
2023-02-15,3,200,0.4585068724688157
2023-10-09,1,95,0.29063250515270844
2023-01-13,1,165,0.6092044323447943
2023-12-08,25,35,0.6589233341365334
2023-04-04,4,159,0.47671433670577557
2023-09-24,22,142,0.49901842779974803
2023-01-24,9,6,0.9783245615431828
2023-08-22,22,53,0.027802582727405545
2023-02-05,12,181,0.48602644901109926
2023-05-06,10,134,0.5804928419738529
2023-02-20,8,156,0.5005301532974537
2023-12-20,7,51,0.73824993634092
2023-10-27,17,31,0.3474302356141771
2023-02-27,10,180,0.423489989466295
2023-05-26,19,178,0.8803686616500404
2023-03-22,1,115,0.2507188378586507
2023-06-07,16,191,0.44804339133790305
2023-06-21,8,48,0.38669422205210224
2023-03-29,1,191,0.942763040753448
2023-08-05,21,195,0.3243741706603799
2023-01-23,3,199,0.8440718016344869
2023-03-07,11,51,0.4956207487381882
2023-05-27,14,172,0.15220202506957836
2023-08-27,16,52,0.07540867465001866
2023-03-03,22,132,0.4959250567038783
2023-04-16,19,11,0.7029364846721242
2023-01-01,1,22,0.5924810408050694
2023-08-08,22,168,0.7072373625164609
2023-01-17,20,136,0.893309342494016
2023-03-30,12,84,0.9744050890323884
2023-03-07,10,66,0.40528901689929175
2023-08-19,24,103,0.05068477567478069
2023-02-10,21,1,0.2785549229996642
2023-07-02,9,108,0.14918282367405866
2023-12-21,23,185,0.730143013731298
2023-04-30,13,194,0.04969361389296678
2023-08-04,23,133,0.03178615704185728
2023-04-01,22,130,0.06214951565693505
2023-02-18,17,35,0.7422346036671974
2023-11-01,22,21,0.046970083593365075
2023-03-22,5,30,0.9237905560379757
2023-07-07,18,83,0.8662762095896119
2023-05-08,24,188,0.8256485177943823
2023-11-30,15,149,0.7500284021118631
2023-11-07,19,79,0.9104226032139262
2023-02-05,9,158,0.9675438556366667
2023-01-24,23,120,0.04239564820056452
2023-02-09,23,180,0.940138456655073
2023-07-15,9,34,0.2692872921747296
2023-09-16,6,113,0.9029827372039871
2023-11-06,11,165,0.7866541789209893
2023-05-20,17,118,0.1250223042370061
2023-03-30,24,3,0.5209590183568782
2023-08-19,21,70,0.7195303148214999
2023-09-26,23,20,0.8876922837477056
2023-07-23,1,31,0.9254235553810466
2023-01-18,19,132,0.28167405986138705
2023-01-31,23,105,0.14901203402490115
2023-06-19,24,29,0.029484453542954037
2023-01-23,16,154,0.3496127385628277
2023-07-13,20,122,0.3397046336968903
2023-06-30,21,138,0.28742445367099445
2023-02-25,7,64,0.6197914471871302
2023-06-02,9,171,0.050872692889861515
2023-08-20,23,98,0.7136721041561842
2023-03-22,2,41,0.1538159560219684
2023-05-03,14,163,0.9139764414062482
2023-10-22,19,88,0.15298075534628564
2023-11-22,2,153,0.35480682033030664
2023-01-22,13,153,0.5243822990734202
2023-03-13,18,155,0.8897135669768521
2023-09-21,3,150,0.5387141372292232
2023-11-05,23,159,0.7352695239095667
2023-03-19,10,137,0.7916230272266089
2023-02-25,4,172,0.9080346560238536
2023-11-04,25,175,0.8857682052541711
2023-12-14,19,101,0.1628428648416349
2023-11-13,22,30,0.9554837731097594
2023-11-19,9,166,0.037113617267344856
2023-01-28,9,94,0.6327119252601678
2023-02-24,9,37,0.04211166427974544
2023-03-17,17,182,0.4414582422273977
2023-01-09,2,192,0.4771297394754168
2023-11-05,18,86,0.5271711815185811
2023-04-23,20,89,0.5086062964619663
2023-09-23,3,143,0.26675039167543146
2023-09-26,15,182,0.26938920691635426
2023-12-16,22,26,0.013902853278082827
2023-06-23,18,149,0.7929062278113185
2023-12-15,20,47,0.8899778897309195
2023-07-29,4,149,0.6024268377203266
2023-12-25,9,57,0.37447035352558955
2023-08-10,13,47,0.949101686176954
2023-05-22,16,182,0.06881958439821867
2023-01-04,22,92,0.0008880186361367448
2023-11-24,11,104,0.5992470585855669
2023-06-26,2,86,0.17776536758957628
2023-03-09,13,81,0.037413106612698144
2023-06-08,12,188,0.7561936112969777
2023-09-13,18,190,0.27359746688915765
2023-06-08,21,25,0.7219622777189874
2023-08-30,5,46,0.6011516942212226
2023-04-13,4,40,0.7788143344809532
2023-05-09,16,105,0.4688548967756917
2023-04-01,19,9,0.07877959094878673
2023-07-25,8,153,0.9384697396144399
2023-05-25,22,9,0.8682373257638707
2023-12-29,20,37,0.05605407958257269
2023-11-17,9,5,0.1738240647673014
2023-11-20,22,48,0.17917208823868813
2023-08-19,17,79,0.007514011824858113
2023-11-22,5,45,0.20983025676409406
2023-11-01,7,30,0.08492449582189876
2023-09-19,22,64,0.1996051660845788
2023-07-02,7,107,0.6034691342398153
2023-06-22,5,104,0.6608490362233316
2023-05-07,10,87,0.4941336680222457
2023-10-04,9,33,0.006453384728778211
2023-08-16,24,101,0.7874568648918147
2023-04-23,7,183,0.7361709651457534
2023-07-23,8,68,0.10440838426898447
2023-06-19,4,113,0.5642175901113389
2023-01-08,22,143,0.17500264147040678
2023-09-29,15,69,0.1539313644892244
2023-10-05,20,71,0.14840052631048983
2023-10-29,19,85,0.7994440130958471
2023-05-15,24,6,0.18427514699617764
2023-09-16,8,180,0.9304578876068643
2023-04-21,23,171,0.9242130597724294
2023-02-09,15,108,0.44109477221909255
2023-02-02,3,1,0.6380065299726403
2023-12-25,9,99,0.6495524290687563
2023-10-04,16,144,0.3688493253413807
2023-07-03,23,85,0.4093087445466278
2023-03-13,3,48,0.09172209423190092
2023-11-04,2,146,0.7754672970380635
2023-11-28,9,87,0.12509183459499118
2023-08-18,10,48,0.648283684348776
2023-08-21,14,71,0.3600298893620981
2023-05-07,15,126,0.3629879257454113
2023-10-13,20,51,0.6961437242257417
2023-06-19,25,29,0.10303740413816986
2023-07-03,14,173,0.2784711264023605
2023-02-23,23,41,0.48102815006457034
2023-02-10,9,194,0.9101433016632249
2023-02-01,15,2,0.6326691726918497
2023-11-19,8,28,0.3030344615420161
2023-09-16,11,6,0.875931046728894
2023-01-22,3,86,0.8100975468573736
2023-11-08,25,121,0.34272784213188856
2023-03-30,11,103,0.052710964589929854
2023-08-09,17,122,0.8709439110423906
2023-01-14,17,168,0.13413442166342193
2023-07-16,24,66,0.16746663696111486
2023-01-27,12,28,0.21247682684600933
2023-10-29,9,28,0.7863294030153445
2023-02-11,6,32,0.6253675165861917
2023-11-18,3,180,0.9814542497771881
2023-10-26,9,73,0.7431922554437078
2023-10-02,11,168,0.3183149405246043
2023-08-15,16,103,0.3823689425361769
2023-08-27,8,114,0.34399980362504523
2023-04-28,12,102,0.23246578993349032
2023-07-11,20,186,0.5098938694150028
2023-04-07,23,40,0.7259588532060847
2023-03-14,20,71,0.4768615997143194
2023-10-31,24,104,0.4658459586931767
2023-10-07,14,140,0.1627092553047339
2023-10-13,6,165,0.3977302834092654
2023-11-04,24,86,0.9696945272863963
2023-09-07,22,178,0.3821758563010097
2023-08-23,1,159,0.89927510282623
2023-10-07,12,18,0.6383542618746894
2023-10-17,24,189,0.3761594548665469
2023-01-19,5,99,0.9761808286696573
2023-05-02,24,185,0.7683085500009063
2023-07-06,9,131,0.1527551532354393
2023-08-06,23,75,0.5298502952065219
2023-01-22,25,145,0.4122435912464105
2023-01-19,5,10,0.238963319860799
2023-06-18,12,196,0.09920700688351647
2023-07-20,19,21,0.7027341562504097
2023-11-18,14,60,0.19494141164469647
2023-07-15,1,73,0.8692167782115781
2023-07-20,15,61,0.026392270182930666
2023-07-03,7,173,0.18858191923683487
2023-09-06,19,63,0.10561655565654393
2023-01-25,18,155,0.901915144457852
2023-07-26,16,190,0.09279869514643257
2023-08-09,18,124,0.30765366548139184
2023-07-09,13,84,0.8914067250112997
2023-06-10,13,29,0.9240594847808129
2023-09-27,18,36,0.875248506059819
2023-07-28,14,199,0.9480909652901509
2023-09-17,20,42,0.886283395432383
2023-03-02,9,28,0.9328566507584206
2023-06-19,9,87,0.02288570026259018
2023-07-21,8,187,0.1608429830948409
2023-03-11,10,154,0.817635352637802
2023-09-23,18,24,0.2736977777583881
2023-02-03,16,29,0.8375200405709851
2023-11-24,20,168,0.3662339008735086
2023-11-28,18,169,0.5433101050189688
2023-01-06,9,75,0.07138076525881898
2023-09-29,14,165,0.006686339668596442
2023-04-11,14,119,0.1806968618482736
2023-11-20,2,187,0.18824814904549236
2023-04-20,25,4,0.8778464608580394
2023-10-08,13,191,0.6238825837750813
2023-06-21,8,176,0.21321677014127705
2023-03-18,13,63,0.04318309468630688
2023-01-06,11,170,0.5816206963974262
2023-10-13,25,86,0.2979706287926245
2023-05-19,3,22,0.9903953506314677
2023-01-18,18,146,0.2470229005529454
2023-10-30,4,176,0.029756712291284848
2023-07-09,18,29,0.1085495675599607
2023-11-24,18,153,0.9375068682446321
2023-05-26,22,56,0.7193887630676111
2023-02-03,9,16,0.4135450427991616
2023-04-20,5,96,0.18880114863213426
2023-07-27,23,56,0.8411380125548857
2023-11-16,13,58,0.8280919209321429
2023-12-22,18,89,0.20123279295705299
2023-10-20,8,74,0.3244402088731384
2023-07-30,9,28,0.6504431531486122
2023-11-24,16,119,0.8973253056418619
2023-12-22,15,178,0.0011791566734199455
2023-09-21,24,59,0.6512262221737011
2023-05-13,15,33,0.6308653299705905
2023-05-01,22,27,0.19896666509215688
2023-11-23,20,170,0.4091860595366239
2023-03-21,7,82,0.1705403537394471
2023-07-29,19,105,0.7410858712809024
2023-12-11,19,44,0.2534423799072669
2023-12-03,24,147,0.546099546274961
2023-04-30,13,26,0.7019085401032521
2023-09-26,14,46,0.3775610900676176
2023-04-22,1,77,0.8613882403123235
2023-04-29,22,71,0.5027019061008926
2023-09-20,17,62,0.3744441488401319
2023-02-01,6,30,0.3437211715661431
2023-09-29,16,186,0.9157009743271074
2023-07-08,13,63,0.13370864320475495
2023-08-30,18,4,0.06881425077357262
2023-10-04,12,90,0.1536078820547887
2023-08-24,4,117,0.8862086869045548
2023-10-06,3,171,0.05669885782641915
2023-07-17,25,149,0.2801304796466072
2023-10-20,22,102,0.9516280986169203
2023-02-28,1,145,0.3668624665328514
2023-09-17,1,89,0.9914301585375955
2023-11-11,6,103,0.41373072084461415
2023-11-05,9,181,0.8756042692845161
2023-12-31,18,109,0.5317599759658039
2023-07-19,16,191,0.5408742968388404
2023-05-14,3,67,0.3185063558101844
2023-08-02,23,199,0.021158109605527664
2023-08-11,10,116,0.9238854039898002
2023-10-31,19,118,0.9982685418798115
2023-11-06,18,11,0.7007078270399978
2023-11-06,22,179,0.2766481254306191
2023-12-23,15,97,0.5659425604744339
2023-11-25,17,129,0.14417555658668735
2023-08-14,5,200,0.8913253289302957
2023-05-27,20,196,0.5474989122009137
2023-04-07,24,154,0.06141316368242933
2023-06-28,4,132,0.47855783579536637
2023-06-12,19,28,0.7020551837627648
2023-11-11,1,126,0.7403557809107609
2023-01-07,4,61,0.4033146627656262
2023-01-13,7,50,0.7944567860215938
2023-01-20,14,13,0.6766696506394239
2023-08-07,12,160,0.4490285276975745
2023-06-03,4,134,0.4349505562168263
2023-02-16,3,84,0.3594146398985558
2023-11-03,7,128,0.44110613326753734
2023-11-09,14,17,0.34347403936573095
2023-11-19,22,72,0.861522197466326
2023-01-10,19,2,0.37939141471493176
2023-09-25,6,171,0.21138748237536364
2023-10-05,21,2,0.82020429765665
2023-09-07,4,163,0.7190471936625664
2023-07-30,23,175,0.49903177266406873
2023-08-09,5,42,0.6180795442822457
2023-01-03,16,120,0.882363248054093
2023-05-16,19,96,0.8665167779583934
2023-02-27,7,140,0.9192834723151445
2023-01-08,17,69,0.5663407043259114
2023-11-30,11,142,0.7530395732865692
2023-10-12,6,79,0.951929877278246
2023-11-14,14,177,0.878581611043851
2023-05-29,4,181,0.49760266582127854
2023-03-26,18,48,0.14543170306174824
2023-03-12,4,20,0.896438124036113
2023-10-02,16,117,0.04598096513673433
2023-12-12,20,74,0.8097003834626526
2023-06-21,12,147,0.43264007987557496
2023-02-26,25,78,0.11613713489411825
2023-07-04,7,108,0.06700237042634216
2023-10-22,16,172,0.4536255284063495
2023-08-24,20,151,0.4920829952077911
2023-08-06,21,156,0.2168333955813586
2023-08-19,3,12,0.7903908797399488
2023-11-14,9,185,0.6924002229470536
2023-11-10,9,42,0.32727728775704046
2023-06-01,15,99,0.21212408224848456
2023-09-21,9,146,0.3650110302973889
2023-04-07,10,21,0.9522840912881528
2023-09-22,19,151,0.2733794503957613
2023-09-08,22,98,0.30540333626125216
2023-03-25,19,107,0.3581418768926208
2023-02-05,11,39,0.8680254944745786
2023-12-23,23,46,0.9529884515161362
2023-04-06,3,30,0.5445325772688634
2023-02-17,1,148,0.20635819757752605
2023-01-08,11,20,0.5296654447723814
2023-10-07,16,176,0.008329936176366348
2023-01-02,13,15,0.17217102521077876
2023-09-23,10,170,0.5026849724589834
2023-01-24,11,133,0.9987007449976998
2023-09-19,20,112,0.7317834956577846
2023-02-19,21,43,0.8844583544989508
2023-05-28,22,188,0.3366892448511487
2023-07-29,16,94,0.42769504985018303
2023-08-07,4,104,0.3037084761765144
2023-04-17,17,6,0.014019488190472051
2023-11-14,1,75,0.2574718886789119
2023-11-09,22,200,0.5213160522285983
2023-12-01,3,93,0.040757257819885706
2023-07-07,10,96,0.817597340628052
2023-01-25,2,170,0.5254220665458983
2023-07-12,9,109,0.7318652849578435
2023-01-30,23,141,0.5893357658902043
2023-01-17,5,33,0.7555564641020794
2023-05-29,23,183,0.22907835853985792
2023-01-23,24,173,0.6597963032751663
2023-06-15,24,17,0.25354722550429054
2023-12-29,12,169,0.7013490915074319
2023-02-07,6,57,0.3131877434562699
2023-10-23,7,195,0.9812520909219012
2023-12-01,1,21,0.07471474579455673
2023-06-27,13,182,0.26838056394141985
2023-10-10,6,58,0.34904593311901955
2023-07-27,11,34,0.36580700495793117
2023-11-02,7,81,0.6525437770939626
2023-04-23,23,133,0.5202852405299164
2023-01-13,11,153,0.9947589547653668
2023-10-10,18,187,0.7300436507478443
2023-10-29,7,27,0.8680295505039911
2023-12-18,23,161,0.5437677422949889
2023-05-16,5,34,0.07708030649335795
2023-09-30,2,27,0.23076213202384277
2023-09-17,3,98,0.3505877352810247
2023-12-04,21,94,0.274039402822289
2023-06-17,5,37,0.6517247562735236
2023-06-07,11,71,0.873869480417135
2023-07-01,19,102,0.13759003340818443
2023-05-29,22,102,0.1955873149808095
2023-01-22,17,115,0.8850075484212285
2023-04-25,2,144,0.6371060599441751
2023-05-28,3,107,0.22885568706271853
2023-07-29,23,25,0.7544182482182888
2023-03-13,11,41,0.3117435028725094
2023-10-25,10,180,0.5925604372002486
2023-07-19,1,95,0.5893008319366384
2023-12-29,3,141,0.4073482933753868
2023-12-13,12,53,0.9966009310059767
2023-02-27,10,25,0.5360487735003431
2023-07-19,4,48,0.8243547927819176
2023-07-17,23,15,0.07253291732096057
2023-06-12,5,18,0.09771301416176115
2023-07-13,1,21,0.4380759827450853
2023-08-05,15,103,0.9990650495344294
2023-09-10,5,84,0.4276174675750072
2023-12-02,7,118,0.11487967819288747
2023-09-22,7,148,0.5972724095589077
2023-01-01,9,156,0.5058741555945898
2023-01-20,4,62,0.18114316063155456
2023-10-18,20,53,0.26435812899417466
2023-03-23,6,53,0.5490254796335445
2023-04-25,25,176,0.34550007445169295
2023-01-21,15,116,0.4270169451987026
2023-01-18,16,8,0.05754223164333461
2023-07-29,12,65,0.03429110759676812
2023-09-26,23,113,0.8807939800851675
2023-02-05,1,63,0.08984517624727395
2023-06-25,5,58,0.5631957068758763
2023-05-12,7,192,0.7295271402210938
2023-04-14,5,52,0.22025995863666137
2023-06-11,14,41,0.5209856359564955
2023-06-13,5,48,0.87910936015812
2023-05-24,2,100,0.18931400797173503
2023-07-11,7,38,0.162234989891345
2023-05-28,17,99,0.8250787307551676
2023-08-24,15,81,0.6383413425587418
2023-12-04,11,104,0.21601293871751326
2023-09-13,8,183,0.6176913482369628
2023-04-29,15,36,0.08925212596038157
2023-10-14,14,172,0.6587916188124906
2023-12-02,12,65,0.01712756565333451
2023-09-24,21,167,0.3035265052352145
2023-06-02,3,29,0.4166837161420951
2023-01-11,5,42,0.31193970078581956
2023-10-24,17,174,0.4360536351514481
2023-07-03,8,141,0.7463265322070248
2023-04-17,3,145,0.5023278334860478
2023-08-27,1,70,0.923471822361208
2023-10-25,25,24,0.07134077610202327
2023-01-17,21,118,0.9205497130553546
2023-03-26,19,176,0.7037375874718477
2023-08-18,15,62,0.03848394359251406
2023-08-15,14,72,0.34753505477158286
2023-02-15,11,123,0.999908066557128
2023-05-18,2,179,0.9076521110372432
2023-11-03,4,93,0.07544206446399848
2023-11-23,11,100,0.8051474426472739
2023-07-06,19,182,0.3413504680271908
2023-05-17,10,104,0.23253035278018952
2023-02-07,24,168,0.761968270655173
2023-06-09,18,133,0.7908176024408237
2023-05-31,4,178,0.797248268216192
2023-07-29,10,22,0.12227100578816985
2023-01-31,25,91,0.1956964693647839
2023-11-08,13,101,0.8462052722799999
2023-11-12,11,194,0.8776503019050427
2023-08-30,3,113,0.348745583699404
2023-02-21,17,151,0.6412647085018834
2023-07-20,19,36,0.8423419304179969
2023-01-30,6,19,0.5687077308770226
2023-10-31,16,133,0.7161002083444118
2023-08-01,20,114,0.22628241744838562
2023-01-23,13,101,0.9971184443390148
2023-05-31,25,105,0.13288659501750633
2023-07-17,18,189,0.849994685572934
2023-10-17,5,191,0.8848828302021486
2023-08-12,6,4,0.15413996076700032
2023-08-06,1,132,0.45274359398523234
2023-12-20,13,193,0.9255191290490502
2023-11-24,13,156,0.7427932886893307
2023-07-21,19,128,0.11311785762480309
2023-12-06,1,108,0.7017462412374824
2023-07-17,17,129,0.7472285636873248
2023-10-29,4,166,0.458630175105906
2023-02-26,10,200,0.5584812321963418
2023-01-02,1,65,0.9533119179264987
2023-01-26,4,121,0.19757950676145408
2023-08-14,7,21,0.3517657706353383
2023-02-11,19,190,0.926079102383125
2023-11-03,11,151,0.9250451875084322
2023-08-25,5,21,0.7660405883755637
2023-08-12,2,82,0.5941173815013844
2023-01-03,17,45,0.37243099907191024
2023-01-15,2,68,0.4569982917996599
2023-11-17,24,117,0.9175178341609486
2023-05-11,1,137,0.18202548099100768
2023-03-10,21,39,0.06323014792348502
2023-04-04,2,126,0.08673088213128821
2023-01-30,8,64,0.6785482509886517
2023-06-29,4,71,0.3537364392880188
2023-11-07,24,62,0.24050880557817533
2023-09-16,8,173,0.39696301702065584
2023-04-26,18,132,0.6421900161199786
2023-03-02,10,130,0.7734315215731167
2023-11-20,22,198,0.9923853352400361
2023-03-02,22,84,0.39401277389170575
2023-11-25,11,95,0.34304065841679643
2023-06-30,8,24,0.9588176466598893
2023-05-19,3,110,0.7424604826546413
2023-06-21,14,161,0.5674980126706689
2023-08-28,22,24,0.18903124899072554
2023-06-02,1,22,0.11229396770814082
2023-12-04,17,158,0.2228551114255346
2023-02-03,5,115,0.16483698145681547
2023-10-02,7,104,0.28587227454463926
2023-11-17,14,186,0.19349416603921754
2023-04-23,12,190,0.253208405216069
2023-02-06,24,84,0.8892797546805477
2023-09-06,11,107,0.5253284319052137
2023-01-25,23,122,0.6557476189390902
2023-03-03,9,41,0.2769855727452605
2023-01-26,24,163,0.38789078908830865
2023-05-02,17,118,0.07122848874065224
2023-05-08,20,175,0.404509273439579
2023-06-05,8,161,0.6891378995940718
2023-01-23,9,189,0.10642691201382104
2023-12-03,6,77,0.7041219515369702
2023-10-18,4,189,0.38889706216904174
2023-05-20,10,125,0.6603253845934748
2023-08-11,8,121,0.2580375500174351
2023-12-13,10,199,0.8247545445156785
2023-08-20,21,178,0.9533305642495139
2023-07-02,24,41,0.18053151357184982
2023-03-27,13,35,0.3659148961541151
2023-09-05,10,95,0.70968558927734
2023-10-27,3,48,0.22875032491805636
2023-07-25,15,97,0.5759435824449872
2023-01-16,8,141,0.16591140138758897
2023-12-28,9,97,0.8560794779480608
2023-09-07,5,69,0.3288170658521279
2023-02-06,16,133,0.508325274649187
2023-02-08,22,178,0.7599111351396385
2023-12-14,8,163,0.40620676148860635
2023-08-23,21,181,0.9677353274543973
2023-05-21,24,86,0.843474072194619
2023-03-01,18,122,0.029918267081468497
2023-09-11,5,154,0.6920463408547304
2023-04-01,3,101,0.34601310302141697
2023-10-05,9,195,0.7514301142123581
2023-06-27,20,163,0.1339705451150892
2023-11-08,6,159,0.3134350169416338
2023-10-19,17,136,0.4865322724381701
2023-04-27,12,43,0.8421400834551525
2023-06-11,7,125,0.5781516928597851
2023-03-17,22,166,0.0644708244086557
2023-08-26,5,29,0.727912034198397
2023-05-11,18,198,0.044831935144093005
2023-10-20,12,12,0.5827853285591138
2023-05-28,1,145,0.29928245436355105
2023-04-12,7,99,0.11363593327238641
2023-08-03,18,101,0.7862714486325558
2023-05-31,3,126,0.06643631519537674
2023-07-31,15,108,0.5104221132239509
2023-01-01,17,169,0.7673337402036522
2023-03-18,21,103,0.9630123170819493
2023-07-02,8,187,0.25859752818362347
2023-05-12,12,137,0.5110216704991611
2023-09-28,19,166,0.8126997929887684
2023-12-02,11,143,0.4340674366278102
2023-06-08,21,99,0.29671900422894937
2023-10-26,14,155,0.4795666423787849
2023-09-21,24,13,0.6987235141231007
2023-02-19,8,28,0.2844389910307614
2023-03-12,8,161,0.9742980288224933
2023-03-31,21,151,0.6407185546058238
2023-06-23,24,119,0.3888991009455455
2023-07-31,8,152,0.9632964576007389
2023-05-15,16,157,0.05223961191927995
2023-06-17,5,117,0.5661064723136364
2023-12-06,24,197,0.2537877337654799
2023-08-15,19,142,0.9957758479883189
2023-08-26,4,139,0.8696479332671919
2023-09-26,15,142,0.07542179127993798
2023-10-14,9,114,0.4404477287187304
2023-07-28,23,9,0.8635252743746767
2023-02-04,15,147,0.18526820650706077
2023-12-20,23,98,0.4557066806899771
2023-11-09,21,26,0.5493732028892016
2023-09-12,17,72,0.47659611873940044
2023-05-18,6,169,0.7752571490682508
2023-03-22,16,86,0.8095410407403958
2023-07-14,7,32,0.8838314256821013
2023-11-11,4,96,0.252103914011517
2023-07-03,24,3,0.5066927864813269
2023-05-14,24,150,0.8083959194501529
2023-11-20,12,149,0.3426385158618267
2023-02-09,19,187,0.7104614921010891
2023-05-31,22,38,0.6008368608006806
2023-10-14,18,121,0.4294790846319584
2023-03-31,11,174,0.12714080940111172
2023-02-27,15,6,0.8964088256409052
2023-08-02,15,53,0.6614102988005848
2023-01-27,7,46,0.8804625250999384
2023-09-28,1,60,0.377931652149491
2023-03-22,19,158,0.4377435419387873
2023-06-21,6,152,0.916910480276494
2023-02-25,21,148,0.010821123189803994
2023-09-29,20,199,0.45434462296272526
2023-06-21,9,50,0.6362227001457318
2023-12-29,14,141,0.4169144629016276
2023-03-06,14,66,0.7250173630455085
2023-09-04,7,42,0.03767970293543821
2023-09-28,12,66,0.5892810567696193
2023-08-24,5,93,0.33821113407996595
2023-12-24,6,171,0.35005916855213504
2023-05-08,5,106,0.35740578121450683
2023-11-25,14,199,0.46770753132843845
2023-03-06,25,7,0.9847441432191866
2023-06-06,25,77,0.3595378185445568
2023-10-11,17,40,0.7501247687699921
2023-11-19,10,172,0.8009630549557046
2023-02-20,11,24,0.4127423027054169
2023-06-27,16,136,0.5365725481722263
2023-01-15,14,192,0.7526216996881449
2023-06-06,3,63,0.8547779511418978
2023-12-04,14,42,0.011188695902577983
2023-08-30,12,149,0.9309296254884566
2023-11-07,13,112,0.2676644350190337
2023-10-02,8,163,0.7322545287648253
2023-10-23,17,33,0.5282585885829372
2023-10-14,19,87,0.05774675869856971
2023-05-27,16,192,0.22511645485217502
2023-04-03,21,6,0.2770981353814622
2023-01-12,8,99,0.43459707649887735
2023-05-24,9,101,0.23575501296344137
2023-11-04,11,99,0.29666629253445986
2023-12-13,11,26,0.7272327755537958
2023-06-21,9,150,0.9493291978378063
2023-12-12,16,90,0.38541435858957607
2023-03-07,1,26,0.9768558118232309
2023-03-08,8,32,0.9352018302403216
2023-09-13,19,61,0.5555019087425219
2023-07-16,18,99,0.4195165164202608
2023-11-12,17,19,0.2189427424177981
2023-11-07,6,180,0.10497460820021354
2023-08-17,21,139,0.8815610108331915
2023-01-10,5,99,0.02359358486469365
2023-05-30,12,125,0.05914865213183462
2023-12-01,11,127,0.3658861541882792
2023-08-05,12,44,0.19030805111349558
2023-07-15,10,71,0.8845261313732828
2023-11-15,7,113,0.7255759557524045
2023-07-10,1,82,0.8679011107735157
2023-04-17,5,160,0.18683106699348895
2023-12-19,20,172,0.5097200440691467
2023-08-28,5,189,0.16943512022619434
2023-03-14,3,41,0.408630551576714
2023-03-03,15,94,0.14533076587289917
2023-12-04,6,59,0.23189447176635858
2023-04-22,13,168,0.3206132420163832
2023-08-21,5,120,0.6777381789060015
2023-05-14,5,99,0.32078779861809026
2023-05-27,4,200,0.8388698553245534
2023-12-24,10,45,0.669667301885833
2023-02-05,8,172,0.6167141432468484
2023-10-16,21,77,0.09263636634459027
2023-01-23,18,142,0.27401663649905317
2023-07-17,8,147,0.07268713891413991
2023-11-13,9,17,0.580496441042687
2023-01-25,13,143,0.8365125345064907
2023-01-30,8,97,0.6999008130606459
2023-04-08,6,23,0.26776443175391984
2023-05-08,1,102,0.22663439971453514
2023-02-23,11,181,0.3329891284540736
2023-06-11,4,98,0.9193423363226163
2023-05-31,24,5,0.24439430482220315
2023-12-12,2,114,0.6638315342471985
2023-06-01,16,111,0.009218813966636596
2023-06-26,25,26,0.15481624660278492
2023-04-14,21,78,0.1356192783600071
2023-09-16,11,82,0.3142675554342125
2023-03-25,16,89,0.6317188307133785
2023-01-18,8,69,0.9223755431347465
2023-02-16,19,147,0.9468023543538849
2023-08-16,7,72,0.07062896188814405
2023-06-28,1,118,0.22798347689599874
2023-08-06,3,63,0.18283635032908263
2023-08-24,24,17,0.5175306336675979
2023-08-19,5,196,0.9137808708772095
2023-08-15,19,171,0.02612331052896122
2023-04-06,17,10,0.23869398855592916
2023-01-11,2,144,0.9275255415519921
2023-03-25,23,97,0.9116912781947942
2023-11-18,11,162,0.06986504923965142
2023-06-08,23,59,0.8253874354579608
2023-09-20,10,19,0.656630905620992
2023-12-22,14,130,0.3219919657717969
2023-12-29,5,72,0.32471084695029084
2023-03-01,21,97,0.9133094413132508
2023-01-29,6,194,0.33681166476756574
2023-05-25,5,82,0.34852768272071843
2023-06-08,11,84,0.6797230176767673
2023-02-22,3,134,0.6475096684109427
2023-02-19,22,79,0.9315023625268274
2023-09-09,1,25,0.14035455266810914
2023-12-28,15,184,0.17834595960096034
2023-02-04,16,197,0.2848163491136265
2023-01-08,20,59,0.7834231859487879
2023-06-20,13,187,0.16671211521771012
2023-08-08,2,81,0.09866181830070997
2023-02-28,13,170,0.668205665617319
2023-09-02,24,191,0.7313178223031008
2023-06-25,14,194,0.5033773598683093
2023-02-23,25,113,0.09931741270584071
2023-10-13,7,185,0.6629890370899617
2023-11-01,24,33,0.9945901161924446
2023-12-13,11,173,0.900403458956115
2023-07-28,21,32,0.07476319016177901
2023-07-12,24,163,0.5881842658363008
2023-01-08,7,111,0.03305571604348678
2023-03-08,3,52,0.23137872385275038
2023-06-09,18,139,0.9662308231368433
2023-12-20,23,183,0.8012667472666964
2023-01-27,4,37,0.07233806418421385
2023-10-09,15,104,0.13404647711609674
2023-12-20,18,19,0.867968210102811
2023-06-06,8,110,0.1362123234154563
2023-06-29,4,101,0.041716546804643095
2023-09-04,2,7,0.38048315585716463
2023-10-31,20,96,0.24720345163975566
2023-09-25,20,170,0.9587269905468938
2023-11-28,11,21,0.9001628193924628
2023-04-21,22,103,0.9772769444253063
2023-05-13,10,93,0.46648145029559196
2023-04-27,1,85,0.12272571517887543
2023-03-24,7,30,0.695232427479346
2023-07-19,12,119,0.97061391768726
2023-11-23,24,25,0.715763545998161
2023-04-04,17,154,0.5470630395996365
2023-08-01,19,12,0.48823577272791274
2023-01-07,21,159,0.3601063411310935
2023-07-17,4,77,0.955560465952794
2023-11-18,14,182,0.0682526813334402
2023-02-17,5,71,0.972329332545856
2023-11-21,2,68,0.10750136134260113
2023-07-23,6,11,0.9706978420251517
2023-07-24,12,153,0.7227927873071688
2023-10-04,18,123,0.07976931324130798
2023-08-30,25,57,0.07101812486596326
2023-11-01,18,97,0.5464227732348804
2023-12-12,10,17,0.3288379312414398
2023-04-08,6,30,0.2953688340837488
2023-10-25,21,8,0.5556804303857885
2023-11-15,16,90,0.15301545296180852
2023-12-17,22,46,0.837110633833392
2023-06-05,17,110,0.894646174021133
2023-07-03,17,137,0.25747197433158453
2023-07-01,25,27,0.666944064149353
2023-06-09,25,147,0.6948685079905594
2023-10-07,16,157,0.49083895893816454
2023-04-20,19,143,0.7572407149644597
2023-10-31,9,39,0.498968773282345
2023-10-05,20,38,0.932854488435017
2023-12-22,4,182,0.9019964538930055
2023-01-06,6,30,0.8253830712978422
2023-08-23,16,139,0.8823057905483971
2023-03-27,3,31,0.027652529213089694
2023-01-11,18,183,0.1373569798524118
2023-09-22,8,174,0.5681635827189789
2023-09-28,5,95,0.10714133888846211
2023-08-15,24,105,0.6128495835397009
2023-06-05,18,167,0.8183485055917145
2023-02-21,19,120,0.814785808732593
2023-02-23,14,76,0.1605229835648445
2023-10-16,2,117,0.19171185730587748
2023-12-19,22,83,0.37164264710230266
2023-10-24,14,37,0.9087639913750973
2023-09-11,17,107,0.1227602284745627
2023-02-12,24,187,0.02593548480824448
2023-06-19,16,101,0.8922312018997255
2023-01-21,22,88,0.7150856404744186
2023-03-20,17,50,0.7736390700057862
2023-04-29,14,35,0.9446034485030813
2023-06-26,17,1,0.6368952455904052
2023-09-05,22,65,0.7929844971327921
2023-03-28,16,21,0.9161496530963188
2023-12-08,21,183,0.4012325571584384
2023-09-13,13,145,0.595633186644716
2023-11-20,4,123,0.4581096624691041
2023-04-09,10,174,0.4007927606636422
2023-09-17,11,91,0.9519602247125916
2023-08-29,24,4,0.290685045653965
2023-09-02,22,67,0.04810035652801126
2023-12-29,8,146,0.7382133722776334
2023-10-28,22,139,0.2360478622214356
2023-10-06,14,62,0.32003362477562336
2023-02-11,4,51,0.013448383122116048
2023-01-28,6,155,0.9050915323096959
2023-08-14,18,14,0.45538291820824384
2023-03-23,11,28,0.5746400907000122
2023-02-09,19,166,0.11956465035640429
2023-07-01,8,156,0.6524867090113735
2023-05-22,23,55,0.10577542663273698
2023-08-09,9,81,0.6638198579206577
2023-01-10,11,12,0.46689071748546407
2023-08-07,4,196,0.6413026633463771
2023-10-04,6,200,0.05304828198567435
2023-11-06,14,147,0.4459352079316139
2023-07-25,23,1,0.8399867556983623
2023-01-13,21,39,0.89168605468389
2023-10-28,4,47,0.9404195405494086
2023-07-27,23,89,0.03149328212680458
2023-05-07,20,189,0.3762694732694746
2023-05-11,7,11,0.8903292333423942
2023-12-18,17,14,0.1557098016040236
2023-03-04,1,63,0.022564142070287785
2023-11-03,15,59,0.8829736656005884
2023-02-23,4,195,0.7679539079214708
2023-07-05,21,102,0.7008920535000659
2023-10-01,12,79,0.9093709685711683
2023-08-04,1,43,0.7026463021738333
2023-08-25,1,24,0.3378871366546039
2023-03-22,7,116,0.1273645788779988
2023-06-12,3,56,0.021320625900908774
2023-07-23,9,108,0.531001116361428
2023-01-28,9,166,0.9736841625208192
2023-03-24,1,189,0.7332413944609617
2023-12-20,7,173,0.5820660538481204
2023-09-16,14,44,0.07454564723257207
2023-05-13,25,48,0.34379050318304005
2023-12-29,17,70,0.5218597262108935
2023-09-01,9,184,0.007221867798982595
2023-01-04,20,182,0.7044955430740975
2023-03-21,9,108,0.9264528241949511
2023-06-09,8,15,0.6926903336076365
2023-08-08,10,183,0.6244955097490792
2023-03-31,13,193,0.8138716964628577
2023-09-15,14,12,0.8472482120680734
2023-03-25,5,47,0.036628817141334036
2023-05-16,4,134,0.4594894441365609
2023-04-25,3,162,0.16261740211066045
2023-10-19,21,188,0.14637552196809
2023-02-07,23,73,0.24861244601770693
2023-03-19,13,18,0.11572820859341104
2023-03-27,11,20,0.9265121150193932
2023-01-31,7,128,0.5236493260847883
2023-10-30,12,69,0.41203885651037
2023-01-26,5,89,0.043960350138468995
2023-04-29,4,72,0.6469904688123271
2023-12-10,10,49,0.062362883691452264
2023-05-28,20,79,0.9899470511452663
2023-08-13,14,134,0.5471850089358311
2023-03-15,25,126,0.78473177685904
2023-04-29,12,133,0.4205334103912517
2023-07-03,20,29,0.8906000008704693
2023-03-19,16,141,0.8182577782561613
2023-09-02,8,173,0.7002700928104582
2023-05-13,8,113,0.10195463522133197
2023-10-18,23,125,0.1648767652009755
2023-03-02,22,165,0.6151769523715465
2023-03-19,4,90,0.8327286654307506
2023-12-23,16,22,0.47740307667191095
2023-04-03,17,137,0.284947652963777
2023-02-18,1,137,0.7255974269660259
2023-01-31,19,161,0.09050644272106734
2023-09-22,14,4,0.38869132223742464
2023-09-12,10,14,0.45234449039609337
2023-02-04,7,32,0.7384411712073883
2023-11-07,13,95,0.9535375406289659
2023-12-12,14,181,0.8499427875457514
2023-06-06,18,112,0.894286562332608
2023-12-11,6,192,0.29670965669209204
2023-04-07,23,122,0.8953280815700768
2023-03-23,22,169,0.32340958449423807
2023-04-06,15,31,0.974822524843421
2023-06-05,1,97,0.8972225859096857
2023-03-01,16,146,0.9639016306226124
2023-06-24,18,172,0.41644425636146976
2023-07-22,7,36,0.5046124550846353
2023-10-11,16,131,0.1449776743753961
2023-07-26,11,154,0.15281487627202794
2023-10-15,8,150,0.06739956820979298
2023-04-24,6,177,0.2647324587923361
2023-10-12,14,33,0.17487073140353715
2023-02-05,23,169,0.15880314661539263
2023-11-26,15,165,0.6171416335468022
2023-02-23,18,45,0.8404609289519125
2023-08-19,12,131,0.4441974174105858
2023-01-07,2,73,0.7406749535207305
2023-06-27,7,110,0.7839222011724623
2023-11-26,16,105,0.7956505814867618
2023-03-25,10,90,0.2406867774736413
2023-05-03,12,152,0.08892900780542701
2023-06-19,20,88,0.8388146056973688
2023-06-06,18,100,0.39994117757631664
2023-11-14,12,88,0.08938856349244717
2023-09-11,9,178,0.5328382385643163
2023-08-28,17,58,0.838085842851648
2023-11-05,7,104,0.4684925475743692
2023-12-05,12,31,0.9861530048662179
2023-05-08,8,128,0.8089642344508251
2023-02-02,15,165,0.5201824101701366
2023-12-06,5,97,0.0703346124732871
2023-07-01,18,66,0.04719287874957656
2023-09-06,6,1,0.33189238069589144
2023-12-04,12,15,0.4106948963140329
2023-10-13,23,96,0.6363663816768396
2023-08-27,23,62,0.7902681138459946
2023-08-29,20,36,0.84399682331947
2023-12-14,9,188,0.354256827044813
2023-10-16,15,127,0.7682076226935602
2023-01-28,14,193,0.8531525172727219
2023-04-14,6,151,0.5490300093128789
2023-05-05,14,107,0.4628818750326654
2023-09-22,22,167,0.0826007345687787
2023-01-26,17,32,0.5919320301652995
2023-05-01,25,21,0.964909228881769
2023-04-30,5,82,0.6137487102108341
2023-06-21,10,142,0.7072139435627317
2023-04-14,25,74,0.47920789381890216
2023-11-03,6,109,0.6145998794994252
2023-12-04,6,54,0.6837115968463486
2023-04-17,22,200,0.1100766353169026
2023-06-12,6,84,0.6513268153825159
2023-04-13,5,85,0.8345244208003681
2023-06-16,7,93,0.8280835667202924
2023-08-09,24,17,0.2370859171491828
2023-02-25,5,127,0.9060064635714238
2023-03-15,16,131,0.19515781836717272
2023-12-23,17,112,0.6447007593922338
2023-03-29,24,24,0.010737434452824934
2023-06-25,12,74,0.5548939989391573
2023-11-13,9,34,0.6412818816879682
2023-08-12,1,57,0.8322356008005306
2023-05-31,16,151,0.7522482074048021
2023-07-26,24,153,0.3771308212303025
2023-04-10,3,119,0.5398939565200804
2023-01-01,11,125,0.8655043287799283
2023-11-21,10,196,0.27903270489969123
2023-04-24,17,101,0.9522070853265563
2023-08-20,14,72,0.7187773662668858
2023-08-12,12,33,0.5370445834822133
2023-06-18,17,141,0.5741057091388865
2023-04-07,12,152,0.3717261251042894
2023-12-24,23,126,0.01728482037746326
2023-04-22,25,162,0.4836966965317847
2023-12-27,5,175,0.7566650035728222
2023-08-27,3,52,0.34842494297007043
2023-08-18,22,129,0.18258666344570162
2023-01-02,5,123,0.9997561998084381
2023-08-04,18,30,0.1089283761512978
2023-08-03,13,31,0.7160955379271394
2023-01-17,11,60,0.31554199630617974
2023-12-19,3,190,0.6406376188241067
2023-08-19,17,148,0.07917433058592582
2023-04-14,17,188,0.6715826839185137
2023-06-28,3,154,0.3296376365330087
2023-07-08,21,190,0.6125353947125376
2023-02-14,9,15,0.7771161152952833
2023-06-01,22,70,0.34111029648203994
2023-02-10,11,30,0.8896193745102381
2023-05-04,5,137,0.4707058106610419
2023-04-17,22,167,0.4786296257251961
2023-03-17,2,51,0.5842829343143936
2023-12-15,19,18,0.7929123891600224
2023-08-09,12,180,0.24987279014510044
2023-01-16,3,81,0.7327602244190097
2023-05-12,7,182,0.7249959554067388
2023-05-01,24,178,0.6740161293060151
2023-03-26,14,192,0.1294653822302415
2023-11-18,11,170,0.3632955748325877
2023-08-25,17,71,0.14566956212564497
2023-05-19,18,54,0.5249053357507999
2023-11-21,6,149,0.23020107499948517
2023-03-03,23,15,0.726374178341248
2023-06-26,22,107,0.10886877107891524
2023-10-10,17,63,0.9445580894314374
2023-02-13,15,188,0.2672958248633521
2023-01-09,11,124,0.9897707869603186
2023-03-08,6,108,0.4057486637327893
2023-03-01,13,30,0.45710606645360163
2023-01-09,11,109,0.7946722538718966
2023-05-29,16,58,0.3784679277959959
2023-09-14,18,1,0.40173761493436067
2023-01-25,25,6,0.24731433987314988
2023-03-27,18,25,0.18833002968503887
2023-04-28,10,126,0.21323403115421302
2023-12-01,14,85,0.7695708737482186
2023-07-09,15,70,0.8389807908165056
2023-12-12,12,197,0.846793199426943
2023-01-17,3,103,0.9206854462218772
2023-12-02,16,168,0.9019375091335464
2023-07-02,9,63,0.9489870198895863
2023-07-13,10,179,0.4196496986291547
2023-11-13,21,175,0.3390811337337133
2023-09-03,14,75,0.06300942587603553
2023-10-01,15,106,0.7780991122065147
2023-04-23,19,81,0.7767135189506252
2023-02-12,7,7,0.025116239547368302
2023-08-24,14,154,0.5919121908710893
2023-05-31,17,40,0.17216922560495374
2023-12-03,8,169,0.49936994065411566
2023-11-14,2,97,0.061152792113868926
2023-03-30,12,9,0.40104228245525075
2023-07-07,23,192,0.2863173054662814
2023-09-02,13,52,0.2172859286857699
2023-09-04,2,162,0.7175064905738097
2023-10-21,8,50,0.27122267834096125
2023-06-22,2,17,0.668147730045001
2023-02-12,19,70,0.9932442352307
2023-08-12,2,10,0.9756843306235183
2023-11-06,2,166,0.6834605665248334
2023-07-15,14,8,0.9531103336614046
2023-05-20,14,98,0.15367468138251195
2023-05-20,3,73,0.618000572831938
2023-04-03,17,174,0.5391703021853725
2023-01-25,14,25,0.5744959868458583
2023-06-29,12,139,0.641855895415544
2023-01-26,13,10,0.06315338335588727
2023-09-26,12,125,0.4450225304288702
2023-02-03,6,149,0.009178107062909668
2023-06-08,7,95,0.9084603173956638
2023-12-02,19,49,0.3391923068105527
2023-03-15,9,54,0.27589125647987045
2023-01-26,3,160,0.720627087532782
2023-12-21,18,86,0.09323647517553013
2023-01-18,17,16,0.3730720433330754
2023-10-09,17,37,0.4449997609163864
2023-07-27,20,124,0.31360870084040693
2023-02-06,22,162,0.724270436781398
2023-12-08,19,149,0.2708161379358992
2023-08-21,15,156,0.05300114042313919
2023-05-08,17,125,0.2135189819184602
2023-01-03,3,54,0.028936929102260422
2023-08-30,20,164,0.0064720386103150895
2023-02-19,22,183,0.6686735858642506
2023-08-11,21,129,0.43666136443318937
2023-06-29,17,42,0.7421271847612673
2023-07-28,4,186,0.9072789201175088
2023-02-03,18,82,0.06667128030108072
2023-10-11,21,130,0.02209507421144885
2023-08-28,6,35,0.6161190648172539
2023-03-06,25,132,0.6972810962932044
2023-01-06,18,31,0.7317032238608043
2023-11-06,19,114,0.7194761815714757
2023-04-04,25,83,0.3727936978164582
2023-03-02,9,150,0.22676034721167926
2023-01-24,1,63,0.23524917476300322
2023-06-13,7,194,0.030975110314503618
2023-03-20,21,198,0.8716546283334252
2023-08-16,15,49,0.6921634248045482
2023-07-29,16,45,0.48651245556475375
2023-08-30,21,96,0.014339772471578582
2023-10-03,11,99,0.9482759820384947
2023-05-05,4,40,0.705452995830217
2023-07-07,15,72,0.37000716286222113
2023-09-30,18,194,0.698971371078404
2023-10-30,9,185,0.11818930943066919
2023-08-27,22,52,0.506984011965979
2023-11-07,22,8,0.3965225899111
2023-12-28,11,77,0.6164246690556653
2023-04-23,20,31,0.05275393797130312
2023-07-03,18,199,0.5200057813842165
2023-11-23,21,49,0.7508619661929611
2023-06-27,3,71,0.0008092985652929929
2023-09-13,17,113,0.16336731098453927
2023-11-26,18,3,0.11551739799806082
2023-04-09,15,181,0.12567614400868354
2023-03-22,2,49,0.7347329288757657
2023-05-04,7,105,0.459902781190645
2023-05-02,21,68,0.7071308525906883
2023-06-19,18,39,0.7069916979362377
2023-11-21,2,159,0.08570485307049125
2023-11-03,14,128,0.20099843188665167
2023-09-11,20,103,0.09442823393334832
2023-09-24,13,4,0.22737918421178682
2023-06-14,8,11,0.7665684557861139
2023-03-09,24,145,0.10937411868600733
2023-07-15,10,10,0.5763477620724624
2023-02-08,6,97,0.32362142535364313
2023-01-29,9,115,0.9219825664806575
2023-10-31,11,18,0.6566053139151327
2023-10-28,9,200,0.1680514533554378
2023-01-07,4,78,0.7531186239952677
2023-04-08,21,27,0.8535052379126388
2023-04-26,7,3,0.34084887640195516
2023-04-14,4,14,0.6394764440439049
2023-12-04,23,158,0.06751861370545598
2023-12-08,20,9,0.18876908230592981
2023-05-04,15,81,0.1653867555320101
2023-11-03,10,114,0.40403799288876396
2023-10-15,16,167,0.5900219885865242
2023-02-11,12,104,0.23285495148053847
2023-08-11,11,179,0.6817649406617713
2023-01-12,16,182,0.786968295701181
2023-10-21,16,45,0.2778607955437027
2023-06-05,13,30,0.6135085593890496
2023-08-03,5,31,0.8694062409328347
2023-02-26,20,177,0.25193171706461337
2023-02-06,18,39,0.8932854503563459
2023-01-25,6,174,0.06477947336191958
2023-11-06,5,153,0.8966876920405026
2023-03-15,3,126,0.9619828940686828
2023-12-30,1,31,0.7013946804593987
2023-06-09,19,61,0.9331520098837153
2023-02-18,9,194,0.042697368773576994
2023-08-11,13,127,0.17814193684095747
2023-01-07,9,138,0.7872074341077713
2023-07-17,5,157,0.49289034919641017
2023-08-28,10,89,0.37079179809738927
2023-04-18,14,87,0.17589252809996347
2023-02-12,25,168,0.6315692967269596
2023-12-10,15,197,0.8043267527160338
2023-12-25,23,136,0.792883147664373
2023-12-04,5,70,0.6631483632364867
2023-06-04,19,36,0.8469650221037486
2023-04-20,7,181,0.8593725164502868
2023-03-14,17,56,0.8210159738859071
2023-07-03,11,161,0.039633956756924826
2023-06-10,23,197,0.270660040166148
2023-06-19,24,183,0.1847458389479425
2023-04-26,3,76,0.013585356557480277
2023-01-30,18,137,0.20465671390641382
2023-06-01,19,186,0.805159404347492
2023-07-14,16,66,0.46658943874311787
2023-06-06,4,97,0.5067937965112407
2023-08-29,21,70,0.9399907000938024
2023-07-17,2,73,0.8023366849910919
2023-08-14,19,81,0.8478113983148797
2023-01-03,6,100,0.7700649698368272
2023-03-19,17,75,0.5307310323343417
2023-05-18,6,183,0.7844648966266289
2023-11-29,23,51,0.7246792225439583
2023-01-25,25,9,0.8467587544212626
2023-10-07,16,191,0.1657015183084447
2023-11-07,15,4,0.5515012476533822
2023-07-12,10,38,0.4520407426792813
2023-10-13,23,40,0.44260963476547965
2023-09-28,18,25,0.9885485278833308
2023-07-17,20,82,0.5302037588244141
2023-01-06,21,151,0.19447761515433215
2023-09-17,21,190,0.26855808419225025
2023-07-21,3,54,0.15932821243670547
2023-12-06,6,119,0.6082219794604075
2023-03-21,3,110,0.591069772886803
2023-06-10,14,174,0.11265350407500607
2023-03-21,13,88,0.08255657413402784
2023-09-14,15,24,0.1601844520021556
2023-06-13,7,183,0.23500024508704442
2023-11-25,10,34,0.1766802055972293
2023-12-29,23,178,0.5321833016509371
2023-12-09,9,137,0.5997384194286869
2023-12-25,24,4,0.9918043696284321
2023-05-20,6,91,0.08172087583467358
2023-11-26,1,46,0.1559663642368333
2023-01-23,19,118,0.9993929414520324
2023-05-28,22,173,0.3045438017996034
2023-05-11,15,46,0.8798854076644727
2023-10-17,7,43,0.3770400269086398
2023-06-30,24,73,0.143782279583773
2023-07-19,6,194,0.799986391119231
2023-05-30,16,1,0.8711795411781433
2023-03-21,17,141,0.46361141092952407
2023-01-24,4,162,0.8710307949333616
2023-03-06,22,12,0.16593866370561428
2023-05-25,8,111,0.20399326119141215
2023-02-10,6,149,0.6118260830981036
2023-07-16,13,158,0.9356024590031402
2023-08-20,16,9,0.128637160475926
2023-04-30,16,169,0.8652189784489981
2023-02-16,16,119,0.6631627137422628
2023-03-01,6,101,0.7494173838380421
2023-08-10,5,6,0.8172386930753097
2023-12-11,7,98,0.1258915826472492
2023-10-14,18,116,0.4287908389520455
2023-07-04,13,106,0.9381270843339513
2023-02-01,1,140,0.3490427660391586
2023-08-23,6,19,0.48735663669756857
2023-11-29,23,94,0.20564895634088498
2023-10-09,9,45,0.35181553932055576
2023-01-25,21,59,0.2200532288013457
2023-10-19,20,93,0.81995403057102
2023-05-07,1,64,0.15875514352966014
2023-09-17,7,180,0.5389714278637918
2023-05-18,22,124,0.2117556498716191
2023-10-21,5,173,0.24518178247683053
2023-12-22,23,67,0.924817203643382
2023-01-20,16,133,0.6018590247073896
2023-05-13,8,181,0.29398934193229964
2023-07-25,25,64,0.8764283569000622
2023-04-17,14,14,0.7238055527589331
2023-08-20,15,180,0.894440620177241
2023-09-13,19,162,0.26378793374750487
2023-11-05,16,153,0.30721858726090934
2023-12-13,14,66,0.8619681793680734
2023-11-23,13,171,0.33230671855405525
2023-10-11,5,104,0.11399171198111802
2023-08-19,9,39,0.01220955736676732
2023-11-15,19,11,0.1884441825060723
2023-01-29,20,141,0.17735962201915811
2023-03-01,20,139,0.7742341126529131
2023-02-05,25,98,0.08655658839252733
2023-05-19,4,78,0.7885387378900499
2023-12-17,25,58,0.5696275805065907
2023-01-30,23,128,0.5580189582215288
2023-11-09,1,111,0.4307800016932809
2023-08-14,10,89,0.4415622199328655
2023-04-20,20,111,0.26473784311019
2023-06-08,22,138,0.6997871780735493
2023-11-03,19,62,0.840747219109535
2023-10-22,9,54,0.8483704711798136
2023-11-04,18,64,0.41343504773629014
2023-12-09,6,165,0.7674305264203573
2023-10-10,12,172,0.659766703582369
2023-04-21,24,2,0.1307071749313249
2023-01-08,24,175,0.14797825898387384
2023-05-31,25,38,0.25386700383762617
2023-04-05,13,99,0.9265410000396401
2023-10-13,1,165,0.011863837160430268
2023-09-17,8,37,0.2691732675167249
2023-05-16,21,131,0.710281812399816
2023-09-10,10,192,0.7827819885977394
2023-02-03,12,167,0.14837479931533293
2023-06-16,9,46,0.4798001250991084
2023-01-13,1,122,0.5709518920548243
2023-02-16,1,64,0.8777862205209387
2023-01-31,13,94,0.27176247105216944
2023-04-07,21,50,0.3895101144685784
2023-05-10,19,67,0.7562966631693778
2023-03-06,16,27,0.8933116842032152
2023-11-14,16,192,0.6903869406250199
2023-09-17,8,75,0.45379794910663773
2023-07-20,5,89,0.1022259541216688
2023-08-09,18,20,0.28567259905665343
2023-06-05,22,54,0.5180687202662819
2023-09-25,8,9,0.5415412013873795
2023-07-02,1,200,0.1642631465644554
2023-11-26,17,91,0.23700353280293085
2023-08-22,21,84,0.19632883876314322
2023-06-04,23,97,0.9353207068435019
2023-08-28,22,82,0.22978953079423003
2023-11-11,11,178,0.8165652867639871
2023-12-10,21,102,0.43623623398780376
2023-02-12,9,165,0.49958280419107726
2023-03-08,3,133,0.15587286769818953
2023-03-23,18,193,0.06180558483799281
2023-07-06,20,98,0.467991534554276
2023-03-09,19,32,0.031392217655802135
2023-03-24,3,21,0.8335544584333574
2023-08-19,8,186,0.04628503347802748
2023-10-06,13,53,0.11157807991064861
2023-04-08,18,98,0.936105224526262
2023-01-31,8,26,0.9023302727376387
2023-02-20,24,27,0.10710136331677955
2023-09-03,20,126,0.476605278285123
2023-07-22,25,142,0.8935848747741844
2023-06-24,4,112,0.3219507348311592
2023-12-04,20,160,0.025550334915016903
2023-06-25,7,181,0.924233032629697
2023-08-28,21,161,0.6916678487257827
2023-03-18,13,38,0.13321273393287236
2023-03-26,2,47,0.05196540670947625
2023-12-26,25,158,0.5326146585430421
2023-06-17,6,76,0.8180953104460326
2023-06-13,5,90,0.34458849036389794
2023-12-04,25,94,0.2646615471327224
2023-06-30,23,85,0.07666326573023496
2023-04-18,17,199,0.7235730883161305
2023-05-06,25,110,0.8347512267457511
2023-12-20,4,94,0.7200660902996943
2023-02-21,21,173,0.8901506085269061
2023-09-12,25,173,0.6823177453693016
2023-05-30,25,22,0.944870005995504
2023-01-07,15,153,0.5132114416357231
2023-12-27,6,47,0.28632075967641046
2023-03-13,20,85,0.013791479058997136
2023-12-14,20,183,0.028974867395975767
2023-09-09,4,149,0.6552516294892553
2023-01-11,21,17,0.08027690605625981
2023-10-17,18,33,0.37356305468412865
2023-09-13,20,42,0.2921765756927923
2023-04-01,2,16,0.7574242765786824
2023-10-15,2,174,0.33991144220787173
2023-03-09,19,145,0.8674011747355665
2023-01-10,23,178,0.6055224453258109
2023-11-20,1,62,0.655356219925513
2023-03-28,21,64,0.1541261108782478
2023-01-19,23,48,0.5312449791342664
2023-09-02,16,100,0.5276022627552135
2023-04-12,21,199,0.00820282376871806
2023-07-20,20,35,0.28438078948781065
2023-05-18,10,21,0.5256572095899852
2023-09-07,11,162,0.12891864358907457
2023-08-04,9,59,0.11135013375917657
2023-01-07,16,131,0.4084525106623096
2023-09-28,20,5,0.8116382228628615
2023-05-28,10,100,0.9534026200068029
2023-02-22,17,66,0.007598663189471
2023-09-08,6,122,0.8534974094325245
2023-11-25,11,189,0.769620053176901
2023-04-30,5,192,0.4318647664174615
2023-09-22,25,174,0.6034486817535487
2023-06-24,9,75,0.7461289080923305
2023-01-21,7,12,0.0095680030835682
2023-06-03,9,182,0.33326940153681717
2023-08-30,8,33,0.06977998565216081
2023-01-03,1,169,0.5133907194257876
2023-05-24,14,112,0.13766587091591898
2023-05-20,23,193,0.5194326349570888
2023-08-30,6,49,0.4094342296682618
2023-05-30,6,176,0.24750039488078868
2023-11-07,7,181,0.9742841042587803
2023-04-08,18,137,0.8627622471329914
2023-07-28,22,89,0.1737220344456275
2023-04-14,5,192,0.18615939634768108
2023-09-01,10,81,0.9750060877099931
2023-03-22,12,160,0.65709007399809
2023-11-14,2,165,0.16300954812663315
2023-10-12,12,67,0.5953801407089101
2023-06-20,5,124,0.7224473200165936
2023-01-15,21,31,0.4273462195010733
2023-04-05,20,132,0.6384313323054085
2023-03-31,23,199,0.8395808541483107
2023-03-14,11,12,0.5755830545399695
2023-06-16,3,156,0.30615793325129126
2023-11-09,11,171,0.8446919173666122
2023-02-06,6,47,0.23732931839708105
2023-05-12,5,44,0.019621736254222144
2023-12-18,11,119,0.653131398360275
2023-10-13,14,160,0.48854166731912296
2023-06-04,11,103,0.9320081114109325
2023-11-17,9,185,0.23810264268448922
2023-12-14,23,38,0.7213780641463046
2023-07-12,15,175,0.9293744415014026
2023-08-16,3,175,0.7027834574539773
2023-01-13,5,156,0.7009768120423827
2023-06-02,8,6,0.09677990523227709
2023-03-08,7,136,0.39475988234749615
2023-01-28,1,105,0.005653266770864085
2023-02-21,23,74,0.28000330989739297
2023-07-14,12,163,0.7170117587231212
2023-11-13,22,155,0.3861424740466417
2023-12-07,17,149,0.36217301996959883
2023-06-03,14,18,0.6546919004544154
2023-08-16,14,64,0.991416868590584
2023-09-28,2,29,0.8176408707619952
2023-09-25,14,80,0.3607570092436544
2023-01-05,12,91,0.9704681925358326
2023-03-22,14,59,0.305214003660376
2023-05-23,4,75,0.2597091520620649
2023-05-08,3,34,0.9857636755668794
2023-07-04,2,8,0.4720823380981025
2023-05-20,14,57,0.6619804590342774
2023-03-09,19,167,0.17600693950961188
2023-08-24,19,170,0.77739699590799
2023-03-28,23,47,0.6451074059306797
2023-08-07,1,159,0.7182232823875335
2023-09-21,21,42,0.3998973469913799
2023-09-03,11,127,0.6405803476323316
2023-06-20,11,39,0.114211902018865
2023-09-19,14,164,0.04735703945870651
2023-05-07,4,112,0.08395579197751168
2023-11-28,4,37,0.7139041108789611
2023-11-23,21,146,0.7582925931885924
2023-01-21,2,66,0.4820855704253354
2023-01-08,21,109,0.16647647130598942
2023-04-16,22,132,0.7545941497152078
2023-10-26,7,126,0.7163794950496055
2023-03-21,13,106,0.5617214518451615
2023-06-19,20,2,0.748484326751579
2023-10-28,12,68,0.39746751657946533
2023-03-03,12,200,0.02083815382612264
2023-03-06,9,25,0.2653517353931951
2023-09-25,20,55,0.7894704353837506
2023-07-06,7,21,0.6778782693600353
2023-12-13,14,191,0.027167862571727985
2023-05-21,6,168,0.7993175206780225
2023-07-28,14,9,0.7424867168957409
2023-08-28,22,111,0.8760722967762957
2023-08-17,19,113,0.9476208677714844
2023-03-07,21,184,0.1381235115902063
2023-12-22,23,35,0.46187286591302645
2023-12-08,21,118,0.0012956712785956448
2023-01-01,9,129,0.5294925913351547
2023-05-16,8,196,0.00955597168181277
2023-06-05,13,126,0.004242923294305867
2023-09-14,22,151,0.7123771628702947
2023-11-30,4,63,0.15017329726865125
2023-02-09,24,163,0.9929617622688587
2023-06-22,3,48,0.44640951224003533
2023-03-26,15,60,0.8236305114521787
2023-08-01,6,50,0.8126497428356944
2023-10-27,2,63,0.8023553401209226
2023-02-09,4,165,0.8532574388036837
2023-02-08,13,141,0.047578447620147735
2023-09-18,15,196,0.9169697941816016
2023-07-16,17,57,0.5306381644171603
2023-09-04,8,132,0.4493735144814185
2023-04-18,13,21,0.28756071368993896
2023-11-05,2,191,0.9285456284024023
2023-07-02,11,61,0.2524331523779402
2023-05-29,18,189,0.8549910108842946
2023-04-28,22,8,0.19950691994084502
2023-12-25,2,136,0.8498460067791525
2023-09-28,18,161,0.590729250901598
2023-10-20,16,77,0.010708351440042785
2023-12-26,23,28,0.25612900175235764
2023-01-01,17,99,0.38495119223241026
2023-12-05,4,50,0.9332528397477883
2023-05-18,15,54,0.41878036506860117
2023-09-28,7,69,0.4115926126568795
2023-05-06,1,9,0.06893487510057195
2023-03-07,13,35,0.37195578885499714
2023-05-23,19,73,0.022110025566089986
2023-10-30,4,145,0.7903771219855393
2023-07-16,19,106,0.4093087671613227
2023-01-27,25,66,0.7435180389837711
2023-09-24,22,192,0.8441951489518899
2023-10-22,7,180,0.40989488323607015
2023-06-20,18,142,0.7680883075864215
2023-06-30,24,19,0.4030145304194198
2023-11-27,9,190,0.08351018303172819
2023-08-11,21,10,0.8624505022254303
2023-10-01,18,159,0.10034174240330074
2023-03-23,20,103,0.20160867424679063
2023-04-19,22,110,0.9283911898521162
2023-04-13,25,46,0.7121174934840011
2023-10-08,15,83,0.965933716639798
2023-09-21,25,152,0.12870171656540763
2023-11-17,11,91,0.9034969840016824
2023-05-05,1,52,0.6422943665021601
2023-03-01,13,66,0.659638000430885
2023-02-24,12,17,0.009818371978405849
2023-05-19,25,134,0.9694647054252205
2023-04-17,1,32,0.2822150607750318
2023-02-04,9,135,0.3759215613030229
2023-02-03,22,118,0.3385161554613145
2023-02-20,10,15,0.6703098857963492
2023-07-01,25,18,0.3809438026392282
2023-11-14,9,182,0.030834262970692472
2023-11-06,14,147,0.9056409732505533
2023-07-04,18,195,0.4129251129864231
2023-08-29,2,165,0.4688998585857046
2023-10-28,18,63,0.5001601355629781
2023-08-21,4,87,0.060802753380151286
2023-07-30,21,43,0.48750884306337117
2023-10-22,23,36,0.9286063578629332
2023-11-30,2,27,0.6306593499025737
2023-07-19,14,165,0.025594060577672773
2023-11-04,7,17,0.7081779743880258
2023-05-27,9,95,0.9110354589314295
2023-08-26,5,168,0.9059934557650425
2023-05-10,15,101,0.6264639029727457
2023-06-08,3,121,0.3614404385500014
2023-09-15,2,84,0.1870304658011157
2023-11-24,18,31,0.1299229744949595
2023-01-17,20,88,0.022654110981529252
2023-02-23,23,173,0.38576153535832525
2023-02-05,12,180,0.12906851251076856
2023-04-09,2,163,0.980617126349922
2023-12-26,11,13,0.22170789282210523
2023-01-30,4,169,0.509834748093353
2023-08-18,2,171,0.1662675976013055
2023-10-12,21,188,0.6452269418025529
2023-12-25,3,191,0.7779470526332076
2023-11-15,19,57,0.2384915155762235
2023-04-07,16,50,0.22216128259617018
2023-07-14,24,192,0.2630363571885491
2023-04-03,20,80,0.25264312865257577
2023-09-16,8,135,0.6972736339828096
2023-08-31,21,79,0.5722042440275572
2023-11-20,19,180,0.5135343067854292
2023-08-06,10,4,0.9072233425521053
2023-03-14,23,37,0.5906201216504777
2023-07-05,1,17,0.3435872754473439
2023-05-04,2,147,0.302019501878
2023-05-01,24,78,0.43882039381878835
2023-04-30,13,146,0.7670213644184697
2023-10-30,5,144,0.22767952676477776
2023-06-24,24,117,0.7168599313406055
2023-08-02,24,27,0.5427081640744047
2023-11-23,5,136,0.9414700229533094
2023-11-16,5,72,0.5427504444633807
2023-01-06,3,150,0.18803331299205828
2023-02-10,20,88,0.3973347467935252
2023-01-11,15,51,0.37003137860144053
2023-05-30,11,17,0.2502162860234939
2023-02-21,8,174,0.7529158018133508
2023-06-09,4,28,0.6618841133440534
2023-11-16,21,75,0.6320890283982575
2023-03-05,25,27,0.22715559473185787
2023-08-21,23,163,0.36291034063571526
2023-03-14,25,182,0.06805240693203707
2023-09-29,18,147,0.1316035384807619
2023-02-05,15,140,0.1186507762327621
2023-09-07,19,157,0.5777137081756328
2023-12-23,20,146,0.17427871545774165
2023-08-26,15,7,0.27577962266562195
2023-08-21,24,142,0.6022981243910053
2023-02-10,17,4,0.06333914650419137
2023-03-04,3,190,0.5489442425757268
2023-05-08,6,32,0.1623088259007014
2023-07-20,20,31,0.7446861056705708
2023-10-03,19,194,0.8570541388701118
2023-10-19,15,11,0.2567134204263455
2023-12-27,25,11,0.011873777193306956
2023-09-29,25,104,0.8490939543498829
2023-06-18,24,82,0.2798204094632749
2023-12-24,1,156,0.00795010072995106
2023-03-15,19,155,0.6998560678565662
2023-03-03,20,182,0.9955592411429506
2023-04-18,8,35,0.8685751146491839
2023-09-26,17,74,0.7332822531984815
2023-10-15,15,100,0.6035353478940458
2023-05-03,20,49,0.6087191541053202
2023-12-23,7,36,0.19613452333473202
2023-10-22,21,39,0.3137238559567459
2023-03-09,23,110,0.4223290961410714
2023-10-21,12,101,0.44614101573626086
2023-03-11,8,7,0.8060337923899568
2023-02-22,3,138,0.7443337793845842
2023-01-17,14,187,0.349248219258952
2023-07-03,3,75,0.1096922698317283
2023-02-09,23,32,0.4966928293511207
2023-10-14,19,65,0.1734168923612428
2023-06-28,24,199,0.772195553585369
2023-11-17,3,2,0.93257345212364
2023-03-20,22,152,0.2698444991060317
2023-01-30,24,99,0.3426277946674461
2023-02-06,1,11,0.1640365168382335
2023-10-25,18,2,0.22329070011039232
2023-04-01,12,115,0.3201200025585299
2023-08-06,17,105,0.36140304100100074
2023-06-22,6,125,0.8903020477560267
2023-02-11,19,119,0.45876349078614853
2023-11-01,9,81,0.7974058852852408
2023-09-10,9,165,0.5313685571776476
2023-10-27,13,54,0.06464987979066561
2023-11-02,17,106,0.7223105918210229
2023-04-30,9,32,0.545062546864732
2023-07-06,23,114,0.8825344427024611
2023-11-13,12,42,0.8268235743486166
2023-04-26,21,103,0.9802125471136465
2023-05-19,7,39,0.8510170058648601
2023-04-23,25,175,0.14101492267535976
2023-12-28,12,149,0.9200053157108122
2023-11-23,2,149,0.41377131609275275
2023-11-19,22,129,0.013009449110579219
2023-07-17,13,164,0.2823755360778162
2023-04-19,15,69,0.07417105212813957
2023-01-16,3,125,0.8005931360082499
2023-08-01,7,156,0.49600509401850257
2023-06-09,15,117,0.7790753881614603
2023-02-03,4,152,0.09015618497639266
2023-04-19,7,46,0.6877172581283092
2023-12-21,17,103,0.9099207777099885
2023-11-04,19,180,0.9853361136046722
2023-05-29,6,170,0.3524158777976014
2023-08-22,14,145,0.8299564669245227
2023-07-21,16,17,0.5712382399990524
2023-09-27,5,55,0.5149697177826686
2023-09-01,3,93,0.12191172881108281
2023-12-25,21,134,0.17702480614098492
2023-04-19,10,97,0.6601301148494935
2023-06-07,6,117,0.5649641181643771
2023-03-01,1,130,0.30002677491268626
2023-12-30,7,138,0.2602706161504692
2023-01-08,17,136,0.7052259459286291
2023-10-19,5,11,0.8451307983042757
2023-03-05,13,72,0.45912920313721095
2023-09-29,7,188,0.14445982446294692
2023-07-18,22,110,0.5564357374900881
2023-07-25,22,129,0.4541944516218014
2023-12-14,3,89,0.4464176960602747
2023-07-21,20,52,0.021764854075916773
2023-09-16,4,90,0.24028022348859046
2023-03-31,13,44,0.44786054562412536
2023-02-17,5,7,0.35154879738167044
2023-11-01,3,45,0.19027344023613257
2023-08-24,10,162,0.01513887627465249
2023-05-08,2,144,0.1952793795327007
2023-03-07,22,82,0.5951954867232364
2023-01-12,18,175,0.2110921535924013
2023-07-09,5,88,0.6919280646405448
2023-10-29,1,93,0.008929114513907765
2023-10-14,14,153,0.5370827887038007
2023-09-18,22,89,0.5103063468277318
2023-04-27,17,51,0.6791570136521263
2023-06-09,18,72,0.18064226347179568
2023-07-25,4,163,0.45978620469275455
2023-10-15,18,92,0.5940582359649867
2023-01-16,22,62,0.557476277797752
2023-10-03,6,78,0.38209319421715204
2023-02-16,7,176,0.7182948417448529
2023-01-15,25,71,0.9345748668208386
2023-12-06,19,48,0.26997017533999257
2023-01-28,8,166,0.6909096948601097
2023-11-26,17,10,0.229493043109665
2023-07-15,13,18,0.03567225148101594
2023-04-15,9,61,0.8832746256113838
2023-05-29,14,196,0.1417362412793154
2023-03-11,17,77,0.7434694575274259
2023-10-29,2,105,0.8109064896809322
2023-04-10,7,40,0.26670962417060806
2023-03-31,20,141,0.2421395346519709
2023-07-15,23,59,0.4780842454218027
2023-12-06,14,86,0.2544921085044639
2023-10-25,1,81,0.8218729119878323
2023-07-27,1,63,0.5046301286319909
2023-11-24,16,176,0.23767151063589975
2023-12-28,20,29,0.7673108777679194
2023-06-23,3,129,0.5795131113598935
2023-08-11,3,92,0.8062425736688779
2023-12-04,4,94,0.8547758723683113
2023-10-06,5,37,0.12571481139745988
2023-09-15,21,143,0.8974282663029137
2023-03-31,8,104,0.9157693073840235
2023-07-07,17,18,0.44805704167707694
2023-06-24,10,104,0.971048066665732
2023-08-16,16,55,0.6231544012737343
2023-02-08,23,121,0.3598913067936552
2023-10-11,7,109,0.055310642812297584
2023-09-27,11,36,0.25297733809721124
2023-09-23,9,148,0.1274692741403156
2023-09-21,17,38,0.8162070905014805
2023-11-26,6,153,0.6904765809555259
2023-01-25,14,194,0.2482907730698336
2023-08-17,13,21,0.9337123537703099
2023-09-16,12,135,0.8272272402566075
2023-08-20,15,148,0.2834603174715027
2023-09-18,16,4,0.4297604975875058
2023-10-25,19,38,0.9133636654329651
2023-03-26,1,67,0.7395510756633872
2023-11-09,24,161,0.3145095927967573
2023-03-07,8,129,0.16262701840554594
2023-05-25,11,74,0.09806221494953027
2023-05-11,22,114,0.24238947377037667
2023-06-22,12,79,0.7663547872637022
2023-05-26,10,105,0.5773178548131381
2023-06-25,20,118,0.7695404841009003
2023-11-29,23,181,0.7073151603118389
2023-06-10,7,63,0.7765660897289661
2023-12-08,13,182,0.46200750010171043
2023-06-01,24,125,0.08595384163604614
2023-01-15,25,17,0.5872084070330206
2023-10-19,23,151,0.1758545096745795
2023-08-26,10,43,0.7734803080671829
2023-05-29,15,141,0.3659551981082064
2023-01-27,4,153,0.8253031072518626
2023-09-05,2,56,0.7848653958325489
2023-03-17,14,116,0.22359136961988846
2023-03-29,11,10,0.7886045180958322
2023-07-10,23,116,0.2638168446350737
2023-04-15,22,69,0.7908375941209265
2023-07-04,1,32,0.6821160203233678
2023-08-09,11,103,0.3980079370933506
2023-09-08,4,151,0.028075028822906134
2023-07-31,16,44,0.5085398421375352
2023-02-18,15,99,0.023211706562054624
2023-01-30,23,157,0.1527016410907135
2023-08-27,15,70,0.49112691466025116
2023-06-10,7,129,0.23165827476419865
2023-12-01,11,12,0.25814408107632136
2023-11-19,18,173,0.33367084272290093
2023-05-03,19,103,0.08887364262124442
2023-10-31,21,99,0.3435914115062946
2023-12-08,6,54,0.43941695814728077
2023-09-08,20,26,0.038452375441191955
2023-08-20,7,127,0.5603190508557112
2023-03-16,9,200,0.005384760218099749
2023-12-02,22,184,0.5301763184884798
2023-07-14,22,144,0.7424629936608728
2023-01-02,4,2,0.8691896896880363
2023-02-21,7,20,0.6385819353187243
2023-05-27,5,42,0.15902053798775295
2023-12-08,8,20,0.02268851331973043
2023-08-11,15,162,0.8188269516806609
2023-03-20,1,115,0.5947986592932752
2023-09-22,24,195,0.29274289910597173
2023-10-19,13,33,0.4581856038957941
2023-10-20,16,29,0.40070153353813365
2023-04-13,6,112,0.8462479205473905
2023-04-05,6,104,0.39873288564843
2023-04-05,5,50,0.927559622795934
2023-08-03,15,64,0.6092908645052842
2023-07-13,24,137,0.4706486694217341
2023-07-19,4,53,0.3663498977339815
2023-08-06,20,123,0.7771299510619502
2023-06-29,25,115,0.019491965737702177
2023-11-08,23,7,0.3779815041584744
2023-05-05,4,170,0.8332840217617835
2023-07-15,24,134,0.3102325710145315
2023-08-15,13,189,0.904391853361052
2023-04-28,13,5,0.7271430066250458
2023-02-10,16,30,0.2731634394565413
2023-10-29,9,100,0.17866552952173276
2023-01-09,14,191,0.4234087276382762
2023-02-22,18,16,0.8832811557336969
2023-06-14,13,112,0.7923365042950636
2023-08-19,21,180,0.19983711617786037
2023-02-14,5,71,0.0958810480236787
2023-04-25,9,174,0.5911801212234692
2023-04-20,5,143,0.17512143170627814
2023-07-15,7,99,0.0864452768448718
2023-05-15,4,156,0.7741483926202306
2023-09-12,14,60,0.6471262501424923
2023-11-01,20,124,0.5974646670495893
2023-01-03,22,139,0.7767790688927129
2023-06-20,3,130,0.2932510020123047
2023-05-20,3,170,0.4282488201272737
2023-09-22,11,166,0.5369667638069743
2023-09-15,4,118,0.7682045194770605
2023-11-09,18,60,0.5706083526184592
2023-11-30,20,82,0.3676816082057025
2023-03-17,18,52,0.2026332425284657
2023-09-20,23,53,0.3697136009935913
2023-04-25,20,7,0.9936463660798176
2023-12-14,8,192,0.012565078785037986
2023-04-11,8,108,0.8265096375623432
2023-02-03,19,32,0.7898697695563914
2023-01-10,22,81,0.6489128254011318
2023-02-08,15,81,0.22355781236586658
2023-04-21,22,113,0.8846291331045141
2023-04-28,5,180,0.5609577568306818
2023-11-29,2,72,0.813485507544652
2023-12-18,5,114,0.82842437811127
2023-10-01,8,13,0.567427654511218
2023-11-14,18,9,0.7677963559405019
2023-05-08,21,191,0.8410793224006176
2023-03-19,17,126,0.7342038453741354
2023-10-22,3,102,0.0920761957497035
2023-11-03,11,67,0.8781409463388942
2023-08-11,10,13,0.436396846381754
2023-08-17,8,120,0.04067265608747073
2023-05-29,3,12,0.9717195793451039
2023-04-29,18,58,0.36764944174027014
2023-01-23,21,85,0.33455645834538994
2023-02-09,7,131,0.8870415152318054
2023-10-27,12,53,0.6590538053903829
2023-07-22,3,186,0.32967706058132995
2023-06-04,14,21,0.9889502022170366
2023-06-26,21,105,0.6442116476944698
2023-07-06,21,164,0.5707749900143847
2023-10-05,21,96,0.8020079265872164
2023-11-10,11,155,0.1929635131977374
2023-06-16,5,149,0.0034387599257797996
2023-08-27,3,1,0.47503978105930467
2023-03-14,10,116,0.5321216864787418
2023-04-09,14,71,0.8483719642174173
2023-03-14,7,200,0.49434083731148215
2023-10-02,22,163,0.7621009769307409
2023-07-14,6,111,0.16234996706812543
2023-07-23,22,140,0.9183152626645251
2023-11-23,14,110,0.17472307119165031
2023-06-30,15,63,0.2142894398326567
2023-05-28,11,62,0.36913387640980466
2023-09-07,13,91,0.05605084545784733
2023-08-30,3,76,0.7115319657993983
2023-01-21,12,95,0.23209960730383916
2023-01-12,13,38,0.24509166191152876
2023-07-23,5,8,0.1584358952432965
2023-01-18,3,38,0.4135621316548581
2023-02-25,1,65,0.19333141986207258
2023-06-16,16,116,0.6901246824973664
2023-10-21,24,29,0.7692146554735467
2023-02-14,22,122,0.40105598885945093
2023-05-18,20,127,0.6883456126474218
2023-06-06,18,172,0.6524135806388608
2023-12-14,25,15,0.20664494601392225
2023-05-08,17,157,0.619295916536693
2023-05-07,10,77,0.09065434486330326
2023-11-27,13,136,0.7820017786059795
2023-06-27,1,157,0.393611487334545
2023-04-04,24,11,0.42592481655852743
2023-10-27,13,27,0.5198194399276926
2023-11-02,4,173,0.559921522558352
2023-05-16,23,175,0.6365892442390453
2023-04-08,14,153,0.20346964625695996
2023-03-25,8,167,0.21516614662834843
2023-01-10,24,106,0.2718149603156216
2023-06-29,25,151,0.5173158460973226
2023-07-24,24,151,0.5810450694865299
2023-02-16,4,139,0.9753025649740563
2023-08-21,2,109,0.6625410423654083
2023-03-21,22,137,0.4449436847384469
2023-10-09,2,23,0.2002393104398137
2023-01-09,18,193,0.32024705405728815
2023-06-28,16,124,0.9266113960269284
2023-09-22,20,193,0.7695173138297124
2023-01-20,11,34,0.2707454239857544
2023-11-17,16,59,0.6129521114590428
2023-12-21,25,94,0.1937615845479953
2023-09-24,3,176,0.781765425735455
2023-01-11,5,56,0.20542268039471057
2023-12-31,11,109,0.6149118052696295
2023-04-07,22,78,0.7502213125279882
2023-02-24,23,190,0.1414641563193264
2023-10-28,12,118,0.367967379265991
2023-10-24,18,186,0.6418460232064933
2023-06-19,19,59,0.39571733570567125
2023-11-18,6,116,0.3652455155751785
2023-11-10,19,129,0.7539722384666644
2023-03-23,21,31,0.24714927623570293
2023-09-21,9,17,0.623197431891033
2023-12-05,18,172,0.385497090347265
2023-12-23,10,179,0.7465507063113772
2023-09-11,25,194,0.10528106809565807
2023-08-24,13,116,0.0725002643874616
2023-08-19,8,122,0.4201213852816196
2023-06-06,15,119,0.5711617152758217
2023-06-20,1,153,0.70909318999508
2023-05-14,3,24,0.7814999848903905
2023-04-18,9,39,0.7863152387571911
2023-04-27,15,82,0.2466898652488244
2023-04-24,6,82,0.8129027883605411
2023-01-24,10,26,0.8470474074935229
2023-10-16,18,53,0.9516383530846767
2023-06-03,10,86,0.37513658863251953
2023-07-26,20,157,0.41498825882715695
2023-01-23,2,54,0.24721399592043547
2023-03-03,14,95,0.3952561565674856
2023-03-19,22,170,0.09748898113245374
2023-01-30,19,24,0.8592510392426641
2023-08-12,25,151,0.4661882145490218
2023-09-25,10,168,0.891361855804773
2023-02-04,21,58,0.2408482212315326
2023-10-23,3,38,0.8197980380761293
2023-07-19,18,58,0.575213844677815
2023-10-09,5,108,0.8143384202421848
2023-05-16,14,131,0.744649874095736
2023-03-08,13,23,0.5890101836616443
2023-01-25,7,93,0.4418727947412211
2023-06-13,9,160,0.9245265029218203
2023-09-17,19,191,0.03946794376233753
2023-02-22,22,60,0.7021087962257031
2023-11-30,19,199,0.28202140828193756
2023-09-03,4,154,0.9392237999155059
2023-08-28,12,45,0.80718209719438
2023-03-21,1,150,0.33269755128252887
2023-07-30,23,82,0.8988900690175748
2023-12-25,25,46,0.863361329901934
2023-09-19,25,133,0.9735920730148735
2023-01-10,21,43,0.5932453899093367
2023-06-25,14,93,0.6140716216792199
2023-04-05,6,147,0.0178306548773296
2023-11-24,11,135,0.2097401289992069
2023-01-16,2,64,0.4276761528443188
2023-07-18,1,154,0.6842659357047219
2023-03-30,4,145,0.7328203464730904
2023-05-24,9,188,0.3135242413760544
2023-06-24,3,7,0.9738211425105469
2023-06-07,12,173,0.5282838178120695
2023-05-21,21,64,0.8550758683805556
2023-07-31,15,42,0.037928105996699046
2023-06-22,19,70,0.34996266059258985
2023-01-30,15,168,0.8301037687369378
2023-09-23,16,153,0.4029142283135928
2023-01-14,12,73,0.8468582363310181
2023-10-13,7,3,0.45374009937561344
2023-10-01,21,115,0.2462889761181326
2023-04-18,6,60,0.30921403003490977
2023-02-10,11,41,0.7470303396871928
2023-03-29,4,186,0.03867491693282166
2023-11-07,6,152,0.8170293207895378
2023-01-19,10,12,0.8340928161140936
2023-03-06,24,184,0.4036901401615882
2023-06-29,9,28,0.262055729912562
2023-10-15,2,53,0.8049750988305193
2023-09-12,21,36,0.3937292447496711
2023-12-09,25,19,0.375867424353018
2023-12-04,11,61,0.8145780116360504
2023-10-09,12,10,0.8722796683483186
2023-02-05,10,160,0.7654446411242555
2023-09-26,5,194,0.48039981768444817
2023-03-29,6,17,0.27952311954202835
2023-06-17,23,36,0.2955999899169106
2023-12-30,20,4,0.2853871405432048
2023-02-12,17,178,0.6532594689866642
2023-11-28,18,129,0.5315569534897154
2023-04-13,13,190,0.9738870028641002
2023-07-13,16,157,0.7114838033071621
2023-08-01,13,32,0.3236341181235469
2023-01-14,23,81,0.6546733128865415
2023-06-08,6,196,0.2848082563388378
2023-12-05,9,14,0.35816858278729513
2023-01-28,5,81,0.02680873015745855
2023-12-21,8,186,0.9666462542332049
2023-03-20,7,12,0.99850391287576
2023-11-05,1,117,0.8256452809199087
2023-01-02,7,114,0.7685167155559022
2023-05-01,10,18,0.6438409253485939
2023-04-20,21,36,0.2604819605718338
2023-02-28,9,150,0.8002496716971421
2023-05-01,13,198,0.9690084199390041
2023-01-03,11,13,0.04597966314969948
2023-08-09,23,18,0.5658469106139502
2023-05-17,18,99,0.25635967090808154
2023-11-10,5,111,0.9506717935942033
2023-10-29,5,66,0.7701747276326733
2023-12-04,16,28,0.39002038713654075
2023-01-08,1,126,0.6930533924251553
2023-09-13,23,58,0.604777091232045
2023-04-22,5,16,0.68694177511281
2023-08-28,16,173,0.5605919276033365
2023-07-10,13,54,0.8207402867039624
2023-12-02,20,179,0.3730111773888297
2023-01-24,12,48,0.8242354547561456
2023-01-29,6,65,0.07887006443534439
2023-05-10,18,132,0.23624466123480115
2023-07-02,11,120,0.5279139756272172
2023-04-29,24,180,0.5142664385584459
2023-05-21,1,30,0.14752180591819852
2023-06-20,25,20,0.6914242776152361
2023-12-02,1,173,0.44315784717075823
2023-02-24,2,119,0.3797623696760246
2023-08-21,10,144,0.7559384394296145
2023-02-26,2,58,0.657165791890727
2023-06-13,9,11,0.6181538202256976
2023-10-01,4,94,0.3122270711769919
2023-11-07,25,133,0.9397811659535832
2023-10-08,14,92,0.6831457748628331
2023-10-12,2,81,0.019546382882998925
2023-11-29,16,115,0.38102240733205617
2023-05-27,19,47,0.18505676195548337
2023-07-28,15,149,0.7314808796563365
2023-04-28,7,13,0.8702332071856501
2023-09-23,7,160,0.6900328585075794
2023-01-11,12,188,0.0012543245368271672
2023-02-06,18,4,0.9446155233072777
2023-07-24,4,1,0.8194624884768754
2023-04-02,18,128,0.33298602054405035
2023-12-23,24,119,0.4808558240783969
2023-07-25,14,152,0.6002566277502945
2023-08-21,12,135,0.012673102188438645
2023-06-19,21,175,0.8224532219296983
2023-03-10,11,12,0.706195757535329
2023-06-09,6,66,0.6329961057294429
2023-03-31,17,68,0.43790235255440757
2023-05-25,1,71,0.7270535391887827
2023-05-13,5,99,0.87054261227152
2023-10-03,3,125,0.5502317677686973
2023-05-10,5,118,0.8891525720262543
2023-11-18,11,51,0.11702797263319353
2023-12-10,3,96,0.686767559766208
2023-06-04,7,84,0.553490733857956
2023-05-09,18,138,0.09483539889092918
2023-04-26,9,48,0.7410189514923742
2023-02-25,20,145,0.27676935672132286
2023-12-11,3,185,0.5700190321654647
2023-03-27,3,129,0.6033002720201431
2023-10-23,8,173,0.7919062418292607
2023-08-21,8,64,0.24379507233392606
2023-01-25,6,44,0.08694661254596792
2023-10-27,23,159,0.08384096209137948
2023-02-11,12,41,0.7955558281411884
2023-03-10,5,112,0.5665768229232631
2023-02-20,2,195,0.06298319112155026
2023-06-14,19,146,0.8882464993324217
2023-03-04,18,38,0.25716600436044945
2023-03-04,4,49,0.9601773355862407
2023-10-30,16,109,0.4401162007268743
2023-02-04,19,94,0.7974550375582138
2023-12-26,24,1,0.741186384555842
2023-05-24,3,198,0.019895907258884793
2023-10-18,6,63,0.5631776984632891
2023-08-30,19,37,0.6679628752530005
2023-06-24,4,157,0.4671452564266789
2023-12-11,19,76,0.39892914041870164
2023-10-20,3,181,0.24346715672121355
2023-10-15,13,89,0.6932708422940738
2023-02-19,1,150,0.2151551161702593
2023-06-18,13,139,0.11994754548992015
2023-01-15,2,35,0.24881786613151513
2023-09-22,22,181,0.009066695994201623
2023-11-20,3,14,0.34925135269826035
2023-06-14,20,12,0.36313892366877987
2023-04-18,12,41,0.6693700944628981
2023-06-03,1,169,0.6420218242440813
2023-01-26,5,176,0.7273039183945267
2023-07-04,19,57,0.07846635155707316
2023-02-08,3,35,0.5712837231481112
2023-07-20,25,79,0.004454886240769285
2023-10-29,19,152,0.9699949306614859
2023-09-28,19,17,0.8820769345018578
2023-02-10,16,82,0.41386146786099387
2023-09-16,16,44,0.1106746228758454
2023-06-04,19,37,0.4518832925512575
2023-03-21,1,70,0.6280753989133707
2023-01-16,25,200,0.27292545426478654
2023-04-14,11,114,0.6709295249714281
2023-01-14,25,151,0.3827680055652821
2023-05-07,18,33,0.07620401432310864
2023-11-29,25,131,0.6371504408789914
2023-03-03,25,147,0.6224928337235821
2023-11-27,2,41,0.9644185671301484
2023-08-10,10,60,0.35246854460622545
2023-06-29,20,103,0.17629513371841232
2023-12-22,7,148,0.09423143344182439
2023-12-18,24,149,0.8734950513455757
2023-09-06,14,59,0.376499119998707
2023-06-26,9,101,0.9113906889293728
2023-10-03,24,97,0.9597125329220075
2023-06-09,15,163,0.16406616224472914
2023-10-07,14,192,0.18092285119756957
2023-01-30,5,22,0.8907795636133281
2023-10-11,25,180,0.1666990860800791
2023-11-05,8,191,0.3586330281212723
2023-01-04,16,180,0.8113412799344932
2023-02-16,24,35,0.5319371715779438
2023-03-30,25,83,0.10488229787716952
2023-01-04,19,96,0.892862796574754
2023-08-12,21,54,0.3876632589407779
2023-06-12,24,128,0.2998702738203619
2023-06-17,11,191,0.8793910703661947
2023-07-28,17,4,0.9635862696449193
2023-11-19,17,160,0.718822558829448
2023-01-13,12,138,0.5369146216522174
2023-05-10,18,175,0.28812906258245896
2023-12-03,1,20,0.351835375280674
2023-06-27,7,77,0.29206548546582634
2023-10-02,6,42,0.29722623054743247
2023-12-08,23,198,0.7006795254631505
2023-05-12,11,30,0.42102641856548995
2023-02-02,21,169,0.48395412215155686
2023-09-16,1,117,0.7565156045684521
2023-02-08,19,152,0.2564015461196604
2023-12-21,23,42,0.3015757580175904
2023-03-17,8,118,0.9854634070620547
2023-12-15,4,26,0.1862833097522013
2023-07-31,9,25,0.8066664240897037
2023-11-12,19,197,0.8321547131221902
2023-04-19,4,117,0.05344439092593911
2023-09-21,2,153,0.9057573812237381
2023-11-07,24,23,0.18215848452143657
2023-07-26,5,103,0.01320333586197564
2023-07-29,9,71,0.06293261916564885
2023-03-21,9,8,0.8725842086287717
2023-08-08,16,180,0.6120823450704749
2023-06-02,23,170,0.9467463070615515
2023-12-25,15,54,0.5974692370909478
2023-12-30,1,139,0.069222492042325
2023-07-18,20,21,0.7938089562732243
2023-08-16,17,185,0.9758762502184771
2023-06-15,2,144,0.49931053881916154
2023-07-27,19,152,0.7018571180047717
2023-10-19,19,66,0.3562815270124017
2023-04-16,13,45,0.553321441920254
2023-05-27,14,87,0.23835239327908986
2023-11-10,24,74,0.39391071558862334
2023-02-17,9,171,0.8008984117461688
2023-12-10,12,133,0.678217433068246
2023-01-24,23,9,0.7799909388663862
2023-05-10,15,52,0.7449972874050432
2023-03-08,4,66,0.543350427199624
2023-05-21,23,192,0.9116924417094061
2023-07-01,7,54,0.35806764513001266
2023-09-23,24,20,0.5153081953700882
2023-11-10,7,81,0.0866535033020237
2023-08-21,12,90,0.02121766704246164
2023-09-14,15,174,0.8363990204516645
2023-05-08,4,60,0.47268400397970267
2023-09-11,3,151,0.5660226621037551
2023-01-31,10,135,0.46556076144393643
2023-04-18,23,1,0.4532793028426616
2023-06-16,20,34,0.8593021041786414
2023-01-15,16,186,0.0056839611849504035
2023-06-09,22,31,0.6871523724519166
2023-06-17,6,142,0.9628109977850549
2023-07-26,12,191,0.7675676381361081
2023-11-27,20,146,0.9939944164490904
2023-07-15,2,172,0.2945028964300165
2023-05-26,9,32,0.6379683045051466
2023-03-10,12,84,0.9460125624069713
2023-04-18,24,52,0.9288582251292065
2023-12-26,13,40,0.08368975476443608
2023-02-18,4,183,0.45097424100839023
2023-04-15,13,27,0.1116953333225027
2023-09-17,10,166,0.6255469826616529
2023-06-29,6,41,0.08022703794360087
2023-10-22,7,170,0.04559889584130217
2023-10-04,19,83,0.16022771182531426
2023-07-28,11,150,0.7487560230022581
2023-08-15,18,195,0.4888902909109093
2023-10-28,14,28,0.9550462950186368
2023-03-06,11,112,0.281284238816503
2023-08-23,23,57,0.3546626537946831
2023-04-17,12,112,0.9207011959231214
2023-11-13,25,137,0.20681928597516885
2023-11-08,17,58,0.4643395121893822
2023-05-17,18,65,0.16828375789985694
2023-12-12,5,53,0.1309003443864002
2023-10-22,1,96,0.8171086616673833
2023-07-28,4,44,0.7770002115030886
2023-04-30,3,139,0.29071754729599764
2023-03-11,10,155,0.022157620659634447
2023-04-15,14,112,0.19025424123859158
2023-02-03,25,63,0.35616148394007885
2023-12-20,13,60,0.1324281531367133
2023-08-23,23,89,0.5776084187501846
2023-04-22,23,11,0.4071141996837805
2023-05-13,15,162,0.8150276239784021
2023-01-06,12,46,0.6240334374477546
2023-06-28,23,38,0.20023250087869682
2023-07-09,10,66,0.811701432106743
2023-11-09,24,42,0.1383285315926328
2023-07-03,20,143,0.38574683890684747
2023-06-02,24,98,0.025382930906815093
2023-09-13,12,54,0.933307474127327
2023-01-07,22,119,0.9170627183942149
2023-06-09,20,184,0.47823006409584423
2023-03-29,5,12,0.8701838198327789
2023-07-04,19,99,0.3241378965330297
2023-05-28,7,163,0.6314952116071672
2023-12-22,15,19,0.1441252198400258
2023-08-02,15,177,0.756993769704922
2023-05-10,4,22,0.7113551558910949
2023-09-23,6,120,0.4033752766879969
2023-09-01,18,159,0.9848851448152002
2023-05-15,10,109,0.2922970522034184
2023-08-07,15,136,0.2999482558803177
2023-03-23,20,68,0.23775546437203576
2023-10-07,21,124,0.6438705404099859
2023-02-18,2,61,0.5460117899793342
2023-06-07,17,58,0.07055208161754167
2023-05-24,10,165,0.8434482526301136
2023-06-17,18,166,0.694768749184303
2023-03-02,4,21,0.8947932755538287
2023-02-08,16,169,0.06986935328200117
2023-02-14,18,99,0.5201936746975607
2023-03-06,19,119,0.48043486614278175
2023-09-13,22,168,0.13901267234643433
2023-04-15,15,3,0.287700217438982
2023-07-03,6,190,0.3067448932738661
2023-07-29,22,113,0.4835892677049367
2023-02-02,23,10,0.4985419823078666
2023-03-19,13,134,0.7311131811296636
2023-08-24,21,15,0.835522733122041
2023-07-15,11,97,0.005570130013786256
2023-01-07,19,9,0.526176213449837
2023-09-19,18,139,0.4886131945307073
2023-01-23,25,183,0.07299335071034907
2023-02-27,21,81,0.9247700219981554
2023-12-12,20,91,0.18239755870927588
2023-12-31,12,3,0.5488569196711046
2023-04-13,7,67,0.03691311852617363
2023-02-18,13,9,0.09822781825788052
2023-08-06,17,45,0.2686244636352524
2023-02-15,13,36,0.06837581416267458
2023-05-22,24,56,0.3646027173638918
2023-05-23,13,168,0.9161571933624316
2023-02-16,23,120,0.28547091963505133
2023-07-31,5,199,0.9466254655749743
2023-12-25,20,59,0.8282016451996775
2023-09-25,21,195,0.9592418659893189
2023-08-04,23,103,0.16670583604076106
2023-09-27,13,73,0.521266871605792
2023-07-22,16,58,0.04502604641277508
2023-06-21,12,123,0.6329203066725062
2023-11-27,10,180,0.38056784564178203
2023-03-29,7,100,0.248220597503774
2023-04-24,8,116,0.3142380734207816
2023-03-01,15,21,0.3038436850913322
2023-01-01,14,58,0.8146050084084862
2023-05-13,2,194,0.6272450726289319
2023-07-15,22,70,0.7910464367821882
2023-03-06,8,108,0.7835455085654524
2023-05-29,19,42,0.7971375547403635
2023-11-19,7,17,0.6041161820570514
2023-04-20,25,35,0.8659990566983257
2023-06-23,4,36,0.09431793361159069
2023-09-06,18,64,0.1512026075941305
2023-08-21,23,33,0.6984778641227941
2023-07-04,20,8,0.7743678351145467
2023-09-09,8,142,0.44603989306344327
2023-08-27,5,23,0.07336846558689059
2023-06-19,5,37,0.4077132263551654
2023-08-26,15,74,0.24211240769915898
2023-11-24,15,122,0.0563494073056402
2023-08-03,7,196,0.7526108441070414
2023-05-31,20,2,0.23645537635309044
2023-06-12,7,103,0.32755251072271085
2023-12-13,9,109,0.5385940242461986
2023-06-25,9,24,0.6324361696706653
2023-10-23,6,110,0.26350301772463613
2023-08-26,18,41,0.35286850070815956
2023-03-01,2,147,0.35288565059041055
2023-05-06,8,37,0.8447912963680749
2023-03-07,3,36,0.6915446294230775
2023-03-24,3,197,0.761230306346329
2023-03-03,17,123,0.5427892594199702
2023-02-24,24,15,0.5143654601226196
2023-12-28,3,192,0.9419436843535136
2023-01-03,13,24,0.33104209303962007
2023-08-01,3,66,0.7018964442012292
2023-08-30,16,183,0.5674665399686253
2023-06-19,24,58,0.501909620357509
2023-03-05,12,45,0.9684550710278887
2023-07-13,2,175,0.40828996156969466
2023-03-06,3,136,0.7523049148849095
2023-01-08,2,61,0.5037960894241901
2023-06-07,1,145,0.8097040457194532
2023-06-23,23,127,0.13043883805337153
2023-03-18,4,12,0.2817173115132886
2023-09-10,21,155,0.8373056465505909
2023-04-15,9,98,0.8018748762618856
2023-01-06,22,194,0.5943619612171264
2023-10-10,1,45,0.8170769100521209
2023-11-20,6,40,0.5803890864548495
2023-10-31,3,187,0.5831724034112805
2023-12-30,11,181,0.8490232831256506
2023-11-21,21,167,0.262560446091451
2023-02-24,12,9,0.7014706455403203
2023-01-26,8,32,0.2990691205477123
2023-05-13,25,35,0.9846867590106994
2023-04-14,17,58,0.131486295248333
2023-08-06,21,179,0.1771101253824786
2023-01-31,7,30,0.8936361939105968
2023-03-23,3,120,0.8286729226547372
2023-01-05,20,135,0.9916280630622664
2023-03-09,8,13,0.8770002712408335
2023-04-01,1,30,0.7462608875132346
2023-12-09,11,171,0.45523733108797493
2023-10-10,6,38,0.01072162693532308
2023-05-16,25,58,0.8126944043325214
2023-06-29,24,157,0.6162933986638713
2023-08-01,17,109,0.35980242524944894
2023-11-14,22,156,0.7473681064718936
2023-11-27,11,130,0.3009282120116853
2023-06-16,16,66,0.9283768994063699
2023-05-28,6,108,0.8342600646598662
2023-08-25,24,94,0.4551650926466
2023-01-07,5,178,0.9453657381493766
2023-07-20,5,122,0.7913003097571576
2023-01-06,22,9,0.8028167826181921
2023-04-17,17,55,0.07589728325971434
2023-07-10,15,49,0.9032972672201397
2023-11-08,23,85,0.48143739536747565
2023-03-29,20,51,0.43639366197189544
2023-07-15,12,141,0.05952191292242803
2023-05-13,19,1,0.3031675298488159
2023-10-07,12,78,0.9576743833274964
2023-02-14,12,107,0.3697637111422106
2023-01-27,25,9,0.4347838607736352
2023-09-13,7,169,0.7479745957107544
2023-09-06,3,86,0.6922425423728596
2023-11-07,2,45,0.47351833266744836
2023-01-03,1,44,0.9924973644838802
2023-03-18,13,180,0.7483570110640184
2023-09-11,8,16,0.5842271326031571
2023-11-12,19,102,0.7565030144344029
2023-03-22,9,190,0.19405157704091902
2023-07-11,16,83,0.7298978825828445
2023-09-24,8,158,0.34995628716946026
2023-04-29,5,34,0.07659058764258009
2023-03-01,3,137,0.502644649218564
2023-11-01,15,133,0.3754783755904674
2023-06-20,16,179,0.045130940928379215
2023-08-30,9,4,0.9243687469923556
2023-01-12,21,5,0.8154160074699858
2023-09-15,19,155,0.6344017422407249
2023-04-04,8,90,0.36342245462801837
2023-08-31,11,12,0.4260494544695729
2023-08-21,3,192,0.2827933343939446
2023-06-12,6,100,0.12914874729959736
2023-01-13,12,145,0.24017022733943127
2023-09-25,3,10,0.09517062538765741
2023-12-19,1,40,0.8553235774433076
2023-11-16,15,156,0.6337570847820436
2023-02-02,19,85,0.9579570506170766
2023-01-22,16,61,0.6285885606183245
2023-12-06,6,115,0.5302840568723087
2023-11-11,16,180,0.7205112068728134
2023-08-08,2,167,0.6406560734995186
2023-11-13,10,51,0.5370207517527953
2023-06-19,20,140,0.15617015574681636
2023-03-21,3,4,0.008631050826741649
2023-05-02,13,57,0.036336751188442484
2023-02-28,23,118,0.937862163610935
2023-02-07,10,65,0.7116785790464983
2023-07-12,11,165,0.9827818030155484
2023-12-24,22,169,0.12296329954491647
2023-05-25,1,62,0.607481465456458
2023-06-20,11,39,0.8428936471467846
2023-04-10,9,84,0.8712793209123769
2023-10-04,15,21,0.8763112201046342
2023-03-20,18,64,0.14516751930022165
2023-07-22,14,89,0.49193722297692366
2023-01-13,22,93,0.7752328327424393
2023-11-17,23,75,0.012699297597285275
2023-05-19,17,44,0.8590038000716486
2023-07-28,2,168,0.18906142994176334
2023-04-09,22,4,0.4119161670166662
2023-05-16,24,101,0.9481359759604844
2023-07-08,24,195,0.9752555079417925
2023-12-16,3,65,0.2804973212014379
2023-09-04,17,125,0.790222723187026
2023-05-20,2,149,0.5072742703076581
2023-11-27,15,193,0.10587264810403163
2023-04-20,11,91,0.602738413869899
2023-02-09,3,197,0.9257484919478387
2023-06-29,6,67,0.16473687559478867
2023-12-31,17,114,0.23530867216448081
2023-11-15,12,49,0.31191965198486094
2023-07-31,18,90,0.08195890849237952
2023-09-16,6,132,0.40906329089870874
2023-01-21,23,163,0.19326114170092124
2023-08-04,9,140,0.9823964608346197
2023-06-19,11,19,0.7635855494177968
2023-09-22,19,75,0.9203058133801135
2023-05-22,21,76,0.5522806245298632
2023-12-18,14,129,0.5972647379427158
2023-12-20,21,121,0.8087175595880202
2023-06-14,19,199,0.9143600659524215
2023-03-22,18,49,0.8718773541302641
2023-08-07,22,181,0.00274449059190196
2023-05-24,8,93,0.5767600554550668
2023-10-08,16,44,0.4849087889001842
2023-04-24,23,101,0.6397151538183539
2023-09-15,15,154,0.025252562261223077
2023-10-09,15,178,0.4667150564577326
2023-04-16,5,139,0.7494033744594241
2023-08-01,13,78,0.5079002472794643
2023-08-27,16,55,0.3718557120386832
2023-07-10,18,60,0.3417093310652374
2023-09-07,18,174,0.045759813331544774
2023-02-13,11,69,0.9695320737997133
2023-11-20,18,195,0.7531487024020329
2023-08-02,9,131,0.49640560641997533
2023-05-07,23,11,0.002000458967582719
2023-07-09,4,2,0.9139686783926756
2023-01-19,16,133,0.049517727747710905
2023-10-30,6,171,0.7917521881157006
2023-04-08,7,179,0.3532140255725398
2023-08-22,16,90,0.05517985488716559
2023-11-12,4,34,0.7044359447154851
2023-10-19,22,149,0.7748728928859883
2023-08-01,3,71,0.9259439464488355
2023-09-16,9,81,0.34281941593333953
2023-02-03,4,173,0.938448313402442
2023-06-26,8,135,0.5207868528347785
2023-02-08,5,157,0.873311647990569
2023-10-07,7,177,0.22114387927094825
2023-12-02,16,99,0.5276067723818852
2023-09-05,11,28,0.9689063482918103
2023-06-10,21,135,0.823821474166948
2023-01-16,13,100,0.8076645697828653
2023-08-19,23,172,0.8822007546926439
2023-02-05,12,64,0.7047820418945074
2023-03-02,18,43,0.2660974660119725
2023-11-24,12,44,0.4289429969006514
2023-09-14,19,153,0.9492424221873189
2023-01-22,8,40,0.08066149537425427
2023-03-14,5,50,0.7948788520707484
2023-02-16,19,96,0.16608888434374036
2023-11-20,18,2,0.23048086108517307
2023-08-16,5,59,0.3681775204401423
2023-08-18,22,70,0.5419740200624096
2023-07-28,18,50,0.47798898552477975
2023-02-02,20,197,0.728515948685439
2023-12-23,14,38,0.8643416664689361
2023-08-17,23,88,0.4039428699555224
2023-01-10,3,121,0.07386502550451568
2023-09-18,1,138,0.7167594227531863
2023-03-31,24,81,0.7663938750413303
2023-05-10,6,108,0.7654250635743741
2023-06-05,6,180,0.14044229733116986
2023-08-13,9,127,0.308506805689442
2023-09-29,15,143,0.39150580702939686
2023-04-27,18,24,0.4851346190169201
2023-01-06,11,60,0.0751665636271579
2023-12-01,9,3,0.32125863118907694
2023-04-15,13,149,0.8390448055210247
2023-11-09,24,55,0.10880554706631207
2023-02-24,20,166,0.6766234462564877
2023-04-24,6,123,0.24877847051483937
2023-02-20,13,104,0.9795360010892642
2023-05-11,21,70,0.2474341402138569
2023-11-02,19,193,0.2998196965419704
2023-09-12,21,178,0.8153444835880919
2023-12-20,12,188,0.9410529298415188
2023-01-12,14,25,0.8523282802756087
2023-06-29,15,70,0.8704209530082055
2023-05-05,6,97,0.5990742308887294
2023-03-04,13,104,0.7658066999166587
2023-09-23,20,19,0.9259800450514185
2023-07-01,25,89,0.44376217936318385
2023-02-01,5,91,0.4581980160864504
2023-03-02,8,31,0.05341314446790324
2023-12-17,13,6,0.8941035666791031
2023-03-29,8,92,0.556231172892467
2023-09-10,21,7,0.8621030704383147
2023-11-11,18,184,0.5497390069066331
2023-09-06,22,90,0.28688471015194017
2023-07-07,1,120,0.9577051014953325
2023-02-03,22,84,0.11138462849917707
2023-10-06,4,98,0.4608843638586636
2023-05-25,1,48,0.14184022303166188
2023-12-13,24,39,0.3322831660941912
2023-05-19,19,122,0.2765773549509184
2023-10-23,1,107,0.7598919779008412
2023-05-09,20,97,0.7212050658355291
2023-06-24,12,14,0.5318670608297149
2023-04-13,5,142,0.4301386130115743
2023-07-03,21,181,0.1594764725500023
2023-04-14,25,110,0.7496807684125328
2023-12-27,7,143,0.9646049885909881
2023-05-24,15,36,0.022056737555660177
2023-11-27,8,77,0.6108005991373162
2023-07-10,8,150,0.1814923576442975
2023-08-13,1,179,0.3903478989159467
2023-03-29,21,53,0.551732893868126
2023-12-04,13,144,0.7323028388626519
2023-06-06,18,91,0.11354182614430819
2023-02-16,11,36,0.9308087088367515
2023-12-09,13,112,0.09314233044500675
2023-07-27,3,13,0.4146255701243847
2023-11-30,2,17,0.03119932336922515
2023-03-24,22,122,0.7168933112869021
2023-02-22,10,36,0.25110976193365686
2023-04-10,16,131,0.8376109064718686
2023-04-29,16,106,0.3937268185588534
2023-04-18,23,14,0.08716335693031019
2023-12-09,1,118,0.11941518173053955
2023-10-28,18,133,0.6335182578250029
2023-07-24,11,192,0.05089447123482371
2023-02-18,15,167,0.03367827493823905
2023-05-15,25,179,0.02525489551044846
2023-07-29,18,100,0.7231282823066072
2023-09-10,4,73,0.8535263838574922
2023-08-08,3,74,0.5969257771717106
2023-03-18,11,13,0.8998068421163576
2023-10-27,17,188,0.7454744200222713
2023-09-03,19,155,0.2856841556113143
2023-12-13,20,148,0.6326742092909347
2023-11-28,25,143,0.501460145056696
2023-12-08,17,122,0.713557430165916
2023-04-21,4,53,0.77241527200581
2023-03-14,10,13,0.7969873410972681
2023-03-07,24,103,0.9592300993735234
2023-06-03,11,113,0.8749203249602762
2023-05-22,24,15,0.42352202810697726
2023-11-15,12,197,0.26246145672659604
2023-08-06,25,45,0.8797141453968943
2023-10-21,25,42,0.7470728856271381
2023-05-07,9,161,0.0782448820897852
2023-02-16,19,55,0.29871489056559775
2023-02-02,7,70,0.167635385201249
2023-06-01,1,128,0.3049941728614072
2023-04-18,12,116,0.6990971617241034
2023-11-05,6,158,0.731460639787657
2023-03-26,6,188,0.2744608070765886
2023-08-20,21,54,0.27338927246882094
2023-04-20,16,160,0.4698067503311595
2023-10-15,20,17,0.5418709582666477
2023-05-21,10,114,0.7013266752439026
2023-12-17,18,106,0.16731011145590302
2023-05-15,18,151,0.5377995126562075
2023-02-18,4,8,0.6941355732805935
2023-02-28,25,88,0.0330567979145866
2023-06-16,13,117,0.757085432318822
2023-11-06,18,170,0.19998221354871104
2023-08-01,17,83,0.41531237412389466
2023-11-22,12,36,0.48483890756990833
2023-10-17,10,137,0.24251151493570788
2023-03-12,24,13,0.2523418393085053
2023-07-18,14,136,0.5088395441384854
2023-08-29,11,78,0.9236207887732294
2023-06-13,2,61,0.5451700629693066
2023-04-08,16,65,0.6900490839285949
2023-07-16,17,56,0.10866056084538511
2023-05-15,1,52,0.15410205768644802
2023-05-09,23,78,0.6824161864791252
2023-02-24,1,192,0.8984922090768432
2023-07-27,21,70,0.8313144808816997
2023-06-12,18,139,0.465984357454733
2023-02-26,17,66,0.858397006391372
2023-06-25,18,37,0.4808258410680869
2023-09-13,22,114,0.3975565721511014
2023-06-30,5,5,0.8552805553084819
2023-11-05,22,89,0.6611751010204581
2023-11-27,18,72,0.20988989679551395
2023-01-26,21,165,0.18378652050021194
2023-04-09,1,9,0.5738229574136754
2023-06-22,2,187,0.8594543274864418
2023-11-21,15,7,0.34050171835360954
2023-03-30,12,128,0.31443463589554244
2023-04-20,25,52,0.16250484473266258
2023-04-25,22,90,0.595327508646161
2023-10-12,7,90,0.31781168860878917
2023-12-23,13,175,0.19331677425311844
2023-03-28,17,40,0.09038339734738055
2023-09-20,8,107,0.7463211598846804
2023-08-10,15,121,0.10261789728254678
2023-04-15,25,138,0.3145650386395008
2023-05-12,7,94,0.4191052054152459
2023-07-08,14,187,0.8377033374174183
2023-10-13,5,39,0.18164072573863554
2023-01-27,21,107,0.4089725134955522
2023-07-12,4,33,0.14116854694046832
2023-12-12,16,1,0.18644700318519336
2023-01-23,10,105,0.8359143110023597
2023-10-04,13,43,0.48261049861426697
2023-07-24,8,21,0.20624170211121073
2023-11-21,24,111,0.3888426221418587
2023-05-23,18,50,0.6414081205242534
2023-07-25,24,68,0.9851604633711171
2023-07-21,19,198,0.037927801924829696
2023-08-29,23,39,0.14517786880616834
2023-09-30,6,97,0.9347504923912778
2023-11-30,4,112,0.446090888482925
2023-06-04,23,87,0.9719624396797709
2023-11-18,19,195,0.09575406533331166
2023-10-21,9,77,0.8306149767974342
2023-06-25,23,115,0.1868121965393047
2023-09-10,15,86,0.13166656018896272
2023-10-27,24,145,0.7579147887101014
2023-06-11,20,189,0.789525949901756
2023-08-29,12,136,0.45949979915547257
2023-08-11,9,198,0.8136283388936064
2023-07-12,15,47,0.3952798153760727
2023-11-15,2,18,0.8995835836193682
2023-12-10,22,141,0.4930265039829119
2023-07-26,25,58,0.006426312061293404
2023-03-26,22,130,0.29573317439831626
2023-05-22,3,107,0.5088652579257382
2023-10-14,17,52,0.7549187337999819
2023-04-01,15,125,0.43868440658270813
2023-05-27,10,145,0.7533688519293533
2023-07-31,16,59,0.9706185001551481
2023-01-23,1,164,0.5929729072673408
2023-10-01,7,137,0.3231198969285962
2023-08-31,6,150,0.08375378485818663
2023-04-18,6,122,0.24679975794417808
2023-05-10,16,117,0.7789715689100061
2023-05-13,6,99,0.4764606638433708
2023-09-29,4,51,0.4022984938481251
2023-05-31,19,52,0.009903893264024854
2023-11-28,9,172,0.5874869939197214
2023-03-20,7,181,0.061213642339093766
2023-08-21,2,29,0.15032012625406166
2023-03-06,6,186,0.4866125032444839
2023-11-20,18,187,0.4898880491015535
2023-11-27,2,28,0.9790807386854106
2023-11-06,25,34,0.15347806601539382
2023-09-14,17,74,0.38137623154526934
2023-05-22,20,192,0.5413154133241024
2023-08-17,6,157,0.06747192378974676
2023-09-20,10,24,0.989951235357654
2023-04-18,20,146,0.9984050751208688
2023-12-15,14,85,0.7156506249398972
2023-10-04,9,139,0.9887831753388414
2023-03-14,23,175,0.10466216967258002
2023-05-28,19,197,0.8529145612939439
2023-12-18,2,113,0.33599882010155746
2023-08-06,25,155,0.07940222708420908
2023-12-18,7,83,0.2607780600795352
2023-04-08,1,54,0.5132365467076716
2023-11-01,10,151,0.8358246826559681
2023-10-16,22,37,0.4027011326566633
2023-01-28,8,88,0.6047571843282293
2023-04-30,20,35,0.5836286551091039
2023-01-22,15,91,0.4104124356726979
2023-12-25,22,83,0.6568480347974219
2023-07-09,2,8,0.994695092848303
2023-10-08,11,63,0.3246455292574387
2023-07-27,6,85,0.04011464382025032
2023-03-25,8,63,0.6509273997071443
2023-01-15,14,75,0.3234456734760879
2023-09-02,10,124,0.6879886358109252
2023-05-15,8,84,0.12336402472820984
2023-03-04,21,46,0.8758390469350273
2023-06-21,2,60,0.35247350105507735
2023-05-23,11,65,0.8236725335815881
2023-11-12,23,185,0.4082190475744123
2023-02-18,12,120,0.8647920479916048
2023-10-28,10,191,0.06725949210336912
2023-10-20,11,115,0.25627988669910795
2023-05-31,14,185,0.5698392350200571
2023-06-04,1,171,0.9459241508587813
2023-04-01,9,40,0.9576389682195596
2023-10-06,2,14,0.8863329872604016
2023-07-03,10,117,0.15567284373786894
2023-07-28,2,148,0.22651197578404358
2023-08-23,24,12,0.8106937131444533
2023-09-29,22,37,0.3242520349760297
2023-10-24,23,84,0.58902159691006
2023-03-28,6,86,0.7767921624984716
2023-12-16,20,178,0.6460324957331595
2023-02-24,7,93,0.6686864597603476
2023-07-15,19,122,0.02700435933625256
2023-04-19,21,79,0.3979927534880162
2023-06-13,10,56,0.37756284682803576
2023-01-19,16,160,0.7022920145317814
2023-02-04,14,19,0.9946887920947333
2023-08-24,8,58,0.12736247801494893
2023-06-07,19,39,0.7393128410057141
2023-05-09,24,114,0.3435676950255846
2023-10-27,2,77,0.8245439943533656
2023-06-15,2,114,0.6299174745840109
2023-10-02,8,125,0.20538451654839696
2023-11-25,21,8,0.24176658274059382
2023-11-11,5,173,0.5974713897879628
2023-07-07,17,5,0.2543258528367517
2023-02-18,11,104,0.49800859789276
2023-08-23,17,49,0.0548912855307645
2023-07-26,14,102,0.6840329253210647
2023-10-26,3,55,0.5858329620979209
2023-12-23,14,154,0.25324963745595575
2023-07-03,9,176,0.4901775648195982
2023-03-15,19,35,0.30776874528096476
2023-09-14,6,168,0.3378281742955108
2023-08-21,22,168,0.13909854977194547
2023-08-02,8,6,0.1988396116495178
2023-02-06,3,15,0.17054957016266026
2023-12-12,9,54,0.37733445591465387
2023-12-18,24,104,0.3149262501773261
2023-08-27,5,150,0.8618706174438022
2023-12-26,20,199,0.08879729899697464
2023-11-22,14,34,0.23912955431320482
2023-12-29,24,22,0.3783941273100522
2023-10-07,6,39,0.19457830989623937
2023-09-23,9,49,0.06534481512989165
2023-03-30,4,91,0.8088945505014659
2023-11-22,1,112,0.37534344467761416
2023-06-06,17,66,0.5942235962381354
2023-08-20,7,69,0.5853103277979502
2023-05-22,15,101,0.15891339299154916
2023-06-09,5,43,0.3913053966059111
2023-02-27,6,182,0.6500370395672268
2023-02-16,23,134,0.6706793962449681
2023-07-04,24,132,0.09190364745457968
2023-11-20,18,49,0.5422023291456266
2023-10-14,20,3,0.6298291807301861
2023-07-11,25,69,0.8207331831944294
2023-12-03,25,17,0.5063454395763087
2023-10-27,18,35,0.3326226115880798
2023-01-25,1,127,0.3348983504307884
2023-10-17,2,92,0.6307968355967021
2023-05-13,8,12,0.8154264175654117
2023-01-29,8,29,0.6112131118969883
2023-04-15,21,64,0.03179042943243304
2023-01-31,16,6,0.27174436937754054
2023-07-08,3,83,0.5199270514905816
2023-01-21,15,71,0.1660992258602878
2023-12-11,17,13,0.06063933848379499
2023-06-16,25,74,0.3827802559069191
2023-12-31,20,132,0.3067972843874356
2023-03-22,17,20,0.38885152276621593
2023-06-04,1,84,0.9747408029914442
2023-01-10,22,110,0.00837916896896751
2023-02-17,9,117,0.896809773707286
2023-07-18,8,98,0.15583261092373568
2023-10-05,25,143,0.3135582727321694
2023-10-29,21,172,0.5386107496815757
2023-04-11,18,147,0.44402606696987523
2023-04-21,10,141,0.2662417562372409
2023-09-06,17,5,0.06927736138861851
2023-12-09,24,70,0.5916315301003746
2023-08-15,16,32,0.23529854807502615
2023-06-22,14,162,0.8850605926510444
2023-08-29,19,121,0.2756582020380096
2023-01-07,2,150,0.8695881587726693
2023-06-14,18,151,0.5045366024711434
2023-12-20,2,173,0.70681327651224
2023-12-28,2,60,0.7083330614715375
2023-12-23,19,66,0.5131915645404593
2023-05-04,1,46,0.10903969963026794
2023-07-14,15,150,0.09235101202072393
2023-05-17,6,193,0.3793128629846384
2023-10-11,24,50,0.28810274292015126
2023-05-04,19,146,0.42899638831663767
2023-05-29,18,120,0.703040687012426
2023-01-07,24,79,0.5103089169388673
2023-05-16,9,140,0.6604720640655499
2023-08-31,8,84,0.08614770927554294
2023-05-09,5,17,0.6771507587610495
2023-04-16,5,105,0.9022182078587763
2023-11-24,12,32,0.20896405049543132
2023-06-18,1,13,0.6932520437167332
2023-10-08,22,44,0.38174604895327346
2023-10-22,20,103,0.4386957060061186
2023-12-23,10,189,0.7056432042625518
2023-02-01,17,38,0.45903024332970177
2023-05-18,11,112,0.75121436021728
2023-01-09,23,126,0.652296676666181
2023-01-20,12,181,0.9657132350916319
2023-09-02,23,193,0.4974933068059393
2023-10-14,6,135,0.8988760300202895
2023-04-20,23,100,0.8751326996717449
2023-01-08,23,125,0.5402545047728144
2023-08-23,13,86,0.7566145963049159
2023-03-08,10,189,0.1851789242844396
2023-10-29,6,69,0.7266210775588128
2023-10-11,20,79,0.15540923649228344
2023-01-26,11,106,0.9421681388104776
2023-04-08,16,176,0.37267042910037196
2023-02-19,13,71,0.2842806848690501
2023-03-09,6,197,0.37980374641337333
2023-01-31,1,86,0.2929835776655908
2023-05-18,6,165,0.08254058666061881
2023-11-28,6,133,0.01915064690804469
2023-08-28,14,29,0.7773479329284225
2023-12-05,1,33,0.42810227268834755
2023-04-09,7,73,0.03244502574631869
2023-04-24,2,17,0.47919221143719903
2023-01-23,10,58,0.24475816023976937
2023-06-07,9,152,0.40257406727640876
2023-12-23,13,127,0.6395906567739187
2023-03-15,8,72,0.6888132322762035
2023-03-05,25,200,0.9957408661531719
2023-12-21,25,86,0.9058375747566708
2023-02-19,4,160,0.7227176405638932
2023-12-14,19,12,0.9508303400058408
2023-11-07,16,24,0.9451244470757156
2023-10-01,21,16,0.37133141126137925
2023-10-18,10,41,0.49421777772730124
2023-07-21,25,128,0.7161109856725903
2023-09-24,8,117,0.2736786730191507
2023-03-14,9,138,0.13939226195366428
2023-08-19,20,6,0.3934083653196456
2023-06-06,11,17,0.8422596383166329
2023-01-18,9,90,0.5357109734118692
2023-05-27,9,192,0.9470004439345069
2023-11-14,16,77,0.7512214108530346
2023-05-27,13,116,0.5293230321324148
2023-01-01,5,141,0.9356939420759423
2023-09-11,25,6,0.08702098013822102
2023-12-04,2,170,0.26725014860261287
2023-08-16,20,24,0.44934575769193885
2023-04-22,18,106,0.17174156338444124
2023-07-04,19,73,0.34165118628318636
2023-08-23,19,131,0.666322800685382
2023-08-11,6,9,0.4254205463614402
2023-02-13,8,21,0.3882365848558579
2023-03-15,7,132,0.5674614935975917
2023-04-15,20,153,0.2534610391438964
2023-03-18,5,163,0.687483777261312
2023-06-07,5,91,0.41397295428486336
2023-04-03,10,64,0.8762128072237243
2023-12-25,20,118,0.17435759859063904
2023-02-18,11,199,0.2833309831537928
2023-10-29,2,27,0.2605297490939459
2023-06-14,10,80,0.06707179856244405
2023-06-04,16,80,0.5358578274759324
2023-05-03,1,92,0.15674174449624878
2023-08-13,23,196,0.47890965758108894
2023-08-22,16,155,0.858490063601208
2023-06-26,11,90,0.7912797854990689
2023-05-06,24,107,0.8875704569520536
2023-09-25,8,47,0.5783697989280264
2023-07-31,12,3,0.08740635910457029
2023-01-20,3,42,0.18483536805782796
2023-05-01,2,62,0.6191475743783108
2023-11-12,12,145,0.25621141597585406
2023-04-21,10,34,0.6292340537489887
2023-10-19,15,43,0.7362190620315493
2023-12-15,25,170,0.42090410571286385
2023-09-14,7,188,0.07426040026215941
2023-11-10,18,73,0.7047386641353123
2023-05-25,10,102,0.4051352189129954
2023-05-18,20,197,0.8680215340218564
2023-07-26,9,72,0.7066328412720772
2023-12-10,20,18,0.4414815702946491
2023-02-12,1,69,0.9822825785341448
2023-05-30,15,147,0.6247514949880718
2023-06-19,4,181,0.5655325201063371
2023-12-11,18,148,0.6277305840117999
2023-05-15,5,136,0.37007036191097187
2023-09-28,15,8,0.6661566757035362
2023-03-28,16,134,0.02031727716025833
2023-12-03,19,119,0.6933895558376281
2023-05-21,9,133,0.8165637876853026
2023-09-14,5,134,0.09491393613873078
2023-10-08,12,49,0.37845105008084934
2023-05-29,19,106,0.5161922313987383
2023-10-23,14,200,0.48525620768639743
2023-02-13,12,82,0.38059948711613467
2023-08-24,7,57,0.19689951321703314
2023-04-12,3,29,0.865390170554181
2023-09-13,11,50,0.698817744002478
2023-06-17,6,11,0.10705343937338063
2023-04-16,1,190,0.7613364747810649
2023-07-21,20,166,0.45209668357592736
2023-02-25,14,62,0.7022684857189933
2023-01-28,11,155,0.43782515229118846
2023-09-22,8,44,0.8417614789526013
2023-11-26,16,128,0.11963580582923672
2023-04-06,14,117,0.19886491962841912
2023-04-09,3,57,0.9071040637260949
2023-05-07,25,172,0.3551652065980556
2023-01-17,1,57,0.849195191874237
2023-05-07,4,194,0.3028523766474719
2023-03-03,2,119,0.8225327150914641
2023-04-24,16,127,0.8407242018276895
2023-02-23,1,150,0.08832999973114675
2023-08-04,22,16,0.8159237020316967
2023-03-16,23,75,0.9912801322986288
2023-09-30,16,50,0.3845482150827719
2023-02-11,4,99,0.6563894357615878
2023-08-12,22,107,0.7158958602582457
2023-07-02,21,71,0.5583312493582081
2023-06-30,9,34,0.9209562204221255
2023-11-07,22,78,0.2879521897632048
2023-10-03,21,189,0.4637300850102103
2023-02-03,24,2,0.9415963169408184
2023-01-21,17,147,0.03011632941842557
2023-12-26,1,30,0.900927734214191
2023-08-24,3,78,0.17620348824495835
2023-04-04,8,81,0.5435174780773812
2023-11-19,14,5,0.23610523267331152
2023-03-28,11,30,0.7691095853832244
2023-12-27,17,151,0.8188818463393404
2023-10-11,17,180,0.04534748800433641
2023-10-04,17,134,0.23066243741666437
2023-09-11,14,157,0.7102302626620778
2023-06-17,7,12,0.44071869060812663
2023-10-29,17,106,0.5931613126857403
2023-12-15,4,173,0.75196308724076
2023-03-15,15,92,0.7894572901349328
2023-11-01,23,78,0.8649292327176629
2023-09-18,7,67,0.2839953614775306
2023-09-26,12,188,0.10939443178947217
2023-11-21,8,20,0.9146945983700967
2023-10-21,9,170,0.3644509461598773
2023-06-15,4,152,0.3538312797181564
2023-07-18,11,92,0.876151761165857
2023-12-17,18,161,0.49232828790970407
2023-09-22,6,23,0.615950806966224
2023-06-09,1,22,0.8149520413341194
2023-03-28,1,49,0.6345477918753419
2023-04-25,11,57,0.9507255758064515
2023-05-12,12,94,0.5522849985999188
2023-03-23,22,9,0.2125986735405212
2023-10-14,9,3,0.8569943857117167
2023-05-17,21,82,0.6716686474917105
2023-03-18,7,111,0.9329994289091762
2023-01-17,1,97,0.8839651995233714
2023-07-03,4,147,0.8278363108864848
2023-12-24,4,193,0.8743255230046562
2023-09-04,7,59,0.5876478354661914
2023-11-12,19,68,0.09210594556058693
2023-12-09,24,143,0.5560657262416748
2023-07-04,17,137,0.19003366240645092
2023-03-28,16,88,0.25507023168417065
2023-06-08,25,88,0.6181344432749066
2023-03-27,19,174,0.21910465844209015
2023-11-06,10,4,0.524284279964571
2023-06-05,18,69,0.33500273138985304
2023-03-10,22,170,0.2567044094426534
2023-02-02,1,166,0.7222640656447752
2023-12-16,24,123,0.06108787183477382
2023-04-20,2,93,0.771852157412354
2023-01-03,1,71,0.6635850403396036
2023-10-04,10,182,0.29079676270289045
2023-12-28,4,40,0.14141216316085858
2023-03-06,25,83,0.7436362760505338
2023-11-23,21,61,0.6718215854211362
2023-01-19,13,40,0.7604718447583229
2023-07-14,21,27,0.02839110525743138
2023-11-28,25,151,0.7279194107351925
2023-12-09,15,170,0.6905231205169258
2023-02-21,18,176,0.7099528909359493
2023-02-14,18,150,0.30544413206119514
2023-08-09,8,149,0.7478836853240707
2023-02-20,18,137,0.9283720782437954
2023-07-09,21,26,0.36696280983848706
2023-04-07,18,30,0.5421065429738232
2023-03-30,24,70,0.23239688058959784
2023-10-25,25,76,0.0903940423492583
2023-07-29,3,38,0.9124553723691233
2023-11-15,20,77,0.105230971944414
2023-04-07,25,43,0.28387795026776097
2023-04-05,23,2,0.8925075006497263
2023-12-12,4,138,0.7647309630919475
2023-09-24,6,142,0.1926414246881264
2023-11-04,9,172,0.8260408464568506
2023-08-25,18,147,0.5428738753054988
2023-09-22,13,190,0.826978139287556
2023-10-08,10,192,0.253325882103168
2023-09-23,3,54,0.8597655906741359
2023-05-18,9,113,0.462479983553047
2023-09-02,22,149,0.2836529829597403
2023-11-29,13,50,0.36383749015438904
2023-05-22,12,180,0.59973195829193
2023-05-20,14,23,0.0777883659034676
2023-06-11,21,129,0.9211500760363432
2023-11-25,9,136,0.6259910864645979
2023-09-28,5,25,0.26830571120359137
2023-04-10,14,66,0.7022945732627413
2023-06-23,5,39,0.39361038454471253
2023-11-14,12,113,0.13151114996991486
2023-04-19,5,46,0.30696217478780374
2023-01-16,9,52,0.1744685574187833
2023-09-09,19,146,0.5411548009571179
2023-04-05,14,10,0.5931224982301878
2023-12-30,1,34,0.657081982071352
2023-05-07,14,196,0.8313847500946506
2023-10-10,11,165,0.2828904769206356
2023-06-30,10,200,0.012529872335090175
2023-04-12,8,25,0.30843224561609706
2023-11-29,9,8,0.8664362302006284
2023-10-27,22,50,0.6089863421555948
2023-06-25,16,138,0.6715339748365525
2023-08-28,8,113,0.2561988942771084
2023-11-22,22,126,0.612436737688419
2023-03-25,1,177,0.9913799234804653
2023-07-09,4,136,0.27085655851745727
2023-07-30,14,58,0.12535385394697274
2023-12-31,13,50,0.057252780118353885
2023-03-20,23,174,0.24192796188711285
2023-02-26,12,180,0.492616611996176
2023-03-14,19,36,0.5644323522133756
2023-01-27,8,67,0.982105926332553
2023-12-18,3,110,0.6423850004362255
2023-09-14,17,85,0.7463858006073517
2023-08-26,8,61,0.36286720293687413
2023-02-13,2,170,0.14767015726558974
2023-10-10,10,39,0.10508646646946218
2023-06-20,2,121,0.9521154562424574
2023-04-21,23,28,0.20593756196231594
2023-05-10,24,120,0.9330144365234061
2023-03-20,20,37,0.26887278934915393
2023-05-25,1,76,0.9823970190835271
2023-02-11,17,110,0.44202909768463716
2023-07-01,6,113,0.7618480637004577
2023-05-01,20,71,0.3707102141135059
2023-05-11,23,69,0.7549602974155178
2023-01-10,11,19,0.9757001009806244
2023-09-30,5,57,0.9504813907737663
2023-09-13,21,165,0.28187262738117147
2023-12-10,14,39,0.36691736633648475
2023-04-04,23,85,0.5684432042477303
2023-09-24,23,157,0.43829250479472925
2023-02-08,8,184,0.3965953495815452
2023-02-26,12,170,0.7800361779662793
2023-02-26,21,189,0.29665508385707473
2023-05-08,7,117,0.3934663031658262
2023-01-23,9,111,0.9663714728345708
2023-09-14,13,40,0.3294228470821463
2023-09-02,19,171,0.5942877649155905
2023-02-15,12,114,0.21912531222673526
2023-01-28,5,152,0.10862210891844348
2023-09-01,7,2,0.41646121300337036
2023-07-27,13,75,0.9153428505430697
2023-07-25,1,55,0.9775023591503286
2023-09-29,5,133,0.7809932196082434
2023-08-09,22,141,0.448625796256618
2023-09-18,11,178,0.39290306686466525
2023-03-09,18,27,0.10579945401618596
2023-07-03,6,148,0.6450327723790839
2023-08-21,14,131,0.6054125331230988
2023-07-04,23,46,0.5512261137816189
2023-03-27,21,166,0.00984544190718728
2023-02-17,14,38,0.07381456798284514
2023-04-14,12,119,0.7653223874004597
2023-12-07,25,140,0.14276216636312633
2023-01-20,9,18,0.0694597388443211
2023-06-02,21,164,0.9557292269680265
2023-04-10,10,103,0.5782377794162723
2023-06-08,19,200,0.4426147351912293
2023-09-23,1,53,0.7589805225579276
2023-07-05,11,48,0.056325117787429435
2023-05-18,25,88,0.14990724550739365
2023-04-24,9,118,0.4626328405630602
2023-01-08,23,34,0.9465624769736878
2023-02-03,21,161,0.6781461130678885
2023-07-07,16,24,0.6554271915484174
2023-09-15,16,30,0.20833663653171397
2023-04-10,6,72,0.15613248120398937
2023-05-23,24,181,0.7936761808805675
2023-09-01,25,138,0.3593395868484567
2023-01-08,22,12,0.9126395671941371
2023-10-10,4,50,0.47075437540149867
2023-09-29,21,157,0.4369431367509785
2023-01-25,15,65,0.02024310264603424
2023-06-27,6,89,0.8029104317430725
2023-11-27,14,128,0.6117809262199801
2023-01-10,7,116,0.168700449097396
2023-10-15,24,159,0.9926148830048918
2023-05-07,16,190,0.5942461358894904
2023-10-04,1,187,0.8874048069116796
2023-01-05,6,37,0.1501394663257175
2023-09-14,10,3,0.3971468955728439
2023-08-08,13,88,0.5053753007041848
2023-01-20,22,97,0.774558660437995
2023-04-08,16,87,0.3832988691576543
2023-01-17,2,144,0.6540796130926974
2023-08-07,19,148,0.7091729978148149
2023-04-05,14,97,0.4878062501143303
2023-07-20,9,138,0.8127217699728654
2023-07-17,2,137,0.6907294441846797
2023-05-29,12,42,0.4895661591977156
2023-03-13,18,162,0.6490625731533248
2023-08-01,10,189,0.9379800943379748
2023-03-31,14,25,0.34602384650906715
2023-11-12,23,76,0.2039856630539617
2023-04-24,18,180,0.10250185065280404
2023-02-15,18,56,0.34574437060639274
2023-03-24,12,134,0.39447459597694
2023-09-02,6,116,0.29383338346785215
2023-08-01,9,28,0.6722443951020636
2023-01-28,6,184,0.29438465755002985
2023-11-06,18,33,0.16088435695646963
2023-08-21,22,166,0.22984987554849856
2023-07-08,25,4,0.03168390616042527
2023-12-12,24,183,0.6162728538694233
2023-01-11,4,166,0.7603197289157436
2023-11-08,21,6,0.7666837168391413
2023-12-29,1,107,0.1796891509882742
2023-11-03,23,122,0.36419474078126257
2023-07-12,10,167,0.7982830415540839
2023-01-20,14,133,0.40204511314889346
2023-01-03,22,51,0.5778986883104651
2023-05-24,15,76,0.3153658158851904
2023-08-24,11,121,0.5952008999681746
2023-09-29,17,66,0.8882313169982792
2023-02-12,5,41,0.9847522592639395
2023-06-05,10,139,0.054307244234407914
2023-04-26,16,12,0.3879178379299749
2023-06-11,13,188,0.8398844118622621
2023-06-15,17,112,0.6482324680339837
2023-07-09,3,186,0.20249074949232582
2023-12-23,4,167,0.642634880709882
2023-10-29,9,27,0.47046410863805366
2023-09-12,1,68,0.30132086440706674
2023-03-21,17,20,0.2775716280499012
2023-04-16,8,146,0.9122422942845483
2023-07-12,3,77,0.10726820063122233
2023-07-24,2,122,0.08303339306170965
2023-08-07,23,104,0.3301217287568098
2023-06-08,12,61,0.17588537416055894
2023-04-25,5,162,0.33968123963497365
2023-06-08,1,185,0.05808297774077986
2023-11-11,18,52,0.2929538227498032
2023-08-18,21,41,0.21169881313305428
2023-10-15,4,86,0.7379180369857686
2023-10-04,1,194,0.8526663357250988
2023-07-12,4,127,0.31983041330262096
2023-12-26,22,119,0.12934416818127814
2023-01-11,19,42,0.8734543365442226
2023-02-17,18,179,0.2618624222177174
2023-07-09,19,57,0.2074154159820698
2023-09-13,23,181,0.31717105580101734
2023-04-11,11,150,0.872065782716511
2023-06-28,4,127,0.9484771234234294
2023-01-03,13,102,0.5720131406074564
2023-09-29,17,182,0.045381696398855476
2023-01-20,19,39,0.860809552094349
2023-04-22,24,37,0.9412186415546477
2023-05-17,9,37,0.8172324776602361
2023-06-22,2,63,0.8296389697721354
2023-11-05,17,37,0.9221608131719643
2023-10-24,24,32,0.9309342434484356
2023-10-24,2,25,0.09402611490642676
2023-11-11,16,156,0.5191100457406862
2023-01-26,23,163,0.6208726983322814
2023-08-17,11,157,0.7356886226319712
2023-09-25,14,67,0.7735237474898826
2023-05-19,7,34,0.30059596211194906
2023-12-09,9,57,0.38978244038383725
2023-07-09,10,69,0.5823540848148727
2023-05-20,17,33,0.9761795230959245
2023-06-10,5,134,0.35493129726877903
2023-12-15,15,147,0.47136388267654816
2023-01-27,24,161,0.9364911268517527
2023-12-27,4,169,0.19171930653043057
2023-12-02,13,41,0.7759832113660281
2023-06-03,10,96,0.25958076828493837
2023-11-24,20,186,0.8233870778187486
2023-12-14,12,135,0.8579784239898984
2023-10-19,7,97,0.13873315213143023
2023-08-31,8,14,0.23149443540393133
2023-02-19,16,195,0.6404767541950006
2023-03-01,20,37,0.34824540563037953
2023-06-29,3,16,0.2865121754134651
2023-01-12,18,84,0.736211699350275
2023-10-25,20,156,0.8566213692953143
2023-11-29,21,64,0.6717394662570199
2023-10-04,13,116,0.33076590781319504
2023-10-15,7,70,0.8386372557849119
2023-04-06,1,174,0.007267320242738018
2023-08-14,2,13,0.24176120995335626
2023-03-13,11,119,0.46110621038517097
2023-10-25,18,164,0.8555707623732159
2023-10-01,11,17,0.358425618208454
2023-07-20,17,75,0.6445213542005561
2023-07-12,10,16,0.5591805270720608
2023-01-23,19,167,0.07929803653036394
2023-01-08,1,69,0.5267520591213649
2023-12-09,12,120,0.1246390296642651
2023-07-06,20,48,0.35670421608040725
2023-10-01,19,8,0.23561362938417507
2023-03-23,18,130,0.7061112978940427
2023-06-05,2,40,0.049775164242846226
2023-02-25,1,50,0.9530226873616254
2023-08-31,17,139,0.983516828439133
2023-11-12,21,131,0.49994323405064167
2023-03-17,1,127,0.2752314254259204
2023-05-13,11,69,0.8417609696707538
2023-06-25,4,158,0.3656223575290918
2023-04-20,17,75,0.1777926716564755
2023-07-24,1,50,0.695692201614836
2023-08-24,17,88,0.6830650761713222
2023-12-11,10,40,0.8923700090329106
2023-01-20,7,150,0.18648607939157835
2023-10-16,9,174,0.5357563785838363
2023-01-20,13,178,0.42719842780634953
2023-10-18,2,97,0.4104594666098572
2023-10-01,5,120,0.8734046228959864
2023-03-14,19,122,0.3903478857516375
2023-12-28,10,110,0.663106453175702
2023-12-23,2,93,0.02980395689350812
2023-05-22,11,48,0.2402957752236624
2023-12-31,18,83,0.4774477683412679
2023-10-14,21,149,0.16220922561083817
2023-11-08,10,123,0.6524896858042297
2023-08-05,2,99,0.030336468969180297
2023-04-03,21,159,0.2848074317948699
2023-02-12,1,98,0.9980169268109327
2023-08-25,5,137,0.5370921477047693
2023-10-25,24,74,0.22194495780189738
2023-02-24,12,37,0.7080538260061162
2023-09-09,6,58,0.9816509694229035
2023-03-26,7,118,0.2646454730544985
2023-06-08,7,142,0.9910650729678666
2023-12-13,20,195,0.6318972511242645
2023-05-10,6,142,0.264425279107939
2023-03-15,25,81,0.06003824081705189
2023-12-02,13,156,0.9405837289752862
2023-04-24,17,104,0.7621085883682812
2023-04-30,8,47,0.9714958741296545
2023-10-04,22,194,0.5664718882494353
2023-01-14,9,11,0.8945964885160081
2023-07-02,3,173,0.21166848990812825
2023-06-04,25,14,0.6454092492592262
2023-11-07,1,128,0.6603491311090303
2023-07-20,25,149,0.8233596711602916
2023-02-28,6,89,0.4535980022641911
2023-09-23,16,156,0.9727823098805192
2023-11-03,7,51,0.5507827330639954
2023-01-25,2,124,0.5980257864747164
2023-04-23,6,52,0.8253107476743703
2023-04-27,6,78,0.601893653764924
2023-06-27,10,98,0.17580410115208922
2023-07-27,15,58,0.5444020565620482
2023-12-09,5,92,0.6307262944432951
2023-02-17,13,10,0.40823045601609
2023-03-29,4,199,0.9980183013760136
2023-11-23,14,90,0.20359607965705118
2023-03-17,20,49,0.8337956537492193
2023-04-08,18,147,0.30350436190977315
2023-06-24,5,167,0.5357048573834297
2023-12-23,6,107,0.44864039109915466
2023-06-29,8,185,0.608393114794349
2023-07-12,24,68,0.2767322795589553
2023-01-02,25,118,0.15894482282157685
2023-12-31,16,190,0.15015406503368656
2023-11-22,19,48,0.34091277808644205
2023-12-03,22,60,0.988967384595078
2023-04-20,3,29,0.6691867366928644
2023-09-27,3,9,0.49878928093371033
2023-12-13,6,183,0.9868436575515389
2023-03-09,8,115,0.9811544316006221
2023-12-23,13,157,0.5308408320589708
2023-12-17,11,85,0.3211468757108794
2023-09-13,2,138,0.46971308004752244
2023-04-29,10,3,0.6988628413571302
2023-05-30,6,50,0.08243143337656256
2023-07-07,16,55,0.06575423670566372
2023-03-29,25,71,0.7206077265449908
2023-07-22,17,192,0.45945001075350467
2023-06-15,2,66,0.9069191461584711
2023-01-03,9,98,0.4608912067284001
2023-10-23,10,31,0.2511560580399447
2023-04-20,15,84,0.06017459065255093
2023-12-06,8,72,0.7255322914890422
2023-06-14,10,51,0.2574076972047643
2023-11-23,18,158,0.18867569352792968
2023-03-04,7,167,0.8125821082916792
2023-01-11,9,56,0.991601724121857
2023-03-04,8,101,0.6775416312441775
2023-03-01,3,149,0.36587588549246963
2023-10-30,13,107,0.40896626770849953
2023-09-15,23,98,0.7770096053569292
2023-07-06,13,159,0.3851771162135734
2023-02-16,5,6,0.4327524462719443
2023-02-09,23,182,0.2378802049071994
2023-05-31,7,21,0.42315699276444696
2023-02-10,13,74,0.264467844363134
2023-01-19,12,43,0.47955511938994355
2023-04-12,7,50,0.7043408562039036
2023-09-19,16,179,0.7793192200939264
2023-12-15,10,7,0.6135906038598632
2023-01-12,20,162,0.500868895318583
2023-12-25,3,2,0.5141222728004575
2023-07-29,16,10,0.8793600698698977
2023-01-12,21,191,0.5575794599330687
2023-07-18,16,112,0.00943967721025718
2023-01-26,1,86,0.53975100099264
2023-06-27,4,80,0.22658850486586113
2023-02-10,4,32,0.3725163700444648
2023-11-21,11,79,0.41078086601536057
2023-10-26,7,153,0.15818467435414196
2023-08-06,5,162,0.7407664014049548
2023-05-27,6,185,0.2992130872376376
2023-07-03,16,47,0.7669820061610721
2023-06-09,2,160,0.19027450949481406
2023-04-07,24,165,0.8587903538290887
2023-04-24,1,159,0.20660915341123665
2023-12-12,14,67,0.12650039531181068
2023-09-12,4,43,0.6331410899071316
2023-08-13,23,132,0.6887501299661472
2023-09-03,7,81,0.1714651845461056
2023-03-16,12,87,0.8631435456363948
2023-11-11,4,140,0.2611096945625201
2023-02-17,17,16,0.549708543521291
2023-07-07,9,187,0.9835271430017407
2023-06-03,23,177,0.10095882049227878
2023-05-26,6,56,0.18264127914379757
2023-10-01,5,191,0.6175523777840837
2023-04-24,21,200,0.09773799509737624
2023-05-15,8,184,0.895800242169725
2023-06-16,4,157,0.00588798842137539
2023-01-31,14,41,0.8851608267962487
2023-05-13,2,151,0.9909505994413177
2023-04-21,10,124,0.29358068196192444
2023-05-11,5,34,0.4775810158091246
2023-11-26,2,25,0.3542483687272068
2023-10-06,3,124,0.5798731260062119
2023-04-06,8,132,0.02474574128995466
2023-01-16,13,171,0.3616457843474712
2023-01-29,17,42,0.8530671146735882
2023-12-20,3,29,0.6777984549553502
2023-09-01,14,20,0.3165446634997494
2023-09-30,24,149,0.2748716111779258
2023-04-13,12,177,0.026036935779525816
2023-11-12,19,58,0.6518394204559097
2023-03-01,5,118,0.44315901734599583
2023-01-15,6,67,0.9765484855852347
2023-05-17,11,54,0.6579176337877772
2023-09-03,12,50,0.932788759623889
2023-02-24,6,147,0.5440122704396526
2023-03-05,2,172,0.6237207099503724
2023-07-04,12,90,0.009249270968198497
2023-07-02,11,174,0.8788145547054199
2023-08-24,21,77,0.302179865347578
2023-12-02,18,147,0.5252813852729391
2023-04-07,8,31,0.763444378011019
2023-09-29,1,147,0.9165647750678392
2023-10-20,2,23,0.9583093710802465
2023-10-05,23,30,0.20880347878387395
2023-02-05,6,21,0.3828986216543381
2023-05-11,19,49,0.19669409705287044
2023-09-01,25,168,0.39284057187761523
2023-10-06,9,148,0.983737488388022
2023-08-09,7,193,0.3958235049437471
2023-04-06,17,99,0.9906473076538537
2023-01-05,13,130,0.238874785514529
2023-04-12,5,191,0.8246052977995001
2023-01-02,9,170,0.08263996593725864
2023-01-30,8,187,0.9205447349694444
2023-05-27,18,127,0.7931701392783601
2023-03-05,13,107,0.7335960675300064
2023-01-01,10,3,0.5702569834478183
2023-04-03,4,25,0.5195709719463119
2023-04-16,8,77,0.7606720553164485
2023-09-14,1,191,0.019834443027128446
2023-12-06,22,149,0.35972156226335006
2023-02-05,19,22,0.9255820961381999
2023-02-21,12,37,0.4602706553023048
2023-06-14,12,84,0.4455782855194621
2023-03-15,12,84,0.6069946406133484
2023-07-27,12,15,0.693362929246545
2023-06-01,21,170,0.6484112988968934
2023-12-20,16,71,0.20602518121103874
2023-09-19,2,82,0.8688374028794634
2023-05-10,15,84,0.11636078799998495
2023-12-22,10,145,0.6169373975449796
2023-01-31,17,118,0.13623956794000536
2023-05-06,3,155,0.5541746864102898
2023-01-05,25,44,0.7850452110221675
2023-05-14,12,4,0.606469484053918
2023-08-24,19,86,0.8100639793786139
2023-09-02,19,117,0.7755077135990973
2023-09-03,22,121,0.855445564499994
2023-04-13,20,121,0.5614646714510448
2023-06-28,2,133,0.877396488987854
2023-04-06,11,16,0.5579596140653468
2023-09-11,15,126,0.9322092836237967
2023-04-12,19,13,0.24411834919283082
2023-03-01,4,114,0.5134688824206471
2023-10-27,22,110,0.6562204970860002
2023-06-10,12,174,0.47332004628627977
2023-01-18,20,90,0.963858228139564
2023-02-13,25,170,0.6738022227061682
2023-01-15,15,74,0.33750012875035407
2023-02-14,5,84,0.48706632453371335
2023-12-27,19,33,0.4729302031438769
2023-05-31,21,128,0.7879286283117282
2023-12-31,12,85,0.04195074938243737
2023-12-23,9,126,0.4596048378668246
2023-11-23,10,182,0.08397919742040783
2023-12-01,4,163,0.4378185861473599
2023-08-29,14,128,0.8486111528099337
2023-07-03,18,91,0.736515453287102
2023-12-18,11,163,0.8067701602265963
2023-12-13,3,124,0.46936380253569354
2023-03-18,25,70,0.9768645415165249
2023-07-10,13,10,0.4261928944207214
2023-01-05,21,54,0.38755762828444074
2023-07-18,11,44,0.4014237725533496
2023-12-27,4,198,0.3405638529941578
2023-02-21,10,43,0.6951106143193081
2023-10-14,9,182,0.6311181037560483
2023-03-16,25,39,0.6956777874142995
2023-12-29,1,180,0.1329405047393658
2023-02-02,7,167,0.5289273272757482
2023-10-21,12,66,0.5672446309315337
2023-02-25,18,15,0.3818740318812148
2023-04-16,15,155,0.668400523338953
2023-02-28,10,99,0.05444223016209737
2023-08-09,8,131,0.4215547190627149
2023-12-24,21,80,0.7669806600921876
2023-01-16,12,12,0.26675223369984935
2023-06-20,23,115,0.6952474544076412
2023-12-14,19,101,0.3325358963729228
2023-05-19,13,20,0.4726318564659553
2023-10-11,16,159,0.8699745186094905
2023-08-03,20,10,0.5303444081242394
2023-01-31,5,41,0.040541229155732106
2023-07-20,13,138,0.6043146648383184
2023-05-07,11,66,0.1725274179434092
2023-08-30,2,98,0.24547587297465134
2023-06-13,18,84,0.17881787127837523
2023-06-23,15,17,0.49672414629032313
2023-07-07,6,52,0.8063548710813084
2023-08-21,15,70,0.7209110222282178
2023-05-29,23,154,0.0952797571405406
2023-01-25,20,53,0.4361560190350826
2023-01-20,18,90,0.796774455114999
2023-06-02,2,26,0.11425394785166476
2023-01-12,20,187,0.14947612127385357
2023-01-13,13,185,0.076621047467617
2023-02-18,19,120,0.5011520876370462
2023-09-30,16,39,0.4026859313817647
2023-03-28,16,13,0.5051375724359095
2023-03-26,6,5,0.43065179551894195
2023-03-15,5,140,0.5874248940553386
2023-06-10,18,9,0.22168463234969116
2023-08-18,3,128,0.5527978718943243
2023-07-11,17,7,0.5789534347489917
2023-04-17,21,186,0.3762721935307177
2023-08-08,21,110,0.42833545389714156
2023-12-10,12,2,0.15176275256176697
2023-07-12,24,99,0.013918594626849523
2023-03-11,6,128,0.48833463709502223
2023-09-23,2,161,0.7953695180843248
2023-05-16,13,71,0.7075232704655783
2023-03-29,23,40,0.8735028941381798
2023-12-30,1,116,0.6236152248654959
2023-04-18,17,142,0.18039221593136112
2023-10-10,20,72,0.8248912882298632
2023-10-15,7,55,0.8460442310088577
2023-05-30,21,63,0.00756077677764555
2023-05-15,19,94,0.13320802973117796
2023-06-13,23,4,0.7113261261445454
2023-05-09,15,26,0.5764456807880904
2023-09-04,17,59,0.8000370261975775
2023-08-28,10,43,0.682135057313862
2023-07-25,22,189,0.2983328520597156
2023-09-21,20,18,0.5310077008327069
2023-06-13,14,34,0.8836097886455038
2023-02-01,17,14,0.9713296801055948
2023-10-01,15,166,0.911638414131148
2023-02-05,16,134,0.42139546624513413
2023-01-09,13,37,0.802862261318434
2023-02-20,16,133,0.32753516177866315
2023-12-05,11,80,0.11768657491858836
2023-07-20,9,175,0.03800508440070627
2023-10-11,9,85,0.6765502645612853
2023-04-07,21,179,0.7052886647693503
2023-11-30,13,109,0.5442755268967239
2023-04-06,21,89,0.853035381740847
2023-08-02,6,49,0.1725934042162559
2023-01-28,11,16,0.9781540833428589
2023-10-25,19,69,0.7840287719064349
2023-03-08,20,200,0.0791255737459472
2023-03-05,16,98,0.2570275920134578
2023-12-27,12,13,0.10273518073956744
2023-05-18,9,168,0.32239519275262196
2023-01-05,22,152,0.4364457234404746
2023-11-17,16,132,0.891836091885105
2023-08-13,2,144,0.8175890023304582
2023-09-06,15,7,0.37224155134939596
2023-04-20,18,39,0.6917200648855099
2023-10-24,18,15,0.6371137683999586
2023-09-27,10,152,0.5749768688947223
2023-03-13,19,21,0.1583681199646375
2023-07-27,8,16,0.8325940846618919
2023-08-13,24,28,0.9232355309392593
2023-06-11,8,172,0.8058690575900959
2023-09-20,6,54,0.7471256710677499
2023-12-01,4,149,0.8134311828887864
2023-06-23,1,89,0.7516041032455724
2023-03-12,14,101,0.12999551795717756
2023-04-10,15,81,0.6428228114225073
2023-04-07,16,162,0.8309889069572179
2023-05-21,20,31,0.09931491802325443
2023-03-04,15,90,0.0818468931697014
2023-03-27,2,115,0.12339798760361098
2023-06-23,3,55,0.7187417964774679
2023-03-26,14,180,0.008820046723852837
2023-01-25,17,43,0.7246270672469828
2023-05-27,17,82,0.7383801923395197
2023-12-28,7,72,0.7841421273637738
2023-03-28,8,111,0.8431314938659373
2023-02-19,20,191,0.23942127638169175
2023-04-27,9,61,0.49590955212230314
2023-02-27,20,187,0.5589319001445783
2023-12-02,23,164,0.5371433216308588
2023-06-02,18,131,0.9173181675103064
2023-04-02,2,76,0.5083509050303369
2023-11-16,13,125,0.6157087944108359
2023-04-28,16,79,0.7493422093201476
2023-05-19,23,39,0.4501541662543791
2023-06-21,21,62,0.43562264694107933
2023-07-29,5,190,0.1944151542268735
2023-06-30,23,124,0.7059725413357933
2023-03-28,4,41,0.5534050885482492
2023-08-10,11,188,0.4068047863844185
2023-03-15,16,98,0.9499459729291126
2023-06-05,6,47,0.69891650028841
2023-01-10,5,72,0.8061390406900131
2023-07-01,1,24,0.08437769565020181
2023-09-13,20,134,0.03030551640983603
2023-09-22,14,30,0.060367065624894356
2023-01-14,22,177,0.4578190049522949
2023-01-09,9,15,0.4011161581395132
2023-12-18,16,66,0.057517529651710864
2023-03-31,12,112,0.6404267946203737
2023-12-15,17,58,0.8996447518560095
2023-07-15,20,107,0.6429177554236183
2023-01-28,23,153,0.05651124788372153
2023-01-20,9,121,0.2813140968960387
2023-07-22,13,51,0.30901963159166956
2023-04-10,1,105,0.056447854174710654
2023-09-17,19,133,0.00017131338161280318
2023-07-31,11,84,0.1376795244235436
2023-06-11,13,185,0.3725509661583146
2023-07-29,19,128,0.7247667383895116
2023-08-13,1,21,0.410357079638181
2023-07-24,21,76,0.6778949418081159
2023-05-31,17,119,0.2706893518085808
2023-01-05,11,120,0.7835574278524331
2023-11-03,12,80,0.9896549196380912
2023-03-09,19,45,0.37911993318283566
2023-05-07,7,50,0.639437263886133
2023-09-30,22,112,0.2403735400148984
2023-10-11,8,72,0.3312742226449842
2023-10-05,7,37,0.16640719652816827
2023-08-26,14,80,0.6170683446195822
2023-01-26,18,92,0.4907889427562375
2023-04-10,2,30,0.025569973023171655
2023-08-01,12,119,0.4698991588246981
2023-07-09,17,134,0.8265187748091171
2023-11-04,4,199,0.4038046641533859
2023-09-17,24,199,0.5621988158102605
2023-04-02,8,173,0.9879302230638064
2023-10-14,5,169,0.023679242782756904
2023-05-19,4,80,0.41083153243197545
2023-10-05,25,129,0.2575725746463777
2023-06-18,18,119,0.9656943632716845
2023-02-11,22,173,0.38161743060507125
2023-01-21,10,132,0.3362947564675114
2023-07-08,2,70,0.5688335715377135
2023-09-17,10,21,0.07964541382466972
2023-03-13,15,188,0.062225770083812804
2023-07-30,24,91,0.747485860457986
2023-11-18,7,98,0.7960720109820494
2023-11-09,22,181,0.4669731481029814
2023-04-28,4,33,0.4123261340955101
2023-03-21,12,56,0.24013035378705616
2023-06-13,14,107,0.6993976558216654
2023-06-29,25,46,0.19019196341028977
2023-01-15,8,100,0.3627684202794954
2023-12-01,12,141,0.8121590936154599
2023-01-01,8,109,0.07509864734336869
2023-07-06,2,48,0.4473666894959917
2023-10-30,22,164,0.6631613120724484
2023-02-23,20,77,0.005322105189812465
2023-11-16,21,17,0.43738382943379706
2023-05-30,18,3,0.2370825618637199
2023-02-11,16,107,0.5320604309190607
2023-11-16,25,1,0.9002672569710448
2023-07-05,13,33,0.2783541923105757
2023-05-09,1,58,0.37624163116656817
2023-11-11,5,88,0.7635265589418925
2023-06-08,15,21,0.5482508646120715
2023-06-15,6,174,0.4565233739515925
2023-09-19,6,140,0.06602023054146544
2023-11-27,12,37,0.17838468797603735
2023-05-19,18,187,0.3547202714252403
2023-12-17,8,183,0.8687944785666055
2023-05-28,10,131,0.759932654456012
2023-07-21,1,140,0.5323605501038631
2023-11-07,24,136,0.22739081242714265
2023-09-24,19,185,0.8001623162927768
2023-02-05,13,111,0.7987063534021185
2023-01-06,1,178,0.29225456981861386
2023-12-19,7,119,0.2264193096946896
2023-07-10,24,21,0.2953143762236863
2023-11-21,15,169,0.8320023895582047
2023-08-17,13,135,0.8305289364057065
2023-05-15,10,41,0.9792816111023298
2023-01-26,14,50,0.35928374213121284
2023-01-10,17,133,0.15447415440698953
2023-04-27,10,131,0.408680503084501
2023-08-09,23,186,0.5406315421447869
2023-03-13,7,80,0.6451024865300871
2023-05-26,2,65,0.6943207373648455
2023-02-11,3,50,0.5837831330284999
2023-06-26,6,187,0.27560793970346253
2023-09-01,4,19,0.3489971369108721
2023-03-03,13,165,0.0593658642145376
2023-09-29,14,58,0.9217663537104166
2023-11-15,18,178,0.8289911090310431
2023-11-24,17,181,0.3044485320888096
2023-07-06,15,14,0.8524777142650013
2023-01-28,10,39,0.30056196564831095
2023-08-04,9,78,0.22481613387707444
2023-02-12,7,103,0.7285385885213386
2023-01-10,16,198,0.8246971538774419
2023-03-04,12,107,0.47730231115552535
2023-05-06,25,184,0.7018718273873783
2023-04-14,3,33,0.317449303486947
2023-08-14,22,60,0.34629283350468376
2023-05-06,15,172,0.44837502706105603
2023-12-20,9,20,0.20924652935806176
2023-04-07,19,132,0.1969160457519289
2023-07-15,4,37,0.6285776334154032
2023-02-12,12,189,0.7207642368370227
2023-08-05,14,127,0.6741493716500148
2023-10-01,8,178,0.8759669748795123
2023-08-22,13,104,0.7858696090900983
2023-11-19,25,80,0.07456545407122939
2023-04-08,1,182,0.3148827823062442
2023-09-17,21,73,0.7476423748204415
2023-07-12,22,32,0.0534310137916022
2023-05-30,7,99,0.7625325738267412
2023-08-11,13,160,0.7276284137967691
2023-02-28,1,15,0.2851907291215213
2023-10-12,5,27,0.0971470657836413
2023-08-17,8,95,0.9425101397273818
2023-03-13,2,190,0.4804179050746836
2023-08-05,12,60,0.7065810005041272
2023-01-03,20,104,0.21222301903673013
2023-03-14,7,194,0.07917355352087074
2023-09-16,3,1,0.3131506619156029
2023-04-13,15,44,0.47233139385100154
2023-10-06,23,179,0.9145799216432107
2023-03-11,22,188,0.42574475010508217
2023-04-29,8,80,0.44428003822798856
2023-09-02,19,110,0.15878120394898587
2023-07-06,8,119,0.09233654753099418
2023-01-26,21,69,0.4613256505129758
2023-03-09,13,101,0.5530135632383442
2023-02-09,14,166,0.045058047212226504
2023-07-04,14,153,0.024400644862871856
2023-02-28,7,43,0.7036436643210706
2023-02-24,23,132,0.9945348357655478
2023-08-25,13,89,0.40169805040937046
2023-04-29,2,109,0.7566601943103222
2023-01-30,25,93,0.03296171102032497
2023-07-17,4,110,0.5709386034037763
2023-04-02,18,38,0.6238919468564414
2023-11-04,22,23,0.20680797233148895
2023-08-02,20,30,0.353110462730156
2023-05-09,11,200,0.36724007700375605
2023-06-02,11,53,0.4319050008476336
2023-02-26,17,146,0.23070115046895168
2023-05-21,11,186,0.08663981084104122
2023-07-02,11,134,0.8411072003065998
2023-12-05,20,75,0.47359732795764253
2023-12-05,8,18,0.33399271856192125
2023-06-03,2,54,0.20364188361498958
2023-03-19,15,24,0.7616187444316607
2023-11-20,16,42,0.8661480488663063
2023-12-21,25,100,0.5797112749159706
2023-10-28,11,128,0.946753447369434
2023-06-23,11,39,0.3003302977342148
2023-10-23,4,182,0.2954855049606141
2023-04-18,19,49,0.32044898262742105
2023-12-30,16,121,0.7427700257415114
2023-09-29,3,46,0.7507914171443802
2023-07-17,5,72,0.1500088487849034
2023-12-29,15,21,0.26535049890708884
2023-01-17,18,20,0.6897707603641454
2023-10-29,3,15,0.16818422774267416
2023-06-02,25,139,0.780680363051952
2023-05-29,16,41,0.38213798127010534
2023-12-02,21,156,0.5122074781947364
2023-04-10,2,29,0.06046863592582097
2023-03-27,17,171,0.9050942822294918
2023-12-23,22,161,0.4660627056570532
2023-04-26,21,88,0.0472164093504468
2023-05-27,19,72,0.2717652182984469
2023-04-02,14,131,0.17415660549518008
2023-07-02,16,174,0.30212747407445273
2023-10-03,24,152,0.2955727860388305
2023-03-11,19,83,0.15381753965364975
2023-04-17,2,29,0.3238792647915223
2023-10-03,3,121,0.5675390465627346
2023-06-23,17,49,0.13042511449684224
2023-11-20,4,59,0.49131991958526644
2023-02-28,11,62,0.9371739614907031
2023-09-03,20,184,0.15959444741112627
2023-03-11,18,22,0.22680245969718604
2023-10-18,18,33,0.34845282519944987
2023-08-12,18,196,0.11196069874508974
2023-05-03,19,143,0.1949692271411676
2023-08-12,7,20,0.4142958336375968
2023-10-25,6,187,0.47801493122700567
2023-01-11,13,100,0.08151571488997578
2023-12-17,12,186,0.8766002751358198
2023-04-27,14,48,0.11735533893030625
2023-09-15,24,91,0.7147191922698031
2023-01-04,6,193,0.7714614508584691
2023-09-21,4,5,0.5896055394503646
2023-12-06,12,101,0.3609168248452028
2023-05-28,13,137,0.012506777412237602
2023-12-23,18,57,0.5929821703968684
2023-07-10,22,95,0.8313836930726332
2023-04-07,5,120,0.4461418066432975
2023-12-21,7,191,0.9519110218726563
2023-12-18,3,150,0.486655687854743
2023-01-10,25,73,0.03761870269843526
2023-01-24,8,133,0.9526866219321732
2023-07-30,17,31,0.25333511678682263
2023-01-29,5,117,0.673526706097626
2023-12-16,13,166,0.4546338844125444
2023-09-30,24,155,0.8402976553756328
2023-06-17,6,195,0.4209302105063254
2023-05-19,7,81,0.5808957432327663
2023-03-30,5,128,0.3090175804327081
2023-01-09,16,134,0.7108004447347258
2023-04-16,8,138,0.08870185084556492
2023-01-19,21,24,0.27260980322405337
2023-07-20,17,20,0.34419970606598727
2023-08-17,4,18,0.17037611496505456
2023-05-14,1,93,0.7214076096687811
2023-12-17,5,36,0.17212179233682623
2023-09-01,11,140,0.945122331454406
2023-06-13,22,5,0.5715696342417081
2023-03-05,12,168,0.8220938782339811
2023-12-31,21,116,0.017409603442599897
2023-08-06,15,164,0.5421729447520945
2023-03-22,12,48,0.7930737541520813
2023-09-13,14,165,0.11007550064714322
2023-08-05,24,44,0.8197550333593665
2023-07-02,2,46,0.840891867678502
2023-02-28,9,176,0.4929017036107243
2023-08-21,19,93,0.4072564815219303
2023-10-31,17,30,0.8659814256472199
2023-09-08,14,144,0.3367000035962838
2023-01-15,5,90,0.40631132023426686
2023-10-13,4,132,0.7008339814630935
2023-02-22,18,112,0.7482185178897934
2023-04-22,21,24,0.45059916619605833
2023-10-04,18,111,0.00041430125216479485
2023-10-05,25,97,0.1229450663723698
2023-08-26,17,187,0.9750982993140297
2023-06-30,13,186,0.023774087774456554
2023-12-10,22,38,0.2474977726773966
2023-04-17,14,55,0.33759137987627263
2023-09-25,11,117,0.31351890261037074
2023-01-29,19,69,0.1952548012729336
2023-12-08,4,66,0.27905491677876804
2023-01-13,19,153,0.06060310272470126
2023-08-27,22,39,0.4292491756742759
2023-04-11,1,74,0.21978649389255422
2023-07-16,13,69,0.7204681636816993
2023-02-04,25,144,0.3686185400607971
2023-10-20,1,114,0.597893947333332
2023-09-18,25,158,0.7920073116743295
2023-10-08,2,182,0.523572739407885
2023-03-19,4,38,0.06664300772235665
2023-07-20,19,120,0.49180856179371635
2023-07-18,19,125,0.23002974824123545
2023-02-28,2,161,0.40101236009465835
2023-09-07,10,70,0.19974830984523428
2023-04-05,16,90,0.5736284521182462
2023-01-18,20,170,0.019020801181369396
2023-01-25,15,107,0.9731532748326212
2023-03-27,7,181,0.5157254624319494
2023-01-09,20,145,0.4139686115229142
2023-03-15,16,163,0.16714533167071044
2023-08-18,18,150,0.8320252785572896
2023-12-14,15,79,0.25231067410214936
2023-01-02,24,1,0.3305973398806229
2023-07-11,24,17,0.8569783850343362
2023-07-25,24,179,0.2905179805858962
2023-09-09,11,145,0.8082318594631174
2023-10-04,9,170,0.6068368941754844
2023-09-12,21,190,0.10911602081542826
2023-12-13,12,114,0.01463114283636524
2023-08-03,18,145,0.3119205741156411
2023-02-24,4,183,0.5709192756762177
2023-05-03,4,77,0.7443383789406283
2023-06-29,18,125,0.991234559522433
2023-08-27,19,137,0.8268834462890936
2023-07-25,17,159,0.9046279961511015
2023-07-07,7,98,0.6911101170933384
2023-02-23,3,189,0.4312110752744506
2023-10-18,10,83,0.43516287912218043
2023-12-01,5,147,0.08229611848407803
2023-05-25,1,132,0.8945621648207561
2023-06-11,9,173,0.5921170829610938
2023-11-09,16,113,0.06732520240257978
2023-12-02,13,127,0.490910130458322
2023-06-11,14,39,0.4264018095510109
2023-02-19,8,48,0.643432705992809
2023-10-08,18,143,0.32677550529278965
2023-04-23,1,6,0.6090881738598304
2023-12-30,17,142,0.8498579123775432
2023-04-21,12,143,0.6410870436505819
2023-01-05,4,120,0.4765153772216031
2023-11-03,4,105,0.672928973690817
2023-12-18,9,96,0.20118659508151793
2023-06-26,23,189,0.9724011153307472
2023-06-17,20,83,0.4329033708187692
2023-05-05,2,131,0.9966940089669047
2023-11-02,23,100,0.18605298038616191
2023-01-25,14,198,0.6822298996254343
2023-06-18,7,151,0.47859580579971694
2023-12-11,5,81,0.06791674993828922
2023-04-15,2,65,0.643887160821231
2023-10-16,3,171,0.03175863124915346
2023-08-28,22,55,0.6872318893480239
2023-05-26,11,66,0.5556290952846985
2023-03-10,24,53,0.8909008868867881
2023-05-15,17,158,0.7158429246147738
2023-10-13,16,124,0.16946169286072643
2023-11-23,24,121,0.42555976642811943
2023-03-16,10,100,0.11523516804954992
2023-10-05,12,49,0.636803980800782
2023-04-16,14,127,0.8579516720119363
2023-11-30,8,103,0.9146673528155475
2023-08-09,17,63,0.22684443620449757
2023-12-24,24,91,0.24715341637692845
2023-07-14,22,194,0.03804242334745622
2023-06-29,23,200,0.654512144491356
2023-04-28,19,171,0.06861130912113922
2023-02-03,24,90,0.2456635618562616
2023-06-20,23,184,0.43426856480055753
2023-01-18,12,112,0.18341858182369264
2023-10-08,21,136,0.5742115374294227
2023-05-25,1,176,0.00402281041164132
2023-06-19,17,151,0.31133802255253906
2023-11-06,6,5,0.3425038020619894
2023-06-30,1,57,0.6417880577565291
2023-08-09,24,101,0.05633341842809725
2023-07-24,7,28,0.5096118241807652
2023-03-25,3,44,0.10960276091551313
2023-01-28,21,130,0.4445342857357927
2023-11-02,22,172,0.38413414120097855
2023-07-29,18,71,0.6610605617373455
2023-11-27,14,33,0.7078496381199164
2023-07-10,15,106,0.1267750500125715
2023-02-17,5,112,0.24465817297195613
2023-08-10,24,91,0.7855176278501603
2023-08-12,22,107,0.4620550553123929
2023-02-07,20,137,0.1600967646102005
2023-08-26,8,69,0.7985838191397983
2023-12-22,22,157,0.8304855042245265
2023-11-06,25,86,0.49667872567259164
2023-01-27,6,98,0.8761119444877254
2023-01-21,9,130,0.10307764075815606
2023-03-21,4,96,0.2513338588744808
2023-10-18,18,111,0.3231941500147437
2023-01-19,7,70,0.6216357265287977
2023-09-12,16,20,0.5791449766774243
2023-08-16,10,123,0.4922659620582418
2023-03-08,10,123,0.7119358738869114
2023-09-01,6,62,0.2156107721347379
2023-03-11,10,191,0.9563902896208296
2023-09-18,13,29,0.23767887071878224
2023-01-27,6,7,0.48019106750622864
2023-03-31,19,101,0.8356673727037218
2023-03-23,18,69,0.3340343371755017
2023-10-30,17,149,0.712985066892813
2023-02-06,14,54,0.8990969758315891
2023-04-12,15,170,0.6119248739512816
2023-03-09,11,60,0.19752227926871824
2023-02-28,12,196,0.855349730993116
2023-02-15,17,102,0.8384493770787129
2023-08-10,2,138,0.593957566595797
2023-08-21,16,74,0.15154022773121534
2023-03-08,9,84,0.4981133759590882
2023-12-22,21,52,0.8524245847339167
2023-08-04,15,173,0.4619163084170578
2023-09-19,5,154,0.9766589648481449
2023-04-05,2,197,0.07472363320371722
2023-08-21,3,90,0.06751624130980871
2023-12-04,14,146,0.8109446914743165
2023-07-07,10,98,0.3763766883620021
2023-01-07,7,31,0.6980359420753057
2023-10-12,7,3,0.05293197616803402
2023-11-06,20,90,0.6390018356525867
2023-05-01,20,196,0.9236404466550998
2023-08-02,22,179,0.6598951553531806
2023-03-03,18,124,0.6704429325023169
2023-11-14,1,110,0.1237945717183564
2023-05-06,13,79,0.042931856679318425
2023-12-17,17,154,0.570256293210566
2023-04-11,9,124,0.9768395639386253
2023-03-24,18,91,0.8876869131987271
2023-05-03,20,149,0.13405398550470693
2023-01-07,2,111,0.7481828108739212
2023-03-03,20,136,0.4962700328962667
2023-10-12,15,9,0.6789100931627375
2023-05-26,23,40,0.9260099768336099
2023-05-19,4,39,0.738571743126385
2023-11-29,12,79,0.29642692380623115
2023-08-24,22,121,0.9481752983667203
2023-09-02,19,97,0.5690277778353469
2023-09-11,25,70,0.536930325783488
2023-01-13,1,35,0.3460610027367941
2023-04-12,12,91,0.8704316312874261
2023-12-30,3,137,0.5079593416370105
2023-06-06,24,159,0.5195534285880185
2023-01-19,9,83,0.7129964404845858
2023-01-15,11,40,0.6568982570904525
2023-09-23,24,178,0.727033163921815
2023-12-03,20,76,0.7824493795850413
2023-07-08,10,158,0.010707897375044073
2023-09-04,9,70,0.7076165868281841
2023-08-16,17,47,0.9639521227688205
2023-02-01,20,15,0.5708907473614138
2023-04-05,22,169,0.2858990114845089
2023-06-13,15,22,0.8740420496397726
2023-07-19,4,154,0.46990944639547094
2023-02-21,3,71,0.29197525361657395
2023-05-07,3,98,0.38587577108391646
2023-02-23,20,54,0.5523925252249646
2023-07-30,16,38,0.023219160027265318
2023-04-30,17,165,0.1094753834243859
2023-01-31,5,10,0.2345120622298149
2023-04-17,19,60,0.9955832496023546
2023-08-28,1,90,0.5497480343795886
2023-10-17,7,88,0.38382118046744707
2023-12-28,7,66,0.9692264900191347
2023-06-04,24,117,0.3463974001541652
2023-09-19,9,33,0.7626600390710332
2023-06-10,7,43,0.04101802595792847
2023-12-22,24,97,0.477751216800534
2023-05-10,13,173,0.3840294006740984
2023-12-26,10,146,0.6976972878722891
2023-12-09,21,67,0.6266709886101323
2023-12-27,3,101,0.5717472643152058
2023-12-15,21,25,0.6087966114903933
2023-11-23,24,80,0.6504532499017148
2023-11-27,7,68,0.20550436005774986
2023-09-20,18,101,0.3119340385359458
2023-12-20,25,69,0.1226187284524678
2023-12-29,11,195,0.464695755512052
2023-11-19,23,129,0.701423367553469
2023-12-06,18,197,0.8635495680775822
2023-07-02,1,146,0.15156154980708514
2023-05-17,21,64,0.00474452410832038
2023-03-27,5,147,0.09819220096570402
2023-07-25,10,71,0.19544644940766975
2023-10-10,9,20,0.2889522789774589
2023-06-26,4,18,0.30704246819595016
2023-02-08,21,125,0.7226583951838622
2023-03-29,8,198,0.5815084606382536
2023-04-27,10,123,0.8964704717704927
2023-08-08,24,26,0.41256094921251585
2023-04-11,23,138,0.0032271833243586734
2023-06-01,11,104,0.9852626434363222
2023-01-30,20,41,0.7160133370410398
2023-11-13,5,57,0.8729640956174423
2023-03-11,5,149,0.7892117278094847
2023-05-02,16,129,0.5312267726231044
2023-09-01,4,51,0.35639881058516065
2023-06-11,20,144,0.6852091796777493
2023-07-01,23,45,0.11452337670590484
2023-09-08,13,180,0.022628904747227563
2023-01-26,10,200,0.25714457520723666
2023-11-29,3,135,0.6769428207186408
2023-10-30,12,35,0.9454966568667017
2023-09-10,20,73,0.9756421060877136
2023-04-03,16,36,0.7725008096581731
2023-09-03,9,58,0.7441597312606356
2023-03-10,17,191,0.523981303125286
2023-11-04,4,77,0.9146818463521267
2023-03-14,10,71,0.6422893862478202
2023-08-15,20,69,0.27965659657318187
2023-02-14,2,47,0.7454951833806578
2023-01-16,8,107,0.5313751547081903
2023-11-18,9,139,0.8739562942690295
2023-06-07,24,192,0.043317239254277884
2023-11-24,21,107,0.8106771759922963
2023-09-14,9,197,0.9903153640615515
2023-09-24,25,22,0.7092622774245081
2023-04-17,18,123,0.5043544832584018
2023-12-02,21,56,0.5637278165976206
2023-10-29,1,87,0.8186861060404238
2023-01-22,18,152,0.9222605566114241
2023-06-05,13,74,0.19743065383740133
2023-11-04,24,161,0.28165414517376397
2023-03-19,12,120,0.7802497637839111
2023-05-13,23,32,0.6555561378996861
2023-04-24,1,128,0.6399005939580965
2023-03-27,10,141,0.5798513265907631
2023-05-15,13,48,0.10541071216603637
2023-02-11,6,122,0.4927456370326575
2023-06-16,23,16,0.6487431704206371
2023-11-16,9,33,0.17767206975425864
2023-11-03,20,42,0.6772609472159754
2023-03-18,8,61,0.6963130294839507
2023-09-23,10,200,0.19997527185131014
2023-07-15,17,94,0.5555281032583701
2023-07-14,16,23,0.8683800016152264
2023-12-20,20,81,0.8533780525723436
2023-06-22,14,5,0.4841200959806182
2023-05-04,21,91,0.4116688953191808
2023-02-28,4,51,0.9622091946051808
2023-03-17,18,126,0.6976062005557592
2023-11-17,18,137,0.1286694164854819
2023-09-21,8,61,0.11196914844850048
2023-02-13,13,113,0.9395493297336182
2023-06-20,19,75,0.6441041091338995
2023-02-21,14,165,0.30042483396288044
2023-02-14,18,145,0.2892382015667976
2023-05-25,15,63,0.23988392236290723
2023-06-08,9,39,0.16111887751391707
2023-11-22,14,138,0.30728136479920565
2023-05-02,22,6,0.4014116958510411
2023-05-13,4,62,0.3222270245282214
2023-12-06,13,140,0.44023435793588306
2023-01-15,9,171,0.6070223016190008
2023-07-16,19,45,0.021645015819590663
2023-07-09,21,131,0.13960617912159923
2023-01-11,20,100,0.725746997454656
2023-04-08,9,27,0.3242601845262959
2023-09-05,3,90,0.6153810809039781
2023-01-28,4,190,0.5766363220252168
2023-10-31,14,20,0.5845374684210901
2023-02-27,10,60,0.12616149161709933
2023-08-29,13,129,0.9621347006009632
2023-05-09,11,189,0.06309927327036824
2023-03-29,12,150,0.7616529505883747
2023-07-03,2,169,0.10083051958761757
2023-05-07,5,45,0.679337976819952
2023-09-05,19,167,0.3550045217792037
2023-01-11,6,200,0.7200536682315698
2023-11-04,1,172,0.5333653296699408
2023-09-26,16,24,0.4851324930523737
2023-02-01,1,142,0.1851878797000417
2023-04-24,25,189,0.28093766970154077
2023-06-01,7,146,0.24715132485300606
2023-05-04,10,97,0.45875261703498826
2023-04-21,25,2,0.20596279199192158
2023-07-29,10,197,0.22622966193247196
2023-01-16,25,85,0.48708023579763515
2023-08-15,10,65,0.8012464325668952
2023-09-15,6,143,0.16574260399238527
2023-01-21,11,77,0.36542173584016036
2023-05-12,15,144,0.2902510214464149
2023-07-10,17,14,0.7147307172771613
2023-01-16,19,47,0.4618157085668083
2023-11-26,2,199,0.9918110536267355
2023-08-04,23,108,0.8363025254274543
2023-09-02,4,198,0.9583663669588153
2023-03-24,21,138,0.9356046831790388
2023-09-16,4,26,0.26816095885248004
2023-10-07,23,198,0.2858850505315622
2023-03-28,16,89,0.7175003241419722
2023-06-20,11,43,0.6140698590944369
2023-06-24,22,125,0.94899592760262
2023-01-29,13,154,0.7307516535571608
2023-03-08,20,19,0.8114710386371324
2023-09-11,23,104,0.66185081967287
2023-08-29,5,194,0.26053832258616516
2023-11-22,12,81,0.5108585838437203
2023-07-27,6,24,0.49896792758429365
2023-06-12,1,2,0.13054862474659812
2023-05-01,22,12,0.23418033678753558
2023-03-01,22,134,0.6648046819443528
2023-08-30,6,168,0.3132876272281562
2023-02-05,12,123,0.8422860783412275
2023-02-03,25,70,0.5418645219684333
2023-07-03,12,160,0.6353560764350474
2023-03-06,20,132,0.5071172235102364
2023-08-12,23,1,0.09295823567255979
2023-10-07,2,170,0.8040977452652978
2023-03-09,10,125,0.7180433041532933
2023-06-08,21,181,0.7572732747438595
2023-05-18,23,58,0.9028800526195755
2023-06-30,12,15,0.07013792489997184
2023-07-25,13,33,0.953984833255442
2023-04-15,9,200,0.24138868627907217
2023-06-19,2,97,0.482608752485271
2023-09-18,2,147,0.7409872389337286
2023-03-16,3,24,0.9326809570535392
2023-01-13,12,43,0.2641523434938686
2023-11-07,18,111,0.19837408501175213
2023-09-12,18,186,0.6833278575465168
2023-02-11,5,85,0.6429532669224585
2023-04-18,9,63,0.4129669318044542
2023-03-24,13,159,0.4986563054681207
2023-02-25,22,110,0.1498716932813542
2023-06-25,21,198,0.7139039333048977
2023-04-07,17,38,0.6418081337864814
2023-01-21,11,106,0.8633201723656276
2023-02-03,16,64,0.05163414739078309
2023-09-30,25,127,0.4851962802101317
2023-09-06,7,127,0.05470851437969071
2023-12-05,24,12,0.6476694314689155
2023-12-08,9,194,0.9904482277708967
2023-08-08,24,52,0.6832821992950603
2023-04-06,20,127,0.7042563191233959
2023-09-01,5,71,0.26807659862007394
2023-07-27,2,132,0.8179510688801656
2023-05-01,17,155,0.4004237327117153
2023-11-03,7,63,0.5196746704739257
2023-01-17,24,75,0.567609302073909
2023-12-17,12,182,0.08791608358252367
2023-03-03,10,164,0.6970746080168089
2023-12-16,18,69,0.9484252925419463
2023-09-25,19,159,0.32619223978732215
2023-11-10,15,138,0.18837123548700963
2023-11-24,16,16,0.03711325588713488
2023-12-23,25,128,0.5093158517076486
2023-02-15,19,33,0.253855804383586
2023-05-07,14,193,0.39632456032701036
2023-01-14,7,87,0.5840027552457192
2023-10-02,2,16,0.6118856256777502
2023-02-03,11,84,0.6398611920163229
2023-10-18,23,17,0.20191147961536737
2023-08-05,20,101,0.9809337026276542
2023-07-15,21,88,0.1795436447472758
2023-06-04,11,146,0.8259380897743849
2023-11-24,11,127,0.48425777125706737
2023-09-19,16,81,0.7452454624074261
2023-02-28,18,126,0.292973436204618
2023-07-19,16,58,0.1643911707764959
2023-06-13,14,124,0.4700982065599013
2023-08-10,1,172,0.709764896033771
2023-04-23,20,141,0.180567651295518
2023-11-10,5,73,0.9439340091411687
2023-02-20,10,83,0.8166312735260254
2023-08-31,13,167,0.1695731331963476
2023-11-06,20,51,0.9589305109938958
2023-03-16,23,81,0.5746506009118839
2023-06-13,7,109,0.3327542683844398
2023-11-22,22,6,0.646978122113636
2023-10-22,22,15,0.5359446944833024
2023-08-19,5,91,0.9079345355346109
2023-01-03,9,75,0.23016891964104103
2023-08-13,5,163,0.09131417188790325
2023-03-27,12,177,0.32999446956843814
2023-01-17,17,184,0.09482878499067637
2023-12-16,3,143,0.8698316669388305
2023-02-18,3,78,0.9713882334800314
2023-06-27,13,47,0.597156090201636
2023-10-26,4,104,0.11639936294263464
2023-07-15,5,76,0.20497625566143718
2023-09-15,5,166,0.5261057437172292
2023-06-30,23,127,0.9711592515424169
2023-09-18,8,83,0.4551591556132867
2023-04-08,6,104,0.2084085240832496
2023-06-08,23,54,0.09598959880918134
2023-11-23,23,71,0.8409394970781472
2023-08-18,24,136,0.40179115900113904
2023-01-15,3,63,0.7021588769575555
2023-02-04,7,18,0.9706566019337703
2023-07-29,23,123,0.3449101244365125
2023-05-12,21,198,0.9595255243615708
2023-04-02,18,114,0.49886769250361385
2023-03-08,20,143,0.9222077956386869
2023-03-29,15,12,0.05191676284646174
2023-09-21,22,82,0.6637733135464039
2023-08-13,20,119,0.71269726991027
2023-04-30,25,91,0.5075959200079729
2023-05-22,24,174,0.22423985632890475
2023-12-02,2,17,0.9196718085761871
2023-06-20,18,140,0.6528691497123644
2023-11-04,25,191,0.20522414048414883
2023-11-04,23,111,0.14271420706731042
2023-06-15,16,14,0.9368964570057374
2023-04-27,5,192,0.511663393667468
2023-05-31,19,164,0.24104012538879893
2023-01-25,7,142,0.8749199914511965
2023-10-24,5,146,0.2379188757267715
2023-09-27,23,152,0.8695897644543793
2023-03-09,12,34,0.18522022533146276
2023-04-26,15,28,0.3504993562147555
2023-08-09,16,119,0.749334137495706
2023-10-26,13,3,0.6378117869747295
2023-10-09,3,37,0.4025783454215447
2023-09-14,16,121,0.8269750264530887
2023-05-19,18,45,0.16919420447378997
2023-10-01,1,109,0.4423599823581851
2023-09-23,5,130,0.9740109556578063
2023-03-12,1,127,0.9214913120122585
2023-06-01,3,196,0.19380372902745857
2023-03-16,9,13,0.8486266179861093
2023-01-20,20,52,0.017544861186056582
2023-09-03,9,71,0.527794214210328
2023-10-18,10,17,0.7829418510362507
2023-05-09,6,188,0.9828858684414764
2023-03-21,2,97,0.23534501846402278
2023-06-18,6,24,0.44509289058907875
2023-02-22,24,37,0.24008753055809584
2023-10-09,6,25,0.7320671997763525
2023-02-14,8,16,0.7876159225124683
2023-07-21,3,63,0.7193749175555177
2023-06-24,7,185,0.5296381487929416
2023-07-14,3,16,0.4467118673380459
2023-08-27,18,68,0.41892784044607256
2023-04-20,3,165,0.5951902201304458
2023-10-11,19,25,0.04176335095791095
2023-01-04,16,182,0.46902802685686873
2023-10-22,11,149,0.3674894053732153
2023-03-13,3,127,0.013977566053840929
2023-09-10,5,117,0.6107129900256374
2023-10-21,11,42,0.34144476777657273
2023-08-04,17,132,0.8460736901256282
2023-06-04,8,19,0.8953415754099379
2023-03-25,13,72,0.5917242746637628
2023-06-20,23,57,0.5199303755212206
2023-12-22,25,68,0.343355944020416
2023-02-22,3,94,0.5091071214821057
2023-11-12,4,51,0.19001289767704954
2023-07-17,17,183,0.7326970704653906
2023-08-24,23,38,0.4849306853964487
2023-09-10,11,124,0.4362757647999481
2023-09-19,3,128,0.8026265992052497
2023-02-17,19,41,0.5215086156884579
2023-11-12,14,27,0.9855886591130362
2023-09-24,12,176,0.751403939994819
2023-05-25,8,146,0.21537189533868895
2023-11-18,19,154,0.19419192922464412
2023-02-03,5,144,0.4625584965455951
2023-03-31,22,30,0.8516740250752824
2023-05-26,10,134,0.014354768308496246
2023-10-27,24,187,0.9775249841689866
2023-01-28,12,69,0.1713003532996552
2023-04-18,4,17,0.957987840125407
2023-12-14,7,183,0.6465416824772465
2023-11-10,24,161,0.8895494797693694
2023-06-20,4,121,0.8322241241507202
2023-07-06,14,184,0.5195919630318335
2023-01-02,20,71,0.15968595856352774
2023-07-01,8,55,0.3039776983023178
2023-10-21,14,129,0.7889758260607201
2023-12-01,7,73,0.6697366467654771
2023-09-23,5,71,0.9450672883524674
2023-03-05,21,111,0.7749806299518147
2023-08-21,4,102,0.49454931676685476
2023-07-17,13,114,0.6299048292914363
2023-11-05,11,74,0.9317612124375113
2023-07-27,14,107,0.36946485529161277
2023-09-05,8,4,0.9238562544553929
2023-12-27,6,134,0.7784506968270912
2023-11-24,18,147,0.21775613039842834
2023-03-29,15,61,0.9116880241455956
2023-08-27,24,110,0.8461027726037365
2023-12-16,12,123,0.6190269779034671
2023-01-26,2,29,0.9230179205972493
2023-07-04,15,49,0.41689584078689423
2023-08-24,24,192,0.44735485298105915
2023-05-31,2,200,0.22765881060233584
2023-02-20,19,80,0.17848543217929125
2023-11-19,7,164,0.1923575490825129
2023-07-27,18,128,0.2601917021346384
2023-11-12,16,190,0.4332023950669184
2023-07-19,5,4,0.9221256245221938
2023-06-25,8,99,0.32098708824519506
2023-02-15,7,38,0.426277807428335
2023-08-16,4,56,0.9196969509035718
2023-03-29,23,144,0.9482046268797456
2023-05-25,9,24,0.06844945212954434
2023-03-27,22,14,0.336782778655083
2023-07-25,16,169,0.40650231783673996
2023-03-15,17,29,0.18012686819056445
2023-02-12,13,37,0.9852254603897808
2023-09-14,3,8,0.5701321612926242
2023-02-12,4,141,0.19672395198366643
2023-05-17,23,64,0.4161055097616857
2023-10-19,18,155,0.07208892606366735
2023-11-02,10,61,0.4554963492063938
2023-07-27,4,173,0.04874263991490413
2023-09-25,9,35,0.7587533435480022
2023-07-13,8,29,0.37453709163882576
2023-08-10,17,190,0.12264521263763728
2023-12-15,15,142,0.5081708227015688
2023-12-11,10,162,0.8908130828280943
2023-06-13,23,13,0.28421087596454997
2023-03-30,5,136,0.7541883323632568
2023-03-25,13,137,0.9410067042366227
2023-01-25,2,185,0.17401752299021467
2023-01-12,1,195,0.5144118570924884
2023-03-06,21,197,0.7106383105426991
2023-02-16,4,116,0.36198667107595783
2023-08-05,3,40,0.5853280776110107
2023-05-03,25,138,0.9352174902487896
2023-01-31,7,151,0.5506183862896825
2023-01-08,3,191,0.3683063023275812
2023-10-27,23,171,0.9796063654522998
2023-06-23,5,138,0.9677695174010269
2023-02-20,18,83,0.6299081857817429
2023-09-08,6,21,0.24639680771913597
2023-10-31,21,175,0.05704934102399839
2023-03-02,9,195,0.8250794488717504
2023-06-28,24,173,0.41562531950634907
2023-08-13,21,118,0.7171044648128896
2023-10-16,17,192,0.8671759239594904
2023-04-11,13,8,0.030562134240804006
2023-01-04,3,129,0.924175246872506
2023-06-06,19,97,0.49349099444847566
2023-10-09,21,50,0.5597937772722108
2023-10-07,5,42,0.8162675412755436
2023-05-02,13,136,0.3299772096091539
2023-03-20,23,179,0.8308672723272168
2023-09-30,19,3,0.8679823521981588
2023-01-25,4,104,0.014095298097220432
2023-12-25,14,13,0.7021118484005204
2023-09-03,16,152,0.06137485297043288
2023-09-10,7,80,0.6969572777313596
2023-10-06,10,136,0.9179924525120113
2023-10-30,23,75,0.18503354546708284
2023-03-26,13,158,0.8858931623411096
2023-08-20,15,2,0.19772257366575408
2023-11-04,18,104,0.187641650545605
2023-03-23,10,121,0.356589443254712
2023-12-23,17,23,0.5330611595356202
2023-06-27,6,153,0.619876985702538
2023-01-19,14,95,0.9007571334301838
2023-12-16,12,62,0.7055910681987442
2023-04-22,11,91,0.5912185033827959
2023-09-21,18,50,0.8943137726797671
2023-09-05,15,117,0.26501531161184555
2023-07-14,2,186,0.9600870829378166
2023-09-08,18,189,0.7774886301212731
2023-06-22,16,19,0.6145160764969457
2023-05-19,2,105,0.2631281501485918
2023-09-10,2,146,0.830475629185547
2023-07-26,8,84,0.14652900233135546
2023-11-08,18,28,0.9735131803175266
2023-11-24,21,42,0.43104748524797043
2023-08-03,24,62,0.2836792336064564
2023-07-16,7,147,0.5989907279650115
2023-01-01,6,100,0.26860541699038454
2023-07-09,18,46,0.9557591914026026
2023-08-02,16,163,0.8860418948614214
2023-06-27,14,94,0.8264950230400324
2023-01-20,3,53,0.656820993237568
2023-06-23,22,52,0.17121668773266574
2023-04-12,3,37,0.004922712085087433
2023-10-01,23,155,0.5078448648584734
2023-03-08,6,136,0.4876975087858285
2023-02-28,12,95,0.10289649772953913
2023-10-18,2,105,0.3602551780099068
2023-10-08,17,75,0.24304142638871373
2023-04-04,17,28,0.009616953357770686
2023-02-22,25,110,0.9172359836229635
2023-03-07,14,17,0.47597284028110765
2023-06-10,25,126,0.4918197072367664
2023-01-05,10,118,0.4906062681386353
2023-12-22,4,161,0.20217489792836896
2023-01-31,18,129,0.6289246837505171
2023-08-16,2,150,0.6635889030931856
2023-12-22,17,26,0.9088673138116858
2023-01-27,6,21,0.349353893994938
2023-05-01,13,200,0.10590071824359648
2023-09-08,8,105,0.450248124660396
2023-03-14,18,32,0.8950538804739907
2023-08-02,6,66,0.7610510547914259
2023-12-13,23,22,0.29998596316614856
2023-04-25,3,135,0.33815588476557135
2023-05-07,18,135,0.367604544062324
2023-12-24,16,36,0.83669154978288
2023-11-17,6,73,0.6987154486618183
2023-02-25,13,12,0.1536895532185455
2023-08-06,19,30,0.32515221457623533
2023-11-03,7,96,0.5193060509069912
2023-11-30,17,123,0.02704962788079801
2023-11-04,11,110,0.7807937361962599
2023-05-20,1,113,0.49011422545372973
2023-12-04,21,193,0.9652356685939046
2023-12-29,13,138,0.8065403934544726
2023-02-26,2,156,0.2731679690858969
2023-12-04,1,46,0.12471554907191162
2023-04-04,19,193,0.11399722537687573
2023-07-13,17,197,0.2815031458973519
2023-09-14,22,49,0.2749669485899271
2023-12-07,11,130,0.4789598525782399
2023-01-01,25,133,0.9095684185880151
2023-07-05,9,3,0.2580426118679976
2023-11-05,22,19,0.4589921988827851
2023-10-17,25,180,0.061045965944293235
2023-08-07,10,37,0.051951931091548276
2023-03-11,13,133,0.48313075683890794
2023-09-02,23,199,0.3790160463648953
2023-04-21,13,82,0.415297638615451
2023-08-09,18,159,0.9256621710791884
2023-02-19,4,77,0.6143793747001531
2023-08-07,11,123,0.730728541629811
2023-04-20,5,37,0.6208729331422511
2023-08-23,17,151,0.07246112311626107
2023-11-24,8,161,0.7681672487901066
2023-02-01,8,144,0.40272034523481426
2023-01-18,7,87,0.3466064371854235
2023-08-02,16,162,0.9636547452010634
2023-08-24,15,85,0.30708759107688266
2023-06-29,21,150,0.5935176200853354
2023-10-11,10,137,0.447806773747215
2023-02-14,1,132,0.16773035694639649
2023-11-16,23,26,0.4570491559697719
2023-07-20,17,152,0.6070818995518642
2023-03-07,7,82,0.7825358774947131
2023-04-07,23,6,0.4249466180343905
2023-05-19,12,50,0.2062431810932659
2023-12-14,23,37,0.21845660577571147
2023-02-03,11,94,0.38090199358614407
2023-03-07,1,147,0.33547197934337636
2023-08-14,8,76,0.6640987668772057
2023-02-05,7,65,0.21540365574974663
2023-05-21,20,168,0.522474120782459
2023-09-19,19,144,0.3561829479300336
2023-09-16,22,61,0.5892965244481294
2023-02-19,16,40,0.11563312995174058
2023-03-10,17,72,0.769473233748811
2023-09-01,6,112,0.5856175826814444
2023-01-19,4,120,0.9802725897431969
2023-09-23,9,85,0.525382961215138
2023-01-03,1,200,0.7504294516589284
2023-07-10,7,4,0.9921150484848147
2023-04-01,16,7,0.09728629461787608
2023-07-04,14,176,0.09354625533598038
2023-04-14,2,150,0.18445007840742222
2023-06-02,17,127,0.4502233232705889
2023-07-18,14,8,0.19179462000201963
2023-01-27,11,63,0.5715571687601041
2023-01-14,6,92,0.41816608766309493
2023-08-07,17,178,0.9656400803527144
2023-04-22,21,168,0.8905992152986241
2023-04-08,2,183,0.5823393874878882
2023-07-29,24,91,0.9598946125761014
2023-09-22,1,7,0.8546559123543115
2023-10-30,13,145,0.6455893562415507
2023-08-19,9,31,0.5720546573347435
2023-03-13,18,141,0.6172653598291287
2023-11-17,11,133,0.6661412619940918
2023-03-24,21,80,0.04764891421211359
2023-10-13,12,63,0.6611991222470731
2023-12-15,11,191,0.30746806889224676
2023-03-02,16,137,0.7464189328590904
2023-11-19,21,174,0.5850423397798671
2023-04-01,22,144,0.6795075780116943
2023-04-27,7,134,0.903718699336091
2023-05-07,10,25,0.9390415379143687
2023-08-04,10,41,0.11759758223850048
2023-07-14,12,158,0.3866167837896416
2023-01-29,11,160,0.9645810647010077
2023-02-05,25,177,0.9546888104281869
2023-06-01,4,163,0.07710406167882256
2023-12-20,16,162,0.3019292882482971
2023-08-25,16,40,0.16688558332470804
2023-04-05,3,33,0.5936017469517447
2023-09-19,16,179,0.08877115699193372
2023-10-08,19,106,0.24534248518700874
2023-12-18,1,126,0.04488763419400921
2023-12-23,22,170,0.7228522361743722
2023-02-15,4,72,0.9575948199438788
2023-12-04,5,33,0.16314859452578
2023-07-04,5,58,0.08824686235858459
2023-06-23,5,101,0.886295815203739
2023-05-07,9,68,0.9867605163762098
2023-06-18,20,148,0.20407823939605663
2023-10-20,21,43,0.6798560333111714
2023-01-26,5,63,0.2017594622849438
2023-06-16,13,168,0.7724864937727445
2023-09-30,4,136,0.9911462051942305
2023-01-26,19,164,0.8329855826256105
2023-12-04,18,138,0.5066312013187007
2023-06-11,17,131,0.5696357586781636
2023-05-20,13,67,0.10191241480512658
2023-01-28,16,4,0.5305943918516136
2023-11-30,3,164,0.4594729076160611
2023-07-31,23,104,0.07917541682544593
2023-07-22,11,36,0.578131267762126
2023-11-13,17,182,0.1005059625349185
2023-04-30,1,126,0.5390054856938413
2023-02-18,13,30,0.46050402394925416
2023-12-31,9,125,0.07872559007432733
2023-12-23,5,169,0.620348658139241
2023-06-24,7,133,0.03598872502119632
2023-02-16,7,184,0.5004148971790158
2023-04-29,12,180,0.17911328969773666
2023-06-03,3,147,0.28187918317196514
2023-11-13,13,155,0.8133144873165561
2023-09-03,16,83,0.5866163214894943
2023-07-19,8,179,0.7175444533811244
2023-11-16,4,122,0.48244440473523975
2023-05-16,12,134,0.04036545705284378
2023-04-21,18,182,0.6546011457515601
2023-05-20,14,76,0.4866275604422414
2023-09-18,20,4,0.5732620890934197
2023-11-15,1,100,0.5139888424683328
2023-02-02,2,73,0.2824252437316348
2023-05-27,8,85,0.20744470671790116
2023-05-20,12,78,0.36547991733175433
2023-11-27,13,111,0.05592949270588943
2023-01-10,3,169,0.8900866027347764
2023-09-07,6,141,0.610095788234231
2023-04-25,12,143,0.2713667326064375
2023-09-15,25,198,0.05019963937023919
2023-06-01,4,116,0.3467936317198549
2023-12-16,11,110,0.3329020490552592
2023-05-10,18,126,0.3083745789560962
2023-06-27,21,85,0.8400349942335074
2023-05-26,23,34,0.11623903186867535
2023-11-12,4,70,0.6929847936918397
2023-06-25,13,161,0.170499284689835
2023-12-06,8,22,0.5000449810660567
2023-08-23,12,86,0.007209281983862503
2023-06-22,8,150,0.3147128288933808
2023-10-12,24,70,0.13677117195239208
2023-10-08,14,110,0.8328669374677747
2023-06-17,11,119,0.7249133644428075
2023-03-29,22,60,0.9934666512007684
2023-09-07,11,143,0.10942849537280952
2023-06-12,8,67,0.6151758350191073
2023-03-30,4,116,0.2043851381783236
2023-01-02,7,93,0.9399747886895182
2023-11-13,14,70,0.7075994239027147
2023-06-04,14,113,0.6360420972202449
2023-08-08,14,45,0.12819923565892744
2023-11-10,18,63,0.4791207236191838
2023-06-09,18,26,0.6068418033899846
2023-07-21,6,174,0.5029446011539525
2023-03-01,21,66,0.3016858660951738
2023-10-28,23,62,0.848600224217756
2023-07-14,7,107,0.2124344096284495
2023-03-27,24,53,0.19445665439235382
2023-12-16,3,156,0.6964840673775474
2023-12-24,1,158,0.16856844954161132
2023-07-25,2,28,0.7556551933157437
2023-11-23,22,175,0.9428595622121203
2023-09-14,19,135,0.22760532995748173
2023-05-19,16,189,0.5052512577340126
2023-10-07,8,53,0.1809185985085474
2023-04-03,6,141,0.3514027857619425
2023-09-19,21,130,0.7270132810344677
2023-02-28,18,115,0.9601889188080266
2023-02-25,22,197,0.07101724700185807
2023-02-05,23,100,0.5833063497727025
2023-05-18,11,97,0.42079426342992243
2023-04-22,2,147,0.3906028228695657
2023-12-22,25,150,0.030427897689457972
2023-03-17,25,42,0.4871330432999692
2023-01-03,18,137,0.9654354437665033
2023-05-09,13,83,0.19868132524489024
2023-11-02,13,9,0.6076222185411727
2023-06-19,24,111,0.6489629651441353
2023-01-26,15,115,0.7078546762338503
2023-06-23,8,41,0.6965149155408266
2023-04-11,5,64,0.35735143515934165
2023-09-28,16,154,0.1737237926585291
2023-01-22,14,157,0.9637933749739328
2023-01-05,1,194,0.1031662456960305
2023-12-30,3,25,0.3337881598324971
2023-08-25,21,86,0.1302471147889528
2023-12-11,4,13,0.6019259813475304
2023-03-20,14,81,0.7625938197805153
2023-06-19,6,173,0.8648517895850856
2023-06-19,25,122,0.12819270805026695
2023-06-14,13,99,0.5047240459918122
2023-02-01,5,27,0.21149487873987705
2023-01-01,1,197,0.7488852577360526
2023-11-21,20,105,0.943419993237964
2023-06-20,7,168,0.10094675805455611
2023-02-10,8,22,0.13178581142863544
2023-08-20,11,32,0.006037660059867167
2023-09-09,22,44,0.1903353563750415
2023-12-11,11,200,0.3678160142473469
2023-12-23,7,41,0.4174783775995706
2023-07-05,22,27,0.192184918300623
2023-04-24,23,79,0.6750562438400327
2023-05-18,9,47,0.5161150938768995
2023-06-10,13,91,0.6553206525319518
2023-04-04,4,185,0.7275431103417713
2023-07-21,1,56,0.5941454769032952
2023-06-02,23,150,0.0641739300991152
2023-11-22,6,42,0.16148728951747027
2023-10-29,7,4,0.15068251959842827
2023-10-18,15,112,0.4746686800079417
2023-04-14,23,138,0.47566663007772947
2023-02-04,6,112,0.10581078147054968
2023-05-12,17,3,0.7082039947302454
2023-10-17,14,36,0.9954852691555334
2023-07-06,12,15,0.7303117932663991
2023-09-22,4,111,0.8645299687101725
2023-01-07,25,112,0.15924755732264695
2023-05-31,5,67,0.013200164453684327
2023-01-18,22,56,0.7316642907089081
2023-02-09,8,174,0.41248067244399333
2023-10-05,9,51,0.7631218056493202
2023-01-08,8,102,0.8874446007071046
2023-09-24,17,49,0.6668525195452224
2023-09-28,24,189,0.35594602405580456
2023-07-24,21,170,0.3691549023650075
2023-04-11,8,150,0.78861674825035
2023-06-06,9,184,0.46261668945549084
2023-08-22,21,106,0.5710899708691698
2023-02-10,12,86,0.25604265734080167
2023-06-22,12,61,0.33223634872670005
2023-12-12,6,42,0.5218944278414794
2023-10-10,11,191,0.24320225621283353
2023-01-07,25,189,0.7019611782611784
2023-11-01,17,90,0.3844969323388332
2023-12-12,17,8,0.6614183543146628
2023-08-10,10,26,0.6569780741197861
2023-03-11,14,62,0.402761330229492
2023-06-03,11,185,0.518572675447032
2023-02-05,12,29,0.313217732992502
2023-07-28,8,16,0.04270058720523939
2023-10-06,15,137,0.5756997608035286
2023-01-03,18,137,0.842012890396054
2023-11-11,21,149,0.9212206774773919
2023-05-22,20,187,0.6338620004526335
2023-09-07,22,44,0.6435068089444609
2023-01-25,18,181,0.3015974604181493
2023-02-01,6,103,0.5511632548680996
2023-11-01,17,5,0.3306572707221046
2023-08-16,21,70,0.11529434402054062
2023-11-11,8,196,0.9500698882835459
2023-05-14,11,100,0.5626640211610003
2023-02-17,5,30,0.959739251790043
2023-10-17,7,125,0.562358431488786
2023-04-13,2,178,0.5252195965855805
2023-10-08,9,44,0.01560867509126751
2023-06-10,22,21,0.7799922983924757
2023-08-25,20,83,0.1770441856321764
2023-10-15,22,162,0.29463526883204016
2023-10-28,7,69,0.042751655381769726
2023-05-13,2,162,0.216768334872544
2023-01-21,22,159,0.6505566697152781
2023-03-21,12,9,0.829463148299607
2023-02-08,14,38,0.8498862192048104
2023-06-06,14,180,0.19669425260866613
2023-06-24,25,72,0.5893184761932686
2023-09-17,18,108,0.9806335899961895
2023-11-16,10,24,0.2336861685341931
2023-07-29,14,83,0.9112215472854026
2023-12-11,14,131,0.5723757788802764
2023-09-24,17,49,0.4936779209674471
2023-07-21,4,49,0.3598683327178419
2023-01-06,12,65,0.21518846156573324
2023-12-08,17,195,0.4220459436271131
2023-03-11,1,14,0.03899761151346026
2023-08-28,12,38,0.5301822615901267
2023-07-06,19,31,0.38734067126437133
2023-01-09,11,6,0.8908840106224767
2023-06-23,10,5,0.6221598542168123
2023-10-05,19,143,0.2949382987390521
2023-02-05,18,162,0.6944797320829247
2023-02-25,15,69,0.655490679169256
2023-05-05,7,194,0.27954093286553716
2023-03-20,8,82,0.9724324482819652
2023-08-06,2,165,0.41967000515958874
2023-01-27,11,91,0.24766870164048416
2023-11-27,8,170,0.44282765385305545
2023-11-29,1,197,0.9601546422359657
2023-03-09,14,40,0.005309060909064689
2023-08-28,16,31,0.7259695611281858
2023-05-21,14,76,0.5315765045422776
2023-06-03,1,5,0.7200550703103795
2023-10-26,13,163,0.9381527741477103
2023-07-09,11,170,0.9647686269706391
2023-02-16,8,126,0.22384929778952112
2023-01-23,11,199,0.2785466520423946
2023-05-02,1,100,0.8072304955516476
2023-07-17,17,134,0.7069148977380051
2023-10-20,16,120,0.32698292326865674
2023-04-14,25,66,0.8262471726716714
2023-08-08,25,128,0.4000344710950223
2023-11-06,12,158,0.08947287595569364
2023-02-15,1,18,0.6347884573748167
2023-10-11,11,198,0.9779786908162473
2023-06-03,3,176,0.2800872394912529
2023-10-01,1,176,0.3599321349013608
2023-08-15,18,5,0.6967356757434514
2023-04-29,25,36,0.211524161376196
2023-09-18,22,23,0.8137680629040186
2023-02-15,18,64,0.09722470627902313
2023-05-26,18,170,0.5169675833954047
2023-06-05,18,85,0.8627162458547231
2023-06-12,2,55,0.34400145031013296
2023-07-12,23,163,0.42040843681308393
2023-11-09,18,11,0.6237569351284078
2023-02-11,16,188,0.6972213119349906
2023-08-02,10,103,0.7056689859170434
2023-06-05,17,62,0.8544540266217151
2023-09-23,13,43,0.31989717481807434
2023-12-23,14,135,0.19648215054417073
2023-10-12,8,144,0.6072453456125732
2023-09-23,17,155,0.9402414402683046
2023-02-09,5,83,0.9646504652360557
2023-12-30,4,2,0.5050607414657834
2023-10-25,1,196,0.013435286407324942
2023-07-03,8,13,0.19947935126271987
2023-11-05,19,129,0.6845643173144661
2023-01-23,2,23,0.6678522820955436
2023-05-31,12,163,0.5939310391345597
2023-05-23,14,114,0.940998072602578
2023-10-02,22,171,0.037788233734717847
2023-12-08,18,197,0.26772201139041374
2023-10-22,18,119,0.017975047518167697
2023-08-07,7,40,0.964431553182588
2023-11-01,5,95,0.402306236569114
2023-06-11,2,30,0.7761817042020793
2023-08-01,22,44,0.42332265285756754
2023-05-30,21,26,0.6632535338168717
2023-12-08,2,65,0.773548020021616
2023-03-22,22,24,0.16882497741169333
2023-01-21,22,48,0.32618339824565457
2023-07-23,25,188,0.504101738871323
2023-05-24,2,147,0.6923067322803828
2023-08-30,17,21,0.5588742984312591
2023-10-11,6,102,0.805621815734797
2023-10-23,23,42,0.6335623007160114
2023-03-16,23,2,0.9320480191255349
2023-03-05,16,122,0.6032081485508346
2023-10-12,25,169,0.07924663933756226
2023-05-06,14,52,0.6961432183125157
2023-09-14,12,85,0.9920046070901152
2023-04-10,10,58,0.7611692891843294
2023-08-11,19,57,0.06436514989611064
2023-03-20,15,156,0.21717315624720646
2023-09-20,22,163,0.590024218667853
2023-06-17,16,164,0.4502611773242443
2023-01-25,20,149,0.8281072539933012
2023-12-18,10,109,0.3398495779143581
2023-11-02,9,195,0.22063261835220893
2023-11-28,12,78,0.7461159986327328
2023-05-26,4,74,0.30889304958185015
2023-08-13,7,136,0.02060705408914809
2023-04-06,9,102,0.8647064488347186
2023-07-08,11,139,0.8092394149060386
2023-09-02,17,48,0.7330357886404651
2023-11-01,9,143,0.987425092088864
2023-04-10,17,138,0.3595566341500176
2023-08-05,15,155,0.7532468865323143
2023-01-16,3,166,0.5074152586467584
2023-05-31,25,95,0.30659136382892016
2023-11-28,16,114,0.8635279918103849
2023-10-05,22,113,0.47347062567245235
2023-07-31,13,55,0.35278956935090144
2023-07-28,15,198,0.4035918265786299
2023-05-31,16,110,0.6998316799919189
2023-03-29,10,86,0.8279501660853718
2023-11-29,2,126,0.1885669314398274
2023-03-15,9,164,0.9999309762528018
2023-08-30,8,31,0.9198236763764327
2023-06-10,13,170,0.05001769688906155
2023-11-24,18,143,0.6821949157513854
2023-10-14,15,56,0.9943652965187647
2023-09-16,1,61,0.8092146724304302
2023-07-05,14,120,0.3865899239934094
2023-07-07,1,23,0.5977149422277115
2023-03-12,10,45,0.23369626306531432
2023-05-15,2,145,0.32302056966328063
2023-07-09,11,109,0.7978055591212744
2023-02-24,8,85,0.2320119299225939
2023-06-21,12,179,0.4550301951203134
2023-11-08,22,166,0.6864499571722524
2023-08-14,17,75,0.16069726882451507
2023-01-06,16,164,0.48353780882917174
2023-05-16,4,45,0.993327123328981
2023-03-05,10,154,0.1998771581850881
2023-12-05,25,113,0.5619937045504934
2023-10-31,6,72,0.4024892921201988
2023-08-12,10,180,0.4637631203903453
2023-04-06,7,74,0.0832636793143704
2023-12-25,15,178,0.6782367050657715
2023-12-16,16,55,0.136807398449462
2023-05-07,8,53,0.779086614967237
2023-06-17,17,141,0.5389238591553172
2023-11-10,23,112,0.8491075372361552
2023-10-16,10,48,0.9625810433240166
2023-09-03,23,184,0.4751712825508022
2023-11-12,17,123,0.4211218464804105
2023-02-03,19,157,0.8804885227684602
2023-01-14,25,13,0.606024817239969
2023-02-10,5,173,0.045495441717931295
2023-01-02,11,134,0.7789390243164529
2023-12-01,10,95,0.8506649659557736
2023-08-26,22,98,0.7277885330881906
2023-07-04,7,90,0.9348687010979401
2023-01-05,15,110,0.07368610913352047
2023-02-12,3,130,0.16962760515305209
2023-07-06,5,55,0.8312783246204234
2023-10-02,7,32,0.6049355890067346
2023-10-08,10,182,0.06173471708351619
2023-03-04,14,193,0.9495516943503255
2023-09-20,3,172,0.10071853131091069
2023-07-29,12,153,0.2843722258148057
2023-05-13,20,138,0.15422460604234356
2023-09-27,23,62,0.5492079775784368
2023-08-16,24,11,0.223795965770608
2023-01-31,21,150,0.7832677474429812
2023-06-26,3,18,0.9905913235133484
2023-12-08,21,109,0.5511067650859004
2023-10-27,23,193,0.3223126005520932
2023-02-16,5,125,0.6280085048073857
2023-10-21,20,25,0.5373110530808882
2023-07-06,7,86,0.07631519239398821
2023-04-27,21,113,0.49501740826127305
2023-02-23,13,198,0.7543643181862415
2023-06-26,4,103,0.7887924791586375
2023-04-08,18,178,0.7469707845178399
2023-06-30,3,181,0.32385518192128515
2023-05-21,7,86,0.3582318157407428
2023-08-27,20,124,0.6397871165446531
2023-09-10,24,12,0.41316742347629354
2023-02-06,4,77,0.8767679140754585
2023-10-07,18,42,0.3534486885263666
2023-03-20,20,48,0.5904773108463981
2023-12-14,10,50,0.4330755601432381
2023-08-15,24,156,0.1691631048313369
2023-08-18,4,6,0.19458171377244105
2023-05-26,3,53,0.45083757683868164
2023-10-30,15,169,0.13472588710993816
2023-09-19,5,40,0.9271190498664583
2023-11-06,13,90,0.006165662300494534
2023-12-15,13,120,0.07130780186075802
2023-08-14,3,122,0.7432879764092094
2023-05-12,10,156,0.9676446742322695
2023-02-13,10,58,0.6953949266693349
2023-08-22,10,85,0.880619915391097
2023-09-17,22,117,0.17601028909614636
2023-09-09,17,197,0.20570790089169666
2023-11-26,21,158,0.7723391970408903
2023-08-12,3,200,0.4657479989571468
2023-04-06,14,32,0.8270025153933003
2023-05-26,19,14,0.1405510630059833
2023-10-02,22,68,0.605255110458615
2023-08-04,14,5,0.15240279995264305
2023-10-12,15,137,0.28447442588622296
2023-05-01,2,48,0.033699049268762105
2023-12-02,12,104,0.9459753693133042
2023-06-18,9,41,0.6954680590826738
2023-12-17,20,127,0.26561879902757723
2023-02-24,23,12,0.4416820403395466
2023-12-16,9,94,0.6782753420478235
2023-04-20,13,94,0.9078828666556974
2023-07-28,3,123,0.21285260317662802
2023-12-07,13,143,0.8530904836613826
2023-04-01,17,114,0.7923682236582942
2023-02-23,19,94,0.968917222380237
2023-05-02,15,52,0.6930479382831527
2023-07-12,19,109,0.32961417344851485
2023-07-03,9,102,0.39616030258855717
2023-01-23,11,172,0.8782715975503382
2023-03-29,23,142,0.6253659831695859
2023-11-01,15,118,0.5346493638382687
2023-07-14,11,105,0.18545392962818563
2023-04-27,6,181,0.7905130933225702
2023-03-21,17,151,0.06668129848149651
2023-09-03,1,10,0.8566869142595431
2023-12-27,15,150,0.23080159422264623
2023-04-18,25,112,0.8853850520865983
2023-06-05,24,40,0.9785192277469205
2023-02-27,15,123,0.1981521482043026
2023-08-21,13,93,0.5824732874260914
2023-10-12,13,155,0.29872536091490864
2023-04-27,3,8,0.8337382559358678
2023-06-13,19,44,0.09419351958302868
2023-06-15,16,46,0.3097571362272029
2023-10-28,22,83,0.3382447248097703
2023-11-12,3,29,0.8608137216066148
2023-03-14,16,129,0.2576086055376343
2023-03-31,22,14,0.8721403925856362
2023-11-18,12,160,0.16783053783017332
2023-05-10,17,28,0.5867963605863554
2023-02-19,12,126,0.6535519354348046
2023-04-20,14,88,0.9243663711091041
2023-01-26,5,39,0.6681069119103972
2023-03-18,9,175,0.3395293938648033
2023-04-29,17,81,0.14995033800710844
2023-06-11,7,37,0.053611986382118615
2023-07-02,5,144,0.16247077792501008
2023-07-02,19,30,0.5173737669478168
2023-05-16,22,8,0.7252331809767819
2023-05-03,11,156,0.3034086676036669
2023-07-22,21,177,0.9858230777218474
2023-11-03,10,31,0.566490794848282
2023-04-30,19,19,0.6442685721632282
2023-09-09,22,180,0.3285482498958192
2023-06-01,6,187,0.7762237387206912
2023-11-24,2,121,0.610192597098926
2023-01-17,4,33,0.21328642886254268
2023-07-07,10,54,0.601430557995746
2023-02-21,1,33,0.22054172436100572
2023-08-16,24,94,0.21769881770791366
2023-03-27,15,26,0.5093419919317081
2023-01-13,18,99,0.9945137736834255
2023-06-25,4,120,0.4754577575342427
2023-08-18,6,172,0.8356522713522431
2023-03-31,16,159,0.515372192218429
2023-12-26,19,161,0.877385327708937
2023-12-06,23,40,0.3777598598841836
2023-05-31,23,179,0.4701877301738877
2023-10-19,15,179,0.043362072522002304
2023-02-26,14,157,0.15492614065510701
2023-10-30,17,51,0.07783192650010617
2023-07-21,7,7,0.5833010378785949
2023-07-08,22,178,0.1594447130693648
2023-10-24,23,36,0.04934250199268475
2023-01-25,16,155,0.7179956022847613
2023-02-16,10,51,0.07081773936833147
2023-06-24,14,33,0.6854187455379971
2023-06-14,17,57,0.8264907221143457
2023-05-18,9,55,0.5236994871887022
2023-01-28,23,10,0.5970199086793556
2023-06-20,1,51,0.13726310811644804
2023-12-27,2,147,0.5722935001314131
2023-06-09,17,45,0.5087057790017855
2023-01-23,22,147,0.5767803607961722
2023-11-07,1,117,0.1755340088812526
2023-04-06,17,59,0.5479357267160218
2023-04-02,19,110,0.7306046101795515
2023-08-11,21,54,0.6066818404450326
2023-04-25,11,150,0.8629309416189832
2023-03-05,20,15,0.5343898133631366
2023-11-23,12,66,0.7761558685108498
2023-10-02,13,22,0.17658182904064523
2023-08-31,4,153,0.9485535490330766
2023-02-24,20,165,0.8815027211983908
2023-11-23,10,87,0.6435156453265979
2023-05-02,10,55,0.14752908661414
2023-03-15,6,185,0.13822809913423872
2023-06-27,14,44,0.24660296393936965
2023-05-14,12,146,0.6334238403548186
2023-04-03,13,98,0.10213081291357395
2023-11-05,17,144,0.9330544910512985
2023-09-22,6,5,0.3154249236082213
2023-12-21,20,169,0.3789715603495447
2023-12-23,1,20,0.44105974757692534
2023-11-02,16,184,0.023937212008011244
2023-09-04,20,1,0.4031136717309771
2023-01-10,2,58,0.9312206142911732
2023-09-20,21,159,0.5297318876078265
2023-06-11,17,152,0.9717860428055521
2023-06-28,11,123,0.7958794076344504
2023-02-01,7,69,0.03043486240305493
2023-09-02,18,75,0.4079953929584098
2023-09-08,11,152,0.5451570441752216
2023-07-21,18,25,0.8077794813259217
2023-04-16,15,68,0.5181678266913955
2023-04-23,3,102,0.8311262799931146
2023-06-20,13,96,0.7268198171191789
2023-12-30,2,143,0.953820310754245
2023-01-07,7,31,0.16198096911848436
2023-07-18,23,164,0.5454996382381929
2023-08-04,4,57,0.04903563774279429
2023-05-09,8,62,0.263338139374214
2023-06-21,21,184,0.9318917271458349
2023-05-09,9,27,0.48663385287291405
2023-06-12,4,188,0.7596489644646612
2023-10-31,10,56,0.6521395529110283
2023-03-19,23,129,0.9907794560761092
2023-11-26,17,81,0.5850136222455175
2023-11-05,23,23,0.46110301204647874
2023-06-12,18,72,0.045046077062438794
2023-12-22,19,137,0.18805382823993877
2023-12-30,17,23,0.46118691585992655
2023-10-27,20,141,0.30605470531535717
2023-08-06,9,55,0.7564153439958147
2023-01-25,13,148,0.28568360576389706
2023-09-09,8,156,0.12104846633254984
2023-08-21,18,52,0.29355176913699643
2023-01-17,5,154,0.44495547327528284
2023-12-26,9,82,0.2710722425747112
2023-01-28,15,3,0.09117549440245387
2023-02-15,1,163,0.7751982288502165
2023-11-13,16,5,0.40785113833534503
2023-12-26,6,173,0.3863589877317396
2023-05-12,16,95,0.9026436498507491
2023-12-24,9,43,0.5900946162461573
2023-09-13,7,152,0.7714382647462691
2023-01-14,13,177,0.063590343813127
2023-04-30,1,149,0.7182911414227099
2023-04-11,22,30,0.20716846412032508
2023-07-19,18,103,0.46317317059750274
2023-11-13,9,193,0.755737045205291
2023-12-03,17,121,0.2545083304125946
2023-10-21,20,49,0.45194690463408016
2023-08-31,25,52,0.7006386214549339
2023-04-21,9,86,0.04924381533505928
2023-08-07,24,102,0.48059420573175415
2023-01-04,19,110,0.45932118206339523
2023-11-19,9,13,0.5749035905791614
2023-04-07,1,132,0.3015243175225466
2023-04-13,7,2,0.19799301425030857
2023-09-27,9,74,0.9277762607986036
2023-08-20,8,101,0.7515047507143388
2023-08-10,19,171,0.2913106893272678
2023-08-03,3,109,0.5137692175981962
2023-04-03,25,128,0.5899596625531571
2023-11-08,5,173,0.28271078896829405
2023-07-21,10,78,0.6972302975109381
2023-02-14,24,45,0.39175576790204647
2023-08-26,13,129,0.7772900652244399
2023-06-29,21,76,0.8140188450100604
2023-04-25,13,130,0.6997863680480151
2023-01-10,7,63,0.3071180239704009
2023-11-05,13,31,0.32870261721592675
2023-10-13,6,116,0.5710035384733484
2023-03-19,18,74,0.6684220432462229
2023-05-03,2,58,0.36421828889725305
2023-02-16,2,58,0.37354474381788716
2023-02-15,12,131,0.9812680485408237
2023-04-06,5,8,0.31307380772157933
2023-12-07,16,87,0.6153805673852073
2023-03-04,9,11,0.28015183404545385
2023-04-12,20,157,0.3461619210142166
2023-07-20,17,133,0.4346545637927296
2023-09-13,23,145,0.7597343783907223
2023-01-09,6,134,0.603351406277714
2023-12-17,15,153,0.49368178519411865
2023-04-24,19,135,0.4190258124871271
2023-10-22,18,62,0.07812998490827339
2023-03-06,9,168,0.13953564101486704
2023-08-24,23,193,0.5909683332148081
2023-02-18,13,44,0.9749750623419263
2023-01-07,7,127,0.12024076875981149
2023-03-15,14,129,0.8519243248116043
2023-04-02,7,42,0.24874661886909222
2023-10-25,24,65,0.7683193598166251
2023-03-03,8,7,0.37747181049391787
2023-05-02,22,185,0.6567066486499884
2023-01-18,22,123,0.5626059227540579
2023-04-27,17,114,0.5754977890154759
2023-10-31,18,128,0.0023545771320000464
2023-06-26,1,8,0.409623660938915
2023-08-12,15,167,0.9294412627858615
2023-06-20,16,149,0.1507378448248241
2023-07-12,16,164,0.4423045986706152
2023-09-14,10,181,0.9109998764348916
2023-08-13,5,70,0.2115751775832625
2023-06-24,18,20,0.9791557445204806
2023-11-13,3,30,0.15506603141078756
2023-03-01,24,55,0.8403765620120615
2023-02-25,25,102,0.7868970730793312
2023-05-16,12,171,0.33041902726186145
2023-05-03,24,180,0.46227322391483805
2023-04-19,23,61,0.6598194931527751
2023-05-04,19,60,0.609893738818572
2023-07-11,15,51,0.887953915643735
2023-09-30,6,124,0.5250568082220947
2023-02-24,20,144,0.26375257535913865
2023-12-24,6,190,0.25823004353350043
2023-04-10,25,39,0.34326874640127836
2023-01-21,9,164,0.5029128228334372
2023-01-16,3,100,0.2373728910974795
2023-09-26,13,132,0.524651836938327
2023-03-27,12,77,0.804030606983785
2023-03-04,25,66,0.37045297834200797
2023-06-26,8,162,0.9841527160481941
2023-02-04,19,137,0.7813881104809518
2023-12-27,15,86,0.6490011101159171
2023-07-30,8,109,0.09120018536970209
2023-01-27,17,107,0.9828627140078784
2023-08-25,7,126,0.281475196629443
2023-07-22,15,77,0.9124574405301076
2023-02-17,5,71,0.4390578249953848
2023-03-01,2,194,0.04385401059420735
2023-12-20,13,81,0.6177159400720241
2023-03-08,3,100,0.2156957378146097
2023-02-24,6,94,0.6057148249257549
2023-03-19,3,6,0.8917220028197108
2023-03-09,16,84,0.5622956186017858
2023-05-30,10,195,0.8717971608510547
2023-01-16,7,187,0.7570718501368936
2023-10-10,3,85,0.5449529275418601
2023-04-16,8,94,0.025048028821573642
2023-09-12,21,23,0.6265235499433095
2023-06-29,1,20,0.45174950377700374
2023-06-08,19,190,0.11781029513984576
2023-06-08,9,4,0.7936763878527809
2023-12-29,5,82,0.20214393895423244
2023-03-30,15,82,0.7082551830681613
2023-05-31,12,10,0.7585125015686996
2023-06-17,22,42,0.06824877122708228
2023-10-29,6,190,0.21905090230358304
2023-11-15,10,106,0.6338630333769151
2023-11-06,13,21,0.597098735592207
2023-01-27,14,94,0.6826833769393602
2023-07-11,3,151,0.02366794277274209
2023-11-24,25,132,0.10593575961261092
2023-09-21,7,190,0.8824307536233741
2023-05-16,12,10,0.7852212253768411
2023-08-08,8,175,0.5683848664749611
2023-07-02,7,180,0.09209394623497547
2023-10-09,21,112,0.28284512792312444
2023-10-15,13,101,0.49476802534523845
2023-04-19,12,11,0.4644105099679927
2023-08-20,23,96,0.45594926855025
2023-02-05,20,109,0.18022470983439443
2023-05-15,3,63,0.3265028486357562
2023-06-25,7,119,0.3324203865857399
2023-07-12,6,26,0.3893979315714521
2023-10-09,13,29,0.08977534523783115
2023-10-30,22,140,0.3472847893000739
2023-07-07,25,78,0.5301849389800939
2023-02-01,8,11,0.7879046185349751
2023-10-21,4,73,0.10828438183456546
2023-03-09,15,119,0.30612199404821305
2023-06-17,14,24,0.3162407142866184
2023-05-07,8,84,0.348591798380804
2023-11-06,14,144,0.7203417169693365
2023-06-22,1,60,0.9852242412353658
2023-04-03,14,29,0.24883090965250831
2023-02-14,24,72,0.17731535779101815
2023-09-17,1,188,0.308527205743237
2023-08-05,8,50,0.7668998296757875
2023-02-15,5,17,0.508716478400943
2023-06-13,8,144,0.9719537319454884
2023-10-24,18,117,0.8098870407431151
2023-09-17,11,157,0.7934143222209263
2023-05-12,5,21,0.11006260547757885
2023-06-19,19,44,0.9548477156059033
2023-10-02,20,155,0.04876134368227547
2023-04-20,20,182,0.2196317548674358
2023-12-25,20,160,0.5009144722876878
2023-11-03,2,118,0.5270689425771518
2023-08-29,19,130,0.9578565277732115
2023-06-01,17,91,0.0997729892230862
2023-05-26,8,98,0.5394823629832697
2023-03-14,19,92,0.5815830968201949
2023-06-02,10,96,0.04329443288608137
2023-05-19,21,118,0.348890338061406
2023-06-12,20,11,0.7497074463000315
2023-05-14,25,108,0.4331868678117323
2023-06-10,17,91,0.996570367115127
2023-03-30,1,63,0.7060917237462474
2023-12-17,1,63,0.9444906322749163
2023-10-26,13,110,0.6102491056135405
2023-09-22,19,49,0.14892734503590754
2023-09-13,20,113,0.6560293493749112
2023-04-22,4,198,0.5638728315708745
2023-01-26,22,10,0.5333929912974169
2023-12-20,6,167,0.2135208496866835
2023-08-09,8,98,0.652157009391542
2023-11-03,18,37,0.2009540718815248
2023-12-23,19,44,0.5221896987474131
2023-10-31,4,112,0.18749452432792546
2023-06-29,2,162,0.91352903281669
2023-09-30,23,64,0.028854512294680168
2023-11-23,21,62,0.07198040264262284
2023-09-08,3,197,0.5991548108509189
2023-08-05,12,17,0.6846090117082959
2023-04-23,25,140,0.6078225793947105
2023-10-15,2,24,0.7606511668146866
2023-10-10,10,74,0.8827161635424355
2023-02-01,24,116,0.08363718836304335
2023-02-03,14,134,0.14820936551510278
2023-10-18,20,54,0.9452409626499984
2023-09-09,18,50,0.6650828368815332
2023-01-19,22,188,0.9845509339992148
2023-09-17,9,61,0.34300505144595006
2023-08-23,9,11,0.7106702925749128
2023-04-15,10,88,0.2397042570010154
2023-01-24,6,117,0.23924154032766254
2023-12-25,3,45,0.7988861593601461
2023-10-01,18,102,0.4437502596418038
2023-12-22,6,80,0.913273347917941
2023-09-16,13,188,0.9652232997823132
2023-04-23,10,188,0.86502200120293
2023-03-24,9,157,0.9794085592429247
2023-03-29,25,96,0.7569286224776364
2023-01-30,17,186,0.9544225960312313
2023-12-30,22,150,0.3121352376816948
2023-02-04,1,11,0.13395927092896454
2023-10-22,2,23,0.10501881060167706
2023-02-16,8,37,0.5921209062010554
2023-04-10,15,1,0.5327738680469339
2023-05-25,11,49,0.1622475423743147
2023-12-12,5,143,0.7705766559934802
2023-07-07,20,118,0.8934969137037647
2023-02-06,1,28,0.72995904135135
2023-04-10,11,20,0.04106946178810822
2023-06-24,24,90,0.33743653541186924
2023-04-27,16,60,0.875377865942931
2023-12-15,13,145,0.8681607655616193
2023-05-05,23,76,0.41178759300595125
2023-10-20,17,98,0.9224811235358897
2023-10-05,14,29,0.7809330974356514
2023-07-11,5,79,0.11466141851621381
2023-04-07,16,8,0.015476156127957719
2023-07-19,18,151,0.3661359966707588
2023-04-13,24,86,0.8993532034517531
2023-08-29,16,99,0.21981325094383652
2023-02-09,7,190,0.943677598426156
2023-01-03,21,114,0.18260861868867373
2023-07-10,2,109,0.17315625438970417
2023-01-17,14,53,0.7196642258942553
2023-09-15,14,68,0.7469554460010946
2023-04-25,15,156,0.012185847564592067
2023-06-20,5,11,0.10260308777991034
2023-05-25,6,47,0.8442410553749656
2023-01-27,22,41,0.58059617331349
2023-09-28,11,50,0.020663854563966022
2023-12-21,7,23,0.2245311138645325
2023-12-06,21,4,0.7358524699577105
2023-05-10,21,170,0.15298136715792066
2023-07-16,19,11,0.42480173153947354
2023-07-15,9,135,0.5977897557338746
2023-02-10,22,85,0.5712508978664087
2023-02-02,23,159,0.724857689623968
2023-06-25,22,65,0.7372058017197811
2023-11-29,13,164,0.5927915866395259
2023-12-15,16,185,0.6017558227511897
2023-11-22,25,73,0.830396114030495
2023-01-19,4,185,0.922265974167454
2023-12-29,8,17,0.4487753685336159
2023-09-07,16,197,0.6624989669214687
2023-01-05,11,24,0.9105629614806787
2023-01-26,1,167,0.3749460063601111
2023-03-01,22,135,0.5602033879549924
2023-10-17,20,163,0.39837338762600505
2023-08-04,7,87,0.39155693482717924
2023-06-05,22,183,0.6572107754148505
2023-10-11,6,121,0.4513311695217007
2023-12-27,1,192,0.5788872837838663
2023-01-01,5,32,0.04521225491131353
2023-11-04,9,177,0.8557484233927853
2023-06-19,24,165,0.12071407788071653
2023-12-15,12,168,0.6717657137039051
2023-08-14,9,100,0.9802985828880452
2023-07-15,6,46,0.6753220000771717
2023-06-11,15,176,0.7895880513556299
2023-09-09,23,102,0.41029648513164785
2023-04-04,1,25,0.10801585530828739
2023-12-22,11,56,0.09070142497338163
2023-03-25,20,148,0.6058498616730627
2023-07-27,17,41,0.6924713442903144
2023-08-11,11,56,0.140940168217782
2023-08-10,13,15,0.9533408635215131
2023-11-24,19,45,0.9498119357162939
2023-11-24,20,79,0.29574039929745854
2023-04-10,9,199,0.7411164093510039
2023-09-12,19,55,0.08583752992953952
2023-04-23,14,125,0.8250991781276757
2023-12-06,14,102,0.6241678324678709
2023-06-21,11,81,0.3539385573881334
2023-08-16,16,110,0.7888089832371987
2023-08-07,21,106,0.9605335026280155
2023-01-12,1,194,0.15339982779810968
2023-06-01,4,32,0.8345096442100645
2023-01-20,19,131,0.05549497282645821
2023-05-15,12,159,0.9611182104915972
2023-12-25,23,63,0.7631279331239575
2023-10-10,24,178,0.40399035546109485
2023-09-26,4,61,0.8272524531324827
2023-09-03,8,20,0.9535767504447287
2023-07-03,21,37,0.8650738818681746
2023-06-16,25,88,0.02777555907535134
2023-07-07,10,165,0.3471900884018304
2023-12-15,5,27,0.5537676773716358
2023-09-10,21,187,0.7020941501833168
2023-04-08,7,39,0.4308033433402477
2023-11-14,8,56,0.05529841914593181
2023-11-27,4,103,0.3640156603468905
2023-04-02,20,140,0.6614344379656668
2023-08-01,10,35,0.6134563932031973
2023-07-15,2,79,0.9174406321710699
2023-10-06,18,45,0.6800401595818104
2023-06-25,5,84,0.9471321992572329
2023-10-15,15,13,0.12021555358851321
2023-07-22,2,173,0.999024549167269
2023-12-24,12,152,0.4471228615027083
2023-06-21,7,98,0.3443728209677932
2023-07-01,1,66,0.4282218874857596
2023-05-03,9,172,0.17423131026989502
2023-09-10,16,37,0.6071145814052071
2023-03-31,13,10,0.793850119703462
2023-12-10,17,81,0.5926469040218902
2023-02-18,15,135,0.508509786629118
2023-02-08,22,105,0.7175205234241637
2023-11-27,12,197,0.5645139081625278
2023-03-11,9,105,0.23622829296212988
2023-01-14,25,192,0.09270352413252136
2023-11-03,10,42,0.955970540211125
2023-02-28,14,139,0.7388581681511998
2023-05-11,19,189,0.7080630090850802
2023-07-16,18,44,0.7643930897319597
2023-02-16,13,199,0.5029713600814121
2023-06-11,19,29,0.9140203152283036
2023-08-28,10,191,0.3077609804310275
2023-09-24,16,168,0.3146568438096471
2023-09-06,10,181,0.041570843017234904
2023-10-28,22,187,0.6824573970714302
2023-12-10,12,40,0.2440068008692674
2023-06-19,20,177,0.24246235037816444
2023-07-12,15,28,0.8222264632076576
2023-09-28,15,82,0.82200801782503
2023-05-29,22,96,0.31388467587571744
2023-11-25,13,153,0.6534714615694132
2023-01-05,21,127,0.39504519836131036
2023-04-15,4,38,0.7082527543150028
2023-10-23,22,171,0.3560045890675406
2023-12-02,7,142,0.35248806745537864
2023-03-01,1,86,0.13604178117909826
2023-03-12,23,105,0.06617073204048307
2023-11-15,14,194,0.9477303712711463
2023-12-23,2,92,0.1100789473911159
2023-09-24,24,151,0.5649101005843981
2023-04-05,3,59,0.960359029382205
2023-06-26,20,89,0.9794914772357655
2023-12-01,12,100,0.33314788533962547
2023-01-02,21,92,0.8098554261586961
2023-03-26,21,103,0.6263549623755736
2023-12-08,15,104,0.4194638028761758
2023-10-15,25,2,0.11775065515004535
2023-10-09,3,50,0.38288449199638575
2023-03-05,12,93,0.6587226086140288
2023-06-09,16,34,0.8554678483480224
2023-12-26,5,153,0.08350015109866127
2023-02-01,10,39,0.11865303095046587
2023-10-21,14,82,0.9782292832016414
2023-09-10,24,190,0.9889552754478605
2023-10-03,6,198,0.6000310755824422
2023-03-21,15,117,0.9687539651412947
2023-12-14,3,17,0.434890971818342
2023-09-12,20,108,0.6599070223125547
2023-03-06,6,170,0.921697509848103
2023-03-30,17,182,0.948984883750254
2023-10-19,6,174,0.2889528180444729
2023-11-26,2,74,0.24368289106905905
2023-07-16,20,19,0.18391084233152188
2023-06-10,8,163,0.856316535662597
2023-08-23,8,109,0.10001783800029185
2023-12-14,7,27,0.03567723822288216
2023-03-08,22,80,0.5834733533572674
2023-01-06,9,63,0.7188380274411128
2023-01-21,6,73,0.44863644842004347
2023-06-07,9,116,0.5810002619608688
2023-11-14,5,49,0.7086728570639965
2023-01-28,4,197,0.8033575161399534
2023-02-08,10,74,0.4042591026523048
2023-11-04,20,133,0.4109138120777922
2023-04-06,7,92,0.8748905530459127
2023-06-04,14,117,0.6669056687948272
2023-03-06,12,123,0.02072735861034336
2023-08-22,23,120,0.12958605330235584
2023-05-15,17,163,0.8879720284421138
2023-04-13,11,92,0.3286680501544943
2023-05-26,24,58,0.7480930016934052
2023-07-15,1,45,0.012391109824628432
2023-05-13,21,138,0.2370600304516085
2023-07-26,10,44,0.042044111319170185
2023-05-27,10,56,0.3176544610544889
2023-12-26,22,165,0.015430993739622312
2023-04-23,8,76,0.2114063691061473
2023-12-21,2,122,0.8545691248620676
2023-08-01,6,168,0.6729383394231925
2023-05-12,23,132,0.5996060608912823
2023-01-27,15,61,0.8441158197823476
2023-09-06,12,173,0.506673718300568
2023-10-03,4,151,0.6268904845257379
2023-06-28,22,45,0.3344395009264406
2023-05-08,17,70,0.20103808803144974
2023-10-15,22,192,0.5359968035347678
2023-04-24,13,87,0.7663224359468847
2023-04-15,25,111,0.6479874645220665
2023-08-19,1,126,0.6646154441641826
2023-05-03,5,127,0.03613431576496218
2023-04-20,25,104,0.27750182495587883
2023-09-08,25,92,0.41630731389228337
2023-11-19,17,32,0.9105513284528772
2023-01-12,18,147,0.34470250026856486
2023-07-07,16,198,0.12509786656678434
2023-10-29,20,69,0.5173564199999545
2023-06-13,11,111,0.284342832119431
2023-07-06,11,82,0.7800331739194062
2023-11-03,7,191,0.45335300043140203
2023-05-01,5,5,0.21003478536838938
2023-11-29,22,69,0.490182836393974
2023-06-18,18,132,0.18635950347806807
2023-09-02,8,191,0.9582516832813317
2023-12-27,5,152,0.005670828382215998
2023-06-02,3,13,0.18716855980847247
2023-10-13,16,141,0.3427097643837924
2023-04-14,16,95,0.7532224943850817
2023-11-28,2,166,0.9930623273385083
2023-01-01,10,107,0.3414347827388514
2023-11-23,5,66,0.15410871492002198
2023-02-16,23,68,0.5523433756429255
2023-04-20,10,19,0.4455736781344388
2023-06-30,6,54,0.6420269085165979
2023-07-01,6,9,0.6638735093590022
2023-04-20,5,14,0.9035956536117518
2023-08-15,10,95,0.7560957002296813
2023-03-16,12,82,0.7293102830267615
2023-07-07,23,109,0.47926841651831475
2023-04-22,18,20,0.9697527483469338
2023-01-19,17,55,0.7442462258408865
2023-07-31,15,4,0.16030809339632257
2023-06-02,21,163,0.6075481366301866
2023-03-09,3,35,0.7183615804423944
2023-03-23,15,62,0.025083821308027332
2023-11-28,7,38,0.5279888826293412
2023-12-04,8,64,0.05370135133445164
2023-01-11,8,169,0.21343213765128932
2023-11-22,20,30,0.4774318943026101
2023-12-02,25,129,0.34429030821908735
2023-02-09,7,147,0.41887686557220305
2023-04-19,22,63,0.48640475509365266
2023-03-20,8,57,0.8294919477306307
2023-05-22,15,130,0.9857775546176236
2023-10-01,4,67,0.4182313862694703
2023-03-13,19,96,0.8760630334186574
2023-07-02,4,176,0.9825796620491085
2023-04-22,5,93,0.7260243792928207
2023-01-30,1,200,0.985613910693766
2023-03-10,15,46,0.27345056836795234
2023-02-22,11,119,0.27060940152043966
2023-07-17,3,118,0.22317969123636816
2023-01-02,12,186,0.7549675848610742
2023-07-10,12,121,0.5901702560554278
2023-10-19,21,13,0.16211868792347073
2023-09-02,20,22,0.1669686410734682
2023-07-19,9,177,0.5317561042199173
2023-04-09,20,115,0.2558640029416924
2023-01-15,20,97,0.7916100758844931
2023-01-24,21,95,0.819065983891778
2023-09-15,2,14,0.3422324158826052
2023-12-17,13,173,0.07427627473837284
2023-07-25,20,191,0.9613959083332428
2023-08-06,12,102,0.9808294265785621
2023-10-13,15,126,0.9574938901928762
2023-03-06,18,118,0.9267902488471791
2023-05-26,8,10,0.5875656230449473
2023-06-25,19,63,0.7654593224217835
2023-06-13,10,15,0.5264919286909998
2023-02-24,15,114,0.43522846409568006
2023-02-19,19,187,0.3421862762897997
2023-01-01,23,82,0.3583622535800117
2023-07-07,5,18,0.9893087283620037
2023-05-01,22,101,0.3272498908248983
2023-03-11,22,79,0.6448488476039244
2023-01-25,16,20,0.569313911919203
2023-11-16,11,195,0.9815380350731052
2023-04-11,2,31,0.4220129393542198
2023-02-02,16,39,0.5273421716838101
2023-04-19,17,122,0.9186504565234629
2023-02-05,6,20,0.25424259458600706
2023-11-08,20,125,0.21843827023594842
2023-05-27,11,156,0.4681695431984707
2023-06-03,19,151,0.9943101210552616
2023-06-12,9,21,0.4415263884639481
2023-05-20,2,2,0.36253455130604084
2023-09-13,5,188,0.9156124345992128
2023-12-10,16,137,0.05775460329089532
2023-06-20,13,128,0.9992195423179123
2023-03-12,16,138,0.3215127152788355
2023-07-28,3,173,0.5394385720702776
2023-04-28,14,77,0.45299832327820266
2023-01-02,24,54,0.7460935992162109
2023-08-22,22,129,0.6462635402652058
2023-01-29,2,174,0.9442932969834112
2023-11-21,2,96,0.7461988058086547
2023-11-26,9,19,0.2974161199157247
2023-02-01,6,97,0.9578078562206743
2023-01-26,16,70,0.8866650632981483
2023-12-07,5,22,0.49866880563943095
2023-08-07,5,167,0.6865315303532165
2023-05-23,10,70,0.9524596081634864
2023-05-18,8,12,0.07602213754297171
2023-09-03,18,28,0.6836362202719777
2023-08-27,9,106,0.7860651468428934
2023-10-26,21,75,0.23540187128702217
2023-10-09,16,178,0.5420320436830726
2023-03-08,2,148,0.9670776155568445
2023-09-02,10,132,0.10402644152772977
2023-03-14,15,40,0.6812265908796054
2023-05-03,19,186,0.12765960367866047
2023-07-31,18,174,0.33882694688066695
2023-02-24,3,39,0.617840221788661
2023-04-16,20,110,0.8261761829175489
2023-03-16,17,178,0.5029372064837458
2023-10-17,25,23,0.6251240658283721
2023-03-08,19,49,0.7148097872064089
2023-10-20,5,75,0.8912234160841715
2023-02-22,6,161,0.13009117157852257
2023-08-13,20,103,0.8143693617827977
2023-01-14,2,49,0.008595566746367522
2023-09-22,18,182,0.10370280297477208
2023-08-21,18,100,0.0233780143920862
2023-10-16,14,97,0.7555772981481108
2023-12-01,25,7,0.602868569983441
2023-04-15,19,49,0.2156029335658355
2023-05-30,2,120,0.8766911701747919
2023-03-06,13,53,0.35474967493784293
2023-08-25,17,85,0.16577581516506223
2023-12-22,6,4,0.06716843660025273
2023-01-08,20,199,0.147589418605645
2023-10-30,24,12,0.5511973135412394
2023-11-26,1,86,0.5235819624449115
2023-08-06,17,102,0.8532952888420533
2023-10-22,11,79,0.2660392903016565
2023-10-23,20,173,0.17878528414045125
2023-05-19,15,191,0.6965479827196122
2023-08-06,15,89,0.21430959289524598
2023-05-16,23,95,0.32846720402902185
2023-11-02,21,91,0.16188053413489645
2023-05-04,5,166,0.07400103503676658
2023-05-19,16,61,0.8002722027445178
2023-06-22,22,110,0.18105350460860103
2023-01-07,17,154,0.4317805208659291
2023-08-22,25,157,0.9030900864794309
2023-12-12,16,19,0.7290037867545995
2023-10-06,18,174,0.05536666494805764
2023-06-06,23,55,0.4846435857062287
2023-02-24,10,72,0.9525293257260921
2023-12-19,10,92,0.34133112907709595
2023-01-30,2,176,0.8849586844596875
2023-02-09,14,200,0.22842406306608298
2023-03-04,25,46,0.9036249843980346
2023-01-28,15,188,0.5462460753030424
2023-06-13,24,124,0.5304639836540898
2023-07-24,20,177,0.9455176329211477
2023-05-30,11,188,0.023422280086387803
2023-01-17,8,183,0.04378833891700129
2023-01-29,19,179,0.4294691229486701
2023-06-04,13,71,0.45591974026051696
2023-08-30,16,170,0.8678881461743521
2023-07-31,12,166,0.9878564172875114
2023-11-24,25,122,0.8056984852116161
2023-06-09,9,130,0.17298218513374597
2023-09-27,15,60,0.987226116236471
2023-05-02,6,84,0.537119111097558
2023-12-04,10,36,0.7096846257163281
2023-05-18,15,130,0.10556259209426255
2023-01-03,12,178,0.6069801968184276
2023-12-20,11,22,0.5049285409303448
2023-11-26,3,190,0.08871088614098721
2023-06-14,2,150,0.7280247926739606
2023-03-11,9,198,0.9279463281359557
2023-07-22,8,18,0.03960898822474901
2023-09-15,24,142,0.44395082794821594
2023-09-09,21,120,0.4463737291286547
2023-06-11,2,124,0.3179555484862502
2023-10-06,9,43,0.7002042098184302
2023-03-15,11,139,0.24004452660883435
2023-01-03,1,170,0.007666544429139943
2023-08-08,5,124,0.5766206864848995
2023-03-13,6,169,0.29628850920168304
2023-07-30,13,168,0.9204511903974658
2023-07-24,25,183,0.4507243365094178
2023-04-26,24,194,0.9087632520898192
2023-04-09,22,178,0.3999409699439198
2023-05-30,11,124,0.6242048321618637
2023-03-03,25,142,0.19190318918249005
2023-10-18,21,88,0.11782468998290607
2023-10-16,23,69,0.3596129287948706
2023-10-17,14,31,0.29559147293415
2023-01-31,21,116,0.21545846597740037
2023-04-06,23,1,0.7262990019847373
2023-06-02,17,117,0.983365587923833
2023-09-20,19,31,0.2502456624202012
2023-10-20,23,186,0.8301784106941072
2023-04-14,11,101,0.9464483442954907
2023-04-23,3,70,0.5406954036806374
2023-02-24,13,4,0.968820642574872
2023-10-01,4,200,0.724612594627334
2023-03-31,24,180,0.5873761000011049
2023-08-08,7,69,0.4594671818648849
2023-04-05,22,51,0.31599760939407096
2023-08-20,1,67,0.022977520104326632
2023-12-15,22,184,0.4246345274817507
2023-03-21,4,131,0.5133635441405674
2023-10-24,10,130,0.35148076241482873
2023-02-11,13,144,0.2354911522393185
2023-02-25,14,27,0.7972169825692108
2023-12-27,23,158,0.5103187750991587
2023-06-27,19,69,0.39440641999748205
2023-05-19,2,14,0.9122736815259775
2023-10-02,7,73,0.66042157669698
2023-06-22,3,192,0.29239075382204105
2023-07-11,15,13,0.05246667745030653
2023-10-05,15,188,0.25644833982786575
2023-11-21,3,76,0.7061847780536046
2023-04-23,4,9,0.7982340635024291
2023-07-28,17,107,0.980065749065128
2023-09-23,18,165,0.9031610220097988
2023-06-28,5,151,0.7081100700961084
2023-08-08,8,173,0.7469479017889548
2023-12-09,22,112,0.9786212176875474
2023-12-08,8,101,0.28984685955656386
2023-09-17,25,161,0.503007299739227
2023-05-24,9,132,0.47927815987378797
2023-08-08,2,86,0.8821586305189089
2023-02-06,9,5,0.261885136694357
2023-06-08,25,36,0.6000256525999428
2023-05-03,1,142,0.2094994940817122
2023-11-03,7,187,0.057095097302632514
2023-11-19,3,16,0.19813983391255707
2023-07-25,4,99,0.32319237252717603
2023-10-19,7,180,0.1363934116489599
2023-02-17,6,44,0.3908711029270584
2023-05-15,1,1,0.8496545744734141
2023-12-04,16,26,0.08175970454993264
2023-02-23,4,149,0.3072998843404905
2023-05-03,19,11,0.417719537566997
2023-02-17,10,134,0.8406495878736595
2023-01-01,17,111,0.969995299217014
2023-01-18,18,31,0.39206310547096634
2023-09-26,8,23,0.43898004274306845
2023-07-19,25,104,0.4639146972059225
2023-01-19,3,131,0.48242737498783883
2023-11-20,18,111,0.8920022841426148
2023-12-29,3,128,0.628810527638759
2023-04-02,18,52,0.2635972319323939
2023-03-25,8,169,0.7102893247985813
2023-08-28,24,78,0.5467915807673429
2023-06-01,4,90,0.8625874604269128
2023-07-06,11,85,0.02833610281977872
2023-11-29,13,7,0.5445762668370773
2023-08-15,10,61,0.7889932666850387
2023-08-17,6,95,0.108723392207426
2023-06-06,1,172,0.438510046914097
2023-07-31,10,30,0.8267215824103457
2023-11-19,20,14,0.1713570552569591
2023-04-21,6,96,0.793976026581601
2023-05-16,20,82,0.30532876686109944
2023-09-03,1,63,0.15559675312421173
2023-09-25,9,164,0.5791335136684662
2023-09-04,22,170,0.7515937031004339
2023-10-11,7,50,0.7750721553732889
2023-09-26,12,54,0.6865615788291299
2023-06-30,18,127,0.9226507076970916
2023-03-10,10,1,0.8692283307993818
2023-05-29,14,127,0.4952360468501745
2023-07-31,1,155,0.08431098180644558
2023-01-20,20,22,0.558325587432229
2023-03-31,1,179,0.01721990901220083
2023-07-03,1,124,0.7478730258841048
2023-08-09,1,190,0.5135243490540251
2023-06-10,14,88,0.6449194246660823
2023-03-03,23,10,0.3305857835733391
2023-04-14,22,70,0.6263516127001122
2023-02-28,10,29,0.7891523699823773
2023-05-30,5,161,0.570930823001598
2023-08-02,3,198,0.013323230795492358
2023-08-30,22,63,0.18504133876319773
2023-06-28,6,108,0.8935664790352458
2023-03-20,14,90,0.7689311784290256
2023-02-06,9,152,0.9750475520545404
2023-10-23,4,7,0.010265269722604109
2023-10-21,19,62,0.3695446973041898
2023-09-17,21,78,0.2846470859157568
2023-05-31,10,39,0.3835528246120987
2023-05-03,2,99,0.4481499892306371
2023-03-18,24,113,0.03493859259973853
2023-03-24,11,107,0.8196232176374523
2023-10-21,3,113,0.4292570751034305
2023-04-23,6,151,0.8715473109525834
2023-10-24,18,154,0.3293142834206797
2023-05-04,21,159,0.8547290527251782
2023-09-30,2,139,0.9846492913830448
2023-10-25,2,196,0.7644894483144535
2023-12-24,18,43,0.8383819728719416
2023-06-21,19,180,0.18486149184589074
2023-05-12,9,129,0.7839607500767743
2023-04-21,15,121,0.13027811718797
2023-03-27,11,86,0.19061229140405456
2023-03-25,24,188,0.7608254805353257
2023-09-22,23,56,0.3419279526976676
2023-01-24,25,55,0.2040986877892228
2023-02-03,13,122,0.18911571227739565
2023-07-02,11,188,0.13991711007807517
2023-10-20,5,121,0.35275006698693845
2023-01-11,15,19,0.04250435348543846
2023-05-21,20,66,0.6068937205489543
2023-12-14,14,148,0.001458772391287999
2023-11-08,23,72,0.9009218080817353
2023-03-27,16,188,0.14610509371869562
2023-12-18,17,132,0.7268004059918979
2023-08-10,4,90,0.7586826607825565
2023-08-10,19,93,0.8141660342067102
2023-03-09,8,75,0.38409648973779276
2023-10-09,5,72,0.9155986919681416
2023-06-18,14,159,0.5092936625171818
2023-07-27,9,156,0.13305392225267798
2023-03-08,13,99,0.27737388553472564
2023-04-22,21,142,0.24784520930367526
2023-03-04,5,121,0.7651590900250814
2023-09-09,14,4,0.5537145094243792
2023-09-29,25,75,0.3797079262783809
2023-06-17,14,149,0.6829036218333706
2023-01-27,21,28,0.4299049484017957
2023-12-21,21,9,0.7632308736093683
2023-06-25,5,200,0.0633403306574557
2023-11-12,3,59,0.32499364591398816
2023-08-30,10,117,0.9013419766181566
2023-04-03,5,52,0.1492151712891263
2023-08-30,7,134,0.9276309939965993
2023-08-24,24,180,0.8771190515625401
2023-02-10,22,9,0.20517053914290884
2023-05-30,11,139,0.5573401919937608
2023-06-15,22,58,0.9790842453373533
2023-03-23,1,163,0.5221707462672253
2023-03-06,15,197,0.3259629170031235
2023-12-26,8,32,0.8676807432659523
2023-04-21,6,170,0.617750388257724
2023-03-19,8,73,0.914084518140794
2023-07-08,5,163,0.4638125070177692
2023-04-15,2,71,0.6490283794311901
2023-01-23,1,144,0.846557730566253
2023-05-20,6,173,0.7357023925306845
2023-09-25,4,40,0.07591015675779422
2023-05-21,9,70,0.06079168094952081
2023-11-30,12,146,0.29062723760017284
2023-01-26,2,187,0.22087303960681093
2023-12-15,15,33,0.5405538480304848
2023-05-04,14,10,0.9221339438185436
2023-03-26,22,196,0.8260821956646504
2023-02-02,18,164,0.43000696783716996
2023-04-01,4,86,0.5605824431895146
2023-03-12,6,83,0.12870528099889234
2023-11-16,25,51,0.7401241893040462
2023-10-18,2,52,0.18508312834389729
2023-09-22,15,18,0.6089698214032926
2023-07-15,7,85,0.02306082733155279
2023-10-28,16,82,0.8917061406561926
2023-03-01,11,6,0.01763524988749965
2023-01-04,17,186,0.4051234232780023
2023-01-01,6,161,0.9781320618950751
2023-05-29,10,151,0.7295519379496996
2023-12-10,12,174,0.06293072278975376
2023-06-23,20,191,0.7378746109834629
2023-06-17,18,65,0.6550558530555417
2023-04-26,8,58,0.8218226172412513
2023-12-16,1,3,0.18837909941480013
2023-05-16,22,45,0.5739992776549177
2023-08-26,7,174,0.8432450557783396
2023-06-05,9,98,0.01560832575680049
2023-01-30,24,168,0.6708589369656303
2023-06-15,22,145,0.7382021287881634
2023-05-24,11,134,0.6894545301073174
2023-11-04,18,82,0.37574941331871703
2023-10-10,13,56,0.8547945119289969
2023-06-14,1,8,0.4393953358855949
2023-07-29,14,6,0.318601094557068
2023-06-04,21,104,0.18729666699575143
2023-02-14,16,48,0.014695427620558643
2023-11-20,12,84,0.8884015818070404
2023-03-13,6,152,0.2680485857806165
2023-09-17,2,52,0.8168000832552628
2023-11-11,15,55,0.6767346257853567
2023-04-30,12,174,0.6275860996929031
2023-04-01,24,155,0.14940502780384624
2023-12-04,18,51,0.6327877037405006
2023-04-18,3,156,0.23130031090311776
2023-01-30,2,141,0.9291741180297889
2023-06-17,22,108,0.9526628134180603
2023-11-21,4,180,0.7872393545361336
2023-03-26,6,191,0.24206258824865678
2023-02-04,3,169,0.9439805231543316
2023-12-25,17,5,0.4385560113606849
2023-01-03,24,186,0.2500621669621539
2023-06-08,24,168,0.7274973982662827
2023-02-17,2,184,0.7910490024308731
2023-03-25,13,30,0.2940783781093854
2023-03-08,12,149,0.7385613346737557
2023-07-22,9,57,0.07575111917977284
2023-10-16,23,58,0.10186072835386561
2023-05-06,21,39,0.5616951621722401
2023-02-10,3,80,0.45244752678570144
2023-09-24,21,32,0.7377434995363907
2023-03-12,5,152,0.1820306179193243
2023-12-10,22,185,0.949997887107238
2023-12-06,24,66,0.30126504841971413
2023-03-10,16,105,0.4997866930428889
2023-10-11,23,200,0.9510759066536483
2023-11-07,16,59,0.9873875737556379
2023-11-01,10,53,0.4814497530384194
2023-02-02,22,184,0.7847209020662783
2023-01-07,10,158,0.1431820057109997
2023-03-02,25,114,0.2951151775473929
2023-12-28,21,195,0.7769101180780823
2023-02-02,11,130,0.9370608736455689
2023-07-19,7,71,0.250055460786877
2023-02-25,8,6,0.9854834821885535
2023-04-17,24,24,0.9048363838724693
2023-12-05,10,44,0.8694479172918085
2023-06-28,1,89,0.7584625094530472
2023-12-23,15,2,0.28874582846927743
2023-04-28,22,161,0.9022256405155484
2023-05-31,8,102,0.9304090533200625
2023-10-23,12,121,0.7342153268104298
2023-11-06,10,3,0.6542194074839145
2023-03-01,23,127,0.9410100669562843
2023-02-12,20,193,0.026174720841558474
2023-04-03,8,135,0.3977225095965453
2023-08-23,23,83,0.07731479335058078
2023-02-18,12,101,0.7376325143937669
2023-12-09,9,106,0.635279832224233
2023-09-13,1,198,0.22614919965110902
2023-08-20,17,87,0.7049093581090364
2023-05-27,14,160,0.25583295369653714
2023-02-11,20,162,0.2610262002130209
2023-10-31,5,63,0.8580974337919459
2023-05-18,2,38,0.43976842111073233
2023-12-23,24,161,0.7541891380485596
2023-09-25,9,177,0.48027371892616144
2023-08-28,19,141,0.9821918239671086
2023-02-07,12,112,0.8334777235909845
2023-12-06,6,144,0.31274408987909874
2023-09-29,17,51,0.9823157891305043
2023-01-08,16,53,0.878179483004606
2023-01-27,19,80,0.5042648325908548
2023-07-04,14,141,0.7675049566087304
2023-06-25,12,99,0.6758512847960335
2023-03-06,8,180,0.42430390826963216
2023-02-19,25,174,0.18670468430831222
2023-11-26,2,143,0.5288031376356678
2023-08-09,8,85,0.47234375774435233
2023-09-03,16,175,0.7614506285399895
2023-01-12,13,81,0.959506324531295
2023-01-18,2,78,0.10241996749788107
2023-06-21,20,20,0.4429588390935013
2023-10-06,7,199,0.18749122492615766
2023-02-16,24,53,0.7127861377244441
2023-07-14,11,77,0.18385778229784633
2023-10-12,1,3,0.5276941818631828
2023-12-16,1,143,0.309934059117838
2023-01-31,6,168,0.4311009884828657
2023-08-11,15,59,0.7510405867217071
2023-01-26,3,168,0.09481322981472462
2023-08-04,25,153,0.3244589384377936
2023-10-10,18,146,0.8843909369394742
2023-07-14,23,42,0.3881975565077689
2023-01-08,14,158,0.5686406485890563
2023-11-27,12,70,0.3801126447861807
2023-06-19,10,34,0.1253995408275037
2023-05-20,7,152,0.4513876468719418
2023-12-11,13,154,0.9270731312543032
2023-12-27,5,94,0.23764386156502448
2023-11-08,22,37,0.42290142678193654
2023-12-06,20,25,0.3043172152584317
2023-05-13,14,68,0.5935204948803922
2023-09-28,3,4,0.10080279948006132
2023-09-12,23,176,0.31390224459046523
2023-08-09,11,145,0.7792979261656972
2023-10-11,9,146,0.025507462981505746
2023-03-18,18,72,0.7268253105813428
2023-12-25,3,198,0.28206631879005084
2023-08-18,19,81,0.2948366079092717
2023-05-01,15,144,0.8856811535836184
2023-11-14,22,5,0.8903375466296481
2023-11-29,16,91,0.5500926825197952
2023-09-17,24,43,0.8028642394125424
2023-08-12,20,145,0.029235151351171607
2023-07-30,19,6,0.019591615424439435
2023-01-09,23,172,0.6756584803183228
2023-03-26,15,22,0.58578609049562
2023-03-27,14,105,0.7877256967785072
2023-01-03,4,186,0.5324708454216434
2023-04-24,11,176,0.8050596235162337
2023-01-04,8,40,0.8080282948062858
2023-05-16,7,136,0.14629351150438763
2023-08-27,20,168,0.7198803122253862
2023-01-02,13,121,0.7239421129645909
2023-02-19,19,43,0.09875174816122134
2023-07-10,23,185,0.831938513990206
2023-07-01,3,131,0.04576039956237321
2023-05-05,4,58,0.3453972319037396
2023-12-22,11,30,0.5603921567285054
2023-09-26,22,128,0.5793918066304381
2023-11-28,19,186,0.6452111626357885
2023-09-24,23,8,0.21550705728091846
2023-04-17,3,4,0.824976372237763
2023-08-19,20,198,0.5534273477644529
2023-11-08,1,31,0.4607798635335385
2023-02-13,10,129,0.09911052244113239
2023-10-10,2,82,0.06283735440734883
2023-08-23,19,75,0.3300885249232264
2023-11-14,25,167,0.305295138767265
2023-09-21,23,80,0.6635895534115156
2023-01-04,4,97,0.2104722496769721
2023-05-08,16,20,0.32528901471173344
2023-07-04,24,142,0.935966383178245
2023-04-15,4,10,0.9010081386756971
2023-12-14,2,100,0.6042785899795509
2023-08-25,3,20,0.3110123236531769
2023-01-11,14,68,0.6854650777926176
2023-02-26,13,75,0.34151448130284934
2023-07-08,14,117,0.2954764896438299
2023-04-15,17,180,0.23114418817288906
2023-02-05,13,3,0.08015836731467096
2023-07-18,18,165,0.21592937921406075
2023-10-11,17,34,0.07204871814977487
2023-02-14,20,124,0.1698747635334461
2023-12-20,17,102,0.804768221285168
2023-11-17,2,51,0.15159012230136937
2023-07-22,18,158,0.9871236730943944
2023-07-10,15,40,0.5134744447683326
2023-10-11,4,172,0.05775376719678449
2023-07-07,25,22,0.37413993457545835
2023-02-16,15,21,0.17593099245512123
2023-09-18,8,28,0.1541472838709712
2023-08-29,2,159,0.7193951832061074
2023-01-08,1,191,0.271109596448067
2023-02-07,21,121,0.8686185143462659
2023-08-03,15,161,0.23820659795645294
2023-06-14,3,128,0.9548573848184382
2023-11-05,12,42,0.9244317346128177
2023-08-07,6,120,0.41185744215995523
2023-11-01,1,108,0.7655603350528182
2023-01-25,20,8,0.667892090069901
2023-01-14,19,139,0.8916290795196583
2023-09-16,20,142,0.1944815366683128
2023-09-04,25,122,0.0154752361311844
2023-09-07,19,181,0.008504445623602086
2023-05-30,24,49,0.12712880510118396
2023-09-05,25,11,0.812627164841329
2023-10-25,11,26,0.484051576957617
2023-10-24,5,196,0.11080969749472303
2023-01-16,9,7,0.6451657116244529
2023-05-13,6,65,0.5975801280624333
2023-06-05,3,105,0.7520563291569425
2023-11-18,20,91,0.37936775561557456
2023-03-18,2,89,0.8811004646098162
2023-08-21,23,13,0.1879170612913229
2023-10-22,14,163,0.9528022132582549
2023-07-19,10,4,0.6501095799327902
2023-10-15,1,147,0.9273619437427649
2023-01-06,2,38,0.2086939553966154
2023-11-20,15,28,0.09184045993296974
2023-09-13,7,93,0.9419859056460447
2023-03-14,22,87,0.32564591715105295
2023-11-05,20,52,0.05826500723875938
2023-10-28,12,1,0.26905245674071887
2023-07-27,1,114,0.8540127185405476
2023-06-26,3,52,0.8039766563791985
2023-05-29,10,108,0.8959023118351213
2023-04-25,22,174,0.011975814747275493
2023-08-01,8,52,0.4489592921383361
2023-09-21,8,184,0.965312290425671
2023-03-01,8,152,0.40826242770625154
2023-01-02,5,178,0.7125115129884941
2023-09-04,3,123,0.8492339595285942
2023-02-07,16,76,0.6478185213892547
2023-07-21,6,151,0.5085643802551439
2023-07-30,25,47,0.647668283884474
2023-01-07,21,122,0.29588584113850114
2023-02-27,16,122,0.190241275025557
2023-10-28,23,165,0.9163146322733573
2023-11-10,10,84,0.7556346977945523
2023-02-25,8,105,0.3920077992902191
2023-10-13,5,149,0.9849198703991086
2023-07-11,13,75,0.9705805167026422
2023-07-09,6,134,0.9190555518457875
2023-04-12,9,19,0.6871008498368032
2023-08-11,4,33,0.20449036260969577
2023-05-24,6,36,0.7396299935610904
2023-12-12,18,29,0.9546917239291334
2023-12-11,7,137,0.9257912102978854
2023-10-09,13,89,0.5426076311981042
2023-01-06,12,131,0.6056684560423427
2023-08-16,11,168,0.5708225033675572
2023-12-17,13,169,0.24058778632289968
2023-11-08,3,161,0.7472570143580325
2023-10-19,9,159,0.4792342476521262
2023-01-31,13,122,0.20616828758447103
2023-03-16,5,137,0.2639964591508751
2023-07-13,5,173,0.5895713678504543
2023-11-09,5,108,0.26378385388154124
2023-01-31,2,72,0.058841452276352735
2023-10-11,6,187,0.01382176204614649
2023-07-30,19,190,0.8735461688603571
2023-07-31,1,83,0.35332948530168684
2023-03-30,18,161,0.05986463954680166
2023-01-06,18,187,0.8605869363930984
2023-04-02,14,43,0.16140092669261585
2023-06-21,17,182,0.47160093939998826
2023-12-16,11,144,0.22864140399317234
2023-08-18,21,32,0.7665008873657735
2023-10-29,17,180,0.7103949066795467
2023-12-27,9,132,0.5373814435556882
2023-12-30,3,132,0.1821862860999005
2023-01-01,14,71,0.6775103180537135
2023-07-12,6,99,0.7179083716673191
2023-02-09,17,166,0.4025439470536215
2023-12-30,10,19,0.2958291265084265
2023-01-11,16,1,0.11636145911381912
2023-08-28,20,174,0.95895699425142
2023-05-04,24,139,0.37490402696263925
2023-07-03,15,188,0.48688162891680964
2023-04-15,21,190,0.03395075156591987
2023-04-10,24,198,0.4558809849635891
2023-09-27,4,18,0.8612151069914084
2023-09-05,21,190,0.5810416860421899
2023-12-24,5,183,0.18668991739136553
2023-01-26,3,61,0.3856198068671791
2023-07-11,4,41,0.4226110230003175
2023-12-14,3,181,0.15523804937902164
2023-03-02,19,117,0.5693501939202232
2023-04-13,10,124,0.9612225585411481
2023-05-19,21,90,0.9723074104688522
2023-05-03,4,39,0.9502262074823693
2023-11-23,5,143,0.08101904379085789
2023-02-12,4,94,0.3961008743085861
2023-04-19,19,171,0.9962366596502591
2023-02-09,21,100,0.16740471429863335
2023-03-11,15,191,0.6220630745930732
2023-08-07,17,168,0.9123539734510853
2023-02-15,9,131,0.057048622063081256
2023-10-07,15,73,0.9988305807848638
2023-05-30,6,24,0.5728821211162664
2023-09-03,13,158,0.7537937739425531
2023-02-12,19,176,0.42971769123562387
2023-11-25,12,3,0.11588109228037169
2023-04-27,20,16,0.6413891574662711
2023-06-12,25,81,0.15951407614331725
2023-10-13,3,9,0.07189920648014225
2023-02-08,7,5,0.5499075344002052
2023-02-18,6,64,0.9294712640883824
2023-10-20,23,48,0.6622304027999982
2023-08-08,21,61,0.9869211136691761
2023-02-07,23,192,0.44644580513028365
2023-02-19,5,103,0.8912458354756436
2023-04-01,24,23,0.13535765160882596
2023-10-07,5,48,0.46589329554951575
2023-06-11,10,40,0.7154655501677294
2023-02-21,7,189,0.31934614075054835
2023-10-06,18,10,0.8807944412894649
2023-05-06,17,103,0.10486492687040339
2023-03-06,18,26,0.4724528501789136
2023-12-22,7,152,0.2172018242035021
2023-05-22,5,58,0.11256843844927056
2023-02-15,24,72,0.18830704435554624
2023-02-21,15,165,0.46572029744564514
2023-11-25,1,71,0.3660773065994204
2023-07-06,13,147,0.17593425760274384
2023-06-04,11,23,0.4608098620950053
2023-11-03,15,71,0.1996314985343225
2023-03-21,17,10,0.22134406723462285
2023-06-24,17,169,0.4625483685611691
2023-07-18,5,128,0.74816807247956
2023-11-17,24,175,0.815549835874843
2023-05-14,12,46,0.23240025179202883
2023-03-27,9,149,0.2526185753738226
2023-02-02,13,6,0.044925709648690026
2023-08-07,25,59,0.2488903761689233
2023-09-21,9,173,0.9984492855250533
2023-10-29,19,67,0.4512933622771724
2023-11-27,23,105,0.058366866926612304
2023-09-29,2,4,0.348892964537733
2023-01-19,22,141,0.635381789097508
2023-12-04,14,16,0.8702900830460351
2023-10-08,9,88,0.4536748791277295
2023-06-28,14,84,0.5878440381844763
2023-04-08,21,115,0.48177358825531547
2023-10-07,13,166,0.2239741087142324
2023-06-21,22,126,0.18020524747451505
2023-07-13,3,114,0.7708671352854461
2023-02-27,7,159,0.9044738491129273
2023-11-15,4,90,0.5349413986149716
2023-04-29,25,167,0.3415241110014001
2023-12-16,20,109,0.6945580646057202
2023-02-19,17,62,0.06701715993706903
2023-06-23,18,17,0.9576710534677297
2023-04-26,24,88,0.585398840166578
2023-03-15,25,125,0.570794498859797
2023-09-29,18,120,0.7620792060650213
2023-04-26,14,96,0.9837219071097968
2023-07-07,10,7,0.5754965883481811
2023-04-13,1,111,0.13012340159884883
2023-08-25,5,47,0.6504612251644835
2023-03-23,23,23,0.7162181636563618
2023-05-17,25,171,0.1573642530986341
2023-04-15,21,131,0.246533634631118
2023-01-18,8,150,0.8698301611450667
2023-04-09,5,126,0.5289543620828149
2023-03-16,23,128,0.8252520877190507
2023-12-08,20,115,0.3454856206146524
2023-04-30,16,166,0.7657197702802927
2023-04-27,21,116,0.47702066264910337
2023-01-02,13,189,0.20902657060584529
2023-01-25,22,85,0.03862066396369124
2023-12-18,22,170,0.06203250135274985
2023-05-04,15,157,0.7555271451064371
2023-09-21,1,59,0.06676899339724529
2023-02-27,24,98,0.7748054167941004
2023-08-27,20,16,0.19377220772951131
2023-12-13,23,64,0.20310530666775062
2023-03-12,2,21,0.13919142788538474
2023-04-05,3,97,0.48315760980302624
2023-11-11,24,1,0.1126733464369355
2023-07-27,17,30,0.6599395039004079
2023-08-03,21,91,0.7197627162891765
2023-04-17,9,115,0.2620120211354584
2023-08-01,18,23,0.9088553113799981
2023-12-28,13,101,0.7742165134581147
2023-05-04,5,30,0.5415461147496222
2023-08-31,17,74,0.1607670184329325
2023-02-15,25,176,0.7217577594350912
2023-02-26,18,90,0.35657894154569114
2023-05-19,16,196,0.06961263644910298
2023-01-03,8,106,0.2742952752762632
2023-11-18,3,71,0.3705066637441502
2023-12-18,18,3,0.32591433488671884
2023-10-17,14,146,0.6883923878542026
2023-09-27,2,72,0.9945182172695437
2023-01-28,5,11,0.26910137070745554
2023-09-20,10,135,0.5341123795551708
2023-12-16,7,63,0.7312816829970571
2023-06-07,2,123,0.9396583881472194
2023-01-27,17,58,0.05955557863062255
2023-09-16,2,19,0.9570690331700943
2023-03-11,20,200,0.8681111936341239
2023-02-13,8,12,0.3807087106514967
2023-07-30,15,131,0.13892896639438235
2023-12-22,3,71,0.850616615027305
2023-03-28,12,117,0.8786346905931434
2023-03-20,4,112,0.9636210643933403
2023-05-30,23,96,0.5673753406277366
2023-06-10,3,174,0.9688284474421186
2023-01-04,10,99,0.46017825463987694
2023-08-17,7,104,0.3731690912714376
2023-12-14,5,135,0.715086035388778
2023-07-05,2,87,0.35173014133833125
2023-03-10,21,146,0.7681419463096295
2023-02-09,4,54,0.1669125557897161
2023-07-21,18,24,0.84177117893635
2023-06-19,22,14,0.23324216539330267
2023-12-21,10,21,0.938723285559348
2023-07-28,18,94,0.576522106850861
2023-07-05,15,21,0.5828245319613445
2023-10-13,15,120,0.11091507575864379
2023-12-22,14,182,0.6415386191453026
2023-04-04,1,170,0.5354480759806118
2023-07-20,3,150,0.8638333870176941
2023-01-06,1,93,0.4328699956895208
2023-12-05,10,63,0.9048340366347799
2023-10-02,9,122,0.8301765322913442
2023-09-14,19,178,0.7295137427802396
2023-05-06,23,54,0.9603390012995682
2023-01-11,1,197,0.24585146614735487
2023-06-14,15,194,0.7607623537817402
2023-11-12,15,81,0.910604854109417
2023-11-22,3,2,0.7616624337719933
2023-08-20,13,104,0.34376169793396305
2023-10-14,2,136,0.3951486638518653
2023-09-14,16,7,0.6196897498662283
2023-10-29,18,83,0.1472696833385404
2023-08-02,8,38,0.8035771705711786
2023-08-23,25,127,0.6570399391937238
2023-05-30,9,31,0.6416600567401731
2023-11-26,14,124,0.22104843814625108
2023-06-26,8,79,0.9704198535680341
2023-04-26,5,135,0.5429179046970797
2023-02-07,23,157,0.4369326956122842
2023-08-11,7,124,0.11953632085913635
2023-08-21,17,145,0.048241918833704545
2023-02-07,14,62,0.777386845036115
2023-09-11,22,8,0.8133744594101306
2023-10-10,9,178,0.651994780748293
2023-02-11,23,181,0.4676040309174152
2023-02-03,25,14,0.34177468619554296
2023-01-02,7,195,0.5149080582311446
2023-08-12,4,26,0.32767148882505803
2023-08-06,6,37,0.26153067973062283
2023-10-01,18,109,0.3537117402510538
2023-10-17,25,17,0.39112841388016273
2023-04-10,9,175,0.8482758868727054
2023-08-30,3,169,0.8282841144342262
2023-09-20,7,91,0.16172362691873454
2023-07-16,2,140,0.9231271807121123
2023-08-28,23,1,0.9663112213784464
2023-10-17,11,162,0.5620673897116536
2023-09-01,18,10,0.03288398310571816
2023-07-23,17,177,0.947168672158252
2023-01-19,23,24,0.2605031670897987
2023-01-10,21,82,0.5663142184534228
2023-06-05,2,117,0.5627716197069552
2023-01-10,10,110,0.6484270260013719
2023-09-24,11,83,0.5942533574914316
2023-01-17,6,26,0.5100032007732804
2023-05-12,6,116,0.6727023367031738
2023-04-17,7,117,0.6202551661019431
2023-09-17,19,172,0.30549983653185475
2023-06-06,13,99,0.5524122159639304
2023-12-13,11,24,0.841116005235111
2023-06-03,20,160,0.08511491188375819
2023-01-31,16,94,0.22896517944416772
2023-04-04,24,105,0.9043409969473601
2023-12-17,12,123,0.7822374562397049
2023-01-28,14,5,0.9092057903043749
2023-06-03,21,110,0.290056321299357
2023-06-13,4,88,0.5751532173682327
2023-09-05,13,149,0.1512716331920967
2023-01-19,18,7,0.49016564621848624
2023-11-20,5,49,0.4457071279490905
2023-12-10,10,160,0.20278504841586587
2023-06-19,15,90,0.26682405827970257
2023-06-09,8,146,0.6275113234252645
2023-01-15,18,61,0.6767891273564157
2023-07-02,20,82,0.6612266499047528
2023-07-12,11,11,0.9166902367420372
2023-04-12,2,8,0.8749304691328428
2023-05-28,4,163,0.2234101175372668
2023-10-07,12,99,0.7798034202478404
2023-06-09,7,178,0.7625409381915587
2023-05-05,7,114,0.970497498649806
2023-08-02,21,149,0.7209125669873605
2023-03-23,11,99,0.051559002809537735
2023-03-28,24,45,0.09372504703192275
2023-02-06,17,170,0.9752832534530465
2023-05-08,11,50,0.709499050889165
2023-09-29,8,169,0.5506343255794387
2023-01-15,11,46,0.779949621212727
2023-08-28,11,99,0.953628316077951
2023-04-15,1,43,0.16981583099973396
2023-04-27,4,87,0.41850408195462985
2023-03-29,1,170,0.2065087509572595
2023-12-31,10,71,0.10599096316683632
2023-03-07,19,130,0.024809363329380996
2023-07-11,11,163,0.8295752732385434
2023-07-25,5,55,0.268635624915479
2023-09-14,17,187,0.26965310322346847
2023-05-17,2,23,0.9816958726309933
2023-09-11,10,186,0.08435637988768674
2023-10-20,15,11,0.6170264872097065
2023-03-19,18,100,0.10531550360038633
2023-10-29,15,39,0.1433828808236116
2023-08-15,9,167,0.772326828957617
2023-05-11,15,121,0.15189259428219304
2023-12-20,7,151,0.6725819766302709
2023-02-17,5,123,0.9644130570735653
2023-02-18,22,112,0.5863034209606621
2023-06-23,5,9,0.7083483254954211
2023-03-14,20,36,0.4603891530229095
2023-09-08,15,13,0.5224741705615153
2023-03-13,22,179,0.6552003722627278
2023-01-28,12,72,0.9133684664772448
2023-09-19,22,94,0.46528519776064303
2023-06-01,24,188,0.04905261006396722
2023-08-13,5,187,0.860864339518268
2023-12-26,22,134,0.9670619496535615
2023-10-20,2,105,0.7565383932379055
2023-05-02,22,31,0.6089753786731792
2023-12-30,12,13,0.9641210988697471
2023-09-13,12,59,0.3053618953714746
2023-04-18,5,180,0.7104211675433545
2023-10-13,21,86,0.1074467403088375
2023-11-13,4,148,0.5291311723685828
2023-10-25,5,72,0.8602555683860572
2023-08-18,7,11,0.5249546221814108
2023-02-11,8,173,0.9773478233053776
2023-09-07,1,38,0.2471828756430643
2023-04-03,21,114,0.8411635993669256
2023-03-20,4,119,0.9953538489763869
2023-03-08,13,145,0.681207868567631
2023-11-23,4,167,0.8466385159938471
2023-11-19,15,10,0.4873243568378328
2023-05-24,13,47,0.5812884108869744
2023-01-30,10,4,0.4111038175408216
2023-05-04,15,152,0.14968430570799085
2023-09-05,15,115,0.9860165881995495
2023-04-28,16,58,0.5915862332075147
2023-03-07,6,85,0.4044504649106011
2023-08-23,17,24,0.37370194263854173
2023-04-16,22,88,0.47419183552885613
2023-04-08,13,67,0.9813061813097508
2023-03-19,24,197,0.8675235222220046
2023-04-19,11,179,0.09217241423418687
2023-10-02,9,51,0.06559564893994052
2023-03-09,8,181,0.44817583787727244
2023-05-16,14,194,0.9352392413343225
2023-01-02,4,23,0.4498646437095353
2023-09-04,19,101,0.2563754103741265
2023-10-01,6,106,0.015012279622511393
2023-04-18,3,90,0.9651863489672735
2023-12-22,21,27,0.5574546056650593
2023-11-13,25,182,0.4994335576747787
2023-08-08,23,75,0.944548776767581
2023-06-18,3,70,0.5244408257565657
2023-05-10,14,118,0.3633110714935911
2023-09-05,23,13,0.7105844490286809
2023-12-07,18,39,0.8453726631060551
2023-03-05,10,55,0.6094238183707597
2023-05-31,1,185,0.5872853823852403
2023-03-07,13,161,0.06391041444923506
2023-05-14,18,72,0.8151450400080014
2023-09-11,9,180,0.7423789444183335
2023-02-18,11,169,0.07798843065695471
2023-02-28,1,181,0.24747126638443862
2023-12-16,10,88,0.6997195220248594
2023-11-22,24,82,0.09761365416155221
2023-09-04,6,190,0.08910068511949543
2023-01-17,11,173,0.8159445214200244
2023-07-05,2,175,0.25981727596541426
2023-08-09,20,101,0.8482675795397527
2023-01-17,20,66,0.5409842352557916
2023-11-18,4,23,0.987583738052308
2023-06-28,24,152,0.33161567905449985
2023-03-11,19,38,0.9349542159851305
2023-02-04,3,184,0.8477136419478328
2023-12-18,5,52,0.9126040312170369
2023-05-08,25,67,0.9143836398455918
2023-08-23,18,109,0.8082489317422392
2023-07-08,12,61,0.5247791773645537
2023-12-06,4,55,0.7622980331381466
2023-06-22,11,99,0.4402870479053306
2023-01-30,23,181,0.308417458579469
2023-07-30,1,89,0.07342775435419047
2023-07-07,15,173,0.27277056068672767
2023-06-30,3,39,0.6728464869018633
2023-05-02,1,22,0.3632072034983246
2023-04-28,5,122,0.721475108323493
2023-08-13,23,40,0.570517175358431
2023-12-30,1,139,0.04950566931264344
2023-04-20,4,39,0.10730049426413635
2023-12-04,10,85,0.36316361504266026
2023-02-25,14,197,0.5223122860576727
2023-04-21,11,37,0.3908772801593523
2023-04-01,4,91,0.12492957781605851
2023-04-20,19,149,0.024441885337583624
2023-01-21,12,154,0.3760379545377289
2023-04-19,14,65,0.432755421776873
2023-06-12,25,140,0.5624974086413982
2023-11-18,15,102,0.42740217075082887
2023-04-17,14,198,0.29352452992177513
2023-09-24,5,125,0.12067056155911438
2023-11-05,15,7,0.8880489806524473
2023-01-03,6,25,0.3760788853537109
2023-05-19,23,107,0.8688728900425136
2023-10-01,22,61,0.5997928393415165
2023-12-03,9,155,0.9259716604468492
2023-02-19,13,137,0.9751437947829439
2023-07-08,14,45,0.37492256216631303
2023-07-30,2,173,0.45860208761259136
2023-07-25,20,199,0.6057585331989149
2023-03-07,15,162,0.9860414993248019
2023-12-07,17,193,0.5641719323353565
2023-09-09,11,110,0.33637502496576854
2023-02-02,25,156,0.9020233450146077
2023-01-05,20,92,0.6635659173655598
2023-11-24,4,10,0.6075438120049372
2023-01-07,12,102,0.10200307384662322
2023-11-28,12,68,0.44020366550731427
2023-01-01,2,159,0.7543558727446504
2023-08-11,24,163,0.13323030327945662
2023-05-03,25,5,0.3087205930427921
2023-03-04,20,21,0.41322862232963076
2023-04-06,2,113,0.8095829161556657
2023-02-24,22,172,0.08438677828901808
2023-03-08,2,48,0.778334864939963
2023-11-15,14,94,0.45635431755557676
2023-12-13,21,111,0.5890639542261878
2023-08-06,9,109,0.21498458148053967
2023-12-19,24,124,0.7039378182510876
2023-09-30,7,107,0.19720449317044275
2023-04-06,21,7,0.7299624766300836
2023-01-28,9,178,0.9205144176416397
2023-08-22,19,34,0.7514324712650561
2023-12-21,21,59,0.5243257072787304
2023-05-03,18,91,0.5754658450461898
2023-10-08,3,24,0.8718837656103615
2023-02-24,19,111,0.46040434298249777
2023-08-09,11,90,0.031742910236030264
2023-12-21,7,165,0.3695982337174717
2023-08-15,8,81,0.16011610083808858
2023-10-25,7,104,0.6952423470415464
2023-10-13,5,129,0.5795338137767405
2023-12-20,5,15,0.3262701123061418
2023-02-16,15,61,0.6084696725006895
2023-06-27,2,163,0.7064076463507225
2023-12-24,14,166,0.06220564941012352
2023-05-16,22,132,0.43329884713644207
2023-09-26,19,107,0.37099085893898276
2023-05-11,14,89,0.5546771494339098
2023-04-27,15,43,0.2375272492587449
2023-03-06,22,67,0.09887265700374215
2023-03-25,13,33,0.6356965357906134
2023-10-26,7,123,0.7187725801577334
2023-12-06,12,110,0.63307311624418
2023-09-02,16,63,0.8811352070497357
2023-05-25,15,47,0.4041811639333981
2023-11-29,21,27,0.7585841731530214
2023-07-13,9,199,0.08368730872690888
2023-12-15,18,68,0.20689219339431553
2023-07-15,24,151,0.09717082682974465
2023-12-27,25,177,0.9822432330246339
2023-09-09,2,171,0.3709518075655528
2023-11-01,12,27,0.6061041180412728
2023-11-02,7,175,0.2902231592049215
2023-03-14,9,182,0.3695917276927574
2023-05-22,20,172,0.3800243858944047
2023-12-04,7,109,0.9183624071508731
2023-06-10,1,86,0.650388879290653
2023-05-02,15,115,0.8400771819597407
2023-09-10,18,137,0.6790177714121995
2023-11-19,6,168,0.36891078669091515
2023-03-22,15,8,0.619739009077968
2023-10-09,19,82,0.9472039192633377
2023-10-13,5,178,0.43197667381896654
2023-05-24,12,78,0.4912388837410552
2023-01-07,9,40,0.7293102145003854
2023-12-15,22,97,0.032443103698489906
2023-02-17,13,5,0.47581325807982366
2023-12-09,13,24,0.40578747243868385
2023-08-04,14,159,0.4765947116277707
2023-01-30,19,93,0.22992182329188415
2023-03-24,25,18,0.8905416600190497
2023-12-22,3,2,0.05271231488733796
2023-03-25,13,194,0.8668159884079931
2023-12-03,16,88,0.18749434082876892
2023-01-18,15,182,0.9453465207869881
2023-12-25,23,104,0.07617585852629727
2023-04-16,13,145,0.16380219066041501
2023-07-19,23,185,0.08294372323126431
2023-07-01,4,168,0.8383125727401048
2023-04-28,20,45,0.8134460012665524
2023-11-15,6,147,0.251522526294238
2023-11-19,9,80,0.3609014680170056
2023-07-29,2,180,0.7111225374298783
2023-02-23,7,42,0.5404382073786224
2023-09-10,18,160,0.7776861354229542
2023-11-02,2,80,0.02659178906954396
2023-02-22,19,13,0.7702608752803303
2023-08-27,12,81,0.9773269478104338
2023-03-12,20,89,0.1969288237795075
2023-05-10,11,192,0.557863937605977
2023-05-08,19,130,0.058672040031524264
2023-10-24,17,82,0.3771178450501429
2023-06-04,17,70,0.3431815524431282
2023-08-29,9,173,0.6195207462930297
2023-05-26,17,171,0.4489083164742971
2023-11-15,14,145,0.10389869086268788
2023-04-05,24,44,0.34165474827473474
2023-01-15,2,72,0.29255183728361356
2023-03-22,20,10,0.7346854327454689
2023-12-25,18,84,0.062473040982095496
2023-08-24,17,154,0.4804273763749357
2023-02-15,4,182,0.740262350939884
2023-11-14,3,153,0.8169210729712592
2023-06-27,11,89,0.6052242096461846
2023-06-06,25,130,0.6570089686050017
2023-10-30,20,135,0.1414886135434522
2023-11-21,9,151,0.5036800972598974
2023-12-24,16,135,0.5559819237898876
2023-06-29,3,9,0.6062752244657669
2023-06-28,11,180,0.06359746022172774
2023-09-06,5,12,0.11075894536212194
2023-01-26,13,143,0.7439096598983396
2023-11-13,11,176,0.4039504007388137
2023-11-20,22,175,0.5986912187682346
2023-02-13,19,110,0.9627432806974701
2023-07-30,6,38,0.22102592461003168
2023-12-22,17,63,0.9340167172949859
2023-05-08,21,62,0.38097979511843694
2023-09-14,20,88,0.07482024041900581
2023-06-16,2,26,0.4867464882169854
2023-10-27,10,32,0.019229641449792112
2023-02-16,4,155,0.2970905503695821
2023-11-16,24,59,0.1604130455129107
2023-08-02,2,52,0.3537714348747757
2023-09-17,14,184,0.16541478695873768
2023-06-25,13,137,0.3137880513060737
2023-02-23,2,178,0.5695997743880759
2023-09-06,6,182,0.8660799501670791
2023-03-14,21,62,0.30242424719368766
2023-01-22,2,139,0.11979431286230247
2023-06-27,19,167,0.8610539556810083
2023-06-12,19,139,0.9185095061951178
2023-10-24,9,123,0.19369322374218267
2023-04-13,10,2,0.050375432043722856
2023-09-11,6,52,0.09059949295436187
2023-01-07,25,93,0.3268845512621418
2023-03-26,11,26,0.44776222180184433
2023-12-19,24,20,0.8811101464862637
2023-05-21,11,175,0.4239872454276087
2023-01-21,20,107,0.35727934857050503
2023-05-03,18,44,0.5831161184213816
2023-03-22,16,182,0.3191627375043108
2023-03-18,4,15,0.19671840203222513
2023-06-23,3,37,0.8285590379694233
2023-06-30,3,37,0.033752123777973986
2023-07-15,24,38,0.5765553263126122
2023-10-31,1,73,0.6968865870494885
2023-01-11,17,101,0.8209913044382255
2023-09-11,6,106,0.4718423432011354
2023-12-19,9,5,0.986877257141395
2023-09-17,7,114,0.1769603769798508
2023-07-04,16,66,0.08735439892640873
2023-09-26,16,161,0.48012823886957157
2023-01-26,3,54,0.4325964741186976
2023-01-10,10,141,0.3697672274253334
2023-11-16,24,136,0.6787610400440022
2023-02-07,9,15,0.8667654182417077
2023-10-20,23,48,0.570290011679578
2023-07-16,2,158,0.9377457017593352
2023-09-16,15,152,0.4266276405043554
2023-06-02,8,113,0.8907654327641814
2023-06-28,25,190,0.795632673318603
2023-06-16,2,126,0.5374362533826424
2023-07-02,6,104,0.5158666926877011
2023-04-08,11,97,0.8609088750829329
2023-08-10,4,193,0.9177957321510579
2023-01-27,18,163,0.2335867159884557
2023-03-30,1,188,0.056082899434136246
2023-10-06,16,165,0.5057562371228927
2023-08-11,5,72,0.4262794909593647
2023-08-05,1,20,0.2292052760386072
2023-11-26,7,117,0.9415237279001567
2023-04-18,10,162,0.9454756833969469
2023-02-05,3,132,0.8467594955901585
2023-08-20,1,98,0.9351967626529233
2023-04-23,17,125,0.4348750546840877
2023-07-31,24,92,0.8302961961482311
2023-08-02,4,157,0.4822035819166881
2023-11-11,8,146,0.677368745986309
2023-02-14,8,69,0.49873627402168386
2023-02-12,4,10,0.5280660222629365
2023-07-07,7,19,0.3958143361235624
2023-08-27,2,132,0.2567336458894198
2023-07-01,24,109,0.56239524479948
2023-12-16,6,34,0.9783233889248693
2023-09-25,11,24,0.8801710808036487
2023-12-08,10,184,0.6035354762009889
2023-11-12,24,149,0.6405268751410333
2023-07-29,3,30,0.2447510315799406
2023-09-07,15,113,0.36308770503837706
2023-08-06,2,164,0.7112762766296433
2023-07-22,18,29,0.8198339821289616
2023-07-08,15,126,0.18617029949716457
2023-05-08,11,171,0.6776587701565959
2023-05-13,3,60,0.6229399219491207
2023-11-16,19,31,0.6264767791321307
2023-06-04,10,108,0.8518403270630341
2023-01-22,16,107,0.0938881349936661
2023-11-26,6,8,0.4766704896278061
2023-10-02,18,138,0.38566698359407503
2023-01-17,14,109,0.21545915082763012
2023-09-08,3,147,0.7480531855098362
2023-05-12,14,181,0.8617338500708047
2023-10-25,6,6,0.817753722708433
2023-05-20,11,165,0.6923265780748309
2023-09-24,1,126,0.03667391777558593
2023-07-24,19,92,0.5350717461070698
2023-08-29,6,120,0.7532341690889484
2023-06-01,5,6,0.5545381300825732
2023-05-02,20,199,0.1865354977176925
2023-07-08,2,183,0.38515906134242506
2023-06-10,8,154,0.5823838310559388
2023-11-15,24,126,0.03942461418455123
2023-10-12,7,148,0.24911152450198315
2023-08-29,12,22,0.6662898917560837
2023-12-16,22,143,0.2646142380643717
2023-07-25,3,80,0.9048314132327628
2023-05-12,7,33,0.2778313857221737
2023-01-22,8,121,0.9310842605030764
2023-09-28,1,123,0.10960682734086225
2023-06-27,23,129,0.7683672047465105
2023-10-16,1,30,0.5809471431703424
2023-07-19,5,65,0.11032216802136852
2023-08-29,5,156,0.03736255517748488
2023-09-03,16,37,0.1530882944995986
2023-02-01,11,196,0.6254430816541724
2023-03-06,7,168,0.6939552501081581
2023-10-15,23,44,0.03913694948649671
2023-08-08,20,144,0.8195930978137799
2023-06-06,11,15,0.334352779632053
2023-12-26,12,148,0.6003792510411796
2023-09-02,6,199,0.470037845499956
2023-10-13,24,65,0.9943910299260991
2023-08-17,10,45,0.5753769505193315
2023-04-17,21,97,0.5123369659206471
2023-08-01,9,200,0.9337311331626142
2023-02-22,16,149,0.3908459786928584
2023-09-12,1,198,0.5273681917610887
2023-03-01,4,115,0.3617484001894825
2023-02-08,16,54,0.1789667949177428
2023-03-10,19,2,0.05132886337477649
2023-09-30,9,118,0.3079178078086747
2023-09-12,12,144,0.010250637354489056
2023-09-26,7,22,0.9263138759323815
2023-11-29,5,164,0.8534008530705889
2023-03-28,9,7,0.5602776775370304
2023-05-29,25,139,0.13725937128303323
2023-04-17,5,191,0.7208903180417202
2023-06-02,12,52,0.13438215676779453
2023-06-25,16,72,0.9755854261421206
2023-07-18,11,154,0.05650822053386817
2023-01-25,15,77,0.7207992173601663
2023-12-07,11,1,0.8988364596956786
2023-08-20,24,35,0.5489687699346099
2023-03-25,14,10,0.007040763486210411
2023-03-18,21,104,0.07199530185983405
2023-06-05,7,33,0.3347537279128343
2023-09-16,20,44,0.9633356760216059
2023-11-22,12,101,0.9890690310630738
2023-12-09,14,57,0.3240668052745551
2023-02-18,1,178,0.8018605890461935
2023-03-04,24,36,0.2520917679769491
2023-07-07,20,110,0.8950301452151175
2023-01-20,15,112,0.8044159287017228
2023-11-09,10,117,0.8903712072984717
2023-01-10,6,193,0.335992518609344
2023-01-11,2,124,0.040216023085465125
2023-02-22,21,187,0.23624492225466265
2023-05-21,7,175,0.8553763726704076
2023-05-25,1,5,0.40398184773900203
2023-04-01,14,172,0.9648896163278998
2023-06-29,19,28,0.6089871848762596
2023-08-04,5,61,0.15989098975116656
2023-09-04,15,93,0.7572312477560424
2023-02-16,3,81,0.9501370253125934
2023-06-28,3,74,0.2414968795915764
2023-10-26,14,170,0.1859259890625321
2023-01-10,7,34,0.6787365855588544
2023-08-08,20,179,0.9819537152120992
2023-08-15,24,11,0.4145712391227262
2023-08-08,3,32,0.9194842419408504
2023-08-11,24,67,0.14734477500094334
2023-10-15,24,69,0.36145239302723453
2023-02-23,22,85,0.5684017268644842
2023-05-18,8,18,0.06892798366152841
2023-06-07,11,134,0.7693471939216884
2023-10-08,23,18,0.15639431610338084
2023-08-19,25,57,0.012433816851081692
2023-12-09,18,26,0.024737186674650302
2023-08-30,25,118,0.7223176238175932
2023-05-04,10,130,0.23771003433148286
2023-11-21,20,155,0.44851118784236277
2023-06-28,13,134,0.8425847812009152
2023-02-17,2,117,0.16095962246953344
2023-12-15,17,194,0.9325431067001736
2023-06-26,18,75,0.9405351644449831
2023-12-16,6,127,0.7883541137965004
2023-02-16,19,41,0.581492557238913
2023-08-15,6,72,0.5386049017347094
2023-02-06,7,197,0.1317610147728555
2023-07-15,11,122,0.29369698564199
2023-08-03,5,108,0.07657584572189347
2023-01-28,6,65,0.9174475845594539
2023-12-19,21,39,0.9021719222598079
2023-04-27,9,147,0.7033404883813472
2023-04-18,10,177,0.6819856337261029
2023-08-26,25,89,0.7150349332289919
2023-06-10,12,67,0.6084051833008777
2023-03-03,24,23,0.4901487935681883
2023-06-14,4,12,0.6474535343794429
2023-06-08,16,172,0.21579287918447476
2023-04-19,20,73,0.9920284608466454
2023-03-22,9,91,0.44202068986158083
2023-02-01,13,22,0.317258368230962
2023-07-03,14,119,0.051554267806957266
2023-05-29,25,85,0.7334437789165765
2023-07-23,6,161,0.14443417016360283
2023-08-12,14,142,0.9243396837486345
2023-06-27,5,169,0.22239220987039354
2023-01-18,20,148,0.07966886563332742
2023-11-01,9,99,0.3198855273044965
2023-03-23,6,166,0.7788012664954052
2023-05-15,6,181,0.829561018811022
2023-03-22,15,154,0.6403636443601288
2023-09-20,5,163,0.6466836162278439
2023-01-04,7,55,0.5287853120379172
2023-02-22,14,24,0.9529326158135119
2023-07-12,10,73,0.8713508498140193
2023-04-27,11,93,0.56368464997057
2023-02-19,21,6,0.6053407105451024
2023-12-24,3,141,0.26595487450499844
2023-07-26,15,55,0.31969886667518443
2023-01-30,19,91,0.2274403583553447
2023-12-01,12,108,0.5851865374183518
2023-04-17,13,126,0.46594066515512444
2023-03-17,16,145,0.21067021891773452
2023-12-20,19,77,0.8648314283098265
2023-01-12,8,94,0.5981373767654443
2023-03-28,15,118,0.5092094432648961
2023-08-29,18,195,0.49300313051563693
2023-08-18,9,116,0.3247381893569514
2023-09-17,22,73,0.9270216565591692
2023-03-27,18,93,0.5198920817098157
2023-10-03,24,152,0.5792165825280773
2023-12-29,9,57,0.560682329235887
2023-12-11,15,64,0.6933882827322643
2023-03-06,7,146,0.8675130958125968
2023-06-23,17,120,0.9235030179210013
2023-09-13,7,74,0.01404561655194736
2023-11-30,7,151,0.42153159570179943
2023-08-28,6,194,0.7170034132719809
2023-07-19,24,85,0.11017224631939404
2023-09-18,19,160,0.943167019698495
2023-07-02,6,75,0.16972984907881927
2023-10-11,19,76,0.4745278528987251
2023-03-13,22,32,0.5245320449515262
2023-01-06,19,141,0.7913452815805316
2023-03-28,20,44,0.45907555760354
2023-10-31,12,137,0.5384203691335037
2023-06-14,11,155,0.5618929245887321
2023-06-14,14,8,0.28761646491302384
2023-07-12,17,192,0.06573831638308325
2023-07-10,9,80,0.9832480784840169
2023-06-08,20,89,0.592308228640527
2023-05-24,25,62,0.11198858632339981
2023-02-11,25,106,0.8190211186567639
2023-02-13,1,157,0.8566509135000622
2023-09-06,18,13,0.14263497143281567
2023-10-13,2,2,0.5022059040422258
2023-07-20,16,92,0.6684777788945641
2023-08-22,13,82,0.35316824272985503
2023-05-22,18,7,0.7233466143594685
2023-04-07,12,52,0.413381530639778
2023-06-14,7,173,0.8933307618380856
2023-09-27,25,190,0.05635563431739299
2023-01-17,4,180,0.39368275202678593
2023-09-09,23,169,0.1278817501368975
2023-08-09,13,106,0.4164791936585013
2023-08-22,21,109,0.013848636415006665
2023-05-20,19,127,0.772458078816317
2023-11-14,17,98,0.08979129555991539
2023-10-14,7,174,0.04905748980499636
2023-07-29,19,170,0.40216450675849047
2023-05-28,10,26,0.5061005987529289
2023-04-03,20,39,0.4998765024384483
2023-03-29,15,50,0.3191882364891724
2023-01-08,11,143,0.7878429955611902
2023-09-06,8,146,0.7526852634637481
2023-05-12,23,46,0.8178235138479948
2023-06-05,17,27,0.4119462457856464
2023-06-23,2,112,0.7868007551802803
2023-08-08,4,96,0.29051288876744175
2023-11-17,6,149,0.1251166839274841
2023-04-13,5,9,0.7180533897866549
2023-04-04,25,166,0.5966988164608952
2023-07-26,2,5,0.0684630508314591
2023-03-14,6,34,0.8500983025705657
2023-11-30,24,91,0.08111425577377929
2023-10-26,6,23,0.11408594832797592
2023-09-10,8,51,0.22953943732065496
2023-11-23,3,97,0.5820586429045863
2023-09-24,4,121,0.19960978341937208
2023-12-20,4,76,0.04744989477264805
2023-07-06,5,16,0.8865380671985754
2023-07-04,15,21,0.2686627392499701
2023-09-09,24,134,0.5537001966699787
2023-09-20,19,110,0.42312190925088
2023-05-06,3,176,0.13976993277610605
2023-07-05,16,96,0.5497783605237366
2023-09-16,23,198,0.025653510777704946
2023-03-24,9,21,0.7657674123666472
2023-03-06,25,117,0.36722936195483435
2023-10-18,4,86,0.06821575471509456
2023-10-03,13,40,0.26954839364847794
2023-10-26,13,124,0.7269709974558634
2023-04-08,13,162,0.047484968377865755
2023-08-02,15,71,0.9380762182268988
2023-02-06,2,144,0.9919105813048413
2023-08-23,3,49,0.6399040690909812
2023-09-01,1,70,0.29258497203613365
2023-02-22,16,84,0.7494289777126155
2023-08-19,16,187,0.031248259052887417
2023-06-07,24,49,0.6942686372796062
2023-01-22,8,10,0.004513158394571559
2023-08-01,8,20,0.23418942319735536
2023-07-10,12,86,0.5458849664736061
2023-03-20,17,119,0.9944793269256681
2023-09-06,17,51,0.4223606737358748
2023-07-09,6,164,0.22495001065295572
2023-11-21,8,66,0.31268681749537675
2023-03-15,12,15,0.8264768072285401
2023-12-12,5,63,0.6520158125421756
2023-12-03,16,148,0.4967274429698495
2023-07-22,9,109,0.17449705243923097
2023-05-18,15,134,0.42921858966716386
2023-07-09,1,190,0.6488697468306617
2023-01-21,2,73,0.01760399729224349
2023-06-23,10,53,0.7692188705390901
2023-05-10,17,103,0.03353494686694847
2023-03-12,6,91,0.7401220703187501
2023-01-07,24,180,0.7168211111960837
2023-02-15,12,53,0.5205806175138213
2023-07-24,14,169,0.13068686117945627
2023-06-07,25,124,0.0399138914435494
2023-05-10,19,170,0.7591021809430749
2023-02-20,7,191,0.841668919824805
2023-04-22,10,31,0.38982066143119887
2023-12-09,18,18,0.9172172701420377
2023-07-07,23,71,0.5056220105397043
2023-05-13,7,148,0.9066107227578817
2023-03-04,13,103,0.9231505164361545
2023-03-08,10,17,0.13719439783690213
2023-10-14,23,35,0.5200710396101406
2023-11-20,18,2,0.5783267253032983
2023-03-30,9,81,0.8816529123917558
2023-07-09,24,150,0.9846827347663191
2023-03-16,9,108,0.584520106063071
2023-10-05,25,62,0.6647673543385209
2023-05-04,1,38,0.8059377833118526
2023-08-17,12,91,0.4285938690927552
2023-02-15,25,51,0.1588470972100282
2023-03-10,19,58,0.32885196593641963
2023-03-21,17,129,0.8836956649898946
2023-11-18,19,17,0.38433225937935767
2023-12-30,5,177,0.9992383096095852
2023-11-03,4,145,0.029432859196108718
2023-05-12,10,6,0.6397747865775889
2023-12-28,11,122,0.9208879833871821
2023-06-22,5,105,0.5215045664627916
2023-06-12,16,42,0.8644390980940232
2023-07-13,20,128,0.7010270577900679
2023-03-12,1,135,0.6814177846115524
2023-04-09,2,77,0.9472175679407961
2023-01-26,10,88,0.5313809165428027
2023-02-21,24,130,0.3670398241894741
2023-08-13,11,111,0.24687089337308
2023-03-06,2,26,0.09069393579688512
2023-12-08,1,91,0.8742965198053416
2023-07-31,3,78,0.45386438973987797
2023-01-29,14,41,0.7603849932674583
2023-07-07,1,195,0.1082653762180048
2023-08-18,4,197,0.19427521011596482
2023-06-12,11,96,0.7143033426392162
2023-01-04,12,197,0.7538713481287938
2023-05-25,11,30,0.6657797235644343
2023-02-04,5,135,0.8712650648189657
2023-03-04,5,151,0.45482644095934666
2023-03-30,3,161,0.8132276195468515
2023-08-17,20,98,0.36858501046979697
2023-12-02,15,80,0.42014356682851317
2023-06-07,23,130,0.8159173306384347
2023-12-24,12,189,0.17812109672410936
2023-09-20,22,123,0.5543144597892671
2023-08-27,23,194,0.9759499480657684
2023-12-12,15,168,0.5856323452477649
2023-04-22,20,20,0.9522206285073417
2023-12-26,19,75,0.920652930024326
2023-11-13,13,162,0.9870026047022795
2023-05-10,11,197,0.5997750922144596
2023-09-14,17,45,0.2935517637370798
2023-01-13,10,49,0.7221622461498621
2023-09-21,9,118,0.5767315815479399
2023-07-27,5,111,0.7668737479864962
2023-03-18,4,111,0.10206857432574767
2023-07-17,3,124,0.17584300499204486
2023-02-01,23,67,0.6512475600695637
2023-08-27,13,93,0.7771680956950434
2023-06-20,17,4,0.6699607560694922
2023-12-19,24,73,0.6894147419796797
2023-07-17,1,105,0.8615957179279202
2023-08-07,16,130,0.38331809058357935
2023-07-08,14,184,0.8159560747353635
2023-08-18,18,163,0.17845475089725238
2023-10-30,4,182,0.28995148316027886
2023-07-27,17,113,0.806444391805549
2023-07-08,16,197,0.8830079423384591
2023-05-25,1,89,0.42624905806731117
2023-04-06,22,83,0.9447711560408246
2023-06-18,1,168,0.4500085479952033
2023-12-14,12,117,0.339096636891844
2023-12-16,17,168,0.14200090049053526
2023-03-22,15,21,0.2888893756480372
2023-07-29,13,122,0.8270668814674729
2023-02-11,5,61,0.9757714882968855
2023-08-24,11,67,0.7784616870940843
2023-02-10,5,42,0.48212147567777
2023-12-23,16,62,0.15891518310050035
2023-12-29,10,107,0.03558606643890461
2023-06-01,5,147,0.47570434900946834
2023-11-30,11,1,0.1142519681584665
2023-09-10,19,188,0.08512731799867568
2023-12-02,19,126,0.873947972883173
2023-07-05,10,179,0.985573949493267
2023-05-18,25,56,0.7849533386446685
2023-02-20,17,100,0.18797317909639288
2023-04-16,21,117,0.7633498134745187
2023-11-21,11,108,0.8982712061844066
2023-10-25,12,195,0.48025421412284763
2023-06-22,23,153,0.23556077385532992
2023-01-25,2,42,0.9054589504597205
2023-02-09,13,73,0.17215331839423498
2023-06-15,17,39,0.5217818849797059
2023-01-28,5,142,0.8354253967765011
2023-03-23,15,156,0.8104026981359127
2023-08-04,23,144,0.3323047823002886
2023-06-27,8,107,0.010000719415723336
2023-12-21,20,137,0.7363967078552899
2023-05-13,25,159,0.7122549373586486
2023-05-17,2,182,0.41421742129889194
2023-07-10,12,143,0.9267278083561257
2023-04-26,9,75,0.4113927013045958
2023-04-25,7,167,0.3051835043580008
2023-03-12,14,101,0.47784299025518273
2023-04-04,22,186,0.23927050769395286
2023-05-17,5,131,0.5379248487461535
2023-01-09,5,188,0.3504969707999548
2023-05-07,22,9,0.5223265665502941
2023-02-03,3,36,0.5354845051755077
2023-01-31,25,130,0.2678163369149207
2023-05-03,18,11,0.3203298033678379
2023-09-23,1,15,0.285585255171274
2023-11-28,18,106,0.8206794605650097
2023-05-10,24,152,0.4734638804882597
2023-02-09,3,64,0.8636466695135915
2023-06-23,2,19,0.23067526491645263
2023-03-31,21,138,0.4137741478793878
2023-01-26,2,27,0.802511216072185
2023-08-18,20,6,0.8071566059824189
2023-04-05,6,116,0.04078919915843504
2023-07-11,2,42,0.1350222761802139
2023-08-21,19,54,0.14615186037108463
2023-08-15,9,28,0.8396437046574009
2023-06-05,16,166,0.18763140635403153
2023-02-17,2,136,0.2664034250783619
2023-06-08,22,56,0.42487896446067364
2023-06-16,2,39,0.03796731320874913
2023-11-17,8,126,0.5132275902421265
2023-11-09,3,2,0.6466072060809499
2023-01-03,25,136,0.09132731264262917
2023-12-21,15,37,0.7625775104298349
2023-07-15,20,129,0.44103947065862237
2023-12-12,13,41,0.0675767867093211
2023-11-10,16,31,0.6539591017865624
2023-09-08,17,177,0.2625525241765655
2023-08-31,7,89,0.13057484302129385
2023-05-12,15,67,0.3255891085800713
2023-10-28,3,71,0.27071580819371366
2023-07-06,5,170,0.5453471565744549
2023-04-22,3,179,0.09804855362554932
2023-02-06,19,100,0.005566921335281139
2023-06-08,25,142,0.7111117984866073
2023-01-23,17,172,0.010031460794235225
2023-09-09,2,97,0.5111030562175503
2023-02-12,21,92,0.7079956604303347
2023-02-11,18,56,0.2691375147157157
2023-03-22,23,67,0.9252978967543463
2023-08-04,8,149,0.4159934540916904
2023-10-16,21,67,0.2718236558130924
2023-07-29,12,43,0.8031476684039184
2023-05-21,19,162,0.4020157511820507
2023-04-16,4,126,0.7131708066465612
2023-04-12,17,191,0.7887906778107282
2023-11-26,16,161,0.8859484215334897
2023-11-24,14,121,0.3886539049247234
2023-06-18,3,180,0.14041538006708565
2023-09-26,9,192,0.544280353323314
2023-07-29,21,180,0.5916427396222186
2023-08-21,6,75,0.6209861917942215
2023-09-10,15,95,0.9000537584538005
2023-06-17,4,64,0.01847334115607535
2023-10-02,7,65,0.33289558070553893
2023-07-03,11,20,0.10871709639940985
2023-04-11,16,22,0.6956386691937614
2023-06-16,6,138,0.18674374449591102
2023-12-13,9,139,0.78419565852576
2023-09-07,7,86,0.553374304337451
2023-03-17,12,56,0.3975725955291627
2023-09-27,23,22,0.41892464426113873
2023-10-14,11,116,0.2674956942925393
2023-02-03,9,46,0.8025813634542168
2023-04-15,12,30,0.23912948097978004
2023-05-06,24,134,0.3870663333136366
2023-01-06,12,92,0.2773187564854971
2023-12-02,16,30,0.6264492287107107
2023-07-19,23,60,0.41788992954021287
2023-11-13,7,75,0.38083213629712054
2023-04-12,12,76,0.47403386889274823
2023-08-12,19,76,0.7578460223486208
2023-11-15,18,109,0.17242852274075426
2023-04-12,4,85,0.7321944213125292
2023-02-26,24,56,0.6302291937475856
2023-01-27,12,90,0.24531657493139158
2023-08-01,5,193,0.13532495711786896
2023-01-30,12,108,0.07125430355509366
2023-05-19,9,105,0.4941342243345733
2023-12-23,19,39,0.13192272043210906
2023-11-18,19,91,0.5931162568399689
2023-08-24,8,89,0.6847339620293255
2023-01-08,7,86,0.1413616921173484
2023-12-26,15,164,0.5933635452587114
2023-09-08,13,2,0.9676849602841927
2023-07-11,4,124,0.25323669266773485
2023-11-08,9,198,0.7484662634534051
2023-04-03,19,44,0.15941256585447083
2023-10-19,16,116,0.27083332900815216
2023-09-15,20,155,0.13222732087142886
2023-09-12,1,91,0.943348640952138
2023-02-19,22,35,0.14036669299739157
2023-09-07,17,37,0.2661432962602954
2023-08-21,17,38,0.04542078218206924
2023-02-15,7,159,0.613237137499579
2023-03-13,8,34,0.9326923611156798
2023-05-12,23,78,0.6976065159476617
2023-07-08,14,72,0.11647934095869117
2023-01-05,24,9,0.8743618838195077
2023-02-25,19,101,0.18482137033133583
2023-06-16,8,29,0.5582819102196899
2023-12-22,8,94,0.22022514032252882
2023-05-01,17,29,0.03621851320246827
2023-08-09,25,72,0.45144336516119854
2023-07-28,12,6,0.1032301148922069
2023-02-18,3,196,0.5250244356441002
2023-03-31,20,3,0.6021917500348599
2023-10-30,19,158,0.3420819918642787
2023-11-11,6,177,0.7359962834665115
2023-12-24,9,22,0.06769906241545554
2023-12-02,24,3,0.33093667060665943
2023-05-27,25,135,0.6803260008975565
2023-03-24,23,59,0.8499592872801542
2023-04-19,10,129,0.4087500770557577
2023-11-01,24,184,0.4137029815590474
2023-07-03,8,143,0.8914355796845963
2023-05-05,4,17,0.24153085429994214
2023-10-21,8,37,0.8137031012575191
2023-07-24,6,7,0.3279992226165538
2023-04-10,10,95,0.269376172321929
2023-05-22,25,137,0.4945092230714597
2023-03-30,9,176,0.7883192438483395
2023-06-30,20,114,0.21912156718200293
2023-10-06,21,133,0.38703070123153205
2023-06-13,10,41,0.7798995629362527
2023-08-30,1,107,0.2583985938632759
2023-04-01,2,60,0.1708324255524386
2023-10-21,23,56,0.5458238477889099
2023-03-06,19,21,0.28214092545755254
2023-04-26,14,120,0.7389677993327624
2023-03-23,21,138,0.6149723247197693
2023-07-03,9,47,0.3287428477860974
2023-08-21,16,164,0.5918542697572345
2023-08-13,10,67,0.07282964194037367
2023-11-08,25,144,0.1938202190994578
2023-08-30,8,53,0.42658478034632374
2023-10-03,3,102,0.10507801460124833
2023-06-07,6,92,0.6283250084175529
2023-06-07,23,90,0.6043042718207666
2023-04-19,10,129,0.10292530480656215
2023-03-05,13,79,0.7919466250343768
2023-09-19,4,69,0.8302434498020246
2023-04-23,14,126,0.12758797043085035
2023-11-11,2,197,0.273652936089401
2023-07-09,15,141,0.09629516175984021
2023-05-24,24,120,0.6347895804297531
2023-08-02,11,128,0.3015861646246313
2023-02-11,10,190,0.5953669332257036
2023-02-07,19,156,0.42212390379380127
2023-07-05,18,75,0.750112152588624
2023-11-04,10,163,0.8084463938391637
2023-07-30,4,123,0.2899826881333365
2023-03-10,19,142,0.368688867460792
2023-04-18,12,161,0.570571813069402
2023-09-09,15,94,0.2530001833628951
2023-06-14,10,109,0.4898844231895445
2023-08-11,15,34,0.22329466892511296
2023-06-29,24,182,0.642706606601834
2023-07-09,3,130,0.45830018502054803
2023-10-05,17,137,0.8273440724035949
2023-01-18,9,131,0.7801950560758071
2023-02-24,9,9,0.41937606878120803
2023-10-07,2,152,0.6372175833507974
2023-03-10,17,156,0.40422602098984084
2023-02-11,17,177,0.7521160697875511
2023-01-05,3,126,0.5332886440364237
2023-12-25,6,136,0.9306174692212146
2023-09-05,15,195,0.3927769899010144
2023-01-23,3,18,0.049095085608835465
2023-03-10,13,159,0.07496357374093365
2023-09-16,9,25,0.24189417923829304
2023-06-23,20,31,0.92010073169495
2023-09-09,1,167,0.6608815130877764
2023-05-15,17,17,0.65129544950016
2023-07-11,20,50,0.9680583518739161
2023-06-12,3,27,0.06286617377746306
2023-10-26,20,179,0.8521321444176588
2023-11-22,5,193,0.734574891407687
2023-06-16,7,122,0.07683588212182024
2023-03-02,21,11,0.1565598051517637
2023-11-12,8,10,0.9953878227710427
2023-05-10,16,27,0.7054037166893408
2023-04-07,18,119,0.6883500677535831
2023-09-25,13,41,0.1353800137581631
2023-06-02,25,96,0.5720565046314936
2023-04-04,19,179,0.3381199691434881
2023-03-03,16,73,0.6779067979748397
2023-06-22,9,52,0.4058525537388661
2023-10-07,25,47,0.5532455608140944
2023-01-09,15,3,0.5600101882498306
2023-08-18,6,53,0.9099216336977248
2023-05-21,10,22,0.3698733071165422
2023-03-09,21,30,0.8305788591331624
2023-12-02,1,159,0.8240267186670133
2023-04-02,24,16,0.42779926607124874
2023-08-12,10,140,0.5673978041537668
2023-05-27,11,83,0.20978810167125272
2023-08-20,6,112,0.4743650817265648
2023-03-08,18,88,0.47657774005728426
2023-06-21,13,138,0.8480547237532469
2023-03-01,8,154,0.9430070869922555
2023-01-18,3,120,0.556551041019071
2023-11-19,17,67,0.05749198414947909
2023-04-05,15,164,0.5623534708903285
2023-03-30,5,49,0.7984610839321814
2023-06-20,12,12,0.549635370975819
2023-10-29,5,116,0.8190019034957366
2023-02-09,23,32,0.9219678875434494
2023-12-23,13,55,0.28360847792976374
2023-09-10,10,194,0.6496353441141548
2023-08-06,2,191,0.36362962872861737
2023-05-12,10,8,0.026925157459786297
2023-08-30,2,86,0.19280424724923428
2023-05-25,19,160,0.9212791000987852
2023-12-22,4,21,0.9075179356760038
2023-07-11,1,159,0.8069265192255756
2023-12-27,14,35,0.6288138867934507
2023-06-04,22,25,0.07925132632829468
2023-01-03,18,97,0.968031243509632
2023-01-03,19,81,0.26920324273674234
2023-07-26,25,47,0.036217012641723945
2023-09-14,3,129,0.2526411881150352
2023-03-23,9,110,0.6204716019865499
2023-04-02,3,8,0.03702488375022028
2023-07-02,4,103,0.37272863099192277
2023-11-15,22,140,0.2887742906001961
2023-09-25,19,61,0.7895547160337072
2023-12-21,9,122,0.804483581129538
2023-04-06,6,77,0.11506673426950875
2023-06-29,2,163,0.4164362479402014
2023-10-10,15,198,0.3593104564001999
2023-05-17,11,81,0.46655251958906674
2023-04-19,10,165,0.7446205195445762
2023-11-12,25,180,0.5790337371198957
2023-03-07,13,49,0.24633795467836228
2023-05-25,8,74,0.2999544792065134
2023-11-28,11,199,0.7195713718856224
2023-04-09,25,44,0.6179042449512956
2023-01-05,3,130,0.30508912908824526
2023-06-10,9,112,0.29701701332168673
2023-05-28,24,70,0.8702808459499879
2023-05-05,16,29,0.6704765321747345
2023-05-18,20,19,0.22207535451283356
2023-04-19,15,76,0.8276972295606587
2023-10-25,16,32,0.28996651501046034
2023-02-04,21,138,0.5129306589228264
2023-03-21,2,151,0.25477839989539874
2023-07-03,18,131,0.9039686260662055
2023-06-25,21,34,0.7063411924743593
2023-05-26,17,121,0.03499900231858921
2023-10-28,22,28,0.8903858683079381
2023-10-01,4,180,0.8752443956686604
2023-07-04,24,129,0.4135830382062188
2023-01-20,24,112,0.03394268542961132
2023-07-02,23,150,0.5822486116285859
2023-05-24,22,146,0.4446793805857139
2023-06-24,15,146,0.8851649472057235
2023-09-20,16,135,0.5795635728000632
2023-02-03,14,96,0.06309238158485075
2023-03-27,22,118,0.7668491616408957
2023-05-13,20,1,0.6632874302877939
2023-08-30,2,165,0.06762541158519575
2023-09-20,10,163,0.2986457922245239
2023-05-28,8,147,0.4301966210698438
2023-03-19,25,117,0.8304691341910844
2023-05-10,12,81,0.9428493807005208
2023-09-20,4,70,0.5555692104527863
2023-01-20,8,15,0.5479844048873053
2023-08-23,23,137,0.5190968890642776
2023-08-07,5,42,0.141792705255253
2023-01-11,3,171,0.06505978475500007
2023-09-15,24,124,0.42130485589801947
2023-09-21,1,59,0.7796354966173981
2023-01-18,24,156,0.1276544305669769
2023-11-23,1,105,0.3618650050108938
2023-07-17,19,118,0.9486343149903439
2023-12-26,9,7,0.5621268654646566
2023-10-25,9,1,0.6571101436201896
2023-05-04,18,175,0.6103195394894113
2023-06-19,24,14,0.585617577797322
2023-12-04,12,54,0.637892337640693
2023-06-13,11,50,0.47851303662606315
2023-04-11,25,144,0.6256658772880871
2023-05-23,18,172,0.5122776711024513
2023-07-05,9,184,0.2558222167876135
2023-10-11,8,4,0.04766204895483661
2023-07-09,14,175,0.18567795860076486
2023-05-03,16,69,0.8060342459239362
2023-02-17,21,174,0.3587005058202595
2023-11-21,5,90,0.39928599209293825
2023-01-10,22,93,0.060022392050129714
2023-09-21,6,141,0.8328368147201005
2023-11-24,18,127,0.5665848094540169
2023-02-28,4,177,0.8074826721564746
2023-07-15,1,114,0.45535245432265925
2023-02-02,6,159,0.20950138846700228
2023-05-08,25,164,0.4806884531104969
2023-03-17,21,33,0.1586162272965307
2023-10-30,14,32,0.8432298958496862
2023-08-17,25,167,0.8031642107350245
2023-07-09,11,57,0.27072263253664175
2023-02-08,14,125,0.7566339767172574
2023-08-21,2,123,0.2946824527214701
2023-09-28,20,107,0.9806040629709731
2023-09-29,1,11,0.24924877400197243
2023-05-11,6,82,0.585683585991473
2023-08-21,3,195,0.11639506887311712
2023-01-22,12,31,0.25585515541410286
2023-03-21,25,118,0.5386366584994202
2023-08-12,25,59,0.10908329471448375
2023-04-02,23,148,0.9416594563198658
2023-04-23,15,118,0.34635711381170786
2023-12-26,2,170,0.2940141169668079
2023-11-09,17,62,0.8919637658748952
2023-04-30,4,23,0.9794300305761203
2023-04-08,7,107,0.1378734229092088
2023-07-10,8,70,0.30406325996332895
2023-07-30,16,118,0.656338754209863
2023-11-21,23,68,0.8503216241479764
2023-05-30,14,30,0.4636954108210396
2023-05-27,7,77,0.4579455819881145
2023-02-19,10,153,0.27008757010871176
2023-04-16,19,111,0.8615059797281186
2023-12-16,8,4,0.6138688570795209
2023-07-20,11,68,0.48593705214460514
2023-07-20,3,196,0.5611423291098361
2023-04-15,12,6,0.628144009395403
2023-09-03,10,29,0.4142206672865588
2023-11-05,1,70,0.11392822715115625
2023-03-28,16,194,0.6648256577956579
2023-01-13,6,166,0.9189626140773366
2023-08-10,21,56,0.9518761760243343
2023-04-20,10,115,0.6654422241062794
2023-11-18,3,47,0.107955242313174
2023-01-01,10,108,0.9499457881506174
2023-09-04,10,14,0.2030146129795931
2023-03-20,5,2,0.9173395402148993
2023-01-09,15,161,0.8006625148209586
2023-07-02,22,106,0.33032725973200094
2023-11-02,6,117,0.6134042154682242
2023-10-26,5,160,0.32401470934251564
2023-02-13,19,120,0.10779479522309687
2023-07-17,8,75,0.8710434291521161
2023-09-19,18,116,0.9234036293991325
2023-04-10,11,16,0.09719256434506296
2023-07-30,11,117,0.43162174143541865
2023-07-12,1,69,0.4915622200564408
2023-02-22,17,4,0.030559292482984723
2023-08-07,1,81,0.4668028838206215
2023-09-25,6,20,0.028907955707667465
2023-12-07,16,33,0.9577708815607432
2023-04-11,12,19,0.05835004130324972
2023-04-23,1,64,0.5385386090525931
2023-01-08,20,153,0.43780513212346694
2023-04-25,15,53,0.1412252252074515
2023-10-01,3,65,0.7942472649886485
2023-10-26,20,132,0.42962116851338195
2023-09-13,23,61,0.13255074390677257
2023-08-11,1,120,0.3933650963823454
2023-10-30,25,20,0.18450351566564105
2023-10-04,1,4,0.30482973996676643
2023-02-25,5,185,0.704278316506744
2023-05-10,3,52,0.7461455715837271
2023-01-13,6,87,0.5528716712144788
2023-10-07,4,89,0.8967671717820916
2023-05-06,19,52,0.9074856529220917
2023-06-27,2,149,0.3200954224182796
2023-01-25,24,101,0.7617667052156192
2023-02-28,21,186,0.2817340916158373
2023-05-17,23,71,0.8482455098232052
2023-01-26,8,125,0.09984501687600067
2023-08-15,19,32,0.8287496611830711
2023-09-20,15,141,0.4122216515343141
2023-10-29,12,100,0.5663241099707967
2023-01-09,13,191,0.0077449323268518055
2023-12-18,6,57,0.6779628704890363
2023-03-23,8,104,0.7199093924031885
2023-10-01,5,15,0.6273055797791088
2023-02-16,18,48,0.09367676719763551
2023-01-17,12,154,0.3125913674066645
2023-05-07,8,186,0.33485789996324955
2023-10-29,15,85,0.8308073739439973
2023-07-20,7,74,0.8748104617603409
2023-02-23,21,47,0.9978952377661382
2023-12-02,14,39,0.15572726211774968
2023-12-18,3,55,0.46448170308783443
2023-06-17,5,88,0.45031611984238806
2023-08-19,14,87,0.2412902121937328
2023-11-30,6,148,0.6954753996463502
2023-05-09,23,23,0.5869580714263648
2023-02-06,11,94,0.10335892126157531
2023-08-25,5,196,0.24810542653950018
2023-07-20,3,104,0.43087717627264943
2023-10-05,8,76,0.4927189949949278
2023-07-07,16,136,0.4237085687787131
2023-11-11,15,195,0.49303907833058036
2023-11-07,2,163,0.18120448403039513
2023-03-08,16,37,0.180903984635705
2023-07-06,13,78,0.3442722260958294
2023-01-24,22,190,0.5280476440428964
2023-08-25,2,200,0.45241330372999045
2023-04-03,19,78,0.8912355424114544
2023-08-15,3,27,0.03903041379614003
2023-08-04,3,114,0.9863581387358281
2023-11-25,3,147,0.5581618494366849
2023-04-30,20,173,0.5714202570848956
2023-11-15,14,117,0.5877870513176631
2023-12-26,15,184,0.19103647399579382
2023-12-14,23,51,0.9058468166108697
2023-01-11,9,157,0.19139447271456556
2023-11-17,19,86,0.297851415649959
2023-09-10,2,85,0.8914970067269943
2023-09-25,1,130,0.5480588720734291
2023-07-23,17,50,0.17455173202127927
2023-05-11,23,39,0.21714085208223144
2023-02-18,18,82,0.577934303650711
2023-07-18,12,40,0.21464414423969513
2023-06-21,2,74,0.800418667360976
2023-06-18,15,189,0.9630811036684946
2023-08-30,3,123,0.668644174985453
2023-05-23,19,79,0.7661434513675356
2023-06-24,21,45,0.7110183617011591
2023-06-07,17,190,0.6194889179073161
2023-05-19,25,95,0.8677393669588462
2023-04-01,13,63,0.5370861567870522
2023-06-13,5,200,0.9839167014186663
2023-04-14,4,37,0.567101536821635
2023-09-09,5,13,0.541883933115546
2023-09-16,3,69,0.08892088805396081
2023-12-05,24,94,0.5076327959178154
2023-10-04,12,17,0.7746090615648428
2023-07-20,15,25,0.7355410893436553
2023-05-05,7,186,0.0768974093527015
2023-05-21,25,57,0.7836800126042064
2023-01-19,20,8,0.9233241360169546
2023-10-05,1,94,0.345214128674445
2023-07-20,12,138,0.3585956755232246
2023-05-28,23,198,0.9265174276256946
2023-02-03,6,115,0.3032472242610331
2023-05-15,25,52,0.2700740637964538
2023-09-11,2,46,0.9933810774428424
2023-04-04,11,25,0.8359909410886466
2023-09-02,14,57,0.16184751319906754
2023-05-04,14,165,0.7981424936279694
2023-06-24,6,131,0.01642338666138954
2023-06-13,18,192,0.11051496683457085
2023-10-19,13,175,0.4055090217406607
2023-06-29,15,39,0.5144199470849257
2023-05-25,8,10,0.8647217198290245
2023-06-10,20,177,0.303443928324168
2023-03-09,9,37,0.36276030116134517
2023-04-09,20,16,0.9227596156355937
2023-12-10,5,184,0.8381682598877146
2023-01-04,6,67,0.3333584081306732
2023-12-08,21,196,0.712964573784912
2023-05-15,13,34,0.9212004342454995
2023-08-12,9,2,0.3323343535043415
2023-11-21,20,76,0.6869478991215747
2023-09-26,16,67,0.28808023274976724
2023-02-25,24,194,0.8731576466206015
2023-09-03,15,160,0.8252350374299752
2023-09-16,15,154,0.19628987890557048
2023-07-26,20,5,0.3836425456931083
2023-12-02,14,126,0.07781477824041039
2023-08-21,17,50,0.42338053087820815
2023-04-07,25,174,0.6339471383974028
2023-05-08,22,192,0.22794864639675216
2023-04-15,5,146,0.10030219340686597
2023-05-29,8,105,0.36657799694889026
2023-01-17,20,81,0.16837082432348693
2023-06-01,14,70,0.06923456578176446
2023-08-26,3,88,0.5009781998904107
2023-09-05,2,52,0.6073901374112124
2023-07-28,8,85,0.5933718692629601
2023-02-28,13,152,0.6696139224840378
2023-06-04,25,161,0.4308852247736774
2023-08-15,25,52,0.3455527192880883
2023-04-11,24,200,0.839696500378378
2023-08-27,18,131,0.3982445638062916
2023-02-05,25,164,0.57650471129793
2023-04-29,12,61,0.3336827622334305
2023-03-22,22,92,0.04068307651976688
2023-06-13,22,170,0.06437978613504147
2023-03-15,2,98,0.8749771655583062
2023-07-21,21,162,0.8205177792415058
2023-04-06,4,92,0.9671489858944402
2023-01-31,18,179,0.9061944423628119
2023-05-27,6,77,0.8404933586461606
2023-07-20,13,72,0.9420081103283653
2023-05-06,12,151,0.05630033030673953
2023-10-23,22,12,0.13083937082789776
2023-02-08,22,159,0.33022255170768844
2023-10-13,24,143,0.9194612270853231
2023-11-01,4,74,0.12967618225164534
2023-10-17,23,120,0.3321867637551569
2023-05-24,15,133,0.6941457447200112
2023-09-08,14,91,0.6938698206487959
2023-01-17,20,40,0.407961030670728
2023-08-18,13,56,0.034730678835854234
2023-08-12,2,49,0.4222395502728674
2023-02-28,23,141,0.04842419578218904
2023-02-05,4,94,0.47550179169441387
2023-11-11,23,148,0.10981880666000576
2023-01-03,12,181,0.1198593745643074
2023-02-02,1,41,0.6906690300758627
2023-04-11,5,133,0.28655234499235704
2023-11-19,1,19,0.4111870809530024
2023-10-31,11,157,0.5208816797679744
2023-03-26,6,78,0.5122196623323881
2023-08-09,6,195,0.940678401517472
2023-04-30,15,194,0.024924344741633075
2023-01-25,23,10,0.7853018464186433
2023-01-23,11,157,0.18350106687037093
2023-09-28,19,56,0.9280395116888169
2023-01-03,8,184,0.8342419335997505
2023-03-11,17,49,0.6963908228616894
2023-03-13,9,89,0.9503938991447806
2023-04-09,21,112,0.281121880755002
2023-09-27,5,102,0.9246141798019178
2023-02-14,23,152,0.7464255194789421
2023-01-16,23,148,0.3710869754655868
2023-05-10,7,146,0.5578886575013348
2023-06-12,5,37,0.045047677815250986
2023-03-30,9,124,0.5009347729809495
2023-05-30,6,199,0.8589312789493192
2023-02-15,1,69,0.7644999740441322
2023-07-07,17,83,0.6632306290872814
2023-05-12,22,150,0.9967950073947189
2023-10-04,3,42,0.08483653577671457
2023-10-09,4,162,0.5247881719992031
2023-03-30,12,170,0.7410642187027094
2023-06-16,6,90,0.30412398470757185
2023-01-17,15,184,0.6111601346087376
2023-11-23,21,39,0.5304942863703904
2023-09-09,25,200,0.30161866566044504
2023-10-14,4,189,0.23001730954840882
2023-01-27,25,20,0.8128609467226594
2023-04-06,11,86,0.9344051340915968
2023-03-11,9,30,0.9189061520898829
2023-09-08,2,129,0.11506173905330563
2023-08-28,11,141,0.9277460869064988
2023-04-25,4,120,0.8498683629353735
2023-02-25,22,43,0.9008138681321466
2023-12-03,4,88,0.38197707691592275
2023-04-10,2,3,0.8092451681048667
2023-06-24,7,144,0.8744423675326017
2023-03-25,19,82,0.2426875815823999
2023-06-22,17,5,0.08588756882476523
2023-07-28,11,184,0.8067293078747974
2023-11-16,19,4,0.950242747537765
2023-02-25,17,42,0.7348860397347742
2023-11-08,8,20,0.1190754843167885
2023-04-30,8,128,0.0018028348837326735
2023-05-27,19,81,0.018834975956334654
2023-10-20,20,179,0.7292074877913358
2023-08-03,20,189,0.5523014699104563
2023-05-04,14,181,0.08672133548085181
2023-10-23,14,186,0.9952636875309292
2023-08-25,6,140,0.3910377177670603
2023-12-13,17,19,0.0031419847056508576
2023-11-23,11,45,0.2489832538958202
2023-08-16,17,29,0.02250861395072612
2023-12-09,4,65,0.13200270556145555
2023-03-19,15,150,0.6759031709784743
2023-04-02,17,39,0.9427785261378374
2023-01-25,13,90,0.6783946443220769
2023-08-20,21,107,0.6617869507275037
2023-07-17,8,166,0.3180238481657315
2023-08-08,24,188,0.03207400748180478
2023-04-15,20,48,0.05009301829984969
2023-02-10,16,68,0.2935613413417689
2023-06-30,7,115,0.3471199947914817
2023-04-02,7,178,0.8520808895856044
2023-07-09,22,96,0.3940852646300973
2023-03-31,18,158,0.1270104211815043
2023-02-15,14,77,0.812241236296484
2023-10-20,24,109,0.8418275281815525
2023-10-16,14,179,0.3751573630969348
2023-11-09,21,102,0.9474441522679019
2023-03-11,24,160,0.12113592707959564
2023-03-10,15,182,0.2668518583100744
2023-01-25,9,9,0.11228989620487628
2023-09-26,4,34,0.15309283908903626
2023-06-11,21,25,0.77929590946841
2023-04-14,11,115,0.6811994814217557
2023-09-20,22,70,0.5598581094512204
2023-04-26,5,166,0.3494350057566259
2023-10-11,24,121,0.7297735601158798
2023-12-09,25,27,0.863687535578081
2023-06-21,6,90,0.9747858062174359
2023-11-20,20,35,0.24292067981668097
2023-03-28,11,25,0.7213021749107986
2023-02-26,21,26,0.8363900041899679
2023-04-08,15,154,0.8810209244663039
2023-11-28,16,34,0.551261005682594
2023-06-13,9,186,0.09216847263735373
2023-08-09,14,9,0.39591726815776374
2023-02-13,6,32,0.9549019140793203
2023-01-25,25,78,0.9376552979149799
2023-10-01,10,29,0.4187380534617423
2023-01-07,22,97,0.5567126032683173
2023-11-12,23,55,0.9909917919349972
2023-07-16,22,99,0.1293401441382781
2023-04-26,18,137,0.7919299700432967
2023-01-16,23,164,0.5791463563117807
2023-06-28,18,117,0.048219335057468116
2023-01-13,9,175,0.3034118521699277
2023-06-06,10,127,0.9711494619448104
2023-04-24,2,98,0.8461428820810404
2023-02-27,16,16,0.23186795488778922
2023-01-17,20,118,0.13184120354403073
2023-09-23,11,82,0.8796683191128039
2023-05-14,3,108,0.4159293683064871
2023-04-30,13,191,0.44032899782680046
2023-10-25,20,151,0.9404689689525985
2023-04-29,21,168,0.8061967013577462
2023-09-30,24,14,0.19764122330556944
2023-06-11,18,124,0.9170572396103247
2023-04-23,2,54,0.9055263763087653
2023-01-23,4,45,0.5919984836080086
2023-09-25,4,94,0.8140537467917639
2023-06-08,9,18,0.21260678385586562
2023-11-23,10,140,0.19259811598409482
2023-02-28,13,56,0.19121804173675305
2023-12-25,3,161,0.16468105961312318
2023-05-07,16,199,0.5809547364187377
2023-04-30,24,165,0.272491933986293
2023-10-15,2,196,0.14336942572198186
2023-12-12,5,179,0.9488187216092133
2023-06-11,4,70,0.3905762668659951
2023-08-29,19,88,0.14448040896768677
2023-06-06,9,126,0.5683834933951519
2023-07-06,18,116,0.4575177980656643
2023-09-06,20,80,0.879667949446296
2023-06-18,11,67,0.4527390555854147
2023-01-12,13,141,0.29734778625680147
2023-07-03,13,172,0.5589404239378175
2023-04-10,7,181,0.8405838039383645
2023-08-10,11,187,0.4824404492952521
2023-11-22,19,145,0.5975789960142297
2023-05-19,23,176,0.44823293749929527
2023-01-12,11,40,0.6806040637232668
2023-12-10,18,121,0.47911012650485807
2023-06-25,12,110,0.36678826809135
2023-06-11,22,38,0.9275816079486618
2023-10-02,16,134,0.8651420507697494
2023-10-01,9,192,0.21679243461177622
2023-12-10,8,176,0.055725080198057664
2023-07-20,25,183,0.5418963420650458
2023-07-12,25,33,0.5256530377200426
2023-01-31,10,14,0.4408753895018839
2023-09-18,18,51,0.0876926531914145
2023-07-16,3,146,0.8088088629346263
2023-05-29,24,68,0.9576796356562587
2023-10-05,2,37,0.32134905538108216
2023-09-03,18,104,0.14272218892864064
2023-11-19,23,74,0.7147721165217022
2023-12-02,10,99,0.17941860501523
2023-06-20,3,175,0.2277226503095776
2023-02-13,25,198,0.9172609465876557
2023-10-06,22,97,0.5342941852973232
2023-03-19,1,64,0.3341388670429183
2023-03-11,16,10,0.22222095498036198
2023-01-31,6,148,0.9611073587805627
2023-10-23,18,164,0.023034632752011897
2023-01-15,23,15,0.8767547467914348
2023-05-07,22,130,0.4756809376497374
2023-10-26,19,43,0.818862355108934
2023-01-13,5,139,0.2731128866637633
2023-11-01,6,173,0.45960131372922675
2023-08-13,3,174,0.5857769528180669
2023-11-30,14,145,0.31996937528688674
2023-05-02,22,123,0.48793038391909893
2023-09-10,15,172,0.372411306127876
2023-03-22,18,49,0.8502299623843762
2023-01-27,17,155,0.8963207386273196
2023-08-17,21,32,0.6695257147192238
2023-08-15,15,122,0.8587812284108702
2023-08-12,17,200,0.8021818995665555
2023-11-09,11,104,0.3352027445940329
2023-02-16,6,109,0.7545671035991995
2023-11-30,7,150,0.6418158151043242
2023-08-04,12,17,0.1010337614916399
2023-04-16,1,113,0.6844748357357424
2023-09-30,6,80,0.8914371732580777
2023-04-07,17,162,0.865080842447568
2023-11-24,23,42,0.829940723378775
2023-11-06,6,200,0.34218777103531506
2023-08-02,11,18,0.0003269932256004804
2023-09-09,24,5,0.5297013794493493
2023-10-28,7,162,0.7334018048869989
2023-04-03,11,172,0.216915139282581
2023-05-30,8,139,0.0078084585505149295
2023-11-23,3,150,0.8497799452580909
2023-11-01,2,171,0.5048104022019778
2023-09-09,5,15,0.46039728887729814
2023-02-20,23,75,0.12322776345876552
2023-12-10,7,73,0.15954050884985993
2023-11-14,23,42,0.8782474109744715
2023-07-26,23,161,0.8929869013517698
2023-02-06,11,56,0.49296777101673195
2023-04-22,7,136,0.7274240834829463
2023-09-27,16,61,0.7987277079168768
2023-07-22,18,12,0.6151169529997702
2023-12-05,11,111,0.3761717844094875
2023-01-17,10,72,0.5128085474346
2023-10-07,1,124,0.7763404704537898
2023-02-10,20,65,0.24680281802824888
2023-01-19,12,179,0.5716021671507105
2023-06-16,19,47,0.41502316633587266
2023-01-26,8,13,0.015566359230504867
2023-01-08,13,69,0.42461834002097276
2023-10-07,22,152,0.8346353551083049
2023-11-11,2,187,0.3015469106164931
2023-04-06,9,111,0.581006210106437
2023-05-05,2,75,0.149435616907868
2023-08-19,7,126,0.766062575133008
2023-12-17,14,167,0.5805556100180006
2023-06-10,10,69,0.4592517849844199
2023-03-18,15,50,0.5507475447732018
2023-12-23,7,38,0.30324991087322306
2023-06-15,18,72,0.4931517294973117
2023-07-28,12,111,0.3271670986941724
2023-05-18,12,85,0.4900724634816015
2023-04-22,21,16,0.5485329420036796
2023-11-04,19,42,0.16659851436591622
2023-09-08,19,27,0.4137477476825434
2023-01-13,24,117,0.3376543207773729
2023-02-06,5,18,0.42212589478567997
2023-09-11,25,142,0.48716011931587144
2023-03-17,25,155,0.37167988720650313
2023-08-19,10,96,0.7949859688648011
2023-10-05,13,138,0.06355333735885305
2023-01-28,12,11,0.14480015166766624
2023-09-09,24,161,0.26025513146817514
2023-01-02,14,14,0.12894589308120308
2023-10-01,1,168,0.4358040042810639
2023-11-10,22,161,0.0043664144103976454
2023-08-07,15,4,0.8259014920935981
2023-05-05,5,135,0.9548441845274005
2023-10-29,13,21,0.46306543335975126
2023-06-17,19,148,0.0007624187254207104
2023-09-20,21,71,0.2765832568472021
2023-07-19,18,92,0.7612191512808376
2023-08-03,4,24,0.34162270504577497
2023-05-30,1,111,0.3832417117989908
2023-12-14,11,74,0.06767029139873582
2023-12-19,5,116,0.679148533676142
2023-02-20,5,6,0.11219246279641704
2023-10-05,13,148,0.8475025484505105
2023-04-08,1,58,0.06879728852437139
2023-10-29,1,102,0.11929729967101976
2023-01-14,5,88,0.4678579654011704
2023-10-04,10,75,0.1297861338558708
2023-09-03,6,181,0.9030901840031128
2023-08-18,6,44,0.726587209123226
2023-01-07,11,14,0.3992005046446233
2023-10-07,14,27,0.7704071395323874
2023-06-13,9,44,0.9995135262990301
2023-08-20,2,128,0.00833669056356623
2023-01-18,3,18,0.6022530163237272
2023-10-30,2,164,0.4546255713593734
2023-02-16,10,98,0.772385534466051
2023-02-03,10,133,0.021470888978790348
2023-05-30,4,34,0.4286343444085875
2023-05-09,23,195,0.5823340646384051
2023-07-14,24,103,0.8141751159326555
2023-12-13,8,194,0.2222417472841296
2023-07-10,7,195,0.11883073046097403
2023-06-17,1,94,0.8043226365049941
2023-08-07,10,58,0.09507004236574856
2023-11-29,12,177,0.22739557255890241
2023-09-15,19,97,0.964884115249115
2023-01-26,7,113,0.8275666053550377
2023-06-22,7,143,0.46522475936178564
2023-11-29,12,25,0.02340894269738536
2023-08-31,5,33,0.6033626588412098
2023-09-07,9,50,0.5779473317872416
2023-12-14,9,112,0.683128576976293
2023-09-21,17,99,0.7986935520436045
2023-07-06,5,164,0.2903377861719332
2023-12-14,2,61,0.07332843180469673
2023-02-17,16,25,0.4728072099174896
2023-02-12,1,13,0.41995949264558186
2023-03-11,15,88,0.9368185198836328
2023-02-03,2,135,0.12202666392926875
2023-08-07,6,101,0.0047825156687972825
2023-01-24,1,191,0.0758047457250699
2023-09-07,23,191,0.8316618277198744
2023-02-01,7,12,0.5407429443036238
2023-07-17,3,121,0.41633631415700423
2023-02-07,20,12,0.13812318677140023
2023-06-14,20,76,0.05088936531321475
2023-08-10,18,7,0.08594672497969635
2023-10-31,8,137,0.5460937746757059
2023-07-20,9,46,0.045439247365854474
2023-03-24,3,144,0.685627710336235
2023-01-28,24,158,0.0011592179814888803
2023-02-28,15,154,0.7328242684612672
2023-08-27,7,162,0.4199868514781244
2023-01-01,23,65,0.5991895154175209
2023-06-08,23,140,0.6732446219543946
2023-05-12,9,143,0.0011863563561205215
2023-05-15,18,136,0.21376204069719162
2023-12-13,17,156,0.8669045428708201
2023-04-03,17,56,0.41563415293780537
2023-04-21,20,139,0.4660078576406108
2023-11-02,13,99,0.8722229359926114
2023-10-20,8,153,0.47646492957330777
2023-04-11,23,94,0.6304810155839046
2023-04-22,3,186,0.7880707189758744
2023-09-25,25,134,0.7227971445561049
2023-10-30,22,12,0.1591074560587762
2023-02-25,17,8,0.5682150094019627
2023-04-18,16,89,0.8660488831664376
2023-02-26,19,103,0.9595609881734918
2023-07-16,24,17,0.9981350363488046
2023-02-03,17,54,0.46773323251727816
2023-07-05,19,137,0.6499008704068471
2023-12-01,20,27,0.9511959367553038
2023-04-22,20,121,0.7829348044009863
2023-10-14,13,113,0.21718214608822017
2023-10-20,3,60,0.6627413898496766
2023-02-12,23,180,0.6509251168691752
2023-03-27,2,18,0.9370213583914685
2023-12-19,3,43,0.88929117579015
2023-08-02,11,1,0.21391940498959328
2023-11-15,15,79,0.5606586887620154
2023-05-27,23,97,0.6112529579351017
2023-08-17,20,27,0.7771732259896355
2023-02-04,1,196,0.9927390146134527
2023-08-24,8,180,0.19541424541046004
2023-10-25,8,96,0.602567403472287
2023-09-19,20,36,0.43623459191380687
2023-05-17,25,146,0.3835232556402218
2023-11-13,22,111,0.6012031591611869
2023-09-21,14,37,0.23604716932741499
2023-07-17,15,3,0.44286132346775164
2023-07-12,8,121,0.3757927275787425
2023-09-17,23,150,0.7185448704545937
2023-12-23,9,53,0.810664268907005
2023-08-19,5,125,0.7961151039785092
2023-03-15,2,78,0.5420803867202694
2023-06-21,20,135,0.22951050651429172
2023-05-11,20,93,0.4636481839294275
2023-08-14,8,84,0.7392586466165023
2023-02-26,6,37,0.9940822117433423
2023-01-30,1,64,0.5049252350040319
2023-01-16,12,122,0.6864409059075566
2023-02-24,16,93,0.1810153085635342
2023-11-11,24,49,0.3288700677197137
2023-03-06,4,6,0.1521693104519295
2023-01-24,15,12,0.036879827248568864
2023-03-31,12,116,0.6201113132601835
2023-01-05,3,174,0.011911856728157755
2023-02-24,20,106,0.10955308200095915
2023-11-03,18,177,0.2575939941848937
2023-06-24,14,185,0.7441077394334047
2023-07-16,8,111,0.3345505347828016
2023-04-04,13,52,0.17314635847899762
2023-01-10,25,143,0.2615269373395198
2023-09-16,18,131,0.24941948832885297
2023-07-27,9,156,0.2419583543759415
2023-09-26,4,10,0.9448741741535157
2023-12-22,5,19,0.860139672170923
2023-05-03,12,169,0.14066404543307076
2023-11-17,1,17,0.11556609700942466
2023-06-27,15,128,0.36205917296766077
2023-09-07,20,100,0.9192972281917138
2023-03-09,18,162,0.40631851758202564
2023-07-13,23,90,0.22095675722878017
2023-07-16,24,131,0.8416258509657071
2023-01-10,7,109,0.6752281504426683
2023-07-24,12,160,0.9763186570863
2023-10-15,10,71,0.8125614527634034
2023-03-12,5,83,0.6429448059020666
2023-11-09,25,16,0.581531466651364
2023-03-14,20,61,0.6582850547437932
2023-10-03,19,155,0.005861757347257579
2023-01-01,24,34,0.04587749210256353
2023-02-12,16,175,0.8766703382906833
2023-03-12,14,124,0.05511546296131509
2023-02-27,3,81,0.8080837390574411
2023-03-21,14,129,0.007410436396612097
2023-12-08,9,13,0.3095716170680547
2023-07-29,4,96,0.7528289658927284
2023-10-19,21,76,0.31581073045939034
2023-04-04,3,158,0.8344077701168257
2023-07-01,2,87,0.5842329087087177
2023-10-18,21,16,0.8880763923627494
2023-03-02,19,172,0.9428943358084212
2023-10-17,2,94,0.2036919552200851
2023-06-13,24,139,0.3360085383034913
2023-06-02,2,109,0.5991235176872053
2023-01-24,8,24,0.2543867023056543
2023-04-12,12,73,0.9212046518948506
2023-08-04,16,12,0.493240610279869
2023-11-24,13,112,0.7000693607689205
2023-06-29,5,151,0.1379531416248434
2023-03-04,18,164,0.9069800417379691
2023-02-04,1,47,0.4816635239071583
2023-09-27,25,191,0.4538718189125279
2023-12-07,15,200,0.24707682253207508
2023-02-01,10,32,0.41926246365515196
2023-12-30,3,153,0.3979000851083543
2023-08-06,6,200,0.17245545916930516
2023-08-12,21,5,0.13336486381469692
2023-03-04,11,60,0.2211460052915869
2023-06-14,8,161,0.7494161716283512
2023-01-25,10,29,0.9821551254799669
2023-11-26,9,68,0.8470103726955364
2023-11-01,8,41,0.8028987180428082
2023-08-09,13,90,0.982940842735886
2023-09-30,12,152,0.6011813473994532
2023-04-22,12,156,0.44032964153417753
2023-07-09,25,104,0.6995116092289294
2023-01-24,10,116,0.5611551757056683
2023-04-21,6,164,0.31452386054671644
2023-12-31,1,25,0.8088283053345476
2023-07-09,4,35,0.0928115399030407
2023-05-16,24,200,0.8000629404348196
2023-12-14,6,192,0.7194550172892208
2023-05-29,12,63,0.18314530788738903
2023-12-05,13,161,0.07450880823377071
2023-03-15,4,164,0.7225943110449098
2023-09-18,15,18,0.49528019635062026
2023-10-20,21,41,0.5236536583357289
2023-03-31,12,53,0.6769788282387329
2023-07-29,25,66,0.4105877965554985
2023-10-31,12,157,0.28353646685142897
2023-01-02,18,13,0.02512380453359242
2023-04-28,18,137,0.4763879083089294
2023-03-10,13,14,0.47063769077599726
2023-10-10,18,96,0.1618832495467617
2023-04-01,2,24,0.9632367899272133
2023-07-01,23,176,0.7070189332462721
2023-07-03,14,153,0.4347167591589204
2023-02-19,6,189,0.8513778985229423
2023-11-16,13,28,0.45790845319167117
2023-01-23,6,72,0.14465856348742545
2023-03-20,12,50,0.489838304579606
2023-05-13,11,11,0.8817595994183066
2023-08-05,15,105,0.9986035068427683
2023-12-24,15,188,0.1403794375997347
2023-01-25,12,159,0.5780772883564336
2023-06-26,11,112,0.4548787230192505
2023-09-11,8,87,0.7933914172549544
2023-04-20,16,39,0.7638049562591005
2023-07-09,17,198,0.9448281807254297
2023-12-31,23,98,0.5165907505563285
2023-10-03,1,43,0.03281984098425905
2023-09-06,2,19,0.39246430645781416
2023-05-21,21,139,0.5866250894500449
2023-08-16,24,71,0.33947064362565005
2023-07-17,8,107,0.7168576788269928
2023-08-17,24,95,0.36188012955816984
2023-11-07,3,88,0.8025528145404877
2023-07-19,8,134,0.24162069336030578
2023-06-06,6,34,0.4959256254622899
2023-07-07,19,142,0.07983681875423121
2023-08-01,3,101,0.7527870041309112
2023-11-10,23,194,0.1625728530914713
2023-02-16,11,179,0.11404155132108018
2023-12-11,17,155,0.6895118809809156
2023-09-20,6,22,0.20342840519720706
2023-01-29,13,194,0.4582305154078933
2023-02-03,24,142,0.6615513177852905
2023-11-18,5,186,0.08226452306887655
2023-03-10,10,118,0.5380804074743574
2023-11-11,8,191,0.5790990393629228
2023-01-19,6,140,0.5538925874945311
2023-07-25,6,55,0.4198956253843418
2023-10-01,20,16,0.5522875195717325
2023-09-11,1,185,0.07177773836579515
2023-02-05,5,117,0.38431234504269607
2023-11-12,22,114,0.011864560718120143
2023-01-04,12,130,0.23593866263665741
2023-09-23,14,150,0.08694372483008261
2023-08-20,8,173,0.5116313455382392
2023-12-21,3,60,0.00917776454784458
2023-07-01,18,78,0.6179923099783401
2023-08-25,12,133,0.720959101096798
2023-10-21,8,36,0.06987411758872764
2023-04-24,24,66,0.46142362319132146
2023-02-28,1,27,0.5792634888934446
2023-01-17,21,74,0.9857719017337482
2023-07-07,5,160,0.8918051009892202
2023-02-16,16,192,0.02449823331452894
2023-07-29,1,50,0.2586134985552311
2023-04-10,24,45,0.12588622835154895
2023-11-15,3,10,0.16522242087340666
2023-09-30,20,86,0.41822988815919404
2023-01-31,13,41,0.9470815811335052
2023-06-18,5,177,0.6634151468486403
2023-05-20,17,83,0.9471946164204065
2023-11-16,15,48,0.40856529124080154
2023-03-19,6,104,0.8740409370874489
2023-09-22,17,116,0.09131610505287524
2023-12-14,11,146,0.9899561486213183
2023-09-28,10,99,0.18930401057417712
2023-12-21,6,116,0.8498678623600757
2023-07-05,3,139,0.7281042415199029
2023-11-20,17,115,0.9264216529809027
2023-08-02,7,67,0.02854310273612759
2023-10-24,16,88,0.6066459406752168
2023-03-23,7,85,0.5588361741981162
2023-03-16,13,48,0.25926297908360174
2023-09-16,8,160,0.7974475417853505
2023-12-06,18,87,0.4079356224390692
2023-08-30,14,44,0.7361704924472475
2023-03-26,24,104,0.6772052774767306
2023-01-01,3,28,0.8068640490998967
2023-06-18,13,105,0.4823390015572845
2023-09-14,23,143,0.09384197508725156
2023-01-18,11,5,0.7448177345636572
2023-07-06,5,136,0.127849728787231
2023-11-13,14,170,0.946388430513136
2023-03-18,1,98,0.6847325305304571
2023-08-07,9,67,0.886460238450879
2023-11-22,21,69,0.36752465166100967
2023-10-07,22,156,0.17297948386293815
2023-09-21,8,142,0.8542139979185075
2023-07-14,11,135,0.09475907158449703
2023-01-18,15,34,0.9034387110618708
2023-06-05,7,4,0.11432943113832084
2023-09-21,24,104,0.05643132779745663
2023-01-01,19,58,0.8843440303906589
2023-06-28,4,17,0.4665703650607611
2023-04-18,24,14,0.46099228860100006
2023-01-31,4,49,0.4609740810216638
2023-12-06,22,191,0.572286200343555
2023-02-02,8,71,0.4296675547586315
2023-01-15,4,190,0.11265511401584405
2023-08-13,3,173,0.7661748679551088
2023-06-09,4,69,0.9640618176389926
2023-03-18,19,157,0.5331897293298236
2023-05-24,1,180,0.7944972945976639
2023-01-01,9,54,0.7009924531902311
2023-02-03,13,27,0.3244768016123506
2023-10-26,17,94,0.899369590909826
2023-11-17,9,111,0.6159495274422946
2023-01-02,3,117,0.6822147957736339
2023-11-04,8,53,0.559689351196371
2023-02-23,15,4,0.5692502214162587
2023-05-02,11,27,0.21001214786062028
2023-11-26,7,176,0.5633774129214211
2023-08-27,22,175,0.4305024135128448
2023-12-03,2,55,0.6065735227137977
2023-12-11,16,88,0.5273463819151124
2023-09-04,21,95,0.08251811849764523
2023-12-14,4,102,0.1780792677303249
2023-10-17,5,36,0.4224689417312093
2023-07-29,24,166,0.28840465609780297
2023-05-24,4,173,0.375153678167758
2023-06-10,13,36,0.8593459289685009
2023-06-14,25,128,0.9324946497911493
2023-06-29,22,191,0.5449375515953275
2023-05-20,18,170,0.20673228578207226
2023-05-14,19,58,0.9950085594175055
2023-06-21,16,34,0.9756087868049576
2023-06-30,15,196,0.8269041741668968
2023-03-19,5,108,0.8907673891856301
2023-11-03,19,25,0.26658856681503684
2023-04-11,1,41,0.754514959738517
2023-07-26,4,29,0.12783794890931743
2023-02-18,6,200,0.8966815012443695
2023-07-22,20,173,0.564411383174886
2023-03-03,13,130,0.4574213749695163
2023-05-14,13,75,0.9362235748051115
2023-02-24,11,125,0.5738540224834117
2023-06-18,1,134,0.3226464749293455
2023-07-31,2,130,0.0648903597606707
2023-08-05,1,127,0.6084120004550234
2023-01-06,19,103,0.059909668783769465
2023-04-18,13,126,0.5775068430026667
2023-04-17,21,69,0.08753524702458049
2023-06-30,7,200,0.41879237460368646
2023-02-18,19,43,0.9522331418387073
2023-11-16,11,188,0.6610465583699243
2023-07-28,5,190,0.41454876334501845
2023-12-28,17,34,0.8416281645420614
2023-08-21,25,164,0.45043702780992767
2023-12-26,21,53,0.11037018745327098
2023-04-25,8,137,0.018517960367532615
2023-03-30,2,90,0.3192088814348899
2023-04-11,15,200,0.019920683471858713
2023-02-05,18,127,0.8834512734723994
2023-06-10,11,159,0.9863045741625419
2023-09-01,2,196,0.5920449793706061
2023-07-03,25,30,0.28100775402609246
2023-01-15,23,100,0.38093459795165185
2023-03-15,13,187,0.39132638361193606
2023-06-28,10,26,0.6123797975599952
2023-02-12,14,16,0.1299615528912167
2023-10-08,13,168,0.8560033651947815
2023-10-18,2,186,0.21912389622917938
2023-04-26,4,197,0.2999596726452354
2023-06-15,11,111,0.587338106090601
2023-02-02,14,10,0.2402183745944505
2023-12-05,5,175,0.38389842883189906
2023-05-16,9,13,0.9139378935216463
2023-04-11,8,14,0.42836310212513107
2023-05-03,8,37,0.6665783928116538
2023-08-17,12,85,0.3817300851272516
2023-03-07,22,31,0.5095482044393029
2023-11-08,14,11,0.6565222590580934
2023-04-30,9,157,0.2750796141491154
2023-05-19,23,103,0.48625709863069067
2023-03-11,10,47,0.7861551908875514
2023-05-28,24,88,0.15776350837954545
2023-05-11,1,81,0.20802692190075822
2023-10-28,4,65,0.042961904951601904
2023-08-07,22,103,0.18121265638644746
2023-11-05,23,15,0.2648363170882859
2023-12-15,15,181,0.08583141548927375
2023-12-06,12,98,0.5254814050637052
2023-12-18,16,45,0.7608471500231707
2023-08-03,19,83,0.24887323434112096
2023-12-28,8,122,0.06875709397597751
2023-05-08,25,176,0.8028693367908435
2023-09-19,22,140,0.7849150802597913
2023-12-21,22,100,0.4953106686614077
2023-11-28,2,191,0.5489866142326366
2023-09-01,18,127,0.3576221777634554
2023-12-19,7,138,0.14273957955316352
2023-05-31,23,34,0.4574849125620052
2023-07-09,9,146,0.44518593453640676
2023-01-10,23,23,0.7790376599277049
2023-02-26,9,107,0.7311338640958422
2023-11-23,9,94,0.61211228202507
2023-07-28,21,1,0.35485270291189785
2023-08-22,1,66,0.5070969290334034
2023-04-01,20,87,0.014890594744733088
2023-10-06,25,37,0.6490643513249857
2023-10-19,11,146,0.5340623938612189
2023-04-10,13,135,0.5343378655702047
2023-10-06,7,76,0.7391425629987736
2023-04-06,18,194,0.4324293992114526
2023-07-09,4,93,0.4936451694636558
2023-02-28,12,14,0.3735006305110473
2023-05-29,16,111,0.2121818340908399
2023-12-07,17,53,0.6315371943941157
2023-02-07,4,86,0.28698570217370944
2023-12-29,1,28,0.1812330750527802
2023-02-19,25,120,0.45021996179902013
2023-07-10,13,100,0.486919339148989
2023-08-20,10,39,0.9016087078806098
2023-09-25,23,135,0.9691049407066945
2023-12-18,13,13,0.904600460107698
2023-05-17,1,127,0.14071343580738638
2023-12-18,6,173,0.4323918689065288
2023-06-29,8,66,0.7352948189866119
2023-10-16,10,164,0.7102955388089972
2023-07-23,18,159,0.5593091543960695
2023-11-22,20,79,0.8004720272410252
2023-03-18,20,78,0.6149993223051327
2023-03-03,11,117,0.9009505715846765
2023-03-10,20,82,0.2966984262214659
2023-11-21,11,162,0.2796493426160074
2023-02-26,5,141,0.7351221844568354
2023-03-02,10,39,0.47762225358482024
2023-07-01,14,97,0.6693071152964436
2023-01-22,25,110,0.25285555836712637
2023-05-05,7,167,0.3752272628233755
2023-10-10,5,108,0.030440276195599525
2023-05-03,16,83,0.3804945859798329
2023-06-11,18,168,0.15129528897714428
2023-07-03,24,66,0.16804870148574058
2023-07-17,13,27,0.44413861064853233
2023-07-21,4,1,0.23368021943760497
2023-07-02,21,114,0.2190681548008998
2023-12-09,6,132,0.006151139717762821
2023-11-14,10,1,0.7943080756773585
2023-02-16,24,32,0.9263255678628795
2023-06-25,23,147,0.9129683028844362
2023-09-29,14,189,0.15963662306498683
2023-01-14,4,17,0.9418152303052774
2023-09-09,24,181,0.8646448824224738
2023-01-06,24,107,0.01894984520371701
2023-12-24,22,165,0.7458842592742231
2023-05-14,12,184,0.11979107249148524
2023-01-31,7,23,0.28124301825376175
2023-12-28,5,29,0.5490171472683756
2023-05-17,21,160,0.8057900219686647
2023-07-02,11,11,0.19891090991025695
2023-06-11,23,53,0.27537996238292095
2023-04-13,23,76,0.6909826803575854
2023-04-05,6,149,0.9149323064985069
2023-11-21,23,110,0.16267847305687355
2023-06-21,22,140,0.47326110354614426
2023-06-19,13,197,0.10248913583186059
2023-11-10,23,112,0.2602106468035963
2023-02-16,6,28,0.3616821363519309
2023-06-09,11,200,0.511826977541243
2023-12-21,1,33,0.5965883296958299
2023-07-05,24,57,0.5384500224891151
2023-12-31,7,98,0.8040689095132835
2023-03-04,10,178,0.43244906824984186
2023-03-15,25,97,0.18353398080698446
2023-07-05,12,47,0.9384100804607964
2023-09-08,17,5,0.9423138017034024
2023-10-04,25,191,0.4001532214352945
2023-04-03,14,195,0.9597068554821223
2023-08-06,9,59,0.5968248809420645
2023-08-08,12,119,0.30601344742897785
2023-04-05,5,107,0.6623884421478016
2023-10-01,22,82,0.29948612659159546
2023-11-04,14,98,0.9239190969719738
2023-02-19,6,84,0.8901707409949411
2023-06-23,4,81,0.2077548615879723
2023-08-29,10,170,0.846045160665208
2023-04-23,19,173,0.2700584644077081
2023-12-21,11,111,0.01055149987501569
2023-02-27,7,82,0.14975977411072672
2023-05-12,10,175,0.9845791823142501
2023-08-17,14,158,0.7432929444656007
2023-10-07,3,190,0.9911586296347268
2023-05-18,5,55,0.7862165265924752
2023-11-29,16,30,0.7710149025383961
2023-02-28,21,156,0.7392053952193045
2023-02-07,19,150,0.4524223922166054
2023-04-27,10,125,0.8537726275137386
2023-08-26,1,27,0.6932304829702753
2023-03-04,24,33,0.14047103178752907
2023-09-28,14,105,0.33435863802337296
2023-06-27,11,168,0.43336700445309284
2023-04-28,21,76,0.7157361195492531
2023-06-22,19,1,0.7126248662906558
2023-07-04,17,112,0.026271434735169574
2023-07-24,19,177,0.8909098326731211
2023-03-30,3,195,0.955840354113687
2023-05-06,19,160,0.5513928051404952
2023-01-31,11,125,0.004607851246629657
2023-02-23,11,54,0.6984062080470189
2023-10-27,8,76,0.04718841716888067
2023-04-26,24,136,0.3641914684751979
2023-06-05,21,184,0.852553705338781
2023-05-30,6,21,0.8236646839758175
2023-07-30,20,63,0.514409344977579
2023-03-11,11,7,0.962757221310843
2023-10-28,8,195,0.15039199145791005
2023-04-09,8,130,0.20264657367953587
2023-03-07,16,113,0.7146366415207437
2023-01-22,12,36,0.3985500318170425
2023-01-01,11,62,0.6664182675950345
2023-08-07,22,55,0.5140081271362829
2023-12-29,24,39,0.15366326908024674
2023-09-09,20,40,0.5123888351118693
2023-08-29,2,49,0.21287519523289722
2023-03-15,8,100,0.14786775471270341
2023-06-01,13,144,0.6429809983634994
2023-04-25,22,177,0.07299046520328067
2023-02-25,15,97,0.5426226565533091
2023-12-06,5,149,0.35763629310109457
2023-10-25,19,29,0.27234757801836174
2023-10-11,17,196,0.22955588733657328
2023-05-02,5,137,0.07615325841740506
2023-05-13,17,107,0.2389077277621282
2023-07-18,2,145,0.36363634972417913
2023-03-17,19,59,0.9207340094545641
2023-08-02,15,51,0.7336766694913264
2023-09-03,3,183,0.4651358583761054
2023-05-17,17,32,0.2395951499653235
2023-05-14,11,74,0.01716627852849051
2023-02-10,8,196,0.037998890468527335
2023-08-10,25,56,0.8916189819721533
2023-12-30,20,8,0.17746058799489173
2023-02-11,13,108,0.37398966693519253
2023-09-25,18,62,0.11347820989925295
2023-09-05,19,14,0.6118124783046099
2023-10-24,1,15,0.9199258911219667
2023-12-07,12,53,0.26583444047396
2023-07-31,25,119,0.5712717805159105
2023-12-07,24,160,0.32841701245349475
2023-03-25,24,175,0.14828989602448928
2023-11-22,16,36,0.020260177002177637
2023-12-17,4,101,0.7764015744577644
2023-04-21,5,7,0.8757298965685837
2023-01-24,16,161,0.21728758246271573
2023-08-05,6,15,0.223185638396191
2023-04-27,6,200,0.3191418914139009
2023-11-29,22,151,0.3081767496717984
2023-05-18,10,76,0.5297055571857195
2023-02-02,11,181,0.1593402277962137
2023-10-24,18,6,0.7231183620599384
2023-06-04,21,167,0.6293020897733649
2023-08-28,21,140,0.983176214626349
2023-12-03,7,5,0.7536208305154295
2023-06-18,17,75,0.6061320813413358
2023-02-18,17,37,0.999440684190677
2023-07-15,20,70,0.0234634516022576
2023-08-30,3,96,0.4593241013965549
2023-03-12,10,200,0.9398566906670673
2023-10-13,5,34,0.5070842076416477
2023-03-30,7,200,0.9884499914996475
2023-12-22,5,38,0.9663743891986111
2023-09-20,9,31,0.9960562583903553
2023-09-05,19,26,0.15475236959061334
2023-10-23,1,191,0.4799595372694656
2023-08-11,13,153,0.08644284827401727
2023-09-10,23,177,0.5574654915819958
2023-07-30,14,162,0.24423513002480746
2023-08-03,14,135,0.9484174769752789
2023-08-24,23,178,0.580590097105345
2023-11-21,16,127,0.33542084426478813
2023-11-11,21,165,0.0005644956815299418
2023-11-29,2,12,0.2959243693374224
2023-03-24,23,147,0.23669930793544824
2023-08-03,13,158,0.8282792068156873
2023-12-01,6,157,0.4307144811053698
2023-02-14,13,14,0.04023293105502823
2023-12-08,22,38,0.28282159974790955
2023-05-11,10,15,0.621644086051207
2023-12-06,3,55,0.9687861799856993
2023-10-03,24,97,0.15792705723957667
2023-01-21,10,46,0.7199614888906606
2023-12-28,12,96,0.1366128877363847
2023-07-22,11,77,0.32229951551083513
2023-10-03,14,83,0.6831650505204694
2023-06-23,5,92,0.8322947419910626
2023-04-15,22,167,0.028713629269283003
2023-10-17,3,191,0.7440970574425281
2023-05-12,11,48,0.7113436268670504
2023-05-23,3,71,0.7297485814051949
2023-02-28,21,60,0.24451007380810508
2023-03-01,13,164,0.8950963205952366
2023-10-15,21,57,0.6142083465605517
2023-06-18,17,107,0.3511173879422482
2023-12-25,5,82,0.19464357789613485
2023-12-25,18,72,0.4094096134529055
2023-07-07,15,104,0.7870888978355979
2023-10-13,10,116,0.49564138235637867
2023-07-12,6,149,0.8496348856012426
2023-08-20,5,49,0.4207926388743648
2023-08-22,7,166,0.21383911611750028
2023-11-27,25,133,0.06329572402400696
2023-10-05,11,105,0.44026439808209217
2023-01-10,13,164,0.6935584032153658
2023-09-11,11,177,0.5668015277495554
2023-06-06,4,24,0.5338782325104989
2023-01-18,18,6,0.5708491081873854
2023-11-13,10,73,0.6250888657038464
2023-07-17,1,58,0.592850972296097
2023-09-05,2,9,0.205107319823416
2023-11-25,13,162,0.29109954220997103
2023-08-19,10,15,0.7467558520395807
2023-12-22,3,43,0.6805655286359936
2023-05-28,23,109,0.7328733171492886
2023-12-05,5,9,0.7633705478541563
2023-08-15,3,137,0.8784292425927079
2023-07-16,23,94,0.5939553892702715
2023-12-11,19,123,0.4703409376456408
2023-11-29,21,23,0.04052489037167861
2023-07-21,24,111,0.7747363518489898
2023-07-29,2,160,0.38841623718337537
2023-07-08,20,110,0.5348906320969309
2023-01-29,20,176,0.2801500200396959
2023-11-27,14,38,0.8765771094699405
2023-06-23,21,72,0.5913151505688531
2023-08-10,15,121,0.39343850242309775
2023-09-24,13,95,0.14310832657238903
2023-09-15,9,175,0.3808701952317366
2023-11-22,12,29,0.17033104209548933
2023-12-15,10,173,0.3777622382867375
2023-12-22,21,163,0.7130617617506679
2023-01-23,18,181,0.7722160287950517
2023-10-09,6,44,0.4736127867589941
2023-01-24,19,189,0.4844626079961474
2023-01-10,24,164,0.6268684829699778
2023-08-25,9,75,0.48675607870310944
2023-05-05,25,127,0.4877190693079929
2023-11-29,5,9,0.8278330711660961
2023-06-08,13,178,0.939860056928392
2023-08-31,16,81,0.9266619927489634
2023-02-22,10,186,0.12432359547506155
2023-06-04,21,46,0.8340074246610621
2023-09-04,9,67,0.4951580321682677
2023-12-04,19,31,0.285215344379398
2023-10-17,1,148,0.7344656804994156
2023-12-17,25,124,0.8601224674511952
2023-08-08,18,62,0.8913601301329946
2023-12-25,23,50,0.46735547140962597
2023-03-25,8,57,0.5578769284510664
2023-07-04,9,123,0.47796015210164444
2023-05-09,3,197,0.49965572767639466
2023-11-21,11,135,0.6390094764834626
2023-07-01,18,200,0.8700782581178755
2023-04-22,6,112,0.8591725430376769
2023-01-20,23,62,0.0354101631118896
2023-02-04,23,148,0.9603985668407404
2023-11-14,3,17,0.006698899544520409
2023-02-09,7,63,0.07671794173794289
2023-05-07,8,81,0.67761587761388
2023-01-05,19,193,0.2989921297224213
2023-03-19,3,148,0.5919833150981385
2023-09-10,24,193,0.7933057796456049
2023-02-11,7,90,0.12153099824482427
2023-05-12,3,78,0.19470879151715947
2023-03-07,25,200,0.488363205284189
2023-01-19,3,106,0.9895654469414646
2023-12-27,19,25,0.8117314897495577
2023-12-28,8,166,0.4151855299163487
2023-06-23,3,109,0.9809392046499525
2023-12-15,16,91,0.4456039952586167
2023-05-13,20,196,0.9183872702826142
2023-05-21,8,23,0.8665563324754818
2023-04-13,1,15,0.07079652329585207
2023-03-07,9,195,0.05695324503681076
2023-02-02,5,103,0.3846790452400024
2023-08-10,14,72,0.39388790131827367
2023-12-19,14,185,0.1734667886969905
2023-06-29,3,171,0.12352608629204609
2023-08-09,9,142,0.06437687059712349
2023-07-11,11,4,0.16526133885897887
2023-04-14,6,141,0.19606608523581892
2023-02-22,7,182,0.4037646568316091
2023-04-18,8,19,0.13510170999153592
2023-06-15,13,49,0.5908725453306907
2023-04-27,3,80,0.09270162931683723
2023-08-26,14,182,0.49680914960987266
2023-09-20,24,61,0.004917429590798661
2023-05-16,15,89,0.26245878225936026
2023-12-12,3,189,0.6699615824096824
2023-07-13,11,127,0.8794668307542233
2023-12-12,12,153,0.41852577069710484
2023-05-05,7,49,0.1799565597703141
2023-02-18,21,104,0.5394423770295087
2023-05-03,17,45,0.3462073934405846
2023-02-26,9,49,0.5626671868006877
2023-07-25,15,25,0.008089388171238276
2023-10-23,6,22,0.19580074807584824
2023-03-18,5,1,0.933218835776807
2023-08-09,22,44,0.7814605439389881
2023-12-14,5,46,0.27047076878829224
2023-07-12,16,60,0.016637590480020115
2023-12-17,17,164,0.521463728686207
2023-10-10,12,15,0.052666004819349466
2023-05-25,4,101,0.9034217165428847
2023-04-09,25,166,0.5682339148024326
2023-02-02,25,36,0.7092025238922517
2023-11-12,17,169,0.24360521412147618
2023-02-21,15,162,0.1387250564486081
2023-05-29,9,54,0.9086876833102222
2023-12-27,12,66,0.8985533937130491
2023-02-07,9,107,0.7130650899458402
2023-09-13,7,99,0.9209996161597946
2023-06-22,22,11,0.41168482522035044
2023-07-06,3,127,0.9955137606861629
2023-02-21,12,167,0.203396456766898
2023-11-12,1,158,0.6543201255762123
2023-10-19,10,168,0.810224155225056
2023-02-01,17,84,0.2717979241759533
2023-04-14,17,136,0.47254969159419913
2023-04-21,20,124,0.02449062886360376
2023-05-15,8,34,0.571078143710671
2023-05-21,25,172,0.47672012311803513
2023-01-29,6,7,0.6801677701764823
2023-05-20,19,13,0.9853451905797669
2023-12-19,12,9,0.2748475259587774
2023-12-12,8,154,0.636603672827649
2023-09-12,2,116,0.48065299043818166
2023-01-16,2,30,0.502721729193366
2023-12-20,12,121,0.9021549782301134
2023-08-08,23,86,0.802399172379829
2023-10-18,11,67,0.12124759069155655
2023-09-05,8,172,0.4689799090194158
2023-12-19,3,109,0.862579593195186
2023-12-25,1,79,0.224180631853519
2023-01-25,5,2,0.014621239447814682
2023-04-06,4,160,0.5254363234282148
2023-05-03,19,126,0.02704615324002768
2023-12-18,25,103,0.21086111863697232
2023-02-27,25,68,0.8380336090514904
2023-04-21,2,71,0.5611794571724351
2023-11-23,23,66,0.037230287955733465
2023-08-21,15,187,0.4868664407530777
2023-06-01,23,100,0.2863291953290934
2023-06-24,13,60,0.12323657010161404
2023-07-11,25,172,0.3361118801405104
2023-03-04,4,182,0.1695137760903478
2023-12-17,24,46,0.535038528788061
2023-10-12,17,136,0.7655372513806072
2023-12-06,2,100,0.30010844720237684
2023-08-18,6,112,0.8235053322416844
2023-02-01,23,68,0.5893950012718605
2023-03-20,12,74,0.046611449568285446
2023-02-24,5,94,0.19218851109764978
2023-06-24,3,76,0.05748783418828407
2023-08-25,19,118,0.6689058254521585
2023-05-28,16,194,0.01272851154935184
2023-05-04,3,98,0.8195589501199388
2023-10-31,8,133,0.5411562053616475
2023-12-12,20,110,0.14984254687109522
2023-03-13,11,133,0.8100375981787062
2023-09-01,23,182,0.4812917713617917
2023-08-24,7,72,0.8572038107149258
2023-09-10,2,12,0.9155764837366597
2023-07-20,23,113,0.07847206464589229
2023-08-06,16,182,0.534234034526062
2023-11-17,19,43,0.5381626307095576
2023-08-02,1,82,0.13967328035347926
2023-01-13,21,128,0.7127557980804794
2023-10-30,2,54,0.14082566244573658
2023-08-26,6,174,0.8133713012137466
2023-05-24,18,56,0.36266299724715945
2023-04-27,18,4,0.8990963210943288
2023-11-30,5,57,0.33099749291724356
2023-01-03,24,118,0.45396548057789465
2023-11-15,11,90,0.9462206436180033
2023-07-17,25,134,0.040752868859985525
2023-08-11,15,191,0.49528791672779127
2023-08-31,13,22,0.5297946623035389
2023-11-16,1,164,0.242469577587494
2023-06-01,3,166,0.5141071221385187
2023-05-21,7,47,0.39346236189751305
2023-01-13,2,178,0.39347839229100734
2023-12-14,11,35,0.029341810932412726
2023-09-07,1,20,0.5274319405250764
2023-03-11,11,130,0.53150869034917
2023-08-28,19,73,0.7288116183177952
2023-12-23,6,183,0.12660407946073804
2023-06-13,3,107,0.2677663410791645
2023-12-24,4,158,0.5939625834057924
2023-01-13,13,8,0.09276504921917417
2023-10-20,10,183,0.23178021318511965
2023-02-19,8,165,0.6709571710617277
2023-11-07,23,89,0.9525456629011408
2023-09-25,15,150,0.2048500225382166
2023-10-20,3,28,0.9794553873036433
2023-05-25,25,182,0.23500191375380108
2023-06-17,6,129,0.21472093645700496
2023-06-09,7,23,0.5200224613225037
2023-01-01,8,14,0.9041430328319361
2023-08-15,2,111,0.6931800620479951
2023-05-07,3,112,0.31651646529400135
2023-02-27,5,142,0.8537568135983338
2023-01-12,8,159,0.984088370637217
2023-07-11,13,2,0.597424167681837
2023-11-11,17,76,0.8549388067013892
2023-09-05,1,18,0.7806543726894865
2023-11-05,19,20,0.6410749990141267
2023-01-10,4,13,0.7858624283028942
2023-07-11,14,130,0.07691224401813712
2023-08-30,12,14,0.22423813314581909
2023-04-07,13,111,0.7592629992564917
2023-05-24,5,127,0.16694570799085118
2023-02-20,24,128,0.9839028486656918
2023-12-11,24,6,0.33159131589620083
2023-07-21,15,45,0.008765288679963068
2023-09-29,6,183,0.8874747187129818
2023-11-20,9,4,0.9676379852004375
2023-04-25,9,95,0.8633163826721698
2023-04-21,22,120,0.7361745088055281
2023-09-26,4,198,0.4235858900363203
2023-01-24,18,29,0.753498909604113
2023-03-03,4,80,0.7071034154203574
2023-05-24,4,85,0.4081512436517867
2023-04-26,1,103,0.7978873824736704
2023-11-01,12,64,0.30111370306516505
2023-04-30,23,4,0.2942455808840264
2023-10-10,14,164,0.015845399708201313
2023-01-18,9,58,0.4669564418618274
2023-08-31,2,45,0.6717611579645577
2023-08-14,13,149,0.6154800066316035
2023-07-16,17,198,0.7481990744314305
2023-11-15,1,61,0.8302452438442657
2023-07-09,11,98,0.3591750731709614
2023-03-17,16,74,0.3025875589848077
2023-04-12,12,173,0.6057086652573778
2023-11-13,19,35,0.1904913257143488
2023-05-02,20,25,0.48369352134767374
2023-12-23,6,187,0.19200383264707332
2023-06-14,24,113,0.23061468115855188
2023-09-09,11,59,0.675193050180863
2023-03-21,15,61,0.8280638047538524
2023-01-26,18,38,0.3471179329440972
2023-07-16,9,71,0.38088191880681466
2023-04-16,15,33,0.40996549572463314
2023-09-20,2,141,0.9795407360538508
2023-06-29,19,168,0.6068339410401117
2023-10-01,3,199,0.1285723062999835
2023-04-30,5,191,0.7491790698277649
2023-09-11,2,181,0.046508665854975706
2023-09-09,13,184,0.8051967621487551
2023-10-18,14,16,0.37728060341641545
2023-03-14,11,168,0.20813213558088683
2023-05-18,19,166,0.9159422435046153
2023-04-21,11,148,0.31326382193632185
2023-04-06,18,53,0.05881511315067456
2023-02-26,19,36,0.6434467495227293
2023-11-05,6,71,0.6573813355136799
2023-11-17,5,120,0.1538572318056629
2023-06-30,25,117,0.3553534195663294
2023-06-07,20,171,0.8718325292671265
2023-09-12,12,155,0.7263771251659835
2023-01-21,17,19,0.12029479366708895
2023-07-20,24,33,0.07873586376714747
2023-08-31,25,121,0.7910822542452799
2023-11-04,17,176,0.5807248872590207
2023-04-24,15,117,0.49359644522040347
2023-02-18,13,165,0.2929630966534369
2023-04-02,24,14,0.5428214931073787
2023-05-13,14,96,0.38488687239952213
2023-10-11,9,17,0.8028857365757964
2023-10-24,25,24,0.28399504442136314
2023-04-30,12,47,0.9583688218360357
2023-06-09,7,27,0.28386159449091
2023-02-06,4,120,0.3928279917664199
2023-04-05,18,26,0.1372027815312209
2023-12-13,7,26,0.8477801551019092
2023-05-14,20,53,0.270198498888525
2023-01-17,3,65,0.21412225864380996
2023-12-26,8,177,0.946295027666998
2023-04-14,23,28,0.6941858300388027
2023-05-31,1,2,0.10312324757545133
2023-07-20,21,170,0.5134956484287163
2023-10-23,14,86,0.8980410388215532
2023-01-25,21,70,0.03203679160380524
2023-04-12,16,103,0.06771736319571497
2023-11-24,12,142,0.597926901221329
2023-05-12,12,116,0.4037994242571057
2023-08-22,19,130,0.8948034378523573
2023-05-28,24,136,0.09269145125793332
2023-06-16,21,30,0.5974293322063828
2023-09-18,6,58,0.7337396180102512
2023-01-04,2,31,0.7201468471918815
2023-08-21,9,19,0.004564936837741396
2023-06-22,8,53,0.7949746961999414
2023-03-29,12,173,0.9379246850477089
2023-09-17,9,47,0.7206588511407689
2023-05-30,19,160,0.3881300796409637
2023-07-30,17,116,0.4907384110954923
2023-10-27,10,138,0.17676765395423755
2023-01-18,5,108,0.8015711962447655
2023-02-01,2,64,0.3518921344674052
2023-01-01,14,11,0.6585630349206087
2023-01-21,14,174,0.9238735266747496
2023-01-28,23,7,0.8336168041696729
2023-03-13,24,43,0.5988147297129698
2023-11-09,6,54,0.7115828085058515
2023-09-10,24,117,0.24196145234484845
2023-04-05,17,112,0.2003128656187081
2023-01-20,6,185,0.056244282848476046
2023-09-21,22,95,0.31042593410933306
2023-04-29,15,34,0.604432835823847
2023-05-30,19,59,0.21168162184860462
2023-03-03,9,181,0.3514139239104134
2023-02-19,12,51,0.5708210765803413
2023-05-13,11,62,0.9996314952013314
2023-01-10,12,174,0.7489413183568878
2023-10-06,16,14,0.967063294206375
2023-08-29,24,129,0.1939617909257585
2023-09-25,19,141,0.7171150600139539
2023-02-08,15,141,0.6369158427314338
2023-03-14,25,151,0.6613786096411947
2023-12-13,7,159,0.6131330096015289
2023-10-30,7,166,0.966260318123358
2023-08-31,16,120,0.18482016986323901
2023-07-24,9,135,0.9077867444508811
2023-08-01,5,117,0.9263427287403165
2023-09-02,19,125,0.7870059901663174
2023-08-08,6,68,0.8684509591484305
2023-12-09,18,144,0.6048417849087673
2023-09-03,20,118,0.6299074943078519
2023-05-16,18,90,0.1526485211305466
2023-03-05,22,53,0.7237035029455814
2023-02-22,13,175,0.4955774806178209
2023-02-09,8,136,0.8110938227968424
2023-11-25,5,158,0.26321556401199764
2023-01-12,19,67,0.9194570788154073
2023-07-15,12,42,0.7082332508061909
2023-09-11,4,149,0.17025494482769876
2023-08-19,3,169,0.17402147089324793
2023-07-04,14,191,0.05547361865105427
2023-08-26,11,159,0.07513323862473109
2023-05-31,18,117,0.47321312035021557
2023-12-14,23,193,0.6071025888295264
2023-12-16,15,2,0.06473086024680919
2023-03-12,24,115,0.979959484066182
2023-03-14,18,65,0.7125839624928407
2023-01-20,16,73,0.23742318462126288
2023-02-04,10,183,0.6672910906476531
2023-09-28,19,104,0.3006749566452829
2023-06-22,8,109,0.5462508994518697
2023-04-22,11,194,0.23487832473817338
2023-05-08,14,186,0.849231869528206
2023-11-27,22,195,0.09981875463038337
2023-07-10,22,33,0.2775071418656534
2023-12-25,7,181,0.2749417241427652
2023-07-30,24,151,0.3354004667543713
2023-04-23,11,92,0.5974761807604704
2023-06-21,15,91,0.7406615577153743
2023-01-20,25,24,0.8753567276473894
2023-07-17,7,79,0.13189437984278773
2023-12-30,12,64,0.8603854724528791
2023-03-05,2,136,0.5286051297189477
2023-02-27,9,171,0.7578755672619429
2023-12-28,20,178,0.6256728828043744
2023-07-11,10,62,0.5893472990494758
2023-03-21,15,1,0.672923443329387
2023-06-01,2,82,0.26319041535691823
2023-01-25,20,32,0.8273784414118555
2023-03-26,3,121,0.887791142236353
2023-05-05,21,41,0.5285968443357878
2023-03-05,1,184,0.22049868966709363
2023-04-09,23,169,0.21834127285482108
2023-10-29,9,48,0.3982765703512263
2023-04-25,10,168,0.24549594688479182
2023-03-11,17,114,0.36431470461443427
2023-05-22,3,17,0.24582439138918755
2023-12-19,2,36,0.005044244862422276
2023-09-03,24,107,0.20901101422965684
2023-02-13,17,191,0.5194131629951713
2023-09-29,11,137,0.5747125582439788
2023-03-09,25,66,0.8654078792188791
2023-12-09,15,54,0.6654562100103211
2023-03-19,24,66,0.19867968554810977
2023-10-24,13,29,0.8935666312185104
2023-05-14,14,89,0.8936516605708652
2023-07-13,8,179,0.7383726110675032
2023-03-01,15,167,0.0865268035487291
2023-01-08,8,91,0.6561085707249548
2023-10-29,2,33,0.4378626547060416
2023-06-06,16,1,0.30510584296667154
2023-11-28,4,101,0.18244126820998208
2023-01-14,17,155,0.9291107150485731
2023-09-29,10,106,0.4029107071124607
2023-07-31,11,179,0.834596896980027
2023-01-24,22,19,0.40864835129199517
2023-01-31,16,187,0.30807934278910365
2023-04-24,7,110,0.9410782333124615
2023-10-09,1,42,0.9523889905497072
2023-11-24,3,183,0.3811837038962326
2023-01-13,22,117,0.2869885739301975
2023-02-26,13,1,0.8677187673900452
2023-04-02,12,55,0.6296380808844702
2023-06-03,20,158,0.5582189258973972
2023-05-29,12,200,0.5587121800355892
2023-03-02,17,2,0.7038490337976042
2023-09-03,18,50,0.8834265640397564
2023-07-11,2,126,0.5299084317414109
2023-02-17,25,88,0.8697357957143641
2023-06-01,22,163,0.27817230847043983
2023-04-06,19,178,0.17656273634858444
2023-10-27,13,173,0.03876230772405831
2023-06-07,22,49,0.5026465319955348
2023-11-11,7,64,0.10087989090433092
2023-05-16,5,26,0.08238101383039542
2023-06-12,7,121,0.2058328640326723
2023-02-13,11,10,0.5956006719018793
2023-07-12,2,64,0.9056549630721543
2023-04-18,23,153,0.8673312267823503
2023-08-26,25,112,0.9613970546670111
2023-01-25,13,98,0.09619246150357585
2023-07-17,9,67,0.5120309353237636
2023-04-23,15,82,0.7844601341376352
2023-01-24,12,29,0.12941532847948112
2023-11-04,22,12,0.9859629358926034
2023-05-03,1,119,0.7794555756226994
2023-09-02,9,120,0.39425002787187136
2023-10-10,2,169,0.1269822508837527
2023-08-05,25,39,0.6700085484746467
2023-01-03,8,17,0.35468473093393327
2023-04-29,7,54,0.06082372845152073
2023-10-25,17,78,0.4032966030013818
2023-04-20,15,15,0.14947168914609976
2023-03-25,18,85,0.8852674153208824
2023-02-01,17,130,0.44157287611717366
2023-09-10,20,39,0.17115101911243102
2023-03-25,19,73,0.12995368155745035
2023-12-18,22,109,0.8413850496542619
2023-12-13,22,87,0.7893665531686477
2023-05-07,17,113,0.37674859291932694
2023-06-04,3,88,0.46408445385581676
2023-02-07,21,45,0.1577639024590779
2023-03-21,25,171,0.4080368034912051
2023-07-14,14,58,0.1999741698037325
2023-11-18,17,140,0.09579893908479664
2023-09-21,3,12,0.9370570983272004
2023-12-01,18,156,0.36146829748891507
2023-01-01,23,30,0.08263191380794921
2023-10-29,18,59,0.9377105470894993
2023-03-16,20,181,0.6242152116495109
2023-12-30,25,108,0.4322206633887892
2023-09-10,5,87,0.6835700897668007
2023-11-20,17,169,0.9149431386985661
2023-08-22,12,20,0.3120505479217621
2023-03-14,1,9,0.35577496251227303
2023-07-29,7,70,0.6230710185318201
2023-01-25,16,10,0.19121920193429376
2023-08-03,4,89,0.1670566818085225
2023-08-19,2,186,0.23240747607105983
2023-11-29,15,149,0.16760436351879238
2023-06-01,10,196,0.6172849235108868
2023-06-29,9,114,0.574845369191257
2023-12-26,25,36,0.2718046908071752
2023-03-26,19,27,0.9412241133367639
2023-01-22,23,102,0.5358373672552965
2023-10-02,22,4,0.9366787044447795
2023-05-29,14,42,0.16158588950241282
2023-07-23,25,7,0.8651383099910003
2023-11-26,21,3,0.4312514268614579
2023-09-30,21,77,0.4923079100947958
2023-02-17,3,126,0.8007233258716268
2023-10-26,19,191,0.471444362850272
2023-08-21,22,124,0.15627389882289144
2023-10-22,23,100,0.924254975009909
2023-12-11,6,57,0.8449299756470763
2023-02-04,25,119,0.9465443471506831
2023-08-31,1,23,0.34705179099314876
2023-11-29,4,12,0.08792642222320568
2023-07-07,22,102,0.5264324032502296
2023-09-23,5,175,0.2621168636740233
2023-04-12,23,168,0.20168945442440633
2023-10-12,24,92,0.26601469492068874
2023-11-16,2,155,0.5406065158593714
2023-02-27,3,144,0.6798391297906671
2023-05-27,5,177,0.3396281500823496
2023-06-21,14,196,0.4444593578243474
2023-04-27,13,33,0.9793860113193791
2023-06-23,19,47,0.9327029484703689
2023-04-04,24,30,0.37466677639207924
2023-07-28,5,192,0.5274647127629113
2023-04-23,6,182,0.542559057349853
2023-06-22,6,35,0.05599025901086474
2023-07-24,12,41,0.5944020706164842
2023-05-22,14,3,0.2134585518560771
2023-01-04,12,133,0.781001975984298
2023-05-14,4,10,0.580456474676405
2023-10-09,13,190,0.007514002897304417
2023-03-22,18,104,0.347559515351896
2023-12-10,5,157,0.21482023674645778
2023-02-22,4,28,0.288350871660757
2023-03-25,17,182,0.8406501421175518
2023-01-06,15,154,0.8816795153056519
2023-02-03,3,56,0.8547010731935194
2023-05-21,21,74,0.8030698327405582
2023-09-14,15,142,0.34163203565363043
2023-10-28,12,124,0.7149628298864762
2023-08-28,22,170,0.48111277572787614
2023-08-17,13,129,0.9563139142849894
2023-11-17,14,141,0.3201305886272101
2023-06-27,6,2,0.13884304295100858
2023-07-15,11,83,0.25326690894767245
2023-05-07,25,82,0.8423048147598899
2023-03-23,9,15,0.9968971584982658
2023-01-13,24,112,0.6477679938527485
2023-11-14,1,122,0.44230683108548674
2023-06-12,6,195,0.8752074693587987
2023-03-01,20,21,0.6717728161790568
2023-06-02,12,68,0.018412290589991498
2023-01-18,20,103,0.8878470854786178
2023-11-08,3,184,0.2897540003984548
2023-06-21,24,153,0.2040229049453014
2023-09-17,6,122,0.4899609863279617
2023-06-11,23,60,0.4514850302800083
2023-06-04,22,106,0.16213240635754766
2023-01-14,9,134,0.7418477974725644
2023-01-05,10,10,0.8792205977616988
2023-03-01,10,26,0.7176849454913226
2023-05-31,15,127,0.6325366081811756
2023-05-02,13,117,0.336975622348748
2023-06-11,10,73,0.8730590504481432
2023-12-22,19,82,0.5205900766562351
2023-05-09,22,101,0.45261617650415265
2023-08-24,13,178,0.23581087133366274
2023-08-10,15,85,0.3122213092829914
2023-11-02,2,112,0.7738349759737726
2023-02-12,21,113,0.40158065478422245
2023-06-27,20,90,0.7850290478140193
2023-08-09,22,191,0.4634889333652237
2023-10-12,7,103,0.5189970307835043
2023-11-04,6,37,0.19491513721865172
2023-04-08,5,73,0.23536091146289717
2023-03-25,10,123,0.4684838085399575
2023-11-22,6,121,0.05635777489274674
2023-04-04,6,197,0.10524599122534428
2023-10-14,5,196,0.8358959155126143
2023-10-22,20,99,0.5287914143797953
2023-07-28,22,87,0.34440727968288565
2023-12-17,17,100,0.4362158386122832
2023-08-24,18,139,0.6860161061169713
2023-02-08,25,199,0.8207940906649464
2023-03-22,21,131,0.2129612575868286
2023-07-18,23,117,0.10899467053973855
2023-08-27,6,82,0.9802685116980225
2023-01-18,23,60,0.6642961899828399
2023-08-31,2,54,0.007348550774018636
2023-12-09,11,68,0.4786739431263134
2023-11-19,16,188,0.12081333886466206
2023-06-09,14,19,0.023534129864182574
2023-01-27,4,63,0.10158920477336197
2023-05-23,6,35,0.9638291091543849
2023-04-02,16,12,0.17776702719495474
2023-07-04,6,54,0.011066506003316934
2023-12-31,13,131,0.22363241800517653
2023-04-08,25,37,0.22319655304181785
2023-10-25,12,183,0.5406818055791884
2023-01-16,9,132,0.37508753039131615
2023-10-01,18,196,0.31833559426776525
2023-01-27,8,177,0.7306790994983553
2023-05-20,5,133,0.9788706547492056
2023-08-24,20,121,0.0005035752005410066
2023-07-14,19,143,0.5110671874171749
2023-01-11,1,77,0.4403354418807923
2023-12-01,15,105,0.0748492724621429
2023-05-10,17,49,0.8787508287742206
2023-12-27,9,9,0.23522218818135177
2023-09-10,1,24,0.4922638447776062
2023-07-17,12,108,0.5677133505337607
2023-09-14,19,3,0.46697434028364504
2023-04-23,17,151,0.8920636504299974
2023-05-19,23,36,0.24689748252674082
2023-11-13,7,62,0.23353304426501653
2023-05-28,6,1,0.7553534946072649
2023-08-15,20,183,0.4835261851296532
2023-09-18,3,195,0.9991186846904753
2023-04-22,6,108,0.8449283541608258
2023-09-02,15,16,0.5503229412866009
2023-10-23,12,151,0.106773368890144
2023-10-10,1,143,0.0794177861664106
2023-06-26,24,25,0.41113240365975634
2023-01-06,24,2,0.22772996505888132
2023-07-23,17,20,0.02514282815850144
2023-03-24,10,185,0.9946648339316885
2023-11-02,23,40,0.33938682474298654
2023-03-23,25,175,0.5499699638892973
2023-09-18,13,11,0.9993328884340775
2023-02-10,5,199,0.7076449546326352
2023-04-06,13,85,0.5167186633114818
2023-06-20,22,182,0.8582284696866729
2023-11-28,14,1,0.08847888706269391
2023-02-07,23,12,0.14386598832757735
2023-01-11,23,109,0.2329377672903642
2023-06-29,12,115,0.6049507456528241
2023-10-18,18,199,0.7147267314223645
2023-06-03,19,131,0.46153304038253895
2023-02-18,2,20,0.842595603941731
2023-04-06,10,186,0.11430283598998425
2023-10-11,2,7,0.35980804859814086
2023-06-29,17,44,0.30306938207698475
2023-04-11,22,158,0.8803737950174989
2023-02-19,5,45,0.8825455282347339
2023-11-15,6,199,0.6394836222593553
2023-11-15,8,144,0.9638038369623028
2023-03-15,17,101,0.0037461147952954077
2023-06-19,19,51,0.7155157440226008
2023-02-15,23,103,0.7112866931678539
2023-09-18,2,140,0.7081411647306463
2023-04-18,3,9,0.45931081329888845
2023-05-10,20,38,0.4217608074063328
2023-10-08,1,107,0.8012777598285454
2023-05-20,5,74,0.42920718428071203
2023-05-01,11,46,0.5423031325949151
2023-02-26,15,79,0.13998140409483117
2023-11-30,10,16,0.9054595739405337
2023-08-13,6,77,0.11252277202753125
2023-02-17,2,45,0.365794063585527
2023-06-02,18,137,0.3341428492820784
2023-03-10,18,75,0.9729881088942327
2023-11-30,20,145,0.7528746263755263
2023-05-16,20,120,0.1898080479673896
2023-11-14,3,189,0.29771840034222863
2023-04-02,8,77,0.8101257956697842
2023-04-19,8,60,0.4783479576650824
2023-04-23,4,124,0.3879070098408769
2023-04-08,25,142,0.8876079921232866
2023-08-05,11,121,0.7962537460800844
2023-12-12,14,57,0.2164419636741608
2023-07-28,25,41,0.055045016250104384
2023-01-23,22,96,0.16409393012959672
2023-03-24,25,126,0.18577258057965196
2023-10-05,23,58,0.9942590069421986
2023-07-24,8,186,0.27401509070787167
2023-12-07,12,6,0.2702214127586976
2023-02-13,11,147,0.17778433089095225
2023-05-06,10,6,0.43860911387723645
2023-12-09,15,43,0.05702879162789287
2023-08-28,19,94,0.804437162756518
2023-07-30,17,24,0.324104697725789
2023-03-09,14,193,0.20373936902602285
2023-04-26,5,185,0.4677100451983811
2023-10-23,6,152,0.5013882263029674
2023-03-02,22,195,0.32703991828414425
2023-11-20,1,183,0.13780606286086639
2023-09-24,15,190,0.813465333175597
2023-02-21,2,187,0.40215437677847543
2023-05-03,15,143,0.5406004928861029
2023-04-06,24,35,0.14111185447154062
2023-06-26,5,156,0.07770135673301837
2023-01-05,5,55,0.9627709043670072
2023-12-01,13,78,0.2794605213802426
2023-08-14,22,49,0.47134037234832726
2023-05-08,17,135,0.5508328613565305
2023-08-18,17,72,0.480411866623939
2023-05-15,18,156,0.7513972298466383
2023-11-05,21,13,0.5943748786983271
2023-09-05,3,87,2.389617281517431e-05
2023-06-16,10,84,0.2652113211861751
2023-11-22,13,10,0.38057284822623716
2023-06-30,23,12,0.8927180097814099
2023-09-17,8,179,0.7125166041676615
2023-07-21,22,200,0.34849541725904576
2023-04-27,9,120,0.8399840796973796
2023-09-05,17,118,0.2314030121882571
2023-10-20,24,79,0.9244063790891771
2023-11-09,9,185,0.8670452444830615
2023-05-31,8,91,0.45344994933105454
2023-11-20,18,199,0.5141149444730907
2023-04-08,11,156,0.08423878157981735
2023-11-07,1,113,0.08201097947386227
2023-01-10,12,79,0.22541719764157409
2023-08-23,13,55,0.28374063509690606
2023-01-23,16,142,0.9598944773810392
2023-05-10,10,41,0.9735431561739171
2023-06-21,9,125,0.9241577203112293
2023-07-13,13,116,0.9321972510637481
2023-11-26,16,135,0.24278984513059876
2023-10-04,2,177,0.4020777991752712
2023-11-21,2,121,0.9966890771456084
2023-10-24,22,110,0.4886284063833217
2023-12-25,10,195,0.707020300137014
2023-07-02,11,15,0.41789615121765145
2023-01-31,18,13,0.14529113835636775
2023-07-19,3,57,0.6609095891986294
2023-07-30,13,84,0.8660520521695727
2023-04-29,18,87,0.5024350385857024
2023-04-10,24,29,0.0833785136647841
2023-05-26,17,186,0.06782969412692197
2023-03-22,12,32,0.3407911063272553
2023-02-09,14,29,0.5545574734736269
2023-10-09,10,24,0.9289047203072975
2023-11-06,15,67,0.5456625671138229
2023-03-04,13,52,0.11252627001369164
2023-08-16,9,8,0.0720396428651191
2023-04-24,20,198,0.08488852838548677
2023-10-09,17,96,0.3260539131385699
2023-10-28,17,4,0.39257467144866953
2023-01-19,12,188,0.11742733142336204
2023-11-11,12,45,0.2603265436522223
2023-01-09,5,93,0.8879178844263516
2023-11-01,6,47,0.5062713290926062
2023-10-20,6,42,0.863622426458955
2023-11-11,8,80,0.9577927339049621
2023-12-25,5,53,0.061204785270215334
2023-09-11,15,106,0.2142630593548438
2023-07-08,23,49,0.004806643739794336
2023-05-08,4,137,0.1348919681210473
2023-07-08,15,108,0.6295077189724864
2023-04-02,16,131,0.567487100553579
2023-09-16,15,170,0.5313678199030035
2023-12-27,1,143,0.5713379173174311
2023-09-02,7,17,0.8444126983937619
2023-01-17,4,25,0.7054326913941663
2023-11-02,23,140,0.6428439248670963
2023-07-22,6,196,0.17551888969282936
2023-08-27,10,124,0.38003578501909174
2023-08-11,13,141,0.12248580908535578
2023-04-27,14,55,0.8944074043993947
2023-03-16,14,119,0.3208422258088357
2023-08-05,3,32,0.7544506112963021
2023-09-13,16,128,0.921121362716985
2023-10-27,11,162,0.4394843608675998
2023-02-03,22,15,0.4577779981441433
2023-06-11,9,89,0.8630845411777249
2023-08-22,4,104,0.09369433367052715
2023-08-14,10,48,0.5665688947251728
2023-04-04,3,193,0.24789541242927948
2023-10-07,12,157,0.9960609728648033
2023-05-10,3,11,0.979595393082746
2023-11-20,22,175,0.7409905541518662
2023-07-08,23,200,0.723678196214971
2023-10-15,1,20,0.16803711684959155
2023-08-29,11,81,0.6897423911028847
2023-12-11,20,146,0.33869807340907543
2023-04-25,5,114,0.3972762775968077
2023-01-20,19,140,0.9459358840758724
2023-11-28,20,47,0.6240242319706262
2023-12-09,21,191,0.6912031079807293
2023-03-06,15,151,0.7348317637118343
2023-09-19,10,62,0.38478756373547185
2023-11-03,19,133,0.3730584208537344
2023-05-06,20,121,0.8650990114507349
2023-11-12,22,98,0.8108234602079553
2023-10-02,5,9,0.8702831425573541
2023-11-19,8,54,0.4033206054079086
2023-03-07,19,179,0.6401051773393694
2023-10-20,15,138,0.04030399973378396
2023-11-14,15,34,0.49041001975625464
2023-09-14,6,25,0.9717539090039272
2023-02-07,8,40,0.5223013944537149
2023-08-02,23,73,0.2107870492021814
2023-10-28,9,41,0.7159248347101482
2023-09-26,19,69,0.8589265379289575
2023-05-03,18,42,0.5241155561407143
2023-02-19,17,112,0.9664423407843977
2023-04-14,7,27,0.44191168550946736
2023-01-19,4,182,0.5079688970354337
2023-05-12,1,182,0.5575171824776938
2023-07-03,18,129,0.9120009674140357
2023-08-22,16,146,0.3706363343740572
2023-12-16,10,171,0.26028476486124674
2023-08-07,6,76,0.04231506170316024
2023-11-24,20,82,0.6895753718654378
2023-08-21,22,164,0.33441025305191896
2023-03-18,24,37,0.2955675797929581
2023-06-22,8,110,0.8422609504529746
2023-02-24,8,91,0.5853396789394061
2023-09-30,15,20,0.3007138754956803
2023-07-31,24,139,0.22010795681426887
2023-05-06,7,160,0.5861498550519607
2023-05-30,12,145,0.27783327103347033
2023-05-02,7,107,0.34044665013042874
2023-06-22,6,83,0.709876269437184
2023-07-12,22,106,0.038457133736273685
2023-02-22,20,152,0.41061749016637195
2023-09-12,8,154,0.9472206412929274
2023-03-13,14,21,0.25908132386508553
2023-04-04,12,26,0.05631620700732243
2023-04-20,7,60,0.6750806625831052
2023-10-19,4,76,0.8896215368839349
2023-11-27,11,26,0.06734737944822888
2023-04-04,10,121,0.9531677072332106
2023-06-24,1,26,0.9765044988403193
2023-02-15,14,127,0.5520037723070667
2023-02-27,11,83,0.5563928729460759
2023-11-28,2,145,0.7189535329230288
2023-06-26,8,38,0.0727077409324125
2023-04-12,11,133,0.31208307801969204
2023-07-03,14,34,0.6785266334738568
2023-07-19,18,27,0.35879021741798967
2023-08-09,17,11,0.7021951182682896
2023-03-19,25,113,0.3455149542127005
2023-02-26,6,132,0.244063842905466
2023-01-08,9,176,0.954643370408672
2023-10-01,14,191,0.3093272058706372
2023-03-16,4,73,0.6231476359590983
2023-01-25,3,145,0.19674109262362638
2023-09-23,25,81,0.03758280871020592
2023-08-21,14,168,0.25608596383552995
2023-09-09,5,138,0.9372271162402159
2023-07-11,18,58,0.9592495599436003
2023-04-21,7,137,0.9640877416772069
2023-12-07,8,84,0.8646224662855969
2023-08-30,21,21,0.9361753575886854
2023-08-19,12,3,0.8432245347774125
2023-12-24,4,150,0.24410102248171683
2023-12-02,16,173,0.11814984836682252
2023-04-03,6,148,0.0902154059873006
2023-05-31,4,58,0.5619304781730109
2023-08-09,22,114,0.10464971755538355
2023-11-25,12,13,0.007909185035741007
2023-05-26,20,80,0.2900825026744045
2023-06-18,20,114,0.7909069726472989
2023-09-12,11,60,0.6455270220566899
2023-07-03,8,100,0.6164174707885073
2023-06-02,10,48,0.12967058152778776
2023-05-12,4,121,0.12489163985387353
2023-01-03,17,20,0.7007835201400431
2023-09-20,11,39,0.8819481926094493
2023-08-09,23,111,0.7995342253400907
2023-08-14,17,90,0.6698474803744902
2023-04-15,1,93,0.8542128146141424
2023-07-17,11,171,0.08190637247521582
2023-06-12,19,99,0.012458597975866681
2023-12-07,3,200,0.025258010598190883
2023-02-25,22,194,0.20261101733685438
2023-04-27,14,92,0.6658187811231432
2023-12-14,4,87,0.5013319038924348
2023-10-13,11,2,0.4714239749305035
2023-07-06,18,3,0.06670948236522867
2023-11-14,6,167,0.590638314770733
2023-03-31,11,14,0.7002121544433167
2023-03-06,5,164,0.4573197960392327
2023-05-28,20,16,0.7285600100995464
2023-02-13,4,167,0.10954519829580911
2023-05-29,21,23,0.9508978509226339
2023-06-05,3,39,0.0030226695325296093
2023-12-09,18,86,0.7124555437745583
2023-10-12,18,141,0.3144707702635581
2023-10-26,14,121,0.7016811411378215
2023-08-05,19,169,0.6879012938948612
2023-07-07,4,125,0.35446408544140784
2023-02-27,24,16,0.9200324636762893
2023-09-16,25,180,0.2765831763530059
2023-05-13,24,145,0.024762244725400784
2023-03-08,21,49,0.9138788663518673
2023-07-15,12,47,0.11411205543849667
2023-06-27,15,174,0.21134926285641098
2023-12-05,14,94,0.8684206643590966
2023-01-08,2,187,0.2931723921458438
2023-02-17,9,149,0.16871117808174185
2023-09-01,1,130,0.8432605211012021
2023-05-16,22,182,0.1135276598428252
2023-08-23,22,27,0.8721239855460249
2023-11-07,25,95,0.24581669815845086
2023-05-06,16,21,0.8372314092578849
2023-02-03,19,89,0.4245593951637464
2023-03-15,14,73,0.9996693840911185
2023-02-27,8,181,0.33609305086349794
2023-10-27,6,162,0.22822987519254845
2023-01-05,7,94,0.7389958185288489
2023-05-06,11,133,0.07557414066344692
2023-12-02,4,176,0.5795719411599247
2023-07-05,25,152,0.1651412193326639
