date,store_id,product_id,value
2023-04-27,22,96,0.8909553561054961
2023-09-07,9,175,0.13834185577436364
2023-07-27,23,118,0.0806186742643864
2023-11-20,19,183,0.6999984488894264
2023-06-12,19,46,0.5670914895670972
2023-12-24,20,146,0.5846880769574585
2023-02-26,4,190,0.42332885827357425
2023-12-10,3,44,0.9648730259955647
2023-12-27,9,37,0.4611670427467357
2023-01-07,1,49,0.05861100371274097
2023-10-16,17,32,0.6066675996832639
2023-06-12,19,110,0.17691281251497848
2023-05-09,4,184,0.7117054087217711
2023-07-27,5,102,0.15743978156510685
2023-07-21,10,83,0.4343424306129178
2023-09-12,13,30,0.2291839041785323
2023-02-12,3,105,0.15681236065485615
2023-06-07,4,59,0.8228464574379338
2023-02-08,11,199,0.6873040198371331
2023-03-09,22,197,0.6598220046074674
2023-04-19,4,162,0.6823290129659467
2023-09-02,25,163,0.7742720390619465
2023-09-27,1,184,0.3199979163468004
2023-03-08,21,54,0.3114561981873578
2023-12-10,7,32,0.494244584164124
2023-02-16,19,136,0.14339198401263942
2023-02-25,10,162,0.8812625600501616
2023-11-17,20,62,0.2657934375825771
2023-11-27,5,169,0.9393235054991538
2023-10-21,7,80,0.8516085697125251
2023-04-22,21,118,0.6557972955747606
2023-09-26,24,132,0.7531115914600407
2023-03-16,14,150,0.29395309700937056
2023-11-26,15,91,0.08484028971842172
2023-07-06,8,53,0.4171220253518506
2023-02-24,24,40,0.8630618846473875
2023-12-23,25,117,0.30042482300516726
2023-04-29,22,85,0.5958937866799445
2023-07-16,22,157,0.4061103481880961
2023-08-10,4,43,0.0653106740540721
2023-01-25,1,108,0.36372449234173876
2023-08-10,5,12,0.0019245837407034783
2023-06-14,15,99,0.5103325933026579
2023-04-28,24,68,0.22021362026062796
2023-05-09,15,6,0.2695610198010152
2023-09-07,7,116,0.5977524683797089
2023-07-12,7,16,0.24221094503722407
2023-04-13,13,80,0.14840655304498673
2023-09-15,11,63,0.9829446884491116
2023-11-03,5,126,0.10869128536754624
2023-04-12,22,11,0.82362624302934
2023-10-18,6,65,0.19005513723318845
2023-10-25,5,82,0.16036913612754788
2023-04-22,4,111,0.4229874232798928
2023-12-22,20,161,0.9949928671482253
2023-08-29,2,15,0.8919481237999829
2023-09-18,15,164,0.033171713758645915
2023-02-11,13,87,0.9071753455589108
2023-10-12,25,184,0.2211931244850479
2023-10-28,17,8,0.46810263571159794
2023-03-03,8,115,0.21162636545584512
2023-01-26,20,123,0.5222585057685929
2023-07-26,17,163,0.1918442551258267
2023-04-08,18,162,0.3746952725881838
2023-07-26,20,125,0.8744289006572593
2023-12-13,6,2,0.5458868961362509
2023-08-26,9,8,0.8965831758773617
2023-08-09,23,27,0.7152927677078511
2023-11-25,5,24,0.89765864890543
2023-11-02,16,193,0.08928876493253746
2023-09-22,13,157,0.4057119518971437
2023-07-31,3,61,0.8422378737887702
2023-11-06,15,167,0.8536411717789253
2023-12-12,2,141,0.692916471794684
2023-05-17,11,91,0.5472606023507199
2023-01-23,20,169,0.916995172686407
2023-01-17,10,10,0.2338906015148854
2023-12-17,13,182,0.11007252056974215
2023-02-07,1,125,0.5248399086054141
2023-06-26,24,87,0.04395851485807889
2023-05-05,16,25,0.8456358081256112
2023-08-29,12,168,0.5970723296629741
2023-07-28,3,114,0.46631730851045505
2023-01-30,16,39,0.43834599255694384
2023-03-02,13,39,0.885678771993154
2023-11-09,21,3,0.03856018595581767
2023-04-04,7,6,0.3858956948701008
2023-02-15,21,103,0.9245663957002437
2023-09-07,19,195,0.9690844900605595
2023-09-20,20,186,0.066580498008464
2023-02-09,8,57,0.996391671674213
2023-02-07,4,1,0.9120445203869378
2023-02-22,19,119,0.30865515768576113
2023-04-09,14,103,0.5603335861202092
2023-01-15,15,176,0.15729957903922265
2023-12-09,21,79,0.7508696036999748
2023-09-15,19,47,0.5969678792538402
2023-02-14,11,56,0.4380989287965704
2023-05-31,22,30,0.922007105531787
2023-12-15,13,67,0.9844621327187933
2023-10-19,24,92,0.30878037546615034
2023-07-03,22,181,0.8020796796126187
2023-08-03,12,96,0.2548694425170145
2023-05-20,6,138,0.8862186847803825
2023-03-02,21,83,0.05867605076154658
2023-07-04,3,11,0.6828072946608811
2023-02-20,16,21,0.7753119247839857
2023-08-01,13,40,0.5426981830412662
2023-10-03,16,127,0.09766769214919091
2023-11-25,15,180,0.6165255998199051
2023-03-27,4,29,0.7249526294677835
2023-07-17,8,51,0.16805382512898592
2023-10-14,14,178,0.552974077639672
2023-08-02,14,31,0.6961590202757126
2023-11-17,16,18,0.8527816623920573
2023-04-21,21,40,0.7573387045368345
2023-01-14,10,1,0.6470646973478796
2023-04-18,5,135,0.7401693125843997
2023-07-25,4,191,0.6300379137347975
2023-08-28,5,11,0.6777086002932341
2023-06-13,17,178,0.1465743383815994
2023-06-14,2,139,0.9210245492170546
2023-12-12,16,189,0.05575329851297606
2023-09-16,8,121,0.6278063513837528
2023-09-06,12,13,0.5065331607005703
2023-08-13,19,104,0.1360389207864693
2023-07-07,21,57,0.12840107742335038
2023-10-13,15,61,0.9967615393134409
2023-03-30,11,10,0.22168766502601078
2023-03-15,16,102,0.7756275220374838
2023-06-19,21,188,0.8845198070647488
2023-08-11,5,46,0.19653750811281745
2023-12-24,4,149,0.5744321668356605
2023-12-16,3,79,0.856382232290058
2023-03-28,15,91,0.808843658389069
2023-09-25,20,87,0.5752952869343012
2023-04-23,3,5,0.8797069854000442
2023-04-15,15,189,0.04265373225138802
2023-06-27,24,84,0.9811931200283528
2023-06-12,4,50,0.6909596688472803
2023-03-01,10,77,0.04814347429085852
2023-09-11,16,22,0.6929931823177026
2023-08-09,2,36,0.5277463246608902
2023-12-20,3,90,0.9333376065791319
2023-01-30,8,6,0.561600102652634
2023-01-13,12,183,0.07878844040341237
2023-01-17,1,179,0.8203799574811002
2023-09-17,7,147,0.1240672626978856
2023-08-12,21,21,0.31288446960649374
2023-09-19,23,119,0.5536981378751855
2023-06-14,23,142,0.4313660042236003
2023-06-28,3,104,0.7653666643229594
2023-12-06,19,46,0.6776072487347806
2023-11-13,21,48,0.7214087445340915
2023-12-07,4,111,0.4197786212038356
2023-05-23,24,178,0.5332012863481705
2023-11-11,21,104,0.939236368485256
2023-02-14,3,140,0.8681103532991148
2023-07-08,19,5,0.27560299495278506
2023-07-29,25,121,0.3807714682953145
2023-09-04,21,91,0.7147830648436525
2023-06-01,20,47,0.7170205382154343
2023-05-23,9,187,0.09910178544502468
2023-09-10,11,114,0.7296889213524931
2023-01-25,19,59,0.4819765070206792
2023-06-02,6,123,0.9952920386181425
2023-06-03,4,8,0.1490888711652677
2023-10-04,21,81,0.03847771455120208
2023-07-18,15,9,0.9714310049149831
2023-04-05,3,79,0.23367515503217484
2023-05-23,20,85,0.430449051852411
2023-10-20,11,134,0.5648412551973049
2023-06-26,15,34,0.23596928341854406
2023-04-25,10,97,0.3095802245381639
2023-06-08,22,103,0.13328839313150254
2023-03-14,13,74,0.7677054239981678
2023-02-23,20,78,0.42515120825251174
2023-08-03,10,4,0.3136593021855236
2023-01-15,19,76,0.1360190222230494
2023-06-02,11,2,0.40834650741415157
2023-06-30,11,6,0.2817037114291926
2023-09-20,18,179,0.6830391863807206
2023-09-10,12,94,0.08295042874902459
2023-08-03,11,165,0.25757137708021005
2023-05-04,14,3,0.3121706891403404
2023-07-30,8,10,0.9701731171756868
2023-12-23,15,34,0.7243442367495905
2023-09-25,12,154,0.4076109883247775
2023-11-03,10,81,0.887751674035719
2023-12-21,19,108,0.03034834168484346
2023-03-04,25,63,0.8576685733300817
2023-10-17,24,115,0.24991101147807437
2023-09-19,10,115,0.7597354057890056
2023-11-07,15,44,0.1133287008151872
2023-09-18,6,66,0.5319740128889859
2023-03-22,25,25,0.6814813713990907
2023-04-20,11,106,0.6757977711775609
2023-02-08,4,175,0.6744509447682704
2023-12-01,10,82,0.33765787669788894
2023-12-29,9,160,0.6706177870012465
2023-04-16,6,107,0.8517402594673131
2023-05-14,7,143,0.8576138583891112
2023-08-06,9,91,0.024894808862818363
2023-07-14,14,95,0.1502921732292013
2023-11-22,23,44,0.4236743307032318
2023-06-06,25,48,0.10214846852934123
2023-01-12,18,96,0.3757494318534971
2023-10-24,8,191,0.1715725887236187
2023-10-01,3,116,0.7108784367032881
2023-04-04,19,85,0.9004752469616568
2023-06-01,7,41,0.8104912704562071
2023-05-13,11,14,0.3801716973832393
2023-01-23,17,151,0.9398732767059288
2023-08-05,17,99,0.9973470669795478
2023-07-03,1,120,0.8241051285216967
2023-09-21,4,58,0.42677532861185574
2023-05-07,16,195,0.7843228453999191
2023-01-24,3,61,0.36455468638327804
2023-07-11,9,194,0.42337604363547665
2023-08-30,25,6,0.42291658241051977
2023-05-02,16,116,0.7607965424469562
2023-06-01,13,114,0.5576035752408419
2023-12-13,11,97,0.5788035540769806
2023-01-30,25,117,0.7384377792617955
2023-01-26,8,37,0.676574774552315
2023-07-20,4,31,0.5960851775953845
2023-03-10,8,98,0.14207016853632892
2023-07-02,9,57,0.2886957707055442
2023-07-16,17,128,0.7639702920040424
2023-11-01,5,186,0.915644940659629
2023-01-26,3,197,0.29235939731968075
2023-02-15,6,28,0.7559480628580652
2023-11-10,23,129,0.3679263694932614
2023-11-18,23,140,0.008918812620716476
2023-10-14,24,183,0.19023546245924738
2023-12-11,9,186,0.4620123642695817
2023-11-25,1,53,0.25470592539827785
2023-01-23,10,85,0.810871108340427
2023-06-20,8,142,0.6423487003253444
2023-12-17,25,165,0.4311586334854062
2023-07-05,15,103,0.4255861503741707
2023-03-18,2,111,0.257721801752236
2023-10-27,13,5,0.5133627928328424
2023-09-23,9,122,0.11537267957804676
2023-01-05,10,71,0.41879265629073426
2023-11-01,4,33,0.3624863528448595
2023-11-17,4,131,0.11269657284599788
2023-09-17,10,75,0.6702846518232871
2023-10-09,12,107,0.05811029240801291
2023-06-08,18,159,0.6784156008135745
2023-05-29,12,187,0.1987744276007939
2023-08-25,3,193,0.1030726918155328
2023-08-15,11,53,0.37953680464352657
2023-08-25,5,167,0.103522073448445
2023-01-07,13,108,0.9220375092025638
2023-07-01,12,193,0.7340838479457281
2023-03-20,14,84,0.538906908699429
2023-07-01,11,45,0.9065409749159551
2023-01-09,21,158,0.14447166781260945
2023-03-03,16,156,0.3167146387080524
2023-04-04,21,115,0.4187332568088583
2023-06-27,15,108,0.8640974930336287
2023-07-26,4,91,0.09709894652009254
2023-07-07,20,128,0.08820488123531911
2023-06-28,16,31,0.6697902080796305
2023-06-20,11,152,0.5789991354031009
2023-04-22,20,133,0.650373576351669
2023-11-28,1,27,0.6353494241165911
2023-01-04,6,22,0.7293342557462775
2023-10-02,4,150,0.4331648610519824
2023-05-08,11,130,0.7587165734629724
2023-03-19,23,36,0.8371157923203351
2023-04-22,10,15,0.30313340304689596
2023-12-16,9,107,0.6816533285604065
2023-06-17,16,188,0.43421791011542143
2023-01-02,9,13,0.5037234306334696
2023-07-27,25,139,0.5209566333509641
2023-11-16,22,32,0.7096139542508568
2023-08-15,21,105,0.5315043161024114
2023-06-24,2,180,0.45573734953148837
2023-08-20,19,115,0.9021685271970956
2023-06-29,6,141,0.5579969131714755
2023-03-30,3,168,0.3075180205806102
2023-09-29,17,166,0.7813682063892843
2023-01-16,25,35,0.5684285496148274
2023-10-01,20,94,0.7558117298355542
2023-06-21,21,23,0.07875252709952463
2023-10-10,14,67,0.2597025066795172
2023-12-09,9,175,0.6141615521355006
2023-02-16,4,73,0.7716427721869951
2023-03-09,13,163,0.10902100815306148
2023-06-20,5,34,0.5559268755271534
2023-12-30,17,81,0.47307686177663766
2023-12-08,23,114,0.1403979115847206
2023-08-09,13,143,0.2948486516513401
2023-03-12,2,116,0.7254296788347007
2023-03-14,2,107,0.04526956504581703
2023-12-13,17,44,0.6826535055933723
2023-10-22,4,109,0.6440364260114332
2023-12-19,16,132,0.5265740909387014
2023-07-11,24,39,0.7206215744944262
2023-02-10,4,129,0.18629542219655326
2023-09-03,16,174,0.14979058846026239
2023-08-10,21,5,0.9682552162159541
2023-02-12,11,45,0.6012122965474992
2023-06-20,15,198,0.5025268384511568
2023-02-21,21,62,0.3692253616428175
2023-10-09,13,170,0.19049961125768733
2023-04-04,5,53,0.19113990362335642
2023-08-28,16,184,0.17961382814413418
2023-06-13,25,64,0.4703570742997272
2023-12-05,11,135,0.6843011736141501
2023-03-16,15,179,0.54222781203716
2023-02-09,6,117,0.8653636018420374
2023-12-23,21,189,0.9733899660041386
2023-05-10,5,42,0.16414702202505949
2023-09-27,6,107,0.7005146477589511
2023-09-18,12,25,0.05062717907090053
2023-04-25,18,97,0.32429175014108935
2023-01-30,3,163,0.2665371314234859
2023-08-26,17,53,0.3868577681210543
2023-05-01,2,178,0.16056055704414107
2023-04-27,15,5,0.964016359618418
2023-11-28,23,88,0.7969737457244189
2023-02-18,25,49,0.42918695786152494
2023-01-20,18,66,0.8286123584067978
2023-02-05,17,73,0.4044671922741284
2023-05-13,24,133,0.987163605487676
2023-11-27,22,103,0.546367248376659
2023-10-30,4,5,0.042435887945455164
2023-10-03,11,146,0.5142926789763513
2023-02-27,15,35,0.0282006831802204
2023-10-13,4,19,0.7770607796150004
2023-12-13,2,127,0.04352898204408051
2023-03-04,19,120,0.8795136058110706
2023-08-27,8,131,0.05396319598781596
2023-10-09,16,41,0.5107545884625705
2023-12-31,13,140,0.43622496502619357
2023-03-25,13,184,0.32440555185535325
2023-12-10,17,68,0.024958827163320096
2023-07-18,12,87,0.6981527011926697
2023-07-21,10,170,0.6275753210850249
2023-06-05,6,117,0.5918955091288057
2023-09-25,8,105,0.4457794636476504
2023-01-22,18,133,0.21082904483615583
2023-12-28,10,184,0.5167363424135292
2023-11-12,4,140,0.15041433174901275
2023-01-07,12,185,0.2191401352529866
2023-03-15,7,116,0.9416565804751522
2023-08-01,19,194,0.7412642581485831
2023-04-10,21,119,0.9754793744741251
2023-02-17,12,190,0.7879246293208427
2023-04-23,1,32,0.36457220147067126
2023-05-28,20,64,0.3961776606691475
2023-06-29,24,54,0.09982570458526396
2023-09-27,13,131,0.02455726639410627
2023-08-16,16,166,0.929289321882144
2023-09-19,6,115,0.6902000090326258
2023-11-05,13,36,0.560132443482458
2023-05-10,11,194,0.338821919231694
2023-03-09,12,47,0.6329262312955521
2023-07-28,2,145,0.9239638731209796
2023-06-20,14,54,0.5744792738837674
2023-12-20,3,73,0.1567225994263698
2023-11-08,8,95,0.1772045301183357
2023-03-15,18,26,0.9390390572707624
2023-08-08,3,21,0.2985926536580745
2023-07-20,8,16,0.5158061551001062
2023-03-06,13,98,0.8030111052472223
2023-11-07,15,22,0.8331718784695397
2023-06-17,23,44,0.1270990381444851
2023-08-28,15,33,0.9505804471151083
2023-04-28,9,115,0.9233100711023259
2023-09-23,17,109,0.9422218919041522
2023-08-16,14,193,0.9146929277659044
2023-09-07,19,188,0.6319409886201083
2023-06-22,25,92,0.6349482741052129
2023-05-30,24,164,0.25984560005739277
2023-08-14,14,181,0.34601749081879773
2023-02-13,17,183,0.5739916684730612
2023-11-16,23,184,0.1549339246471242
2023-09-29,20,125,0.4265758231931426
2023-05-20,4,94,0.6234144736333923
2023-04-09,19,67,0.5290752328084065
2023-09-24,15,14,0.44247718774826783
2023-05-16,16,185,0.35305455789088114
2023-10-07,3,145,0.7104350395176459
2023-10-29,18,68,0.2919042802726154
2023-11-30,3,29,0.7204918905350106
2023-02-05,11,157,0.35958761427948993
2023-11-20,14,98,0.7801768502502409
2023-04-26,18,43,0.7977765132731672
2023-06-01,13,142,0.7015953289711323
2023-10-23,9,22,0.08574762720065143
2023-06-02,23,181,0.24813793801150985
2023-09-04,3,86,0.9981655028592903
2023-06-15,11,12,0.7904438265568521
2023-01-12,8,139,0.007035225355835006
2023-09-16,23,126,0.5144250858476654
2023-08-27,5,79,0.6747543773299683
2023-12-22,23,47,0.6337834226636566
2023-10-26,15,137,0.9113651749118886
2023-11-25,15,126,0.13315746246132476
2023-06-23,19,96,0.5886169911391886
2023-12-03,8,103,0.805459444498398
2023-10-01,7,112,0.9719052498284555
2023-03-16,16,181,0.3163616649084332
2023-09-25,22,196,0.9855339853295619
2023-10-07,9,50,0.1056658951760735
2023-10-05,23,47,0.3282143646718805
2023-04-08,21,102,0.6332655155079463
2023-05-10,6,200,0.9571735275655306
2023-07-17,22,78,0.002796315156550877
2023-11-17,9,136,0.575722739880862
2023-01-10,11,91,0.6555039442071942
2023-10-10,16,30,0.2248380361425858
2023-01-20,23,21,0.1068936324666716
2023-03-27,22,114,0.9047204549480377
2023-08-24,11,150,0.6949270792203455
2023-08-19,13,157,0.19260442692217272
2023-12-04,25,190,0.2635748932823604
2023-07-18,10,92,0.029462353576113043
2023-10-25,9,137,0.7333939928180819
2023-01-01,13,124,0.5315138689884015
2023-06-27,18,135,0.9712848199212714
2023-05-02,2,64,0.5345095735076771
2023-02-13,3,24,0.9838156842623215
2023-05-07,2,90,0.4735302345263319
2023-01-24,21,151,0.5631771703202946
2023-08-10,2,117,0.1840435712479982
2023-05-17,8,30,0.2334643318363424
2023-10-26,19,40,0.818048716701921
2023-10-12,8,163,0.09760060425613881
2023-08-21,17,99,0.1829308715593747
2023-10-03,23,103,0.9630585743606493
2023-03-15,11,43,0.5521421915110328
2023-02-03,5,6,0.8939962967944944
2023-08-21,10,14,0.026059190928923393
2023-03-27,11,4,0.16812151280965948
2023-04-20,13,116,0.6111928471838411
2023-12-08,11,190,0.7485534207136693
2023-05-09,16,177,0.4310145781369997
2023-02-19,21,38,0.13060903926409972
2023-10-14,4,194,0.23401574660390456
2023-03-23,20,48,0.9445582132911677
2023-07-04,5,184,0.4660857389670695
2023-02-06,2,160,0.3460778419767572
2023-09-09,5,10,0.3403666098493838
2023-12-06,8,148,0.34302690256186974
2023-08-21,5,141,0.9630485945683326
2023-02-15,2,12,0.29976023485580494
2023-03-29,8,99,0.10377530956436576
2023-01-21,15,27,0.46331744073795045
2023-01-15,13,192,0.9125872522862832
2023-10-03,16,103,0.15472613199654894
2023-04-12,14,21,0.9521085438275803
2023-10-15,7,127,0.502405518176109
2023-02-27,24,30,0.15718193293259541
2023-12-04,11,134,0.12366155422110225
2023-11-09,14,157,0.5741954087287668
2023-10-01,15,140,0.7837518101100427
2023-09-01,4,106,0.7843412437047392
2023-09-09,6,59,0.7976833126641151
2023-10-05,22,88,0.5139291773736072
2023-03-26,1,54,0.6094529897495029
2023-01-11,23,190,0.034339670524009325
2023-07-29,18,137,0.059592846583609416
2023-09-24,10,194,0.45580639508518694
2023-03-12,11,112,0.1965527101305906
2023-10-06,13,84,0.7714258024068977
2023-10-02,22,144,0.25519919989522644
2023-01-01,12,96,0.990310045056154
2023-05-18,10,154,0.4928129707543568
2023-01-29,20,196,0.31875875019001365
2023-05-18,15,137,0.535069328182934
2023-03-28,13,115,0.23700604625778277
2023-06-27,4,143,0.2469522753359923
2023-07-02,25,155,0.44259732202382296
2023-07-15,24,136,0.041957197893903064
2023-11-14,17,148,0.29792526885863657
2023-09-07,15,68,0.679196289250485
2023-02-19,1,55,0.22553200847228005
2023-08-05,14,181,0.6566772610721905
2023-08-13,5,21,0.18810060152673103
2023-05-08,19,117,0.8201256002904621
2023-03-05,20,182,0.6197021557866951
2023-12-09,17,63,0.4616003642299249
2023-02-28,10,137,0.7884009697312384
2023-08-31,24,126,0.0013307462346892063
2023-04-07,8,150,0.9898105436784798
2023-03-19,12,21,0.4201062554174051
2023-08-14,4,37,0.14274000331855208
2023-03-31,25,153,0.7139381329393562
2023-05-17,15,106,0.6563456794866304
2023-09-21,20,132,0.3315096837378698
2023-02-28,12,33,0.2704168291695668
2023-06-05,18,118,0.018573055426449936
2023-05-02,9,189,0.6724286306748675
2023-12-01,3,113,0.4357438235202554
2023-07-10,15,170,0.9161572512637599
2023-01-03,15,12,0.934245908114351
2023-02-16,2,40,0.8727213436549054
2023-04-16,6,85,0.36423293313442295
2023-03-19,23,143,0.6931901849376602
2023-10-27,15,160,0.17806400123367394
2023-03-30,7,32,0.23158688830078578
2023-06-24,24,2,0.05130882235309908
2023-06-19,20,64,0.11210109348311115
2023-03-28,13,68,0.10866698581885392
2023-01-17,17,132,0.18864216402718914
2023-05-11,4,190,0.11249200492061939
2023-12-05,19,176,0.3623805850723314
2023-04-06,7,154,0.9986822788364549
2023-08-31,20,27,0.6104543547024547
2023-11-25,12,199,0.22191129010392208
2023-05-03,15,192,0.027076162547060356
2023-08-02,16,85,0.6094280354201942
2023-12-05,18,74,0.6696338070219671
2023-04-26,19,164,0.49141382164099556
2023-11-27,17,79,0.5294563838619782
2023-02-06,14,87,0.466612541958503
2023-09-21,19,125,0.058221247521726194
2023-02-18,4,169,0.6821721962676787
2023-04-09,1,39,0.7850006610119278
2023-07-10,15,190,0.9699612127374747
2023-11-18,6,24,0.45803200886183293
2023-01-31,3,160,0.7311192689499126
2023-10-21,20,187,0.9046565630502772
2023-01-31,24,127,0.4978226992979071
2023-04-07,4,26,0.26466215505575674
2023-03-12,15,131,0.03344500871167677
2023-08-27,20,113,0.43771686684806455
2023-12-29,14,126,0.5730607511079381
2023-01-22,14,71,0.0316787513045268
2023-09-11,22,135,0.7760095415362996
2023-03-25,7,18,0.4317408310951887
2023-09-03,10,174,0.042571093550532346
2023-01-02,13,100,0.6357067780630233
2023-11-22,19,196,0.8388554734849634
2023-09-28,21,52,0.678032067646127
2023-06-12,25,165,0.6722670637653078
2023-11-14,25,21,0.6668428541997561
2023-10-22,24,13,0.9978724969362301
2023-01-31,20,43,0.3333730382497372
2023-06-18,11,137,0.9002331014051792
2023-07-27,11,116,0.9106688426296012
2023-03-13,10,78,0.08026436198322928
2023-03-01,17,26,0.5931445113631056
2023-07-08,15,88,0.9820609288441958
2023-07-28,22,57,0.5833100672017754
2023-09-25,10,148,0.7890311183673724
2023-03-03,14,57,0.7798739969829509
2023-04-20,19,181,0.07182691126340368
2023-07-07,21,66,0.12393152139188857
2023-01-12,21,123,0.11018581327084609
2023-12-11,5,74,0.17517008119574018
2023-01-07,1,58,0.3350307365777401
2023-07-25,10,25,0.5073285518342456
2023-04-06,11,3,0.6958242939611425
2023-12-13,6,101,0.9611230085772707
2023-02-16,21,28,0.9039309009615516
2023-12-24,17,29,0.15448236921217529
2023-02-05,5,14,0.5402132069216249
2023-08-25,17,36,0.15722241436827877
2023-06-12,7,38,0.9755811980137259
2023-04-02,19,14,0.9455035937176999
2023-07-14,5,184,0.30833357575924936
2023-06-26,24,85,0.9467166843232266
2023-08-01,24,193,0.3793672176407582
2023-09-28,18,24,0.9497695465893048
2023-01-19,16,58,0.8652415332999818
2023-04-10,20,200,0.6269025487802719
2023-11-14,4,88,0.6823623034337767
2023-08-25,15,19,0.23403834709292004
2023-07-05,14,54,0.0038336441813712208
2023-07-17,22,128,0.8475944629544034
2023-10-16,9,95,0.7753397823737981
2023-05-12,3,79,0.7819001785628277
2023-03-18,25,62,0.7693127766287265
2023-08-28,4,153,0.36998406200456047
2023-11-25,1,73,0.057861578055379725
2023-05-09,6,58,0.40477957199842063
2023-04-30,4,86,0.6316275558996447
2023-12-22,15,180,0.6838368407404612
2023-11-20,21,29,0.44159576950354174
2023-09-21,23,77,0.5587068620690694
2023-08-08,16,198,0.19294275392406635
2023-12-10,21,163,0.9815297189683112
2023-06-14,3,138,0.10249061497884893
2023-09-16,1,95,0.4638329105621589
2023-12-01,19,177,0.09144663910948203
2023-06-19,3,20,0.5588433059898094
2023-05-12,12,52,0.2802524671508152
2023-09-07,19,198,0.8175574396242964
2023-09-01,7,78,0.9945380614821188
2023-10-01,18,38,0.4179039854657668
2023-03-26,8,147,0.46882785149103134
2023-11-02,25,111,0.2081991846617911
2023-03-02,17,30,0.9968322444264339
2023-04-24,19,65,0.767959077291993
2023-11-22,19,17,0.16745738303298396
2023-01-15,10,130,0.5724133790054142
2023-08-18,14,88,0.7566094935289795
2023-05-28,2,8,0.917556138369609
2023-03-05,23,27,0.30120284493181726
2023-12-13,8,62,0.7337351712236884
2023-10-04,9,192,0.7380359159203052
2023-03-20,10,87,0.9651649950632256
2023-03-23,4,68,0.7811495434487965
2023-04-07,8,149,0.7663227139722125
2023-03-20,7,179,0.29883120260721663
2023-02-07,23,191,0.3545868816137555
2023-02-07,5,192,0.8649612026804627
2023-07-14,9,38,0.4218189078696841
2023-07-01,11,189,0.19555180046644416
2023-07-31,13,86,0.9068162185992487
2023-11-03,24,71,0.8146837172771776
2023-05-09,8,136,0.2051887270828594
2023-08-09,5,29,0.20040325687437577
2023-12-16,23,200,0.0115992172334759
2023-02-05,17,33,0.019435215819979756
2023-11-24,7,20,0.4425479035701575
2023-10-04,10,199,0.39492437932624946
2023-09-21,9,21,0.05785032038105775
2023-09-30,6,5,0.014047062266232313
2023-12-26,23,1,0.9540991693721946
2023-04-03,8,20,0.24962767487980742
2023-07-28,6,134,0.1962198182821785
2023-12-07,10,169,0.45212725782741314
2023-12-13,25,114,0.867659109278624
2023-12-26,3,115,0.4496969330946302
2023-02-08,24,166,0.7447751398116429
2023-05-17,13,105,0.1627675211519839
2023-02-21,14,51,0.03478077693347792
2023-08-13,12,161,0.9399743114419367
2023-03-24,24,181,0.9743703835194795
2023-02-02,17,108,0.7133158519842014
2023-01-06,23,153,0.6692763517039381
2023-01-02,3,64,0.9165558604056678
2023-02-06,6,39,0.05463239285078614
2023-10-03,8,32,0.5536434624751959
2023-10-26,20,196,0.4627488848110163
2023-05-20,20,70,0.8117726245406444
2023-04-29,2,76,0.1588283270893861
2023-05-15,2,11,0.9132596793668701
2023-03-11,21,11,0.09813802703077013
2023-04-16,11,179,0.10398063970456106
2023-10-29,23,192,0.7284314640420355
2023-08-20,15,196,0.45151312305688807
2023-08-24,23,40,0.9422670644011096
2023-11-21,21,133,0.579236037868248
2023-06-09,15,134,0.06352655633829529
2023-03-03,23,56,0.2521770320967218
2023-11-22,10,13,0.4941582182377636
2023-01-07,10,128,0.633881648644841
2023-03-26,23,95,0.10489263231223367
2023-06-20,20,169,0.43755627866943947
2023-12-15,23,167,0.6030245054156046
2023-02-24,18,89,0.5020639122615445
2023-09-23,16,80,0.42232347441819296
2023-02-21,16,16,0.08023165761032924
2023-12-11,12,184,0.9248531928146657
2023-02-22,16,70,0.8160231699769168
2023-08-11,2,45,0.7528479617274224
2023-09-06,14,56,0.47008171560110457
2023-09-22,19,2,0.8234975713346262
2023-08-01,21,179,0.9047133609228613
2023-04-09,5,168,0.6089072373540493
2023-10-12,12,3,0.3385181523133647
2023-01-11,20,36,0.7187161388381585
2023-12-30,23,62,0.22778499091944715
2023-12-31,2,191,0.734913986912488
2023-10-07,23,123,0.0751677089176952
2023-09-10,12,53,0.6874766152594998
2023-09-30,11,91,0.6922716950017176
2023-07-21,7,112,0.18628606667591718
2023-07-28,14,15,0.31166645128321524
2023-12-13,13,125,0.9509933609723361
2023-04-10,19,138,0.03380021920422294
2023-07-29,15,147,0.3688863991197068
2023-08-07,9,198,0.2813433210747932
2023-10-30,18,56,0.06503933138244355
2023-08-28,13,13,0.21095644174763173
2023-11-30,7,169,0.12748365737196565
2023-10-04,13,46,0.4755161684488697
2023-06-16,20,57,0.4648923915147837
2023-07-27,3,20,0.4042213379428081
2023-12-08,8,7,0.7679446795790217
2023-03-05,25,57,0.33592491500566113
2023-05-20,12,143,0.28538944620345885
2023-09-01,8,165,0.1455382534691051
2023-04-22,15,181,0.8360816512071777
2023-02-19,13,42,0.5534573427611527
2023-05-01,23,156,0.045784256558687675
2023-06-16,20,125,0.30121692608691
2023-05-04,15,144,0.11679539756008162
2023-04-09,19,145,0.49786753598176126
2023-06-29,4,104,0.4977796234640772
2023-10-31,12,150,0.5540871085437458
2023-07-04,7,166,0.4179610647854909
2023-03-21,15,19,0.6783132978202633
2023-10-02,13,2,0.7347601207754724
2023-11-05,8,9,0.10552701462530889
2023-08-17,23,120,0.7673050667403917
2023-06-02,5,169,0.17281704358979033
2023-10-10,20,164,0.0872317591299937
2023-06-19,8,8,0.7766101580791673
2023-04-02,16,87,0.6302662904284347
2023-12-18,8,133,0.17858836338802542
2023-12-08,3,130,0.9361665165232206
2023-06-16,11,13,0.40745209167767416
2023-03-27,4,65,0.7485181720537699
2023-08-12,22,184,0.8106551476277687
2023-10-01,5,70,0.22187443538773133
2023-02-09,19,119,0.4141461600667118
2023-08-03,23,143,0.8106742651633281
2023-07-17,23,88,0.7930557677589847
2023-10-13,24,58,0.04715196373793529
2023-06-21,18,11,0.8813676670736577
2023-11-10,13,35,0.3145901506662563
2023-07-17,22,170,0.9414386487914083
2023-01-06,1,178,0.30655962082898525
2023-09-17,3,128,0.1142379479248129
2023-02-12,23,95,0.8912283000904279
2023-05-22,11,127,0.1474248026354834
2023-12-06,25,68,0.6049819589080268
2023-09-26,15,25,0.493564237579211
2023-12-23,19,118,0.024842404853144928
2023-01-28,19,126,0.24245934978913564
2023-06-08,9,170,0.7174739603701509
2023-08-06,7,125,0.18521973519836799
2023-07-30,25,64,0.6329811472114342
2023-11-26,14,180,0.42396452165041043
2023-12-05,25,125,0.5128965931862729
2023-01-16,12,130,0.6311292633744789
2023-01-29,16,171,0.8302430588520874
2023-08-25,22,25,0.4092877190020433
2023-05-19,23,182,0.37532235445101225
2023-04-26,3,155,0.8110677548218987
2023-12-27,17,96,0.8380813355960508
2023-06-14,4,181,0.7774979441275869
2023-04-03,9,157,0.13879379798164027
2023-02-01,12,83,0.5616695950259458
2023-01-27,6,95,0.08272894503722117
2023-02-28,19,146,0.36711102423438935
2023-09-30,25,93,0.04454630320705055
2023-04-26,13,8,0.2673749127640618
2023-05-14,10,128,0.25914228706302633
2023-03-15,2,33,0.29392718383655303
2023-02-14,12,36,0.12436814709574673
2023-01-13,7,57,0.7746612568646833
2023-03-12,5,89,0.7765663080583153
2023-06-03,15,67,0.3621856155211358
2023-12-01,1,99,0.0413303728045763
2023-05-02,4,92,0.30214554754920153
2023-02-26,14,104,0.43495165169890004
2023-05-29,6,103,0.577276818417497
2023-12-30,14,159,0.44958291077148316
2023-12-03,13,176,0.3180136352370684
2023-04-16,9,164,0.9111109624638423
2023-10-16,16,45,0.1973420355791501
2023-04-18,15,43,0.6395956255006092
2023-05-20,3,67,0.906999224424085
2023-04-24,4,63,0.7355080946940346
2023-08-25,7,130,0.5236696648285384
2023-12-18,14,195,0.5901975339824741
2023-07-17,8,43,0.2548434947412469
2023-12-05,6,35,0.8311830412727347
2023-09-12,25,38,0.21583311765061397
2023-07-03,20,48,0.6018543132400763
2023-04-10,3,168,0.8042398111156452
2023-04-05,19,199,0.2895776171979947
2023-09-26,20,50,0.6537671882260561
2023-01-10,1,124,0.5761539759618509
2023-10-01,25,131,0.5818528164716907
2023-05-06,14,122,0.6864657161123591
2023-03-29,16,47,0.9586528945890569
2023-10-14,16,88,0.6986923482774702
2023-02-06,9,3,0.0452390142784056
2023-02-27,21,112,0.7300565893618074
2023-02-17,2,157,0.874000565558218
2023-05-29,7,196,0.23827446341266745
2023-09-21,17,85,0.44070254095203243
2023-12-24,8,175,0.0993097080490215
2023-01-01,25,30,0.7910876076848953
2023-10-27,12,175,0.2036677145425153
2023-02-11,18,98,0.6709290853938756
2023-09-03,15,84,0.6817123719645973
2023-03-02,6,4,0.3822426802551424
2023-06-25,14,87,0.7061848568841361
2023-03-07,3,96,0.3380090508964819
2023-09-10,11,29,0.22915601837447686
2023-07-06,17,96,0.11299341572030841
2023-04-24,18,65,0.42467976073647073
2023-09-30,20,102,0.38326246794702234
2023-04-23,4,23,0.4355268919492984
2023-04-30,17,18,0.7685885585624179
2023-07-04,6,97,0.24901293069852226
2023-10-12,1,155,0.8260559841469413
2023-12-25,6,142,0.41186697424012053
2023-02-20,25,59,0.07909822974616432
2023-04-19,7,77,0.2017803775750544
2023-01-05,15,6,0.683825641645941
2023-04-13,5,89,0.6535736906350685
2023-06-19,4,119,0.30206338331617066
2023-03-17,15,33,0.9723163734391117
2023-03-17,19,102,0.22506462809863992
2023-10-08,7,61,0.5340648103494334
2023-07-29,17,111,0.0451949854658279
2023-09-09,4,96,0.165498405110863
2023-02-13,22,20,0.3454679829395544
2023-03-08,13,104,0.7703397323058286
2023-05-23,24,102,0.6777847420168469
2023-06-30,22,34,0.6825426282697771
2023-05-04,7,53,0.774480262940307
2023-12-22,1,166,0.8891782546967606
2023-08-01,22,194,0.25379237803851873
2023-08-22,18,122,0.14957822024017076
2023-03-20,3,148,0.8658589813262496
2023-08-16,2,135,0.03607409516946891
2023-01-31,15,67,0.7302105765882635
2023-03-19,6,6,0.11258857826615865
2023-06-05,17,91,0.47239979934806753
2023-07-21,11,45,0.8256005130610403
2023-11-02,8,108,0.609714924014377
2023-01-18,16,60,0.8572694230339057
2023-08-21,8,113,0.06236625788557004
2023-09-05,22,84,0.34522697276085523
2023-12-02,5,34,0.9338722116458034
2023-07-16,3,172,0.5782920280988786
2023-01-19,22,147,0.1664444160097338
2023-11-01,9,128,0.6202820597556614
2023-12-16,7,146,0.6521665082801338
2023-02-20,24,144,0.9240531472122404
2023-08-13,22,73,0.4048209493152056
2023-12-25,12,108,0.6944124588163564
2023-04-10,12,105,0.22092213214723921
2023-05-08,24,132,0.008133788624987925
2023-04-21,14,78,0.6023690908870805
2023-09-07,16,109,0.667530725845153
2023-06-09,17,120,0.30845280213529036
2023-10-14,11,61,0.35472026792524913
2023-03-14,23,36,0.3611363920050905
2023-01-04,16,148,0.15387492256609137
2023-09-24,8,162,0.646019700582734
2023-05-21,22,63,0.0959616729925653
2023-10-24,16,106,0.2196372493743456
2023-11-18,19,84,0.3258818895083718
2023-08-26,24,193,0.029008147676026663
2023-07-18,22,123,0.3539830699057025
2023-10-24,21,83,0.6226394800296022
2023-12-07,7,93,0.2906706850697244
2023-10-10,10,65,0.9138486831737564
2023-11-16,11,146,0.924539778962079
2023-04-11,5,28,0.6079555156123906
2023-10-24,5,112,0.7509366981005648
2023-02-12,15,87,0.026554006191978896
2023-01-08,20,32,0.9045093854239872
2023-06-29,7,34,0.8892645948447196
2023-07-25,17,150,0.38219645325869833
2023-08-28,12,163,0.9637269604690427
2023-11-11,11,64,0.4956955642354235
2023-03-28,1,75,0.8148239370916714
2023-10-21,23,144,0.41533617090122354
2023-09-23,15,172,0.6244196748083243
2023-03-12,6,64,0.6076640736982508
2023-11-11,23,154,0.45521048625960825
2023-05-22,21,29,0.3919803259866246
2023-07-28,9,137,0.3727774543694947
2023-07-02,11,3,0.4978648342473998
2023-04-25,1,65,0.1585289757409366
2023-02-09,13,23,0.11676821308545893
2023-10-29,7,101,0.4667649786305407
2023-03-28,9,152,0.9156135923252461
2023-10-23,22,65,0.24443335679150657
2023-08-30,22,56,0.3864332339314982
2023-11-10,4,98,0.41476897248741196
2023-07-14,13,145,0.5673467217912324
2023-08-08,2,153,0.5420923890652329
2023-09-21,23,127,0.9377004910946753
2023-09-02,24,16,0.27104459238345735
2023-09-29,12,54,0.39773784854439587
2023-08-28,22,176,0.8175448287025937
2023-12-26,24,77,0.6424349542558042
2023-01-09,5,67,0.7279858662133708
2023-08-06,20,10,0.12947404551384067
2023-10-07,16,11,0.30461160526138564
2023-04-13,1,123,0.7896910350545955
2023-11-21,21,167,0.9023202883056896
2023-10-30,21,151,0.7355042879081464
2023-04-10,18,165,0.24156583421737665
2023-05-29,17,157,0.848245073584563
2023-04-27,2,104,0.38498890169254374
2023-07-06,3,151,0.0003997914116237178
2023-10-05,18,174,0.4942128040537396
2023-08-14,7,170,0.9304275723967891
2023-10-08,16,67,0.9310986066521865
2023-11-15,19,141,0.5406837634319343
2023-01-04,6,154,0.6846102088916557
2023-07-03,20,75,0.19275524486159334
2023-03-24,19,140,0.806196981369914
2023-06-05,22,64,0.5377594735412852
2023-09-28,4,45,0.33531827704460915
2023-06-21,10,22,0.0020543801467883815
2023-08-17,13,57,0.9558778303304638
2023-08-03,16,126,0.6278451412046266
2023-07-18,6,175,0.21516611899612093
2023-06-22,3,55,0.3532546971505174
2023-05-13,18,175,0.1638416565340719
2023-07-09,7,70,0.5956583382680704
2023-12-12,13,141,0.21829517354635197
2023-01-06,2,80,0.6601432260377464
2023-05-07,8,20,0.7859400374009027
2023-12-29,10,6,0.46085708317290075
2023-01-07,14,102,0.9966713164152377
2023-05-29,22,76,0.16775698445176135
2023-09-17,8,107,0.15916599022884637
2023-11-04,3,1,0.4075950716911828
2023-01-22,15,190,0.8777814136232175
2023-10-26,17,69,0.18263183568943198
2023-03-22,24,16,0.8347928282599314
2023-10-31,11,187,0.23160397977253333
2023-07-30,1,89,0.3871797427836764
2023-06-22,24,174,0.6606620186105217
2023-08-08,16,24,0.6737559657442297
2023-12-29,15,90,0.45162121418744083
2023-09-11,22,69,0.9622977757610515
2023-10-11,14,8,0.8697836974166626
2023-10-24,1,148,0.07485476983203387
2023-07-07,4,53,0.4495274122445613
2023-12-24,10,42,0.06933277484381806
2023-03-25,19,5,0.5141482502593296
2023-08-14,23,137,0.29046721404326215
2023-12-16,11,122,0.8110758849404376
2023-06-10,23,156,0.506904354503287
2023-02-28,18,32,0.9169278402772966
2023-11-14,1,194,0.8492855181905632
2023-12-28,14,188,0.28352151826374483
2023-11-20,7,65,0.281764801753253
2023-03-17,7,72,0.9242817740973442
2023-12-18,11,54,0.04303955172166951
2023-03-23,6,47,0.18418545300193878
2023-01-25,24,159,0.8254607550921076
2023-09-19,2,109,0.2569788545869095
2023-12-01,16,68,0.2917403614727161
2023-04-28,7,103,0.7567007326406717
2023-06-29,10,39,0.015860778057754432
2023-10-14,16,115,0.8793417229304672
2023-10-18,11,65,0.3301714552517915
2023-02-21,14,150,0.5154161042328838
2023-02-02,18,24,0.476105313344527
2023-01-07,19,136,0.43362189643540605
2023-02-06,5,176,0.19529540644691268
2023-01-06,21,177,0.3903469160964542
2023-05-16,6,66,0.442636318268783
2023-10-22,6,147,0.3461317810917841
2023-01-29,1,65,0.3651896510036289
2023-02-09,15,130,0.8912252342525994
2023-01-24,10,184,0.8976084650572368
2023-07-23,9,18,0.28187211368054477
2023-04-20,21,187,0.4204692620090935
2023-07-11,15,96,0.10117456775832023
2023-12-15,13,24,0.4624422449142912
2023-12-03,16,84,0.4517184505813342
2023-12-04,20,126,0.6289701486994297
2023-05-12,10,15,0.8143599954625635
2023-07-14,9,165,0.1862019812364628
2023-01-25,6,184,0.43278309751199573
2023-09-15,3,94,0.852004994727541
2023-12-28,19,93,0.7799452416218873
2023-04-12,25,56,0.47230952289236994
2023-06-18,11,102,0.5224467258033266
2023-07-06,4,144,0.5162208406996899
2023-11-02,9,182,0.21642557525210504
2023-09-23,3,116,0.0017579308980965047
2023-01-05,11,43,0.9792990768366701
2023-02-15,24,21,0.3157948914178038
2023-06-29,18,122,0.49477549740247195
2023-08-16,3,195,0.14814186107882232
2023-12-27,1,139,0.4041639986882364
2023-12-25,17,75,0.6592315719266225
2023-04-27,8,71,0.6101640109138576
2023-08-01,10,139,0.8858654689046238
2023-09-10,8,85,0.5361474645979557
2023-12-22,5,25,0.820989027562456
2023-08-24,10,51,0.33741390059562126
2023-10-10,20,150,0.7188703114150753
2023-12-09,15,176,0.7073119937282103
2023-07-31,4,5,0.05400934004127722
2023-04-19,4,67,0.6072608088889588
2023-09-10,12,77,0.324967504174688
2023-10-08,1,102,0.2480319038572809
2023-09-15,5,104,0.15358192663552162
2023-04-06,19,130,0.5471250348831171
2023-08-28,21,118,0.8561163621129227
2023-07-31,6,61,0.32302875940623343
2023-12-21,24,177,0.14841277097825956
2023-05-22,20,162,0.5762999800337705
2023-06-19,11,152,0.06516519427670764
2023-02-16,4,190,0.4044731485755346
2023-08-28,19,5,0.26302611065804504
2023-11-08,23,107,0.6307255568272252
2023-02-28,13,173,0.36461809071567863
2023-07-06,15,35,0.9726745480903491
2023-02-08,12,18,0.8405548629375668
2023-12-10,22,107,0.2002650106651347
2023-06-24,17,24,0.15380240920350985
2023-08-31,19,169,0.005286114414457144
2023-08-26,15,62,0.07720478762063021
2023-08-31,15,47,0.033182562875959
2023-11-27,1,82,0.6207828616022263
2023-08-11,17,31,0.8114459881422696
2023-10-17,5,71,0.6786540718052477
2023-06-22,8,115,0.26544666462989763
2023-07-08,16,11,0.3506901229692255
2023-12-06,17,116,0.4058233774492085
2023-08-10,15,153,0.8055873269310639
2023-06-05,19,64,0.9913115023084876
2023-11-02,9,135,0.9735631506482008
2023-10-24,18,168,0.06834880376128472
2023-05-01,24,10,0.6181433174527349
2023-02-18,18,35,0.31489459722805413
2023-04-17,1,10,0.06420927454014747
2023-05-24,15,20,0.40036650416550545
2023-11-15,1,81,0.29751262927832123
2023-10-23,13,4,0.8470651879290835
2023-01-23,3,50,0.7081188421247219
2023-09-02,13,198,0.5267301909192903
2023-05-25,3,195,0.3930479609725096
2023-02-03,3,59,0.7355144376665308
2023-09-06,19,74,0.8999246341730107
2023-12-30,9,14,0.7949198042935852
2023-03-01,11,61,0.09919612648229414
2023-08-31,24,16,0.9392943338292347
2023-03-29,22,168,0.8153981478419111
2023-10-05,2,200,0.15355926699293254
2023-12-18,18,71,0.9670144447515562
2023-12-16,12,64,0.8972771912028193
2023-05-03,14,94,0.5555006034567027
2023-07-30,22,102,0.8143625413134191
2023-03-21,6,51,0.7029709933605174
2023-08-25,22,39,0.022377772966241993
2023-07-04,18,124,0.5381714248282095
2023-06-10,4,171,0.4361222770639005
2023-12-23,8,176,0.5161143832640903
2023-07-12,18,34,0.9629757614782596
2023-10-13,17,67,0.626492339943283
2023-12-21,16,174,0.6260224996043589
2023-11-02,20,77,0.09551501508830618
2023-10-03,17,67,0.568108602295017
2023-01-12,10,72,0.9784742447181098
2023-08-06,24,101,0.6993076765643272
2023-03-21,17,113,0.5126692712273176
2023-02-15,20,45,0.46318025751586034
2023-08-28,24,60,0.4535048219341886
2023-10-03,19,149,0.538352845395288
2023-12-15,24,33,0.24609641135522908
2023-05-10,3,89,0.6535943562368368
2023-12-24,2,69,0.5553829731269873
2023-04-28,25,97,0.08951821690296091
2023-09-10,17,149,0.7417506086111167
2023-08-01,2,14,0.20101712854622722
2023-09-21,16,131,0.46689066001529067
2023-09-19,18,90,0.8824309219779997
2023-11-30,24,66,0.9290810126444398
2023-01-05,2,147,0.9331167662458402
2023-05-12,21,31,0.40054249134521525
2023-08-21,15,66,0.3344136058403835
2023-04-15,19,117,0.6426817094014188
2023-07-22,21,128,0.7453863930499218
2023-03-19,16,87,0.19143476164135476
2023-06-20,4,140,0.3901728359802821
2023-09-30,17,173,0.4632132460710474
2023-09-14,22,106,0.6955194478243778
2023-03-26,22,7,0.7264414212512635
2023-04-11,2,2,0.42643230490091233
2023-03-22,21,102,0.6488856955681668
2023-09-21,20,101,0.018732177815828033
2023-12-29,19,14,0.9841504901569536
2023-11-22,9,83,0.08712202440701877
2023-07-10,15,28,0.3141028768986601
2023-06-30,13,50,0.4850971148639802
2023-07-31,12,69,0.1755258208695033
2023-01-21,12,35,0.7273477275492529
2023-06-21,8,17,0.7579042663752618
2023-11-27,18,81,0.09751129656881252
2023-11-02,22,34,0.651629706259283
2023-03-31,15,115,0.7285516874312247
2023-09-21,3,117,0.14251270621247725
2023-04-30,14,123,0.09684694708907293
2023-11-01,24,70,0.13324884826822103
2023-06-05,6,175,0.11983560067031906
2023-01-17,19,55,0.14496170124664798
2023-04-26,11,188,0.7682327130240847
2023-06-02,23,193,0.9459919719406916
2023-03-07,25,157,0.4376790701916432
2023-11-22,14,20,0.3838700601097714
2023-03-09,25,3,0.9474584943059807
2023-07-05,10,95,0.8340450097841382
2023-08-27,11,185,0.4773250624380415
2023-06-20,19,137,0.799735981395893
2023-10-24,23,40,0.005979192301321601
2023-03-18,18,119,0.9537281576693094
2023-12-31,22,137,0.2816683706106604
2023-11-28,1,24,0.8849629424876548
2023-05-16,7,134,0.40245269603972256
2023-03-16,6,200,0.23542197935634135
2023-03-17,17,85,0.8965561503655674
2023-11-15,8,8,0.9514423454591484
2023-04-08,21,63,0.5027056625697248
2023-04-14,14,88,0.8436729730871201
2023-05-29,8,173,0.6868523533582659
2023-02-18,14,33,0.6589241337118542
2023-03-20,22,177,0.37685158587299206
2023-10-18,24,46,0.6699154409909391
2023-07-20,18,105,0.24398997672061695
2023-09-19,14,194,0.7744807551975255
2023-05-09,5,194,0.20563487944829872
2023-10-21,22,60,0.6124313525928915
2023-11-08,22,99,0.29281834414004193
2023-02-12,9,55,0.12335518650211352
2023-09-21,17,127,0.3450287342834648
2023-05-22,12,189,0.04947879231800878
2023-02-10,7,121,0.42392690585959514
2023-07-06,14,14,0.3439035750495393
2023-10-25,9,138,0.8615016501170474
2023-06-15,20,118,0.6747232181488166
2023-06-18,19,106,0.15657660095110904
2023-01-03,15,153,0.5909971594693354
2023-02-02,4,81,0.1537599897935179
2023-06-10,22,142,0.20610464829944442
2023-11-21,15,78,0.998626904556635
2023-09-13,4,200,0.9329241603150358
2023-01-09,18,11,0.8051836391752655
2023-10-26,24,27,0.7305098696072607
2023-05-18,4,71,0.3063068444179474
2023-11-07,7,151,0.7454870270576404
2023-06-14,13,179,0.48638400383653835
2023-07-07,13,128,0.2494746307295067
2023-11-13,25,116,0.49069119057250166
2023-12-11,8,65,0.19114600096223866
2023-02-04,12,101,0.18540087998124577
2023-12-12,9,38,0.5961594846359725
2023-06-03,24,119,0.405677156258179
2023-09-27,18,45,0.2475327848765786
2023-07-21,20,122,0.658671111519832
2023-02-06,25,75,0.2916576285189624
2023-11-12,21,173,0.7075686889696572
2023-04-30,17,40,0.6741131843584626
2023-09-04,14,173,0.4512536787767525
2023-12-25,25,10,0.1349438078508518
2023-04-30,3,162,0.7866636158372782
2023-11-20,19,123,0.366219045841673
2023-09-26,12,162,0.04022173867457646
2023-12-27,17,199,0.6539604193823051
2023-12-05,17,56,0.9634565401300811
2023-08-18,8,32,0.7198487405319693
2023-03-15,14,113,0.10900743751796915
2023-10-27,13,38,0.7903025760177953
2023-02-19,10,74,0.5865521433595079
2023-12-18,25,67,0.04138446126358619
2023-09-16,14,185,0.2908069642646819
2023-01-22,22,32,0.34318240321933347
2023-04-05,3,142,0.8218907944253296
2023-05-06,11,77,0.4437836645595755
2023-09-01,12,78,0.5619727438652554
2023-07-19,1,50,0.09564483795381329
2023-09-15,22,33,0.7441253016036932
2023-02-25,7,143,0.9692231603118475
2023-11-25,6,3,0.10547787725991575
2023-03-27,16,50,0.22844875459363856
2023-12-05,15,92,0.45527183856530773
2023-01-29,8,67,0.6124079069316383
2023-11-07,25,7,0.6455107232005746
2023-07-18,21,72,0.5018717947191701
2023-09-07,25,164,0.9262008351443249
2023-12-29,6,79,0.15407728011367794
2023-10-12,6,83,0.5997883466936202
2023-09-14,16,46,0.35632189874360554
2023-05-31,11,11,0.285686759655148
2023-05-17,2,96,0.17518383439621843
2023-03-06,19,119,0.6436287275497882
2023-11-04,23,19,0.9722744170853835
2023-07-11,7,117,0.20254582643501418
2023-12-17,15,161,0.9941725250202011
2023-08-22,20,43,0.38110050598951994
2023-09-08,5,75,0.06704168331537497
2023-12-07,20,17,0.2875972453178045
2023-04-26,5,29,0.22588622459747043
2023-02-26,21,142,0.9965335320137452
2023-11-05,24,168,0.8019282168745935
2023-02-04,18,179,0.400723474876018
2023-04-08,18,106,0.4256594025154681
2023-09-18,5,135,0.34584386397665245
2023-05-19,23,120,0.5737508044558339
2023-01-05,18,158,0.4819719245975824
2023-12-13,20,32,0.43086204352404467
2023-03-11,9,87,0.6307059132528895
2023-08-22,23,53,0.7861472848455453
2023-11-22,14,2,0.4856278033722058
2023-09-27,8,8,0.4585963289478209
2023-06-02,21,28,0.36442291236907576
2023-12-30,24,184,0.3301344351006481
2023-08-30,3,92,0.9341705146702346
2023-04-26,16,85,0.09607214478148318
2023-11-25,18,56,0.2778167428828976
2023-03-02,6,146,0.8567368088451067
2023-12-01,4,53,0.1973963211398544
2023-10-17,2,38,0.14375493754281965
2023-11-21,3,38,0.32454422870067234
2023-01-17,15,29,0.6131560366316687
2023-10-24,23,30,0.24732370222205735
2023-02-04,20,26,0.27976457486468764
2023-06-18,4,148,0.048581595337170214
2023-04-27,5,86,0.2675212149563664
2023-03-15,15,34,0.8864632293628014
2023-06-07,6,66,0.7488770820095996
2023-01-12,24,6,0.1407255863809681
2023-11-09,18,37,0.9073419915648272
2023-04-29,3,118,0.4862738237780616
2023-11-06,14,115,0.8721252892662458
2023-09-23,5,155,0.025444577675279634
2023-01-07,14,1,0.5037363500161658
2023-07-10,14,166,0.3085771157060402
2023-11-28,23,166,0.30208423357516023
2023-08-07,1,186,0.24310529255360191
2023-09-18,17,192,0.6203131466022359
2023-05-28,24,77,0.2596893923664788
2023-08-21,1,75,0.1608899943953569
2023-04-27,13,104,0.42837428402109434
2023-01-24,15,145,0.7361103843787706
2023-01-20,3,118,0.9516874570140594
2023-01-27,9,115,0.12607539823541214
2023-03-24,2,16,0.08881432005534573
2023-01-27,9,34,0.20746084733672177
2023-01-16,3,136,0.42168729846980224
2023-10-06,25,32,0.821771072217428
2023-03-04,24,87,0.6540315807408512
2023-06-26,24,24,0.07754316079285761
2023-03-25,11,9,0.3755111496610125
2023-03-25,18,54,0.8404995615631283
2023-04-19,10,32,0.42918665407686607
2023-07-26,5,169,0.1150669805174761
2023-09-02,22,33,0.7624222768946298
2023-01-06,1,26,0.24888614596879644
2023-12-19,15,87,0.3566353013969261
2023-11-09,20,62,0.6100679377022439
2023-08-31,8,34,0.9700602853112005
2023-11-27,18,107,0.44582555827606163
2023-07-18,3,68,0.7729683087413856
2023-06-01,9,188,0.14651340464521945
2023-07-19,5,138,0.6736009840671289
2023-03-27,1,102,0.8524991635725258
2023-03-31,3,137,0.4578085679069075
2023-03-31,17,125,0.6243471820538861
2023-03-19,14,115,0.15596882487079888
2023-08-20,20,1,0.9588227832113481
2023-04-12,6,42,0.7941165954304064
2023-03-18,24,26,0.9791226490623498
2023-02-13,4,2,0.9382000471845314
2023-12-10,22,183,0.6929685103933035
2023-04-03,16,171,0.2932871206016615
2023-10-27,19,166,0.12712465100267067
2023-10-14,2,134,0.5166878469182518
2023-10-20,25,75,0.8896792191639048
2023-02-09,14,37,0.5752611130980708
2023-03-07,4,128,0.2919852218298895
2023-03-01,20,109,0.9872274361379755
2023-02-07,7,53,0.1508440483664728
2023-08-01,5,83,0.9083003110024327
2023-09-17,17,116,0.764351548708279
2023-12-08,25,162,0.9667109215358644
2023-07-23,4,42,0.5338940381995593
2023-07-17,8,130,0.9295766128112095
2023-03-16,12,35,0.1244346742649306
2023-01-16,7,144,0.3761270788237603
2023-04-23,16,191,0.5489895607279275
2023-06-30,24,182,0.2787501710186222
2023-03-31,5,49,0.8878031466405196
2023-09-03,16,198,0.9363424699066577
2023-02-22,10,127,0.7207981089933339
2023-09-11,13,70,0.781396142129974
2023-03-12,24,115,0.24575437640875164
2023-09-28,15,106,0.22086545643325528
2023-06-09,6,49,0.2976238195496107
2023-04-11,7,15,0.7664260390501169
2023-05-13,9,2,0.7995662775478323
2023-07-13,18,155,0.05315614855883466
2023-10-26,12,89,0.09317235057237827
2023-10-26,22,11,0.20647288128084496
2023-10-30,12,60,0.03698443429977627
2023-08-07,16,125,0.7095923742386212
2023-12-12,21,102,0.19546888362275872
2023-02-09,18,180,0.3019706263753742
2023-10-20,10,161,0.4847851438432673
2023-08-27,22,83,0.40100363362010505
2023-07-27,19,96,0.9583080386875692
2023-05-30,25,92,0.952481320241213
2023-01-04,9,53,0.018860807715633365
2023-05-22,20,134,0.5587519157101069
2023-04-28,21,107,0.7771037228489855
2023-02-16,8,185,0.08692077130056752
2023-09-08,24,173,0.23496220136224777
2023-09-09,11,87,0.30433115099132324
2023-10-13,6,25,0.14960088173794983
2023-03-27,14,65,0.4633621617417357
2023-01-09,12,129,0.4631854803069809
2023-09-13,6,145,0.30242607194762605
2023-01-22,24,196,0.5114546727364845
2023-02-14,9,159,0.5846365020274139
2023-03-29,11,18,0.1905914133816382
2023-12-27,17,153,0.921750246781649
2023-01-20,9,190,0.0452089576164616
2023-08-02,17,116,0.06508897125260693
2023-03-03,6,131,0.9082574289121507
2023-07-03,25,178,0.5366646011827291
2023-02-25,3,170,0.3086861228163098
2023-08-31,25,126,0.5991876301824822
2023-07-13,8,22,0.051422439869594716
2023-08-24,22,74,0.8655053301594829
2023-08-30,7,146,0.6710340979920666
2023-05-13,10,123,0.6437590397220462
2023-07-15,11,15,0.28295005275614005
2023-07-28,15,82,0.056807378118835516
2023-01-05,12,133,0.01881154624564718
2023-10-14,11,5,0.3361119319725423
2023-08-14,2,168,0.7308313392317632
2023-06-22,1,127,0.5494423260184426
2023-12-10,8,31,0.7205594707600361
2023-02-05,18,186,0.19399790135417916
2023-03-22,22,80,0.19626891824745485
2023-08-06,20,181,0.6506654178217562
2023-11-02,17,98,0.612841912523003
2023-03-07,23,191,0.27989529374468236
2023-03-30,1,96,0.38213710962300795
2023-07-11,11,34,0.3683064962578112
2023-03-19,19,140,0.32640153987303844
2023-12-30,13,21,0.011807637922559677
2023-06-11,23,75,0.25492028141187983
2023-09-22,18,82,0.4995588116244163
2023-05-04,22,18,0.3832249621857621
2023-10-23,17,10,0.11730423708972504
2023-05-25,15,102,0.24158552436134717
2023-09-27,16,124,0.7631652732401438
2023-03-12,15,115,0.34197387979889526
2023-12-18,9,162,0.20976316943763695
2023-09-03,20,179,0.08430546695754448
2023-02-03,12,72,0.2363370886813052
2023-12-07,20,45,0.7478314265335604
2023-02-28,13,127,0.261935457310869
2023-08-31,12,192,0.8711133348198595
2023-12-29,25,81,0.944454971079936
2023-01-11,25,43,0.1412200861998737
2023-09-30,13,198,0.3934620207344218
2023-05-01,15,197,0.27727079834436896
2023-08-04,25,144,0.991785787276932
2023-07-30,15,102,0.43669314724576425
2023-11-19,8,147,0.9688239317453345
2023-07-25,9,105,0.9426599219233595
2023-05-02,21,68,0.9499676379417225
2023-03-29,11,6,0.19241619895796658
2023-12-02,13,114,0.41038525221248123
2023-05-23,12,138,0.8290268566348592
2023-01-27,5,180,0.12557649065237608
2023-05-14,4,76,0.24586975477375872
2023-09-27,4,132,0.7179995025396226
2023-06-16,17,3,0.800169628009816
2023-02-17,24,194,0.041886552080384276
2023-08-25,1,128,0.5210078303059108
2023-12-06,23,79,0.8130647462941185
2023-02-08,1,28,0.20833525171383438
2023-09-27,19,153,0.1654304321661899
2023-02-02,14,79,0.054609769670227015
2023-08-05,6,113,0.9056885471825878
2023-05-14,15,72,0.07050391619208096
2023-02-24,25,191,0.5989291513492933
2023-08-13,18,180,0.5379313949167415
2023-03-12,18,159,0.24804243832134765
2023-08-06,1,75,0.1953584293375661
2023-12-02,10,106,0.18019152884299305
2023-01-03,24,22,0.7052444933416923
2023-12-04,23,152,0.06857698657128108
2023-12-18,16,7,0.3162169829004269
2023-11-05,8,194,0.08566926536726949
2023-06-12,10,74,0.37290599346847286
2023-09-10,2,44,0.45492456986375684
2023-06-19,2,71,0.7301687553305711
2023-01-05,4,85,0.09795957770025132
2023-03-27,2,163,0.5321271225385765
2023-09-15,13,95,0.37969391198903557
2023-05-01,17,129,0.7524901833439789
2023-07-07,4,19,0.7953162592197104
2023-05-01,7,155,0.39114433720175834
2023-12-31,11,161,0.4049119734568176
2023-09-29,6,129,0.6702056998712538
2023-10-23,1,192,0.17832155929196036
2023-04-23,3,121,0.43334102182528467
2023-10-28,3,156,0.9373190984688426
2023-12-28,5,119,0.28777268570442915
2023-08-11,7,45,0.9164628677872239
2023-06-20,3,170,0.7921182043674153
2023-05-13,20,25,0.6463209782579559
2023-08-29,8,116,0.04941919038441567
2023-07-21,16,70,0.08238530160530921
2023-08-06,7,39,0.4512357574207997
2023-04-25,16,46,0.20599120955501415
2023-12-25,6,44,0.23838439240750509
2023-04-14,15,126,0.45906027055631116
2023-02-22,1,41,0.5095236298463128
2023-05-23,17,141,0.2759211439471717
2023-11-26,4,182,0.15111143728422405
2023-05-26,14,143,0.30314326852479967
2023-09-26,11,108,0.3002994234024883
2023-03-19,17,186,0.19049224048884505
2023-06-02,25,48,0.6655793024842321
2023-04-21,7,132,0.4974317531373137
2023-05-07,14,153,0.17692349824076248
2023-07-19,7,177,0.41736366510571077
2023-10-04,12,185,0.21197065574006413
2023-03-04,8,154,0.8103139578742858
2023-04-23,14,80,0.8729937856595785
2023-08-07,11,7,0.34404298183575777
2023-07-08,8,44,0.0029570615319974847
2023-06-15,8,116,0.6962691837456093
2023-08-13,25,112,0.4284969163931386
2023-08-29,9,37,0.11954887673064452
2023-12-09,25,181,0.01592868221975785
2023-09-29,11,131,0.31758688521163236
2023-01-30,7,143,0.04813265009632217
2023-01-08,22,141,0.7326651844995005
2023-10-11,20,100,0.7862935002125675
2023-10-18,20,101,0.9344198935841302
2023-05-30,9,48,0.4590971042173684
2023-06-18,11,136,0.620036238476383
2023-03-01,7,80,0.7469419222208835
2023-01-03,9,179,0.7271763871842333
2023-03-02,5,152,0.3475545815748
2023-05-15,23,52,0.31641207691888873
2023-06-25,12,1,0.5263167940066003
2023-07-26,25,148,0.24772371866271414
2023-02-04,19,26,0.48435147321864924
2023-11-30,5,141,0.20240306113570927
2023-06-11,12,148,0.1868420014223121
2023-08-12,19,117,0.9501782295738925
2023-09-15,18,143,0.05987443752083654
2023-05-21,9,10,0.6251147250245814
2023-06-25,19,20,0.26612122008867634
2023-02-09,16,81,0.47315966143299004
2023-12-31,19,185,0.6789737649426681
2023-03-09,13,171,0.628194407641007
2023-02-08,13,73,0.939066456881882
2023-02-21,7,177,0.9558307424632104
2023-01-28,13,101,0.5167262016785202
2023-10-24,24,166,0.4468680363780917
2023-01-27,13,29,0.6666006591722903
2023-11-16,25,23,0.13907036208454338
2023-01-16,21,98,0.21596308727303026
2023-10-17,25,197,0.8944892006029752
2023-04-13,23,19,0.8545804942189938
2023-06-17,13,125,0.26652732082039954
2023-07-26,3,25,0.5280781594394778
2023-10-16,2,123,0.4686282230685086
2023-09-26,4,178,0.99908988399784
2023-02-10,20,60,0.8473237794098951
2023-02-06,10,72,0.9891726061067462
2023-05-14,9,190,0.8168906259532784
2023-12-25,8,181,0.9447984521354157
2023-07-24,20,45,0.8383643256805277
2023-12-21,1,84,0.7958253011980924
2023-10-09,3,50,0.9472461468698098
2023-08-20,10,160,0.7060692190636184
2023-08-13,15,78,0.5875315448406421
2023-03-21,23,13,0.4031496283320696
2023-04-03,11,171,0.3949942648896957
2023-08-22,12,113,0.028049441207718573
2023-06-25,25,69,0.3142616077466268
2023-12-01,18,34,0.32311406245321805
2023-10-18,10,26,0.6279472645989305
2023-10-10,13,20,0.330100730129848
2023-10-15,18,175,0.006558417815801465
2023-03-23,22,96,0.6281419135379136
2023-01-29,6,95,0.20889958108579565
2023-09-30,4,19,0.04155550504871208
2023-01-17,6,1,0.8446209216050267
2023-12-20,5,133,0.5263901121320682
2023-07-22,22,19,0.6783562649882026
2023-02-27,23,94,0.9777326414769608
2023-12-27,3,157,0.9711359714859469
2023-08-08,18,25,0.944344780982929
2023-01-12,16,14,0.6202874310883674
2023-03-18,24,119,0.6226017217882144
2023-04-04,24,137,0.6388027117582867
2023-11-10,18,46,0.5297553142487196
2023-11-14,15,120,0.3687607660973313
2023-03-07,10,115,0.10435754729621927
2023-11-16,20,161,0.6702268306413125
2023-01-13,8,105,0.7988050819038955
2023-06-08,11,151,0.03227212807199431
2023-03-29,19,35,0.7764134377306008
2023-04-16,1,47,0.20168303545744692
2023-12-17,14,86,0.6181466667936829
2023-05-06,17,142,0.9106313068899228
2023-06-24,22,108,0.7561675125236657
2023-03-28,5,125,0.7751826417217235
2023-05-27,1,186,0.049567651288980996
2023-04-26,14,153,0.563693118572256
2023-12-13,17,139,0.6952454730737309
2023-05-25,4,64,0.44486722295768844
2023-12-11,14,92,0.2521080121045993
2023-06-01,6,8,0.9569965685006743
2023-06-24,13,132,0.1754137375367697
2023-09-26,14,2,0.322094220766062
2023-07-16,22,53,0.1624275637359579
2023-01-14,11,165,0.3362618992334896
2023-08-11,10,104,0.36415985330981715
2023-04-21,24,119,0.645205254323872
2023-06-15,24,64,0.8501783543021612
2023-09-05,4,137,0.774834485034755
2023-06-05,15,113,0.6227562023930631
2023-09-27,19,80,0.9821603657859026
2023-12-10,3,96,0.9598012827439641
2023-03-28,8,28,0.26557317972013295
2023-11-30,21,56,0.5057229555494187
2023-03-19,18,130,0.29492469599064086
2023-02-18,20,120,0.3506783091559983
2023-07-11,7,22,0.20791344279476565
2023-09-20,9,63,0.11248966844923314
2023-07-06,21,83,0.9320233944061862
2023-09-18,18,31,0.4317043198552569
2023-07-09,9,188,0.6895196656521181
2023-06-26,11,87,0.19073918535557954
2023-09-24,20,72,0.4441341295872606
2023-10-20,17,102,0.28623460304998216
2023-03-21,20,81,0.3151704717335717
2023-06-17,10,147,0.3371177178156519
2023-12-12,11,29,0.705282831183569
2023-04-03,7,133,0.02341314281146134
2023-02-13,9,61,0.2577921008692452
2023-03-22,3,3,0.3486818459020742
2023-03-14,17,162,0.8275624785773116
2023-10-29,18,186,0.7156578370429042
2023-08-28,15,168,0.2632939162794873
2023-03-23,5,130,0.9429659246168218
2023-11-09,23,145,0.44524305004239295
2023-03-24,3,39,0.4344503790994978
2023-10-03,3,126,0.768778993540366
2023-06-29,12,7,0.011546023434528707
2023-06-21,19,42,0.18751275174651016
2023-01-27,13,183,0.41653565013265104
2023-10-28,15,170,0.39411405302275426
2023-03-30,1,179,0.969788955259383
2023-11-19,16,15,0.5805131892415829
2023-02-28,12,113,0.4826084852570154
2023-02-21,23,35,0.435830173788185
2023-07-04,5,44,0.449027546826274
2023-04-01,22,31,0.2623578842643468
2023-08-21,17,35,0.8330737323401912
2023-11-28,20,183,0.07760109920224822
2023-02-12,23,158,0.7124464042699085
2023-06-14,22,105,0.48102497963905266
2023-03-25,2,2,0.6919353495572839
2023-02-12,24,40,0.9563025055672426
2023-01-11,11,5,0.37050527843449665
2023-05-11,18,84,0.5635422632881
2023-08-21,8,195,0.1843093587096727
2023-07-08,20,143,0.8990070768921518
2023-05-07,25,177,0.9196162643342697
2023-03-20,5,135,0.3453800089699013
2023-08-14,1,31,0.4922289716484757
2023-04-10,13,79,0.04470890576369735
2023-01-08,11,95,0.3220183817580812
2023-12-07,16,147,0.0015084279767614284
2023-08-25,23,157,0.6764242441924797
2023-01-09,15,117,0.7954097682843323
2023-07-26,22,69,0.4389988186900441
2023-03-31,16,21,0.17396379842947585
2023-09-22,25,1,0.5706779640915711
2023-01-05,7,97,0.46344505681795145
2023-02-27,13,10,0.34105215670764966
2023-06-14,16,159,0.45461568803879093
2023-07-28,5,144,0.8248642695949749
2023-05-11,4,147,0.17949022254311664
2023-01-13,24,155,0.292971912641913
2023-01-11,18,140,0.8700993704094333
2023-08-28,23,11,0.7097301991978994
2023-05-13,5,88,0.2784073299438249
2023-10-22,20,63,0.8606549943827948
2023-12-08,21,121,0.15409076320921
2023-09-08,20,83,0.6036420775224587
2023-02-20,24,78,0.3340004719339801
2023-01-20,11,149,0.09167694049471697
2023-11-09,16,185,0.04475719681531676
2023-12-30,15,97,0.5884176983855037
2023-12-23,4,47,0.7612113467235506
2023-06-01,14,186,0.7066069985751912
2023-03-27,13,85,0.36312824432330326
2023-11-03,4,155,0.19234576751933552
2023-12-24,23,47,0.4181775737017678
2023-05-25,19,31,0.2058671530618641
2023-06-08,18,122,0.22359994614064027
2023-08-21,5,100,0.4557023871512571
2023-04-15,14,186,0.7650387474174256
2023-10-31,17,112,0.9802054399414569
2023-04-01,6,11,0.1463004561120893
2023-04-15,20,144,0.9355124706573587
2023-04-14,22,169,0.6410770760914336
2023-06-10,9,82,0.8363852222241013
2023-10-16,7,73,0.2003102322273227
2023-04-10,3,185,0.011249515177749636
2023-08-18,4,22,0.9419067689522583
2023-01-01,13,74,0.07953525255325467
2023-06-12,8,109,0.5960390308557589
2023-03-09,20,197,0.6758054872494952
2023-03-07,23,160,0.14338923655599256
2023-02-15,1,99,0.576623368341365
2023-02-11,4,18,0.15428565279633766
2023-06-03,13,85,0.26258907251702523
2023-11-21,11,107,0.06140962278580686
2023-01-09,2,26,0.2923113344420357
2023-10-16,9,177,0.4220928755003841
2023-09-22,22,91,0.43191190955782444
2023-11-28,12,59,0.35084173011617126
2023-05-30,19,94,0.09612725824849122
2023-01-21,3,131,0.9437635938366399
2023-08-15,9,14,0.8767543669513812
2023-10-17,22,47,0.05859788719585901
2023-04-23,17,122,0.4055576691896874
2023-11-20,11,66,0.40835283906009
2023-09-30,23,35,0.5928567081220009
2023-04-15,1,113,0.5940849025787744
2023-06-16,24,167,0.8555429009942761
2023-02-20,4,125,0.5290260023861818
2023-02-01,20,18,0.7630856484859215
2023-08-10,2,95,0.05762044641811748
2023-09-07,9,88,0.43141590510231065
2023-11-11,10,63,0.21554642132067448
2023-09-27,8,144,0.6323656812205869
2023-09-23,3,3,0.7729562848042576
2023-12-23,9,158,0.568357707025296
2023-07-01,1,34,0.7221713952163945
2023-04-23,2,92,0.7634514922707445
2023-06-07,18,135,0.7579221831423966
2023-08-02,8,63,0.6525463393252378
2023-07-16,1,10,0.11592372074584856
2023-07-18,7,193,0.20854485143021573
2023-05-19,2,172,0.5805972307643185
2023-05-23,3,107,0.08384069796052607
2023-01-28,11,176,0.6840778401236044
2023-06-22,12,35,0.46445375358084795
2023-11-17,21,118,0.5942829497359443
2023-01-15,9,69,0.5184420826098582
2023-10-10,21,56,0.9317429435934759
2023-05-03,21,125,0.6813637505386315
2023-10-22,15,195,0.416444888419105
2023-12-06,17,185,0.8714725234887882
2023-11-16,7,48,0.12004164668473694
2023-07-24,1,129,0.25100929868943966
2023-06-06,21,156,0.5322947061908339
2023-10-30,11,78,0.16853320814554407
2023-04-18,9,182,0.8746772218610922
2023-01-11,8,146,0.37838593270903365
2023-07-10,21,48,0.9842685279403527
2023-04-23,7,123,0.3527226427667214
2023-01-01,18,177,0.6956827670949598
2023-12-27,22,96,0.3322614397101886
2023-02-01,23,143,0.9122979980770859
2023-02-08,1,114,0.9823589130860735
2023-06-18,12,149,0.3065097480466671
2023-10-24,16,123,0.4256138274604021
2023-11-15,15,80,0.4609071568623839
2023-11-08,6,112,0.35331883442882894
2023-04-25,22,16,0.46549003185019056
2023-10-23,13,138,0.544253148268221
2023-08-01,9,101,0.7724568051065278
2023-10-04,17,51,0.8307826095124877
2023-12-11,20,135,0.4528630912597287
2023-12-10,19,36,0.4276051460566703
2023-04-20,23,124,0.07988168116861816
2023-12-08,11,12,0.9423503113849362
2023-10-24,23,108,0.4972499485179245
2023-04-01,11,51,0.48118640569279425
2023-04-14,11,120,0.24812049755133736
2023-12-03,5,105,0.21624669013115116
2023-03-17,16,165,0.20341671671800277
2023-04-19,8,168,0.720158683751383
2023-04-11,4,72,0.24706642787965227
2023-09-01,25,10,0.057084329522211985
2023-11-30,8,134,0.9773502833083124
2023-01-24,8,169,0.729759414785354
2023-09-16,12,199,0.27948840867686064
2023-02-19,24,162,0.9937539354527224
2023-07-22,1,133,0.6360178508151259
2023-09-19,23,154,0.6442299932478455
2023-04-13,4,45,0.9261649157512718
2023-07-07,20,183,0.6378367767671123
2023-07-16,13,39,0.0592310534472954
2023-06-01,1,36,0.09596210315899034
2023-11-13,4,24,0.2813241262945305
2023-09-07,11,50,0.7551697622652129
2023-05-28,23,33,0.23240020857760846
2023-08-16,24,120,0.4824772366681106
2023-05-20,24,194,0.3935311477068957
2023-06-09,14,181,0.6037024922898017
2023-08-12,6,150,0.9613635735846637
2023-09-24,25,46,0.3827792267535417
2023-04-09,25,113,0.3589121573609614
2023-12-23,21,167,0.1527422198071695
2023-11-24,7,33,0.38185970659303825
2023-11-08,22,86,0.2621360429049713
2023-01-11,23,173,0.1481279090742157
2023-08-02,9,126,0.019908351874233232
2023-01-06,2,98,0.35549625041251753
2023-03-09,17,36,0.6365073724639333
2023-02-05,25,90,0.6077197515407771
2023-07-06,20,22,0.13091837303701792
2023-03-08,2,45,0.32561402146312235
2023-01-29,3,10,0.8802008225192046
2023-10-08,12,84,0.27367068094026303
2023-09-26,9,50,0.29611354149332825
2023-05-30,4,148,0.033129409508083074
2023-08-16,19,9,0.33858864110239384
2023-09-12,22,57,0.06231852954275596
2023-01-11,22,135,0.9284415556183969
2023-03-03,16,157,0.9679095870447818
2023-02-02,17,155,0.21225840226310788
2023-09-12,10,33,0.5644023221009609
2023-03-09,25,126,0.42572594625139226
2023-08-12,15,29,0.04252751844560021
2023-09-05,17,76,0.19511942352909895
2023-03-31,19,51,0.9484497168035492
2023-12-12,22,155,0.9572294151879092
2023-09-14,20,9,0.515002648767179
2023-06-01,17,101,0.17768218447024253
2023-01-02,1,131,0.43310581347162047
2023-11-11,12,168,0.44908072331198845
2023-03-02,13,80,0.09108988980662813
2023-04-01,11,8,0.9877813014256616
2023-08-07,14,174,0.4172440396107976
2023-07-12,14,114,0.6335359427268457
2023-11-02,20,98,0.9940281030070883
2023-06-28,9,110,0.5336569678628125
2023-10-06,24,159,0.40496220529136906
2023-04-22,14,186,0.0502289674763573
2023-01-03,25,102,0.9025920052316236
2023-07-12,16,117,0.5332640223444279
2023-12-20,1,129,0.4680699198215378
2023-03-07,3,136,0.3103851409383035
2023-07-11,14,159,0.06079004681010247
2023-11-26,21,77,0.2553536218640895
2023-02-19,2,169,0.3039874993798717
2023-05-22,4,127,0.9508630515710423
2023-09-22,6,19,0.04455914653787396
2023-07-17,20,133,0.5915310822224379
2023-02-28,11,49,0.7371773555471821
2023-03-23,22,81,0.44757386401363153
2023-05-04,12,198,0.04720944804238514
2023-11-21,19,89,0.962600362319101
2023-12-03,1,165,0.3748278456727444
2023-05-27,25,92,0.42384486274138355
2023-01-29,9,5,0.8045133226458117
2023-07-21,5,18,0.1946293906134362
2023-07-17,19,164,0.3251060732950708
2023-01-24,19,5,0.36390178843021936
2023-11-12,22,61,0.34517417411840745
2023-03-03,18,38,0.07921062610715424
2023-12-07,9,93,0.5973272125293922
2023-01-06,6,79,0.02496864219148298
2023-02-27,9,120,0.6505860157811459
2023-09-11,15,140,0.4529318551564936
2023-04-06,11,74,0.18760731091862548
2023-02-28,6,137,0.5191580544884231
2023-04-10,24,161,0.6482453047884532
2023-02-13,9,27,0.14098901062601188
2023-09-07,18,54,0.46342484237444737
2023-12-28,12,109,0.18554585806455126
2023-04-22,17,177,0.9829294259626976
2023-03-19,24,46,0.631540884101541
2023-12-30,8,193,0.11765428536596989
2023-10-17,16,7,0.5162134146069174
2023-03-19,1,117,0.2666151609347053
2023-08-31,13,59,0.7263469485660232
2023-06-23,2,199,0.4087899965831807
2023-07-17,15,4,0.994130020888655
2023-09-04,2,108,0.5724070198605047
2023-09-06,7,78,0.6597902477941234
2023-10-31,21,80,0.390787286418228
2023-12-09,9,179,0.14580525071176853
2023-12-04,3,107,0.42162990470162487
2023-05-11,13,157,0.20879517377563916
2023-10-25,9,24,0.923288164165092
2023-05-31,2,139,0.0621000283835611
2023-06-28,15,140,0.0384820795326033
2023-02-15,13,180,0.8234089271696762
2023-05-16,11,145,0.8394398818315064
2023-08-15,9,143,0.28854353862528204
2023-11-16,24,145,0.2629630681780559
2023-11-12,6,116,0.9137646266030605
2023-01-13,15,101,0.5433469560311326
2023-05-14,20,63,0.5252478207491845
2023-02-03,23,173,0.6248522051789318
2023-04-09,24,189,0.6432551356830813
2023-10-13,14,116,0.6741663828580523
2023-08-15,12,129,0.31958154859073284
2023-12-11,6,79,0.08908440070279378
2023-05-30,8,116,0.09488654470684865
2023-11-02,5,147,0.8447895969525808
2023-06-07,1,42,0.269403940016427
2023-12-13,11,73,0.9347245919604256
2023-09-18,6,49,0.8377890050750905
2023-10-09,2,140,0.07659649722831574
2023-10-28,5,28,0.8913258225746841
2023-05-03,23,12,0.2865861721670443
2023-03-16,11,125,0.33628583344932916
2023-10-05,9,25,0.3549045480512074
2023-11-06,13,42,0.9802660079758451
2023-08-06,12,146,0.5708970240451418
2023-10-19,13,172,0.1538672655197526
2023-08-28,10,74,0.21272547160272282
2023-10-11,15,90,0.8359220101021189
2023-12-29,11,194,0.9407110948798394
2023-06-14,1,2,0.608776657523542
2023-09-19,10,171,0.9124237801153144
2023-12-16,10,161,0.2050014405346896
2023-11-14,19,121,0.5285541656603707
2023-10-04,15,100,0.8207953459297946
2023-11-15,15,198,0.47330995118426034
2023-02-03,4,76,0.9050303091177757
2023-11-07,1,103,0.9300275566482865
2023-06-22,1,9,0.00466564799950997
2023-04-23,16,104,0.5809651893251152
2023-06-25,5,181,0.9498546366979753
2023-02-19,17,45,0.034348374129079096
2023-12-26,8,144,0.07613934795888033
2023-07-24,11,20,0.24324921456232895
2023-01-08,18,131,0.44168728536187984
2023-01-17,25,145,0.3960692726734586
2023-02-28,12,34,0.02404191906901454
2023-08-10,13,71,0.444590867568712
2023-06-13,23,14,0.8796692870352928
2023-07-10,16,103,0.6450977135021038
2023-02-25,7,144,0.44204878623577415
2023-08-19,15,25,0.1359500589081427
2023-03-28,13,106,0.9556941991021388
2023-11-07,25,195,0.4534563922826421
2023-09-05,22,54,0.9696541469385195
2023-12-28,11,17,0.3440714186161359
2023-12-13,11,110,0.8964197079397759
2023-07-13,14,197,0.13916493008001052
2023-03-18,7,26,0.5357703649258088
2023-11-28,13,88,0.5928237985216064
2023-06-07,25,156,0.9667187706741281
2023-11-07,15,155,0.5900180386312912
2023-04-23,10,83,0.4054864085782024
2023-01-15,21,163,0.043351998130869984
2023-05-05,4,63,0.23623267917432944
2023-02-26,4,12,0.0382477328711498
2023-04-30,12,25,0.5881277291207677
2023-12-05,15,193,0.4363091642295922
2023-07-08,2,182,0.1955624855858712
2023-06-02,6,53,0.15693698622572327
2023-06-29,25,65,0.4615344101446326
2023-07-18,12,100,0.7173854986717624
2023-05-08,19,155,0.59119634476379
2023-08-19,6,40,0.9562120585304871
2023-09-09,12,60,0.4971367779974303
2023-03-02,10,103,0.16701695533922378
2023-07-23,7,1,0.06767058195990605
2023-03-04,9,105,0.9594926423326198
2023-05-14,3,122,0.3819023628165992
2023-05-31,20,27,0.9133432040910645
2023-04-16,9,136,0.18629196204474285
2023-02-21,14,65,0.5343536388345033
2023-09-26,14,178,0.9497840493169817
2023-08-09,4,172,0.3489250016881784
2023-02-26,1,53,0.18138624992593655
2023-06-30,20,86,0.8990416588310197
2023-12-28,8,78,0.9658482243774168
2023-07-07,9,104,0.9859585021786246
2023-06-24,25,143,0.5050661706183656
2023-07-22,21,134,0.3966964259113882
2023-06-05,1,95,0.22691937686555363
2023-07-09,13,94,0.7181645125519868
2023-07-30,6,59,0.38028640916400813
2023-04-06,12,30,0.1459797562068177
2023-09-19,12,123,0.33051170882377934
2023-05-24,25,51,0.30594110853281276
2023-04-02,17,25,0.4184617335566764
2023-07-20,4,95,0.5358973689923536
2023-02-24,24,118,0.6383638690530927
2023-09-15,10,185,0.5334220352921154
2023-05-22,14,13,0.849909211149185
2023-08-21,13,124,0.7818079895171582
2023-09-01,13,148,0.1687958366009098
2023-09-13,8,136,0.2830282921166061
2023-08-17,19,86,0.5102467911898514
2023-12-22,20,127,0.721468379915258
2023-05-02,16,125,0.2976601372603781
2023-04-17,1,145,0.4812960498532318
2023-08-15,3,89,0.6395129913172674
2023-12-11,20,190,0.2735923776073399
2023-12-16,9,192,0.9927860957165014
2023-02-16,7,24,0.8633227731506485
2023-02-05,10,29,0.39634096478703773
2023-01-22,5,86,0.5430623564760477
2023-01-26,13,69,0.08084661288719242
2023-11-26,5,182,0.6853504610027518
2023-11-07,24,122,0.6034560449639953
2023-11-26,14,109,0.06586121894940211
2023-05-15,9,157,0.07174102443504049
2023-04-30,20,14,0.8861170908538257
2023-10-29,4,186,0.25472513680334974
2023-06-04,16,130,0.7844555253850606
2023-05-23,13,26,0.5257318388920232
2023-01-31,3,105,0.16844064121698765
2023-10-17,3,87,0.05813565595126402
2023-12-03,22,104,0.6152768650960516
2023-05-11,4,80,0.10051687770778983
2023-05-13,22,124,0.9128498707537891
2023-06-27,1,148,0.7551089025641828
2023-02-07,2,113,0.9927282352300105
2023-05-08,13,189,0.9786009907016712
2023-12-30,7,92,0.07873411144143516
2023-11-09,14,8,0.2853289145407014
2023-08-12,3,100,0.754064455613472
2023-05-25,7,25,0.579009225193471
2023-12-30,13,44,0.5138283124605107
2023-05-29,8,17,0.021998209776649236
2023-01-20,11,119,0.7249652832829803
2023-12-10,17,146,0.7121389528413962
2023-08-29,15,107,0.5201937606563432
2023-09-16,14,48,0.5573703765895854
2023-02-23,21,184,0.09430562078945415
2023-12-09,12,25,0.9863648954590511
2023-05-02,7,31,0.07637718131802185
2023-10-23,13,17,0.5396882088586896
2023-09-06,20,98,0.3047935993498586
2023-06-25,12,176,0.402581922730219
2023-10-24,13,187,0.5851432835949667
2023-12-08,21,55,0.97511447128571
2023-07-28,10,169,0.8067278587173368
2023-01-16,10,140,0.20315861624222553
2023-08-08,22,13,0.2618412922445693
2023-04-01,22,187,0.6797400765718467
2023-05-08,11,75,0.06809315675415395
2023-09-21,3,100,0.5983272122741162
2023-03-13,24,90,0.18576540119438079
2023-06-23,13,164,0.9571415744099102
2023-09-26,24,42,0.6171436834680896
2023-08-22,11,101,0.5264014641054885
2023-02-24,18,19,0.30458515308415723
2023-05-29,18,1,0.11710868649844186
2023-08-08,9,140,0.0026497361437621825
2023-02-28,9,28,0.6658747452098999
2023-10-15,6,19,0.3522875953104876
2023-01-02,14,69,0.2870492497395216
2023-07-05,18,172,0.2107207356330586
2023-12-10,14,5,0.5768366310311746
2023-06-28,5,147,0.8106552463417499
2023-11-18,25,95,0.2595483158509937
2023-07-11,1,20,0.7927382236549065
2023-03-17,6,145,0.6560783585261568
2023-10-07,11,129,0.23744126762609807
2023-02-22,20,197,0.2140034103130558
2023-02-05,4,72,0.678239904384592
2023-12-03,21,133,0.5379033779639966
2023-09-25,22,180,0.2519516575470303
2023-08-06,16,43,0.2893904866900633
2023-09-16,1,196,0.9886818201711173
2023-05-22,9,19,0.6769243546269741
2023-04-05,19,103,0.7574417163865333
2023-01-07,18,99,0.8652032752643255
2023-12-28,16,28,0.0792953252366082
2023-04-16,18,47,0.8378379653616765
2023-05-04,23,131,0.1751551824597043
2023-11-11,18,125,0.06704337796138671
2023-11-18,12,14,0.1692988581119117
2023-05-07,3,132,0.3034084735472261
2023-09-07,11,39,0.10922987681498608
2023-02-09,3,128,0.17804075742701242
2023-09-27,17,112,0.6381810906356898
2023-08-08,25,99,0.17843891621169294
2023-12-22,22,36,0.3330252857649785
2023-08-30,3,95,0.2290103741788071
2023-08-29,22,81,0.6961310044742987
2023-06-19,9,15,0.26598670774681266
2023-06-27,7,114,0.9868922655049173
2023-05-13,12,92,0.8435128275398257
2023-04-21,25,39,0.12281280099189218
2023-03-12,24,15,0.27591877750884286
2023-05-08,15,67,0.2418383579658666
2023-10-25,19,126,0.9853054227710253
2023-07-20,18,140,0.43450678463701564
2023-10-07,7,96,0.37974205758765334
2023-06-03,14,95,0.9495381898706822
2023-02-16,13,179,0.3950058461512871
2023-02-24,3,34,0.5314753711006933
2023-01-13,16,69,0.9352606510477307
2023-02-20,18,84,0.3369299072941897
2023-11-21,20,50,0.18978945367349986
2023-09-15,3,57,0.1838060165029064
2023-07-12,24,168,0.600776832482754
2023-11-26,16,159,0.7389186232766235
2023-07-02,6,20,0.927091475137624
2023-06-29,22,40,0.19721907843192832
2023-06-05,11,110,0.9748679246505964
2023-10-29,9,79,0.21641934832339815
2023-09-09,10,115,0.2943526443259733
2023-07-13,2,169,0.03893074915256922
2023-06-05,22,174,0.6359821671272604
2023-07-19,25,154,0.6579302146537671
2023-07-21,21,110,0.4367881556914518
2023-06-07,15,145,0.8061614675259414
2023-06-09,18,44,0.6405936398330223
2023-12-16,7,100,0.6186771320089284
2023-05-18,14,199,0.6059709428910546
2023-08-27,22,140,0.3403598915630016
2023-11-18,10,71,0.22900644115337054
2023-02-15,3,186,0.46111494008384923
2023-07-08,2,20,0.6759804218100954
2023-03-16,2,92,0.8173128026414834
2023-03-11,14,151,0.721405217880096
2023-10-15,17,22,0.10043707005007485
2023-07-24,20,188,0.5492656857639074
2023-05-13,12,191,0.2910698327694755
2023-05-06,22,134,0.9214214915246393
2023-10-11,25,113,0.20776981340170841
2023-12-17,7,52,0.28758540149107537
2023-10-02,3,20,0.7617014863921007
2023-09-17,25,88,0.7655925534534358
2023-03-19,4,116,0.8971338600857063
2023-12-27,8,133,0.04444523637455944
2023-11-27,11,191,0.7807360182104526
2023-10-07,2,142,0.028712650723085487
2023-11-02,10,13,0.18106366646406313
2023-01-01,7,127,0.953429763525625
2023-06-01,5,72,0.8275683620198719
2023-08-25,24,91,0.533107694818874
2023-11-21,3,92,0.09356692270666966
2023-10-27,23,94,0.9273595916824356
2023-01-22,25,150,0.2007783038058064
2023-12-16,6,20,0.714206048943751
2023-06-09,20,166,0.7796987806021226
2023-03-13,4,178,0.22591899591826503
2023-10-20,9,76,0.5996024752515496
2023-04-24,7,16,0.4240187558344308
2023-08-08,1,87,0.9269524750608017
2023-07-18,4,3,0.5951934446579947
2023-11-26,25,176,0.6512245799121926
2023-07-06,3,197,0.858732776036846
2023-04-07,8,158,0.8983670239000793
2023-02-15,14,11,0.3859670035513729
2023-05-07,3,136,0.7887223196187346
2023-04-11,10,69,0.5196468758978229
2023-11-17,24,126,0.5794888970580586
2023-11-14,25,148,0.18890331712156394
2023-11-08,9,114,0.29824552845175045
2023-04-27,1,200,0.6700724016463182
2023-08-06,10,113,0.9452103366376305
2023-06-26,6,30,0.4784407561638201
2023-10-31,2,198,0.23060785060799116
2023-03-25,18,5,0.09253697094371138
2023-02-14,7,97,0.09475715130317897
2023-11-08,1,49,0.9326990898747991
2023-02-07,11,102,0.5188166825307594
2023-11-15,3,158,0.22458662116437933
2023-04-11,8,21,0.789417098481814
2023-09-07,13,137,0.9087402934176668
2023-11-03,14,81,0.31040909345870527
2023-05-22,2,20,0.09177748883560433
2023-06-04,19,192,0.8325393487333893
2023-07-18,1,116,0.2750513284460444
2023-12-02,10,30,0.6247029947057814
2023-09-27,23,137,0.3954099356102201
2023-01-15,12,193,0.8259048446985958
2023-11-24,20,80,0.6917789176011281
2023-04-18,7,94,0.3584904428809639
2023-01-19,5,113,0.6355075971554666
2023-05-13,5,118,0.6669425942451975
2023-10-15,6,31,0.7399365342682617
2023-07-26,19,93,0.291209407980044
2023-11-24,3,76,0.4539797256977641
2023-01-23,15,5,0.9522657726835911
2023-08-15,12,169,0.4446429549225135
2023-06-09,21,168,0.7607772155607524
2023-05-14,1,197,0.5081561603449595
2023-07-03,24,158,0.6088488908973096
2023-05-04,12,75,0.3438652661766214
2023-01-23,20,117,0.7719489685758703
2023-07-29,2,67,0.46012504764353257
2023-02-15,13,188,0.6594613056413046
2023-06-25,3,79,0.3979754044483229
2023-11-17,9,21,0.478111332344912
2023-10-11,25,68,0.7081681939534845
2023-10-17,16,85,0.6106542938933636
2023-04-29,3,76,0.5241367419288698
2023-11-21,15,110,0.17398022672544766
2023-05-09,4,171,0.8438728188892418
2023-12-04,24,31,0.6713810027565209
2023-10-31,4,155,0.8747124682690047
2023-01-27,23,65,0.3418547640130114
2023-08-17,22,167,0.6245971149988175
2023-01-10,23,62,0.6828492323746034
2023-01-15,14,97,0.8916549162802505
2023-12-20,16,168,0.6236137518876326
2023-12-07,14,55,0.48415334393946385
2023-12-19,20,27,0.3489974993189544
2023-06-03,10,81,0.2180125741214255
2023-11-02,6,78,0.11620847648132171
2023-07-22,11,12,0.06846105002651126
2023-02-22,11,66,0.5476758092858178
2023-03-27,6,69,0.8155295449940257
2023-01-01,11,52,0.8937257299279148
2023-05-05,13,11,0.5487418340212434
2023-08-20,15,125,0.45585561746023884
2023-03-17,16,200,0.9027810161538248
2023-04-23,6,63,0.5975235148631605
2023-09-16,9,19,0.003222893943105709
2023-10-02,14,176,0.7076105911840624
2023-02-19,23,16,0.09132412198860385
2023-03-10,5,22,0.5339638011663782
2023-04-23,18,41,0.03688736788204183
2023-09-20,9,170,0.5444544952344464
2023-09-27,8,47,0.16756547133830768
2023-08-15,20,24,0.37601486520900007
2023-06-08,14,183,0.09393688711131831
2023-08-07,14,157,0.5948073860100027
2023-07-08,4,124,0.9479946348216837
2023-10-08,19,40,0.44025486702883765
2023-11-21,2,110,0.9936811497730595
2023-07-18,7,122,0.913964966497927
2023-02-09,15,94,0.32002133190669235
2023-08-06,15,10,0.012169013794956496
2023-06-15,12,38,0.9647767337078287
2023-02-19,1,41,0.5745729236280637
2023-09-26,6,137,0.9131867177628985
2023-10-16,19,17,0.6019411956789884
2023-11-13,6,183,0.7733586485913124
2023-11-14,8,10,0.7641432450450338
2023-10-04,20,27,0.5528451262742266
2023-03-17,10,122,0.02907874248387954
2023-07-02,21,56,0.0014959471417989034
2023-06-12,9,43,0.639029060051482
2023-12-08,21,22,0.5045735144023019
2023-05-08,7,139,0.09927005641836484
2023-08-27,15,85,0.5729275935404788
2023-09-03,20,48,0.8966869485559208
2023-07-19,11,199,0.6075769383003907
2023-04-24,17,70,0.1613259927272065
2023-09-05,24,183,0.9482330612682661
2023-08-26,3,154,0.6628223436513254
2023-10-01,24,9,0.7866333345746498
2023-07-27,23,29,0.16503259648323287
2023-09-25,2,117,0.8532186676885228
2023-11-04,16,20,0.5212679618352402
2023-11-04,23,51,0.10031663558069337
2023-05-18,7,194,0.13153014519785822
2023-05-14,25,150,0.2963109139618634
2023-01-07,13,160,0.9864512913862361
2023-12-22,7,22,0.31458146828661326
2023-01-15,16,195,0.761619374508683
2023-03-27,24,56,0.7081023790384908
2023-04-18,14,35,0.6113708702867655
2023-02-09,2,181,0.8217356148620028
2023-10-03,4,38,0.9328374935122964
2023-01-28,17,80,0.19745055337208206
2023-01-14,12,5,0.870968289241687
2023-01-27,21,105,0.6199143862923939
2023-11-08,20,17,0.7029658332519289
2023-08-30,2,86,0.2449680117863633
2023-09-20,7,13,0.037314157973606044
2023-01-15,13,175,0.08392162013062476
2023-04-13,6,163,0.40961941905050914
2023-06-29,8,156,0.11305615099311994
2023-12-03,15,120,0.18075204764018982
2023-05-19,18,18,0.9970366410983228
2023-04-21,23,96,0.5489261313792371
2023-10-24,22,73,0.6257373940027615
2023-11-01,11,29,0.03134956595801497
2023-12-02,24,179,0.3695159840373772
2023-12-19,5,173,0.35283628182560844
2023-10-04,17,75,0.11627034657344948
2023-08-31,25,108,0.5444771695449174
2023-09-15,5,156,0.8941447111444859
2023-10-08,18,167,0.1496662727750674
2023-09-08,22,18,0.23430164808391585
2023-07-04,19,82,0.3899353503357216
2023-07-13,19,165,0.38630037832454556
2023-03-27,10,81,0.3475497461377116
2023-05-07,17,148,0.8790020621351458
2023-04-10,6,135,0.932798822935133
2023-07-09,21,128,0.8221562607050451
2023-09-24,23,184,0.5105648488613044
2023-09-04,25,63,0.5925945520830985
2023-09-18,20,106,0.5316913508432324
2023-06-25,4,5,0.9391131362037625
2023-07-31,2,1,0.4314423284485779
2023-06-28,14,84,0.6613938550664233
2023-04-07,6,90,0.45145563121530585
2023-12-18,18,46,0.1841944560074672
2023-10-17,15,144,0.9703514485455875
2023-01-02,8,180,0.003413898462044318
2023-12-01,16,111,0.5757049366920016
2023-10-16,2,100,0.8477508783769888
2023-04-22,17,21,0.9366850729861007
2023-08-13,13,34,0.755132349829846
2023-09-05,18,192,0.2578562406544753
2023-01-03,11,56,0.9829136514955269
2023-12-31,3,115,0.14317377522458652
2023-12-04,3,96,0.6504018885915797
2023-05-20,20,27,0.5844573774840133
2023-04-01,18,31,0.34034419451849074
2023-01-12,14,94,0.2247032333684872
2023-05-03,15,43,0.4131752922579819
2023-04-14,10,55,0.27621151745599937
2023-11-14,16,46,0.6669851765382081
2023-10-12,4,180,0.05254660372515041
2023-04-26,5,101,0.3948577770460069
2023-09-16,16,120,0.013134742603543526
2023-11-02,8,158,0.5414861185657236
2023-06-18,11,126,0.6239818534394653
2023-08-19,25,72,0.3725049692283171
2023-03-13,22,83,0.9004071734894685
2023-03-27,1,114,0.028554726651247142
2023-03-12,13,25,0.9256980748618802
2023-09-29,17,122,0.14665973438471003
2023-06-13,1,32,0.7912605257831883
2023-08-18,16,95,0.15806293359364387
2023-02-20,14,34,0.8238638354451648
2023-09-08,7,31,0.7302613164313879
2023-02-17,14,195,0.3709550834346165
2023-10-18,4,176,0.435028462237126
2023-05-19,4,54,0.1703228004008892
2023-12-04,8,156,0.0573450800740366
2023-02-05,8,12,0.9426097260664028
2023-12-22,10,123,0.8728630672683677
2023-03-29,23,81,0.23408118291001834
2023-06-10,23,157,0.3656080462844026
2023-11-26,14,149,0.07084496936299356
2023-02-17,1,159,0.9286591258133514
2023-07-23,11,114,0.006616483081353652
2023-11-19,21,95,0.1856808804990605
2023-09-30,23,151,0.29363606276219545
2023-04-19,1,134,0.6588246022235975
2023-04-14,2,126,0.31801337380109596
2023-03-15,1,20,0.35492895151910697
2023-05-23,23,21,0.4452176568051325
2023-03-25,8,107,0.3446205342855665
2023-03-19,8,71,0.668326656345757
2023-05-08,7,162,0.09055604173258758
2023-01-13,3,55,0.9604191965598214
2023-04-20,9,5,0.9517974973781295
2023-10-24,18,100,0.5042041782354914
2023-04-24,17,198,0.21417270242055086
2023-08-20,10,181,0.6335130888853502
2023-07-31,21,123,0.703465219752099
2023-11-28,5,194,0.29708239398207403
2023-09-01,7,175,0.9145016553016606
2023-05-04,6,172,0.49590399224046533
2023-06-15,21,59,0.23174598404301083
2023-01-20,25,98,0.8704131217396212
2023-09-23,5,129,0.9794777707735112
2023-01-31,4,99,0.21034954778748716
2023-10-15,20,141,0.04231457985192766
2023-01-21,5,181,0.24069847886157303
2023-01-23,6,59,0.44320036885298575
2023-04-15,2,27,0.4349063556386722
2023-12-01,11,197,0.0040956206261114625
2023-06-07,3,183,0.850584787494123
2023-11-11,1,101,0.33823223946310554
2023-11-12,20,131,0.4020420293645589
2023-06-06,17,74,0.8564748430140214
2023-12-29,9,169,0.7651864459885069
2023-12-25,21,139,0.03914362267632243
2023-10-02,1,45,0.2648430431697245
2023-06-30,11,51,0.5885829834811004
2023-01-04,3,147,0.7197350167217826
2023-03-13,23,80,0.026989037741050215
2023-04-09,5,171,0.41049277363417513
2023-04-02,22,36,0.3037388503793532
2023-02-18,20,184,0.158518745425257
2023-04-04,11,66,0.4175306362300205
2023-04-21,20,172,0.5950921494346226
2023-08-03,23,185,0.6499830588793831
2023-02-21,4,56,0.06790664982360517
2023-05-04,24,23,0.8956378744137409
2023-05-18,6,49,0.17133818062875295
2023-01-28,2,4,0.02507437798956036
2023-02-26,9,84,0.44424191982343386
2023-07-21,17,189,0.626056384595124
2023-06-15,18,106,0.37344796862239626
2023-05-24,10,111,0.2562334541064969
2023-08-24,5,42,0.8496308164976712
2023-08-26,8,196,0.9417717576834664
2023-05-15,21,145,0.2232413598338604
2023-02-12,4,48,0.7752277403162517
2023-11-05,10,133,0.49527698476654136
2023-07-24,24,143,0.6086462867638613
2023-06-03,23,6,0.48709893747665567
2023-11-10,1,175,0.3785984409917018
2023-02-01,6,85,0.17607706647839816
2023-07-08,8,157,0.5870195780547668
2023-06-28,13,197,0.9290589982051425
2023-03-31,18,24,0.22110278123289862
2023-09-18,23,61,0.4572001870154019
2023-01-22,3,151,0.7141623824696239
2023-02-05,17,126,0.10969120437099666
2023-05-06,21,178,0.5583578047412348
2023-05-25,18,65,0.9610391197280542
2023-12-10,2,188,0.6415408059132716
2023-03-23,20,27,0.9011561675501036
2023-07-18,14,32,0.6908376225564561
2023-12-18,10,101,0.01866929868537648
2023-03-11,9,23,0.7401998955781406
2023-01-03,5,141,0.36160508228064026
2023-11-20,1,20,0.09183220711616291
2023-09-11,17,74,0.2880944942374962
2023-01-25,15,185,0.41369406162440725
2023-11-08,2,138,0.7641492550043714
2023-11-28,7,108,0.20783436467299976
2023-05-29,5,111,0.2735222721271182
2023-05-31,12,60,0.4758350534618073
2023-10-22,13,82,0.1635073371289869
2023-10-05,15,13,0.4586427769873558
2023-01-20,7,152,0.2589152296257824
2023-03-21,10,27,0.7538434236869583
2023-03-19,19,131,0.7906492556171619
2023-05-29,21,8,0.25666238055997603
2023-09-18,5,92,0.8169041627742876
2023-12-02,8,166,0.06591347547679005
2023-08-29,2,50,0.846758085382917
2023-01-28,23,60,0.9758848669517675
2023-08-29,3,140,0.2914415316880127
2023-03-04,16,90,0.9388143558095878
2023-05-11,12,166,0.3510018318388489
2023-06-05,17,78,0.09555384313986448
2023-06-14,14,101,0.9526073339512937
2023-01-24,17,155,0.2613018573509156
2023-11-12,15,4,0.48069920436749913
2023-08-31,24,130,0.6271162704715185
2023-10-31,5,48,0.60417931777744
2023-02-02,6,14,0.9032298854694595
2023-06-16,21,100,0.3271267342582056
2023-04-14,6,4,0.02261708980532806
2023-04-26,5,65,0.6197841780995476
2023-04-05,15,63,0.369413319359404
2023-10-21,6,121,0.004853955589049996
2023-02-20,7,138,0.48155779002244337
2023-03-22,25,57,0.2827273222510652
2023-07-31,2,102,0.6587323707908779
2023-11-25,1,122,0.48034446113870466
2023-05-26,9,63,0.6334719030222475
2023-08-11,21,72,0.9739802091775595
2023-01-21,9,23,0.7392564333911394
2023-03-04,25,143,0.7223269714725882
2023-07-22,5,131,0.3328218708765506
2023-09-23,6,80,0.12248974054771555
2023-05-01,10,83,0.9452717713603717
2023-04-14,15,100,0.29453745179363644
2023-07-29,16,159,0.3211050724698069
2023-08-07,8,2,0.3878783678166744
2023-11-14,12,83,0.25747930821192666
2023-08-26,3,78,0.3858107993571931
2023-08-16,21,87,0.4040875983253992
2023-02-12,9,159,0.8753224336942407
2023-11-06,25,157,0.34764808692007165
2023-08-18,6,1,0.5698078584073714
2023-12-08,22,97,0.9572418431353197
2023-03-20,19,15,0.6305824459428943
2023-11-30,21,10,0.025909924539931906
2023-03-22,7,171,0.41004740198366607
2023-12-09,21,177,0.3516645490953384
2023-11-25,7,128,0.6716544282371305
2023-08-16,1,175,0.25251655389401895
2023-11-20,3,26,0.8724841442148361
2023-06-19,11,77,0.5805567598755584
2023-10-16,21,147,0.6075106727165144
2023-11-03,24,75,0.7880326237041608
2023-12-04,12,110,0.4989687856134375
2023-02-08,7,24,0.5030949280907385
2023-06-15,21,89,0.4033330862026141
2023-04-22,10,108,0.2236798419802386
2023-10-02,1,95,0.3068893406904505
2023-11-14,10,151,0.6830813635998843
2023-02-27,13,148,0.4122784471118348
2023-09-14,17,39,0.5402223638610677
2023-01-23,19,181,0.45512394816130397
2023-11-22,25,59,0.23642147401456493
2023-05-15,7,76,0.43207173665520815
2023-07-18,7,76,0.3969340024337348
2023-03-28,21,4,0.4052081617795599
2023-07-26,21,138,0.8569186157569886
2023-02-04,11,119,0.3697549109460875
2023-10-30,20,163,0.04845417334086899
2023-05-12,20,185,0.05838588392301247
2023-06-23,13,74,0.2288578723717427
2023-09-06,15,125,0.49383658503308747
2023-08-12,4,112,0.29374567761601134
2023-05-11,6,140,0.3069496828056749
2023-10-27,6,176,0.5072171008773241
2023-12-08,14,186,0.15774268493986265
2023-04-06,8,104,0.09216965904931451
2023-05-13,8,9,0.9015883229026092
2023-10-23,21,78,0.06919040884170591
2023-04-04,19,65,0.9711299039615113
2023-03-15,14,97,0.34463674296853086
2023-03-28,9,169,0.9279554191116224
2023-11-06,23,80,0.6559947864628076
2023-08-12,21,8,0.9498795033297951
2023-05-05,8,36,0.37338279829151266
2023-05-31,18,151,0.7853613467683438
2023-12-31,12,39,0.2441201966210792
2023-12-08,1,49,0.7339398812763803
2023-03-26,9,10,0.3936944121406023
2023-10-05,22,38,0.08855320217635043
2023-10-16,16,147,0.704236742516632
2023-06-18,22,94,0.38010884792490385
2023-11-04,5,154,0.2931704944573995
2023-08-26,21,83,0.35647670581022295
2023-05-16,25,95,0.6410798132150405
2023-03-14,14,67,0.5984009226793248
2023-09-07,9,55,0.5059061006795187
2023-09-07,19,94,0.9076390173205487
2023-09-10,24,196,0.4158915771838251
2023-09-19,20,177,0.6445177763012965
2023-08-23,24,2,0.4420175162795926
2023-12-12,3,155,0.30240037517039897
2023-10-30,9,115,0.8657906634249499
2023-10-08,10,45,0.4370253825971492
2023-03-05,8,117,0.7085335079640986
2023-05-12,11,169,0.19756316491939308
2023-06-24,1,4,0.6239522368320588
2023-09-12,24,57,0.29756857154294813
2023-12-18,7,174,0.05756660909331013
2023-11-21,11,63,0.6194052049667569
2023-09-15,25,20,0.08798937414963692
2023-04-11,4,53,0.860348706022794
2023-12-14,8,70,0.44330378632358947
2023-03-19,18,6,0.3610059214557566
2023-08-05,17,85,0.986435787154915
2023-08-25,5,80,0.7298096947293653
2023-07-24,19,52,0.6772231216981386
2023-01-13,3,21,0.1416092675236127
2023-01-20,6,60,0.7524356282025508
2023-09-24,3,144,0.8192544646901284
2023-11-14,1,30,0.1582027047681176
2023-04-18,9,112,0.0977409672746341
2023-12-11,1,158,0.6238021958210336
2023-11-29,9,165,0.8659930769542394
2023-01-15,18,199,0.09980415488900107
2023-01-22,21,135,0.012199455543209892
2023-01-18,11,6,0.8846324668459783
2023-07-01,25,53,0.6184765792306591
2023-01-21,7,177,0.21196206897661307
2023-05-05,24,195,0.57420020338724
2023-11-15,8,83,0.9285804810987223
2023-09-17,11,131,0.535030666398008
2023-09-29,21,42,0.36204605017006286
2023-01-14,9,142,0.5997185298556796
2023-10-06,11,145,0.7242827948248535
2023-05-30,23,182,0.40360343931581866
2023-05-02,2,61,0.03619187794537848
2023-07-01,25,102,0.6380110391949417
2023-11-19,21,166,0.48339801140120386
2023-05-24,23,43,0.47608125205387475
2023-03-11,15,9,0.36143537250710944
2023-11-02,10,19,0.8353438419874967
2023-03-12,8,189,0.898628972848745
2023-11-01,19,78,0.6383082999304418
2023-10-22,23,139,0.32357021066277813
2023-11-27,10,97,0.7904491154319923
2023-08-03,4,41,0.6066190554484454
2023-07-21,10,112,0.4494340505765081
2023-11-03,18,56,0.5091396666293044
2023-08-24,23,58,0.7426987099763747
2023-06-14,18,162,0.7182957053258708
2023-07-22,12,193,0.18173616946234916
2023-06-26,5,49,0.12726175089162373
2023-03-11,24,170,0.14142685516718234
2023-08-21,15,147,0.8129079136128099
2023-10-30,14,54,0.5916499641598238
2023-12-07,3,52,0.20018333927919008
2023-05-25,25,75,0.32483597441628087
2023-02-28,12,160,0.37382189337597327
2023-08-03,11,100,0.16671639473360544
2023-09-24,19,20,0.8763665037918185
2023-06-06,9,151,0.33156299216739593
2023-04-29,22,106,0.431202490649483
2023-09-26,5,123,0.8791885465766652
2023-12-26,15,152,0.09807324660275074
2023-10-08,15,80,0.7116077783266302
2023-10-03,25,114,0.3182558517813523
2023-12-14,11,35,0.9309228287940545
2023-08-02,5,96,0.3515650617026521
2023-02-14,17,185,0.5824733366138042
2023-08-04,9,195,0.598978112130461
2023-06-01,10,78,0.5236741743872648
2023-05-02,11,193,0.23128464592607578
2023-04-02,23,58,0.6077536838816257
2023-12-22,19,183,0.3437087578386291
2023-04-07,8,39,0.46651344400067773
2023-10-27,2,71,0.5106279534938487
2023-10-20,14,13,0.01828611978776662
2023-07-31,12,47,0.44928100699253826
2023-01-23,9,30,0.3368234480618004
2023-01-16,14,174,0.13661418947289228
2023-01-29,6,52,0.31464041875950644
2023-12-31,25,144,0.1788789647446165
2023-10-18,23,94,0.8615055124768872
2023-02-22,14,167,0.6004673927826203
2023-12-25,10,56,0.36442537465607105
2023-03-15,20,33,0.510971777548025
2023-11-24,8,3,0.9205846718682222
2023-08-23,2,23,0.6868040281028995
2023-08-14,21,164,0.2888244948187344
2023-12-19,4,59,0.6666690945576056
2023-09-20,19,49,0.14345242933408908
2023-12-11,12,101,0.3966478044595583
2023-03-25,13,8,0.8473476735941613
2023-07-19,22,113,0.05460838087607267
2023-08-17,7,3,0.5595953583401002
2023-02-08,2,71,0.691107469076634
2023-03-20,4,143,0.16004541623396495
2023-04-20,15,36,0.28617794994290946
2023-06-30,14,193,0.8290055568939858
2023-10-26,6,42,0.11705316389997222
2023-11-14,13,105,0.9602486612235627
2023-07-29,19,52,0.7401663339119683
2023-10-26,13,19,0.3916909176931286
2023-08-13,12,68,0.386150072903404
2023-06-15,14,40,0.6393102869900628
2023-09-07,17,160,0.34132122975698476
2023-05-19,7,4,0.468514985952046
2023-08-09,15,126,0.8718105152043518
2023-05-12,18,53,0.8912032667062619
2023-01-31,23,33,0.7404959943658243
2023-11-07,12,173,0.15020324822057585
2023-06-05,11,148,0.5079009106748377
2023-04-19,23,37,0.6104931167964248
2023-02-11,7,193,0.8750814950459502
2023-10-06,16,82,0.387212299357633
2023-07-07,24,166,0.3092081302001265
2023-03-20,15,88,0.3100341736029596
2023-07-20,21,12,0.17173184161159194
2023-04-30,15,9,0.5205119589223623
2023-04-13,18,42,0.5474083455350343
2023-01-02,18,38,0.06911797557528565
2023-10-28,19,144,0.5336258043852337
2023-10-03,2,113,0.925088390010078
2023-03-24,25,88,0.27446851540117556
2023-06-01,11,23,0.5517360155329644
2023-11-18,11,137,0.5701823464697844
2023-10-26,15,58,0.7200431915073289
2023-12-06,14,125,0.3353822996283109
2023-08-24,15,138,0.19234218384532797
2023-05-07,2,193,0.07830985724282025
2023-06-22,3,15,0.15542105470724366
2023-01-15,24,133,0.23205614836486688
2023-06-06,4,84,0.9542128362000067
2023-01-05,14,41,0.5579175832622179
2023-05-06,9,87,0.9709640960205276
2023-09-25,25,23,0.934396210337703
2023-03-10,1,79,0.1626227687717956
2023-10-31,22,153,0.7577231132510762
2023-08-03,1,169,0.6523376120412021
2023-12-17,8,101,0.9986228064297994
2023-01-17,21,72,0.5872712687905847
2023-04-09,20,67,0.017012497537048366
2023-12-04,23,23,0.9908596997728871
2023-02-20,7,56,0.8055872106133904
2023-07-17,14,152,0.7329994461762049
2023-11-23,2,177,0.23003185986897212
2023-12-16,7,115,0.8055266560364812
2023-02-16,12,76,0.8339407025414678
2023-07-28,15,192,0.12470541040070937
2023-10-07,10,15,0.47267477589818574
2023-03-31,24,127,0.9375741021474471
2023-12-04,8,24,0.3937359628189876
2023-03-07,16,31,0.4381299405080622
2023-05-17,12,146,0.8768729048331361
2023-11-03,19,29,0.013788698676151623
2023-11-07,18,17,0.9727882036326037
2023-09-07,23,109,0.5705694001276138
2023-10-23,18,192,0.7067559841755587
2023-02-22,22,187,0.29440090083418735
2023-06-22,20,8,0.08887024467655513
2023-07-17,11,102,0.501658622903902
2023-04-10,25,152,0.7621767389230674
2023-05-12,2,189,0.22741190999497463
2023-03-25,21,172,0.015313460146307079
2023-04-08,18,169,0.32788509989333214
2023-09-24,16,39,0.5908306976519544
2023-01-31,21,159,0.35805311601570977
2023-11-13,1,42,0.38810713719680834
2023-12-22,7,142,0.09279362399388957
2023-01-26,15,123,0.7501895615552447
2023-05-12,16,26,0.5970117233289142
2023-04-18,14,168,0.5242432256840182
2023-10-01,8,110,0.379798892166324
2023-04-13,12,186,0.2714641681071379
2023-08-04,12,184,0.513272005797645
2023-08-08,1,15,0.7498398871750437
2023-07-18,20,135,0.27547043892924417
2023-06-08,8,104,0.24803657800146306
2023-06-10,25,6,0.7237259740973945
2023-09-05,13,56,0.6121570134402126
2023-04-21,16,133,0.6473018445270341
2023-05-19,19,82,0.9573826916237383
2023-11-08,23,42,0.3067303121153737
2023-12-09,11,131,0.5474600448558743
2023-11-04,10,45,0.6894759763123649
2023-12-19,24,161,0.9946794426932105
2023-02-09,3,129,0.7934708977197037
2023-07-02,10,200,0.5872520726891124
2023-08-30,16,22,0.030962764908498586
2023-05-21,5,104,0.8920521356183485
2023-03-23,4,61,0.5955649110003525
2023-06-25,19,123,0.2085648464278994
2023-06-12,18,76,0.9587528810314385
2023-08-08,7,91,0.4017544725037825
2023-07-05,15,28,0.4999844262312848
2023-02-24,20,40,0.6640397763286974
2023-05-08,15,125,0.9480825768745913
2023-06-06,1,84,0.20268949466711783
2023-04-15,4,182,0.9099532184238754
2023-03-07,18,169,0.3186629770145569
2023-05-22,12,72,0.09190997226061681
2023-12-13,9,177,0.6504106222306131
2023-12-02,25,8,0.7987769766217413
2023-10-04,19,181,0.9952989099720768
2023-05-01,12,99,0.5764376735801622
2023-07-02,12,139,0.7739976063954471
2023-10-26,9,88,0.8121839805695095
2023-05-11,24,103,0.8756507260395765
2023-08-30,18,184,0.18041163190389886
2023-04-21,24,151,0.19397101697885344
2023-07-17,15,63,0.9680759341991421
2023-12-18,14,182,0.09220043156788871
2023-03-24,3,122,0.6834060569171486
2023-11-07,15,69,0.4292021646696047
2023-09-11,12,185,0.7675455381698484
2023-03-16,7,108,0.16895806572473626
2023-10-24,17,51,0.4472218689211509
2023-02-08,5,136,0.5124152972501099
2023-04-12,3,49,0.3750836317059013
2023-02-16,13,14,0.9442100219812825
2023-11-23,11,56,0.10862437705638517
2023-10-29,15,73,0.7972169163813999
2023-06-18,16,39,0.016855687856616508
2023-02-02,23,46,0.6513226054759318
2023-11-10,12,22,0.45382720826330636
2023-06-24,3,72,0.7137867308010675
2023-02-18,14,83,0.7712033464347499
2023-11-24,8,94,0.42957670683535676
2023-09-03,24,116,0.6303491575067072
2023-09-05,4,168,0.04028187454861454
2023-10-11,16,40,0.6954197473605418
2023-06-29,6,46,0.5694440252245748
2023-01-13,8,28,0.3304342418244889
2023-05-13,21,175,0.8332620476117619
2023-07-10,10,166,0.004926488120130412
2023-11-17,22,126,0.5956124022131469
2023-07-14,11,11,0.7926723352587692
2023-10-09,19,71,0.7753342298574389
2023-05-30,18,157,0.8190685970173419
2023-01-13,10,63,0.9603975104848324
2023-06-01,14,183,0.245388273410186
2023-04-03,15,64,0.8990127028310215
2023-06-14,21,96,0.17795280552044224
2023-07-02,16,41,0.6878974797328925
2023-01-01,6,62,0.5606911796104098
2023-06-23,1,59,0.3228751853359023
2023-10-21,22,172,0.0472835989874264
2023-02-06,18,194,0.42722034982936485
2023-09-15,17,53,0.7285763771740348
2023-01-13,21,107,0.3315952583090258
2023-11-27,20,8,0.39302312578479637
2023-01-16,18,30,0.38568150315570093
2023-07-18,23,123,0.0889517379869883
2023-06-22,24,115,0.004493240060669423
2023-11-21,11,104,0.8566044215762623
2023-08-02,15,158,0.4227898043702569
2023-11-16,2,176,0.8023486862567467
2023-02-16,3,147,0.7136354000905675
2023-08-30,5,43,0.5799528331844166
2023-09-30,22,184,0.8875766403607583
2023-10-07,7,117,0.030940408744545067
2023-01-06,8,15,0.5425145285869482
2023-02-04,22,159,0.1344294943948836
2023-08-31,1,167,0.5464268397604489
2023-02-18,15,121,0.9142924277992547
2023-10-09,3,56,0.1750428345431636
2023-07-10,7,176,0.6989755685957018
2023-07-17,2,126,0.8182962882872467
2023-01-31,23,12,0.29238940353190357
2023-06-05,9,176,0.4779570530644587
2023-08-26,12,117,0.3170336211028
2023-05-17,22,158,0.27592363916960083
2023-02-27,6,68,0.28951364071014696
2023-10-15,8,184,0.7874712277894962
2023-10-17,24,71,0.25070438033756914
2023-10-31,21,124,0.2366033074659818
2023-03-20,16,110,0.4342469237771973
2023-07-25,13,170,0.23061713876346013
2023-05-15,3,163,0.16401967974340126
2023-05-10,24,153,0.5640184846665492
2023-08-19,13,185,0.01564810014808804
2023-01-19,24,168,0.918041597574903
2023-04-25,5,122,0.4331058707097245
2023-01-06,10,177,0.09799745492397338
2023-02-25,17,92,0.22987333194846515
2023-07-15,11,161,0.7077805275976209
2023-04-17,15,167,0.808845489202001
2023-02-18,17,151,0.949545309062005
2023-01-01,19,40,0.7449849820390821
2023-05-29,6,113,0.6082287183733007
2023-10-21,15,192,0.5568098243151003
2023-05-19,24,158,0.9478265764104886
2023-09-28,10,60,0.20295122452075676
2023-01-21,19,45,0.45300493998304214
2023-10-26,18,61,0.11773638900557792
2023-08-06,17,30,0.34745709649606227
2023-09-20,7,95,0.08060179906317722
2023-07-09,14,10,0.22844700676732732
2023-01-15,11,40,0.27057333257467997
2023-03-24,9,65,0.35710948397512055
2023-09-25,7,38,0.649150433839887
2023-12-17,1,99,0.5463565587615937
2023-07-12,14,29,0.7540986613181633
2023-12-21,21,185,0.42670980890013777
2023-12-03,14,177,0.9303718986868491
2023-08-28,17,69,0.43377623800005616
2023-02-15,25,126,0.006222360590817377
2023-03-12,12,118,0.30989473184160166
2023-02-21,15,166,0.7286853404198508
2023-08-31,16,90,0.4443707660462686
2023-06-02,2,27,0.9769120372063493
2023-12-18,10,81,0.2874538416298361
2023-10-17,15,12,0.45540290774723824
2023-02-28,1,76,0.7223729178343514
2023-12-21,2,19,0.7672609996388204
2023-09-20,23,92,0.23792772282154162
2023-06-09,14,39,0.19574254555189496
2023-12-10,25,88,0.7665564694644246
2023-10-22,19,161,0.6349610134321639
2023-11-09,12,144,0.4245181347414769
2023-09-21,13,115,0.5938546906672652
2023-09-15,9,94,0.5143905451707469
2023-03-22,11,72,0.38692586751410285
2023-03-08,4,133,0.4828553681818426
2023-06-17,15,26,0.06896997081202272
2023-12-10,15,171,0.4750240441932051
2023-09-01,12,79,0.2985055967997985
2023-04-04,4,165,0.8867680062320149
2023-07-07,24,186,0.5442460581822929
2023-05-03,16,25,0.8733910643091942
2023-02-15,16,128,0.4390038195152467
2023-02-12,24,200,0.5522247537438653
2023-09-24,7,48,0.7170461860270946
2023-02-17,5,115,0.6262516676145705
2023-09-23,25,132,0.10618584709305534
2023-12-17,23,166,0.8748286738405827
2023-10-28,24,62,0.007488501930079994
2023-03-28,12,38,0.2538308208441785
2023-07-29,21,127,0.050716393298775975
2023-07-26,3,141,0.023673144756126807
2023-12-04,19,22,0.6500694859831541
2023-12-07,18,192,0.5498019441012092
2023-11-24,18,197,0.2034852102708805
2023-03-27,5,107,0.8796465629212523
2023-02-16,20,129,0.6596093065574763
2023-04-30,13,96,0.36573494002830387
2023-07-17,21,31,0.13493066259635556
2023-03-10,8,178,0.47344377841831453
2023-02-20,24,171,0.5483284646790004
2023-11-21,23,72,0.0013205405525809066
2023-06-06,11,199,0.5994688578422391
2023-11-06,20,111,0.5389920339446772
2023-10-26,21,89,0.7732457402989583
2023-05-20,15,69,0.28376402973288917
2023-07-07,22,46,0.5652723533917594
2023-01-10,17,119,0.1650140239608452
2023-06-05,25,13,0.9833483362954771
2023-12-11,14,62,0.09097527957529594
2023-08-16,5,125,0.8605977556890602
2023-11-21,1,30,0.9638849515236458
2023-01-28,14,80,0.8571801659147852
2023-02-03,15,105,0.7388851898078223
2023-11-05,24,51,0.5888303613837521
2023-05-27,5,13,0.7801736385809841
2023-08-08,3,51,0.48105441981691033
2023-07-07,12,17,0.6692793048368305
2023-06-07,12,47,0.16434517370502455
2023-03-15,6,10,0.2207070581826992
2023-05-18,25,3,0.39785403585872414
2023-08-07,16,43,0.7215058054360532
2023-01-03,16,134,0.5869630213172636
2023-08-17,17,191,0.20863392476880072
2023-01-28,16,109,0.7328340108851211
2023-06-13,4,106,0.9522656627474332
2023-11-20,17,122,0.6915655665129217
2023-06-09,7,176,0.9471776890754973
2023-05-24,8,29,0.9820462863216898
2023-01-21,7,77,0.449832418837409
2023-06-07,24,109,0.9135431890274088
2023-02-15,9,14,0.8428362057080805
2023-08-28,13,156,0.3399654934803329
2023-10-19,16,131,0.22269873401676732
2023-12-29,9,54,0.41746910800267856
2023-01-18,7,49,0.058861940352372244
2023-01-09,25,159,0.8783685478381636
2023-06-22,9,108,0.2815179925130795
2023-07-04,19,165,0.603581815894216
2023-03-31,17,155,0.8778006082620419
2023-06-29,25,100,0.45498403599527326
2023-03-24,8,34,0.15858066638317947
2023-10-24,17,26,0.2459082594937957
2023-03-25,23,19,0.8348084269067744
2023-12-17,1,2,0.6696449619785378
2023-09-23,20,164,0.0971544631429524
2023-12-22,14,9,0.6416105475588312
2023-10-24,17,89,0.3009870534730924
2023-01-12,14,139,0.6588924353339627
2023-07-21,11,85,0.010529961227805362
2023-10-16,25,129,0.5620412782890389
2023-08-03,7,79,0.6174273579600088
2023-03-01,6,22,0.1676700430191046
2023-05-25,9,123,0.5444629701881624
2023-03-08,25,119,0.5378545992257769
2023-11-06,18,150,0.7144425749269154
2023-09-20,24,177,0.9392849929374963
2023-11-07,23,149,0.005545570494759233
2023-03-27,21,188,0.47908937553501496
2023-08-20,11,96,0.05529918139068113
2023-09-01,12,12,0.9277746460502341
2023-05-09,11,110,0.2617325480268534
2023-10-07,23,168,0.3160188608546004
2023-03-29,16,19,0.7274632883721626
2023-02-17,23,39,0.25207166924963276
2023-12-31,18,184,0.254835671350114
2023-03-19,14,155,0.010491521377949509
2023-09-10,25,184,0.31497246800421264
2023-11-15,18,143,0.07946059832912311
2023-12-27,4,113,0.8340412426044024
2023-04-09,19,112,0.06758222738058739
2023-09-10,10,2,0.475889676942417
2023-11-07,9,158,0.10167574246010136
2023-04-23,1,150,0.6569209057167245
2023-02-07,4,127,0.0165050433430729
2023-10-17,2,72,0.911206554690378
2023-08-13,19,58,0.11918337797734802
2023-02-12,10,154,0.3774786574792074
2023-09-24,7,127,0.8326539489975776
2023-12-03,14,69,0.1925516641244449
2023-05-25,18,1,0.3052663870489135
2023-08-02,7,16,0.6541539810532234
2023-05-19,15,97,0.7232538831831514
2023-11-07,21,98,0.6300588867522364
2023-10-23,7,144,0.08693952678056138
2023-01-15,17,5,0.3030590836321516
2023-06-02,11,173,0.002106002065388468
2023-12-31,20,91,0.2261852495279868
2023-05-30,18,110,0.7925696041049902
2023-11-17,11,23,0.42106294612207273
2023-04-02,22,178,0.2439349739095391
2023-11-07,1,163,0.5118120631653188
2023-09-13,24,132,0.8060797813980066
2023-03-27,7,29,0.5342144562462078
2023-04-12,14,23,0.4865562937733975
2023-07-25,17,66,0.20121444389616783
2023-09-28,2,183,0.4038444695274397
2023-04-18,16,55,0.5539443495464355
2023-11-17,21,165,0.7208294141775827
2023-10-16,5,54,0.07476898954433608
2023-04-01,12,99,0.17646061320908824
2023-10-03,20,167,0.8402195621314272
2023-03-06,6,22,0.566606276262579
2023-12-29,5,151,0.5144595459573055
2023-05-16,22,21,0.9586860117945762
2023-10-13,8,107,0.7583072205746623
2023-04-26,12,48,0.31585014318579807
2023-08-16,14,108,0.4675264214274081
2023-12-25,23,74,0.21832718280713626
2023-12-24,3,27,0.6948742289368837
2023-04-29,20,114,0.9199382465682882
2023-10-19,21,31,0.9309600349021803
2023-07-21,23,188,0.9525372990989591
2023-01-05,23,26,0.21218276735846375
2023-12-20,15,10,0.2669723422086898
2023-01-04,1,61,0.3563643145347901
2023-02-12,25,75,0.7813186874829907
2023-05-28,25,131,0.9492383157223935
2023-09-25,1,94,0.27320067035895057
2023-12-08,10,70,0.1196445946527771
2023-10-22,7,112,0.08373998724953202
2023-05-17,24,106,0.9288824203730195
2023-01-26,18,158,0.6941160958474569
2023-09-24,19,72,0.19996154357315699
2023-12-13,2,28,0.22248660382448782
2023-09-04,24,145,0.2748129737742656
2023-08-18,21,17,0.7937168715149026
2023-02-09,18,190,0.1087120247800778
2023-10-21,20,41,0.8529469977105824
2023-09-06,8,182,0.3868078112014759
2023-05-20,23,191,0.046860088419071744
2023-07-15,2,179,0.2131074906629541
2023-05-14,7,71,0.2746923959213371
2023-12-27,25,150,0.48164089742831395
2023-12-27,14,135,0.863318465024893
2023-03-03,3,189,0.2794857533571826
2023-12-14,1,145,0.2767520210786697
2023-11-09,2,9,0.5308721457103677
2023-08-16,22,124,0.3244214173925707
2023-04-10,21,155,0.4443917575844014
2023-08-27,11,5,0.1164394452567259
2023-07-14,12,27,0.6484581034091593
2023-07-20,17,102,0.0012122855807472632
2023-02-22,5,187,0.4091451445305706
2023-10-18,21,26,0.8963378634002537
2023-05-18,14,124,0.12795207992834823
2023-08-12,12,121,0.618253648929916
2023-06-29,15,67,0.5301439981922633
2023-04-19,24,26,0.7883255510187336
2023-08-13,8,64,0.9956355867437576
2023-10-06,23,194,0.6154974774813154
2023-11-24,22,57,0.26885038521829807
2023-09-07,22,89,0.0071455852736938
2023-05-23,15,181,0.8391838845544554
2023-03-08,1,138,0.976753221069653
2023-11-17,9,157,0.13173515617325737
2023-02-22,13,53,0.3726049070549443
2023-09-11,3,190,0.5647847426075494
2023-07-31,1,2,0.735947374091401
2023-08-01,9,114,0.4199794009727361
2023-09-20,22,155,0.714111086520151
2023-07-18,24,107,0.0013224261011786087
2023-09-15,22,129,0.8787579315811271
2023-08-15,24,120,0.9920965783607615
2023-04-09,1,94,0.5637224953815262
2023-11-08,15,114,0.1988054399846474
2023-11-07,19,67,0.09147467758551664
2023-11-21,3,106,0.9809158267327032
2023-10-18,5,151,0.45886099529875457
2023-04-29,20,96,0.798453238887198
2023-12-16,8,38,0.40415895457448947
2023-12-12,24,4,0.9153297011280827
2023-06-16,21,79,0.8155234200619061
2023-08-25,12,158,0.23453389873582708
2023-01-26,14,15,0.02316846720695953
2023-02-26,23,110,0.6377651767490177
2023-12-24,13,5,0.5495887784357806
2023-06-12,10,158,0.3853102224096693
2023-10-01,8,63,0.21896611869031912
2023-12-21,19,153,0.634829045836986
2023-08-26,17,19,0.3051775616098693
2023-03-10,16,57,0.02317928982760309
2023-09-26,20,113,0.9181669351368964
2023-12-19,11,94,0.2471424272912799
2023-12-09,10,76,0.32368733809077765
2023-06-06,3,35,0.14649763212151556
2023-05-31,16,48,0.5940293742616949
2023-03-26,1,82,0.32585063017877025
2023-10-30,19,103,0.5877471733650859
2023-08-12,18,161,0.07043559428134338
2023-11-22,2,14,0.8874731921003068
2023-05-16,13,5,0.3014855863610658
2023-03-29,18,180,0.19676715408771905
2023-05-18,24,89,0.4802285052602686
2023-09-10,6,131,0.12130567745175724
2023-11-30,3,194,0.5862777590913466
2023-04-14,1,185,0.3155319495211889
2023-12-28,21,117,0.6171028129165491
2023-04-06,10,142,0.3360299661509102
2023-07-18,15,142,0.30264680495869256
2023-07-24,16,32,0.1813801705795366
2023-11-06,4,140,0.7616710039611414
2023-04-29,24,123,0.2709161038244292
2023-02-22,8,176,0.2734119998212676
2023-01-01,22,42,0.9309116213416625
2023-02-15,20,200,0.819629468481327
2023-06-04,25,89,0.1787158720671188
2023-11-25,24,20,0.09298621835471033
2023-05-02,21,187,0.873403698333754
2023-03-30,16,105,0.6564270727419385
2023-09-17,15,196,0.15583333883725636
2023-07-11,24,121,0.16626233379270494
2023-11-28,24,94,0.3656750897284291
2023-06-19,20,171,0.0985827517813247
2023-01-11,9,15,0.6343169401839966
2023-08-12,7,45,0.33760646595504296
2023-10-11,22,196,0.6987915946861338
2023-10-30,5,48,0.4802061499269932
2023-08-02,17,106,0.8355757237208727
2023-06-16,22,70,0.8329858401428935
2023-07-24,18,18,0.6510612940955482
2023-10-14,19,99,0.6620611839462738
2023-08-24,11,65,0.7207592836370084
2023-07-18,23,115,0.8734572532128058
2023-06-13,1,120,0.25758125634468043
2023-12-09,23,170,0.9546485361941303
2023-02-06,19,191,0.4309765126814372
2023-09-24,14,81,0.048922057162796295
2023-09-16,11,149,0.9618357469279911
2023-06-25,21,19,0.8768043397741719
2023-09-06,15,188,0.24823494375310162
2023-09-12,5,80,0.814874927585547
2023-09-11,10,96,0.9748649026323992
2023-11-29,22,13,0.21162577151789508
2023-09-10,2,75,0.8830368972811552
2023-12-17,23,94,0.311214850351646
2023-07-20,7,86,0.2812038118418908
2023-02-20,17,74,0.3938651522220553
2023-03-31,16,52,0.6492716699926251
2023-05-14,22,18,0.29270037351626166
2023-01-11,13,91,0.648262451394078
2023-04-17,5,149,0.4671053695423458
2023-04-16,10,143,0.5150940711664198
2023-06-16,20,129,0.33825943917249446
2023-07-08,14,157,0.24076197108816333
2023-02-26,20,194,0.9200802610919931
2023-01-16,11,170,0.9904602513564781
2023-05-13,21,117,0.5906179785308634
2023-06-12,1,27,0.12342881703008435
2023-02-04,22,40,0.3137275362089227
2023-10-18,20,100,0.12156694139215762
2023-10-08,23,193,0.5285777234999884
2023-09-06,6,91,0.3523148904039046
2023-07-05,20,105,0.5489967536431225
2023-08-12,3,148,0.17253519744058377
2023-01-04,22,34,0.5325159096256754
2023-12-24,3,106,0.8576128641743587
2023-02-16,24,147,0.4996110284339256
2023-04-26,23,146,0.40861483174969127
2023-04-17,9,112,0.03457112331467127
2023-08-26,21,98,0.8586702122388186
2023-05-30,18,181,0.4093139366874986
2023-10-23,25,87,0.8678881692289752
2023-08-22,9,121,0.8009535102612215
2023-11-03,25,158,0.681671350987042
2023-11-27,6,127,0.976898034253287
2023-09-18,17,1,0.7025236503274305
2023-09-16,18,60,0.4397907151880768
2023-07-08,1,180,0.9897917618829167
2023-11-02,23,194,0.16349402420468162
2023-02-22,7,25,0.13321495547967854
2023-05-22,11,129,0.762704293004841
2023-06-10,4,156,0.5953071410305131
2023-03-11,6,200,0.11972331808186132
2023-05-11,14,95,0.6243057366875309
2023-04-14,10,176,0.3503169227561346
2023-10-02,23,183,0.5125800694603705
2023-09-04,17,131,0.06243889817669901
2023-09-06,8,108,0.3371066874607369
2023-02-21,23,110,0.6028561737814644
2023-10-04,20,167,0.5877145576695328
2023-10-29,3,131,0.19257639294309148
2023-03-18,12,136,0.8976497545511083
2023-07-11,13,65,0.19218540026729658
2023-08-11,12,171,0.4812656412450512
2023-12-23,3,186,0.16918066616788796
2023-12-25,4,110,0.20277060863221785
2023-11-19,7,70,0.5711631868100926
2023-08-18,15,143,0.4860404059342195
2023-03-15,10,46,0.5666708299927291
2023-08-22,13,131,0.4918499419293303
2023-11-29,1,41,0.16909655735313367
2023-04-12,16,186,0.030659813943195502
2023-11-03,5,160,0.23079997962622245
2023-10-25,4,68,0.8221756048456682
2023-07-18,7,50,0.8254598825675737
2023-05-09,2,97,0.1614679777971989
2023-01-13,8,134,0.848058439570609
2023-01-02,21,156,0.27746343754795755
2023-10-02,9,31,0.5342744899035967
2023-08-19,16,163,0.703799896392819
2023-11-29,1,182,0.6254086748607048
2023-07-28,25,187,0.25495433119791555
2023-08-02,21,65,0.9141849874974501
2023-10-19,19,28,0.04789943778940353
2023-06-27,22,71,0.6964679573779052
2023-10-10,12,102,0.5400043128412224
2023-09-22,3,146,0.4651322542136602
2023-11-13,6,11,0.6543428711351671
2023-04-02,17,184,0.3872472766577386
2023-07-01,13,87,0.2178802788165224
2023-04-25,18,44,0.4017618179243967
2023-03-21,13,182,0.8294998574152671
2023-04-01,8,56,0.9938693907693411
2023-05-18,7,40,0.6056204247476271
2023-02-18,23,69,0.9383511742588453
2023-05-21,2,107,0.6451081836377272
2023-01-27,11,29,0.5863641691872779
2023-11-05,21,36,0.8198368475081624
2023-01-13,22,27,0.5874225395469163
2023-12-18,10,199,0.3891176266399714
2023-12-31,1,19,0.6775185898779986
2023-02-22,10,172,0.9784317821778998
2023-06-26,8,67,0.5366560584104144
2023-09-24,11,112,0.9964219972527752
2023-05-04,12,19,0.5359280915664237
2023-11-08,18,70,0.6818029161216731
2023-12-20,11,126,0.17181777840461798
2023-07-21,15,80,0.8373077619936286
2023-11-29,6,37,0.6600879748873122
2023-05-10,6,49,0.040336487416240185
2023-07-25,3,139,0.6334181341717676
2023-10-13,6,198,0.02756803790931095
2023-08-29,4,116,0.005434778613366276
2023-12-13,18,134,0.6862693950774971
2023-01-01,17,175,0.1742720361127239
2023-05-14,17,150,0.7936338672307095
2023-10-17,9,166,0.8771169361097971
2023-05-28,23,53,0.04664298611930118
2023-06-24,5,190,0.7603836832045949
2023-05-11,14,137,0.36055459886134744
2023-10-11,16,121,0.6727390282225626
2023-11-23,12,118,0.17464648901543312
2023-06-09,6,6,0.8895795893966167
2023-10-14,2,66,0.1324086396928984
2023-09-06,13,117,0.269951436261226
2023-09-15,4,35,0.6417064844837108
2023-04-19,19,151,0.3281988741574752
2023-10-18,8,15,0.979071590366746
2023-05-18,25,83,0.8131725598365364
2023-09-13,10,179,0.15779132340427138
2023-03-28,23,37,0.09400051407232912
2023-07-08,3,22,0.5859539298482814
2023-12-23,8,182,0.7754601970947969
2023-10-02,13,171,0.639139465435272
2023-02-17,6,27,0.3710446750683055
2023-12-20,7,78,0.832492570239767
2023-02-23,22,4,0.30315706328219705
2023-09-23,9,135,0.8247768125565593
2023-11-13,1,134,0.05424192733886368
2023-09-23,5,23,0.8023283047527665
2023-10-10,15,22,0.27510456856147203
2023-08-21,8,188,0.42736710170775627
2023-05-31,11,32,0.149326110249135
2023-07-05,24,191,0.8332834074491048
2023-11-19,20,69,0.6366605932990121
2023-04-03,4,84,0.39682945336200914
2023-03-12,20,179,0.8047057654757253
2023-04-06,9,24,0.67751896823619
2023-09-19,7,49,0.6533925518149405
2023-03-17,19,55,0.5892734246254148
2023-11-20,17,165,0.19974424144408576
2023-11-11,9,132,0.23436800221732423
2023-07-03,4,72,0.8483800213763859
2023-09-28,20,78,0.9150631019619608
2023-03-17,25,79,0.8789983443487044
2023-10-01,13,6,0.23318298980921648
2023-04-24,6,195,0.6099710459377362
2023-10-08,10,71,0.44108257283692576
2023-12-13,16,105,0.9232414884429997
2023-04-12,21,101,0.6071506902491939
2023-03-17,3,174,0.5031144387967268
2023-06-08,10,121,0.2926376617509715
2023-12-25,25,48,0.752079756153804
2023-10-08,15,71,0.9507931060468516
2023-07-24,4,56,0.6984171877889591
2023-12-08,22,25,0.34727081807000015
2023-11-04,7,183,0.977941985222165
2023-06-26,10,67,0.15910552309964587
2023-02-12,11,31,0.7056467345336195
2023-08-02,1,157,0.5644765687376687
2023-12-11,9,94,0.7054301228280536
2023-06-27,16,44,0.854712959722648
2023-08-08,2,85,0.7119490360203998
2023-01-24,18,169,0.9039216148981218
2023-11-25,10,191,0.030702322013271277
2023-08-10,1,65,0.6133058358838701
2023-05-26,17,18,0.9926678754150096
2023-07-02,10,123,0.009789335600981164
2023-01-06,6,158,0.04383345995510313
2023-04-12,5,41,0.3648210314757996
2023-07-03,16,143,0.8138319443152832
2023-12-11,4,67,0.2750818061693867
2023-08-27,4,42,0.1006047768111018
2023-12-16,12,86,0.3597445410309086
2023-07-13,18,134,0.6791112441273645
2023-08-18,22,117,0.15828765690967972
2023-01-20,8,197,0.9023926081794177
2023-02-02,16,186,0.03550196221165458
2023-10-06,6,134,0.8889116537166205
2023-11-10,10,47,0.6189137855309318
2023-03-20,10,94,0.19982580297968633
2023-02-18,21,19,0.8070103099900828
2023-06-10,7,181,0.44804396100039934
2023-12-14,9,20,0.38794764561894135
2023-02-27,16,167,0.4685424666933852
2023-07-30,16,95,0.9052788685568195
2023-06-08,1,152,0.9033751007534889
2023-10-13,24,112,0.2738884717372926
2023-08-09,24,34,0.45384796065341604
2023-10-11,18,158,0.26946043746190196
2023-02-26,6,96,0.3295411288000497
2023-12-31,19,24,0.7152870228692414
2023-02-25,12,95,0.13242858713085404
2023-01-31,16,172,0.31290991345800945
2023-05-05,24,72,0.18469161158357694
2023-04-12,25,135,0.23586086094954162
2023-09-13,7,39,0.3771322778014259
2023-03-13,18,15,0.25499757735140405
2023-05-30,18,3,0.9366731100567071
2023-10-18,23,62,0.7815975513993247
2023-10-13,9,179,0.061434874107690995
2023-02-09,19,152,0.6141779013799002
2023-07-08,2,73,0.5808918492359088
2023-07-16,16,141,0.5290466723212532
2023-07-21,11,27,0.5520228366255389
2023-07-25,7,15,0.6852658284722357
2023-06-26,11,147,0.37693828237839355
2023-10-02,13,152,0.7559429505873033
2023-02-23,12,55,0.9344787841956581
2023-11-03,6,154,0.34698168316323064
2023-08-08,1,39,0.05364821031152711
2023-09-04,14,153,0.9088659043996038
2023-06-23,21,162,0.3583902682947512
2023-07-16,14,196,0.8349438247640467
2023-12-30,23,144,0.06602478701371528
2023-09-11,14,94,0.14940701128062728
2023-01-04,8,105,0.6749085491514121
2023-02-02,14,159,0.10300189131305215
2023-10-01,1,188,0.9756550633904963
2023-02-07,8,34,0.3924931223505844
2023-02-08,24,168,0.16378473234527635
2023-12-08,2,130,0.35030729111893466
2023-08-20,14,195,0.5009358752799723
2023-12-24,25,181,0.9293496113403287
2023-11-24,9,112,0.355397543344421
2023-02-20,5,10,0.6891966345769265
2023-07-13,3,160,0.4757216439712073
2023-06-19,21,61,0.3260994871902634
2023-09-24,14,166,0.5558467312315382
2023-07-31,1,161,0.9062370885798068
2023-05-24,12,101,0.7569241829982826
2023-06-01,15,52,0.1694727262045027
2023-09-28,5,193,0.8168679271349649
2023-05-12,18,157,0.11262361063497217
2023-11-28,22,124,0.7104271216041663
2023-06-13,22,165,0.2515468326997289
2023-12-31,19,157,0.9090750047483631
2023-02-12,19,24,0.41494580253887914
2023-11-04,4,102,0.5098769884117217
2023-03-02,6,68,0.12248283690328554
2023-08-10,22,35,0.06411190155339253
2023-01-18,3,56,0.6164997873510918
2023-10-22,5,161,0.41580988263455554
2023-08-05,5,33,0.23733000939409254
2023-11-14,21,13,0.11119947776831329
2023-02-06,22,26,0.10674552142610971
2023-06-03,7,15,0.7692430663557902
2023-11-20,4,131,0.24639581744572292
2023-12-31,4,24,0.8084862435002976
2023-10-10,10,62,0.9971945730542556
2023-10-07,1,110,0.617366169188612
2023-03-17,9,164,0.5439928928717357
2023-01-05,1,72,0.8547639085384562
2023-04-11,8,87,0.10887172942913703
2023-10-29,22,141,0.6976693451320016
2023-07-13,22,128,0.43438690006669
2023-03-31,5,167,0.7016477930114162
2023-10-29,17,175,0.8194564015550664
2023-06-30,9,75,0.44176838224934023
2023-10-25,8,122,0.4420933433658706
2023-02-06,8,18,0.5903442958495043
2023-04-15,4,75,0.5998923598328711
2023-04-25,24,118,0.9926509652604604
2023-09-17,1,68,0.26661673954723497
2023-03-28,11,89,0.46233259981589414
2023-06-22,10,59,0.5365883418042637
2023-04-20,24,167,0.06576192562883154
2023-12-30,13,76,0.3978984186380592
2023-08-25,20,58,0.14818406905611636
2023-04-05,1,14,0.2179763856104131
2023-08-31,21,173,0.908002951882387
2023-07-31,17,4,0.5326081763281492
2023-06-25,14,34,0.7883344180392394
2023-06-09,14,120,0.25656644413814567
2023-08-13,25,122,0.4893346298116926
2023-09-01,1,46,0.28855503354977785
2023-07-25,15,68,0.3396697313899846
2023-03-17,15,51,0.8543535824104387
2023-12-03,1,122,0.5836589479291342
2023-12-16,3,126,0.8828073652564176
2023-10-10,11,21,0.8913028679229109
2023-04-12,23,132,0.8144238932276405
2023-08-29,18,23,0.9992698959484082
2023-08-24,4,81,0.9438658792178218
2023-08-13,12,186,0.5006363373031247
2023-02-20,2,9,0.8548499755561912
2023-01-01,8,72,0.24944288100385914
2023-01-26,22,132,0.5511365490776662
2023-03-22,16,89,0.13811258589924003
2023-12-07,18,20,0.5644560002192494
2023-08-22,5,50,0.22265815210357576
2023-02-01,15,5,0.8262347294991246
2023-03-28,12,66,0.6221422644634292
2023-10-05,9,31,0.9368037806716936
2023-10-26,9,190,0.007616008434577437
2023-10-08,5,49,0.9639768250143737
2023-06-17,4,158,0.574792651398078
2023-02-07,19,112,0.13182335961131442
2023-01-11,19,30,0.01243070968914639
2023-06-08,5,144,0.5564255583713198
2023-06-18,21,100,0.13608986542833434
2023-07-02,12,47,0.31015275943054543
2023-04-23,6,43,0.8617032382274755
2023-06-12,3,183,0.831707179169436
2023-05-18,17,20,0.7919109488027872
2023-11-22,8,15,0.1220426048784361
2023-04-13,11,79,0.8871736928367066
2023-02-26,8,62,0.44470566304310444
2023-08-09,19,191,0.49639471945923297
2023-04-04,15,52,0.15430305324899352
2023-06-13,3,127,0.6203718957526142
2023-03-10,15,147,0.21928145488435635
2023-06-17,1,108,0.995556441236227
2023-02-08,19,191,0.22602538050713006
2023-08-24,19,1,0.09603834612110729
2023-04-08,24,17,0.6427944936692667
2023-12-13,2,199,0.4707888796115256
2023-08-21,25,53,0.8185690227433986
2023-11-12,25,186,0.826864217756658
2023-07-28,10,85,0.33861410218996923
2023-08-07,17,15,0.44617845664093014
2023-12-13,14,89,0.7806846438071369
2023-03-12,23,22,0.6160387164134987
2023-10-18,3,123,0.06753278946167207
2023-10-16,24,180,0.6908642393581147
2023-07-21,10,139,0.18887055521430252
2023-05-12,20,152,0.7204444941864658
2023-04-09,17,14,0.4024208184605026
2023-01-23,9,158,0.5110200294726474
2023-03-28,14,74,0.8280919816100919
2023-08-01,18,166,0.3235042854317499
2023-02-01,4,26,0.549503116667742
2023-01-24,14,169,0.9236882305131728
2023-02-26,3,75,0.1091940599275566
2023-04-21,19,109,0.07626100976613037
2023-05-09,22,98,0.4918178398721842
2023-05-22,6,20,0.8815395485557518
2023-10-06,21,36,0.8590631090633583
2023-02-28,20,133,0.933550698917539
2023-10-23,17,138,0.3393541891584122
2023-10-04,7,103,0.21954750345104745
2023-04-19,17,49,0.9434298802158859
2023-02-07,20,46,0.02992360270957939
2023-11-15,5,84,0.647678414847876
2023-09-19,5,139,0.4164803777852386
2023-04-01,15,164,0.2623621150791058
2023-07-08,1,14,0.6724401238678621
2023-02-07,13,113,0.04699352235027687
2023-07-02,12,185,0.520808692554479
2023-07-27,24,22,0.6749680491138342
2023-02-10,1,112,0.40225897691150636
2023-04-17,17,53,0.21792782873955474
2023-07-20,13,182,0.6610716415346127
2023-04-04,14,192,0.17876669692978941
2023-07-24,18,152,0.8421020412255046
2023-05-21,5,191,0.2984084874479378
2023-12-21,19,174,0.3566904989568783
2023-10-19,2,81,0.5411595922555611
2023-05-31,19,127,0.5116286826628316
2023-10-02,22,179,0.9759047993097298
2023-05-31,25,121,0.6265080551033096
2023-08-02,19,85,0.556331358472428
2023-07-05,25,123,0.37483210804268663
2023-01-09,8,166,0.41871307074241726
2023-04-09,23,148,0.12896264783391342
2023-12-19,9,41,0.07934330441622361
2023-02-09,15,56,0.49599112136576384
2023-01-17,20,175,0.2300331868196439
2023-05-14,7,57,0.5588783450482467
2023-11-16,15,44,0.4870724755942739
2023-11-03,8,75,0.8453472863665767
2023-05-03,14,50,0.817643956499155
2023-05-06,14,97,0.5919222457786263
2023-12-17,4,197,0.6389334199758966
2023-04-24,24,121,0.8211332470351358
2023-10-07,19,134,0.5975974003293897
2023-12-27,16,23,0.8156423285137485
2023-12-14,8,194,0.7000255416916287
2023-12-10,18,79,0.5256889425609509
2023-03-17,13,173,0.8598583196875186
2023-08-01,12,41,0.3524655083129171
2023-04-03,10,55,0.5593489695330349
2023-11-01,25,69,0.3644225093712933
2023-12-28,22,74,0.9497790734796957
2023-12-10,24,106,0.7331540963396738
2023-07-25,10,153,0.5304335614316492
2023-10-17,15,171,0.08047880266573093
2023-01-08,19,143,0.26729667441711646
2023-06-24,1,199,0.6605147749441899
2023-08-02,21,39,0.9410548086370611
2023-06-01,7,127,0.16770116508155164
2023-07-05,19,166,0.5946280543541868
2023-07-15,5,8,0.9317219647657392
2023-04-23,11,140,0.9653599304408896
2023-10-31,15,183,0.5350242742509802
2023-11-26,9,142,0.8146644973222948
2023-04-30,12,7,0.43626263756699013
2023-11-22,17,68,0.2251178854630621
2023-01-24,9,36,0.2716864231885817
2023-04-23,16,176,0.001162880395129573
2023-11-22,18,30,0.8841848010759825
2023-10-04,23,122,0.517810818969194
2023-10-15,6,142,0.2280366851553206
2023-05-10,17,124,0.24431383168145882
2023-09-30,13,192,0.3093673324139984
2023-07-16,13,18,0.9631620195356974
2023-08-23,6,8,0.6480766353612906
2023-07-18,7,95,0.8291774211268949
2023-02-20,11,124,0.13034472225206561
2023-07-29,8,10,0.6314747088782421
2023-11-28,19,20,0.07474414071590407
2023-05-02,18,43,0.4443882453270517
2023-05-31,3,54,0.5692317347093034
2023-03-22,25,144,0.0968176892166901
2023-01-06,22,178,0.7771515901525133
2023-08-02,20,29,0.1444734941886724
2023-03-09,2,80,0.19389811521560263
2023-09-24,13,182,0.007463731209578994
2023-01-26,19,162,0.21494649593295345
2023-05-06,7,3,0.6589299537530502
2023-07-15,1,88,0.8631628356140479
2023-08-26,2,148,0.5995712952435571
2023-09-12,13,87,0.13780226460349598
2023-01-13,1,181,0.27154768278930463
2023-08-28,15,110,0.2058063857302732
2023-03-31,2,33,0.3645641339115001
2023-03-29,13,91,0.319163577668506
2023-03-22,21,116,0.16252570839076297
2023-12-07,23,198,0.8491650441357416
2023-12-12,25,117,0.05684699555297823
2023-02-19,13,110,0.27795379092125017
2023-03-31,25,169,0.7117409587091895
2023-11-19,10,99,0.32096219384050084
2023-02-04,10,97,0.32297395515005367
2023-02-23,14,82,0.8806285770813922
2023-04-22,17,36,0.19874516817781596
2023-11-16,12,74,0.09827331919214266
2023-04-08,1,91,0.7332309058276177
2023-12-25,11,62,0.2568804072548442
2023-11-19,14,69,0.8150262737407007
2023-05-26,25,196,0.9911994450656875
2023-02-21,2,25,0.97744747583535
2023-08-04,25,10,0.5892692261964774
2023-05-03,9,46,0.6008215830641712
2023-04-01,12,74,0.4073835060231433
2023-10-29,6,43,0.24044857574758383
2023-06-27,19,17,0.6986913687753221
2023-06-18,12,59,0.7696083314199117
2023-05-10,6,179,0.43244331342809905
2023-02-16,6,144,0.7777758232691626
2023-03-10,6,161,0.26276882327317774
2023-07-28,22,42,0.35926609473372073
2023-09-05,5,95,0.7226944503586302
2023-03-20,19,110,0.5194609933542813
2023-04-11,9,47,0.36640866956238216
2023-03-20,23,190,0.9867229512652234
2023-09-16,20,199,0.11976517053221614
2023-12-08,6,178,0.32765307879037664
2023-04-15,18,186,0.813306666506031
2023-10-20,4,195,0.7576996173760552
2023-12-02,14,185,0.6696879211764553
2023-04-10,14,74,0.7964157711135335
2023-01-15,6,107,0.05609541908106275
2023-12-28,20,78,0.4799912537151113
2023-09-10,23,166,0.6096590408136676
2023-04-10,12,158,0.36930230147045073
2023-08-09,15,200,0.9348530911727905
2023-02-02,21,42,0.7262990532158892
2023-11-04,15,131,0.3005713008183668
2023-05-18,13,70,0.3173770480613626
2023-01-04,17,141,0.6380904178295094
2023-10-11,21,93,0.1916599234328238
2023-11-19,15,93,0.49439390542825434
2023-01-02,5,109,0.11488748632988544
2023-05-17,16,15,0.13658302631525376
2023-11-11,12,92,0.5199485618125251
2023-06-05,3,101,0.8122101448391825
2023-11-27,18,126,0.7882557020493424
2023-03-10,20,142,0.034830626208388504
2023-10-04,24,123,0.004225330418717643
2023-12-18,5,163,0.03097055171816876
2023-12-10,8,181,0.8105403753482969
2023-07-30,14,84,0.14691575772090948
2023-06-09,20,51,0.6331768239338976
2023-08-01,21,131,0.48726402833471283
2023-11-07,12,146,0.4986072538740276
2023-04-24,18,81,0.756174077969706
2023-09-06,8,52,0.28533736485093364
2023-01-16,5,167,0.8206613744923311
2023-12-25,13,172,0.04573322933586266
2023-04-23,25,146,0.44570069520601174
2023-05-24,3,148,0.5784699321871274
2023-03-14,3,63,0.3564653174946557
2023-04-15,20,87,0.8964779376061318
2023-02-13,3,165,0.774215827871965
2023-01-06,21,182,0.3655944528591728
2023-09-01,18,94,0.04834011260124382
2023-01-01,20,96,0.20614006413280983
2023-01-01,8,136,0.4615899764781066
2023-03-04,23,26,0.039756842096862366
2023-01-08,5,172,0.2137765791595615
2023-02-05,18,166,0.026474147778490664
2023-06-16,2,75,0.3880500013236996
2023-11-05,9,141,0.40343877801589145
2023-12-06,2,30,0.29158854131896095
2023-08-19,13,15,0.4931894752151351
2023-12-27,17,11,0.6521753419839081
2023-08-27,8,99,0.7745604905932272
2023-04-10,6,136,0.2818800957647112
2023-07-01,9,40,0.9446595288397824
2023-12-15,17,23,0.7789825063360647
2023-08-29,10,170,0.2304553610071437
2023-03-01,4,105,0.5802546242895599
2023-05-29,20,100,0.09919260936589924
2023-03-03,16,36,0.11837918075464782
2023-06-16,23,61,0.8093342626844622
2023-11-16,23,151,0.554273091871414
2023-09-20,10,55,0.8231263399547096
2023-11-28,11,117,0.13256667711159476
2023-08-01,24,65,0.8111968046870239
2023-03-20,22,35,0.43868328878952123
2023-08-26,22,104,0.3913487426930644
2023-12-11,25,155,0.7680925935209595
2023-10-27,17,58,0.047958002546446
2023-03-22,2,134,0.27075489055309254
2023-09-24,5,141,0.8595456857110139
2023-07-01,8,24,0.9247238900629655
2023-05-15,21,36,0.05294870450217237
2023-09-29,13,157,0.8452775823927852
2023-04-25,19,139,0.293771962337551
2023-07-04,6,105,0.2875319447483381
2023-07-26,19,100,0.1769899880446505
2023-07-15,8,50,0.8864385642092225
2023-05-13,3,48,0.31954858127406005
2023-06-21,9,184,0.16959605788402998
2023-01-27,15,158,0.8890642396381955
2023-08-14,12,160,0.030531820530149245
2023-11-26,17,61,0.29988238534487877
2023-06-24,1,101,0.4388684674670422
2023-06-12,8,164,0.7559008110960229
2023-09-13,2,8,0.2778460020573664
2023-10-21,2,185,0.7368534921575798
2023-07-25,25,86,0.14115209890847502
2023-10-11,14,193,0.5839336481105498
2023-03-07,19,115,0.6437857504302283
2023-07-04,5,50,0.7425945768472049
2023-08-01,6,61,0.6552397851459717
2023-05-05,5,97,0.015167820117529485
2023-11-06,23,144,0.8167101750654502
2023-01-28,21,72,0.3620633305547327
2023-05-29,4,11,0.4892626704081846
2023-12-05,25,63,0.8384107347163184
2023-03-31,17,84,0.5559901840011201
2023-01-30,21,146,0.3347174136521808
2023-03-14,10,28,0.48986127790026013
2023-04-12,18,60,0.3913239956729878
2023-03-31,1,182,0.9738737901283732
2023-03-19,17,145,0.14950615860198135
2023-11-19,11,144,0.6748513314731751
2023-10-04,17,174,0.5853130886654851
2023-07-31,8,40,0.07111445436538688
2023-11-16,22,10,0.8455873754537224
2023-10-20,18,91,0.34450490000201817
2023-09-08,24,9,0.890587977173484
2023-12-11,8,56,0.3981996435702082
2023-09-09,18,62,0.7818450084936485
2023-11-18,25,148,0.12068871187832164
2023-08-26,17,171,0.3530827254029034
2023-09-25,8,196,0.5099702383912924
2023-04-28,12,8,0.7659687965617997
2023-09-16,18,139,0.2167423287117105
2023-12-18,8,152,0.24669469344538308
2023-06-07,23,63,0.9204072840922618
2023-08-07,24,89,0.6105057172138327
2023-10-12,10,20,0.6003856087286289
2023-06-08,22,168,0.07152166992309583
2023-10-26,22,31,0.6699404784991987
2023-05-13,6,48,0.7656499357358669
2023-11-19,17,5,0.9885288483840319
2023-09-10,13,79,0.15748206076940763
2023-12-02,18,191,0.7472523952760126
2023-08-23,14,177,0.5420908403416177
2023-07-14,2,28,0.921657927401515
2023-01-31,22,135,0.3135454888702065
2023-09-26,7,50,0.41842026923363984
2023-12-27,16,21,0.13144592642637998
2023-07-30,18,109,0.9330750438207494
2023-02-28,7,162,0.5772477676233347
2023-05-14,25,88,0.4534436275910284
2023-03-23,6,33,0.38345323126739095
2023-02-04,5,68,0.718325863720835
2023-04-16,18,100,0.4994887942095593
2023-09-07,20,2,0.9790396151547242
2023-01-05,25,2,0.12948140901468896
2023-10-24,17,135,0.27571969147089037
2023-06-17,15,58,0.42999051787055476
2023-02-18,17,13,0.3698324780338581
2023-04-28,20,91,0.12023958226781106
2023-01-29,21,61,0.9999939458296674
2023-01-05,23,49,0.10579939831916918
2023-11-12,8,30,0.7166472413314181
2023-12-24,5,78,0.6252132245700166
2023-08-16,22,23,0.9037781369233993
2023-04-16,12,4,0.04067021209334776
2023-12-30,22,48,0.3117464819752591
2023-07-24,10,154,0.33885661268729306
2023-05-28,4,128,0.6172183291314642
2023-06-04,17,190,0.5900742453812767
2023-10-03,22,88,0.1927503470842299
2023-12-21,5,9,0.7196741136876345
2023-07-12,16,12,0.5414487010454364
2023-08-25,14,16,0.740376011825353
2023-06-07,8,13,0.5853707236127891
2023-01-30,20,132,0.6924294614830483
2023-12-05,16,42,0.039756630532697845
2023-05-21,20,153,0.06049664904489449
2023-02-26,9,199,0.1652862094095925
2023-07-14,12,171,0.21747640390862777
2023-04-22,19,20,0.5426154140896529
2023-01-07,6,136,0.5848390737213403
2023-06-15,20,82,0.12217340429350076
2023-06-06,19,166,0.9727680101604871
2023-09-19,13,138,0.013549439984744338
2023-12-07,10,114,0.443764857315856
2023-11-05,4,57,0.8195658305881375
2023-06-26,16,115,0.6473848446736
2023-06-03,11,85,0.07404898979938335
2023-06-24,10,42,0.25074682980756435
2023-01-04,8,15,0.6721687540201448
2023-02-08,20,17,0.853896766281646
2023-08-26,6,146,0.03260366856366226
2023-01-19,11,53,0.48616621026886897
2023-06-29,21,14,0.9359727765235615
2023-08-13,21,76,0.08086704094815178
2023-04-28,12,70,0.11321652977218599
2023-09-16,6,37,0.3871536499622805
2023-11-21,4,24,0.988959140453387
2023-08-13,13,85,0.9956906649995002
2023-08-16,25,155,0.0953883077026001
2023-10-18,24,89,0.5616312420211095
2023-03-13,11,123,0.5346826051011093
2023-01-25,4,190,0.6694487084720561
2023-01-13,15,159,0.16654792542860364
2023-07-15,7,141,0.8568121123019585
2023-06-15,12,101,0.09346974020491594
2023-01-06,21,110,0.36938853967081786
2023-04-06,8,44,0.6755508540527952
2023-04-14,7,119,0.8981669039506612
2023-07-23,6,49,0.9004049513438147
2023-11-23,16,39,0.3024122912019521
2023-01-13,21,11,0.7857230618996378
2023-08-30,15,48,0.5540046131548036
2023-05-12,5,176,0.9158377636565639
2023-06-02,6,143,0.8504704490984778
2023-07-30,16,197,0.3440197848013796
2023-06-12,15,43,0.12257461036687012
2023-07-08,20,133,0.8490047649670283
2023-09-20,23,132,0.6593436245191763
2023-01-02,13,191,0.05453335852994756
2023-06-09,6,39,0.10566765699499892
2023-02-08,21,35,0.8688615578663608
2023-02-17,14,130,0.6630854632079541
2023-07-03,18,108,0.4214848065571084
2023-10-26,2,146,0.5647068397163355
2023-03-31,14,186,0.7105682056624163
2023-07-31,6,181,0.17328207710609156
2023-10-19,11,48,0.757333957189964
2023-09-02,2,12,0.9488404424223512
2023-01-30,5,133,0.13691444292656985
2023-04-13,17,67,0.07988457255058146
2023-09-20,15,113,0.9540949621351472
2023-12-26,3,39,0.35129387545458846
2023-07-23,10,24,0.8048281959393244
2023-03-09,8,55,0.6255460394556724
2023-08-23,9,115,0.29904068327770006
2023-06-27,16,66,0.595863248790623
2023-05-19,2,189,0.06988482764628401
2023-03-27,16,76,0.023244457849326938
2023-08-22,19,119,0.4511297755199475
2023-01-17,17,13,0.9870223325793095
2023-02-13,10,81,0.17086031154800096
2023-01-08,17,175,0.4133096596294903
2023-10-29,22,179,0.4641517767216412
2023-04-07,15,112,0.20706605287312352
2023-07-28,20,175,0.4419149107985286
2023-09-17,1,180,0.039944691224641726
2023-01-06,17,159,0.21023900480943603
2023-09-23,25,121,0.1703533044571599
2023-05-24,9,32,0.7948051130993029
2023-01-11,8,59,0.4755681265083196
2023-03-08,12,196,0.09540608213331492
2023-07-31,4,118,0.4586785040628225
2023-01-03,22,101,0.5609388441494665
2023-09-27,13,39,0.9341543717559206
2023-07-14,18,129,0.5717743914410837
2023-09-11,20,85,0.03778389596461529
2023-05-17,4,199,0.8544991359191472
2023-09-11,5,88,0.9359294519674467
2023-03-03,18,73,0.4839591778355816
2023-12-20,3,74,0.03241935183940614
2023-07-08,10,5,0.6205198703805057
2023-08-08,15,94,0.33708055013256344
2023-10-30,2,112,0.549129584527774
2023-06-27,21,123,0.951785199442751
2023-05-25,12,193,0.15022379624249593
2023-11-14,22,99,0.21242743015722643
2023-03-27,1,48,0.8280473029749043
2023-02-11,6,15,0.6999809147599358
2023-05-28,9,77,0.9069242010668652
2023-03-30,25,97,0.9301811818035298
2023-02-26,17,111,0.01170213718677382
2023-06-15,5,1,0.5060148055520008
2023-03-02,12,121,0.2740274703868396
2023-05-23,17,153,0.24118226044044466
2023-12-15,24,96,0.20970049029921867
2023-03-01,21,152,0.16712071448704724
2023-11-27,10,88,0.18567713742896264
2023-03-20,10,112,0.28369563487190574
2023-08-11,19,22,0.4368748407450017
2023-03-02,21,112,0.9802695200725765
2023-11-18,17,48,0.40035378487623396
2023-09-27,12,165,0.5405065944303187
2023-10-08,19,78,0.8941871148472588
2023-12-16,3,162,0.794854991545021
2023-03-01,10,103,0.5438279524215948
2023-06-13,17,141,0.7327785530161723
2023-08-27,9,57,0.708033244946724
2023-09-27,1,83,0.763735559594453
2023-09-11,3,80,0.2575527227592178
2023-01-26,6,136,0.4817352555167521
2023-05-19,5,119,0.28895139227989997
2023-02-08,17,161,0.4863914662874089
2023-10-30,20,32,0.19369786476368356
2023-09-19,4,36,0.7834863398317888
2023-08-13,11,94,0.6002946754903427
2023-04-29,8,133,0.01173128223428721
2023-06-09,1,156,0.566052874707625
2023-02-24,18,28,0.16040768517888826
2023-09-09,5,48,0.5012600958737619
2023-11-26,16,111,0.6648159351873072
2023-02-14,15,114,0.27414603540052496
2023-09-22,19,64,0.1789371151145419
2023-03-22,25,54,0.7611317705085909
2023-06-05,8,153,0.25332098040347817
2023-06-22,2,120,0.21170085751325451
2023-01-17,6,42,0.8454882957422815
2023-03-30,7,196,0.3723761627318123
2023-04-25,25,134,0.986122265926827
2023-06-06,22,42,0.9837962927258106
2023-04-25,15,146,0.7233925547322775
2023-05-09,7,61,0.966566088416917
2023-02-08,20,183,0.7848575996379207
2023-02-25,21,71,0.26258256003469305
2023-12-15,25,169,0.002143968973112198
2023-12-19,4,104,0.977334233176185
2023-12-27,16,123,0.29382216012270346
2023-06-29,4,94,0.845059407001138
2023-11-18,11,63,0.8393255835030914
2023-12-16,16,141,0.20020735836559522
2023-02-09,11,47,0.9076801766068663
2023-08-22,22,76,0.05861456153739841
2023-11-05,12,28,0.25738227140890246
2023-01-26,15,60,0.08827457292253338
2023-01-08,15,147,0.15052381680887994
2023-04-01,9,185,0.2841405553670844
2023-04-07,14,11,0.06522299951689758
2023-02-23,6,173,0.7307093062582982
2023-12-25,7,66,0.9559137988338363
2023-07-07,10,90,0.6566095896754741
2023-07-04,7,70,0.4373938656579588
2023-03-23,21,46,0.21998077905547897
2023-12-26,15,132,0.8018538725654326
2023-07-02,12,141,0.40585824632425593
2023-06-20,11,57,0.7413605884518248
2023-10-02,2,176,0.9355460052799488
2023-10-15,16,171,0.012543975218683556
2023-03-26,1,91,0.18792201026504418
2023-02-08,18,83,0.11895483247111982
2023-11-24,15,142,0.18531930876924851
2023-06-23,19,33,0.2916102422808031
2023-07-08,25,160,0.9168033860194914
2023-06-30,13,33,0.1767159621398381
2023-07-21,2,130,0.9571610761916439
2023-03-17,3,196,0.5797931612832785
2023-06-30,17,133,0.3499071949663066
2023-11-23,9,95,0.5098010561606955
2023-05-12,21,138,0.38540179488775383
2023-09-27,10,60,0.23404406822517954
2023-02-06,5,66,0.7563872195675109
2023-06-08,7,67,0.3013795366166946
2023-08-07,12,19,0.340671857711912
2023-10-05,2,118,0.16177045825759495
2023-01-02,3,155,0.487056457332647
2023-06-10,7,115,0.8673714628883414
2023-11-05,1,100,0.28004566613635307
2023-09-10,23,108,0.3650366945634085
2023-10-15,14,62,0.10030938825309343
2023-08-15,15,58,0.2981602189170729
2023-12-23,21,38,0.2095795583220521
2023-05-04,17,117,0.6563539575242964
2023-09-06,22,38,0.3220261878652859
2023-03-18,20,146,0.5184550873012562
2023-06-13,14,58,0.5308687258663358
2023-07-15,25,50,0.7976383406747003
2023-12-25,15,160,0.5118315607789778
2023-10-14,12,50,0.12628732307716783
2023-06-28,9,173,0.5705860048931874
2023-04-13,16,36,0.35191512254317625
2023-06-19,17,65,0.7352440537283171
2023-06-24,1,21,0.026662349205771485
2023-05-25,21,4,0.2966459179169365
2023-02-02,8,1,0.03628343665305389
2023-03-12,6,17,0.5244228308543588
2023-07-20,16,21,0.5250507685893684
2023-05-20,5,141,0.9467433752680298
2023-08-08,23,96,0.9813343361519575
2023-07-21,21,115,0.16840051365889674
2023-05-10,21,104,0.17350322439461996
2023-09-26,17,136,0.016462481316233846
2023-12-18,11,193,0.6024970202756749
2023-09-04,9,123,0.015369957690089087
2023-09-28,15,49,0.094564534392514
2023-03-15,5,30,0.40596380159406475
2023-03-30,12,36,0.21475232005080336
2023-05-17,17,162,0.9346237842679384
2023-08-15,15,71,0.09563679213550524
2023-06-24,21,152,0.0021948340801780652
2023-01-25,6,173,0.8048272916556026
2023-02-23,18,156,0.5306071896466809
2023-06-11,12,192,0.24099261315498421
2023-09-08,19,66,0.6846921920488943
2023-05-12,11,115,0.7089863386791847
2023-06-05,5,9,0.8496831527071206
2023-10-25,4,101,0.03281540840606034
2023-08-25,8,129,0.10649685655892693
2023-12-25,18,80,0.9426726820128868
2023-01-28,18,28,0.03345536857703446
2023-01-16,4,197,0.9513166347349293
2023-03-17,6,99,0.02983509516153593
2023-07-31,4,161,0.7938565644397482
2023-05-24,16,147,0.47407776853490735
2023-06-16,10,58,0.6320211825410096
2023-01-02,21,56,0.05475840861510617
2023-09-05,12,192,0.3073510197723499
2023-07-17,11,173,0.04382144020798551
2023-12-19,20,61,0.8652503048224567
2023-05-18,7,94,0.2746443395062328
2023-07-08,15,186,0.44367643219434627
2023-03-04,14,4,0.4577555106321449
2023-01-08,5,96,0.8989897774140042
2023-01-22,15,176,0.8811907127744115
2023-09-28,13,168,0.7270010024814808
2023-03-16,10,152,0.319442233265945
2023-05-07,8,87,0.6545843771052551
2023-06-17,9,162,0.2977410182710194
2023-12-13,12,84,0.1518744654118056
2023-01-23,24,167,0.709706566346453
2023-02-09,16,154,0.20849014124394694
2023-04-10,2,83,0.24119014341037837
2023-02-05,17,64,0.8782178966856339
2023-03-18,24,126,0.1229682588485893
2023-04-05,16,196,0.745100309091552
2023-02-22,3,60,0.02974325538236422
2023-06-04,5,133,0.8327683780267238
2023-01-14,16,101,0.13798956396010864
2023-07-21,17,166,0.43336012001941004
2023-03-11,23,49,0.6706718269607157
2023-06-19,19,137,0.48840977914593386
2023-03-22,6,69,0.33877489791175885
2023-04-18,22,109,0.3850841720050304
2023-07-22,11,88,0.010559948631366
2023-03-04,12,46,0.8219281771055706
2023-03-18,23,135,0.46974444021117945
2023-12-12,22,131,0.37562553477116
2023-01-10,24,142,0.023973944159126237
2023-05-02,6,88,0.7677051773184874
2023-08-08,21,124,0.19284267719492998
2023-02-05,5,126,0.057935348335082515
2023-07-20,6,154,0.9214830609657795
2023-03-03,16,190,0.6898517433740321
2023-04-12,1,89,0.43294725198775486
2023-02-27,7,58,0.7900526177734232
2023-01-24,1,124,0.6456819349202544
2023-01-12,23,75,0.5473069067718118
2023-06-20,17,132,0.8163348943467054
2023-03-03,14,185,0.31827788725417216
2023-10-28,1,101,0.6823023942535485
2023-01-27,21,58,0.7879518278093287
2023-06-05,24,186,0.13888077766300677
2023-05-20,11,62,0.12889563191461184
2023-09-27,24,182,0.05601033381452181
2023-04-21,11,29,0.17043298805111373
2023-11-20,20,76,0.21618920200665703
2023-08-05,13,124,0.2233306918151884
2023-12-30,16,27,0.1068155981098412
2023-06-25,25,140,0.9005454779944491
2023-03-24,12,163,0.024212375103581207
2023-04-28,24,35,0.016787007085866
2023-04-16,14,96,0.14783961679403557
2023-12-20,10,97,0.7030531043388841
2023-11-16,15,182,0.331287565154991
2023-11-20,24,120,0.22719613044897669
2023-02-05,18,47,0.3243247370308884
2023-07-01,21,88,0.5606820767948081
2023-06-29,9,108,0.8593931258265416
2023-04-02,19,18,0.13916288463954152
2023-11-23,24,179,0.5762968160404589
2023-10-02,15,167,0.4030565424648841
2023-10-05,5,122,0.3707005447624715
2023-02-03,1,22,0.9597066879011523
2023-02-05,25,9,0.9276495444283436
2023-11-21,2,185,0.46131152437217526
2023-06-13,7,167,0.24455032137397992
2023-01-07,2,123,0.22111044529384805
2023-09-01,8,139,0.9169616609756134
2023-08-19,4,66,0.02887496139895729
2023-12-30,15,87,0.07015686226499918
2023-06-20,1,147,0.2988290706826515
2023-11-03,19,185,0.6355372274531225
2023-12-28,18,48,0.15707216461201434
2023-12-14,5,8,0.5245839055480387
2023-07-25,23,185,0.8610379251006921
2023-05-30,23,160,0.306755137586321
2023-03-25,5,65,0.12748161706026095
2023-08-18,13,166,0.815949174854678
2023-10-05,1,159,0.5616898683756903
2023-12-30,21,36,0.2999809770922316
2023-04-19,15,24,0.6979498724781423
2023-07-12,6,120,0.6184893898398828
2023-01-17,10,134,0.7768393621512609
2023-05-06,19,111,0.633170806380502
2023-08-26,17,195,0.38539424148556867
2023-04-04,18,44,0.6665422744042666
2023-01-23,5,40,0.8437169859148258
2023-12-24,18,146,0.9252515151863464
2023-10-05,21,84,0.9162829182601507
2023-10-19,16,29,0.40443106486754876
2023-11-12,20,93,0.38716627693196626
2023-08-07,6,180,0.17289376942702805
2023-08-20,12,150,0.17106055540487886
2023-01-06,13,74,0.4900391350025368
2023-06-14,7,56,0.2680884673721212
2023-05-08,4,47,0.9204385250542543
2023-08-24,16,4,0.8423164401995151
2023-12-12,6,134,0.00855485960699498
2023-07-25,21,14,0.20234625262293382
2023-08-05,5,95,0.09992098012967177
2023-05-20,17,84,0.38772721951014
2023-12-08,8,17,0.39010814542118366
2023-11-27,6,105,0.7035405391936798
2023-12-03,16,152,0.26210978263344886
2023-11-16,2,123,0.289046930420753
2023-06-15,25,62,0.7169389114247626
2023-10-20,13,155,0.9043642005754636
2023-08-01,22,134,0.10670917878866715
2023-08-24,13,171,0.8458273494376265
2023-12-17,10,159,0.3356680364410909
2023-10-06,5,151,0.05602291543810056
2023-09-08,13,53,0.2662816983038806
2023-01-09,10,33,0.8450849940424152
2023-04-21,15,57,0.18755831752171293
2023-05-08,25,101,0.8844589243633817
2023-05-28,12,145,0.33595588043722746
2023-12-17,12,187,0.12596803005716695
2023-02-09,23,177,0.3624623623776052
2023-08-15,5,200,0.023291665615493673
2023-11-24,13,147,0.14967739700374105
2023-07-02,2,113,0.5386706005335575
2023-03-04,16,139,0.4116715169290506
2023-11-28,12,37,0.09199478408397488
2023-07-30,1,94,0.15416838050922932
2023-05-21,3,101,0.8953676059639759
2023-04-04,17,124,0.1003099183285252
2023-08-12,6,64,0.7393218927190109
2023-01-14,12,156,0.5421269268252404
2023-10-02,7,94,0.7708052300966937
2023-05-10,18,68,0.02090136234469775
2023-03-27,1,125,0.2713697685422478
2023-01-31,17,59,0.35371072006608184
2023-04-24,22,139,0.4328434938644291
2023-02-15,25,57,0.3050170427335811
2023-07-11,21,44,0.8784677362815687
2023-08-15,24,194,0.3625192934018222
2023-02-11,18,93,0.12362386772340184
2023-07-14,15,85,0.3555490056388959
2023-02-07,2,19,0.47251836850585127
2023-05-29,2,84,0.0446416478413495
2023-02-12,22,97,0.15766464480909603
2023-06-30,20,88,0.331648221412132
2023-12-09,22,75,0.9192024114811131
2023-05-25,7,137,0.7237702561240206
2023-06-22,11,118,0.6625818864029726
2023-07-07,2,64,0.475343454687717
2023-07-09,12,193,0.9543488050281088
2023-05-28,16,19,0.49714602018318566
2023-11-15,13,165,0.5418364162530512
2023-02-23,17,121,0.2551385175532299
2023-02-06,5,174,0.809843584176236
2023-09-07,22,9,0.5253572274259869
2023-05-21,20,110,0.2255592161580754
2023-07-17,12,105,0.8432832935070341
2023-05-28,21,199,0.903069889612555
2023-09-19,8,135,0.5223925638564453
2023-12-29,11,158,0.7922179826075565
2023-07-12,6,125,0.759779542061653
2023-10-28,12,44,0.37138286670029785
2023-06-27,11,94,0.22456477526770913
2023-07-07,21,181,0.8541534967730953
2023-04-28,21,157,0.07441848556732111
2023-04-10,18,78,0.5879141169641493
2023-09-14,7,69,0.5743289353944734
2023-10-12,22,155,0.10413828772889544
2023-11-20,23,56,0.9568701236798743
2023-01-26,14,5,0.6852046706794278
2023-09-06,7,19,0.9786309608076748
2023-02-11,6,73,0.8570566943116633
2023-11-07,20,111,0.780317474887582
2023-05-26,14,195,0.5756060230309308
2023-11-02,9,52,0.9056442615601841
2023-10-21,12,197,0.5321147890597719
2023-12-26,23,126,0.20433392128722305
2023-02-20,21,114,0.29206866261095876
2023-10-21,17,17,0.7018957878789056
2023-06-01,16,96,0.22491938843365678
2023-08-01,25,125,0.08259501017709492
2023-08-11,19,157,0.012194710943054576
2023-07-10,20,72,0.5369530543065981
2023-08-01,19,142,0.3492951957735293
2023-10-01,4,190,0.9659958337669639
2023-08-24,13,200,0.3821897914928347
2023-03-21,6,67,0.7406792992167022
2023-03-12,9,134,0.025640014185404958
2023-07-15,7,184,0.7706599285417095
2023-04-18,4,185,0.05147739237681237
2023-04-13,23,4,0.9762420523827198
2023-05-30,3,90,0.07773629077419086
2023-02-09,12,75,0.8019636008191554
2023-05-15,10,123,0.13487088572097494
2023-12-04,9,146,0.6422338189351063
2023-12-07,21,21,0.5539525847611526
2023-08-03,2,192,0.3218234799468782
2023-02-10,12,17,0.06089525738903778
2023-09-29,5,71,0.20547397039369364
2023-03-01,5,53,0.47486230617454417
2023-05-21,14,102,0.35745332037843114
2023-08-14,14,192,0.799652810458186
2023-10-27,15,127,0.6874312801570205
2023-01-13,19,64,0.252875894330426
2023-11-13,25,78,0.25749920947547267
2023-01-02,6,142,0.7086139945747245
2023-06-28,9,38,0.013238727261063454
2023-06-12,22,22,0.6913814559939305
2023-12-02,13,47,0.6383619475077853
2023-10-05,15,194,0.5854921540179845
2023-12-23,1,166,0.43146022669252293
2023-11-08,8,172,0.17976898606991487
2023-07-05,7,8,0.28152325356523
2023-12-24,7,82,0.045167957868387454
2023-06-11,14,88,0.6841361839069559
2023-04-09,9,13,0.9221126084808727
2023-05-12,14,177,0.4100968926317977
2023-03-06,4,98,0.27860740110010074
2023-04-12,15,85,0.2189402784700023
2023-01-18,25,50,0.12579483139004533
2023-02-13,17,94,0.7630882769721208
2023-06-30,18,23,0.28989435645546824
2023-06-14,10,21,0.6088368612019815
2023-09-29,7,10,0.0003268847458163249
2023-08-30,10,73,0.5362915287951617
2023-08-13,25,121,0.6849335222069532
2023-01-29,11,199,0.8571737343012878
2023-12-14,8,25,0.48651611652175397
2023-07-13,10,14,0.3783522132138214
2023-06-03,22,32,0.17366270876134549
2023-07-30,15,1,0.5736696431560177
2023-04-10,4,41,0.6527243798001314
2023-10-15,5,28,0.8513478318043853
2023-01-09,22,102,0.8530846630783558
2023-01-23,23,27,0.19848941413653576
2023-07-18,16,73,0.308884179976577
2023-06-17,21,96,0.9041537770585801
2023-01-17,5,67,0.34240192950510273
2023-12-20,18,177,0.34520784111625236
2023-05-19,6,128,0.24731226445831878
2023-03-02,15,14,0.6592637092796345
2023-10-06,2,154,0.020166825409899114
2023-06-16,15,67,0.21445830717382108
2023-10-06,4,40,0.43591984059106115
2023-08-07,8,134,0.7046360717505459
2023-02-06,24,184,0.997360708367289
2023-08-16,8,192,0.801653016865075
2023-02-08,24,199,0.472373995502408
2023-04-11,16,182,0.1014412307619772
2023-06-05,18,53,0.974723851792483
2023-07-24,7,114,0.12948678506871547
2023-05-23,22,142,0.6156076031126164
2023-05-05,2,65,0.650708669063762
2023-01-29,9,153,0.9320219581283303
2023-06-16,4,187,0.796870607715536
2023-09-15,2,42,0.35311443234122186
2023-12-06,21,114,0.3049340424007808
2023-03-03,11,176,0.6421615945225583
2023-03-17,22,98,0.09653155476992803
2023-10-24,4,19,0.1532823871302993
2023-06-30,18,117,0.8384798395686984
2023-08-07,16,9,0.6698778771429933
2023-02-09,1,44,0.26282564949811593
2023-02-25,13,106,0.3304698462282162
2023-10-18,18,164,0.20904426570840362
2023-03-29,5,57,0.5559660459244108
2023-01-28,21,6,0.2780388483353873
2023-04-28,7,53,0.061616682268454626
2023-06-10,7,70,0.5314302376296977
2023-06-24,21,127,0.5608803378823068
2023-08-05,12,184,0.229762837228777
2023-12-31,22,100,0.4504112591063376
2023-03-14,9,102,0.2918914588081679
2023-12-18,18,13,0.3557432696148872
2023-06-09,9,37,0.8586041602514355
2023-05-07,8,123,0.4839120796101273
2023-01-14,2,196,0.6614637491299228
2023-08-16,22,197,0.5246894475718193
2023-09-04,17,190,0.15672620388362435
2023-04-21,10,45,0.2589082054759507
2023-08-03,20,81,0.8799442274487851
2023-07-22,25,197,0.32191893320220055
2023-01-13,25,176,0.6978821638388174
2023-09-06,23,199,0.3414177662300627
2023-02-18,10,173,0.7550400483509392
2023-08-17,10,50,0.7668972753755098
2023-05-07,5,105,0.035722269600155454
2023-11-25,18,102,0.12469174437357322
2023-02-13,20,155,0.949044099742166
2023-09-18,2,60,0.1692247981483198
2023-06-12,17,152,0.31883878492473305
2023-06-21,10,92,0.47676884393303753
2023-02-27,23,57,0.42577874059748966
2023-01-21,9,121,0.8069290209405843
2023-05-05,10,55,0.07109342704398236
2023-07-01,23,41,0.4582013203474714
2023-07-25,5,175,0.8263668136217385
2023-11-21,15,106,0.7006616852466849
2023-12-11,14,152,0.6790735122598938
2023-02-09,11,5,0.06661092280536207
2023-03-25,21,32,0.48121377419276834
2023-09-18,25,166,0.8034438694575677
2023-11-19,11,121,0.10486276926921467
2023-12-04,10,134,0.9870670585779766
2023-12-16,15,196,0.4761405347591038
2023-06-17,15,74,0.8635761391284347
2023-11-05,14,151,0.3704984841000768
2023-06-15,2,41,0.36563383660864146
2023-11-10,16,144,0.5188374632713699
2023-04-15,24,183,0.8792813318075992
2023-03-10,23,31,0.4336544840589093
2023-09-18,4,140,0.8240876164053835
2023-09-04,1,187,0.7801941231889595
2023-07-04,19,90,0.37657745148563015
2023-12-13,16,162,0.4843835642557023
2023-02-08,6,164,0.41951157719994114
2023-09-06,23,64,0.6691745821580883
2023-01-14,11,160,0.3798223463732464
2023-02-13,17,175,0.06653666759748067
2023-08-11,4,52,0.8680627270057711
2023-03-22,5,2,0.3419322005138268
2023-05-21,10,165,0.17086278754141904
2023-05-31,15,104,0.8250630423006223
2023-11-04,20,29,0.31292703599749905
2023-02-02,1,21,0.8497036158831698
2023-03-02,25,93,0.4104056389681371
2023-11-15,22,72,0.6048282987624221
2023-12-17,19,167,0.4175433051067444
2023-08-05,5,183,0.5555772226642349
2023-07-20,12,145,0.6391575812894682
2023-01-05,14,127,0.47399659657554827
2023-11-27,15,44,0.991814571473918
2023-11-17,1,12,0.15281061421581588
2023-09-24,7,141,0.4187088679884158
2023-11-21,6,20,0.9802159142970087
2023-02-04,11,76,0.21883839304022246
2023-08-30,4,113,0.44070584544019875
2023-11-15,2,85,0.6942850478750069
2023-02-25,25,109,0.16025308519762782
2023-03-10,23,61,0.3897610230775005
2023-05-29,4,132,0.9084739350587449
2023-04-27,24,24,0.22736893303925787
2023-06-23,8,94,0.7905699984122636
2023-07-10,25,86,0.07109098871993913
2023-04-13,19,32,0.3214905715956732
2023-06-01,18,78,0.22492090470702253
2023-03-18,22,100,0.21478036600632322
2023-12-27,20,20,0.8206816064514664
2023-12-04,24,37,0.707861407208751
2023-12-21,7,175,0.916973054753024
2023-08-03,22,47,0.23135976614627263
2023-11-09,11,178,0.6230317198150226
2023-10-10,14,142,0.6984836914776381
2023-11-21,13,158,0.7025046162963733
2023-05-21,20,159,0.8363548940454947
2023-02-16,10,155,0.8117752628776715
2023-02-27,10,74,0.9117484689713466
2023-08-30,13,141,0.6097010929903861
2023-05-19,13,100,0.34550741091436943
2023-11-05,22,106,0.11324603796814658
2023-10-09,7,35,0.8498422470408719
2023-07-06,18,55,0.5235481932171244
2023-07-24,10,91,0.8620234727629722
2023-05-30,11,99,0.11768290044667351
2023-12-01,12,25,0.6942035724321698
2023-02-04,5,170,0.8843521475948196
2023-12-16,6,58,0.8677722376141781
2023-03-22,16,19,0.2783420149242797
2023-04-13,19,58,0.9951955639129895
2023-03-11,8,183,0.4694889384062989
2023-11-25,23,159,0.35258102267593383
2023-10-09,7,4,0.5278177590577563
2023-04-01,19,73,0.5833242452402051
2023-03-06,18,58,0.7547517346469812
2023-02-21,18,102,0.502374049380683
2023-12-11,15,166,0.17757085823092777
2023-03-15,5,175,0.7373490997709546
2023-08-07,6,97,0.4260609953205714
2023-02-28,22,39,0.6014472480542915
2023-08-03,2,63,0.9760549941304514
2023-09-23,5,182,0.7806033951730074
2023-06-07,19,37,0.13287581151706096
2023-11-15,24,78,0.9611068845137185
2023-06-15,4,53,0.6915784355073493
2023-09-06,12,167,0.4566877704854453
2023-07-23,15,96,0.46028130819448854
2023-02-08,7,192,0.8649379115831355
2023-01-01,3,19,0.24428586156385468
2023-01-03,19,89,0.40520929265470607
2023-04-28,9,196,0.6362411837937642
2023-06-23,2,157,0.7046902797180004
2023-10-09,17,194,0.11408859724980969
2023-07-07,12,21,0.2571940905892184
2023-08-01,19,138,0.017715487582804723
2023-07-02,12,143,0.5451068693905099
2023-12-04,7,35,0.8494639266836562
2023-03-08,9,9,0.8420251852128969
2023-08-28,9,34,0.761717483524363
2023-03-06,11,46,0.46467967043124137
2023-05-18,12,78,0.973473014688898
2023-09-07,4,131,0.11502526514566924
2023-12-13,13,19,0.1720926668415711
2023-10-04,22,7,0.4982672646149564
2023-10-21,10,183,0.044806667750218354
2023-08-26,24,28,0.2081541570916129
2023-11-08,2,45,0.9110270301428138
2023-06-05,17,151,0.8665178964735221
2023-03-16,10,51,0.46704474706356813
2023-05-19,16,29,0.2314694323739196
2023-06-08,7,118,0.5981055285936613
2023-08-18,13,154,0.9780242073705093
2023-10-27,13,116,0.6104276041045008
2023-03-04,4,29,0.43415476740699044
2023-10-02,1,105,0.9984058672666168
2023-04-23,12,3,0.35285552146932575
2023-12-19,25,17,0.6173206770823063
2023-08-15,25,166,0.842790170014623
2023-02-26,13,18,0.7117062154192607
2023-10-29,24,32,0.8995954608980276
2023-07-26,21,58,0.7508128674832142
2023-07-24,15,3,0.27276343324091523
2023-05-05,14,143,0.3192505442101341
2023-11-18,15,184,0.8536531176317141
2023-12-31,18,93,0.8445970996759522
2023-05-23,17,49,0.9882654705040781
2023-12-22,20,151,0.657671354451896
2023-03-22,1,52,0.7151170252945594
2023-11-10,9,150,0.6426825186544379
2023-09-09,19,104,0.42816222448257624
2023-09-21,8,2,0.1300316829839524
2023-09-08,13,59,0.5963675123147472
2023-07-22,12,161,0.005754791502839085
2023-11-16,12,136,0.4359330988084452
2023-10-17,12,4,0.9914717763271187
2023-06-11,12,70,0.4397714357778775
2023-10-19,9,65,0.8729740964602765
2023-04-08,17,138,0.21618060797675653
2023-10-12,22,34,0.6909210765938391
2023-01-17,14,21,0.9141912840526804
2023-02-08,15,156,0.7331989548742532
2023-01-04,8,56,0.11204709361618115
2023-10-03,1,108,0.34416523572064717
2023-12-23,19,8,0.7350685105284007
2023-02-18,2,173,0.013125179390528596
2023-03-28,5,28,0.1456037026295468
2023-10-31,12,17,0.8132743476042569
2023-09-23,2,77,0.36665011540534564
2023-08-18,6,117,0.023933672952797136
2023-12-19,23,67,0.848910114903973
2023-12-26,8,193,0.16760878173003102
2023-09-17,15,128,0.24422826883519488
2023-02-23,7,96,0.5991658381883673
2023-05-22,10,2,0.3663957138818539
2023-10-06,13,7,0.13666447816201843
2023-09-19,24,69,0.30764118236004323
2023-10-11,8,107,0.23405209517177716
2023-09-25,4,64,0.1746507687595269
2023-03-30,24,91,0.557958229584956
2023-10-13,13,193,0.3346957013918994
2023-11-04,25,15,0.2349238172906114
2023-11-17,12,67,0.6387251458359685
2023-08-07,17,62,0.684379098923648
2023-08-13,12,183,0.6699810062930567
2023-03-27,20,128,0.8464368568296576
2023-07-25,7,119,0.10055617936204342
2023-10-01,3,7,0.3057762347245686
2023-12-18,10,127,0.6801561703292696
2023-07-31,16,131,0.4230720772391099
2023-04-27,6,161,0.6631301762531843
2023-10-29,2,170,0.15764627922159302
2023-09-21,20,116,0.8725622846368559
2023-12-19,20,138,0.5510585376682596
2023-07-05,16,72,0.31617520371395114
2023-09-03,24,96,0.13152968204137117
2023-05-02,23,136,0.5977650960119251
2023-07-30,17,45,0.4483225413426073
2023-07-17,24,186,0.26670433715466757
2023-08-01,14,96,0.9712984336056238
2023-06-28,16,126,0.7397194486654071
2023-05-15,3,64,0.9967432457028397
2023-08-09,13,108,0.5631572330330528
2023-09-30,7,200,0.36705380880464555
2023-04-23,18,53,0.007934134612222477
2023-08-17,15,83,0.8590755135813376
2023-03-24,12,8,0.7287531940241405
2023-11-08,12,139,0.29426832875678033
2023-08-09,17,56,0.7337664914226975
2023-04-02,4,180,0.09382120385028181
2023-12-18,12,24,0.24923651903057753
2023-03-17,5,27,0.4148819593020576
2023-01-30,18,27,0.7408452961628864
2023-08-29,21,134,0.8361734909438362
2023-11-24,15,149,0.4210733325158307
2023-01-15,4,181,0.5051581276359448
2023-02-16,13,31,0.20768043280334758
2023-10-01,9,77,0.41833588071411154
2023-11-28,24,152,0.3976352662519833
2023-05-19,21,52,0.7718249098997557
2023-08-05,13,131,0.47914961596672767
2023-08-17,5,31,0.5347089371121919
2023-12-16,20,179,0.9473712669549268
2023-08-12,25,40,0.31565516944226124
2023-07-26,1,135,0.14981544174621975
2023-11-15,11,160,0.7072747095432559
2023-06-20,8,59,0.46501736541063465
2023-02-16,5,89,0.3677562793249062
2023-07-09,10,3,0.829202701411263
2023-10-12,21,67,0.5000671344184565
2023-04-11,4,144,0.7900681470132731
2023-03-16,12,95,0.7163894637240997
2023-08-29,21,147,0.3813284998182995
2023-09-29,23,73,0.21126004518381347
2023-12-13,25,103,0.21462621949714444
2023-05-06,18,57,0.8584904497807907
2023-08-16,8,143,0.6384482357010752
2023-02-26,6,166,0.6921991437520386
2023-11-19,13,159,0.8501890176181821
2023-09-20,4,163,0.7354456271299716
2023-06-20,24,112,0.32670015873963465
2023-11-29,20,41,0.4385618385540231
2023-08-09,4,178,0.3101995463517968
2023-02-09,14,44,0.881319342567911
2023-04-12,16,198,0.5084899462886819
2023-06-04,22,174,0.9407967324573256
2023-03-17,23,17,0.8511114761511119
2023-04-17,12,144,0.6126714132583807
2023-05-28,11,37,0.24365383891327452
2023-12-22,7,162,0.5193352772392582
2023-04-28,23,56,0.29570440817926047
2023-04-21,4,125,0.9790430821188941
2023-02-06,11,97,0.615008702543841
2023-10-02,13,98,0.21369048534801505
2023-02-24,24,69,0.3572406280416277
2023-04-13,23,178,0.220327111277267
2023-01-18,16,75,0.5335028465842846
2023-04-23,22,26,0.3259326931956896
2023-05-17,8,187,0.8556150555447515
2023-05-30,22,43,0.9468530900309061
2023-01-13,3,122,0.6736691582609835
2023-12-01,21,77,0.7832350807141265
2023-12-03,1,163,0.4832438292146629
2023-10-12,25,199,0.1642886429445427
2023-12-21,7,76,0.8021673923114244
2023-09-03,25,145,0.8935297351101195
2023-01-07,7,16,0.8037631475791148
2023-12-29,19,33,0.0036962404043207053
2023-01-03,14,75,0.0450227481054416
2023-10-25,18,174,0.013141462695187234
2023-05-02,10,191,0.9713256552538594
2023-09-26,2,15,0.798205179314836
2023-07-09,1,36,0.5992907119002753
2023-12-21,18,38,0.04134034303957401
2023-03-16,18,65,0.5372823980157804
2023-08-30,12,84,0.5876572542257873
2023-03-03,10,107,0.5473844155262595
2023-01-02,25,73,0.5676367184996581
2023-08-24,15,66,0.3133135317050547
2023-02-16,14,185,0.25675618585057847
2023-10-27,15,53,0.759763825132987
2023-07-21,7,75,0.3408834401249522
2023-05-23,10,167,0.04560955559968105
2023-11-21,2,21,0.7619484997532332
2023-12-21,18,133,0.30481369913062706
2023-08-11,16,175,0.21472368927525554
2023-06-03,2,159,0.46268897132864406
2023-02-12,7,47,0.5493049902189711
2023-09-15,20,95,0.8806997451556571
2023-01-02,9,45,0.9934734319972286
2023-11-11,16,191,0.6269906527554368
2023-06-29,12,15,0.06212965115392011
2023-10-21,3,146,0.4857095717157417
2023-09-10,25,129,0.299522443351655
2023-01-01,24,36,0.8011297143176545
2023-09-16,5,120,0.6174185377104857
2023-08-28,15,180,0.5809355651329523
2023-10-16,25,114,0.9137056049315099
2023-06-30,16,105,0.8456721001720886
2023-03-25,22,19,0.3200937527025116
2023-04-20,24,62,0.6069933394039968
2023-10-22,16,108,0.2184931340630193
2023-02-04,15,138,0.015426373979934516
2023-06-16,25,60,0.508661142859075
2023-12-10,8,19,0.27594279911769903
2023-11-16,10,2,0.4063784688117371
2023-12-22,2,181,0.764638867716444
2023-09-04,24,123,0.04490758996370692
2023-05-27,6,160,0.6028903979471646
2023-12-16,8,18,0.7080339143729781
2023-04-08,2,173,0.7598545411100306
2023-10-23,24,78,0.992777780137854
2023-12-20,24,121,0.3178601408650369
2023-08-21,22,186,0.25674444190254586
2023-12-19,6,38,0.6132054427562956
2023-06-09,22,103,0.5791587385751445
2023-03-01,19,95,0.7202794763833555
2023-10-25,9,106,0.4720058225307808
2023-09-05,4,131,0.7906444259213256
2023-07-06,17,56,0.8359168677272689
2023-03-19,20,32,0.2634376712444144
2023-12-08,15,16,0.5401902070767578
2023-09-27,20,173,0.7768439256752024
2023-01-21,4,13,0.012247604144690727
2023-04-16,19,98,0.9055501243427668
2023-09-26,7,55,0.038063020752154286
2023-02-09,5,137,0.26823696941066344
2023-11-21,17,147,0.5757833475876557
2023-06-10,20,145,0.9867090012895764
2023-09-01,3,154,0.7340537232255615
2023-04-27,16,7,0.2079049236554451
2023-03-03,12,151,0.8132934257727088
2023-05-24,6,7,0.44311716680253255
2023-01-14,18,152,0.3739631986666887
2023-01-19,12,156,0.11783233097954449
2023-09-03,6,195,0.031882304679499596
2023-03-19,22,52,0.4493242335753659
2023-06-26,17,17,0.35845162333313474
2023-08-16,8,159,0.5567579307555977
2023-12-03,20,151,0.6093537604456378
2023-04-15,21,147,0.4596126980570221
2023-05-31,9,72,0.3728216937016309
2023-06-16,15,72,0.32806158574693445
2023-06-20,6,41,0.991835683518576
2023-09-21,25,8,0.16099905639753564
2023-06-05,24,43,0.8233116253620407
2023-02-10,1,20,0.6413840806411787
2023-08-15,24,142,0.7640620943268341
2023-05-06,22,161,0.44960467385753167
2023-12-25,1,80,0.14296141002316964
2023-11-08,7,37,0.812411578191649
2023-06-12,2,171,0.4070099025725906
2023-01-06,18,49,0.40741741653144825
2023-06-18,17,151,0.009505146012717791
2023-11-08,17,140,0.20393879500554413
2023-02-27,13,148,0.38737537358625884
2023-07-26,5,27,0.5536476795084637
2023-04-25,7,14,0.21832722068757904
2023-06-16,18,124,0.2698738882468176
2023-10-28,22,16,0.7998182438159497
2023-08-22,24,167,0.6417707980393842
2023-07-27,11,123,0.3762586418121088
2023-04-18,16,14,0.36637185653946214
2023-10-05,22,183,0.8918152910820277
2023-08-24,13,198,0.7107076205990511
2023-09-17,7,148,0.43942090585469673
2023-04-01,13,106,0.14621327248361626
2023-10-14,21,33,0.19813230666267112
2023-09-17,17,74,0.03991223625661411
2023-06-17,17,46,0.16133355525847737
2023-11-06,16,95,0.23808364195542642
2023-02-11,12,72,0.9102338683296287
2023-03-30,25,64,0.8193582411137595
2023-09-14,24,36,0.8225426969384082
2023-04-30,15,152,0.6768701420054262
2023-09-29,11,9,0.435590184976693
2023-02-23,15,182,0.801751411886751
2023-04-07,3,23,0.25093257384759127
2023-02-11,7,168,0.038572721126620135
2023-01-15,24,191,0.0340419166122915
2023-03-20,18,174,0.867108093071489
2023-05-22,22,66,0.8541272141140439
2023-03-16,6,119,0.9314448049997127
2023-05-19,21,66,0.43579901740211513
2023-06-01,16,3,0.5394890805459265
2023-10-01,5,36,0.05577262578986175
2023-05-11,17,188,0.5546456664129259
2023-01-18,1,90,0.5045389075027754
2023-05-28,13,99,0.39621059745449294
2023-12-28,16,168,0.18453090565524088
2023-07-31,9,129,0.7984022106243636
2023-06-02,5,136,0.29741481368683753
2023-04-01,4,153,0.6215189178748445
2023-03-08,19,29,0.6597361275941466
2023-02-06,23,170,0.4193819023411721
2023-04-06,20,174,0.15104727592539013
2023-04-15,11,85,0.9067754320025226
2023-11-26,2,182,0.9488728537069525
2023-01-05,10,77,0.3903991761853971
2023-07-16,20,104,0.865480981952517
2023-03-08,5,38,0.24791374903752972
2023-03-22,8,5,0.6942430426679106
2023-04-19,1,180,0.8838800884723182
2023-03-25,22,19,0.26306786768731216
2023-08-12,17,71,0.3757590973148788
2023-12-30,7,31,0.7962231884302401
2023-08-15,2,188,0.23993227325476862
2023-03-24,7,57,0.035618552896994116
2023-11-08,16,24,0.3940669089161959
2023-09-24,2,56,0.3911900113804988
2023-12-24,15,95,0.5770068723395864
2023-07-03,18,72,0.14845713359081725
2023-12-25,22,121,0.3806653276375832
2023-01-23,3,124,0.9332165969291234
2023-10-05,5,91,0.7444998731542711
2023-11-22,6,182,0.6530880257688011
2023-05-23,13,22,0.6961648812144652
2023-04-05,15,75,0.2934868505142645
2023-06-27,20,145,0.6379240502336994
2023-04-08,23,143,0.6977748099582886
2023-04-15,19,98,0.07308575668966244
2023-08-05,15,196,0.05769511104050695
2023-09-03,3,90,0.5574029209924802
2023-07-26,23,10,0.9888582957521002
2023-03-01,19,161,0.7857870470792081
2023-07-20,13,71,0.6823848293652168
2023-12-11,10,102,0.4597630088281641
2023-05-16,17,74,0.6835095456009012
2023-01-25,6,85,0.900492906187432
2023-03-21,23,155,0.24597847874086676
2023-01-22,9,30,0.2391678416771157
2023-10-22,19,31,0.30525516884939996
2023-08-30,25,155,0.015795570247304047
2023-03-11,17,154,0.2691553004756634
2023-07-02,14,96,0.21360543620275518
2023-02-23,6,140,0.38652350055246587
2023-04-28,10,99,0.5885188036407695
2023-04-08,7,90,0.5427616934065549
2023-01-28,15,10,0.8842172796208385
2023-04-08,6,154,0.9980268582120522
2023-02-26,14,35,0.4771798659394396
2023-06-24,8,9,0.829147705913439
2023-05-02,3,149,0.9387868855952892
2023-11-13,4,38,0.13275882766399383
2023-03-31,11,63,0.8591799067298426
2023-03-11,7,129,0.19736979066249682
2023-09-30,2,10,0.8791007581243441
2023-11-05,25,177,0.46318133045252274
2023-11-03,4,173,0.8573603575057034
2023-06-16,2,47,0.43327809817549645
2023-04-04,23,84,0.5488736572766861
2023-08-21,2,110,0.1768146816378542
2023-07-08,6,170,0.005487656761656523
2023-08-06,3,121,0.8520594992926288
2023-02-09,10,179,0.5516840725973019
2023-08-10,14,64,0.8479410617492895
2023-05-17,7,173,0.3498779673165632
2023-09-10,19,96,0.65623743170628
2023-02-03,25,89,0.7677381253579244
2023-11-02,25,173,0.6550807621548616
2023-02-03,21,67,0.0003915075637870302
2023-07-01,8,99,0.5590689560651715
2023-02-09,13,146,0.8031345124016448
2023-09-06,23,64,0.6690411239826356
2023-04-08,12,144,0.9256392331404979
2023-01-11,13,40,0.9225223991778443
2023-05-04,10,162,0.7636667345030955
2023-12-13,18,86,0.6577674760426201
2023-12-08,19,81,0.7440204694313362
2023-01-03,13,100,0.8785782912218154
2023-05-07,17,53,0.6561510897470645
2023-09-19,6,70,0.3212491113684658
2023-01-16,4,88,0.05221714441734082
2023-09-25,21,132,0.43465652308134606
2023-07-27,16,60,0.7517598901563364
2023-06-20,2,70,0.04461523641211518
2023-05-13,18,113,0.8251260620289107
2023-01-11,10,172,0.30172304929027227
2023-07-25,1,12,0.007201033042875893
2023-01-03,9,76,0.6968733601240722
2023-08-27,25,159,0.29374048647548834
2023-03-28,24,67,0.4411451496740225
2023-07-21,21,72,0.6875113711921799
2023-08-07,1,130,0.17813638535054332
2023-11-19,14,44,0.5871927086746727
2023-01-19,11,80,0.10462167849298465
2023-08-02,13,44,0.4426342414115525
2023-10-17,25,118,0.8277660011684584
2023-12-01,18,46,0.89510342491295
2023-12-19,12,25,0.06940740104568432
2023-05-06,2,97,0.5723283946514369
2023-08-22,23,54,0.1975841929144292
2023-05-26,18,75,0.5955078629526973
2023-05-09,17,11,0.9861295275516307
2023-02-08,4,70,0.7382754243721632
2023-04-11,19,101,0.4439618331305277
2023-10-15,21,19,0.026691700816260044
2023-02-17,22,152,0.9225106600569951
2023-01-27,25,125,0.5566294424775529
2023-04-03,9,195,0.6522130989413527
2023-09-03,19,72,0.04417472401048306
2023-03-02,3,37,0.4834886847159674
2023-02-22,10,118,0.334598298143189
2023-12-04,18,174,0.3043970598976028
2023-09-02,5,20,0.2800966493511192
2023-03-12,2,165,0.8457353880355392
2023-10-23,5,45,0.41756027820177366
2023-11-28,3,37,0.7270184358665363
2023-10-18,23,132,0.8064716388092453
2023-11-19,20,130,0.07693210629594482
2023-07-15,1,65,0.5202619866106903
2023-11-15,20,19,0.556266032360363
2023-01-29,3,181,0.08293918870115913
2023-12-13,7,71,0.297185365671911
2023-11-15,5,157,0.916590541165024
2023-10-31,2,37,0.7361638752448549
2023-08-28,17,163,0.3898071808312059
2023-02-23,2,122,0.30222285100352897
2023-11-23,23,117,0.543184619356373
2023-08-15,7,182,0.7872588449421112
2023-02-14,9,111,0.04356608652708083
2023-02-19,2,177,0.8884868421655647
2023-01-20,7,78,0.1986698494043625
2023-05-02,2,92,0.8356845706521759
2023-06-08,9,72,0.37993534445390276
2023-09-05,19,48,0.023535458674000864
2023-01-11,20,161,0.30718437468124427
2023-04-22,10,126,0.46283220981908657
2023-05-16,23,51,0.4768934965857714
2023-08-09,10,47,0.6776109431227474
2023-07-18,20,60,0.4655111339225215
2023-12-11,4,119,0.11633185779576216
2023-12-03,8,35,0.6545609742823169
2023-07-27,22,57,0.5228988631914551
2023-04-20,25,77,0.7613531108188926
2023-06-06,6,114,0.1945896098825931
2023-12-19,7,142,0.7799128105301204
2023-02-17,18,169,0.2294264804492585
2023-09-22,25,105,0.8829276547027974
2023-07-16,25,92,0.5964457352897881
2023-02-02,12,132,0.727630764003308
2023-04-12,16,187,0.3205477831232968
2023-08-09,25,52,0.8790525678347497
2023-07-01,15,123,0.07133782951856538
2023-02-11,7,92,0.8138670882507746
2023-08-31,2,188,0.6557425727551615
2023-12-17,4,69,0.8448167787452138
2023-05-06,22,41,0.6260037313637673
2023-08-06,6,96,0.453384533143979
2023-06-25,22,172,0.03683871039518316
2023-02-09,2,109,0.27975884936406403
2023-04-30,7,30,0.8953524769192505
2023-02-04,5,61,0.11775897247896594
2023-06-24,25,32,0.027802302607542573
2023-10-28,22,146,0.20872182998446864
2023-09-23,12,145,0.5051482226802125
2023-09-15,1,100,0.25791244209209685
2023-10-23,19,145,0.32889156860657753
2023-01-26,15,27,0.5158750950153542
2023-02-18,6,37,0.6276040988525042
2023-07-02,11,19,0.7428556698631782
2023-05-07,8,72,0.7559339635967791
2023-09-26,24,176,0.9476926669784363
2023-10-27,6,151,0.7345203141308808
2023-06-09,22,13,0.37401097975551756
2023-01-27,25,74,0.7709582487286605
2023-02-12,7,144,0.2860354672140758
2023-10-01,17,154,0.6789915615545415
2023-10-31,22,12,0.6171577736396588
2023-03-12,14,81,0.8083148099452347
2023-01-22,11,131,0.8223318016602478
2023-03-08,10,63,0.6520558170223191
2023-04-21,6,2,0.2097496096430692
2023-05-06,7,51,0.48418246061437364
2023-02-08,7,170,0.6038902095857026
2023-07-04,15,178,0.8502874468827779
2023-09-17,25,115,0.6210534614153149
2023-08-20,2,200,0.9497115995154529
2023-07-23,13,8,0.07393540727120473
2023-04-25,21,175,0.668859729039016
2023-02-02,10,128,0.849403888383972
2023-05-08,5,103,0.22847724455172103
2023-05-29,16,79,0.2695486424607211
2023-05-07,11,39,0.07280480333912409
2023-07-25,21,8,0.15681659676618143
2023-02-06,4,95,0.7541038262622024
2023-07-09,17,136,0.9892786902931201
2023-10-18,1,155,0.9490771601879898
2023-05-05,24,150,0.1251285642894191
2023-06-01,18,183,0.5661612820436839
2023-10-24,14,134,0.2975957948572625
2023-01-19,17,83,0.6972603037153545
2023-01-31,4,144,0.5468288112750294
2023-07-13,19,26,0.5869308786645553
2023-02-02,25,51,0.9999431451931647
2023-04-23,15,187,0.5160603010505934
2023-07-14,15,53,0.08100110425360807
2023-11-12,18,47,0.21335903198796002
2023-03-08,24,3,0.07827760023288965
2023-07-23,24,44,0.7341767014437577
2023-03-03,23,114,0.7567805379861497
2023-11-26,10,30,0.5036636008373983
2023-12-16,5,133,0.4077093999680753
2023-02-14,21,18,0.29003011583690297
2023-10-06,11,1,0.24608583653180782
2023-05-06,20,172,0.6944117657417117
2023-02-24,9,199,0.031099433061053117
2023-03-09,10,49,0.6669373364835984
2023-05-23,14,129,0.5013841995721714
2023-10-21,9,138,0.6459210198525975
2023-08-30,15,192,0.936956371565628
2023-05-26,11,121,0.18912376226573524
2023-08-18,16,167,0.07159488860186547
2023-04-06,17,11,0.6363897628551575
2023-10-23,22,111,0.18482902933234469
2023-09-14,3,78,0.5223518781543686
2023-08-21,23,179,0.25771592345601335
2023-03-25,11,42,0.48350388601882766
2023-04-20,11,127,0.11382372571116439
2023-10-02,2,26,0.0471525443049855
2023-01-30,21,124,0.13303332510248944
2023-07-20,5,91,0.8725637952016493
2023-05-01,14,112,0.45709749537268296
2023-06-27,24,133,0.058095307303515975
2023-05-30,24,107,0.01732750987465259
2023-08-03,16,110,0.2883489029933892
2023-08-14,20,96,0.024147327154475318
2023-03-16,24,123,0.5716766058324795
2023-06-05,9,7,0.1578194142551702
2023-09-20,18,33,0.6557842515829535
2023-08-06,11,12,0.38610807917530354
2023-08-26,19,90,0.614945050417726
2023-07-05,20,120,0.2739685505157998
2023-11-07,16,136,0.37604559382237024
2023-04-25,25,155,0.7984038081301071
2023-11-18,6,38,0.9634048403555202
2023-03-08,16,165,0.9972017782672434
2023-09-08,8,75,0.9571740841176878
2023-03-26,23,160,0.4164608177922755
2023-07-12,12,131,0.7161740828821255
2023-07-23,9,111,0.6752644930527473
2023-09-09,8,108,0.08122740215649304
2023-04-30,10,25,0.8476059436801129
2023-02-21,20,37,0.0645576225759158
2023-08-23,3,81,0.8234989410670962
2023-02-28,25,16,0.16363478442506518
2023-01-11,12,107,0.44154336796360427
2023-06-22,23,119,0.3372252431973767
2023-05-01,8,50,0.24061671621221836
2023-11-18,2,9,0.37983737352352087
2023-05-12,16,28,0.32646112697380336
2023-10-04,20,69,0.5988766268188551
2023-12-12,12,173,0.2633462338609094
2023-06-08,6,7,0.6861625671855197
2023-10-25,22,63,0.44902724899294255
2023-12-15,13,142,0.22130053830103114
2023-03-10,10,117,0.48143720861851547
2023-08-26,24,30,0.3500582466404417
2023-05-24,1,40,0.42038715096695634
2023-02-22,3,105,0.4045725038252552
2023-05-03,18,103,0.0028343639140747667
2023-09-04,2,86,0.16513067229064882
2023-01-11,8,167,0.7297374198763918
2023-08-13,6,148,0.6137584030348839
2023-02-19,25,133,0.23038123726953763
2023-06-14,25,47,0.710226240318875
2023-11-24,9,65,0.8894313581092163
2023-03-12,19,184,0.6754914417162393
2023-05-24,5,62,0.4291933178878047
2023-06-25,25,83,0.9046529753248014
2023-05-07,4,48,0.614526568175928
2023-07-24,5,176,0.9821848086194398
2023-03-17,23,59,0.7359495830580007
2023-05-22,14,146,0.46161348981702044
2023-12-16,3,180,0.4891917187054762
2023-04-29,19,97,0.30883368224914687
2023-04-24,5,105,0.8843884719837054
2023-07-18,21,198,0.7210214265058718
2023-06-09,17,126,0.2789279908173672
2023-02-07,17,193,0.664169766638491
2023-01-03,17,56,0.1972663546568324
2023-09-26,21,159,0.232637331790697
2023-08-24,6,44,0.40833527614402276
2023-06-10,20,105,0.6438050117913906
2023-01-03,10,58,0.7653033253772124
2023-02-27,11,55,0.7185988141935836
2023-01-13,4,154,0.33271190866406364
2023-11-23,5,93,0.2447029056713953
2023-05-05,25,110,0.03204383712144787
2023-10-31,15,32,0.7047680282738062
2023-11-14,18,87,0.8806052615679216
2023-06-01,1,80,0.25719417176992665
2023-05-06,15,35,0.2527859175515238
2023-04-30,20,58,0.004570600477505904
2023-05-01,15,68,0.16345846126633679
2023-10-06,24,114,0.9234654540258804
2023-08-13,23,136,0.5517508286539082
2023-07-17,6,129,0.6610368177519889
2023-05-18,13,184,0.3070247203361983
2023-02-03,4,21,0.5810806516034073
2023-02-14,14,19,0.7585864782228487
2023-06-21,15,18,0.008383253965561943
2023-07-11,24,73,0.9294180821755436
2023-12-20,14,177,0.9588086997511005
2023-12-29,22,15,0.14603122950107317
2023-06-01,2,193,0.03915320214315343
2023-04-01,20,83,0.630878588827062
2023-12-26,3,63,0.9355090424423951
2023-06-20,19,116,0.7440919170610266
2023-09-19,23,108,0.8978497241159462
2023-03-12,22,61,0.7097935893041665
2023-02-25,14,186,0.11054062359256445
2023-02-25,24,98,0.730050199239433
2023-11-28,19,157,0.36074416703231327
2023-05-17,22,3,0.606013227121147
2023-12-28,4,7,0.7478577821250598
2023-09-19,11,144,0.9019169624490433
2023-08-23,6,136,0.3199774986536864
2023-11-15,15,117,0.21523627571263448
2023-08-24,19,138,0.26477317352773244
2023-01-01,19,67,0.8551169696354208
2023-11-25,3,75,0.6429710198996264
2023-02-06,1,169,0.17302176553919046
2023-03-19,22,90,0.7660358780387815
2023-10-05,17,142,0.6731377669403302
2023-08-24,4,23,0.7942229589346953
2023-11-21,19,111,0.6343571280180721
2023-06-28,13,106,0.7004159180781979
2023-08-02,14,180,0.0011388888742630554
2023-09-14,2,19,0.33232457750141076
2023-04-17,11,31,0.35146501830732524
2023-09-19,21,46,0.11202714401032132
2023-12-14,18,67,0.7402221282922844
2023-10-16,13,73,0.5660507632431439
2023-05-14,14,149,0.9214787573974528
2023-07-17,20,73,0.2673715476340143
2023-06-10,14,194,0.28112400883903643
2023-04-07,24,2,0.3670975454418668
2023-05-27,20,182,0.5305509788895464
2023-02-12,1,195,0.40629375154321423
2023-12-21,5,90,0.5521152582912114
2023-01-11,14,33,0.9746373857509142
2023-08-16,10,61,0.721639612550592
2023-10-19,7,155,0.3217425197847972
2023-08-25,22,197,0.5411063939001183
2023-02-14,20,18,0.5839537798391539
2023-09-16,3,119,0.9348194127403294
2023-11-16,16,118,0.9774216874140326
2023-11-13,5,86,0.03734095115754821
2023-06-17,15,128,0.3646006028072315
2023-09-02,3,154,0.6491955398869764
2023-03-06,18,20,0.983318934836068
2023-01-09,4,153,0.8454484331929514
2023-08-01,20,20,0.5308108845534781
2023-06-04,2,37,0.9569709186640731
2023-02-23,17,16,0.2402694176515493
2023-11-13,20,82,0.10729895167253944
2023-03-11,8,133,0.6429023628802542
2023-11-30,25,132,0.06949394959593713
2023-10-19,9,44,0.21559143825556915
2023-11-29,7,159,0.9326909935588881
2023-03-14,11,134,0.2318380267560468
2023-12-19,25,170,0.8200399764223884
2023-10-24,19,98,0.7924909997305287
2023-11-18,5,98,0.9565753537276231
2023-04-24,16,193,0.15536686560534008
2023-01-17,7,63,0.914969178116511
2023-03-19,6,75,0.1531852869236906
2023-05-06,9,93,0.19111741232818125
2023-01-01,22,170,0.934222285497517
2023-12-19,24,80,0.05079993210428668
2023-12-31,21,168,0.8906286335524823
2023-02-06,17,49,0.17179301343584308
2023-08-10,3,62,0.877528735776193
2023-06-10,9,91,0.7121985146754147
2023-11-18,5,21,0.3802524847642722
2023-10-14,6,38,0.17640442644024834
2023-11-01,7,194,0.6950321594887472
2023-12-20,1,97,0.05511418162363391
2023-12-10,23,19,0.49293268739423635
2023-11-04,13,154,0.05872818658348433
2023-02-20,10,131,0.1601623796899314
2023-03-03,16,134,0.7106236800631641
2023-01-23,10,195,0.735026910275087
2023-09-16,25,156,0.7516350865873846
2023-11-17,10,186,0.990447484585222
2023-10-05,22,10,0.8306716292888711
2023-06-04,12,189,0.9323734964807623
2023-10-30,24,11,0.2284329694600593
2023-02-08,24,17,0.06261985223634925
2023-11-13,19,150,0.32843116226830205
2023-08-01,21,159,0.16239995854587586
2023-05-18,9,52,0.4064650438247287
2023-03-27,6,126,0.29580006789259183
2023-03-03,21,41,0.02041642376416064
2023-07-02,12,188,0.318265777290192
2023-07-31,10,136,0.10065294792086266
2023-04-18,23,156,0.6600695722381906
2023-12-02,19,165,0.2984775144532439
2023-06-06,10,62,0.5071027663219864
2023-10-05,16,74,0.8491310346080959
2023-06-25,9,20,0.6435120666504468
2023-05-05,24,139,0.7680574019630976
2023-09-28,5,90,0.7327450755331893
2023-05-27,14,4,0.37544764693365973
2023-12-13,19,90,0.8910762660799603
2023-08-06,22,153,0.9689399368816888
2023-02-03,4,74,0.8919179414617037
2023-06-13,15,66,0.22451605025679677
2023-05-14,9,169,0.7419756837162468
2023-08-24,23,168,0.41388710924224903
2023-10-14,21,107,0.5191949856149042
2023-11-08,25,132,0.6247123257104056
2023-12-09,23,147,0.10393228538495314
2023-11-22,11,42,0.855343838148424
2023-12-06,5,148,0.0024934920433282715
2023-11-19,18,40,0.0021490996407224072
2023-02-18,10,99,0.5611799212353932
2023-06-11,9,121,0.48577453187412556
2023-06-06,8,38,0.05125193241171755
2023-09-04,22,193,0.7423176245673333
2023-10-12,9,167,0.9911557699289001
2023-04-04,5,168,0.5734418143992778
2023-01-22,23,46,0.5316087583831168
2023-05-25,21,190,0.19730895702678852
2023-02-01,8,18,0.8461784333118094
2023-11-04,22,70,0.8359379863456629
2023-03-04,24,90,0.4157107925040008
2023-07-27,17,37,0.8256309292718026
2023-09-09,12,156,0.21219659436409555
2023-09-27,7,179,0.8099725351756292
2023-04-15,9,87,0.07888699825078227
2023-11-08,5,83,0.291846633556895
2023-11-14,10,34,0.3100335515345136
2023-03-04,4,6,0.3315033109266118
2023-01-18,24,14,0.4260907382629423
2023-02-14,22,88,0.014967132585292808
2023-09-09,6,63,0.8683070140440733
2023-09-03,12,119,0.08208846397533087
2023-07-09,21,25,0.8330392212296258
2023-03-12,21,120,0.9012029214025384
2023-09-16,16,54,0.30088036638219184
2023-07-25,18,71,0.2587306140380309
2023-12-29,4,17,0.6214466881909462
2023-09-16,9,31,0.0004629864629897007
2023-06-13,15,7,0.5908784259748421
2023-11-07,19,16,0.26535036666829837
2023-02-03,12,148,0.4719069216075722
2023-07-04,22,70,0.8916341292517875
2023-09-12,2,32,0.5973688780014816
2023-07-07,18,68,0.7820842095596429
2023-07-23,3,188,0.6800658022800891
2023-03-26,13,184,0.33995775765399183
2023-03-15,13,85,0.13636665892428124
2023-03-17,20,23,0.9725404175210682
2023-01-16,15,44,0.2692358682483066
2023-03-05,18,120,0.01737979573348114
2023-11-22,24,134,0.6387735965240943
2023-09-05,17,161,0.47329197857488214
2023-04-08,13,200,0.43227840428885755
2023-09-15,19,137,0.9118616922439761
2023-10-03,25,48,0.9269755079831659
2023-03-10,19,103,0.7542113392413086
2023-02-25,9,34,0.8265030648324085
2023-02-27,23,190,0.9728872840364658
2023-10-31,8,97,0.12146281788543611
2023-01-20,5,59,0.4581261357652241
2023-08-26,11,7,0.47068823428067263
2023-01-21,22,41,0.29258844547896257
2023-09-30,15,97,0.8989817691111665
2023-06-25,18,170,0.187375105983404
2023-02-11,4,78,0.4710311674730412
2023-10-19,13,52,0.36688856865769415
2023-12-26,15,47,0.4198627954382268
2023-01-27,16,65,0.31696821795067753
2023-01-12,10,130,0.10085063743145184
2023-08-25,15,91,0.6577069311892186
2023-11-12,10,19,0.07600252145243092
2023-11-24,3,42,0.13936386174448512
2023-01-13,5,47,0.3637163137551256
2023-09-02,11,12,0.2156431553235374
2023-02-24,17,176,0.9351417916575353
2023-09-29,15,146,0.38932168139470713
2023-08-27,17,175,0.8381674578743552
2023-04-24,8,171,0.4842019639163415
2023-01-29,22,92,0.36876444477513237
2023-10-01,5,150,0.9158636635738392
2023-12-26,6,33,0.3821406381489977
2023-08-04,21,86,0.604467544387709
2023-03-28,17,72,0.8513720801838157
2023-05-10,1,116,0.3345630871074867
2023-12-08,1,89,0.20666498958307156
2023-02-17,21,58,0.5248700770952573
2023-04-08,19,138,0.8872712966453409
2023-01-26,9,75,0.0876579219565663
2023-08-26,8,149,0.7453940468053872
2023-07-11,10,106,0.5976956571247518
2023-07-03,1,44,0.25935637528984157
2023-03-16,21,112,0.7938394757524716
2023-01-14,9,162,0.9051927772908596
2023-05-01,11,103,0.5816238326338063
2023-06-09,18,65,0.2765078407782645
2023-05-26,15,108,0.9791059391535775
2023-01-11,7,167,0.030984115415195856
2023-03-07,6,149,0.30267269689171095
2023-03-02,19,130,0.6737589828206137
2023-02-17,15,75,0.12453314492813194
2023-09-09,14,68,0.8254159440009287
2023-11-02,12,56,0.15705973733691436
2023-10-24,9,131,0.8932366375101846
2023-07-31,8,132,0.5165550882708936
2023-05-21,12,177,0.2590471287861541
2023-03-25,4,76,0.24390330553181316
2023-09-13,2,84,0.16426638614988232
2023-05-24,19,136,0.7448364071291543
2023-10-29,3,171,0.288201602111965
2023-12-06,9,22,0.3699518317254987
2023-01-26,3,45,0.3074573630141608
2023-07-24,10,64,0.7694334513947937
2023-05-12,5,82,0.5730739622479865
2023-11-28,17,126,0.533246364778216
2023-08-29,3,29,0.5412773541011262
2023-06-05,5,155,0.6563039092814048
2023-09-30,14,12,0.4980448242894533
2023-08-11,2,155,0.9082058059651399
2023-08-27,7,2,0.9557135472777063
2023-06-01,4,123,0.2028341227823678
2023-02-27,12,35,0.8638838427882208
2023-09-16,6,50,0.538738476447343
2023-10-16,16,110,0.6718870530059959
2023-03-16,24,125,0.4171300952258671
2023-07-07,3,122,0.6062339714056199
2023-01-31,7,107,0.09328567053399428
2023-01-14,6,80,0.146591385246038
2023-01-25,3,18,0.5351773520184484
2023-06-28,1,152,0.4945867504803859
2023-05-28,14,164,0.6827349587205976
2023-03-06,10,146,0.5256440087757598
2023-10-14,19,41,0.49334063765764946
2023-07-15,25,45,0.4028771796466448
2023-02-13,20,67,0.895294599292107
2023-08-03,15,120,0.8613869330248006
2023-10-22,2,27,0.8419372361620583
2023-10-25,10,19,0.21313205364820453
2023-11-08,16,51,0.7274552643634075
2023-04-09,4,30,0.35762680320811446
2023-09-19,20,170,0.4242950688954673
2023-10-04,3,106,0.6235109043860948
2023-12-28,21,161,0.1616912749608972
2023-09-30,8,81,0.0012532270836973503
2023-10-22,20,14,0.08827203683417784
2023-10-26,22,89,0.8740269224411809
2023-05-24,8,86,0.7736941572813374
2023-09-30,19,1,0.5056605737398169
2023-11-05,9,12,0.5026026961539144
2023-08-18,11,129,0.4510066175276961
2023-01-12,3,64,0.11090736425241732
2023-02-27,20,154,0.7205729625401401
2023-06-24,6,46,0.7271214951799433
2023-12-06,15,175,0.022372732740696732
2023-12-22,2,197,0.5373898560834336
2023-12-03,24,135,0.7050039028747961
2023-08-09,14,14,0.38417604035406405
2023-02-03,14,152,0.24154109896779052
2023-04-28,15,145,0.594226371964745
2023-08-28,24,25,0.43574405337866073
2023-02-03,25,14,0.3562832654366018
2023-12-22,6,163,0.8512562121050204
2023-07-27,8,121,0.6301796484631315
2023-11-08,25,78,0.764948187141273
2023-10-26,3,187,0.9961607073918413
2023-03-18,7,18,0.9320785289202491
2023-05-02,17,143,0.72931529845825
2023-10-18,16,21,0.053962482485444996
2023-03-11,4,172,0.5301727949791869
2023-03-21,12,49,0.30315920308074484
2023-12-16,12,146,0.6935834101352416
2023-05-27,18,68,0.6953301844071095
2023-10-14,12,59,0.5634553056083205
2023-01-08,19,24,0.48151087853313446
2023-04-11,14,148,0.48696152784748337
2023-11-26,22,35,0.6474577975984922
2023-07-12,1,186,0.513119384071887
2023-04-26,23,42,0.24960218441363524
2023-02-06,2,192,0.6210623828284907
2023-05-31,17,153,0.8650527289960905
2023-11-23,3,189,0.0560585098106644
2023-03-03,9,149,0.29860385472266815
2023-03-10,7,125,0.3372086519269858
2023-09-04,2,57,0.6143592906282094
2023-04-16,20,104,0.6304741849573015
2023-02-28,15,102,0.15666990777420153
2023-07-02,6,182,0.025254413495481853
2023-02-06,19,51,0.26366572961893375
2023-03-25,23,25,0.3999930775596118
2023-04-26,23,45,0.6141688132712043
2023-02-24,10,51,0.2562616793418355
2023-07-15,21,68,0.05351508994374021
2023-08-11,9,44,0.45457058272633
2023-10-10,9,37,0.44993380000689875
2023-06-23,7,38,0.9419580332926126
2023-11-26,11,8,0.21627039836017736
2023-08-19,25,56,0.7117943297429544
2023-09-07,9,101,0.3594887540524345
2023-12-06,18,181,0.28757878971878414
2023-05-29,17,175,0.6671920871402095
2023-09-05,9,178,0.37413984324017924
2023-12-01,7,11,0.7462433719030276
2023-02-27,4,61,0.2920627839772292
2023-02-17,8,105,0.7590216492605268
2023-07-26,23,17,0.6128232631987046
2023-03-14,22,5,0.34352521331230046
2023-10-30,8,7,0.8966280322844572
2023-09-06,19,5,0.3922509289588171
2023-06-20,16,146,0.36913110128269044
2023-10-18,24,33,0.9739197740664716
2023-06-24,1,5,0.12020964380278254
2023-06-27,21,34,0.16775340378065096
2023-02-13,4,149,0.7553354861101657
2023-02-13,10,170,0.11599020558624473
2023-05-31,8,31,0.8313865004835707
2023-07-26,6,77,0.3791201310852006
2023-08-07,19,169,0.16467340480130543
2023-11-06,11,52,0.9296847364147633
2023-03-11,9,97,0.781309960110849
2023-09-09,20,151,0.9184313532478308
2023-11-08,9,24,0.8265871823680794
2023-08-08,17,122,0.20565242759284363
2023-12-17,16,125,0.6065012276978778
2023-03-15,4,19,0.8351702642828511
2023-03-31,24,127,0.021530514410494916
2023-02-12,12,82,0.015310298587445148
2023-08-18,15,105,0.8902054964345224
2023-11-18,23,30,0.1211198953327105
2023-07-24,22,145,0.7686266969306439
2023-12-28,9,164,0.0558963837595412
2023-09-05,5,62,0.09478375999256161
2023-12-11,17,64,0.28667654534017606
2023-09-01,4,72,0.42143527357872645
2023-06-22,17,9,0.4984314963868196
2023-05-29,3,36,0.6702588309196893
2023-03-03,22,44,0.3688067074349263
2023-01-11,8,83,0.9743581533424501
2023-09-19,6,141,0.6998114521359402
2023-06-10,20,67,0.9001954161392308
2023-09-04,4,173,0.30806489390473557
2023-08-02,24,63,0.4722163161773826
2023-02-06,14,114,0.09477185860872528
2023-02-12,19,32,0.6671462843662246
2023-06-20,12,42,0.7753453332584265
2023-03-08,4,57,0.9592523824806276
2023-02-26,8,153,0.05633887063147813
2023-01-25,24,193,0.582892640979168
2023-05-17,9,79,0.8511903161217832
2023-03-28,5,7,0.7811572103262863
2023-08-24,5,108,0.01593011965281954
2023-09-23,18,117,0.4868404064949887
2023-08-08,1,5,0.2993662385161532
2023-12-20,1,122,0.016749604060304346
2023-10-11,23,106,0.21794046049143845
2023-05-20,24,176,0.10536382744505923
2023-10-06,18,178,0.5414215452066637
2023-12-23,15,12,0.06931630530206623
2023-06-22,12,121,0.04722786069354867
2023-10-29,6,19,0.804238961485085
2023-04-10,14,145,0.2646279355267497
2023-12-01,12,78,0.6211128596059761
2023-08-26,11,138,0.206520326994878
2023-05-01,13,159,0.9566801005736875
2023-01-18,19,166,0.7534927445916623
2023-11-05,25,82,0.15356612499707012
2023-04-22,3,192,0.7194796351569261
2023-04-25,4,63,0.46560212378621224
2023-06-25,6,77,0.3272345119717075
2023-03-16,16,139,0.12445175446790802
2023-02-20,3,109,0.35576934037638974
2023-01-21,2,128,0.34372254768272914
2023-03-06,5,112,0.8056296177196864
2023-11-03,17,41,0.434839227303073
2023-06-01,15,83,0.27411676144529695
2023-09-11,14,171,0.3900252036692424
2023-03-24,2,146,0.587046557557288
2023-04-02,25,176,0.8264697115573669
2023-04-02,15,28,0.588372175514663
2023-09-18,3,64,0.6765694300604689
2023-09-25,2,59,0.2392688073920861
2023-07-28,16,78,0.693548421620136
2023-12-10,11,177,0.7608982133835948
2023-03-13,1,144,0.3922880936190508
2023-02-10,14,67,0.26848925132744295
2023-09-04,19,61,0.4960140535788382
2023-09-17,13,161,0.878610714760069
2023-03-04,14,109,0.3387456581454641
2023-04-07,11,12,0.901643235809443
2023-10-23,24,200,0.9778005611597541
2023-04-04,15,82,0.5902464168664906
2023-04-05,22,36,0.8880964399085979
2023-02-18,17,155,0.31190903912118584
2023-02-17,8,34,0.9827674096082853
2023-06-01,20,12,0.4037622751460279
2023-01-17,24,126,0.8012492764162759
2023-10-12,19,186,0.667447266778682
2023-04-11,19,38,0.6152897634544446
2023-02-13,19,172,0.5264490439255162
2023-03-27,17,92,0.21342581984846576
2023-10-29,25,165,0.3206250515157104
2023-05-03,16,68,0.8625444478767795
2023-06-21,3,39,0.428721343452113
2023-08-21,15,179,0.8498058877882463
2023-11-09,7,98,0.6847755881279651
2023-09-19,22,183,0.4782273987556602
2023-04-19,12,84,0.04607245058935883
2023-03-27,16,109,0.5042698167975708
2023-04-22,22,50,0.8491138631736814
2023-05-12,19,16,0.3306709062736912
2023-01-28,6,3,0.66145691744069
2023-10-08,25,73,0.07417362274597827
2023-11-28,22,102,0.2512667853285543
2023-09-11,3,24,0.7466589554082269
2023-03-05,10,194,0.6311666905397416
2023-01-18,9,87,0.9332735992539474
2023-10-04,5,128,0.9731870054694733
2023-10-11,22,135,0.06160845659376046
2023-08-23,18,69,0.551357742726657
2023-06-09,20,76,0.4894984872189456
2023-09-18,4,72,0.47606850311418225
2023-03-14,14,107,0.9741641877730651
2023-06-16,11,10,0.4464975108612993
2023-12-20,23,200,0.2938757442828924
2023-10-29,2,97,0.8903040280372927
2023-08-31,24,63,0.8502122237544216
2023-07-30,23,70,0.9349745044542307
2023-07-23,13,19,0.05607522521823183
2023-03-21,2,80,0.7349807959477226
2023-12-30,6,199,0.7968093067774011
2023-04-28,13,31,0.09607617618276765
2023-02-13,21,55,0.16503703003383097
2023-07-18,9,33,0.7604309274100007
2023-02-09,13,133,0.9626099829516722
2023-05-04,5,93,0.23978389402274214
2023-06-15,12,172,0.7233461424193136
2023-02-04,5,11,0.17698278694590153
2023-09-19,14,40,0.9884841002462689
2023-11-08,10,78,0.5723437970054646
2023-08-13,22,58,0.02728606653062271
2023-07-12,11,144,0.5710350159469585
2023-07-18,3,25,0.48637021411148795
2023-12-19,25,99,0.5767749811939156
2023-08-05,8,114,0.7219566379461642
2023-04-06,9,92,0.16756097085004718
2023-05-05,9,183,0.21572240788043873
2023-02-22,19,8,0.11610987915968751
2023-08-15,5,60,0.1327929890674766
2023-05-14,4,52,0.18082195715996308
2023-04-14,21,99,0.8294954969464102
2023-07-06,21,190,0.36702928052763395
2023-05-25,2,107,0.27566617679889893
2023-01-01,8,43,0.4482360574174723
2023-10-18,13,47,0.6313145659305577
2023-04-09,18,173,0.5763803090597658
2023-04-23,23,95,0.15072458740458583
2023-04-16,8,121,0.7893338985171603
2023-02-15,21,151,0.8242710929343938
2023-12-31,25,44,0.8567080447713268
2023-01-21,14,173,0.4370329669313483
2023-05-03,7,39,0.6179276574965503
2023-06-11,3,47,0.8450241309590499
2023-09-19,13,109,0.0766493928671097
2023-11-23,23,2,0.7091665484171512
2023-02-12,17,115,0.372500568489292
2023-04-07,21,21,0.6297494258434434
2023-01-14,16,84,0.9200456803341264
2023-12-23,17,82,0.2576633033449456
2023-09-29,3,132,0.8809925228475814
2023-03-25,14,46,0.599167917211126
2023-12-08,21,100,0.1716250785794925
2023-06-06,14,127,0.17050467084632437
2023-02-27,17,161,0.5132553054631196
2023-10-24,20,138,0.09447251208792007
2023-05-01,24,31,0.7616909869584926
2023-01-14,9,113,0.5401868831761111
2023-11-22,15,28,0.9409300780862889
2023-11-15,3,159,0.862250778310429
2023-10-09,6,11,0.5205382906306447
2023-06-22,2,77,0.8597457495958579
2023-07-01,13,131,0.982727861405575
2023-02-24,2,162,0.7174285540922073
2023-01-23,2,199,0.7784874397101229
2023-02-04,10,157,0.876255792916165
2023-08-19,11,180,0.0464767327132205
2023-12-21,1,117,0.8835608686523787
2023-01-15,7,6,0.8559179293527385
2023-08-18,22,135,0.21819438380102563
2023-05-20,23,197,0.9498183201648888
2023-09-26,14,199,0.5000477397377338
2023-11-26,10,137,0.151452899323685
2023-07-09,25,133,0.03297231053049765
2023-06-14,5,137,0.46757768471668015
2023-08-08,18,52,0.9139080405595109
2023-01-06,14,140,0.8971851927353124
2023-07-15,16,110,0.19319098322040962
2023-10-20,4,188,0.036179767079697944
2023-11-02,17,42,0.5528443944686335
2023-04-30,12,158,0.2919607396824696
2023-09-13,24,117,0.8767579686623912
2023-07-25,6,153,0.5357060585414909
2023-11-24,22,20,0.2423374540151807
2023-01-13,19,143,0.19451645253821515
2023-06-07,3,176,0.9279203488231709
2023-03-26,5,58,0.6210456574458583
2023-11-28,21,163,0.9641023849900129
2023-06-06,21,191,0.5180609024786771
2023-12-07,2,139,0.31948984662907587
2023-10-06,12,182,0.8808656176163069
2023-12-15,20,159,0.8585667732898693
2023-04-20,8,199,0.50855001797964
2023-01-21,9,50,0.7000568064768007
2023-02-15,14,32,0.5144348844608644
2023-03-26,5,120,0.6235314358774408
2023-04-05,20,24,0.04556674001702321
2023-09-28,10,21,0.02850583565582787
2023-12-11,5,192,0.4635952666770845
2023-11-26,20,138,0.16609732352883855
2023-02-22,7,114,0.8147953716159301
2023-06-15,18,137,0.9887326244824145
2023-08-31,17,49,0.6130662202416264
2023-09-18,3,180,0.4281926326779827
2023-07-18,1,83,0.20044388078264963
2023-07-01,10,26,0.42234536013526713
2023-11-12,2,199,0.0717249692744304
2023-09-03,15,29,0.5418986754063929
2023-07-20,11,35,0.8869565057931409
2023-11-14,1,33,0.13402008515388586
2023-07-30,14,32,0.8020755648330802
2023-02-03,1,17,0.6073193135888222
2023-02-24,20,151,0.4770604568659166
2023-07-23,12,195,0.9658149758081004
2023-10-20,8,77,0.4043183361166204
2023-08-28,17,163,0.8516477190761361
2023-07-16,25,178,0.6554573570638121
2023-12-11,7,134,0.5395590058963371
2023-01-22,3,82,0.4238065384503602
2023-08-01,2,11,0.42362832471010115
2023-05-19,15,164,0.59054437838988
2023-09-03,17,1,0.40057985100519766
2023-12-16,19,36,0.9910992296008135
2023-09-15,17,46,0.13197760977123485
2023-12-28,24,29,0.5756420624733658
2023-05-08,16,50,0.8292727822059598
2023-05-05,24,35,0.4209246877894268
2023-09-24,22,188,0.03742911111363301
2023-02-03,11,17,0.1412992032575342
2023-09-29,5,69,0.7193796784976128
2023-05-06,19,175,0.6044895552297472
2023-06-19,7,120,0.5520374493608871
2023-08-23,25,66,0.7566607033529743
2023-03-06,7,133,0.07009462806042444
2023-09-07,7,108,0.1262108448235041
2023-10-08,3,70,0.8241190196068297
2023-08-15,20,88,0.2466435573818675
2023-04-10,9,60,0.3365386354262436
2023-09-11,22,12,0.08582321190846576
2023-01-16,24,199,0.10386584229603502
2023-09-09,1,109,0.10976021726847107
2023-06-08,15,119,0.6527673843177043
2023-09-10,15,5,0.5488644656765712
2023-09-16,15,67,0.44344451104727745
2023-01-23,2,88,0.48190764646467454
2023-07-17,19,18,0.09501511798613727
2023-09-21,15,61,0.19104387444796567
2023-03-30,23,101,0.4847865898684861
2023-06-26,1,74,0.6510657235165174
2023-07-01,21,158,0.07695823426476345
2023-08-29,21,177,0.9141459226257508
2023-08-31,10,1,0.9382352028875586
2023-10-22,9,39,0.9918239180868558
2023-04-17,11,192,0.13443203238533907
2023-06-28,23,37,0.20663337274257365
2023-11-05,14,62,0.3515494850278146
2023-03-06,1,142,0.14215640000123053
2023-02-18,8,95,0.059175734270918934
2023-06-19,25,187,0.21997997693427518
2023-11-14,18,72,0.20184572782987076
2023-01-22,18,143,0.20002665339614012
2023-01-18,7,78,0.5850867240578166
2023-01-22,3,31,0.3900782317244359
2023-10-29,20,184,0.21161912445545628
2023-06-05,9,165,0.10224227884241843
2023-04-10,22,24,0.23606865505062158
2023-06-09,17,140,0.024926120235014726
2023-03-23,1,43,0.5504496219704896
2023-11-22,21,47,0.9821887065389986
2023-07-03,7,97,0.5550358784053919
2023-08-10,3,103,0.9946584082454881
2023-07-10,16,116,0.7440181437907438
2023-12-08,22,182,0.9224235718620024
2023-10-10,19,161,0.1691478447236745
2023-10-11,5,137,0.561418064783379
2023-10-02,16,27,0.0478860053039778
2023-01-15,17,180,0.43752251854216706
2023-09-21,2,198,0.9820549274879786
2023-01-11,2,148,0.8519750797552703
2023-12-18,20,102,0.01885113859291543
2023-06-16,21,132,0.13343368932907296
2023-01-01,22,38,0.8107135384054373
2023-08-19,25,119,0.48167623248422275
2023-08-15,20,38,0.13956084429991833
2023-07-16,18,79,0.9708932859251252
2023-05-08,11,40,0.24287970199773956
2023-09-06,14,160,0.7708161776107513
2023-01-26,12,1,0.6151461874564575
2023-06-12,12,185,0.6727697928337686
2023-07-26,15,132,0.5751989050522015
2023-09-25,4,184,0.7122948727373798
2023-07-05,6,77,0.4242902198413875
2023-08-27,15,150,0.2958082098845183
2023-01-07,2,163,0.9107892630652062
2023-07-04,18,157,0.9681114875609546
2023-05-08,17,192,0.6729314472460997
2023-10-31,9,33,0.5028992078863093
2023-01-05,16,93,0.3301968830203038
2023-12-07,11,77,0.9754061927032733
2023-03-15,7,112,0.7142266917518422
2023-10-26,11,134,0.9026244972951964
2023-11-05,10,22,0.6037852043591242
2023-04-07,25,172,0.0426343697434034
2023-11-08,1,23,0.1595219219751477
2023-04-10,16,165,0.8416817257681212
2023-09-03,22,176,0.2977341568567039
2023-04-15,4,57,0.11988572313816126
2023-05-26,8,45,0.6921946671194822
2023-06-09,17,117,0.6724320810527116
2023-12-16,23,199,0.570496843945352
2023-10-23,10,89,0.6565769009894508
2023-10-24,17,152,0.9351013762657397
2023-08-22,20,73,0.31248774667697843
2023-03-05,21,167,0.6463407128528471
2023-01-10,18,1,0.7974440548079491
2023-06-18,22,55,0.12255601433026231
2023-07-11,23,118,0.8754962315854532
2023-11-17,18,44,0.8030017194076542
2023-06-26,12,165,0.7217002156210043
2023-09-20,5,17,0.10722418864348326
2023-08-15,19,9,0.8693560064755156
2023-11-19,23,138,0.8843586429109248
2023-02-27,2,99,0.8326454613636329
2023-12-26,22,35,0.7649163206865164
2023-12-09,13,122,0.28692262791070866
2023-04-29,4,7,0.7822855843457367
2023-10-23,17,136,0.6702751530861816
2023-06-18,10,60,0.31698980786555675
2023-03-05,11,32,0.2945130431311438
2023-05-20,7,90,0.20572544567289663
2023-06-18,5,155,0.7822480144064873
2023-02-08,13,190,0.48613758595542267
2023-10-10,2,107,0.050951571314292954
2023-04-29,4,169,0.05117632388094295
2023-04-10,12,128,0.7816865768381136
2023-02-14,23,152,0.5000747961915253
2023-05-25,18,79,0.3036275537909665
2023-03-30,14,166,0.8431610305052007
2023-05-22,17,1,0.4110392963192816
2023-11-03,19,143,0.8367524524531219
2023-07-03,10,90,0.519773987782868
2023-01-16,3,101,0.2305227602293718
2023-03-29,5,58,0.41017093337116395
2023-08-20,1,158,0.13906554506230084
2023-10-04,1,175,0.7306686715183831
2023-06-23,20,46,0.0648700346864135
2023-08-17,25,11,0.7454923327613533
2023-08-06,21,51,0.4599106792010822
2023-03-16,24,186,0.12073089688085759
2023-04-21,11,154,0.171317535263097
2023-05-20,11,196,0.47259077204795374
2023-02-24,3,79,0.9002340903021716
2023-12-19,23,115,0.040971147584626944
2023-04-17,9,142,0.36541034710802867
2023-05-22,5,12,0.8872434095695986
2023-09-08,14,59,0.31665360483149907
2023-04-28,13,45,0.5480569543125883
2023-04-03,21,2,0.2402192108823764
2023-11-28,9,106,0.009108013240770707
2023-12-09,8,139,0.04019825222642959
2023-02-14,13,29,0.906526328052235
2023-04-12,14,73,0.40487921380100267
2023-04-23,25,53,0.666604786661812
2023-02-20,25,10,0.4484366510956559
2023-01-27,1,132,0.14024609579009717
2023-11-29,8,190,0.4529859187144277
2023-07-10,4,82,0.7301328103418534
2023-04-27,12,150,0.625766402814879
2023-05-17,7,83,0.14767437587110865
2023-03-05,1,161,0.3362220642778109
2023-05-01,6,188,0.3803818760807175
2023-11-07,7,95,0.44839166045998424
2023-04-30,5,113,0.027690648292144737
2023-07-13,24,160,0.5327406966282541
2023-08-10,22,104,0.43338837027617216
2023-12-06,15,115,0.7200509474850488
2023-07-03,13,108,0.021691403764925177
2023-02-09,6,89,0.9647569984981561
2023-06-09,2,172,0.22137097765891
2023-12-14,16,84,0.118911373089028
2023-07-06,14,16,0.9307517078489793
2023-03-29,6,55,0.8793016352638384
2023-02-01,8,130,0.43013016007444105
2023-09-19,20,45,0.8887681017292901
2023-10-27,8,37,0.5883661479634118
2023-05-27,19,23,0.6877922796609598
2023-07-18,16,66,0.08643720980276781
2023-05-22,6,1,0.2998139721643137
2023-12-12,19,50,0.6951858700921837
2023-05-06,21,33,0.23576386531458782
2023-04-23,25,15,0.5965608660633229
2023-06-18,19,114,0.5597911107191298
2023-08-26,4,108,0.13878857750215867
2023-02-23,3,35,0.7064510171236384
2023-11-06,15,145,0.010042442043899924
2023-03-31,22,175,0.4290342957817782
2023-06-22,7,143,0.8004790640299247
2023-08-29,20,14,0.9839109747771587
2023-09-10,6,161,0.6609494272233922
2023-07-17,19,131,0.5845450183436716
2023-04-05,19,66,0.69260563867757
2023-02-20,6,125,0.9385154414857837
2023-05-09,15,50,0.21253357948993812
2023-08-01,14,132,0.18078712516681528
2023-03-25,14,57,0.9207045490306789
2023-02-28,8,199,0.1418136462972438
2023-11-13,25,124,0.8552804520794005
2023-01-10,6,192,0.35210059449744824
2023-01-11,3,105,0.4546653064238394
2023-04-26,6,121,0.2115859778635073
2023-08-07,24,49,0.26977143210221644
2023-06-10,9,163,0.07141715623525824
2023-06-01,4,75,0.9672387342618946
2023-08-14,15,187,0.6363948002941008
2023-02-21,15,65,0.598951218612325
2023-04-13,20,123,0.21421580281011143
2023-12-13,19,115,0.4650344283528778
2023-11-12,3,164,0.8878958365373957
2023-08-18,22,44,0.9193791684019257
2023-12-08,1,133,0.2895628396941937
2023-04-23,17,15,0.8798871166973536
2023-10-01,15,127,0.12562823180445615
2023-07-30,12,163,0.12614331201703644
2023-03-11,21,6,0.8417475753712542
2023-04-28,22,152,0.9201620145548242
2023-09-18,2,7,0.4291592019831697
2023-09-10,11,60,0.02685189248419495
2023-07-01,4,177,0.28549979652914337
2023-04-08,1,182,0.5031654777228087
2023-02-27,23,168,0.4268552067295046
2023-02-16,8,51,0.09342732148124777
2023-05-07,6,145,0.33574607517441757
2023-09-26,12,173,0.5196978323116013
2023-06-25,17,159,0.8110760423977332
2023-02-17,12,50,0.8470776893821446
2023-09-18,5,158,0.7070160226995038
2023-11-18,12,70,0.7987309566009039
2023-01-18,16,15,0.04487442482325399
2023-11-27,24,34,0.7377808876849667
2023-08-27,18,83,0.48396230666379536
2023-05-13,2,58,0.0060859079184860665
2023-12-13,14,1,0.42615766047446035
2023-03-15,18,112,0.8343736759756781
2023-02-10,4,192,0.057876507646748454
2023-10-16,15,184,0.3052235055627055
2023-08-07,6,150,0.12438574419757065
2023-05-10,9,129,0.6589934346803906
2023-12-09,10,74,0.007113496070967784
2023-01-02,4,146,0.15370039719513295
2023-07-12,14,144,0.5801159781022083
2023-09-01,23,84,0.6161767042127771
2023-05-03,8,156,0.6475828460619149
2023-12-25,22,81,0.18736747022152855
2023-02-14,25,130,0.5820610190634935
2023-01-10,23,104,0.2480794190812099
2023-08-19,24,52,0.05017965115634038
2023-01-01,1,169,0.41897446814081496
2023-12-14,11,50,0.7985598723629869
2023-02-12,7,59,0.24434386135591024
2023-01-10,20,81,0.5299068988232424
2023-01-19,11,10,0.47739452390313575
2023-12-05,16,55,0.013481947575670006
2023-01-13,20,34,0.4733804089502599
2023-07-21,13,181,0.5180643275124154
2023-07-25,11,37,0.7127317345641484
2023-05-09,8,138,0.8171956249385455
2023-11-22,25,7,0.6297301665024782
2023-08-26,21,2,0.2166006732220087
2023-05-15,9,102,0.7807401803987906
2023-11-15,14,142,0.42528772055361885
2023-05-25,20,169,0.12079119812186156
2023-01-19,21,175,0.539210522745531
2023-04-27,24,51,0.43194057521121465
2023-04-12,19,41,0.2562756747087912
2023-09-28,11,117,0.13889753752852385
2023-01-14,7,7,0.5329737201009023
2023-09-10,15,43,0.5083577622140782
2023-12-17,5,79,0.9413805197066508
2023-06-06,22,73,0.09421550546924695
2023-12-19,12,149,0.26003523463225897
2023-12-17,12,163,0.4131920158713106
2023-06-25,19,49,0.22387180461898026
2023-04-29,11,65,0.1715592764369629
2023-09-14,3,147,0.9773242739137439
2023-09-18,16,112,0.0025790819108654217
2023-09-20,2,149,0.7179400757815907
2023-02-16,9,63,0.8629499625024555
2023-12-30,1,164,0.27208083010739914
2023-01-22,25,158,0.2430012190147598
2023-12-26,9,18,0.42047525862475055
2023-06-01,23,65,0.4720349821831358
2023-06-29,20,150,0.8805214714048157
2023-09-03,1,146,0.07652831091936363
2023-05-01,7,72,0.9068624738214848
2023-08-23,16,60,0.7020705037138226
2023-10-24,19,76,0.2689681449156789
2023-03-14,12,186,0.8404994049579787
2023-07-14,4,11,0.9082360712988843
2023-07-06,11,192,0.3622324875175873
2023-08-31,13,3,0.3442032334907814
2023-12-07,23,66,0.29351458870186353
2023-12-07,5,24,0.09454156061886976
2023-03-26,5,96,0.740648253532607
2023-10-03,2,115,0.8326066267362322
2023-07-08,6,126,0.9523970582531733
2023-12-13,10,79,0.9461378431648447
2023-04-05,6,16,0.1632716492870253
2023-10-03,20,89,0.31606224800459704
2023-09-23,5,120,0.32779431633372424
2023-08-25,9,20,0.029041015018833494
2023-05-21,23,96,0.6252798344928766
2023-04-20,10,66,0.014502871245732685
2023-10-19,10,127,0.6397803439162805
2023-06-26,4,190,0.30985035318132437
2023-02-01,20,138,0.6017540052709958
2023-03-13,17,106,0.9818045851251692
2023-08-14,2,106,0.8046367073379295
2023-12-04,20,134,0.7185298096666685
2023-06-18,16,62,0.9270527477818105
2023-07-19,3,168,0.7755363313195321
2023-05-23,19,69,0.266414461773975
2023-09-05,24,132,0.016545085914141833
2023-03-29,3,166,0.7027025390634324
2023-09-29,3,105,0.9842358982295095
2023-11-19,25,48,0.7021440406757561
2023-05-11,21,21,0.21933309473127094
2023-05-31,16,155,0.6343447815464257
2023-12-02,20,158,0.36525731628002245
2023-08-27,19,192,0.6974456856475992
2023-11-29,12,31,0.6255434840131558
2023-02-20,10,153,0.2276337279438745
2023-12-27,17,102,0.7562673210828598
2023-10-29,11,89,0.7534491026498638
2023-11-02,24,28,0.3991896588292093
2023-01-17,15,91,0.21325836245893992
2023-08-26,21,78,0.6653840700255197
2023-01-16,25,175,0.3087741053670924
2023-02-04,23,115,0.7579843173731138
2023-01-22,22,58,0.7904727014443987
2023-09-19,18,171,0.04404852863196684
2023-06-02,9,137,0.4892446901946108
2023-01-16,23,47,0.5271601809053219
2023-07-20,4,106,0.5649587397936593
2023-10-22,9,85,0.22525961113041937
2023-02-25,19,75,0.8466973442711605
2023-11-19,19,144,0.5873383225425343
2023-09-26,1,58,0.4499618424035855
2023-05-21,10,54,0.7227226661172458
2023-01-07,22,107,0.10306194895682885
2023-10-29,16,181,0.5113758785903966
2023-12-18,18,73,0.5352245345361413
2023-12-16,3,23,0.5058972890382367
2023-12-19,4,97,0.43125280252955
2023-07-21,23,129,0.09959634568031372
2023-08-04,21,11,0.21637534485246923
2023-07-26,20,127,0.12615544092734066
2023-11-04,3,155,0.4053784752912847
2023-04-16,3,194,0.09033321318018284
2023-08-27,1,61,0.8091783340111137
2023-01-07,10,108,0.31532645611941645
2023-09-08,18,69,0.8738182091473233
2023-05-21,25,192,0.20212897380009076
2023-03-03,21,105,0.3768860548137102
2023-05-04,20,48,0.7010962357196195
2023-04-15,23,139,0.4656796539660989
2023-02-01,2,137,0.6947953381534349
2023-03-13,20,155,0.11736867675208251
2023-07-02,13,100,0.8186001246681793
2023-08-31,25,180,0.015369789774035914
2023-03-07,7,24,0.297478955739506
2023-11-18,10,98,0.7047676821271088
2023-03-20,11,116,0.5379292641396395
2023-05-14,19,20,0.020111346640815486
2023-02-08,16,153,0.44647562924462225
2023-09-05,10,199,0.06427624556204947
2023-07-15,2,191,0.9422898255522559
2023-06-20,14,130,0.3357293636114397
2023-09-09,13,167,0.3152527030960105
2023-12-12,18,189,0.7566223797989681
2023-04-25,7,167,0.07007631784953883
2023-10-07,13,174,0.3791417220432042
2023-04-28,14,28,0.9666105211579318
2023-05-02,4,111,0.9142911089551925
2023-07-11,4,66,0.6929482550257209
2023-10-01,7,44,0.4208712467656903
2023-11-08,24,95,0.5391972669308807
2023-01-24,25,109,0.5760573793250575
2023-05-14,15,29,0.8065350260650239
2023-06-14,21,6,0.48331716952719994
2023-03-01,15,147,0.6975696288922837
2023-07-28,8,199,0.0007789837378349151
2023-03-03,1,52,0.33978355736898735
2023-08-10,16,152,0.33878674758654215
2023-06-03,10,20,0.30479721596331677
2023-05-18,18,35,0.8849887804300032
2023-03-15,24,38,0.8636757989640619
2023-11-17,13,56,0.09075418204401087
2023-01-25,23,133,0.7549946650089947
2023-01-10,12,39,0.2867992070163474
2023-02-22,19,169,0.4566855796230622
2023-06-22,19,149,0.8583554367115969
2023-09-22,15,58,0.6254219614094954
2023-03-13,25,137,0.6016814389826207
2023-03-14,6,148,0.14867784842309117
2023-07-12,10,18,0.20198199873022615
2023-08-08,22,67,0.7564921692462862
2023-08-12,25,76,0.6910574625685342
2023-11-16,6,134,0.5909851330445797
2023-02-10,5,70,0.9529763111921201
2023-05-26,2,191,0.6310118106915873
2023-06-06,17,182,0.8455004260537158
2023-01-16,11,14,0.9461890981639296
2023-12-19,8,95,0.40651885694925305
2023-03-12,8,162,0.9141029868533187
2023-05-23,15,141,0.16367385945288848
2023-03-20,22,128,0.9319968218049272
2023-03-15,15,103,0.6800075194478019
2023-07-06,21,68,0.5184032361054816
2023-05-23,17,63,0.659268247226316
2023-08-20,18,163,0.2656528606065566
2023-02-26,9,122,0.21121799468192892
2023-06-28,13,76,0.14464555395453105
2023-12-19,19,69,0.0077018513468773975
2023-01-27,19,74,0.056930047098304404
2023-05-16,9,33,0.3716410070048911
2023-04-13,7,181,0.9618335337904942
2023-01-29,15,37,0.13773843511013406
2023-04-25,17,113,0.111562468407846
2023-06-10,1,77,0.13691337839534967
2023-11-24,6,109,0.40482593261138633
2023-12-29,3,101,0.9367672102129474
2023-11-09,10,72,0.23176949439227956
2023-10-11,15,170,0.3968788435780132
2023-04-19,19,49,0.9920966885788656
2023-12-27,19,29,0.17390362965902917
2023-02-20,13,19,0.23125025638338859
2023-05-13,23,37,0.6929274903053284
2023-03-23,20,20,0.6881977701134931
2023-02-11,21,54,0.04251310324354696
2023-05-20,25,149,0.04233696214973781
2023-12-03,19,77,0.029719913452368907
2023-07-17,21,70,0.22361337638879197
2023-02-11,10,190,0.35447905761096954
2023-01-19,13,92,0.6473751689180174
2023-11-03,23,22,0.38020353795273343
2023-04-23,6,123,0.20820420995650257
2023-01-24,1,183,0.8611218587950847
2023-02-10,19,162,0.2646677617010166
2023-05-22,18,76,0.06784664144477193
2023-10-20,2,41,0.36376439402017713
2023-11-27,23,130,0.36425535854748536
2023-07-27,16,41,0.2867928240300296
2023-12-26,1,71,0.7391137782845038
2023-06-22,19,56,0.23397769455429007
2023-05-01,9,197,0.7328689084109908
2023-06-09,6,155,0.19592117599706016
2023-06-11,12,27,0.41793832214418225
2023-11-29,4,124,0.266159276209609
2023-08-20,2,48,0.6425206945823306
2023-05-15,7,177,0.529149717794228
2023-01-14,14,157,0.27667301587947024
2023-04-18,7,133,0.5588856389280293
2023-05-11,6,49,0.4957050872669152
2023-12-15,7,197,0.7588561229466145
2023-08-01,16,26,0.2821594136837673
2023-01-30,8,112,0.9846767642113156
2023-08-07,5,47,0.7117010804890346
2023-07-22,7,166,0.4662382876311918
2023-09-08,9,64,0.7522535980271954
2023-05-20,23,171,0.494328713936496
2023-05-31,18,170,0.0677856201398278
2023-04-30,5,49,0.35731961055359285
2023-10-22,2,22,0.3875787681115205
2023-12-13,19,38,0.991667303311612
2023-01-29,5,68,0.48547289637363067
2023-04-03,17,24,0.9972108962958114
2023-04-22,19,137,0.5340635177478289
2023-01-02,15,76,0.019620846925667346
2023-04-21,1,98,0.6065347372213123
2023-12-02,23,19,0.7017483783094441
2023-06-11,12,127,0.8540392572904495
2023-09-11,5,92,0.42432419419071576
2023-09-12,21,162,0.10279056196814307
2023-01-28,7,159,0.9777595160008136
2023-02-04,2,72,0.1702674017974427
2023-03-11,5,137,0.7377209095882183
2023-01-05,12,164,0.9917509364747278
2023-09-07,12,117,0.5151859050189898
2023-03-01,1,128,0.6731269311599434
2023-10-04,14,157,0.48210953338712426
2023-07-09,4,10,0.8733735576674058
2023-02-01,2,86,0.3572927331563578
2023-12-27,10,125,0.12983787866052432
2023-10-11,7,119,0.4380080864960506
2023-12-21,17,56,0.10523095313080133
2023-02-17,17,61,0.8943953035946667
2023-01-17,14,187,0.43459133729141164
2023-10-30,16,3,0.9997521036958004
2023-03-03,10,196,0.4172619369096128
2023-12-04,2,107,0.008293580977706161
2023-08-18,15,92,0.8073630421813836
2023-04-03,5,78,0.4917286028796113
2023-11-30,2,101,0.31837727493999757
2023-09-11,17,140,0.8433714880964661
2023-01-05,1,149,0.5220153127436173
2023-10-28,5,146,0.6063839119330457
2023-12-16,20,15,0.6297866615400851
2023-02-28,16,113,0.4699983582288516
2023-05-28,8,107,0.9859463611284022
2023-07-09,13,171,0.3276411011196434
2023-12-14,4,177,0.5195070943645319
2023-07-17,22,148,0.7196273223887816
2023-03-31,12,122,0.6145990408170856
2023-01-20,1,25,0.34522796534277145
2023-10-18,21,29,0.7893154210759286
2023-12-11,4,170,0.7612181899572479
2023-07-09,16,122,0.4195606571107122
2023-07-24,13,4,0.0341355932881634
2023-01-20,12,186,0.773201749431868
2023-06-12,17,136,0.1924757574209901
2023-01-24,14,101,0.4818502434074038
2023-07-29,20,176,0.04290974129768477
2023-10-23,13,165,0.6960794558551134
2023-05-12,6,112,0.21590324358670365
2023-01-10,4,10,0.6548241348304285
2023-08-25,20,87,0.42494958369734637
2023-10-31,16,45,0.9258873397788497
2023-07-26,24,150,0.7821254289617258
2023-12-15,4,42,0.1960295836359952
2023-08-24,22,8,0.41180569403423206
2023-07-16,16,45,0.6120851698332973
2023-03-22,13,43,0.5570261971490444
2023-04-02,25,175,0.9492026239448547
2023-12-02,4,115,0.6270200822607747
2023-09-10,12,136,0.7263596646550183
2023-10-24,19,191,0.204740434610733
2023-02-18,4,33,0.0615247082618281
2023-04-13,20,71,0.23408961792397698
2023-07-20,3,187,0.2609337054599904
2023-09-13,8,7,0.3106124929763615
2023-08-06,18,124,0.9785423034173745
2023-05-22,19,128,0.15382543689033812
2023-06-27,11,61,0.003287358975928134
2023-02-10,2,200,0.20089858999663524
2023-07-31,19,52,0.2053246211650792
2023-02-27,18,138,0.7744535727652604
2023-12-23,9,10,0.9642773665367463
2023-02-27,23,51,0.1573424116622848
2023-05-15,23,75,0.4153901164881951
2023-10-29,24,88,0.10510243702548505
2023-06-24,14,156,0.40918551288641014
2023-05-12,14,148,0.10503938609864127
2023-06-22,17,197,0.42855843329730803
2023-09-22,13,148,0.42883431834336017
2023-04-02,16,167,0.9510508453430846
2023-05-02,9,133,0.22063144716682404
2023-08-21,10,65,0.6977939306258485
2023-03-17,10,173,0.4005021914044071
2023-09-13,6,102,0.2201105451852201
2023-10-03,17,67,0.35527578851069086
2023-02-25,6,182,0.11616843449999936
2023-04-03,2,105,0.1662312421561135
2023-09-20,21,58,0.4494117763630774
2023-07-18,23,86,0.4031374149225312
2023-09-24,19,195,0.7403084903448398
2023-04-16,15,86,0.977890835503967
2023-02-04,11,152,0.6340770436253497
2023-09-29,23,64,0.42421544149610835
2023-11-04,3,75,0.35332314570574774
2023-06-07,3,27,0.8331333909369895
2023-12-12,15,15,0.9614781549337975
2023-08-16,19,8,0.20675792974360852
2023-08-11,18,38,0.45797331095389526
2023-02-20,25,131,0.5934092644757665
2023-12-28,14,125,0.04459207934893816
2023-04-05,10,3,0.9783032779190535
2023-07-29,22,108,0.8250624735593687
2023-01-03,1,186,0.9514359391867814
2023-06-23,21,28,0.6086567302063226
2023-11-21,15,47,0.17253272154996702
2023-02-24,21,106,0.8130262533004035
2023-05-31,23,45,0.4638358008016036
2023-12-20,16,130,0.08706921541418067
2023-07-24,14,67,0.14428432038587669
2023-09-28,7,57,0.0719579239872894
2023-04-21,22,113,0.09185293487116952
2023-09-09,23,72,0.5370536065386313
2023-12-23,2,186,0.9129585405431002
2023-09-20,6,3,0.21728807696276242
2023-06-27,1,167,0.9756247048995568
2023-09-07,5,139,0.8596577136359567
2023-03-11,17,103,0.1792962972457447
2023-09-23,5,107,0.9547038410989542
2023-02-05,25,148,0.12705383222630395
2023-04-09,7,168,0.4755542922765368
2023-10-24,6,37,0.01993490849163948
2023-11-09,20,69,0.34206308733826296
2023-12-13,25,94,0.49519749600821006
2023-07-20,8,173,0.29504304999618414
2023-07-30,3,48,0.8181652110139401
2023-09-02,6,19,0.5534230302240714
2023-09-29,23,3,0.39040684471131437
2023-08-12,20,37,0.18975630717905967
2023-07-04,11,194,0.838750070680473
2023-09-15,3,188,0.3981551501958812
2023-06-17,22,143,0.3624097948382603
2023-06-03,20,200,0.7904322299115625
2023-01-13,9,69,0.20306019206073533
2023-10-08,14,125,0.6567347923662474
2023-02-20,4,89,0.9160289216566448
2023-11-04,23,94,0.16417610352557788
2023-04-14,13,187,0.10675084368815069
2023-12-01,14,106,0.1503752872946036
2023-10-29,20,130,0.8278181532811256
2023-05-17,19,136,0.7888579488233102
2023-02-07,11,63,0.0006859871731039746
2023-03-11,19,144,0.12241181298704917
2023-08-17,10,126,0.18278641107398286
2023-12-11,25,70,0.6975415018570849
2023-12-05,5,175,0.6007921234819052
2023-07-28,10,13,0.29694300377043836
2023-03-21,8,94,0.9141470244069175
2023-01-22,14,128,0.46996602162641976
2023-05-21,4,110,0.17338849212243213
2023-02-14,11,102,0.16569574057677294
2023-07-13,14,150,0.9352756706693092
2023-04-13,4,189,0.5504856283717409
2023-06-20,6,142,0.554766045299167
2023-04-09,17,187,0.8237995709213274
2023-11-03,7,50,0.5282477179385351
2023-03-01,16,80,0.3824878132081425
2023-06-16,20,92,0.5045069208628983
2023-05-06,23,169,0.9316515378264529
2023-09-09,19,155,0.4959468954277142
2023-05-20,24,132,0.22593180744496244
2023-11-27,1,90,0.5850247799154804
2023-03-30,6,74,0.4073103494266087
2023-10-22,7,64,0.04986740319121241
2023-11-20,8,71,0.8774113260735432
2023-03-03,20,66,0.15279822525042186
2023-03-10,6,24,0.7127504317541716
2023-09-01,6,72,0.881073831533755
2023-11-01,19,33,0.8997484353042486
2023-12-09,12,26,0.4329371904168846
2023-10-18,18,148,0.0302906465215107
2023-08-31,16,103,0.6403465127351898
2023-06-23,15,29,0.34782827044491105
2023-03-07,5,74,0.6040210504368674
2023-12-08,19,52,0.6208970878345224
2023-05-26,23,147,0.10668994792871678
2023-03-08,9,47,0.41439889870179314
2023-01-13,15,199,0.7983244463954683
2023-01-01,12,53,0.9759885447170984
2023-01-29,12,160,0.4639835667613923
2023-06-20,21,83,0.7238187728748873
2023-07-02,22,168,0.3345366118880697
2023-03-05,21,4,0.6324149706763541
2023-12-23,13,168,0.7618292907388705
2023-07-30,7,199,0.5559819026045333
2023-07-25,25,99,0.8366465066756332
2023-10-07,13,180,0.12393799107735815
2023-10-03,12,135,0.11778290766907529
2023-11-04,22,162,0.7908280825106452
2023-08-20,15,135,0.5773846183724338
2023-10-10,8,19,0.7782176142795636
2023-01-29,21,130,0.3339154847281177
2023-04-21,5,121,0.7818492800680249
2023-08-18,20,73,0.912468135700118
2023-07-27,18,30,0.4320717170461723
2023-02-08,22,136,0.5632561798916452
2023-02-13,24,166,0.17625620403919062
2023-12-03,18,43,0.7530885560694495
2023-06-02,6,186,0.28512077201973673
2023-02-14,24,132,0.7857548059430555
2023-04-07,18,91,0.17107862000326934
2023-04-28,25,186,0.23872354512483374
2023-10-17,8,68,0.5199555065862942
2023-06-28,25,200,0.6482702688933714
2023-05-30,1,165,0.9899707481066878
2023-10-23,10,71,0.7461440659175882
2023-11-27,13,29,0.01655064325448863
2023-09-12,7,76,0.6762808824278875
2023-05-05,3,20,0.21123430096857
2023-07-29,22,170,0.9879395203661462
2023-03-16,7,185,0.0704974791281956
2023-10-03,24,54,0.9005031810841588
2023-04-15,1,159,0.8945982795120423
2023-03-27,22,10,0.5857700261126534
2023-09-21,10,48,0.3984015443157979
2023-03-30,13,108,0.9292348078358709
2023-12-09,16,15,0.8248322685595111
2023-02-21,22,182,0.74625465900836
2023-07-14,6,124,0.36325175993170744
2023-01-29,22,161,0.40258214597130515
2023-05-17,1,77,0.6869886057598401
2023-01-11,14,57,0.973470218145121
2023-04-11,19,144,0.3046125325476944
2023-06-06,10,192,0.009528788902649521
2023-09-09,10,116,0.1347969783825751
2023-09-06,13,181,0.2579702376692917
2023-06-30,22,92,0.3082340861190336
2023-09-23,23,25,0.22430371425799644
2023-07-19,23,160,0.44851468361198743
2023-12-07,13,125,0.25287099190900053
2023-06-22,17,102,0.3049504227579647
2023-04-07,4,183,0.021212927205565224
2023-04-03,13,172,0.3555443784756084
2023-04-17,9,193,0.041762986484364606
2023-10-29,25,31,0.18638409462674543
2023-11-20,8,135,0.03596730985071428
2023-06-12,5,71,0.34674187785485544
2023-08-27,10,187,0.2635554200173247
2023-03-12,6,76,0.402475460884147
2023-01-04,8,132,0.9783333454073853
2023-05-02,18,24,0.406936780533238
2023-01-12,19,163,0.6452529224789998
2023-08-06,17,174,0.8942286652973336
2023-02-05,8,185,0.9850715815573692
2023-01-18,8,21,0.838710461042947
2023-06-03,22,94,0.7447087171413547
2023-02-19,24,86,0.20612580207026954
2023-05-25,8,191,0.46277857564835834
2023-01-03,21,106,0.042866175734690426
2023-08-17,6,20,0.6978543031808274
2023-04-25,23,101,0.2475674103336789
2023-11-16,4,36,0.23808265195916423
2023-12-11,5,187,0.4401406605368603
2023-05-30,15,83,0.965199616837608
2023-07-30,10,142,0.013079847796695021
2023-02-19,5,13,0.12242683193311443
2023-10-08,8,9,0.8482715437125923
2023-11-27,2,134,0.8309397734502867
2023-12-22,12,35,0.25346121036980185
2023-08-12,8,68,0.8399721687953349
2023-11-10,1,63,0.7432861833716574
2023-05-22,10,135,0.15990242409638977
2023-05-11,21,148,0.16269267145549338
2023-09-21,18,191,0.6594072483671861
2023-11-20,11,158,0.05796300503439966
2023-02-26,10,27,0.732020284926943
2023-01-05,19,84,0.8260311611179376
2023-04-12,22,22,0.13865633211090933
2023-09-28,17,15,0.1977395805087515
2023-03-03,16,9,0.9657164165056401
2023-06-26,14,121,0.07155309812629629
2023-03-11,2,156,0.40967005748844076
2023-02-12,22,130,0.5279282105691848
2023-08-10,21,117,0.9999292829900986
2023-08-09,7,148,0.14612268377426074
2023-09-20,24,153,0.9512721573455301
2023-11-13,22,137,0.8853155596564766
2023-08-28,14,139,0.2764956505650634
2023-04-29,9,20,0.0036224385412693128
2023-07-29,24,174,0.6883276852731575
2023-01-06,12,2,0.21870488927695497
2023-08-30,6,39,0.3844175089637404
2023-02-26,3,142,0.07268826081721103
2023-12-21,20,91,0.8341941340011104
2023-04-13,3,53,0.07331575569457316
2023-04-01,11,123,0.515401021869939
2023-04-23,21,21,0.8588439033480728
2023-02-03,23,108,0.2533931820142217
2023-01-12,22,24,0.6576557507409011
2023-08-02,1,63,0.6691864180617665
2023-12-09,8,129,0.5473214949810328
2023-10-24,17,122,0.5707754726408144
2023-07-08,8,76,0.10485839383066553
2023-01-18,15,33,0.8642002010373707
2023-10-03,11,77,0.8479600707674622
2023-04-28,16,110,0.37478427428170624
2023-02-26,25,147,0.5652325456398029
2023-08-09,15,182,0.5348821743380445
2023-08-10,8,142,0.5789532833453871
2023-02-21,2,64,0.1781913123493003
2023-03-22,23,85,0.9309939013305316
2023-08-09,9,48,0.17718141353737538
2023-10-11,13,164,0.738859687269946
2023-02-14,17,189,0.7784926125569992
2023-02-18,9,158,0.5686638909294797
2023-10-18,18,121,0.4572261351134985
2023-12-05,9,39,0.019669925571796032
2023-02-02,19,33,0.9416604666356456
2023-08-14,4,190,0.6586074693403873
2023-01-19,4,108,0.6855589447983282
2023-12-19,6,29,0.6755370536536606
2023-01-21,4,97,0.1272628319279976
2023-11-11,7,7,0.8092124905972542
2023-03-10,4,129,0.06772596651365892
2023-06-11,10,180,0.8646922625175762
2023-06-29,24,67,0.6035522795028548
2023-07-07,14,12,0.1796238591478161
2023-08-27,15,20,0.7343360057362942
2023-07-20,22,1,0.8908193314929783
2023-09-06,4,165,0.8354592302393802
2023-09-09,2,128,0.8038161681561758
2023-01-06,19,136,0.2846347919733023
2023-02-10,22,17,0.1599988812187091
2023-11-29,21,2,0.6222310275702969
2023-08-23,5,72,0.3286068630059885
2023-03-07,7,105,0.9181929358401664
2023-03-25,9,35,0.22660200745696535
2023-08-24,14,82,0.09299635320911004
2023-01-23,5,193,0.7759957174093789
2023-01-11,5,193,0.7109947201526348
2023-12-18,1,161,0.40944092610222727
2023-02-21,13,176,0.3225913233612565
2023-03-27,5,182,0.7821907366441333
2023-11-08,20,45,0.2209593986968541
2023-06-08,21,71,0.9788225299478377
2023-01-13,14,85,0.34500893389227416
2023-06-02,7,46,0.9260838066105536
2023-05-19,16,173,0.34373364471503887
2023-10-31,20,19,0.1787824090861152
2023-03-07,17,191,0.039828482505392504
2023-12-10,11,158,0.14607314909650815
2023-03-01,23,46,0.9379309301006762
2023-04-12,2,200,0.12138402104863089
2023-05-04,4,126,0.2240558810180846
2023-10-26,3,90,0.4075603188619703
2023-02-24,7,157,0.16919082137866714
2023-01-30,21,146,0.7136582635159046
2023-08-10,20,61,0.8201286411778564
2023-11-07,21,14,0.9564695235088914
2023-02-01,18,84,0.029889238382717953
2023-03-31,17,196,0.016303858966591256
2023-03-26,19,171,0.8805494871788162
2023-09-17,7,73,0.47063675076866196
2023-08-02,13,191,0.7624418658823829
2023-04-08,7,141,0.3888409110703467
2023-06-11,22,159,0.16320015621955042
2023-07-16,20,190,0.3081582211890197
2023-09-15,7,65,0.914587632364679
2023-09-03,15,10,0.580739448160715
2023-10-04,2,60,0.9720867427662284
2023-10-24,22,198,0.36636484382166834
2023-09-26,15,94,0.6253774061274514
2023-02-21,6,13,0.535605129294897
2023-09-23,25,138,0.20926322574576395
2023-10-20,12,7,0.15890346047458315
2023-05-07,7,6,0.8005606405059216
2023-03-26,7,42,0.16715012298586696
2023-12-12,19,77,0.8476839587524152
2023-05-06,1,108,0.9405777112201201
2023-10-16,19,12,0.9553766820470786
2023-11-14,20,102,0.8523975702329522
2023-04-07,6,34,0.7429418071795217
2023-01-30,15,44,0.3638053061402048
2023-04-14,24,136,0.3244448693827766
2023-02-25,7,38,0.21341520416070303
2023-08-06,4,120,0.5397567463740174
2023-09-04,25,116,0.33378326161681415
2023-06-20,11,133,0.06969478411269936
2023-03-15,24,68,0.16203009944732483
2023-12-28,7,95,0.7592131901323584
2023-09-01,10,175,0.6661449733476961
2023-11-05,10,109,0.27051574211325957
2023-11-19,11,70,0.9175195314061365
2023-06-29,2,158,0.40110252936610324
2023-11-16,3,183,0.1701125772393216
2023-04-05,9,148,0.04548138377929267
2023-09-18,21,27,0.5477586621818256
2023-06-06,22,48,0.6628162847694032
2023-08-05,21,120,0.32990191591483364
2023-09-01,7,36,0.9956090109230828
2023-05-25,2,133,0.9944588507865645
2023-03-29,19,161,0.45260703690994153
2023-01-27,23,70,0.8767935519573651
2023-01-01,16,69,0.5683524597672244
2023-10-08,2,171,0.670249922637447
2023-10-24,11,65,0.9779901088960382
2023-04-13,18,178,0.027391433880082472
2023-10-26,15,13,0.1257792219169107
2023-04-29,17,174,0.6566734191596828
2023-09-04,14,43,0.7050188255971424
2023-12-08,21,196,0.6325521480602407
2023-07-14,13,77,0.6448603223371457
2023-03-04,2,148,0.7899785998814404
2023-07-28,20,196,0.9321779613190456
2023-08-20,22,107,0.13637428987177658
2023-08-12,23,133,0.38607380344663544
2023-07-08,7,15,0.947414503133848
2023-10-22,8,196,0.09853164903680034
2023-11-11,13,24,0.11752704532493741
2023-06-04,24,135,0.8091088993243105
2023-06-19,2,19,0.16112897362027767
2023-02-02,1,45,0.7502840228487138
2023-11-23,25,113,0.06800424161354446
2023-11-12,16,18,0.833842760619032
2023-11-25,7,82,0.2543474853995771
2023-01-07,9,111,0.8957834409758444
2023-08-03,19,129,0.5771483622078825
2023-08-12,15,169,0.4137004207597911
2023-11-28,4,68,0.048694935143114404
2023-03-31,14,84,0.4141921291159344
2023-12-01,7,57,0.9915613561708359
2023-03-04,16,13,0.31865972643575424
2023-01-19,10,156,0.33732514997799357
2023-01-20,2,69,0.0652277793415188
2023-05-03,1,113,0.9281127848259599
2023-04-22,16,108,0.4615298415374438
2023-07-28,16,45,0.2072378585736292
2023-04-23,9,13,0.7412762139424539
2023-12-03,16,180,0.21391747735695477
2023-12-04,4,77,0.3336952971627838
2023-05-18,13,37,0.7914449990561809
2023-12-21,23,170,0.29735299699337436
2023-10-31,4,149,0.9944641018657912
2023-03-20,20,81,0.5774208472196087
2023-04-23,3,28,0.2815470402719614
2023-01-16,13,85,0.31520785445199284
2023-03-25,14,36,0.6463521588873226
2023-09-10,10,85,0.851793324149503
2023-05-17,1,22,0.7282097739256403
2023-06-12,24,154,0.20109994046157975
2023-10-31,20,105,0.7216099784179038
2023-08-27,5,141,0.7282604577837063
2023-09-14,20,9,0.4188066747890151
2023-10-20,17,63,0.7895822422489037
2023-01-02,11,147,0.8207873776296359
2023-10-12,16,192,0.2284729717231433
2023-11-23,13,166,0.0061165329099095445
2023-07-11,12,58,0.782121918000236
2023-11-01,10,164,0.874381328704557
2023-11-18,18,83,0.35741652481547337
2023-06-01,12,29,0.6725524094620589
2023-10-09,23,129,0.9647891978411408
2023-04-19,16,185,0.2604821514537933
2023-02-14,15,179,0.9385761213462485
2023-09-28,21,47,0.36305536976900277
2023-11-08,11,131,0.3660356891897485
2023-11-04,11,81,0.25619727364526934
2023-11-26,17,16,0.43239802815919215
2023-07-26,2,8,0.6248179915088768
2023-09-05,15,81,0.34710935306017976
2023-11-21,8,185,0.5749144479124393
2023-02-05,10,8,0.9675604401159273
2023-03-16,8,49,0.8229073556368376
2023-02-09,2,181,0.5430078038524959
2023-02-19,18,198,0.7859576060263939
2023-07-25,19,24,0.7820544358286601
2023-05-18,12,117,0.8478423878056661
2023-01-17,22,29,0.6984845201854433
2023-01-21,18,103,0.5060758520179145
2023-12-29,3,121,0.8734678639435773
2023-08-06,10,48,0.8289976275820952
2023-09-10,9,182,0.9401073824582049
2023-12-28,6,97,0.7638941010953465
2023-12-12,4,173,0.716651237206967
2023-06-27,13,181,0.44407873107375095
2023-11-22,3,185,0.592192868513534
2023-06-30,2,175,0.7647472402943456
2023-03-24,15,4,0.8423205486897419
2023-08-10,2,43,0.6173961421042177
2023-09-29,18,165,0.8517677212527824
2023-06-01,14,196,0.7340082616357302
2023-07-23,8,98,0.8344004675080495
2023-10-13,13,147,0.4220398658326039
2023-07-22,2,14,0.23616231295975154
2023-03-27,12,117,0.42951542050837577
2023-01-25,19,130,0.5294430987076292
2023-11-24,24,18,0.27452901471441715
2023-11-14,2,180,0.5043539913575563
2023-01-05,18,182,0.4889025165343849
2023-04-06,1,61,0.7617660085721558
2023-01-23,7,136,0.38126571541568777
2023-05-27,14,24,0.5734338356894051
2023-01-04,22,34,0.6174476375933479
2023-02-10,8,20,0.4042850685913506
2023-02-26,12,101,0.8629097372786669
2023-12-05,1,138,0.12143139075617149
2023-05-10,20,185,0.8835181534754403
2023-11-26,7,152,0.3866546640897619
2023-05-09,18,35,0.44175425826198755
2023-12-14,3,85,0.7588632339969273
2023-01-29,16,147,0.29085905069938855
2023-08-14,25,60,0.9316827893081554
2023-01-07,11,6,0.41787189582145623
2023-11-20,19,43,0.5953611176254779
2023-02-13,2,90,0.528617159292964
2023-03-08,24,4,0.09205352962295887
2023-05-30,20,43,0.41961052076652794
2023-10-25,22,128,0.23061899776978434
2023-04-10,16,24,0.3573111086996962
2023-07-17,23,51,0.03822802115506985
2023-01-07,24,145,0.7767308797247527
2023-08-27,24,143,0.6093908306458584
2023-06-21,7,37,0.3586764738731648
2023-05-09,22,15,0.44853414166210315
2023-01-13,19,126,0.7407153132731625
2023-07-26,2,133,0.9945922375543819
2023-05-03,17,129,0.5431652136717469
2023-12-20,25,131,0.10050474861554026
2023-04-20,25,33,0.9278588505150729
2023-07-26,21,162,0.510505282651872
2023-09-17,13,51,0.202235333973125
2023-02-28,3,64,0.2976730682460168
2023-03-25,24,109,0.48938084898133494
2023-09-15,18,116,0.12217275570216979
2023-01-23,11,67,0.7505946330265603
2023-12-02,13,143,0.830045480567155
2023-03-25,19,133,0.7788594428456452
2023-03-03,7,155,0.2371329018171443
2023-01-07,10,120,0.9817671290429024
2023-08-02,8,180,0.4108902073311397
2023-03-15,4,81,0.11837848206110668
2023-04-24,16,149,0.9721040996437531
2023-04-29,6,112,0.762080019391641
2023-11-16,25,123,0.97125204602288
2023-09-30,24,14,0.8736095066190612
2023-10-27,7,104,0.6295049922773464
2023-12-17,18,37,0.04168236828413985
2023-05-03,4,122,0.059038947808089604
2023-01-24,21,73,0.985784493890201
2023-04-08,8,177,0.8653385427979902
2023-07-26,9,155,0.010538505595921954
2023-05-17,11,154,0.8263179396588047
2023-02-16,18,150,0.5297696692325884
2023-09-23,19,32,0.6049961485152502
2023-07-20,25,51,0.22937700099053326
2023-12-18,13,150,0.013347068884985491
2023-09-11,25,196,0.35390158719543385
2023-06-16,1,86,0.8870979259048603
2023-12-13,13,62,0.685790436829589
2023-06-03,18,149,0.44600171532588784
2023-10-31,9,41,0.9591093088217137
2023-03-18,16,164,0.6060603967612834
2023-10-13,23,159,0.3098359918618405
2023-05-19,18,156,0.18760743674189384
2023-10-15,22,140,0.6413333213609084
2023-10-11,13,188,0.924936459409119
2023-06-01,4,38,0.3508325965696881
2023-10-15,8,147,0.3372124520987746
2023-12-18,10,63,0.3161617418827708
2023-03-09,21,36,0.9301621526555914
2023-11-27,24,51,0.3831419554176484
2023-02-02,17,181,0.37076694464665316
2023-05-06,19,135,0.4433018597742088
2023-02-24,8,157,0.16127503446660307
2023-04-17,10,134,0.391249543851505
2023-06-13,11,81,0.365972355553583
2023-07-05,2,45,0.5259791718378912
2023-11-21,11,6,0.4765759110188288
2023-10-16,1,116,0.061247346905477285
2023-10-26,13,67,0.9544318390472804
2023-03-05,4,125,0.636620957243848
2023-11-08,7,25,0.8571781681261533
2023-11-18,12,46,0.7943273297000688
2023-08-14,12,141,0.029693929572148225
2023-09-18,6,49,0.943581422081361
2023-03-29,20,127,0.7190906966101621
2023-02-23,13,127,0.6495000074474221
2023-10-16,15,100,0.8763346156709647
2023-02-24,10,94,0.4982217275688091
2023-11-25,3,4,0.8057461688812034
2023-10-27,6,199,0.9722394111026801
2023-10-08,21,14,0.21628907980513767
2023-01-19,24,80,0.7376035389718324
2023-01-02,3,149,0.5123356134904524
2023-10-10,25,77,0.5869772401519484
2023-03-02,13,186,0.27138317174291127
2023-05-21,20,26,0.17581411518576384
2023-11-04,1,71,0.09370542999613063
2023-03-25,14,99,0.9962923573769864
2023-05-19,20,152,0.7400173750863813
2023-09-08,23,148,0.9572260063130958
2023-04-23,2,63,0.26559047375598743
2023-11-21,4,108,0.6773002179586811
2023-12-06,19,154,0.4425899126665427
2023-09-09,8,77,0.034630848527884006
2023-08-30,11,38,0.21111718194553397
2023-04-22,18,188,0.3173136347361728
2023-08-12,22,24,0.44839651334776676
2023-12-15,4,167,0.09283709022341569
2023-05-02,3,114,0.4942958422689503
2023-05-16,25,162,0.7739400576455151
2023-12-22,18,149,0.5124953139918027
2023-08-13,25,78,0.4833552637491806
2023-04-15,3,70,0.3514567776744486
2023-10-17,21,43,0.6014483773980909
2023-05-02,6,154,0.6487678567928563
2023-05-28,10,59,0.7497340023683747
2023-05-31,18,46,0.7633123586519035
2023-07-20,6,154,0.15236664019227586
2023-09-24,19,198,0.1846688621074306
2023-10-01,1,137,0.6653570233275532
2023-05-30,4,188,0.4581082532181422
2023-08-19,21,174,0.039579643801123554
2023-12-10,16,191,0.35058199985928973
2023-10-15,14,63,0.36404918016340204
2023-02-28,21,26,0.9368946857625401
2023-05-24,9,172,0.5560831154041356
2023-11-21,1,73,0.8495054450523063
2023-06-08,17,5,0.13785592265026914
2023-01-25,5,83,0.4127272528739987
2023-12-13,4,149,0.623234424939001
2023-07-26,6,18,0.7039176583828473
2023-07-20,25,143,0.6792866032800763
2023-02-14,8,156,0.1598025524724449
2023-11-25,12,56,0.7774344921113266
2023-03-31,3,183,0.33227224848944426
2023-01-25,16,73,0.8516983642846384
2023-04-24,9,141,0.950809711840648
2023-03-14,14,54,0.8932553734768408
2023-07-21,19,192,0.8059900918416482
2023-02-17,12,15,0.8423888369526373
2023-03-31,18,48,0.6743052867104207
2023-08-12,23,112,0.04423741764868305
2023-08-12,9,164,0.5033947508602294
2023-02-16,4,64,0.05383081304379689
2023-12-11,14,60,0.43529930517703264
2023-05-09,2,100,0.5784877011265369
2023-10-01,15,54,0.6473822357253883
2023-09-20,7,135,0.8223190247588681
2023-04-25,18,92,0.2483589523865617
2023-06-24,2,139,0.5038152174928031
2023-05-19,14,169,0.4551492221302704
2023-07-26,3,181,0.15003411627803764
2023-11-02,14,198,0.7193966422003223
2023-07-21,23,65,0.45670878127657977
2023-05-24,24,195,0.5454479662722566
2023-01-04,4,84,0.8360195520135897
2023-03-29,10,7,0.47370350646184656
2023-02-16,12,124,0.24429071180650275
2023-07-24,3,11,0.6749696410769284
2023-05-25,5,161,0.6408349278033846
2023-09-27,2,82,0.16144863658979347
2023-01-29,7,176,0.8819499342475142
2023-03-27,2,33,0.2769084736776022
2023-02-05,15,170,0.7398324691007361
2023-03-26,4,81,0.7427612801614836
2023-06-30,15,90,0.7186674841152502
2023-07-15,20,126,0.1995044754580697
2023-08-04,17,200,0.9537956065463714
2023-01-16,1,99,0.5288764915475321
2023-07-02,17,94,0.3180266753210982
2023-07-28,22,127,0.8603447845486258
2023-12-17,22,193,0.376848081304606
2023-10-17,3,94,0.8669315845280527
2023-02-27,16,55,0.35598516322093343
2023-12-31,10,116,0.777361805319576
2023-02-07,17,26,0.11185182136051008
2023-09-25,20,57,0.6423273897799024
2023-06-08,17,25,0.8099917532069377
2023-02-17,16,41,0.7461431011708667
2023-06-07,6,183,0.7802013338961469
2023-07-21,20,91,0.022128291322174976
2023-05-01,12,75,0.34204433485420394
2023-04-08,6,176,0.5359241522737584
2023-11-05,10,121,0.7167355550972202
2023-07-08,14,112,0.6503041178997702
2023-02-21,8,64,0.621826904534514
2023-05-13,12,22,0.43103251365555395
2023-02-07,7,52,0.4531563223835373
2023-01-16,13,69,0.15299627204196087
2023-06-09,18,16,0.4605521518923582
2023-11-06,23,157,0.5892054658371191
2023-10-03,21,88,0.2107245449792695
2023-01-15,20,17,0.2983148002134386
2023-12-27,7,31,0.31862006498135564
2023-09-10,10,55,0.5385676224195001
2023-07-31,25,7,0.9889163229168183
2023-05-24,10,187,0.4247031917175348
2023-05-19,4,93,0.853562968900123
2023-09-20,4,48,0.6391242258674373
2023-09-15,15,89,0.7483256391436791
2023-04-25,22,199,0.3548606938912515
2023-05-24,4,95,0.9544935771082004
2023-08-09,12,15,0.7033375899135696
2023-10-12,4,149,0.8161320426356664
2023-04-12,12,144,0.28582361349717433
2023-09-03,4,171,0.828501805344779
2023-04-23,4,42,0.915438985043696
2023-03-01,25,34,0.9517496431363068
2023-05-28,14,47,0.9741874269986042
2023-04-23,21,64,0.060781580323118534
2023-08-14,16,108,0.09824577389301858
2023-01-16,4,191,0.38392650114519933
2023-09-01,21,24,0.5468937678648272
2023-10-10,1,152,0.9913371924423139
2023-07-16,2,167,0.4203758109938782
2023-11-17,7,102,0.6984099584499163
2023-05-08,9,43,0.2430423311521166
2023-03-05,16,109,0.5135507526874601
2023-01-22,4,11,0.7339535428832004
2023-03-03,20,181,0.8958520910281159
2023-10-22,19,68,0.8279712557129442
2023-10-23,23,85,0.6878832870226346
2023-11-26,8,130,0.4239486451746661
2023-11-25,19,16,0.5230486310265777
2023-06-26,20,124,0.3729111397852368
2023-09-26,12,153,0.6463666795280324
2023-05-22,13,47,0.5117123094853493
2023-12-04,3,96,0.9129794842207221
2023-11-27,19,153,0.6957140343499565
2023-09-19,24,169,0.02465049450312551
2023-09-16,5,162,0.5501526165413663
2023-11-15,22,112,0.3937345491211338
2023-12-10,10,2,0.21507436380944223
2023-02-11,12,179,0.2966856073871429
2023-05-11,21,177,0.7517883579470501
2023-05-08,20,79,0.6430183244770951
2023-05-03,4,68,0.5039284002419131
2023-06-03,7,160,0.9003917871581508
2023-09-05,18,86,0.6885236856734303
2023-03-01,7,43,0.4401818122973822
2023-06-01,17,109,0.40270262077908414
2023-10-04,18,195,0.34299027828319295
2023-06-21,16,193,0.09479131975379862
2023-10-20,16,169,0.9544876590284205
2023-09-12,3,173,0.5521637872947496
2023-02-19,12,143,0.528325922550181
2023-08-19,9,53,0.19932164065203672
2023-05-10,18,198,0.819381318593084
2023-05-16,6,81,0.8970063162524167
2023-05-10,9,127,0.7264497771419034
2023-04-20,7,190,0.06667694932312229
2023-10-04,25,144,0.044964066104179023
2023-08-25,7,169,0.49194646645146645
2023-11-27,3,147,0.31804538504111823
2023-07-16,21,78,0.32650022946258095
2023-08-09,7,76,0.6760328021219055
2023-01-12,7,185,0.4955109041638186
2023-02-19,16,47,0.6784882022587447
2023-05-01,23,6,0.2616963092247049
2023-05-11,1,52,0.9846953377895178
2023-06-11,24,90,0.9884955914394691
2023-03-23,11,152,0.2527761133192902
2023-06-13,11,63,0.6469346915251147
2023-10-24,20,29,0.8459958802868534
2023-01-31,12,185,0.6199942792912381
2023-09-21,19,142,0.07840699236068893
2023-06-11,14,53,0.6965082708126862
2023-02-06,23,153,0.9953142226496616
2023-02-13,13,139,0.9740941763968093
2023-07-01,24,80,0.1473248148077565
2023-08-10,22,53,0.6121622675739168
2023-01-11,14,125,0.41141485413362955
2023-08-24,4,148,0.8261406524328379
2023-06-21,12,66,0.9280089025944699
2023-03-28,22,54,0.6112787741494282
2023-09-13,17,180,0.4048252665670582
2023-03-27,7,39,0.6875879931846366
2023-08-24,1,188,0.3214009471963142
2023-05-05,23,172,0.6608074463276544
2023-12-14,13,66,0.2255530978759106
2023-01-14,1,167,0.7887405449021798
2023-01-23,8,194,0.4174837674907894
2023-04-03,12,116,0.8944814777578523
2023-01-27,14,75,0.4384916374886487
2023-12-03,15,174,0.45833415481018913
2023-03-10,4,143,0.3350355272423847
2023-10-17,18,189,0.04376117961512449
2023-07-31,2,182,0.49968615940023253
2023-10-08,5,188,0.7116888264529083
2023-05-01,21,181,0.5762964868749192
2023-01-31,18,194,0.9084099471662641
2023-04-22,20,139,0.9440786002260669
2023-09-14,23,51,0.542132867382407
2023-08-27,17,5,0.20581074457739024
2023-06-21,1,51,0.003877669136007178
2023-06-23,13,25,0.6038908315467337
2023-07-05,13,126,0.6387099942586767
2023-08-27,2,188,0.7909215795213708
2023-07-14,22,92,0.6000894357686916
2023-02-13,14,99,0.8484570112164226
2023-04-28,20,101,0.8860088294136015
2023-03-13,23,135,0.11154825717893468
2023-10-01,13,52,0.31321146922651777
2023-02-15,11,24,0.20625848654649204
2023-07-27,4,102,0.4713662820677399
2023-04-21,11,131,0.7813973956465949
2023-12-26,13,70,0.5663048962121208
2023-07-26,14,152,0.01672730139186218
2023-07-22,18,151,0.526611671042105
2023-09-16,15,86,0.22580237130511038
2023-05-23,15,29,0.6011314562038085
2023-10-13,20,10,0.40310086095932574
2023-08-27,20,8,0.15018593142786052
2023-11-02,3,107,0.6093809285083172
2023-09-17,13,183,0.09037410493583797
2023-12-26,25,19,0.6258381001972871
2023-05-22,3,120,0.7625055344384705
2023-09-03,2,199,0.31539895733924117
2023-03-28,21,58,0.8126194782818223
2023-05-26,16,133,0.6745834323706662
2023-12-02,1,4,0.43063192451787125
2023-08-31,5,180,0.43838547210704704
2023-07-08,19,32,0.33775935447909444
2023-01-14,1,161,0.6012411045488042
2023-03-01,25,93,0.9665536475737272
2023-06-27,4,4,0.5456299805573961
2023-03-12,7,170,0.4491726145685866
2023-12-20,17,159,0.529101114055413
2023-08-07,12,112,0.1703859424626648
2023-02-21,22,117,0.695356507112906
2023-03-06,23,133,0.3616244581348801
2023-06-12,1,6,0.49457705159454324
2023-10-31,13,79,0.8234136931193526
2023-07-27,24,127,0.8978734993061959
2023-01-04,17,156,0.6959980060647194
2023-04-20,10,1,0.13693994502359486
2023-01-31,6,30,0.017425342950343925
2023-09-27,11,5,0.7091394798184165
2023-03-29,25,148,0.8715308981627254
2023-05-14,4,90,0.8265242340069315
2023-02-15,16,159,0.1449873153606661
2023-04-29,25,4,0.9663972291965092
2023-12-27,23,11,0.864473059879418
2023-06-24,22,134,0.20209895602714634
2023-01-20,24,192,0.6502031822522781
2023-12-08,15,103,0.8721474466661265
2023-05-04,8,80,0.8580541631215379
2023-07-22,24,85,0.6592248321372508
2023-11-11,5,21,0.8594782742539128
2023-10-20,18,178,0.9869828800219447
2023-10-13,2,47,0.5825688719937889
2023-12-05,21,98,0.2591481007072851
2023-05-17,14,117,0.36427706430530926
2023-11-15,5,53,0.8536681168317078
2023-07-14,15,140,0.5171619937628635
2023-10-03,21,166,0.03061887724060175
2023-05-04,1,37,0.5661525451872941
2023-03-24,16,167,0.3373503117525152
2023-02-03,14,71,0.11196168503810011
2023-04-14,12,69,0.5985119648487195
2023-03-16,4,17,0.6435523877580173
2023-11-02,4,185,0.9755726545846811
2023-03-30,25,131,0.7354275160743938
2023-07-26,13,4,0.7124919663507939
2023-09-18,6,116,0.238607596991113
2023-12-28,8,190,0.2963271935802121
2023-08-08,25,115,0.9714146064583535
2023-09-08,2,151,0.47486850010753945
2023-01-24,13,177,0.4364843620523089
2023-10-18,3,31,0.19809518217310917
2023-05-08,20,170,0.9843372161387942
2023-02-01,9,172,0.46011879621790697
2023-12-21,24,96,0.0403936766314662
2023-11-11,16,100,0.8539049929839123
2023-07-14,1,111,0.41018064009665145
2023-02-02,16,119,0.593665134342407
2023-04-21,14,182,0.7374565067865215
2023-09-24,10,93,0.9055790924864224
2023-08-30,5,9,0.5253596414833308
2023-10-05,6,24,0.739522560853316
2023-01-19,25,30,0.5575865900922876
2023-07-04,2,152,0.7905086283788495
2023-06-20,14,83,0.7558151805013293
2023-10-18,11,82,0.09291565809099667
2023-10-26,7,145,0.1023790527161278
2023-08-08,25,89,0.08261438693172884
2023-12-07,3,166,0.09230767805353668
2023-03-02,12,112,0.40913321105714906
2023-11-16,18,145,0.2424977682971553
2023-06-05,10,182,0.9444903277194399
2023-11-06,4,2,0.9151803299885238
2023-07-27,4,144,0.8919227316329363
2023-03-14,20,155,0.8907628486694222
2023-04-07,21,198,0.11506889853776325
2023-12-29,22,190,0.6827951259849843
2023-06-16,4,35,0.5306825294926704
2023-05-05,23,4,0.3440225069580092
2023-02-26,7,118,0.6518087882984358
2023-09-04,11,59,0.8225716334428318
2023-02-06,22,17,0.08855334434534878
2023-10-10,24,159,0.18964480444357512
2023-03-11,7,34,0.6734189754173521
2023-07-02,22,138,0.02538721597843352
2023-04-20,10,40,0.5468879059981251
2023-09-19,25,165,0.43500034233387086
2023-05-25,21,88,0.7656922843933511
2023-05-16,7,29,0.4542650307746293
2023-06-11,11,88,0.5430936376635395
2023-06-03,9,14,0.9454809142819878
2023-03-24,1,105,0.538510320366249
2023-12-01,22,30,0.8133686234610417
2023-08-27,23,123,0.4678484710904428
2023-07-11,9,134,0.0033485779630659795
2023-07-13,18,127,0.3347230585631552
2023-01-25,16,150,0.5320102931103777
2023-06-27,8,29,0.8409199117959428
2023-05-22,1,176,0.9343509926840983
2023-03-10,3,53,0.5212502956112629
2023-10-02,1,124,0.5376051076419275
2023-08-25,2,64,0.5940169957780245
2023-08-07,14,151,0.405839392572772
2023-02-02,25,48,0.09689114526551368
2023-12-06,10,61,0.10460972140082314
2023-04-08,1,9,0.6978632594990892
2023-05-19,14,191,0.8643404475207886
2023-07-04,18,66,0.53326368914521
2023-05-13,3,124,0.061485698154548185
2023-12-13,24,111,0.9080380622748305
2023-03-19,25,49,0.9307514722872526
2023-11-29,24,50,0.42659555216728684
2023-04-03,7,161,0.23565200276873277
2023-08-08,15,48,0.05944233720295622
2023-06-17,11,129,0.5656596955005458
2023-12-24,3,150,0.969322964657266
2023-11-26,1,119,0.9441860956524142
2023-09-05,19,138,0.41504564302202673
2023-09-23,3,150,0.49772292914100924
2023-06-24,4,161,0.09614634740370431
2023-04-11,23,69,0.6034489776187413
2023-01-17,25,113,0.9289937883210074
2023-02-25,5,145,0.8834739961450355
2023-03-02,14,156,0.9894352040444017
2023-01-07,11,5,0.6691604041781681
2023-06-04,3,89,0.8811054413087459
2023-11-09,2,137,0.920038960947507
2023-10-25,3,144,0.35467632167651764
2023-01-31,16,146,0.39639483508097295
2023-02-18,1,81,0.5159823569645832
2023-04-18,6,10,0.49977964859443735
2023-04-18,21,87,0.5505492195676726
2023-07-28,17,169,0.40136479164695127
2023-06-22,20,87,0.32982166369356714
2023-07-05,22,154,0.005298824868585239
2023-05-16,15,193,0.18931983162985666
2023-04-25,5,158,0.3053555542779952
2023-04-29,16,162,0.6952130504404902
2023-07-01,7,139,0.2090084020312586
2023-06-01,5,82,0.7522802429933998
2023-06-01,15,33,0.766030538456676
2023-06-29,1,116,0.25591139202668345
2023-06-21,7,198,7.131036764107535e-05
2023-04-20,6,75,0.22651961953842692
2023-03-19,10,8,0.4129171902666444
2023-06-24,9,186,0.9169522226972087
2023-07-10,21,136,0.18769546151905014
2023-05-17,18,105,0.2664415288228995
2023-02-13,2,191,0.3726894966490344
2023-01-23,21,37,0.37230247122750826
2023-07-07,24,5,0.293580289888407
2023-03-04,12,168,0.7212942877711283
2023-11-11,9,68,0.9474677927264602
2023-06-05,22,139,0.8164878297187859
2023-11-23,22,148,0.5203485716180427
2023-07-06,6,198,0.4348128412601143
2023-03-12,25,37,0.556074362305277
2023-02-02,16,196,0.962369158190154
2023-03-11,10,111,0.5013843197225155
2023-07-09,14,141,0.5449076015563036
2023-09-30,13,22,0.7536230731566658
2023-09-20,12,137,0.9678749655139749
2023-02-20,11,109,0.2669010388119426
2023-05-11,17,170,0.4316939329617091
2023-09-15,7,181,0.6997821003092681
2023-08-25,15,19,0.1587247058502479
2023-09-12,3,19,0.09211276535337631
2023-02-26,24,76,0.7753173359526283
2023-05-04,10,109,0.5163938730654273
2023-11-13,14,47,0.9363831183459744
2023-11-15,4,188,0.09392067598651599
2023-09-20,4,49,0.29827851883677314
2023-01-03,10,175,0.8371338838984439
2023-05-05,22,80,0.8947795314140787
2023-05-03,11,159,0.9383896556860621
2023-09-11,22,41,0.9379682656580673
2023-11-16,11,131,0.07645959181911388
2023-04-01,21,113,0.5917310007823215
2023-02-03,22,100,0.6776467254798152
2023-02-05,2,91,0.22158372800371195
2023-06-29,2,20,0.794481243815668
2023-05-03,21,78,0.511575180072014
2023-10-02,10,113,0.4482145032184516
2023-04-26,13,93,0.3674181697962806
2023-03-18,23,28,0.4547243970707806
2023-06-11,5,145,0.6951191531878356
2023-09-18,8,95,0.06033742383327201
2023-05-09,21,63,0.5981793878125464
2023-04-29,11,25,0.3110547465514236
2023-08-26,10,5,0.12229713281865251
2023-02-19,20,14,0.46317761954952696
2023-03-14,10,75,0.5407146497753637
2023-08-22,25,36,0.8668082616091379
2023-06-18,15,160,0.20876319988384084
2023-09-02,21,93,0.47075955216244125
2023-09-06,14,172,0.2746201433862947
2023-03-03,3,176,0.9591480239589179
2023-08-13,18,200,0.708191341102054
2023-03-20,18,132,0.3047041189142198
2023-04-12,4,138,0.5843652547766525
2023-07-09,2,21,0.5163472655631078
2023-05-09,17,131,0.07716883851018186
2023-12-20,7,88,0.8667214467959926
2023-10-23,14,165,0.3346171707991543
2023-01-07,10,187,0.9617299642627588
2023-04-28,23,73,0.9652578545218562
2023-08-15,20,35,0.6030942822390548
2023-02-15,19,170,0.7317211917527563
2023-04-14,12,3,0.8304738232103464
2023-01-04,15,35,0.251627972996051
2023-11-28,9,29,0.14684546794832165
2023-02-18,15,52,0.9199954417562342
2023-12-24,21,91,0.08544088334741262
2023-11-27,8,148,0.5195585594375067
2023-06-18,12,200,0.8403901720691889
2023-05-07,17,87,0.3020981601420213
2023-10-06,4,49,0.9827882708321526
2023-02-26,7,88,0.5207370541169765
2023-09-20,9,31,0.03756302711850401
2023-05-20,14,105,0.006462228047908747
2023-12-20,6,151,0.9319573135582532
2023-10-27,12,74,0.5620796247878195
2023-06-19,12,85,0.8261177649267271
2023-12-19,22,85,0.5056092259785878
2023-02-16,6,59,0.6270500034325673
2023-12-20,9,16,0.5434630459566024
2023-12-23,2,26,0.206917999027871
2023-03-14,8,190,0.08454250681258435
2023-09-21,16,146,0.3646042159547048
2023-08-27,14,31,0.8008464753953617
2023-10-02,9,116,0.1967044605474244
2023-12-24,23,14,0.98230072737164
2023-06-09,5,81,0.6797279704012097
2023-04-04,10,85,0.08890734204132655
2023-08-10,20,45,0.7268957749295657
2023-08-04,13,122,0.6650803369854701
2023-08-27,7,57,0.7629788231139396
2023-06-02,10,18,0.6240063066079924
2023-11-26,12,39,0.8281230437439261
2023-07-08,24,159,0.04451375544967162
2023-11-24,15,137,0.07468233377196887
2023-05-23,7,129,0.8977615510539632
2023-01-24,8,161,0.2903084582132891
2023-06-05,1,177,0.7473249844599451
2023-10-28,19,68,0.5540965048655809
2023-06-14,5,120,0.7069031192384468
2023-09-15,25,147,0.056305555460839485
2023-10-29,13,166,0.3607594059271011
2023-11-08,6,89,0.3676829008294382
2023-04-21,2,82,0.11203741534710432
2023-02-06,10,181,0.46893237905625207
2023-09-05,21,98,0.9336363438488317
2023-03-19,13,144,0.35385860697470295
2023-03-22,12,159,0.741964503172865
2023-09-08,11,195,0.27395079043948944
2023-09-19,5,87,0.3774456710514965
2023-06-24,23,153,0.8244210343418469
2023-02-27,17,44,0.6031548546186647
2023-04-22,11,159,0.30281071559757555
2023-07-21,21,161,0.8895820023937434
2023-07-13,3,45,0.6071291566182909
2023-01-28,18,54,0.2813087630443474
2023-09-11,6,129,0.5638458534966474
2023-03-11,13,168,0.6198900568251531
2023-05-16,20,58,0.9134336544707383
2023-11-25,15,168,0.2780875006054653
2023-06-23,25,61,0.0004109487365815401
2023-11-08,22,80,0.2406306462041189
2023-11-27,1,117,0.1039681636068418
2023-10-17,16,158,0.6366340203442413
2023-05-20,11,29,0.07569970619408406
2023-06-10,14,98,0.9110122859536421
2023-05-29,13,174,0.07767078792274851
2023-06-27,18,53,0.0956711705063098
2023-10-08,20,140,0.19110714370128645
2023-09-16,25,48,0.3195655149607527
2023-03-18,23,119,0.4148735629172705
2023-08-15,5,148,0.8681407499776034
2023-07-19,20,188,0.3584509885524113
2023-04-18,7,37,0.2657245270573243
2023-11-21,9,191,0.9314406674385756
2023-06-11,2,59,0.23259887808683988
2023-11-28,3,19,0.9286463993755664
2023-10-14,20,163,0.1807015977628248
2023-12-14,13,175,0.807657875613664
2023-05-24,1,77,0.2878491567687359
2023-08-06,2,88,0.37276543332172474
2023-12-23,5,128,0.8093901101843216
2023-01-12,10,6,0.513142367904607
2023-04-23,12,107,0.4110900648522017
2023-09-07,4,98,0.32292054538395765
2023-09-07,1,137,0.13068970095275034
2023-09-22,24,6,0.6544844944452974
2023-05-14,1,171,0.3146148538444521
2023-01-24,13,181,0.31863428714855646
2023-02-21,19,43,0.46703218366114196
2023-06-23,1,169,0.6842032167081127
2023-02-11,22,178,0.29109192213514834
2023-03-16,10,62,0.5100363663701293
2023-01-24,15,78,0.9883880353065325
2023-01-28,3,126,0.774886477117275
2023-12-03,4,113,0.9838114725307993
2023-04-26,17,107,0.3417490419957986
2023-02-04,4,112,0.019494816210022803
2023-10-13,11,154,0.050159562522918866
2023-08-23,21,174,0.2987697697157695
2023-03-26,13,9,0.9820511705876879
2023-01-21,3,62,0.9979225985483707
2023-12-10,20,106,0.6737312700864745
2023-07-23,21,90,0.4955155254454273
2023-09-30,7,36,0.17077789480275807
2023-01-31,9,103,0.43916222201629074
2023-08-28,18,163,0.7899077109087196
2023-10-06,12,150,0.44095789247013084
2023-10-23,1,100,0.9148523819714924
2023-10-25,4,161,0.6149010474200634
2023-05-20,19,104,0.5235000575791761
2023-09-17,9,189,0.17471808573450354
2023-06-18,21,36,0.9819185809153563
2023-02-28,16,52,0.41036815006243754
2023-02-28,4,38,0.3905884166855884
2023-08-11,4,142,0.4793144316942429
2023-04-05,25,99,0.659765617315092
2023-05-26,12,156,0.9580732490562587
2023-02-05,12,93,0.031590045540717204
2023-09-14,18,192,0.23071721701393044
2023-05-25,24,193,0.7025105174352081
2023-11-14,16,169,0.23564627632785173
2023-11-16,16,38,0.17454502928544868
2023-12-21,10,2,0.6912770083138635
2023-10-20,20,102,0.15405649651873998
2023-06-23,14,38,0.3846607181714533
2023-12-31,5,149,0.6778860329762554
2023-01-22,19,67,0.6724118459407228
2023-10-01,15,55,0.3854785311663942
2023-09-13,20,118,0.8770355682816793
2023-05-21,10,68,0.5814421786220406
2023-12-07,13,194,0.14244315370088834
2023-01-25,1,19,0.09329440995944804
2023-04-27,7,145,0.5946300222741479
2023-05-21,20,28,0.7731814918947348
2023-04-17,15,58,0.707427012669601
2023-01-31,14,73,0.5623634542292527
2023-12-11,15,104,0.07960590595022887
2023-11-15,14,190,0.6633050465067581
2023-03-09,11,69,0.31244967658897016
2023-10-21,19,134,0.46901172549422365
2023-09-30,2,42,0.8348136675206032
2023-09-14,10,83,0.6992949918660569
2023-05-08,25,47,0.2309672269574663
2023-05-09,23,93,0.5878112424621518
2023-07-19,14,185,0.9873702177954031
2023-10-19,7,179,0.3125622929902072
2023-01-21,1,7,0.3091418153767965
2023-11-18,23,178,0.7625432557276313
2023-01-15,18,170,0.5795544890458375
2023-08-28,5,59,0.7286654531055285
2023-05-22,12,134,0.09693704542111581
2023-05-04,6,166,0.8401115682566769
2023-01-05,23,32,0.0028528394443916305
2023-12-15,18,187,0.7890335684613403
2023-05-03,20,41,0.6281297354747146
2023-03-18,1,136,0.24008530974001852
2023-10-11,10,71,0.3283281233374412
2023-10-15,7,2,0.9663924001479626
2023-11-04,14,23,0.06702707129655061
2023-11-27,13,80,0.7078659411592474
2023-06-30,7,25,0.17414382919482463
2023-07-10,5,80,0.007273324443306195
2023-08-08,14,164,0.8073255640006614
2023-09-17,18,5,0.08158392238530654
2023-09-18,11,136,0.3699433133117822
2023-05-13,14,154,0.8105283671022954
2023-12-29,11,156,0.2669716210327122
2023-06-19,23,160,0.6791661423388035
2023-03-16,9,48,0.6789327937889755
2023-10-01,25,100,0.9721648810867942
2023-09-20,6,104,0.7846435335451908
2023-02-18,8,133,0.5163205974440191
2023-12-08,2,105,0.4454626783191724
2023-04-03,10,39,0.825369098213824
2023-10-02,21,5,0.5463326979218348
2023-12-20,8,105,0.8435208988242225
2023-08-30,7,26,0.42295687829740947
2023-11-15,1,134,0.033483178676622094
2023-05-10,8,146,0.37823609147788606
2023-07-31,21,86,0.3150786746689844
2023-12-01,13,106,0.23435342449574914
2023-01-27,11,36,0.3909945876293436
2023-05-30,2,190,0.9541556096801656
2023-02-24,23,166,0.12046209462043012
2023-01-20,14,84,0.8329258703190312
2023-09-13,22,199,0.10102777769026894
2023-08-05,5,181,0.9069762580532049
2023-09-21,13,157,0.00793761511944302
2023-03-14,24,62,0.7377904990031883
2023-09-23,18,94,0.6124869638815337
2023-06-09,20,127,0.016016230321607594
2023-03-11,20,133,0.9837381374915143
2023-09-27,5,26,0.47596161278666027
2023-09-18,5,79,0.3114737384031183
2023-03-28,5,168,0.09019382790204566
2023-04-10,2,96,0.17375226634663288
2023-04-15,5,120,0.48627374739201246
2023-12-07,12,133,0.49409742135914014
2023-07-30,10,28,0.9280810256462325
2023-05-17,24,41,0.9980692851407076
2023-05-19,7,97,0.10044126218603466
2023-03-15,14,180,0.24485811114102807
2023-06-09,11,129,0.9989089476199969
2023-09-10,7,123,0.7767442683237
2023-07-06,1,135,0.6627867465291699
2023-08-08,19,79,0.2141139057283511
2023-05-10,24,63,0.22132139111655735
2023-11-16,12,187,0.9868339318533677
2023-08-22,5,88,0.02370287527953563
2023-12-17,8,57,0.7372960176838949
2023-11-02,15,138,0.47971420531047126
2023-03-11,10,193,0.8407323275045862
2023-03-13,14,117,0.25441312141844863
2023-06-11,6,159,0.47740017223164444
2023-03-25,23,44,0.8255213608007553
2023-10-04,5,73,0.4704228658590256
2023-12-01,23,160,0.5170353770757481
2023-01-10,9,68,0.07792068783687245
2023-02-07,3,49,0.6935786251176417
2023-01-14,6,179,0.44331186935454536
2023-01-07,4,105,0.6775426201171431
2023-01-19,9,194,0.7893400285577044
2023-02-12,8,17,0.04730621247798006
2023-12-29,20,129,0.574913625805931
2023-01-28,14,40,0.2901879544753304
2023-08-15,18,7,0.9039514548662071
2023-07-14,10,143,0.9415036913806197
2023-05-24,4,6,0.5143822804526668
2023-11-23,1,122,0.20024690824614133
2023-01-05,17,185,0.2004857325762761
2023-10-19,25,198,0.8791079861352173
2023-09-21,22,181,0.1568851229837932
2023-05-14,10,92,0.04503700853175119
2023-03-21,15,6,0.2719894692145409
2023-08-22,22,150,0.6966482987052379
2023-12-05,2,200,0.9377589002895297
2023-03-24,12,128,0.36211991911862573
2023-10-25,14,16,0.36657073234750737
2023-06-15,7,31,0.08247211630214879
2023-11-05,4,103,0.3034706337316637
2023-08-28,23,60,0.42164425073858736
2023-01-11,21,35,0.7509665321215745
2023-07-22,21,22,0.9276971781549256
2023-01-01,25,49,0.5517415820623548
2023-01-23,7,89,0.8860958657573252
2023-06-12,3,53,0.356084514325416
2023-04-16,10,104,0.4454390483332873
2023-12-17,7,46,0.2594656230291288
2023-02-02,10,166,0.3444675434053047
2023-01-17,13,5,0.7836220364111852
2023-05-31,12,65,0.5561343340883061
2023-08-24,8,168,0.013157089555450141
2023-04-17,13,72,0.7064771430876748
2023-02-12,19,131,0.7115978600496167
2023-05-27,10,38,0.264565027926169
2023-08-22,11,114,0.22357414738781622
2023-05-24,7,30,0.24892841845542124
2023-12-08,16,35,0.4636364069776867
2023-04-30,14,25,0.1702207903935853
2023-04-05,15,178,0.47012350096175526
2023-03-16,23,19,0.5721551851236722
2023-07-02,2,70,0.6575897482145238
2023-12-29,6,194,0.9078936971867383
2023-12-05,12,40,0.23502730984845743
2023-07-05,10,48,0.24076561312987554
2023-07-21,8,178,0.7317108380848049
2023-11-05,25,14,0.3116430890049309
2023-04-05,8,163,0.9837578214126043
2023-04-16,24,65,0.20440745518077363
2023-10-08,18,176,0.9104543579083351
2023-08-14,9,42,0.7752054386600364
2023-10-27,5,175,0.5086354659547911
2023-04-30,4,71,0.12049005396299473
2023-02-10,17,96,0.8981928655758874
2023-07-03,7,178,0.0362478544715743
2023-01-19,2,90,0.9054680810642113
2023-06-29,4,192,0.11547736405255515
2023-04-17,18,21,0.015886433020868784
2023-10-14,23,72,0.24171556654862236
2023-02-09,1,47,0.873214105351946
2023-08-09,6,114,0.4186845194300448
2023-01-24,25,178,0.20217773062404298
2023-05-06,19,81,0.9719844621050441
2023-07-22,4,152,0.9760682015461596
2023-12-24,3,120,0.25857360684977215
2023-05-25,25,19,0.09052920650458585
2023-06-14,12,70,0.15441522724345125
2023-10-11,23,141,0.058262939231332966
2023-05-23,12,24,0.5330398913859801
2023-06-26,2,193,0.7032082971251643
2023-04-26,6,85,0.02555477591313371
2023-10-27,9,72,0.965947993955288
2023-06-26,9,86,0.6693835422263197
2023-01-15,8,90,0.43431963850901445
2023-12-06,12,117,0.11594761074685855
2023-01-18,25,49,0.8804112160674669
2023-05-20,24,149,0.36205771278627075
2023-05-31,12,51,0.30373832316212834
2023-06-30,21,99,0.911796893845247
2023-02-01,9,17,0.3535291087560387
2023-04-21,25,158,0.16602316051392485
2023-02-07,11,157,0.6684862080351246
2023-05-22,21,29,0.027020428898497317
2023-04-21,14,178,0.7507470216703787
2023-06-06,4,176,0.6818872506759228
2023-06-05,20,109,0.34022622285785675
2023-11-03,1,21,0.878072895645394
2023-04-17,24,123,0.9739417685165288
2023-02-11,13,5,0.9904363108926321
2023-10-22,9,113,0.07791891164866482
2023-08-19,2,178,0.3006501367244031
2023-07-14,16,59,0.5317283159484429
2023-07-16,8,119,0.312764203504345
2023-07-10,21,184,0.3086265100387052
2023-01-16,11,26,0.26086946921025056
2023-09-03,7,90,0.8032163552252412
2023-08-15,23,73,0.0012028210610941503
2023-08-05,5,88,0.3848447698924362
2023-01-27,18,44,0.9717535872550979
2023-03-01,22,156,0.42672749584980885
2023-11-24,23,97,0.7104767713413533
2023-12-12,21,184,0.019196667065493833
2023-04-28,6,104,0.623732448578732
2023-07-10,14,167,0.11502979287574466
2023-10-07,6,138,0.08800813058004409
2023-05-02,3,8,0.25659773991332857
2023-05-28,8,26,0.18680304626912436
2023-06-19,15,150,0.9846616658917104
2023-11-09,9,84,0.6200389087024378
2023-09-08,12,161,0.3889298668902247
2023-03-22,7,4,0.9558472016658583
2023-04-14,15,44,0.0758629931319671
2023-01-03,2,88,0.3000773051978086
2023-09-14,14,164,0.3556581844424197
2023-07-13,20,194,0.031732905773893205
2023-05-05,3,64,0.7745465384100578
2023-01-18,20,15,0.5696122882616922
2023-01-30,1,36,0.3968880280835152
2023-03-25,22,88,0.7674057680895019
2023-07-19,11,88,0.9834289601904121
2023-04-17,19,151,0.8235049206923367
2023-01-11,13,35,0.3726692216195787
2023-01-13,6,53,0.6862772596647865
2023-02-04,22,67,0.874379347099828
2023-12-22,6,83,0.5116850535409792
2023-01-22,3,47,0.07688386687373738
2023-10-29,9,1,0.8984974407355518
2023-03-08,18,56,0.6798032442201789
2023-11-11,12,79,0.34494044823396663
2023-09-16,1,74,0.0292830507023073
2023-08-17,9,146,0.8370638075299186
2023-05-27,17,146,0.3958143241652544
2023-12-03,2,175,0.3964564698272085
2023-08-31,11,93,0.8136504917422266
2023-06-28,17,113,0.01891870526585815
2023-01-21,15,143,0.9052195746922636
2023-09-29,4,164,0.37362533508986295
2023-12-21,2,39,0.6484394725799599
2023-05-01,23,167,0.6488772374453079
2023-08-11,2,20,0.6452495744804507
2023-05-15,4,24,0.20749860884774685
2023-08-23,11,169,0.03780791633202396
2023-12-05,5,33,0.06400364708639672
2023-03-11,6,132,0.9133549479186699
2023-03-13,14,21,0.7386110144407525
2023-06-10,16,198,0.38850800301088606
2023-02-01,9,56,0.03481121829063494
2023-06-25,2,156,0.37717290517592217
2023-11-08,4,94,0.8123947194647175
2023-02-14,15,72,0.7182851166717173
2023-10-28,24,46,0.6846717038116025
2023-07-28,20,103,0.2831085364858895
2023-01-10,10,70,0.7578701368197255
2023-03-16,3,103,0.2420701711157789
2023-04-27,21,169,0.019601291868484694
2023-08-26,18,123,0.2058724956324377
2023-09-05,1,174,0.04286242630338344
2023-08-20,15,129,0.234069282016512
2023-11-08,5,34,0.6971620947836974
2023-01-22,17,6,0.7430087516712813
2023-06-30,18,114,0.8599574434036134
2023-01-12,20,184,0.19857530961023573
2023-08-30,4,160,0.554749029599474
2023-09-04,16,78,0.41290259938915197
2023-07-15,2,6,0.6543627404635475
2023-07-14,6,186,0.781232699278208
2023-06-24,4,124,0.9469527507411468
2023-07-01,8,77,0.8646481451861089
2023-08-28,19,27,0.26276871710603844
2023-04-27,6,137,0.9590285850377495
2023-09-30,10,101,0.0124119781732559
2023-12-07,12,185,0.13274188371686924
2023-07-01,8,91,0.5831541884717121
2023-04-18,16,86,0.3811491840100877
2023-11-18,2,83,0.0075752149700697435
2023-11-08,22,82,0.3004422392574677
2023-09-30,4,174,0.4648616649440481
2023-02-11,4,3,0.6916108317104914
2023-12-04,22,78,0.30031930657174943
2023-10-25,15,95,0.269104216438831
2023-06-08,15,101,0.0929755312666467
2023-08-22,13,192,0.7290338053170232
2023-01-05,15,58,0.2686996714358756
2023-04-19,19,195,0.23704154639147557
2023-06-11,17,158,0.41990081854714967
2023-10-20,9,85,0.005803775819065438
2023-07-27,5,165,0.4425799815080348
2023-02-17,4,72,0.6502827627875875
2023-01-04,18,100,0.33144524683669285
2023-02-24,24,123,0.00809607547031399
2023-02-01,11,93,0.2126689036407441
2023-01-04,14,182,0.2837411184358154
2023-05-09,6,15,0.9640757598635002
2023-07-05,15,198,0.23423948443345433
2023-08-03,19,27,0.5526006084541443
2023-04-15,20,196,0.30887337125730197
2023-08-30,23,46,0.19409390234257784
2023-12-22,22,133,0.5609131717923124
2023-09-17,17,107,0.4753276588034818
2023-04-04,10,11,0.7670322516071981
2023-12-06,20,92,0.706543213129407
2023-07-14,20,193,0.39826628173911094
2023-11-04,12,37,0.33971544233466466
2023-08-26,9,76,0.7215386464189087
2023-11-06,23,60,0.28067896557189087
2023-09-29,22,55,0.6485823665812945
2023-05-09,13,59,0.9140609646907221
2023-12-09,16,54,0.40640167980764885
2023-01-24,18,110,0.17383678457781626
2023-07-18,5,182,0.00763646880205282
2023-09-24,24,53,0.05192622246433065
2023-10-25,24,173,0.47208890735683307
2023-07-01,3,73,0.9375495188417642
2023-06-08,6,106,0.1796688193230307
2023-07-10,10,41,0.5219084346065497
2023-04-05,16,114,0.20317836712683945
2023-03-11,22,86,0.8749369701280314
2023-12-14,18,65,0.03630466389560183
2023-07-02,4,147,0.12513713357622192
2023-12-01,15,99,0.19950870182432667
2023-07-22,15,184,0.25299040944699547
2023-08-07,24,162,0.32732160191309323
2023-05-14,1,12,0.5960834009329903
2023-08-25,14,1,0.1365443472567861
2023-07-10,8,31,0.3610284538733832
2023-11-09,20,74,0.9697940680057118
2023-10-06,17,132,0.31764223685842374
2023-12-31,5,190,0.1887503817169799
2023-10-09,5,188,0.6338380756761177
2023-03-02,21,116,0.036993543793900296
2023-04-25,21,133,0.18800685779734316
2023-01-31,18,166,0.5606473030689527
2023-05-25,9,106,0.33515560482388096
2023-05-31,19,198,0.2687975482626873
2023-04-06,22,166,0.3491203499880132
2023-11-14,22,121,0.5619044533461862
2023-07-11,17,153,0.31057933294127993
2023-12-09,7,63,0.6994545933382319
2023-02-06,18,161,0.024027466894201988
2023-05-30,13,138,0.09104273456404843
2023-06-16,9,154,0.2625343814041622
2023-09-25,11,88,0.8479595211605171
2023-02-24,23,78,0.4847424197329192
2023-12-27,19,13,0.088571609006452
2023-03-08,23,33,0.20499413075673456
2023-02-04,18,165,0.38397349738142894
2023-06-02,19,134,0.9742458081726347
2023-08-22,15,16,0.3682740934961778
2023-03-19,6,24,0.34939747384218944
2023-10-07,11,151,0.6528207965785828
2023-05-25,13,77,0.2215661449531241
2023-09-28,12,94,0.9524845141208033
2023-03-10,9,66,0.2574995566590592
2023-06-30,24,168,0.808058214506902
2023-04-11,16,69,0.8772060694955449
2023-01-29,11,18,0.3499798751073956
2023-02-19,1,106,0.4585476249993715
2023-02-24,19,60,0.9917873057374015
2023-08-06,7,156,0.09272688656827854
2023-08-03,18,127,0.3173284665813889
2023-01-09,21,95,0.14713977144192403
2023-09-24,5,44,0.404278725926116
2023-05-25,11,13,0.5640973941356241
2023-03-24,3,93,0.23330750021430546
2023-04-20,12,148,0.9733815599924913
2023-04-18,11,129,0.032881914351424735
2023-04-02,3,91,0.3462642942209506
2023-08-06,9,145,0.1604949886530489
2023-09-19,13,3,0.8386581244955048
2023-11-20,20,116,0.5427845958678172
2023-04-12,12,35,0.9726410829959673
2023-12-18,22,163,0.7188487602038183
2023-03-04,4,194,0.6797803879704448
2023-02-24,6,161,0.17600533716499123
2023-04-06,9,92,0.1509753778990598
2023-07-06,20,161,0.40240380589144287
2023-10-28,3,82,0.4812771862290989
2023-09-17,23,99,0.011549777899333313
2023-06-30,12,44,0.08988864918823258
2023-12-08,25,128,0.9155390851757629
2023-05-02,4,32,0.1890625597399277
2023-04-26,23,179,0.7246335919198876
2023-03-23,12,178,0.09524389182711801
2023-05-23,1,65,0.5465360301783506
2023-07-20,19,56,0.1101081871377515
2023-05-03,12,85,0.7626719070349179
2023-11-20,2,70,0.9615579427374351
2023-06-02,18,178,0.24478700106992846
2023-10-28,21,70,0.3970952404963919
2023-11-02,23,120,0.030047886658891132
2023-08-10,9,149,0.7317590441898391
2023-11-02,10,89,0.24974713168862495
2023-01-24,10,97,0.2715001384934197
2023-08-14,18,108,0.3675295608086184
2023-04-10,13,98,0.3814197534113404
2023-10-20,20,154,0.9174759759288628
2023-04-07,13,74,0.7164684268280893
2023-10-29,15,26,0.656985325227859
2023-03-18,25,196,0.7496159289789321
2023-11-16,2,10,0.8508536475636667
2023-01-20,14,155,0.6922273811032056
2023-09-21,19,118,0.3932019940630317
2023-08-29,15,49,0.9339093049514147
2023-03-09,17,163,0.2577319020722699
2023-04-09,22,130,0.3841998726741581
2023-05-08,15,4,0.9449404891734161
2023-04-19,5,6,0.6408348037052904
2023-05-17,4,82,0.7449575034989532
2023-03-08,19,106,0.5946101400519529
2023-06-21,21,107,0.48970001962571785
2023-04-02,21,5,0.41859851900430334
2023-11-16,4,61,0.6592348449251823
2023-12-30,6,111,0.6334266269101558
2023-07-17,22,16,0.4790154608661493
2023-06-13,17,168,0.9263383391148862
2023-08-05,10,117,0.15942085256231087
2023-04-26,11,47,0.6222594632798888
2023-03-03,21,107,0.1119849232694261
2023-12-31,13,184,0.22238042310757722
2023-05-27,1,94,0.46958081726948653
2023-07-03,9,158,0.448877916084223
2023-03-12,11,109,0.672430751835899
2023-02-26,9,124,0.7508658907000569
2023-08-18,12,78,0.7995899141812278
2023-09-05,21,94,0.5116094569695019
2023-04-01,7,155,0.8948639983388783
2023-02-21,25,110,0.31432206219167447
2023-04-14,14,43,0.11206482419156294
2023-11-02,9,16,0.6277370074923144
2023-12-13,15,142,0.6526018414925622
2023-10-15,7,87,0.17176889738787493
2023-06-01,23,33,0.0542524873033835
2023-06-14,11,42,0.007145628514766078
2023-05-20,1,144,0.7491788549418591
2023-12-21,3,131,0.043178993178800695
2023-12-28,22,135,0.7244303386798798
2023-07-06,20,194,0.6767759483459918
2023-11-03,23,62,0.6376415714653573
2023-11-27,9,118,0.38827460502072064
2023-11-03,24,193,0.1662158709078002
2023-03-05,6,187,0.06081566212464673
2023-12-25,18,39,0.2926592724557504
2023-06-23,20,133,0.7945842166938979
2023-12-04,15,134,0.7818333977869805
2023-04-11,20,119,0.07262526540491121
2023-04-08,18,81,0.30915259579084164
2023-05-09,20,100,0.011583886143705202
2023-01-15,9,68,0.27647372833370654
2023-05-14,16,56,0.9044598891060985
2023-07-20,17,198,0.40790138108263563
2023-02-08,1,154,0.9015525220749067
2023-04-30,2,52,0.43752777788499075
2023-03-19,8,137,0.4596419217065304
2023-07-03,23,16,0.4263147057455975
2023-03-19,25,149,0.49969200356286714
2023-08-01,24,159,0.06726607908137927
2023-05-01,19,172,0.2490734622003844
2023-02-01,16,81,0.9332157911437993
2023-05-06,14,145,0.7659000162585985
2023-06-08,10,184,0.9075281922804893
2023-06-15,5,135,0.043055504688220836
2023-11-07,25,163,0.8210205146845101
2023-04-17,7,19,0.8920453338806908
2023-07-27,2,10,0.13565647980526352
2023-08-02,12,43,0.5778112681214127
2023-01-18,15,174,0.37519186821506834
2023-01-28,3,99,0.304522899927117
2023-03-17,11,9,0.5080753990426915
2023-11-09,21,94,0.5642426793802561
2023-04-18,14,193,0.2916947351352078
2023-10-16,4,185,0.687845565090158
2023-02-28,13,55,0.7848003075882357
2023-03-05,14,147,0.36136063518880734
2023-04-01,25,31,0.8663554362685221
2023-03-13,16,23,0.6468437077035948
2023-11-11,5,35,0.8477362810050423
2023-07-18,8,46,0.20465667498920004
2023-03-20,25,149,0.7242864149390698
2023-11-08,21,126,0.5313986094733885
2023-11-11,18,189,0.8109289853168783
2023-09-16,2,66,0.364904863275061
2023-07-09,24,14,0.16230150643251318
2023-08-22,24,42,0.5101851189459272
2023-02-22,9,170,0.24545783412060895
2023-11-26,9,16,0.21662406266900514
2023-07-26,7,30,0.7316331435907882
2023-11-27,1,5,0.6942122831556681
2023-03-22,20,60,0.8925195779016596
2023-12-17,1,198,0.0952911377122655
2023-12-31,7,164,0.38282965149500137
2023-07-25,13,173,0.6070429448567815
2023-06-23,8,88,0.992099106311466
2023-08-16,1,112,0.4677783624725057
2023-06-24,25,163,0.6987113186225046
2023-05-30,19,126,0.3705132634871867
2023-03-25,23,61,0.3141807518458357
2023-01-15,16,132,0.39960580114483846
2023-07-10,13,20,0.8218735212989885
2023-07-16,5,14,0.21509224407887184
2023-01-28,20,114,0.46644415808315576
2023-11-02,8,162,0.3838512605693276
2023-02-13,7,164,0.6174480515185065
2023-12-31,19,42,0.8526151532967554
2023-11-08,22,114,0.003248791520367278
2023-11-11,6,108,0.1214932753406971
2023-03-30,10,192,0.8387739127795757
2023-10-22,18,50,0.5164312055915028
2023-01-10,12,39,0.23301475793509163
2023-07-23,4,191,0.06771481232393317
2023-08-30,21,95,0.147079173667939
2023-05-04,17,2,0.5602588028182329
2023-10-25,19,98,0.6137105324077583
2023-02-04,10,173,0.41925062589334694
2023-07-23,16,41,0.9509247006754814
2023-05-17,7,176,0.9116647474373246
2023-05-06,5,13,0.429918475036448
2023-08-22,10,161,0.5492596068102029
2023-11-23,19,34,0.479201354575162
2023-07-23,20,29,0.24825794335217366
2023-07-30,6,174,0.8538788867428415
2023-03-05,7,154,0.9284117168028603
2023-05-07,4,155,0.6891547624256626
2023-07-03,21,5,0.3535879391139731
2023-03-15,10,1,0.01260405157794997
2023-03-23,25,60,0.9305863958779247
2023-11-29,8,16,0.10261669256379957
2023-02-14,15,78,0.10532157818442245
2023-04-26,11,102,0.7640954851234055
2023-05-28,13,116,0.8145234608385181
2023-07-13,10,141,0.003759704531880792
2023-08-11,1,46,0.7650747010029562
2023-10-23,11,144,0.4857440491201971
2023-11-12,6,140,0.04713421071637769
2023-06-27,22,72,0.9846579583251825
2023-03-04,16,62,0.4171116041887857
2023-08-10,20,119,0.2397968634234655
2023-02-28,23,32,0.42390274791226057
2023-12-14,7,188,0.6066978228486675
2023-02-25,11,33,0.5068589285487939
2023-01-20,14,109,0.5440337219051509
2023-10-27,21,27,0.7971481107933296
2023-03-25,22,124,0.95130737113093
2023-08-29,12,130,0.5976257596323241
2023-01-31,10,5,0.3887382006209038
2023-06-21,5,183,0.034356063974450124
2023-01-04,11,76,0.7536247316835119
2023-11-19,4,55,0.2574119331811373
2023-03-06,3,154,0.7576095993049023
2023-08-30,12,80,0.518687801327618
2023-10-29,13,29,0.8093066241899157
2023-12-04,23,96,0.38847298375901673
2023-11-24,11,130,0.8433989321622727
2023-09-06,15,135,0.13615531681747906
2023-01-07,18,160,0.49093629450367415
2023-09-27,1,85,0.7925877907378112
2023-10-12,9,6,0.8928581078047617
2023-09-22,24,48,0.6701849645774438
2023-06-22,11,61,0.6854343715874238
2023-01-09,4,20,0.6143997549119394
2023-10-21,11,143,0.21557000250340563
2023-03-05,15,80,0.5902284283669625
2023-03-02,7,18,0.012352824208275881
2023-08-28,14,151,0.4565681708300353
2023-10-11,5,123,0.1989136947948983
2023-09-20,10,148,0.7434176881250943
2023-04-24,6,23,0.26063729466881125
2023-04-12,2,80,0.28847951633930424
2023-05-13,20,15,0.2750762870767496
2023-08-11,17,36,0.7105510907480996
2023-11-29,17,40,0.7779816034038161
2023-10-28,12,20,0.395903181770755
2023-08-27,1,187,0.9962595456744481
2023-09-04,23,149,0.10960888667729518
2023-03-24,17,21,0.5297273583483754
2023-11-04,25,99,0.12025751500353188
2023-07-13,14,146,0.5625888404824855
2023-08-15,10,14,0.4353616702202272
2023-10-14,12,154,0.9027728522810076
2023-12-09,16,183,0.9158157980115275
2023-01-27,4,10,0.38942966789680666
2023-09-12,3,109,0.23377093085153933
2023-07-03,17,169,0.2035597551592584
2023-05-22,8,66,0.692486634546024
2023-10-21,11,104,0.29488189729154224
2023-11-15,25,52,0.8722433099785688
2023-01-20,3,154,0.9731078055626421
2023-07-21,24,120,0.5790785314315814
2023-11-22,4,127,0.22044754050348225
2023-09-10,3,144,0.12650742256284986
2023-06-10,18,84,0.43198773687931113
2023-07-17,18,122,0.649961928695325
2023-08-06,14,125,0.8286304159672228
2023-11-11,4,197,0.8715162601849161
2023-01-25,16,183,0.034832181561212594
2023-06-07,13,188,0.2608306603422115
2023-01-21,17,123,0.9591625655119472
2023-09-03,8,64,0.3922523850626347
2023-10-18,2,18,0.6724552340927635
2023-01-01,2,53,0.8783346780904503
2023-09-21,21,11,0.1159570672384298
2023-01-29,12,137,0.9687773229183989
2023-04-14,3,187,0.5099824890336224
2023-07-10,21,40,0.12936426934239897
2023-01-08,24,135,0.1642808118651946
2023-06-23,16,38,0.9104100251775756
2023-08-09,13,146,0.6036192697235923
2023-01-23,12,96,0.26196197676138533
2023-06-26,22,146,0.22814301166632678
2023-06-02,9,81,0.49825279741455775
2023-01-08,18,131,0.7043451030017188
2023-11-14,16,142,0.9405440781087452
2023-08-30,14,123,0.2519696516647951
2023-10-15,15,129,0.6498103718670687
2023-12-06,13,191,0.8176557382736419
2023-04-06,25,187,0.7652506462186284
2023-05-05,18,112,0.3716693696585879
2023-06-29,8,154,0.9759435689165931
2023-04-10,15,148,0.7762657936582249
2023-06-11,6,21,0.548679872190159
2023-05-16,1,143,0.38356496308600585
2023-06-02,2,56,0.31550926666305656
2023-05-08,11,46,0.15744982653137662
2023-10-03,7,16,0.5915604749489948
2023-08-01,15,146,0.3837868613863378
2023-02-21,14,102,0.9423193581081757
2023-11-11,2,170,0.14817439719824377
2023-11-21,24,193,0.8364222776574042
2023-03-08,2,179,0.6979953803728153
2023-02-09,5,77,0.49768889521315407
2023-09-04,7,142,0.13375959794348413
2023-05-22,3,47,0.7790138709007803
2023-04-01,22,74,0.8553746045653474
2023-06-12,13,39,0.8297740633280655
2023-07-21,9,40,0.5558989760369766
2023-04-13,18,133,0.14604486435168074
2023-08-09,7,68,0.9256435380059399
2023-01-04,11,81,0.7125377574840533
2023-04-27,20,18,0.36512965574448264
2023-08-11,25,60,0.2404624649634124
2023-12-26,25,175,0.7938727587521454
2023-04-07,4,115,0.34343485039662425
2023-04-30,8,60,0.42094979646000674
2023-06-14,17,90,0.6325527405385097
2023-12-16,23,143,0.3856175185789661
2023-04-04,11,111,0.6485636840772169
2023-10-19,23,176,0.25503236109119287
2023-08-10,4,82,0.631853742070604
2023-09-09,3,129,0.9408048639088982
2023-07-24,9,132,0.784681935201778
2023-01-13,4,196,0.5466276525122483
2023-05-16,18,46,0.3947415049638163
2023-07-30,20,52,0.8565892230518436
2023-05-29,17,163,0.2510008009686656
2023-09-05,12,167,0.3978162005673208
2023-05-05,2,93,0.9648715861641737
2023-05-17,2,198,0.05920528661017632
2023-01-05,22,19,0.7767316522380902
2023-02-17,4,19,0.3913766433729944
2023-12-26,4,155,0.8041169270505306
2023-09-15,2,1,0.030713285005874447
2023-04-30,13,28,0.46741242887776335
2023-11-27,2,143,0.7258156277373758
2023-10-21,16,142,0.9563786983977027
2023-12-19,5,46,0.8504157814304543
2023-07-26,17,157,0.03329426512940714
2023-08-21,14,1,0.25929678851559057
2023-01-16,7,110,0.7591184306821237
2023-11-13,7,25,0.18141458539039745
2023-08-14,6,194,0.04505549756125793
2023-03-27,14,91,0.9137359269907988
2023-09-11,17,33,0.17609625192467115
2023-12-19,21,87,0.8969782389779297
2023-05-05,6,4,0.4803798928752473
2023-11-05,15,65,0.81028877897634
2023-05-04,19,2,0.5099357177922935
2023-06-02,22,188,0.7694832242762547
2023-06-17,7,17,0.6075877611533017
2023-09-26,1,196,0.4536720336571861
2023-06-09,16,169,0.8376094750897728
2023-07-09,9,165,0.20602353387372607
2023-02-11,11,36,0.569256075832922
2023-10-02,2,15,0.061393869181699645
2023-01-11,3,171,0.6996135680782266
2023-10-07,8,105,0.5335160552022732
2023-06-06,14,98,0.960970152119983
2023-10-05,9,90,0.3660443610444919
2023-01-14,16,72,0.1697406519639152
2023-08-31,11,165,0.20018834278131903
2023-01-09,15,29,0.7864653287296178
2023-12-07,3,66,0.030473679876340865
2023-06-03,20,174,0.14536480484349068
2023-03-11,8,125,0.935089816574921
2023-08-29,2,40,0.502674642580513
2023-03-09,3,20,0.7826678013812968
2023-02-23,17,61,0.49792482901100144
2023-03-10,11,57,0.21697877897194184
2023-01-09,13,100,0.6492359547721817
2023-08-08,10,12,0.19087499357090332
2023-10-29,9,37,0.5334699903243996
2023-04-25,4,155,0.23087989997318192
2023-07-12,2,145,0.858263238914665
2023-03-10,22,136,0.17068257335576154
2023-01-07,17,105,0.30027185152357583
2023-07-20,9,197,0.02455671986401531
2023-12-21,6,126,0.5559350255321516
2023-11-05,6,189,0.4501971612715403
2023-10-14,7,29,0.16045099182268452
2023-07-21,11,182,0.6003957775095887
2023-04-29,22,200,0.1979652049597318
2023-12-31,1,168,0.10335041572537318
2023-05-10,20,132,0.8778973183917352
2023-10-31,2,154,0.07170773962290189
2023-02-27,21,67,0.8679431885821511
2023-11-05,13,84,0.2224987202430152
2023-07-06,6,128,0.046914966381429446
2023-12-06,4,171,0.80568610307736
2023-10-26,17,77,0.7282537302281352
2023-03-24,16,92,0.32559342769272304
2023-05-02,6,120,0.24470430509230245
2023-12-20,10,67,0.9067038450300424
2023-08-06,22,69,0.6713987382070328
2023-10-13,3,15,0.7757657953948728
2023-03-09,4,26,0.982962616277683
2023-09-29,3,151,0.8546970795269859
2023-06-24,25,34,0.6881599929750041
2023-03-31,16,64,0.7897247095304467
2023-06-06,21,91,0.5625481216659594
2023-11-19,18,117,0.9724478767066566
2023-06-23,21,164,0.6192250264981529
2023-09-07,3,55,0.30694288308729667
2023-04-11,16,124,0.6287104541925445
2023-02-08,7,36,0.8073059393195778
2023-12-27,3,29,0.15010568869495666
2023-05-08,6,17,0.80563038524062
2023-11-25,5,53,0.10050530665058854
2023-03-08,2,81,0.36138132232120934
2023-02-04,23,68,0.04144134787017384
2023-10-04,3,94,0.4700513839871824
2023-02-26,23,148,0.931703030299989
2023-10-11,14,80,0.8054289727316285
2023-06-28,16,9,0.5186103157306938
2023-03-31,24,104,0.0129869402008288
2023-12-05,7,54,0.3983303125340165
2023-02-27,20,63,0.01360775489468724
2023-01-03,13,178,0.9170494674874632
2023-09-16,5,95,0.9679080139681357
2023-03-18,9,86,0.2773797430033629
2023-10-12,5,194,0.4841744787489818
2023-09-30,23,164,0.34997299885789657
2023-12-04,17,139,0.37380854180582224
2023-06-19,23,128,0.8569432688446061
2023-08-20,5,112,0.5994784193203527
2023-03-09,19,187,0.26930027174961446
2023-12-09,7,122,0.40288884005010384
2023-08-05,3,52,0.8284652340570534
2023-03-20,24,149,0.7291983329928811
2023-02-21,6,166,0.7724618667444332
2023-10-23,25,140,0.6946572045371203
2023-11-17,21,178,0.7887018214741409
2023-10-07,23,117,0.7339390576644056
2023-02-22,7,71,0.7496526879567732
2023-08-28,7,79,0.7745990421719928
2023-09-21,24,93,0.5694464846398222
2023-07-28,5,152,0.1680727119722084
2023-11-13,9,66,0.8712027434913527
2023-03-09,7,4,0.9370419154812445
2023-04-26,19,115,0.6530744954329466
2023-09-16,23,178,0.5002873355652554
2023-03-11,16,175,0.4123359432052277
2023-03-24,4,143,0.43188989685817536
2023-02-28,12,110,0.6660249638676188
2023-07-08,8,89,0.891168773666548
2023-04-26,9,32,0.012634731663952792
2023-04-29,11,13,0.9861167938153089
2023-10-05,6,81,0.5576444278255168
2023-12-29,9,150,0.8840211271240737
2023-01-19,2,101,0.4070886388375601
2023-11-21,15,177,0.02961881692068513
2023-06-11,12,135,0.40412092022429214
2023-03-05,15,119,0.9008459650206025
2023-06-13,3,13,0.43832198780145915
2023-09-18,21,26,0.16239113288177887
2023-08-18,16,62,0.07256785353753314
2023-11-19,19,93,0.2699124141975553
2023-11-11,1,148,0.6777695169257216
2023-10-19,16,10,0.8500169173188753
2023-07-21,7,28,0.5877801498591557
2023-04-13,22,31,0.9072965004635238
2023-07-13,20,3,0.32959263537701333
2023-08-20,11,76,0.7777284157338608
2023-02-01,23,28,0.2874418184351195
2023-04-19,12,12,0.5090110269947521
2023-02-16,11,93,0.5830435007391219
2023-08-12,18,136,0.9134641823531171
2023-08-05,15,63,0.9409030246289785
2023-07-01,17,181,0.9287457082776797
2023-12-24,12,93,0.6856953291893411
2023-09-24,9,82,0.9072523275167005
2023-02-27,23,95,0.5679543030559169
2023-08-12,18,52,0.268339357988969
2023-10-26,11,150,0.028605891936032246
2023-07-03,24,108,0.7143589322264853
2023-11-20,24,91,0.7941953793071775
2023-03-30,19,68,0.2741778496135989
2023-09-04,11,105,0.8390039122884194
2023-09-11,10,49,0.2794074786218683
2023-05-30,21,188,0.7172413018996379
2023-10-08,24,105,0.015128925165778684
2023-10-24,12,121,0.7985160476868848
2023-06-22,9,174,0.9687659203567085
2023-09-17,5,195,0.6827637754174972
2023-03-06,7,99,0.25834260176555945
2023-10-14,9,144,0.9571193932859394
2023-06-19,3,167,0.7160682543375821
2023-11-13,22,101,0.6647562782320553
2023-10-10,14,117,0.35343718647413713
2023-01-12,10,27,0.15384184628820685
2023-04-22,10,200,0.20134025111105058
2023-07-08,12,133,0.691481558407222
2023-05-07,16,140,0.37344339795078796
2023-11-24,19,111,0.16693942329047595
2023-02-09,25,103,0.05434787791078344
2023-07-22,6,45,0.9643134603387998
2023-09-30,25,197,0.6867023533552628
2023-03-06,14,3,0.534756210462303
2023-08-01,16,189,0.2571033172697639
2023-09-20,6,69,0.8039144978555378
2023-09-19,4,63,0.43970536015277595
2023-02-22,8,25,0.009801792671505605
2023-02-01,22,111,0.6505926952416131
2023-10-03,21,89,0.5080010432343535
2023-12-24,19,101,0.8446738289083032
2023-06-12,1,72,0.8276550621070892
2023-01-24,23,39,0.9175949488269676
2023-11-02,12,29,0.6990551836934781
2023-06-17,5,108,0.5563341307208173
2023-07-17,19,8,0.43765345318628035
2023-03-05,24,78,0.635785470222429
2023-07-12,9,79,0.4018771849899301
2023-11-23,24,18,0.15317159733941976
2023-04-17,25,106,0.5797255813598438
2023-07-04,16,116,0.8471422703254547
2023-11-20,24,150,0.5641460337917247
2023-09-27,6,47,0.7788619601982218
2023-12-15,24,56,0.9986126475276695
2023-04-01,3,198,0.9026560311574225
2023-05-07,1,4,0.15619423800608156
2023-05-14,15,134,0.6325492460959865
2023-06-19,11,84,0.5392946647299447
2023-06-17,24,25,0.7274345947058217
2023-12-29,17,32,0.5104524529926988
2023-01-27,11,140,0.5391630398440311
2023-09-03,24,28,0.573477895033793
2023-09-24,12,61,0.09393838525085096
2023-04-26,10,137,0.29503980738990154
2023-10-02,3,155,0.6238466358189977
2023-08-21,12,144,0.0018310611341980643
2023-02-03,14,174,0.3374932682852836
2023-11-11,2,92,0.2026320748742474
2023-12-24,4,14,0.5321000096237243
2023-06-01,19,44,0.7903054421979961
2023-11-29,24,9,0.3938838215965681
2023-07-01,4,136,0.39431851951302976
2023-03-23,18,156,0.31206931791275494
2023-11-28,10,11,0.24168963186766979
2023-11-05,25,10,0.8177253359536355
2023-04-06,23,95,0.42973252378445337
2023-04-18,23,118,0.3368142293580144
2023-12-19,9,65,0.8868086666612279
2023-02-04,6,98,0.5816976616404912
2023-07-23,22,15,0.24538072101217567
2023-09-11,17,97,0.33307874751736044
2023-05-28,17,39,0.17162564882337583
2023-12-08,10,186,0.5043005541189439
2023-08-24,16,118,0.32217440097351246
2023-02-28,7,152,0.4481195079421898
2023-09-24,12,34,0.711525776175594
2023-05-18,16,107,0.04292616373485658
2023-11-25,15,121,0.8705083729208787
2023-12-31,3,22,0.06709448514929406
2023-10-13,20,81,0.6126613212703598
2023-06-25,2,5,0.9253278365157703
2023-12-19,12,59,0.8189476411624751
2023-12-10,18,83,0.7189098081054173
2023-06-01,8,101,0.3611783466118216
2023-06-26,19,73,0.535931990180652
2023-11-29,1,115,0.8734529603028977
2023-03-20,18,187,0.7207555761439557
2023-01-21,21,77,0.7403712925044159
2023-01-12,9,184,0.8591718813947732
2023-12-07,8,49,0.840360958665052
2023-04-03,16,164,0.06765481257011485
2023-07-29,9,124,0.41113558427380514
2023-09-27,8,165,0.04153039628286448
2023-12-31,8,37,0.5906960706491242
2023-01-10,8,20,0.7561731564294509
2023-06-25,21,24,0.19976513854685085
2023-12-02,8,50,0.34449261137896436
2023-07-07,22,70,0.8109342996451908
2023-01-16,10,156,0.5490390356401899
2023-08-04,12,142,0.36275431456718354
2023-10-28,17,132,0.06562672535541214
2023-01-03,11,21,0.8574760847286131
2023-08-12,3,165,0.7833181343141128
2023-02-17,7,8,0.20593946709047328
2023-05-17,1,96,0.8935573443218718
2023-04-03,14,130,0.7681802160751897
2023-11-05,25,108,0.7953032879569439
2023-05-05,15,181,0.957709463135983
2023-03-13,16,18,0.3083743123126801
2023-02-24,20,159,0.9884092231946361
2023-04-12,5,10,0.47491811012430374
2023-03-14,4,181,0.2535129662746797
2023-02-03,10,129,0.05541032232607601
2023-12-31,23,193,0.9322280415642658
2023-05-20,5,170,0.4403434191062211
2023-03-27,2,90,0.6035346920064215
2023-01-31,1,115,0.6292460978509089
2023-08-11,4,37,0.46759795929588466
2023-01-13,5,180,0.31222839057045215
2023-11-04,6,98,0.41933858963269843
2023-08-17,8,138,0.9894520068706278
2023-04-15,22,100,0.3917272205729019
2023-04-16,8,116,0.8867655403315832
2023-12-25,20,164,0.3635377045295919
2023-03-11,16,17,0.00556100056905906
2023-10-17,13,11,0.4362111055484952
2023-05-15,14,47,0.24982765976462584
2023-10-27,20,132,0.5028715279744091
2023-05-18,16,171,0.6517412930751881
2023-01-05,11,29,0.10458233216156165
2023-11-12,2,172,0.020826324019484477
2023-07-24,6,79,0.3679752154414381
2023-02-11,22,120,0.35002522538535574
2023-04-04,24,193,0.7097578934010265
2023-10-31,9,23,0.6098975374517704
2023-02-03,3,98,0.22271503189053699
2023-08-26,6,24,0.6217210970059929
2023-01-16,1,195,0.6048939396146085
2023-06-09,4,174,0.8414596682968719
2023-11-03,21,36,0.15593676254118094
2023-05-26,11,33,0.4907186579875078
2023-07-04,11,141,0.23182685119784918
2023-10-07,6,115,0.579856121701709
2023-01-16,21,87,0.48887412771556693
2023-03-22,6,61,0.8473194989228646
2023-08-17,8,85,0.720441431137822
2023-11-16,20,121,0.5003557515057262
2023-01-27,22,183,0.9875953472672226
2023-10-11,5,35,0.7443724912089061
2023-10-10,13,133,0.18115202537015718
2023-01-18,3,89,0.22082742773758168
2023-12-20,3,86,0.20601024645504462
2023-03-18,4,168,0.4800624619841689
2023-09-10,3,41,0.2948852322081795
2023-03-03,24,73,0.06828758152561443
2023-06-06,18,165,0.5806475334532203
2023-08-20,17,6,0.2049859919637138
2023-07-21,21,75,0.9785382191801294
2023-05-06,4,129,0.07914406771873561
2023-06-27,16,78,0.614872370352899
2023-11-16,11,77,0.5609654808692087
2023-08-13,24,87,0.3570683765985152
2023-08-16,2,90,0.16629004176117224
2023-09-16,10,123,0.014205320787225362
2023-01-18,20,18,0.8466730001101221
2023-03-14,2,181,0.7381275828920064
2023-08-30,7,196,0.5004724322949496
2023-12-02,20,171,0.5200530370543223
2023-01-18,7,28,0.6615564041041502
2023-01-10,14,79,0.4785857032185802
2023-12-21,23,149,0.7703442036697109
2023-12-24,23,100,0.6152617480671866
2023-06-05,7,8,0.14546099305592464
2023-01-16,1,57,0.08289475698776072
2023-04-24,4,13,0.9124218290271175
2023-09-16,2,158,0.3326465321429819
2023-07-08,15,30,0.7578965077494908
2023-12-27,20,182,0.357738644960252
2023-07-12,3,11,0.16240698579987467
2023-08-16,6,136,0.48989123170637205
2023-08-05,14,108,0.11937861728402432
2023-07-15,12,140,0.6725521283605118
2023-10-31,20,78,0.7713462165080611
2023-02-08,16,137,0.2138953531071912
2023-05-26,9,157,0.7004541155079842
2023-03-18,15,176,0.3190398812676988
2023-01-26,13,41,0.7765250521025705
2023-06-04,20,60,0.30542068333909334
2023-10-07,8,88,0.05847450599063442
2023-11-15,21,183,0.07095825860664096
2023-02-10,12,10,0.2021302169948862
2023-06-09,15,178,0.17098428555532752
2023-08-31,3,119,0.630183808481316
2023-09-12,10,74,0.489683636356841
2023-11-03,19,102,0.2515950490694935
2023-01-14,15,64,0.3881364590004075
2023-10-24,14,57,0.610787495581178
2023-04-04,25,32,0.1769550894864086
2023-11-20,11,71,0.28555638093921454
2023-05-27,25,42,0.3135334655856685
2023-11-12,11,64,0.41259773156502566
2023-04-06,2,107,0.7295003295604933
2023-03-06,10,94,0.8463988384308971
2023-01-07,1,113,0.21793646608913309
2023-03-19,2,144,0.9254635854833516
2023-12-17,17,191,0.0691387266515956
2023-02-09,13,34,0.03381113282843129
2023-02-12,10,75,0.027918660068624757
2023-09-22,3,62,0.5900847300987531
2023-02-15,12,130,0.6505255048923927
2023-03-20,14,106,0.7609638127253826
2023-08-19,12,148,0.08419207743293589
2023-07-05,23,186,0.9625917804587385
2023-09-14,20,126,0.8809678438148811
2023-10-03,1,78,0.6205795563403019
2023-04-01,9,117,0.35130852762280873
2023-09-02,22,48,0.04944489627448967
2023-10-19,21,146,0.7155990554979748
2023-06-07,23,144,0.33090842889023386
2023-01-21,17,182,0.30139533656623163
2023-09-30,11,145,0.08066631085220621
2023-02-10,21,128,0.9928128561585757
2023-08-23,16,147,0.4305860241473837
2023-10-20,15,141,0.2874627010273506
2023-06-11,14,135,0.6272028186353825
2023-07-24,2,86,0.7592270253089944
2023-03-02,12,5,0.07782380228434749
2023-03-27,17,177,0.6842398567207646
2023-07-24,18,10,0.35258838206070464
2023-01-22,21,72,0.1315188809524377
2023-07-29,20,70,0.9993269275781513
2023-01-17,21,32,0.6158523345990082
2023-08-10,7,167,0.13527464968248037
2023-07-10,2,21,0.8159660171788079
2023-03-14,4,2,0.024119846653017807
2023-06-26,9,157,0.44637485769368024
2023-08-04,24,179,0.7924482671252476
2023-12-30,15,182,0.9976762250463906
2023-06-19,22,124,0.33614347761591323
2023-10-17,13,17,0.5202891613003565
2023-11-12,9,154,0.6776206969900491
2023-12-10,23,32,0.8289290032505575
2023-05-01,19,55,0.025376444287713462
2023-02-05,7,18,0.3048068744728477
2023-10-16,21,52,0.5080544703613072
2023-01-16,12,199,0.6570608530369922
2023-02-18,4,165,0.0772084263122309
2023-04-13,7,195,0.8694295199863841
2023-02-12,3,27,0.026295778788448243
2023-12-29,2,99,0.28195983722450135
2023-09-13,6,162,0.6392672454906683
2023-06-04,24,83,0.7623266910523689
2023-06-24,20,83,0.6590583955578331
2023-10-05,17,146,0.14049657330754162
2023-01-17,3,182,0.39367804156824415
2023-10-30,14,181,0.5239139634761519
2023-11-26,19,29,0.8434400909734577
2023-03-31,24,195,0.8467641583545427
2023-07-03,6,119,0.7481480564585024
2023-11-11,12,94,0.4290685196435545
2023-02-08,6,6,0.035097024773402596
2023-06-03,11,67,0.7332905725648281
2023-01-29,4,80,0.5285454806861608
2023-05-19,13,30,0.4100311312891842
2023-08-04,13,172,0.8099738891889118
2023-02-08,14,131,0.5469995926791261
2023-12-06,7,19,0.8994272717895564
2023-09-20,19,93,0.10337594236390057
2023-01-26,19,121,0.3403700930621901
2023-06-10,18,184,0.4507476151888602
2023-02-25,2,16,0.9252124758506759
2023-12-02,18,60,0.8204305838462451
2023-07-22,25,176,0.2085087496855228
2023-11-29,1,93,0.9132022198789287
2023-04-05,17,194,0.693442232139755
2023-07-28,19,68,0.5978783317194213
2023-10-19,15,102,0.6258680632852097
2023-03-02,23,128,0.18261933569418187
2023-03-18,3,166,0.34355338079455966
2023-08-25,2,83,0.5831026551951165
2023-05-08,5,121,0.7123225152984596
2023-09-11,16,23,0.7127765948888481
2023-05-23,15,147,0.27480901091108456
2023-01-14,12,4,0.6132511535118995
2023-12-22,7,153,0.023101242374539366
2023-04-09,13,45,0.6467659065160554
2023-08-21,4,32,0.2550710289652871
2023-01-23,4,97,0.6096547821400476
2023-10-28,10,101,0.2767844969651624
2023-05-08,4,153,0.968649052367545
2023-02-19,1,53,0.13430974711364008
2023-12-15,15,93,0.7021116722060181
2023-02-03,11,92,0.1989376144194387
2023-06-21,20,3,0.07695850303655305
2023-09-26,8,9,0.5196787922136135
2023-11-30,23,146,0.3194135200410597
2023-01-19,7,115,0.5930793143295161
2023-03-23,2,115,0.32914232978759717
2023-08-23,18,141,0.41437120277171
2023-06-08,15,25,0.1697198792694713
2023-03-04,20,62,0.04356589819754231
2023-05-22,9,140,0.6347172429363771
2023-08-17,2,156,0.35487962938006623
2023-06-03,17,112,0.5449484083979143
2023-07-03,12,13,0.3504537725729747
2023-03-30,7,179,0.17845304587918853
2023-10-18,3,144,0.13077235400039444
2023-01-22,14,130,0.7972953909015201
2023-03-28,24,174,0.0842987476187822
2023-02-03,20,178,0.2231374414460887
2023-02-12,16,182,0.5870225480309365
2023-02-04,20,94,0.145986840524159
2023-05-30,5,48,0.7968339769951319
2023-03-25,7,21,0.7497998169628332
2023-08-12,6,79,0.5350493948515154
2023-01-30,12,183,0.5297331082897536
2023-04-20,6,48,0.6113106259797692
2023-11-16,22,146,0.1985626511215305
2023-10-23,17,81,0.024990221868131157
2023-03-05,3,121,0.9006781679243082
2023-08-20,11,103,0.958138039978789
2023-05-26,8,82,0.4050112638041169
2023-04-08,7,197,0.8422806911194479
2023-05-11,4,28,0.7895367291845703
2023-07-08,25,52,0.015733808667352966
2023-04-04,23,138,0.0023059531384908016
2023-01-26,25,70,0.9080630658256477
2023-02-13,21,49,0.41596372978758567
2023-04-04,9,70,0.23070330021058139
2023-01-21,11,175,0.6490501905359657
2023-05-22,23,170,0.4377788989603467
2023-12-11,8,189,0.03681816991991804
2023-02-28,13,118,8.037712422015453e-05
2023-04-20,20,15,0.871001905643684
2023-02-14,4,87,0.8226653916830031
2023-07-02,17,135,0.033865380501457265
2023-02-21,10,174,0.3766929178076891
2023-06-17,10,18,0.9446616796200983
2023-03-09,3,17,0.4167998926016835
2023-03-28,5,15,0.8335347990736964
2023-03-04,10,20,0.41387041648043865
2023-07-11,18,80,0.25624371269598
2023-07-26,7,102,0.8626005406639413
2023-09-13,16,16,0.3563938879675347
2023-02-05,14,35,0.7189100523264037
2023-07-30,14,25,0.4618326438774868
2023-09-06,2,80,0.4132612907785407
2023-09-11,15,104,0.8801644876903056
2023-09-29,15,98,0.9043581638497582
2023-02-25,4,147,0.43769134891926165
2023-04-08,7,117,0.5723777879884702
2023-08-22,3,55,0.9193921206758312
2023-03-19,6,78,0.770887047228919
2023-03-28,12,184,0.2374887585526878
2023-08-13,8,85,0.30247332997152687
2023-07-14,14,27,0.45318285195717223
2023-08-15,15,23,0.5409418556108999
2023-02-10,20,91,0.796817303694051
2023-01-16,9,195,0.8411803011790607
2023-09-19,19,9,0.05403508768736298
2023-05-19,4,122,0.24279341025626722
2023-08-21,5,193,0.5198829249740246
2023-01-19,10,2,0.2970839852220244
2023-12-04,20,77,0.14082777738824226
2023-02-21,4,190,0.6116191139770083
2023-10-08,23,170,0.3914692919170282
2023-10-25,12,130,0.09995391816761368
2023-04-06,7,153,0.7134923179318051
2023-05-31,5,175,0.39232131576057216
2023-03-08,22,80,0.7158103794350169
2023-06-21,21,122,0.5449231989923226
2023-05-15,4,103,0.023894846545246207
2023-12-18,7,13,0.9038457445159236
2023-06-09,21,81,0.8802372822540734
2023-07-15,21,190,0.5901610622989211
2023-05-17,21,17,0.006913792596963564
2023-08-14,14,128,0.001018446642966797
2023-09-03,3,72,0.03458016789876728
2023-01-22,6,153,0.47244789750150296
2023-02-04,25,136,0.25059106431242806
2023-02-12,1,200,0.017663077310930198
2023-12-20,19,167,0.3171309142764407
2023-11-21,12,174,0.1726906724624011
2023-11-14,20,50,0.7891715851343137
2023-07-01,11,7,0.8205416907486612
2023-12-23,25,49,0.5888175013493956
2023-12-26,3,198,0.47996323206304636
2023-05-19,6,128,0.3819404614079629
2023-08-31,15,107,0.6636783589928332
2023-09-25,25,105,0.4373807612026389
2023-01-01,2,60,0.8638751943939608
2023-04-05,8,59,0.16774386039906386
2023-08-27,1,71,0.3764449148336363
2023-01-31,18,117,0.16982629992122067
2023-06-01,6,195,0.5689800101762635
2023-09-20,13,138,0.7589929479323201
2023-10-23,2,36,0.4688187662486353
2023-01-27,6,38,0.9214972037543632
2023-08-11,12,177,0.4114307135644113
2023-04-25,6,121,0.8374726035002333
2023-12-13,17,183,0.5364994106229952
2023-01-13,7,26,0.5974100387125227
2023-07-18,12,48,0.13421011178222408
2023-08-27,3,55,0.5036787460596509
2023-03-16,11,182,0.948544233354516
2023-12-10,8,16,0.4489596866278348
2023-12-16,11,105,0.02124894690684087
2023-07-11,8,23,0.5791934320441481
2023-01-09,6,185,0.5081542831856375
2023-11-04,22,51,0.2377515277674691
2023-03-03,24,140,0.47240389149132966
2023-03-08,7,193,0.5560118790576706
2023-10-19,21,16,0.6051114107072376
2023-12-24,24,24,0.29877708984638707
2023-01-30,8,29,0.6229758456483483
2023-10-06,6,64,0.45957206341005563
2023-01-15,20,19,0.5138603854874424
2023-02-26,13,119,0.40500243135370806
2023-05-03,21,44,0.5486671438946324
2023-07-13,3,160,0.04820754985929365
2023-08-12,21,125,0.6109797073824758
2023-04-01,2,55,0.5832061515392274
2023-12-13,2,98,0.46155591307694466
2023-04-01,21,13,0.7534715584356229
2023-05-28,24,136,0.2346571025322749
2023-06-18,6,91,0.615379897501551
2023-10-01,9,80,0.005615831343242617
2023-07-26,21,81,0.31733666711312836
2023-02-14,16,17,0.8939654574666422
2023-12-17,1,38,0.5669462308066956
2023-07-24,13,192,0.1764824287796305
2023-11-14,23,127,0.3340143097952649
2023-07-26,14,134,0.1028341068275227
2023-08-24,8,46,0.6522216782902419
2023-07-16,4,163,0.25286537321948444
2023-11-27,9,4,0.8336171997772998
2023-01-31,11,16,0.44650148983772797
2023-11-23,7,119,0.4089587001096723
2023-03-27,22,34,0.5788644255882316
2023-01-21,1,164,0.5192446530078085
2023-04-28,10,19,0.6853030903880198
2023-06-10,11,117,0.9282646596604939
2023-10-08,20,84,0.743312675252134
2023-04-21,21,1,0.7248646273116108
2023-10-11,13,105,0.2185306990222995
2023-02-21,24,37,0.904455956257714
2023-06-04,19,39,0.3408371850823767
2023-11-26,7,47,0.4722403793477473
2023-07-15,13,157,0.4322421601366083
2023-05-08,4,60,0.5047173527556859
2023-04-24,10,17,0.42881043076802294
2023-09-13,20,78,0.12704037638340793
2023-12-02,12,143,0.49725466850743993
2023-10-18,6,9,0.04087057461626864
2023-07-24,21,146,0.7897242708528358
2023-05-05,21,178,0.4756200275902236
2023-04-27,21,77,0.03914165506300382
2023-07-27,24,98,0.8444795438173036
2023-07-15,15,170,0.909135777351623
2023-11-17,1,98,0.3558472617801618
2023-01-28,12,46,0.23878045469164944
2023-04-12,16,61,0.03156483829122436
2023-07-29,3,77,0.7907925358316017
2023-05-10,2,145,0.11582210688240091
2023-12-05,3,67,0.09469881193649021
2023-01-03,9,186,0.6312782426050507
2023-03-16,1,79,0.8592940258973168
2023-01-13,23,67,0.04236775303883722
2023-02-07,19,59,0.910555175060493
2023-05-12,24,150,0.5831660238305121
2023-07-13,3,194,0.5854077919473807
2023-06-20,16,133,0.5026469796486146
2023-05-22,15,68,0.10320612164454834
2023-06-09,9,14,0.7502264559608411
2023-05-12,15,160,0.6184887621336778
2023-05-26,9,36,0.5836673793533175
2023-03-17,23,100,0.5723208346372964
2023-01-02,10,38,0.7540819510085871
2023-08-20,12,85,0.7815189737347195
2023-04-20,13,47,0.6109009750188874
2023-01-24,14,70,0.27141811765859214
2023-09-21,8,157,0.40248442392150263
2023-06-11,16,33,0.7206375482084785
2023-08-07,18,140,0.5082890002456497
2023-11-03,6,31,0.20579362310406124
2023-06-15,22,67,0.38029817345436256
2023-01-05,18,143,0.9950823236415901
2023-04-11,22,46,0.8893661330759759
2023-11-14,9,92,0.4789158103360833
2023-08-04,10,112,0.023821834524806018
2023-03-13,20,53,0.019579465225322834
2023-01-21,4,38,0.6759378079159183
2023-04-20,4,181,0.9497419702300816
2023-06-05,15,109,0.7771463193602786
2023-09-18,6,195,0.5097038441789223
2023-06-16,23,63,0.2165013360546152
2023-07-10,19,112,0.42272151047393025
2023-11-29,9,44,0.35974074814186063
2023-10-11,11,64,0.8398717296654427
2023-04-06,3,136,0.0789559353159045
2023-05-24,23,91,0.7993392360630077
2023-11-15,11,77,0.10762361854441194
2023-04-02,14,20,0.8574446164014994
2023-12-08,24,144,0.6119894390755609
2023-01-11,14,183,0.7666455771963133
2023-09-28,7,148,0.07303999840350384
2023-07-18,21,180,0.8004989171349224
2023-12-17,8,101,0.9243829281567838
2023-05-24,22,103,0.219981508050496
2023-04-29,10,77,0.6303883121759163
2023-03-08,15,15,0.27552198398984984
2023-11-09,20,17,0.9901893865710727
2023-09-19,22,174,0.8484049594405649
2023-11-08,12,27,0.6734837491887884
2023-03-29,24,153,0.9721650162273665
2023-07-03,2,41,0.8667567998916684
2023-06-22,3,97,0.997997063499717
2023-12-13,15,33,0.18129957867517
2023-12-23,17,84,0.5295149157508221
2023-10-20,16,190,0.547416046518604
2023-12-29,4,69,0.4238635937994091
2023-05-29,10,86,0.9467015200393485
2023-01-11,9,35,0.3573612082922284
2023-03-29,16,120,0.4453165943408489
2023-03-31,20,137,0.5011429003193206
2023-06-08,12,7,0.6692317519039529
2023-04-16,8,73,0.9404907249001266
2023-06-15,11,118,0.8844605696152233
2023-10-28,17,54,0.7628684470598803
2023-07-21,13,50,0.7618324390519013
2023-03-09,18,181,0.515720611869091
2023-06-29,23,175,0.9750436030547641
2023-04-18,10,62,0.5177580535442907
2023-09-10,12,106,0.6159393495435227
2023-02-16,20,76,0.5585593882535771
2023-02-28,7,24,0.10540242033255665
2023-02-23,9,160,0.052195363778932524
2023-11-19,1,85,0.07231724442322285
2023-05-21,19,16,0.7696871527620582
2023-07-29,19,59,0.29726295141848036
2023-06-15,20,110,0.4777547357883377
2023-04-24,11,163,0.6289032424257612
2023-06-30,18,46,0.8336278970109896
2023-08-06,18,25,0.5715014318998844
2023-07-24,4,132,0.682433621446455
2023-07-05,22,53,0.15041785974426403
2023-02-06,15,62,0.7395722515656811
2023-03-24,18,93,0.7052117660855763
2023-04-06,25,51,0.1638883636320313
2023-01-30,15,160,0.9469970950523582
2023-10-23,18,76,0.6658354106104487
2023-07-22,11,44,0.7641703398366702
2023-07-04,9,79,0.9763407459960061
2023-05-13,12,195,0.9035488736468595
2023-03-04,14,199,0.29252411390523847
2023-04-29,21,11,0.45893075873559763
2023-08-07,14,194,0.1589888086440091
2023-02-18,24,196,0.30633260574640464
2023-11-02,24,165,0.8821821514255488
2023-08-12,6,33,0.6632952742810876
2023-05-31,6,42,0.13177577597722268
2023-05-22,23,166,0.16017062974801177
2023-06-26,18,155,0.7309988891386944
2023-04-02,5,133,0.9314926980258516
2023-09-24,4,106,0.5452444838283598
2023-02-05,9,191,0.5103321227378512
2023-12-08,25,26,0.2802288181742133
2023-07-20,17,93,0.11592230650102897
2023-02-03,1,3,0.9393972815969952
2023-03-16,1,192,0.6404459297610214
2023-09-12,11,77,0.4696626190639507
2023-10-27,11,161,0.4041576865930877
2023-02-21,15,14,0.2941445654611957
2023-06-26,4,46,0.41329903505310484
2023-11-27,24,43,0.8453334078553132
2023-12-21,24,133,0.6169112637748961
2023-07-08,19,181,0.5884999375906711
2023-10-06,14,23,0.5489995210507895
2023-03-28,18,111,0.1920914282260089
2023-01-07,16,38,0.6935731975515828
2023-06-04,8,157,0.018845090264287823
2023-03-05,11,57,0.09005320528857907
2023-07-14,19,102,0.29217169201285886
2023-02-13,4,173,0.23124006438919253
2023-04-24,20,159,0.12911657628461404
2023-02-14,12,42,0.4951022181758442
2023-04-05,23,86,0.045671573187985426
2023-03-16,15,139,0.7195204694884615
2023-11-10,5,89,0.09597398029059023
2023-03-15,17,183,0.05091912851959424
2023-05-25,10,174,0.03910358862614405
2023-02-19,13,36,0.5469057952297236
2023-08-09,6,145,0.055055789255116894
2023-03-30,2,182,0.5597625940607777
2023-09-11,7,6,0.12041951193236655
2023-10-19,14,91,0.12017278780083684
2023-03-24,25,153,0.6942501349568796
2023-05-02,20,129,0.97649034797866
2023-10-29,3,72,0.30701547993965717
2023-12-18,16,94,0.2400796972253918
2023-02-21,17,150,0.5708029617130147
2023-12-02,4,135,0.6209525942309322
2023-01-25,16,107,0.26105318824140367
2023-08-25,20,49,0.6637011465275607
2023-03-13,5,180,0.8142085006198612
2023-07-07,7,21,0.6335191107883397
2023-10-31,5,197,0.908779224509313
2023-02-05,24,97,0.26731833751830714
2023-04-20,9,54,0.7501672051153195
2023-08-15,15,83,0.022705215039438897
2023-10-19,25,138,0.1817480925222047
2023-05-03,1,192,0.3800687935432382
2023-12-21,6,52,0.9277725251036988
2023-05-27,18,13,0.053034262604554794
2023-12-07,15,95,0.8312751010266325
2023-03-19,14,95,0.11760024357285848
2023-07-21,16,153,0.40220141923773256
2023-06-04,17,154,0.6205235877858718
2023-02-12,17,92,0.7050110622056794
2023-02-16,15,148,0.1334726653686107
2023-05-25,17,89,0.8499298905016732
2023-02-08,12,170,0.5994494826827867
2023-06-30,7,73,0.21016770255537975
2023-03-05,17,172,0.6900433115708046
2023-06-01,3,103,0.6843167037693939
2023-06-18,11,151,0.27983382487526554
2023-12-12,24,109,0.21048161776064567
2023-07-21,10,15,0.6964925725715204
2023-07-02,17,198,0.2465472142623264
2023-10-17,5,47,0.5219415126641535
2023-10-26,5,35,0.7577016872230197
2023-03-07,1,9,0.7189992391861632
2023-06-07,15,111,0.09920426819633676
2023-07-29,15,131,0.9607484758745042
2023-03-13,11,42,0.3555123895778648
2023-04-09,16,174,0.231311814876627
2023-04-07,12,1,0.8511147508276784
2023-11-03,22,136,0.1552317234395223
2023-05-24,12,113,0.18824978212685173
2023-09-01,20,124,0.3867941163693889
2023-06-06,7,195,0.9957994900994321
2023-04-24,14,99,0.14313899307385003
2023-09-15,17,72,0.7227716981511518
2023-01-26,3,149,0.0941550601993213
2023-06-11,4,40,0.5323734153270937
2023-06-19,16,80,0.1861152341167831
2023-09-02,21,189,0.861295186965467
2023-07-29,6,100,0.0013654659339701336
2023-08-28,3,143,0.7294763029004134
2023-09-12,16,82,0.3333656094993884
2023-11-22,9,116,0.5598498032595575
2023-11-07,10,148,0.5992823532351531
2023-09-14,19,40,0.38223935900431083
2023-11-21,2,176,0.07027396940277497
2023-11-23,17,39,0.7133612373635517
2023-06-23,23,167,0.9265866854967568
2023-07-05,12,16,0.7846851602683099
2023-03-14,15,116,0.337240136344262
2023-05-20,1,97,0.8796467347882171
2023-08-16,12,3,0.07125345464442057
2023-12-04,3,140,0.10735823212252094
2023-02-27,7,90,0.24945856942153
2023-07-23,11,135,0.07230583326270346
2023-09-27,13,43,0.8254166765116248
2023-04-28,7,126,0.4679672052736972
2023-06-19,24,31,0.9776751272272257
2023-01-16,1,110,0.4106681179284434
2023-12-21,11,170,0.8997960442428075
2023-06-20,6,86,0.10104985824450152
2023-10-24,18,69,0.5822489404862775
2023-08-04,19,73,0.6000730057583101
2023-10-15,12,156,0.6344111977038804
2023-10-04,8,71,0.32964125419306434
2023-08-31,7,71,0.8568954648761185
2023-04-19,23,77,0.6472186591374596
2023-05-06,12,23,0.6430559726667544
2023-07-10,25,86,0.9283607785922334
2023-12-17,22,58,0.9694359302358772
2023-09-23,10,25,0.1814296585703471
2023-11-14,18,123,0.49762629058629027
2023-08-26,17,155,0.2287378512560786
2023-12-01,7,102,0.038286005171392246
2023-12-26,5,137,0.5310912790432042
2023-05-22,17,58,0.20433995760446622
2023-04-05,9,7,0.6338395489156056
2023-09-15,13,72,0.7065536821658706
2023-09-04,25,30,0.4582676735335873
2023-09-07,10,187,0.9378944760326814
2023-12-26,7,22,0.20349123444398032
2023-08-23,2,151,0.8305915157566041
2023-12-07,18,116,0.16825737374704286
2023-12-03,13,90,0.24511199836046194
2023-09-14,15,21,0.4876951962351028
2023-02-04,21,103,0.7200746664875572
2023-05-01,13,21,0.8244793704550398
2023-11-06,7,143,0.43742945680164635
2023-08-02,9,45,0.27053277049555313
2023-04-11,17,125,0.6025039839382401
2023-03-25,24,90,0.9717037792455396
2023-04-22,25,135,0.3241721073850551
2023-01-07,20,98,0.917429837430701
2023-04-06,9,68,0.5315823655625707
2023-10-20,7,51,0.07245318659792521
2023-03-01,12,57,0.839195607867125
2023-06-28,11,48,0.27209975420726085
2023-03-30,10,17,0.3363005640591741
2023-09-15,13,25,0.9921889647956547
2023-06-05,6,86,0.9860110985259913
2023-12-02,20,75,0.5279798650347631
2023-07-15,25,14,0.35895930126787867
2023-06-04,12,94,0.19745144163280948
2023-11-25,5,96,0.7730962759495003
2023-06-07,10,31,0.8259958824840713
2023-04-23,15,82,0.6701941599988019
2023-06-08,25,166,0.4879965344249072
2023-08-13,22,67,0.8136289681772109
2023-06-13,24,124,0.05637520287810027
2023-03-02,17,93,0.07768275458206653
2023-11-08,7,34,0.060826730044320376
2023-12-24,23,183,0.397644770574061
2023-07-27,16,132,0.886120342298438
2023-07-22,5,28,0.2921663723148351
2023-05-13,16,81,0.35865357007167864
2023-10-22,20,181,0.7608360296881651
2023-12-15,1,112,0.8433641307172364
2023-03-23,3,169,0.14851428661628707
2023-01-31,20,124,0.6581279274208546
2023-09-09,24,187,0.1869973687796016
2023-08-06,12,60,0.8713242732237577
2023-03-05,12,5,0.7828486923622178
2023-06-29,23,58,0.47106933247272487
2023-08-25,7,72,0.7424746240325876
2023-08-16,12,143,0.675621358912958
2023-09-03,16,186,0.594503542018911
2023-09-13,16,108,0.8628975319869512
2023-04-19,24,45,0.546364713845012
2023-01-01,11,52,0.2791606600694231
2023-11-30,11,177,0.37261747782244115
2023-08-06,4,27,0.7510921526401038
2023-07-26,24,113,0.19077533973967742
2023-06-13,9,26,0.09941620231992143
2023-11-27,7,175,0.14222188180549855
2023-06-26,8,93,0.7941990431480181
2023-02-21,20,8,0.04693042768382283
2023-08-16,12,102,0.692434123579504
2023-07-07,18,83,0.026199036859864577
2023-06-17,12,177,0.9417207516477882
2023-10-02,17,96,0.14187792111792052
2023-06-13,4,32,0.4089411331617061
2023-11-03,14,86,0.6798256275657519
2023-01-18,9,82,0.6411355221847468
2023-11-05,23,154,0.25140635489662577
2023-12-05,18,96,0.4090016542715077
2023-07-02,10,49,0.46963281435802895
2023-04-29,9,93,0.09943499802583833
2023-07-09,14,70,0.31804491323736106
2023-09-14,24,133,0.5362299112748635
2023-05-24,13,142,0.8819021911997642
2023-01-06,25,125,0.7368206480104258
2023-09-26,7,144,0.3074220138470204
2023-09-30,11,84,0.549491032610833
2023-06-18,17,11,0.9134959088533394
2023-06-30,2,48,0.13208966476075912
2023-04-19,7,130,0.6971740537259284
2023-06-16,13,170,0.18118615107763536
2023-09-06,4,76,0.7918568150791807
2023-02-11,15,138,0.6274018474120089
2023-02-01,15,192,0.7424231289901058
2023-05-25,9,32,0.18253005916342913
2023-12-20,3,71,0.5206527159533602
2023-11-08,14,11,0.2260795626159564
2023-10-31,21,194,0.5935476957988391
2023-10-28,13,139,0.13503972337216497
2023-04-10,23,188,0.6793266027503835
2023-05-07,3,82,0.6313216720596408
2023-10-01,2,191,0.7491895321367931
2023-06-04,20,7,0.7622878127298925
2023-08-24,9,107,0.027948277083217676
2023-09-18,12,8,0.44544240186400097
2023-03-27,4,58,0.3731533944177884
2023-12-24,11,12,0.6641534641286769
2023-10-12,14,146,0.9481393830942967
2023-01-20,24,193,0.6395423088674906
2023-10-28,15,189,0.19493734312618805
2023-10-07,14,58,0.13856443227589077
2023-10-02,7,190,0.2578227308638523
2023-06-23,21,110,0.6399051294517919
2023-07-11,2,158,0.7122050766670567
2023-07-13,5,14,0.7487856617185594
2023-04-25,11,32,0.4260239367983747
2023-07-04,3,33,0.129099694994672
2023-01-05,23,103,0.7990150567683687
2023-08-11,25,34,0.548894493084213
2023-03-22,23,73,0.5621139645218103
2023-03-11,15,112,0.7497294092317387
2023-08-26,7,195,0.6795724137642448
2023-01-20,25,87,0.4550144561906214
2023-06-15,17,16,0.706328219181924
2023-09-22,12,126,0.3076702618537548
2023-01-23,7,91,0.7838142967984456
2023-05-04,9,15,0.9702475223804442
2023-07-09,11,126,0.8981200702081539
2023-12-08,23,111,0.8767062097400653
2023-03-25,15,30,0.14565119283909378
2023-05-09,3,107,0.5478018540963122
2023-04-09,15,193,0.8079973143509456
2023-10-12,21,16,0.22815326186624396
2023-11-01,24,70,0.02845223350097681
2023-04-03,4,197,0.09246835685429755
2023-08-23,8,197,0.08876156894606602
2023-12-22,23,180,0.14767233125408497
2023-04-04,12,47,0.7071187734857004
2023-10-04,2,1,0.9130079644641655
2023-10-13,2,123,0.15880604669218323
2023-12-01,21,154,0.5332349177145531
2023-02-03,24,39,0.28187161027112384
2023-10-01,1,64,0.34944498703266813
2023-03-31,14,61,0.2616594869548573
2023-06-20,6,124,0.4625858879184549
2023-01-01,22,185,0.6180601498944229
2023-03-16,3,121,0.9325020697938865
2023-05-24,21,72,0.7327675981532483
2023-04-07,3,58,0.6272381131432687
2023-10-14,7,74,0.6859698814329033
2023-08-10,4,160,0.3950061631729229
2023-04-29,8,38,0.8878101415313602
2023-01-13,3,124,0.33190107271426594
2023-03-04,22,116,0.3803232432917101
2023-03-02,9,159,0.7755770894202206
2023-04-25,9,193,0.587794226173174
2023-11-02,17,58,0.06388594054209662
2023-11-08,21,48,0.68211532882122
2023-03-04,23,167,0.6212524541314152
2023-12-15,18,13,0.3865587114365845
2023-03-07,6,102,0.5299245985740203
2023-01-11,13,59,0.6768209546990904
2023-07-21,20,18,0.4174060099489756
2023-10-10,13,52,0.476705519243265
2023-11-06,14,119,0.5212105632923847
2023-06-10,11,33,0.6631739552045373
2023-10-16,12,25,0.5096979239936048
2023-06-22,25,116,0.5128399666520321
2023-04-27,20,86,0.3312578010412942
2023-06-14,23,165,0.5332142389268789
2023-07-27,1,164,0.28971731227431574
2023-06-30,3,130,0.4658661576950637
2023-04-13,9,9,0.6456104164934775
2023-01-06,23,199,0.4531201890931772
2023-11-18,10,157,0.7809855916326335
2023-09-29,20,164,0.1959540211125581
2023-07-08,12,3,0.24730733920465364
2023-07-26,1,73,0.798094296640407
2023-12-30,14,136,0.41311231740643584
2023-06-08,19,56,0.3767393800875529
2023-08-28,7,68,0.33753103857410993
2023-12-01,15,125,0.8096332416335128
2023-06-19,8,144,0.5726529534718955
2023-02-21,2,116,0.5658358220786235
2023-04-13,16,82,0.3759476959344561
2023-05-01,17,158,0.8186791636769674
2023-05-24,20,20,0.15998113098577105
2023-10-08,23,30,0.7039361049974532
2023-11-13,16,11,0.1266516386574188
2023-02-21,7,14,0.29094943853595634
2023-04-27,17,97,0.38859908364465523
2023-12-25,25,195,0.8880889201778719
2023-04-10,8,200,0.04635311916416285
2023-11-30,12,182,0.6037182871976519
2023-03-08,22,7,0.28923156886127
2023-12-24,23,18,0.23894236376908895
2023-08-06,2,42,0.6509912969659527
2023-12-31,22,163,0.6308296325397067
2023-03-29,20,151,0.6405403752459016
2023-04-28,12,141,0.021968001419495287
2023-03-13,19,128,0.5459014055249249
2023-06-09,18,87,0.952097660329163
2023-12-27,3,132,0.18152667641717724
2023-01-03,23,59,0.01266020992905137
2023-07-28,20,119,0.7502987540797793
2023-04-08,3,159,0.5750539195573652
2023-04-11,4,37,0.00765799014734958
2023-06-26,2,63,0.11013963892993239
2023-09-27,25,8,0.5337227406797346
2023-05-14,20,135,0.4151131216286602
2023-07-29,21,47,0.03502544568412713
2023-04-09,11,118,0.6552424794947842
2023-02-10,25,154,0.5604588036896201
2023-03-13,16,7,0.0749032844288654
2023-03-10,17,188,0.03355516051504592
2023-12-09,14,184,0.2871298927456841
2023-02-23,18,2,0.4149629358570307
2023-03-30,2,188,0.677635721998099
2023-03-06,13,143,0.7346709678261384
2023-12-09,2,109,0.0842089155061927
2023-04-15,2,97,0.0027980085005541167
2023-05-04,14,56,0.9854269453830902
2023-08-05,18,50,0.7098413548137249
2023-09-15,12,10,0.37112939956206115
2023-11-10,5,187,0.572806352605593
2023-12-11,2,80,0.29792774851145865
2023-04-23,16,57,0.04073258315648487
2023-11-13,11,191,0.1550444777382627
2023-05-20,3,168,0.07546502234294983
2023-10-18,12,178,0.45759383597827263
2023-12-24,20,69,0.10866366652212334
2023-03-19,16,187,0.2263806830211248
2023-07-09,15,137,0.2203938778181873
2023-06-06,14,10,0.06525715668232612
2023-05-24,9,71,0.7018760853407526
2023-11-03,6,68,0.8438306337616733
2023-06-09,13,75,0.3858987085083697
2023-08-02,23,118,0.7464188933552603
2023-03-10,9,69,0.6701146765765895
2023-10-29,25,180,0.3937281311168924
2023-03-31,19,130,0.6145687709661779
2023-11-06,11,177,0.4528522550353631
2023-05-26,23,161,0.4213206759744119
2023-10-31,6,191,0.27107269899854225
2023-04-20,22,9,0.9309977131368267
2023-08-18,21,194,0.09997999537502344
2023-12-26,21,125,0.867168307688897
2023-01-05,19,136,0.28306851846871284
2023-11-23,21,56,0.738028077010789
2023-04-22,4,70,0.19053604311877848
2023-10-07,2,68,0.8793759571180696
2023-09-24,18,179,0.03058433609757938
2023-11-16,14,193,0.7853690645409349
2023-02-27,22,46,0.598452383090259
2023-01-02,16,7,0.9293990942923437
2023-01-18,7,192,0.32951422139201003
2023-04-19,11,150,0.8201965307130203
2023-09-29,12,144,0.16284555154958769
2023-02-25,4,5,0.998523922083523
2023-07-25,18,176,0.31058089387853904
2023-04-26,15,159,0.4038355753449887
2023-04-23,9,103,0.6175867450199171
2023-12-19,10,151,0.3233061725275539
2023-06-11,6,31,0.6935413327685248
2023-02-28,10,174,0.7134372715984477
2023-03-05,5,51,0.9947449957038043
2023-02-06,23,25,0.5611895755320034
2023-12-13,14,28,0.7600254220579502
2023-09-21,3,66,0.9268550080478448
2023-11-04,17,134,0.9493184540519835
2023-02-05,11,116,0.01013870324774746
2023-10-25,19,39,0.6713033543145356
2023-08-19,14,178,0.2211117835469265
2023-03-23,13,6,0.19326983789466268
2023-12-26,13,67,0.5358103674801833
2023-06-25,6,157,0.38123850457750186
2023-05-12,23,189,0.5170265829515343
2023-08-21,2,194,0.6090796086453311
2023-02-27,22,161,0.009580146246737975
2023-03-02,17,62,0.2801765017327841
2023-06-05,14,86,0.0564949435231864
2023-05-18,17,151,0.031961977726513435
2023-08-20,5,168,0.026330199164266488
2023-02-27,6,181,0.3927377414569059
2023-02-21,6,89,0.9931081352655698
2023-03-28,18,23,0.42925344264172616
2023-11-30,2,43,0.9141068244567133
2023-12-10,6,136,0.39697559046722464
2023-09-01,12,120,0.8660504742480251
2023-08-02,22,83,0.8268158270057643
2023-11-04,20,192,0.8891020010706747
2023-03-01,17,6,0.0011856828693760368
2023-09-02,20,160,0.967231128306572
2023-10-26,6,16,0.610560707195188
2023-08-23,3,108,0.7020906730243736
2023-10-29,25,49,0.5818661398515625
2023-08-08,8,60,0.7779237299680993
2023-10-02,7,79,0.752915744081293
2023-05-08,3,28,0.8195479655539598
2023-09-07,3,172,0.9378639168524077
2023-11-14,20,157,0.6495120664956162
2023-06-26,1,53,0.49537854907052314
2023-08-17,4,89,0.338576914879129
2023-01-02,16,200,0.7343001297896626
2023-03-30,9,107,0.2038093623967676
2023-03-10,8,136,0.40908908052218473
2023-09-02,5,7,0.9911367342090025
2023-06-25,10,157,0.3034878013080349
2023-11-08,19,169,0.7416507805727107
2023-09-07,5,31,0.8770201428603384
2023-05-22,18,194,0.15901012524432245
2023-06-17,5,182,0.9558398274061142
2023-11-07,16,173,0.5499321431257989
2023-07-15,18,86,0.1893129407421018
2023-08-16,13,122,0.05978345766735593
2023-02-22,5,15,0.9766576380955099
2023-01-30,8,102,0.37190323545022475
2023-09-16,14,92,0.3942398859598927
2023-07-18,24,188,0.7973732753376783
2023-10-19,6,44,0.14629474272940257
2023-05-23,21,161,0.882316661861202
2023-08-31,12,165,0.34058391976290636
2023-10-16,22,79,0.1488965281312895
2023-04-04,20,137,0.6867006626482917
2023-06-19,7,136,0.5427016148463463
2023-04-26,6,173,0.30045408390784545
2023-12-30,13,155,0.13459368270138494
2023-02-28,5,49,0.8776292777122014
2023-05-10,12,14,0.7295920211326836
2023-11-04,20,134,0.5951302095223775
2023-02-12,1,14,0.03984483535614225
2023-05-29,22,30,0.4845624787103725
2023-09-27,19,176,0.38278487768689307
2023-04-13,22,35,0.5139304493504752
2023-01-30,1,21,0.9224109889421052
2023-11-20,21,100,0.4492845225025681
2023-12-04,23,40,0.8841764853414452
2023-06-21,8,16,0.5428422724344494
2023-03-03,13,82,0.474806187089589
2023-07-02,4,61,0.3482643224817149
2023-05-07,19,110,0.223136243626047
2023-03-26,8,107,0.47961661951046997
2023-11-16,15,91,0.030838298673975917
2023-05-05,18,90,0.035600453981853075
2023-05-13,13,200,0.08231297193898302
2023-07-04,1,59,0.4837432245179799
2023-06-12,25,172,0.4038928276474343
2023-09-25,12,178,0.6009736014542152
2023-01-01,13,56,0.18304320712202493
2023-07-20,9,47,0.14888405407930516
2023-09-05,9,95,0.9553498191759798
2023-11-28,1,88,0.4350563093662301
2023-09-01,16,191,0.9011889969245207
2023-12-09,14,105,0.5356036860984617
2023-05-17,19,31,0.6937084345448379
2023-04-18,10,10,0.7094753059189606
2023-05-05,23,110,0.7183460950213156
2023-12-30,21,160,0.8891862858206037
2023-02-24,14,72,0.6331859484785078
2023-09-01,15,178,0.2243705017423141
2023-03-02,20,91,0.28158341461460734
2023-04-14,2,145,0.7789318916914797
2023-05-09,5,190,0.531887638226772
2023-03-16,4,106,0.04671861705450775
2023-05-14,12,149,0.7428520536633534
2023-02-18,8,34,0.4695436256326171
2023-09-09,18,97,0.1777126176181295
2023-06-18,14,2,0.6203467439537841
2023-01-26,11,182,0.45827481720521923
2023-06-14,2,107,0.960080919130552
2023-08-27,15,42,0.9504680374946392
2023-07-09,1,106,0.5711152520557911
2023-10-24,10,161,0.44880674524047903
2023-02-22,16,10,0.12033977723402212
2023-01-25,17,154,0.02790655915588036
2023-04-27,1,76,0.5611190702362996
2023-04-17,18,122,0.3050683331975945
2023-05-26,17,104,0.352809729719208
2023-01-04,14,189,0.5482155572160735
2023-05-27,6,150,0.513407049648259
2023-02-03,12,48,0.6264083670709861
2023-02-01,23,7,0.34799981366826527
2023-05-31,8,101,0.5561420654694674
2023-07-11,3,85,0.3332999370960332
2023-06-30,5,122,0.042344595386581196
2023-04-17,2,30,0.9440887744196124
2023-07-01,11,41,0.2478285566268571
2023-02-11,1,88,0.7178872175641602
2023-12-27,4,149,0.010224836255108394
2023-02-03,7,76,0.20501788708676116
2023-02-04,14,15,0.8466465403839898
2023-01-23,22,8,0.4995775177215278
2023-07-21,6,98,0.3538715192712327
2023-06-30,2,107,0.06501031039250449
2023-03-31,22,122,0.6296487893691882
2023-02-18,17,47,0.3980332278773221
2023-07-23,24,66,0.46152764216365283
2023-04-08,19,163,0.845642709955176
2023-04-30,5,45,0.44444051098752924
2023-01-23,12,169,0.1759674181066052
2023-07-09,18,36,0.8626020632720687
2023-02-04,7,69,0.5053135474270553
2023-03-16,17,45,0.8268499130051322
2023-04-27,4,17,0.04944404838266303
2023-02-24,3,170,0.463112750307097
2023-07-07,6,175,0.10954123356245393
2023-10-29,16,8,0.6240944092706928
2023-09-24,5,10,0.687973716046173
2023-06-22,6,103,0.9873230080821201
2023-12-18,15,104,0.4494229160921166
2023-02-01,17,8,0.23265894368649997
2023-09-05,23,132,0.630152091925081
2023-12-28,3,198,0.9313737619525161
2023-10-01,15,114,0.553499490697551
2023-03-22,18,90,0.10439762498181038
2023-06-27,15,130,0.37523393471157673
2023-03-01,14,24,0.40042144863246554
2023-04-08,13,63,0.713394825439218
2023-06-24,9,95,0.9825979247327654
2023-10-15,9,103,0.5762824142084183
2023-06-14,19,63,0.22530707595130728
2023-05-19,22,30,0.4462086211192252
2023-06-03,11,109,0.7020228659449228
2023-08-16,23,166,0.06603090112643595
2023-06-16,8,116,0.7708101891109921
2023-04-28,23,2,0.19071488380053114
2023-10-02,5,15,0.8444280924226263
2023-02-23,19,123,0.8628668100392561
2023-01-20,5,192,0.16575279940587395
2023-06-02,8,154,0.5617791975810396
2023-10-23,23,148,0.23757130743722388
2023-08-10,11,155,0.05464331713094306
2023-05-09,23,68,0.48700888823313204
2023-08-26,11,101,0.7622147986322074
2023-06-10,18,19,0.5277548063086632
2023-06-04,2,36,0.8652149982816705
2023-03-02,11,84,0.8243522495653391
2023-12-12,5,72,0.30766258889666664
2023-08-26,1,114,0.09832152196216892
2023-01-19,20,105,0.16291516978403164
2023-11-26,11,148,0.9801054026966332
2023-11-24,14,34,0.5973274398679383
2023-02-03,23,12,0.1370248245413005
2023-08-19,19,125,0.6747021446315857
2023-03-23,21,198,0.7263091073164288
2023-12-01,19,111,0.8143461374898131
2023-02-28,13,28,0.48134386532651185
2023-03-19,15,165,0.21169120064669988
2023-08-15,21,200,0.8662743626828018
2023-02-11,8,163,0.4062615300223966
2023-03-26,13,101,0.6783292791832333
2023-07-23,23,58,0.270123668896044
2023-06-10,16,166,0.12180227837624602
2023-05-02,21,101,0.8372108154553485
2023-11-29,15,138,0.916629097031062
2023-05-31,13,95,0.0973914745764003
2023-09-03,21,82,0.7074466317656108
2023-02-07,21,77,0.24288591428979345
2023-05-13,23,163,0.9408211562584082
2023-01-28,3,192,0.20051661583530034
2023-09-26,6,82,0.37244388408691786
2023-11-26,3,103,0.9684790597744356
2023-05-14,8,128,0.9354179894818988
2023-06-25,8,103,0.5732398091367112
2023-01-06,16,141,0.06038720571348899
2023-08-09,7,155,0.9522790052373892
2023-12-15,2,73,0.4175023973521039
2023-03-30,12,30,0.3287516497544344
2023-01-09,16,134,0.18296375966123724
2023-10-04,6,193,0.36985592894043207
2023-11-02,17,195,0.9880173108597949
2023-07-18,2,94,0.6284260559747051
2023-07-06,23,97,0.6429817435295689
2023-11-11,4,124,0.1970121292233188
2023-09-06,23,70,0.9137366910175625
2023-01-23,21,91,0.22100105516693203
2023-12-22,20,199,0.7861410811611987
2023-09-23,10,95,0.7646149697327052
2023-09-20,18,88,0.8081755825042379
2023-07-31,14,166,0.5981863221207039
2023-09-09,4,117,0.9924035264982033
2023-10-02,15,171,0.19228830093625582
2023-11-19,17,6,0.7078649009640318
2023-12-25,7,3,0.721250178752188
2023-01-17,5,63,0.27993020991826056
2023-02-05,9,57,0.35294115376707436
2023-03-09,17,122,0.4284042850508428
2023-05-18,20,104,0.6077976737785324
2023-02-02,25,21,0.28891447941633863
2023-05-12,25,40,0.5765891934115476
2023-05-08,25,61,0.056650270487014986
2023-11-29,22,52,0.8689679911874277
2023-08-15,19,163,0.46895395584664923
2023-10-14,5,3,0.47702545589491896
2023-07-21,9,126,0.8936186970368684
2023-10-25,3,163,0.10004125303201761
2023-11-16,22,140,0.4442804529211123
2023-06-10,13,130,0.48762167831339354
2023-04-11,13,50,0.12266415389481078
2023-01-20,12,109,0.7757475652825883
2023-07-27,1,166,0.49474877427768127
2023-09-10,20,170,0.08352582407647802
2023-10-11,20,53,0.953720876124127
2023-09-05,12,126,0.4467094208822756
2023-11-19,11,132,0.9009274558853545
2023-03-10,1,194,0.6130398976770024
2023-10-02,13,188,0.41555467239423294
2023-06-09,5,172,0.5697625358950247
2023-01-26,1,8,0.16549473274824134
2023-01-24,25,86,0.4449551682170796
2023-01-03,16,49,0.5686870737681793
2023-11-14,14,144,0.5519633107890642
2023-03-04,7,173,0.8739578000626673
2023-04-27,7,86,0.8368293037927129
2023-05-18,10,56,0.011930768982409412
2023-01-03,15,76,0.46643566385482926
2023-02-27,4,177,0.9111172323768769
2023-07-18,11,101,0.4808616748393726
2023-09-11,22,62,0.889096516101109
2023-01-26,14,74,0.06149518748498872
2023-10-21,21,166,0.44060886818983813
2023-04-09,20,137,0.9229185684724852
2023-01-11,22,59,0.21256868805845142
2023-04-07,17,150,0.6557686318590119
2023-03-26,4,18,0.1487659119194371
2023-12-04,9,87,0.37910652973775427
2023-11-24,5,134,0.19082598416518748
2023-11-06,12,53,0.29303684001926134
2023-02-14,4,44,0.55384835874155
2023-12-22,25,171,0.6388407555026956
2023-11-20,14,175,0.46341004048800705
2023-03-09,22,46,0.24315974629985604
2023-02-02,7,52,0.5459533361426038
2023-10-06,13,123,0.8372735211543777
2023-02-27,18,146,0.9417884179291599
2023-12-26,16,23,0.2778349760601214
2023-09-12,24,52,0.42834906541228246
2023-05-02,9,130,0.07334242043814954
2023-03-09,20,38,0.20301065094037185
2023-06-06,23,80,0.8501503780185429
2023-12-18,5,83,0.18076875037150653
2023-08-12,8,112,0.2567135296128289
2023-06-08,17,52,0.7673802321018383
2023-03-28,24,182,0.6800883036834247
2023-05-11,12,69,0.12204030065222315
2023-12-28,3,141,0.8277689007702224
2023-10-11,22,121,0.43805707670388827
2023-07-04,17,10,0.4844874769080726
2023-06-15,21,149,0.1224363355292003
2023-05-22,20,160,0.3508012595690375
2023-11-16,12,56,0.7198707583318444
2023-01-05,12,137,0.44510457009170523
2023-06-12,16,155,0.4369088907964276
2023-03-01,24,173,0.053776668768740876
2023-11-20,8,96,0.4118608285000177
2023-07-15,22,198,0.2067045878743723
2023-06-28,24,78,0.7947477882509878
2023-08-01,6,108,0.36815601457710445
2023-04-05,10,46,0.8398052371389713
2023-12-12,1,89,0.42429347379386295
2023-06-20,23,181,0.4667971829327131
2023-10-16,9,132,0.8654984480669481
2023-05-06,24,31,0.5739597596198527
2023-01-19,9,30,0.5974118195037159
2023-08-29,14,110,0.10586984722692405
2023-07-17,15,145,0.7183552866195878
2023-03-18,25,77,0.04794628650244659
2023-11-22,23,8,0.04980475654396321
2023-02-17,24,144,0.15397988882961589
2023-06-15,10,34,0.7129845235057976
2023-12-18,25,11,0.4808996132413419
2023-04-16,3,168,0.961969594110176
2023-02-12,10,42,0.05530544585548103
2023-08-22,14,135,0.8531906778523672
2023-08-29,20,158,0.07767262591231883
2023-05-12,9,116,0.40794236411995244
2023-07-29,18,45,0.5427507318894254
2023-12-07,8,153,0.217506763946266
2023-10-31,21,9,0.33648964289764605
2023-06-24,11,4,0.04069178132000861
2023-02-22,22,161,0.9758229672884848
2023-05-19,17,163,0.44411854463120914
2023-12-15,4,184,0.12417868053639114
2023-02-25,1,74,0.008027542123608011
2023-10-26,9,13,0.7767781945426664
2023-09-26,5,182,0.3653409368321382
2023-05-16,3,160,0.855204229889384
2023-07-02,17,3,0.28571116300370425
2023-12-24,19,65,0.3610705842867086
2023-10-18,24,196,0.3224773097503447
2023-04-27,6,42,0.29309280494804124
2023-07-19,15,40,0.3011643995874137
2023-06-06,9,88,0.583032187460102
2023-07-24,4,14,0.8183678434464916
2023-10-14,13,13,0.03159153263790182
2023-06-16,25,113,0.9913863712334328
2023-10-16,12,87,0.40954847085403134
2023-07-13,13,127,0.6859625782454131
2023-08-21,22,149,0.5829622639393764
2023-06-09,12,157,0.6795922276891431
2023-05-31,5,105,0.2034593792930136
2023-07-26,13,16,0.8575836508261415
2023-01-30,20,89,0.8034616561710214
2023-06-22,22,171,0.6080958123724679
2023-06-04,2,11,0.5653860681278438
2023-09-05,1,8,0.5097673412245195
2023-11-04,25,175,0.1994603069041232
2023-05-08,24,27,0.25445256195865373
2023-11-02,11,32,0.1862899117708121
2023-12-06,1,10,0.7268134910699194
2023-03-07,15,71,0.9658579838377798
2023-09-04,19,120,0.30799056585756235
2023-10-04,25,56,0.5895266182402037
2023-03-23,4,25,0.7562166972123683
2023-10-07,2,147,0.30821139207158776
2023-11-14,3,180,0.04292222912586485
2023-09-23,12,200,0.55319422104172
2023-09-22,25,17,0.953693491644401
2023-04-03,1,162,0.04564389399344804
2023-05-31,7,104,0.18582948869009075
2023-12-10,19,42,0.45503614671361314
2023-08-25,2,188,0.24278312555235138
2023-02-16,21,73,0.27200294005299963
2023-01-15,15,129,0.967282552516044
2023-05-09,17,7,0.24480768971295142
2023-07-10,17,32,0.8569855422814181
2023-11-28,22,128,0.37813365080641304
2023-03-12,20,67,0.7181531559053608
2023-10-22,12,155,0.9120246313267409
2023-04-16,10,15,0.435572770319098
2023-11-09,1,27,0.8803700850478988
2023-05-30,7,196,0.1814342205500038
2023-09-13,7,148,0.12252503916607749
2023-07-01,21,87,0.8996412246924064
2023-02-27,4,43,0.5280564870100268
2023-01-10,20,133,0.5088453693147286
2023-06-01,3,48,0.48934570194956395
2023-10-13,11,37,0.004899876751858767
2023-09-07,6,92,0.4195783637819085
2023-09-18,7,89,0.6233023051979047
2023-06-27,9,100,0.07857389746318799
2023-11-20,11,85,0.7792869795706698
2023-10-14,20,107,0.8173387517923717
2023-07-21,24,96,0.5235934573121178
2023-09-25,19,94,0.6671649139871061
2023-07-15,16,178,0.3313195103200435
2023-11-01,1,107,0.6071891930021242
2023-02-26,13,49,0.3346307674552407
2023-06-14,18,98,0.08495479649172533
2023-09-04,21,22,0.8451679200496462
2023-02-21,21,193,0.3930945870691862
2023-12-13,2,7,0.7946217328812727
2023-03-05,1,166,0.8337922162107673
2023-10-15,12,94,0.32172851525321955
2023-04-10,12,180,0.9118367201824182
2023-01-21,22,114,0.5069983987198532
2023-09-28,20,198,0.738819890045883
2023-04-05,22,70,0.20332511440982404
2023-07-02,25,112,0.2395657827987263
2023-12-29,24,99,0.3598597573659018
2023-02-14,16,177,0.10242180497924391
2023-04-07,3,121,0.24468378669968882
2023-04-10,4,72,0.4752301732521428
2023-05-03,4,153,0.3163655990056372
2023-11-19,20,153,0.3106851667408722
2023-02-09,15,155,0.7187394673959392
2023-10-20,19,86,0.8455343652272025
2023-06-05,4,69,0.98557203354637
2023-03-10,9,112,0.19971523480859055
2023-11-24,22,159,0.11215584315559723
2023-06-21,25,41,0.5622798427145507
2023-10-23,4,25,0.8008738989735917
2023-08-13,12,3,0.055787708528680535
2023-02-17,16,171,0.7539230012587879
2023-02-10,15,10,0.1402722519961216
2023-07-02,18,129,0.6540058803288904
2023-01-07,11,187,0.5688996240788915
2023-07-14,2,157,0.7452079145712394
2023-02-24,9,9,0.9638863334297044
2023-12-27,10,6,0.3776668321378046
2023-03-25,1,166,0.8868943010068692
2023-10-06,10,146,0.7062420750052758
2023-01-01,11,26,0.8493289008367532
2023-08-23,4,49,0.6286932384407209
2023-08-13,15,144,0.6784327657723338
2023-11-10,22,177,0.628355288032168
2023-05-20,18,167,0.7350329921607666
2023-07-26,20,6,0.22537653110327938
2023-09-29,2,168,0.6287538656847036
2023-09-29,6,109,0.9256676676818869
2023-06-04,2,26,0.6339286238184291
2023-10-17,22,130,0.28084181233236816
2023-09-18,22,26,0.3413558243269764
2023-05-15,12,108,0.13819857844386374
2023-09-03,24,140,0.3828769228506027
2023-12-26,17,19,0.018399111454126427
2023-04-30,7,171,0.7313699888075398
2023-05-05,2,135,0.5491700031681286
2023-03-11,9,14,0.2742030836223215
2023-02-24,4,198,0.5476711708134118
2023-05-22,24,126,0.5192261454080077
2023-11-02,9,57,0.6833525696252686
2023-08-29,25,182,0.14688029200444808
2023-01-01,7,143,0.4196135141629971
2023-06-15,22,64,0.751928139577376
2023-02-23,23,64,0.6907095909794327
2023-04-17,20,93,0.25698138003239257
2023-03-09,21,117,0.25161552380162244
2023-12-11,17,138,0.9587472565023816
2023-03-04,22,12,0.1694957812233795
2023-03-30,2,69,0.5909499895354993
2023-07-25,11,94,0.698102548726691
2023-08-06,15,194,0.5297286652332547
2023-12-02,4,119,0.36306292859224853
2023-01-30,20,168,0.3761871438277252
2023-05-23,10,192,0.6787972536930537
2023-10-28,3,106,0.1838635451785834
2023-05-27,23,37,0.41486664936857776
2023-11-02,12,80,0.5933257686683432
2023-01-17,13,16,0.42912066420528727
2023-07-30,19,138,0.5781641204745082
2023-09-29,18,174,0.8183219843412043
2023-11-25,20,59,0.08001370313152112
2023-07-15,17,77,0.6673460475595538
2023-02-17,8,33,0.46079991415568733
2023-02-04,14,101,0.9612973568398027
2023-08-16,21,131,0.3294363880400053
2023-07-10,20,21,0.3190494615081476
2023-03-22,8,128,0.9562629334046129
2023-04-16,4,143,0.2355097152817851
2023-12-10,2,2,0.6063803766516949
2023-04-17,16,95,0.016923839083662906
2023-12-11,23,126,0.707922400907002
2023-02-24,18,96,0.6437076648695307
2023-11-19,21,104,0.018949768824845004
2023-07-21,8,91,0.785274528925257
2023-09-01,12,138,0.6922300667995881
2023-03-29,4,123,0.09992274711119165
2023-02-13,25,126,0.5564198661918794
2023-10-04,1,153,0.5524446800635465
2023-07-27,1,170,0.37463534168889534
2023-11-17,22,166,0.9586374888631294
2023-02-28,18,127,0.5854733381378944
2023-05-07,25,97,0.48692044494620534
2023-09-29,7,130,0.8053051761725295
2023-02-05,6,54,0.8238334560958006
2023-01-24,18,101,0.5711004758400359
2023-08-16,25,188,0.5275573901772799
2023-09-11,18,11,0.17742276875160945
2023-07-10,8,186,0.12867575819538024
2023-06-23,2,187,0.4495243473074154
2023-07-11,20,34,0.3273068604086792
2023-09-04,20,12,0.07166924677231445
2023-02-08,22,39,0.7078895474544525
2023-02-08,6,42,0.10703801066902485
2023-10-24,2,35,0.4188071757445907
2023-12-27,17,167,0.8213675082370219
2023-07-01,2,56,0.1494310749697606
2023-06-22,6,153,0.292388480151044
2023-05-27,22,44,0.9611498288455385
2023-10-25,8,54,0.27248926719042754
2023-06-28,1,28,0.7967834465595757
2023-12-06,7,154,0.5140680941174809
2023-08-20,5,59,0.8358230167389341
2023-04-18,12,175,0.221487602132864
2023-04-10,23,169,0.33232154877810083
2023-12-11,12,169,0.634215527962508
2023-08-31,22,25,0.5898965335150248
2023-01-26,25,138,0.4152789668906638
2023-06-12,5,197,0.11416073274460492
2023-05-14,16,8,0.45457266310362765
2023-10-04,20,95,0.7426847913159292
2023-12-18,14,102,0.9544802233166898
2023-01-22,24,131,0.7796659076188469
2023-05-23,5,31,0.3513677120056944
2023-01-06,8,60,0.616600505602529
2023-04-20,11,181,0.6819655877970827
2023-12-28,11,97,0.14527599597861407
2023-05-13,24,93,0.6069530204441742
2023-07-03,17,110,0.9178404935806821
2023-06-23,4,87,0.17620187900123174
2023-11-25,20,52,0.2722989863134222
2023-09-06,15,40,0.51014735097274
2023-12-27,22,106,0.9089400443728445
2023-02-25,16,90,0.6154605647551499
2023-09-13,11,123,0.8020316090031693
2023-12-22,1,187,0.6715319207711462
2023-02-14,5,141,0.18954960995386083
2023-02-02,17,16,0.6728629389939196
2023-08-01,24,122,0.376667953543404
2023-12-31,1,96,0.8308357233153101
2023-08-28,20,51,0.7521016874574183
2023-08-26,5,5,0.5600412239226745
2023-10-10,24,93,0.36816832539322863
2023-05-31,6,17,0.330296214361228
2023-08-21,4,174,0.803820240829895
2023-07-29,24,197,0.014594179724151335
2023-10-16,12,174,0.6539791930797243
2023-09-26,3,190,0.22671986799029364
2023-05-24,24,99,0.2130336240555898
2023-10-04,13,74,0.3952663757176377
2023-05-06,10,81,0.19655541410072175
2023-08-20,12,139,0.8374748131153847
2023-11-01,24,84,0.10537432721289908
2023-05-20,2,102,0.0866176363779787
2023-09-14,13,96,0.7154208378468673
2023-06-07,6,177,0.8609254993722891
2023-01-11,25,86,0.245496897756039
2023-03-21,10,30,0.09010993797518263
2023-08-03,1,173,0.5269195335894731
2023-09-14,4,111,0.47282840883196464
2023-06-11,24,117,0.6475442462673331
2023-04-05,1,141,0.121235964667192
2023-06-24,6,53,0.9526618976810438
2023-01-25,18,193,0.6238186739511674
2023-08-17,5,131,0.6357082887640437
2023-12-14,19,190,0.4512345713363024
2023-10-17,2,180,0.02828446342876234
2023-03-19,5,130,0.2043548089587911
2023-02-28,14,51,0.7177240130489899
2023-06-21,11,67,0.8894507883413444
2023-08-12,25,199,0.9500853558663193
2023-05-05,15,20,0.08677968229770672
2023-06-28,3,22,0.11365728904568417
2023-11-14,13,7,0.7626660598469907
2023-01-29,3,84,0.9015719619866516
2023-09-23,12,90,0.6559628742787286
2023-08-22,24,138,0.2969257525924618
2023-05-15,11,198,0.887069607999169
2023-01-04,12,151,0.6216136509775314
2023-05-11,18,33,0.6120243307527882
2023-03-26,15,200,0.48070239608091403
2023-09-10,1,98,0.9947318676472218
2023-09-09,14,180,0.2520464068591527
2023-07-16,4,5,0.4922708888943269
2023-05-29,13,177,0.2550540992389081
2023-09-05,1,21,0.8090149510100451
2023-02-20,4,83,0.025983493763672816
2023-09-10,18,84,0.9469304764248375
2023-10-03,9,15,0.7045429789303067
2023-03-06,1,81,0.3428298234598406
2023-04-23,5,13,0.16879475278128364
2023-10-18,16,74,0.8326781024554032
2023-11-04,7,168,0.15951981219710265
2023-06-10,11,154,0.31680008530648973
2023-01-26,20,109,0.6496380755885807
2023-08-25,9,34,0.6073941151840693
2023-08-30,8,110,0.7907074851386232
2023-03-11,23,69,0.8566149866776692
2023-10-22,4,152,0.451323817895642
2023-07-09,19,116,0.5870269313594195
2023-09-03,16,131,0.2537475909215027
2023-12-26,22,51,0.06702675154134763
2023-05-28,10,76,0.1596497780739915
2023-04-24,7,101,0.8571953567457915
2023-10-19,6,60,0.6123321452480747
2023-02-06,5,197,0.09577184792522964
2023-07-15,24,147,0.7419621071756844
2023-02-13,1,28,0.16482795422723473
2023-01-26,4,129,0.44134612223262837
2023-12-05,18,168,0.47431240674779174
2023-04-08,4,99,0.827611386161118
2023-06-11,21,42,0.9583039294426183
2023-05-21,12,15,0.8077341663859945
2023-09-20,9,71,0.7863003976620047
2023-02-01,4,10,0.5398894625768496
2023-09-03,22,132,0.6353334826713432
2023-11-14,1,171,0.3090482236887109
2023-02-15,13,8,0.9397207147022489
2023-04-07,25,39,0.8999022733095751
2023-08-30,6,184,0.11108566826058475
2023-05-20,16,118,0.16297727765503522
2023-04-15,11,62,0.709022776196092
2023-05-27,10,6,0.16709702385351966
2023-11-21,12,171,0.3273029056348953
2023-09-18,6,24,0.035308514291190196
2023-06-28,12,2,0.9531653774762779
2023-05-11,2,139,0.11297751518581
2023-09-11,12,47,0.6855486351671293
2023-06-18,11,64,0.6321747763790225
2023-08-27,9,110,0.6335295339368618
2023-09-03,25,118,0.37762623024985464
2023-06-07,10,6,0.5346217623870778
2023-12-31,13,69,0.9609588363425615
2023-05-25,16,42,0.9285340505606521
2023-04-20,20,130,0.9095926831888794
2023-09-01,17,70,0.6331767561933728
2023-12-23,24,43,0.24526583461191342
2023-08-04,16,89,0.8937548364038868
2023-12-29,17,25,0.48306487257634934
2023-04-30,18,21,0.08878379935451108
2023-03-21,18,117,0.5026661482076445
2023-05-08,19,116,0.8685705599763901
2023-05-23,9,93,0.592384192473018
2023-07-25,16,31,0.2730550555997011
2023-04-19,5,126,0.7542162488826568
2023-12-09,15,178,0.7615525595884081
2023-09-08,23,96,0.905000873200751
2023-01-06,11,73,0.9789384189179366
2023-03-16,14,199,0.7176517429719298
2023-06-01,10,75,0.3446546008212681
2023-06-16,18,15,0.29339371095217803
2023-05-24,14,147,0.3194297900985831
2023-12-05,10,194,0.5255080792229722
2023-04-11,24,113,0.5149436059283713
2023-10-22,15,76,0.8484034271065808
2023-03-10,20,80,0.23313942107424346
2023-10-11,4,56,0.7563327003588237
2023-07-26,3,161,0.9398024766395383
2023-08-31,3,137,0.09844336217850602
2023-06-24,8,92,0.07396528045658501
2023-06-16,19,176,0.8925555545170709
2023-07-03,21,45,0.20394285251986
2023-04-22,19,175,0.9964722810393531
2023-02-12,22,80,0.8518793730714163
2023-12-15,8,130,0.5640003058284535
2023-01-31,12,131,0.8193841196312109
2023-06-05,1,93,0.5150015453988684
2023-12-13,19,23,0.20656403343190421
2023-07-13,21,36,0.12793142143830738
2023-09-16,12,115,0.8573508707522421
2023-12-06,6,198,0.8336443442190207
2023-03-04,13,121,0.03307932348863318
2023-05-06,17,127,0.47177729737584606
2023-02-20,21,163,0.10126568918747214
2023-02-20,3,9,0.0621722815774407
2023-07-28,22,46,0.2827192553376737
2023-10-05,5,191,0.19075411061511116
2023-07-11,18,13,0.7271681309511652
2023-05-30,19,27,0.7154483454770593
2023-12-23,5,60,0.37163547071883096
2023-09-09,19,130,0.2431156544224805
2023-06-26,7,86,0.7347996700958818
2023-03-28,4,133,0.7403152823769353
2023-06-25,14,85,0.36868190285105507
2023-12-01,20,85,0.7513720550906412
2023-06-30,22,85,0.3985324234212806
2023-03-14,24,29,0.9115071281614486
2023-05-31,13,15,0.3775775587812872
2023-05-08,8,91,0.7752687621849684
2023-04-26,14,105,0.35899752355444914
2023-05-15,21,127,0.8281528188339973
2023-05-09,23,176,0.9311084219436793
2023-11-05,24,170,0.9622379482779645
2023-02-11,12,137,0.7027962383492804
2023-10-18,5,39,0.31436564175440573
2023-02-09,21,121,0.6115016130676266
2023-04-19,19,116,0.7578665091634691
2023-12-16,17,147,0.7901447688386142
2023-12-17,2,138,0.9808246496946575
2023-10-26,15,161,0.5168716880128175
2023-06-29,16,118,0.7988159311979298
2023-11-11,15,152,0.6268592970283585
2023-08-11,18,7,0.9255346849932681
2023-08-22,14,21,0.19034768048410622
2023-02-25,13,132,0.021810296190400535
2023-04-18,1,197,0.4461247493463061
2023-01-07,12,141,0.9593768749368208
2023-02-17,15,193,0.7530042387587775
2023-04-28,24,137,0.8242216436106296
2023-12-18,9,1,0.8964987361643273
2023-01-04,23,72,0.024059463227385613
2023-05-15,1,39,0.5883240386127404
2023-08-27,16,112,0.6804797449478525
2023-09-23,14,192,0.3202644148016137
2023-01-22,23,158,0.3461024019107928
2023-07-21,20,29,0.3522604889054848
2023-02-09,10,19,0.245178869513343
2023-10-21,17,57,0.7295284360962506
2023-03-10,6,121,0.4055915126978227
2023-09-14,24,58,0.9908787328289107
2023-11-14,1,167,0.639812498978159
2023-01-13,16,11,0.24138782519030877
2023-04-24,5,73,0.976411517152496
2023-10-08,10,143,0.7802373635353547
2023-02-03,23,200,0.143155620061572
2023-01-22,12,101,0.9495598893939591
2023-03-11,22,132,0.2637207857466899
2023-11-06,6,21,0.767952932508632
2023-09-27,15,57,0.9487974071339597
2023-01-24,21,180,0.2479693670233346
2023-09-14,1,115,0.6984290879391979
2023-02-19,19,84,0.4603145649182845
2023-01-29,14,71,0.9325638435531864
2023-12-15,15,147,0.8326567175870204
2023-08-10,19,144,0.6281581431473631
2023-02-25,21,183,0.04781585753782536
2023-05-21,16,134,0.534856187270639
2023-11-09,13,139,0.3920038723722006
2023-05-26,9,19,0.6658722371885314
2023-10-10,17,15,0.40230331208505676
2023-03-02,10,49,0.2238257445751174
2023-11-12,11,154,0.9881452000565903
2023-03-09,18,3,0.33210687456425625
2023-03-22,13,70,0.9542937528620759
2023-06-06,5,29,0.8075933999607547
2023-04-05,16,101,0.9299566293082745
2023-12-14,24,166,0.22225130767515544
2023-08-24,19,145,0.07070384000462515
2023-05-17,7,188,0.8653318398764412
2023-10-05,22,39,0.08976239341510384
2023-11-20,20,109,0.1140570408098478
2023-04-28,20,183,0.9999954051844127
2023-10-27,18,177,0.15875497562623497
2023-04-10,18,68,0.10319827989219732
2023-06-22,15,81,0.08718082434195562
2023-06-24,12,80,0.16990523894406595
2023-07-24,12,109,0.11229716802352452
2023-09-26,18,98,0.9277217596222069
2023-10-30,6,128,0.4812749450463363
2023-02-12,20,70,0.968224505370114
2023-08-12,20,102,0.4748402489622834
2023-05-16,15,194,0.18981716742599786
2023-07-21,4,110,0.2344942021103642
2023-03-27,18,146,0.4632996186562791
2023-09-16,22,197,0.0495165689575342
2023-09-23,19,113,0.6426334170370727
2023-09-07,8,70,0.5476205721226495
2023-04-09,13,139,0.08151134830651396
2023-09-03,13,195,0.8236693416455372
2023-09-14,5,125,0.9878833669001278
2023-03-15,19,88,0.6203272505778072
2023-07-01,7,4,0.154527627884104
2023-08-19,3,13,0.4347936396374321
2023-07-30,25,137,0.8544102018420625
2023-10-25,21,98,0.9574758007683375
2023-09-07,3,91,0.2278025844879401
2023-10-12,17,70,0.5511842541477058
2023-10-03,17,128,0.7581977838969555
2023-11-13,11,58,0.44543792214759914
2023-03-25,18,99,0.823099153955132
2023-12-13,24,149,0.06737995248279327
2023-08-15,17,74,0.4671196624460554
2023-09-01,11,197,0.9311095073248371
2023-06-18,24,53,0.18611210118308685
2023-08-25,4,156,0.13103162021460002
2023-02-18,12,168,0.583995476899371
2023-01-11,19,110,0.3033213370270491
2023-01-15,12,98,0.06293971709309665
2023-07-06,25,46,0.10483637440548765
2023-10-29,8,39,0.6109829124747749
2023-01-25,2,113,0.7068429833383911
2023-05-18,7,10,0.4471086144237174
2023-04-30,22,58,0.42634491534344143
2023-08-06,12,176,0.6181105394779923
2023-08-03,23,167,0.6343273006895592
2023-04-09,14,39,0.3668778352648241
2023-12-08,23,148,0.0774513199730048
2023-10-28,2,191,0.011304309883843455
2023-03-31,11,101,0.9529618472212914
2023-05-11,16,132,0.7707479515104487
2023-10-22,1,102,0.9329244371824984
2023-11-14,1,92,0.11796892158145522
2023-02-05,11,17,0.576934604228908
2023-10-02,25,93,0.6592478041345267
2023-02-08,22,97,0.4008852761483318
2023-06-01,17,6,0.32322022430993036
2023-07-08,12,30,0.28821112166720464
2023-07-31,25,11,0.044150081102409144
2023-01-17,24,46,0.07939454694324133
2023-06-14,4,155,0.8534814845158992
2023-05-30,1,138,0.7397534807160233
2023-04-09,17,51,0.7427807525369602
2023-10-10,16,32,0.7442366473734625
2023-07-29,9,197,0.801601300205459
2023-05-16,3,52,0.8957604277721973
2023-08-13,1,184,0.1408586811805106
2023-01-09,20,56,0.3244661696854807
2023-04-28,2,176,0.4164557113343822
2023-08-06,4,162,0.510718709568652
2023-10-19,16,20,0.5882413771121512
2023-07-29,19,35,0.04406143250137673
2023-12-05,14,79,0.6110814896252745
2023-11-02,17,28,0.8367593640249122
2023-05-17,2,33,0.18421599316344583
2023-08-13,6,40,0.0681293494445413
2023-07-31,5,128,0.36422661803840684
2023-05-03,17,181,0.4579142243058003
2023-06-03,10,120,0.286642551073815
2023-04-27,16,184,0.6556678095866365
2023-01-02,9,15,0.2513185609422176
2023-06-29,21,110,0.4140965629021792
2023-04-10,4,23,0.11853727035728123
2023-07-14,9,74,0.9269050698812795
2023-07-02,20,99,0.6313080570382463
2023-01-29,2,200,0.04503726229026439
2023-06-01,25,148,0.897262699706391
2023-12-23,2,42,0.4496383014318096
2023-04-03,3,108,0.3829697301595123
2023-03-21,11,66,0.7402182960992665
2023-04-19,5,114,0.5208810493902695
2023-01-08,6,90,0.6359306863894559
2023-11-21,11,15,0.5316518323235552
2023-10-06,17,103,0.13416120101029994
2023-06-18,23,145,0.3018603208917513
2023-03-21,5,46,0.8461624583000966
2023-06-07,8,41,0.6088214186620796
2023-03-26,9,40,0.3397660403312309
2023-08-29,20,8,0.14299931173990688
2023-06-29,3,177,0.2822091396596168
2023-06-07,8,122,0.7607321668973248
2023-09-27,20,171,0.7075628722135243
2023-05-29,25,146,0.8348997903680739
2023-06-13,17,73,0.9088660348042575
2023-01-06,7,15,0.8510446368937339
2023-05-12,17,12,0.9993995407742609
2023-05-22,17,196,0.16942086586747107
2023-05-08,3,75,0.4665172996045365
2023-10-15,18,168,0.07055329863165316
2023-05-11,21,16,0.17452058048335917
2023-11-15,14,179,0.5930065967939002
2023-11-17,18,31,0.3409044859876572
2023-05-02,19,187,0.2803000562766126
2023-02-09,17,121,0.2504094830918323
2023-05-26,17,20,0.7838273587241706
2023-08-01,20,120,0.6129244949336717
2023-08-28,18,137,0.24744611480333456
2023-10-24,18,191,0.1195761511618253
2023-03-04,20,75,0.6979208437590375
2023-04-14,2,122,0.37267854260161404
2023-02-15,8,127,0.6564908407547155
2023-12-18,17,58,0.7017465923617761
2023-12-05,5,146,0.8759246297895926
2023-07-30,3,7,0.5608742846825527
2023-03-18,21,117,0.11415428836176467
2023-04-04,6,60,0.5115416840394563
2023-03-13,19,169,0.39866258614647776
2023-02-12,17,73,0.5180239870277655
2023-07-20,15,158,0.18533857112500318
2023-05-10,4,185,0.35315431724297364
2023-05-09,19,160,0.11371200102553247
2023-11-23,20,126,0.19884127237458094
2023-08-01,25,98,0.35568054247721614
2023-03-01,16,153,0.9317542362581991
2023-01-02,15,4,0.8447853805565588
2023-02-08,25,24,0.28977946156287293
2023-01-17,1,18,0.29371374958779495
2023-07-22,22,56,0.1261345745542205
2023-09-21,14,146,0.4373455275068229
2023-08-18,24,134,0.3088793826028594
2023-12-01,16,114,0.8915849068326663
2023-05-26,10,5,0.410801476861553
2023-05-19,25,78,0.38297520224569603
2023-03-08,11,165,0.22872045120790674
2023-02-27,5,63,0.14127511089194833
2023-01-19,3,66,0.06013255210445556
2023-08-09,5,183,0.8348154933947868
2023-10-02,17,67,0.39139631999175806
2023-05-21,23,63,0.0533232658407794
2023-07-27,16,3,0.34635345636503834
2023-12-31,21,36,0.6497733110665023
2023-07-10,13,52,0.45827968874118097
2023-10-03,1,143,0.17029593798229103
2023-07-15,20,156,0.1529427339092081
2023-06-06,14,57,0.3203923659271497
2023-04-20,7,6,0.4224159276366035
2023-06-17,11,140,0.08612569919444313
2023-02-28,7,167,0.35003782761209223
2023-11-27,16,150,0.8995623054736018
2023-11-14,18,188,0.29270788397845227
2023-04-19,16,122,0.6424668844871894
2023-07-09,23,106,0.9659676828756015
2023-06-05,9,175,0.6941858025132089
2023-11-09,7,62,0.9529302323105786
2023-04-13,14,88,0.023094828429106595
2023-07-27,24,112,0.17724083885981523
2023-06-14,8,35,0.16095637273420527
2023-02-26,25,52,0.26351719523632045
2023-06-05,16,104,0.008354955037421008
2023-05-11,12,56,0.7417127369700933
2023-11-02,8,71,0.32344903059519003
2023-03-23,14,167,0.25495109999345644
2023-05-15,12,174,0.8407628998811768
2023-08-05,7,35,0.9305008404356799
2023-09-14,14,112,0.9055827117170027
2023-08-12,7,98,0.9832415141535229
2023-09-24,8,40,0.9719887791142915
2023-01-09,21,161,0.4719378533291607
2023-03-30,9,34,0.24956736303240046
2023-05-01,25,89,0.18616275673217209
2023-07-16,17,129,0.8412027224572174
2023-06-07,4,183,0.1410900120649371
2023-08-11,4,16,0.9469479106597875
2023-01-29,16,46,0.46387090262360287
2023-03-12,3,182,0.853708340342676
2023-07-01,2,151,0.38432403325038467
2023-12-18,17,49,0.42233966608873663
2023-08-13,17,65,0.7416790640588096
2023-05-26,15,42,0.32057713581916725
2023-03-04,25,47,0.15378308081542824
2023-03-03,20,64,0.20757794641328087
2023-01-09,8,33,0.6916341360499313
2023-08-01,3,111,0.8256573096197226
2023-11-21,11,36,0.028438288010067314
2023-09-24,12,52,0.10483161203734581
2023-07-13,23,110,0.8047707331591045
2023-11-19,6,91,0.7271499716314471
2023-07-10,5,19,0.03572904792339726
2023-02-03,5,27,0.5813547708334302
2023-03-12,7,70,0.6123176706501837
2023-04-27,16,30,0.7104440243223052
2023-07-13,4,199,0.6182463037019501
2023-04-10,15,182,0.39750618981618013
2023-11-18,14,128,0.7888546328848584
2023-07-22,13,67,0.8101489596175845
2023-08-19,13,199,0.9443184865506112
2023-05-29,1,46,0.47402300832398725
2023-06-14,5,1,0.37386390676528924
2023-10-23,15,196,0.0380007248599189
2023-12-15,15,117,0.13323627528096216
2023-12-10,25,120,0.2322908095480527
2023-02-23,8,195,0.437489269654308
2023-04-04,16,28,0.19799780535236544
2023-03-02,17,82,0.5134065871144927
2023-03-01,3,138,0.2020213989315517
2023-09-16,12,195,0.3929473070862006
2023-04-27,18,180,0.3700342823994257
2023-06-14,18,37,0.7268023149941256
2023-08-01,12,92,0.6445964407850637
2023-03-04,18,100,0.6621947019288191
2023-04-02,2,118,0.5592622963372484
2023-06-13,1,160,0.1418444185718294
2023-04-25,22,105,0.9743129514890807
2023-12-23,16,157,0.27432479901400175
2023-04-18,11,22,0.9027734350452914
2023-08-23,12,172,0.21323951043780787
2023-07-26,24,98,0.9599227523795048
2023-07-02,24,32,0.6302278150626821
2023-08-07,22,30,0.7124441260594672
2023-12-14,22,154,0.5092674318350562
2023-03-18,25,41,0.1889383270646282
2023-04-30,10,184,0.04092185090988387
2023-07-05,12,169,0.8790477657428313
2023-04-08,21,114,0.2787686342704797
2023-09-01,1,187,0.7846596722434845
2023-06-06,9,78,0.7401809672774968
2023-02-13,25,55,0.9385219879145507
2023-02-17,8,52,0.10617985767271065
2023-04-19,2,82,0.23051225948247234
2023-08-13,17,127,0.14925867159466788
2023-10-17,14,155,0.9512967876586514
2023-09-15,4,168,0.8439814684391829
2023-06-04,14,51,0.15856883559503987
2023-12-17,12,71,0.6089225328354967
2023-06-26,3,136,0.9078151623468981
2023-10-29,2,187,0.8052287041866866
2023-05-02,12,81,0.4396471001557306
2023-04-27,18,195,0.9832307287588957
2023-06-03,10,139,0.43932261062606504
2023-07-25,21,195,0.6308514414519848
2023-06-08,23,53,0.09512411242775798
2023-01-27,21,152,0.060253437741075166
2023-11-24,11,13,0.7159272707868692
2023-02-05,10,55,0.7827847963674992
2023-02-27,10,110,0.25179853692291165
2023-10-11,25,81,0.5323878215433897
2023-05-07,20,78,0.10662590824944207
2023-07-23,1,117,0.13759190752292716
2023-06-14,25,57,0.8259358502466227
2023-06-09,19,110,0.6790984083724648
2023-03-25,9,110,0.09418528320605768
2023-12-14,7,84,0.11600536461089161
2023-06-26,5,189,0.9523557078663134
2023-08-25,13,45,0.9478869569837937
2023-04-28,14,5,0.658222295317492
2023-01-11,3,140,0.9437855443243162
2023-02-18,10,109,0.5590737266871275
2023-08-05,15,141,0.8684567856244247
2023-10-17,13,184,0.4752924673828951
2023-04-29,7,198,0.5257516272880869
2023-12-29,23,5,0.043029116601126405
2023-11-25,23,107,0.26921398033406185
2023-06-09,21,179,0.3878380782783676
2023-01-08,1,144,0.029992935212419303
2023-04-10,8,40,0.0071300060268933985
2023-08-24,19,39,0.9459559283930263
2023-07-27,23,27,0.26207121861125593
2023-12-22,7,50,0.541636165075538
2023-12-04,10,139,0.3823575958427786
2023-02-04,5,44,0.21218748464579107
2023-08-26,24,115,0.999850792704487
2023-01-24,20,48,0.9339125009531499
2023-02-06,17,175,0.12667995537384302
2023-05-27,21,120,0.050534777210094584
2023-11-10,25,58,0.9291376139968333
2023-05-20,15,105,0.7270467995421833
2023-08-14,4,25,0.46878370782181034
2023-08-20,9,111,0.24314048845306135
2023-02-11,22,87,0.0088589368532348
2023-01-11,25,159,0.38257886138930175
2023-02-19,13,107,0.9178788051098439
2023-07-15,7,39,0.7304777940508004
2023-01-29,18,132,0.9274078310653802
2023-04-27,9,161,0.8123446905680226
2023-12-23,3,23,0.20924354572697157
2023-03-30,3,164,0.4856156861565353
2023-09-14,21,161,0.011970929659956497
2023-08-11,24,133,0.7348303808104433
2023-08-14,15,27,0.8573152883903578
2023-10-30,10,5,0.9302534998011661
2023-10-12,25,188,0.2879003255729059
2023-05-19,10,172,0.3853080244335949
2023-10-11,19,137,0.9684666614251907
2023-08-30,6,164,0.4282240225977272
2023-07-04,8,70,0.03151846150638715
2023-01-09,16,121,0.13669668581240924
2023-08-07,7,101,0.9582307741013816
2023-05-06,10,51,0.9590097833505796
2023-01-25,23,144,0.4252439020754164
2023-02-15,2,56,0.08528347948675341
2023-06-11,22,151,0.8479099535599507
2023-11-17,2,56,0.11565531740496948
2023-03-02,20,34,0.791805927729724
2023-04-29,22,53,0.013762730945711565
2023-01-22,13,110,0.39788285395405965
2023-07-24,18,200,0.9902175635264883
2023-03-03,22,105,0.059657517471692345
2023-10-08,17,124,0.014763357706168101
2023-10-24,22,121,0.33939527241942136
2023-04-12,18,82,0.8231978995601865
2023-04-14,4,132,0.977199938912422
2023-07-22,25,97,0.4717936709605879
2023-11-08,2,65,0.2900383337999124
2023-12-17,1,180,0.10034981917523489
2023-02-05,24,143,0.3479571939864583
2023-08-15,17,95,0.22799645979417815
2023-08-24,19,99,0.3303983760016198
2023-07-12,6,173,0.3144059961626202
2023-08-12,22,84,0.5281199994862907
2023-10-13,6,162,0.33960620005146447
2023-10-16,19,94,0.9875315916647531
2023-08-23,25,161,0.34718992619230915
2023-04-12,12,186,0.0023464386000475734
2023-09-14,12,31,0.6544855725452825
2023-05-20,19,147,0.7339205542748579
2023-01-22,3,59,0.47388883072779675
2023-07-21,2,51,0.059243523332028425
2023-06-06,15,47,0.3530732751537232
2023-02-09,9,143,0.7496572575935156
2023-04-28,15,21,0.3648013415121013
2023-04-02,5,119,0.18689990042780602
2023-08-11,11,193,0.39432555998757424
2023-04-30,1,67,0.9901919153343766
2023-05-12,15,20,0.9984955364106899
2023-04-02,24,51,0.9030731801231393
2023-08-20,20,61,0.04908261388032509
2023-09-12,12,23,0.04096297873691446
2023-04-28,8,98,0.9453809438311382
2023-01-18,23,7,0.18462666790193216
2023-06-06,9,43,0.9200879618062848
2023-12-21,10,197,0.5545336444573646
2023-06-11,4,72,0.12073162661433079
2023-11-04,20,97,0.3820200551849563
2023-05-17,22,7,0.28456689625027853
2023-07-18,23,19,0.3250171377029727
2023-07-25,17,188,0.9834013097251483
2023-10-10,23,140,0.6726905325742841
2023-05-28,22,29,0.9853315177031329
2023-04-17,10,164,0.9396066008254125
2023-03-20,22,135,0.30606496688675444
2023-05-18,19,137,0.19605624713627368
2023-03-15,21,97,0.029614668088350005
2023-08-14,18,60,0.7998746638652349
2023-02-02,12,99,0.9014810764609734
2023-03-02,20,37,0.4927004202396308
2023-07-10,23,64,0.8805371056389734
2023-12-10,5,53,0.5848044171264342
2023-12-02,17,79,0.9737077321803784
2023-06-03,12,142,0.49482300136701196
2023-01-17,17,127,0.3863009075746676
2023-10-31,22,190,0.3468581547713878
2023-04-23,3,196,0.9850442764598168
2023-08-02,24,147,0.5181634399050828
2023-09-17,18,54,0.9468137675729701
2023-06-16,15,80,0.1152394000501995
2023-02-26,14,24,0.8772941642931485
2023-06-20,21,122,0.8583714314725341
2023-06-27,2,187,0.1564562386460484
2023-02-10,9,2,0.5555741271224833
2023-12-03,21,195,0.1305819401193633
2023-12-16,13,84,0.5572428582371258
2023-11-28,16,112,0.3283360990111729
2023-02-10,3,65,0.14032371113552589
2023-07-23,14,97,0.043822850380078604
2023-12-26,9,21,0.334152027414063
2023-08-27,1,94,0.48481729677517904
2023-11-25,4,171,0.37176871739379747
2023-12-02,25,169,0.2865727633928923
2023-11-26,9,121,0.06761307312080544
2023-01-04,1,11,0.3635817069749703
2023-10-19,19,28,0.8366923919253578
2023-10-31,24,140,0.8605348098418126
2023-01-19,2,36,0.012779882627843131
2023-07-25,15,49,0.03003453350422347
2023-01-12,4,71,0.1644232306851302
2023-05-21,17,166,0.11493168665799003
2023-09-20,13,27,0.9660867347007135
2023-05-01,22,187,0.9856549576528374
2023-03-24,18,57,0.2483802670334595
2023-06-12,16,134,0.17999281337214057
2023-10-16,9,124,0.09013499482463061
2023-07-12,14,71,0.7655197189610011
2023-02-23,13,152,0.6518451208466622
2023-02-05,4,155,0.764068471136927
2023-01-05,10,74,0.024542982663520174
2023-03-23,13,168,0.016074756090138753
2023-06-12,19,102,0.5544507699788602
2023-07-22,22,49,0.4616827553538937
2023-12-22,1,82,0.8767162698273602
2023-06-25,14,14,0.5959208829650791
2023-01-07,3,131,0.2762893381164919
2023-07-14,4,32,0.5800902915135699
2023-11-17,6,121,0.7089076720822739
2023-10-03,13,50,0.8190258249605561
2023-02-14,3,169,0.42861003964394406
2023-08-24,24,34,0.2690106721975174
2023-05-10,23,34,0.723867610217356
2023-09-09,20,132,0.8238668007985379
2023-07-05,16,178,0.05315504634840018
2023-10-17,13,9,0.8048483879461075
2023-11-19,3,42,0.0014180071263174554
2023-11-10,7,4,0.15226236786767722
2023-02-15,16,161,0.10534370552018701
2023-05-27,4,8,0.6456424689625966
2023-02-27,12,155,0.9391731737200122
2023-01-02,16,32,0.5949369176429105
2023-12-31,24,114,0.12366652745470863
2023-09-23,3,24,0.6797565484408213
2023-12-11,1,8,0.6505628275567902
2023-09-21,22,155,0.3311212340036178
2023-08-21,19,100,0.33488082044449097
2023-08-19,15,185,0.16277810768784284
2023-08-24,24,39,0.2805631650607956
2023-03-27,22,175,0.9012891719964293
2023-05-25,17,180,0.3649603962983119
2023-05-26,4,125,0.06265914264557915
2023-08-23,7,31,0.37193910865246105
2023-04-28,7,12,0.8327127137922153
2023-12-09,21,173,0.9885189930215657
2023-09-14,3,114,0.457350037149603
2023-11-18,4,53,0.8921573266317138
2023-08-11,24,102,0.26375219746156076
2023-02-12,20,170,0.8539375511708187
2023-10-01,25,147,0.12022546490657571
2023-11-03,8,33,0.910920943818185
2023-02-27,25,93,0.8189928437112762
2023-11-20,22,141,0.2447480457407183
2023-03-29,12,6,0.14694903092104727
2023-05-01,25,104,0.23119673648753825
2023-03-12,19,69,0.3612691574828709
2023-02-07,2,20,0.5615702460191953
2023-12-02,7,20,0.12189364304155226
2023-03-16,24,69,0.7862390386836887
2023-07-09,10,22,0.09686956326056773
2023-12-02,3,102,0.18046483198987462
2023-09-28,15,131,0.26740614643635663
2023-03-08,15,64,0.05341289677365668
2023-07-08,19,169,0.5134156293134758
2023-07-04,18,151,0.1801223844744697
2023-04-08,25,124,0.45869562124894614
2023-06-08,23,43,0.34106924788807325
2023-02-04,6,190,0.25130094921591695
2023-03-30,2,168,0.8836913121798229
2023-08-25,22,120,0.5719531268487067
2023-06-01,12,74,0.6243691857331303
2023-07-31,21,193,0.8972423827242522
2023-08-09,7,175,0.16141636990550112
2023-10-20,3,12,0.8728122082846239
2023-11-10,15,107,0.5637132087225741
2023-06-19,21,187,0.465422504773913
2023-04-24,7,31,0.884211533449095
2023-04-06,5,175,0.42679876358290303
2023-11-11,17,131,0.30786405260473215
2023-11-08,21,138,0.40429968758429136
2023-01-22,13,11,0.5012000184604779
2023-10-27,14,15,0.7707929281960968
2023-01-26,21,109,0.20021027492197963
2023-02-08,21,88,0.41682199215753946
2023-01-07,3,118,0.24137791999001046
2023-05-28,17,69,0.36121149265447083
2023-04-14,1,180,0.24735983705283016
2023-10-05,14,70,0.7559383987986168
2023-01-02,19,179,0.6476141014047763
2023-08-25,5,36,0.6320346867006629
2023-12-12,12,36,0.5469022602894054
2023-01-29,22,115,0.21004093542046087
2023-04-10,8,72,0.47602805297172424
2023-07-12,25,190,0.44346048776422053
2023-11-07,3,122,0.06937175243676275
2023-10-12,14,157,0.1961575088551203
2023-02-04,25,77,0.5288784321970517
2023-03-13,20,150,0.7593226096538193
2023-11-18,15,156,0.25843674860833876
2023-06-19,1,187,0.9120520167346718
2023-04-05,3,36,0.39636881119994805
2023-09-28,8,39,0.7516861855960411
2023-07-31,1,25,0.6324629462161364
2023-07-17,22,146,0.03330806718123569
2023-05-11,18,19,0.9978942321514939
2023-03-29,7,174,0.7078289412445181
2023-05-30,15,109,0.8012496447961649
2023-06-11,20,133,0.7667458520574574
2023-01-11,9,4,0.3367925551408839
2023-06-03,18,25,0.41838449092599606
2023-02-03,20,67,0.459489567733936
2023-08-18,1,67,0.25732473959707436
2023-09-22,15,177,0.06416914953436692
2023-05-05,13,76,0.6356121978998466
2023-02-04,9,83,0.36428174506460764
2023-02-14,6,40,0.11436300827895651
2023-10-22,8,44,0.6855447635364758
2023-04-21,13,48,0.8908917994813815
2023-11-29,8,30,0.881599389590567
2023-04-15,14,16,0.6684605470806319
2023-01-05,17,84,0.5531869754539455
2023-07-10,24,20,0.08563953804637214
2023-05-11,11,181,0.7961099069939495
2023-01-31,20,61,0.521170738460529
2023-04-13,23,69,0.6424228965827711
2023-12-08,10,158,0.5730909941232472
2023-04-09,24,26,0.6808631785481302
2023-04-26,25,14,0.043443495733253235
2023-03-31,3,20,0.23054632485511972
2023-03-01,14,105,0.47901607256305745
2023-05-30,9,200,0.7139661345497585
2023-12-26,10,72,0.24252630709147138
2023-02-07,22,179,0.7291601749632559
2023-03-24,4,92,0.877562939440735
2023-04-10,3,102,0.1086678478256341
2023-01-24,19,115,0.976804769201466
2023-02-28,8,75,0.9928077164507338
2023-10-27,8,160,0.5296143657054797
2023-03-21,21,48,0.4550157767383729
2023-01-24,9,45,0.8146262134294412
2023-07-01,8,6,0.5926440995400771
2023-03-18,21,171,0.6753432456008052
2023-11-30,18,129,0.6640159540365448
2023-10-13,9,142,0.6804857041039218
2023-02-05,1,129,0.11602510776943031
2023-04-05,6,68,0.09547698483726952
2023-11-01,20,110,0.833688318866774
2023-12-04,22,5,0.8079835800293816
2023-06-06,5,31,0.900179865413943
2023-12-27,9,32,0.4519188214168468
2023-10-09,19,140,0.4585973214713531
2023-06-26,9,28,0.34697653147490715
2023-05-27,1,55,0.1988398104128989
2023-06-01,1,50,0.5420902736635059
2023-01-24,12,127,0.1778678983029024
2023-12-21,24,131,0.707191578638052
2023-03-20,12,41,0.7256307900491931
2023-10-05,21,147,0.8880067406221285
2023-04-06,23,139,0.8088064711710328
2023-04-03,23,55,0.47363699122546943
2023-05-31,25,161,0.326702764284427
2023-09-01,12,197,0.2749530063678882
2023-01-30,23,29,0.2885422732435101
2023-11-30,18,20,0.047539391176916634
2023-10-16,8,61,0.3865399456557137
2023-07-15,10,115,0.9296486769247221
2023-10-17,10,139,0.8958882528840177
2023-04-13,14,55,0.8636325814129735
2023-01-10,11,137,0.9187196307009252
2023-01-06,9,198,0.6454532054864514
2023-04-10,13,151,0.26302175463562116
2023-12-06,1,58,0.5974315283895241
