date,store_id,product_id,value
2023-09-29,5,197,0.49484886592980815
2023-02-04,6,149,0.4887346248380321
2023-06-05,8,189,0.9886592107438974
2023-11-24,8,65,0.10529140667930481
2023-05-11,13,146,0.6260440215146991
2023-03-15,11,4,0.729880579013155
2023-04-22,23,89,0.12928927754117814
2023-05-24,3,10,0.2915364903810048
2023-10-16,8,86,0.757802594001489
2023-08-25,19,101,0.0761521303607754
2023-09-25,20,1,0.46444060473666837
2023-04-06,5,101,0.1849475386449545
2023-02-09,25,55,0.3030790761332265
2023-06-03,9,56,0.024994159636423707
2023-06-20,23,181,0.16694835500813476
2023-07-23,13,39,0.10669516411199897
2023-07-14,16,169,0.9184737963677452
2023-05-18,17,134,0.46847450519297384
2023-05-06,14,99,0.8785443332995471
2023-11-24,16,129,0.9070216222300174
2023-03-21,24,144,0.46410555121657004
2023-08-16,15,39,0.9965633295808399
2023-09-08,24,169,0.9129077273708303
2023-11-15,18,103,0.2245221489196424
2023-08-17,5,73,0.21559573048457226
2023-01-27,3,56,0.7949216623442792
2023-07-28,24,51,0.5006087718014021
2023-12-25,20,60,0.8790907726686201
2023-08-17,14,116,0.927413548892282
2023-12-19,12,131,0.1567684316640452
2023-12-22,3,119,0.7301470074217277
2023-12-12,15,177,0.9764995660745068
2023-05-24,4,31,0.7388883803702793
2023-02-15,23,197,0.11723959775528514
2023-05-31,1,20,0.8669747852837488
2023-04-15,14,161,0.4767953151651638
2023-05-01,19,84,0.08816919899172337
2023-12-04,16,28,0.29323816740584685
2023-07-31,22,33,0.003693004529990218
2023-07-19,1,44,0.5569399456169879
2023-04-14,3,78,0.34172110245248943
2023-07-10,16,130,0.811946653863499
2023-08-13,22,57,0.10379672809362628
2023-06-25,4,46,0.5230689142804664
2023-04-07,11,102,0.116886682989636
2023-01-25,20,152,0.13780750602900038
2023-09-10,4,134,0.9301922809579743
2023-06-08,8,126,0.3766133961347389
2023-10-29,18,144,0.671708175335648
2023-10-09,14,78,0.9582336252817824
2023-04-26,6,106,0.6307300871502578
2023-02-07,16,49,0.463182669730009
2023-06-16,22,62,0.8729912728888326
2023-01-11,16,200,0.264963163432421
2023-03-16,8,178,0.6624806387632073
2023-06-05,4,163,0.0841413937356531
2023-12-01,13,142,0.8271818775488758
2023-02-12,16,13,0.31851276476265755
2023-02-06,14,8,0.5885256840655464
2023-03-24,3,20,0.8570512246619372
2023-12-30,20,50,0.885972768298708
2023-08-02,23,182,0.6705138632285914
2023-05-09,6,52,0.4962376725255162
2023-03-25,19,117,0.07996450009591738
2023-02-16,6,10,0.7744149973443092
2023-07-07,11,136,0.17487625499603143
2023-05-28,5,191,0.8032971324319763
2023-02-08,4,124,0.6860900963833519
2023-10-31,15,37,0.4646319143913499
2023-10-14,2,169,0.1083688789474252
2023-06-28,8,72,0.3323971935333325
2023-03-20,25,106,0.29243832720321317
2023-09-25,3,101,0.9560528536730266
2023-03-30,9,66,0.9474610045236627
2023-12-11,1,134,0.10099359946733977
2023-03-02,5,97,0.7574715713500332
2023-02-05,13,121,0.35781863384731616
2023-02-20,6,44,0.904347440860621
2023-01-01,10,94,0.15869683592953499
2023-12-17,20,138,0.990003211933209
2023-11-05,3,59,0.9567995797981177
2023-01-28,23,151,0.5030774318223205
2023-12-05,25,63,0.34036058730002106
2023-12-29,8,25,0.8212083822746262
2023-05-01,7,40,0.7526908355627757
2023-09-18,15,146,0.3139533340958306
2023-05-01,11,17,0.5981910884731116
2023-11-30,18,200,0.5088159718867394
2023-11-13,22,131,0.3385574799776374
2023-08-09,19,82,0.8814717707055052
2023-05-06,23,38,0.792516263946479
2023-02-01,14,83,0.8940062714382937
2023-06-05,20,150,0.05664506632331434
2023-02-16,5,68,0.648839327794837
2023-08-21,6,128,0.13950894297647276
2023-07-12,9,147,0.41325836077135336
2023-01-24,6,71,0.758995544090724
2023-08-01,18,6,0.4796982544576427
2023-01-13,7,83,0.7192433100732444
2023-04-07,18,51,0.5944208486152747
2023-06-10,22,35,0.3106209258825051
2023-05-13,13,98,0.4818055932830949
2023-11-13,17,182,0.17700630194081668
2023-12-23,18,181,0.6191204313684554
2023-08-01,17,85,0.8478494477961555
2023-12-25,2,196,0.08235812481880067
2023-07-24,12,157,0.35820792936407575
2023-08-07,13,17,0.15352875799411425
2023-06-05,24,143,0.6383210147282303
2023-12-29,1,123,0.46908781438453917
2023-10-28,14,176,0.3923153742238168
2023-11-09,22,61,0.5280694008547563
2023-04-15,1,1,0.7930784420027355
2023-01-18,1,58,0.5364772278601518
2023-02-08,16,69,0.27814657077972527
2023-10-03,15,142,0.18744540778420593
2023-03-27,8,80,0.5700519946333533
2023-09-09,5,159,0.9980707536758765
2023-02-07,17,16,0.6698946063733482
2023-05-11,22,9,0.29263540806174226
2023-06-25,20,171,0.09206683750693334
2023-10-23,19,100,0.7985049786479134
2023-08-30,13,130,0.1267342817887478
2023-11-04,19,84,0.4044178988997972
2023-05-10,14,93,0.7201266207491883
2023-06-09,9,135,0.11405915972914982
2023-10-06,19,113,0.36563957903994615
2023-04-24,9,32,0.7359928295966688
2023-06-14,20,184,0.8901743188951978
2023-08-27,12,50,0.12516706876490347
2023-02-06,13,51,0.8228910112627819
2023-04-14,16,11,0.0015828158029594919
2023-08-01,15,94,0.9044204959501084
2023-07-24,12,30,0.2713901701175149
2023-06-01,1,84,0.6862650795315671
2023-07-24,15,124,0.5501501369068937
2023-06-26,11,27,0.5210284472111998
2023-05-21,13,177,0.494637941681241
2023-06-21,2,169,0.5104859338857388
2023-06-12,2,33,0.9890396490438998
2023-05-11,22,38,0.026330133717617055
2023-01-09,1,97,0.8647551327136556
2023-12-09,16,152,0.34434145149741957
2023-03-22,5,117,0.8046231589173135
2023-02-15,13,81,0.8662879444529719
2023-06-12,16,39,0.8988219785374952
2023-04-05,20,23,0.7442842410084601
2023-08-17,17,72,0.012242155309155844
2023-07-20,7,14,0.7928616584055206
2023-10-09,4,5,0.7531863292738389
2023-11-28,7,153,0.34456283491291373
2023-11-02,18,112,0.0920359735470514
2023-06-25,25,13,0.39168789118642555
2023-04-29,10,103,0.054198464658002043
2023-10-16,21,100,0.6855472612455944
2023-09-23,1,125,0.9777066435605603
2023-01-08,1,136,0.21945529270313324
2023-04-24,8,108,0.924294980441774
2023-10-18,20,100,0.058475918387576376
2023-03-17,7,156,0.9019035170153148
2023-12-31,18,11,0.5252661333381112
2023-09-20,2,184,0.06216143820770448
2023-12-18,20,191,0.30291513630044253
2023-11-25,6,81,0.6946203274563927
2023-10-26,21,3,0.6970146641563723
2023-09-11,2,32,0.1924717393946307
2023-11-06,14,178,0.7679260033947152
2023-11-07,22,111,0.9922472022493508
2023-08-06,9,133,0.09930483955531877
2023-05-23,16,158,0.2566688331603476
2023-03-10,6,98,0.9182074920404747
2023-09-12,1,121,0.9782148742066262
2023-12-09,17,169,0.24699743799611829
2023-10-21,16,146,0.46209007093941146
2023-01-03,16,149,0.2966364010285464
2023-01-28,18,28,0.29567648462402973
2023-09-17,14,83,0.0017139496010860622
2023-12-02,9,166,0.9445244737309527
2023-06-06,1,198,0.6647855557065868
2023-10-23,10,160,0.9821205041119425
2023-10-18,20,39,0.2163035017038104
2023-10-25,19,143,0.8820711449608933
2023-01-09,11,127,0.5023504748265292
2023-06-13,12,58,0.22193072999087127
2023-04-01,4,12,0.3818197958596552
2023-09-22,5,2,0.8621140482894966
2023-04-05,25,126,0.1324779912617866
2023-01-18,19,78,0.981059775180686
2023-06-22,14,154,0.3305944659671324
2023-06-28,11,49,0.48208968063167235
2023-01-23,17,29,0.2897905655090284
2023-04-04,1,88,0.4341678749359539
2023-10-26,19,119,0.18731692843676873
2023-02-22,9,88,0.2974142711520297
2023-11-30,14,186,0.418668814457533
2023-04-17,14,186,0.8465810203799997
2023-06-18,5,24,0.4960014354939384
2023-10-11,25,148,0.9048589307536266
2023-05-31,6,7,0.9136621123635157
2023-09-28,25,75,0.9109799191159683
2023-05-02,17,62,0.06831008299968255
2023-07-06,17,190,0.35084326017710843
2023-02-21,22,34,0.14674156823329143
2023-10-29,8,90,0.7476360154916195
2023-08-15,25,105,0.5382903584104515
2023-05-25,1,70,0.8752174065677
2023-09-20,24,122,0.24948815633215116
2023-09-03,5,127,0.2653464073761379
2023-02-22,18,177,0.7116661309226392
2023-08-15,10,20,0.26153556509066367
2023-05-26,3,61,0.9183670255218928
2023-08-15,19,6,0.5762317950130794
2023-05-14,4,33,0.7106869963238873
2023-03-15,14,133,0.690586753448294
2023-08-19,10,81,0.7935254672768794
2023-07-19,23,48,0.040607641341421474
2023-11-27,20,163,0.40013657524948487
2023-09-08,17,166,0.07084346962802812
2023-11-03,19,24,0.3837675909035335
2023-05-02,23,157,0.35289860687672825
2023-03-04,21,156,0.08479287590927365
2023-08-30,3,148,0.5361726951080331
2023-08-27,11,23,0.2744238539014603
2023-06-11,10,151,0.15629110211823916
2023-01-07,14,192,0.9467227032452384
2023-05-02,6,40,0.21342394523730446
2023-02-14,8,106,0.6204886819928858
2023-03-02,1,165,0.7045780095773504
2023-01-27,7,45,0.8107331156369636
2023-08-03,17,69,0.18637487905464367
2023-04-26,7,165,0.09587209025526156
2023-11-06,25,84,0.966916471630076
2023-05-25,2,74,0.8326497721982434
2023-03-12,12,115,0.8331777436353975
2023-03-21,18,197,0.08891519939092052
2023-06-28,22,198,0.020799982327216915
2023-11-25,22,171,0.2387189226196842
2023-11-18,12,195,0.31301460292815564
2023-01-10,25,119,0.9853218798894974
2023-11-11,18,168,0.628972975117949
2023-10-07,4,193,0.804540577928474
2023-10-27,21,38,0.6691584308384487
2023-06-07,21,181,0.8625504993123222
2023-12-10,23,170,0.9861705707213491
2023-04-16,10,114,0.8393368414626908
2023-02-09,1,124,0.8259353212269308
2023-08-20,16,92,0.9352237027086739
2023-07-03,22,88,0.7336717238457302
2023-09-06,25,152,0.21624793153392197
2023-04-10,20,94,0.07904460703919791
2023-09-02,12,125,0.04915147564477662
2023-01-04,10,177,0.2219666909959398
2023-05-15,14,54,0.22684976141573832
2023-12-17,14,35,0.05209272381366015
2023-07-18,8,52,0.2769824278318951
2023-08-18,9,186,0.29469088134112686
2023-01-13,2,140,0.18975303382472508
2023-12-27,20,188,0.08890789803093069
2023-03-21,1,48,0.6498463853578411
2023-04-08,17,68,0.15375055983316788
2023-11-27,5,137,0.7501055272460306
2023-11-07,10,141,0.12575031294036987
2023-10-03,9,183,0.19991354814794327
2023-07-04,24,184,0.0033507134730824673
2023-07-09,1,102,0.1350807374539459
2023-06-20,6,154,0.09288264585257855
2023-11-18,1,4,0.9219306368955943
2023-10-22,10,123,0.2028112133260247
2023-02-15,10,105,0.46071347376383365
2023-07-16,17,147,0.9328491384095905
2023-01-30,9,68,0.9407356561288589
2023-10-27,11,66,0.2913341421638178
2023-10-23,5,45,0.77350764935562
2023-06-29,13,81,0.08989974360162656
2023-07-30,8,148,0.2037452275550513
2023-10-30,12,54,0.04634721113307361
2023-09-28,22,57,0.002109883389492917
2023-10-24,11,109,0.6948389129358192
2023-04-24,15,4,0.37354038888260166
2023-04-15,1,5,0.2707131867067093
2023-07-08,17,136,0.7109601248136627
2023-01-01,15,157,0.45636240419804686
2023-10-09,21,166,0.9678462135828617
2023-02-04,6,36,0.001896720012490749
2023-06-19,7,188,0.3949946860854633
2023-09-20,12,90,0.5960776159829848
2023-09-19,9,112,0.8715700985189119
2023-09-16,9,4,0.5661592966159258
2023-01-12,19,103,0.11560493311199505
2023-03-07,14,184,0.006807605344443468
2023-05-03,13,101,0.25781886896604667
2023-05-15,19,150,0.6684703171937415
2023-11-17,24,121,0.10634589704798281
2023-11-07,2,36,0.09106652574753982
2023-05-12,19,184,0.46526602705836995
2023-03-04,4,146,0.23137121637149294
2023-05-26,12,125,0.09420521258864178
2023-04-03,13,183,0.6651784434831286
2023-10-26,5,97,0.46266547158644067
2023-09-16,1,196,0.7784163370731725
2023-09-21,23,6,0.9860996640489876
2023-08-12,9,97,0.4225224287359711
2023-09-04,23,174,0.7170158654705522
2023-01-04,6,11,0.21132346061537877
2023-04-06,21,42,0.525926308586752
2023-01-30,25,54,0.9620894000011704
2023-04-08,25,37,0.7852213308939083
2023-03-05,19,34,0.029668633797210853
2023-02-05,15,146,0.7938702396244611
2023-10-19,20,105,0.3275065025425453
2023-09-01,21,159,0.1042278234220343
2023-07-10,12,85,0.5321244165332439
2023-06-27,12,60,0.7997044437001526
2023-07-29,14,49,0.7456486895561901
2023-10-31,15,93,0.6369774911191827
2023-02-07,16,150,0.6988927409938359
2023-07-07,12,160,0.31987387472903883
2023-07-10,21,46,0.6354783817371243
2023-01-17,22,175,0.663042307216314
2023-12-05,17,113,0.6488745649145663
2023-06-12,8,106,0.7289450270157946
2023-06-29,11,148,0.3069665962934197
2023-03-18,5,117,0.02564937567239256
2023-03-17,6,177,0.7333178463148377
2023-01-05,24,153,0.6780602244702382
2023-03-13,1,84,0.9617770544471064
2023-03-03,14,79,0.6786773922781117
2023-06-25,10,133,0.4525900857584725
2023-10-19,13,110,0.5230423474616148
2023-03-04,7,40,0.731725035943146
2023-05-05,11,101,0.45213261525133297
2023-09-01,20,3,0.0060183171522492085
2023-09-17,19,31,0.5192606857627222
2023-05-24,22,124,0.37981756736209793
2023-05-12,5,104,0.9975668076822635
2023-04-18,13,165,0.8167995825324698
2023-07-09,6,183,0.1693121071491832
2023-04-27,3,1,0.6167194400257967
2023-09-09,17,52,0.742245437522287
2023-08-25,2,70,0.26832910017506306
2023-07-24,9,75,0.29094638666191075
2023-11-15,24,142,0.1635194421525401
2023-06-20,10,183,0.18311466001505483
2023-06-02,19,42,0.6023772374690098
2023-02-14,17,116,0.2890532718055101
2023-06-02,15,7,0.6679601198141658
2023-08-16,14,191,0.6983193035060613
2023-08-15,19,107,0.5776733323466484
2023-08-19,11,112,0.7922950885774618
2023-03-16,14,197,0.646445027601732
2023-12-16,12,21,0.15512121399985046
2023-06-15,8,49,0.21940276338204667
2023-08-30,17,48,0.5784525079035453
2023-12-21,2,153,0.8522304989774552
2023-07-11,13,132,0.5916979868710079
2023-01-28,10,185,0.5026229778812753
2023-03-23,11,83,0.5680566541622076
2023-02-16,4,126,0.30094978215005086
2023-04-22,6,25,0.37176985067998214
2023-12-10,7,151,0.08565921615697958
2023-06-02,6,192,0.8852967969723851
2023-04-13,24,98,0.8195438361182117
2023-11-08,10,196,0.13214685853427366
2023-11-11,3,117,0.6471896392195197
2023-06-15,6,123,0.692008751398333
2023-05-04,21,38,0.21277050230785777
2023-07-05,16,36,0.8136042929858806
2023-03-28,2,9,0.8409815765406651
2023-07-05,21,1,0.6795738899504076
2023-09-02,19,13,0.735506070122911
2023-06-12,10,79,0.06009333761947777
2023-06-18,23,96,0.8491331099620472
2023-10-09,12,101,0.19798176035681447
2023-11-12,24,88,0.7007056758333193
2023-11-11,1,66,0.08819454300275875
2023-04-03,16,182,0.5752706251600467
2023-09-12,23,39,0.8757085093298399
2023-11-24,23,120,0.24826708967350752
2023-08-23,22,87,0.8289558535310495
2023-01-11,15,154,0.26720171574258256
2023-09-10,18,22,0.5143778017827911
2023-01-27,22,109,0.6974136725759392
2023-08-14,8,146,0.5656239863213383
2023-05-03,9,8,0.3060593985547905
2023-03-30,24,127,0.5507348405339935
2023-07-19,11,28,0.03363500022026622
2023-08-16,17,73,0.3813605443886786
2023-09-07,6,108,0.5417128192822861
2023-11-16,22,74,0.6446515550777234
2023-11-29,7,44,0.08380981980030211
2023-02-04,13,187,0.6688740634518341
2023-09-20,7,160,0.266348463079896
2023-05-17,5,51,0.03019099106090195
2023-05-23,7,131,0.7863501918347393
2023-02-04,18,134,0.9965827855866771
2023-07-22,19,123,0.9982367821280766
2023-06-21,20,156,0.473202357606866
2023-02-03,16,25,0.8060339095851109
2023-06-22,3,98,0.9577269772982074
2023-03-02,21,50,0.4747519254866598
2023-04-07,20,16,0.4478132642159294
2023-07-08,6,180,0.2383697725510462
2023-05-02,25,181,0.5015230792458243
2023-03-04,25,172,0.834210107446078
2023-10-12,21,145,0.6878515771498815
2023-11-12,18,154,0.004175754724729197
2023-10-15,4,144,0.08089424528888967
2023-11-21,24,41,0.9010819152081851
2023-09-29,1,37,0.5495748772550222
2023-05-30,22,144,0.39456902946494676
2023-10-05,10,15,0.8694512299118557
2023-06-10,12,166,0.16723118122856118
2023-02-11,10,25,0.8645218042545854
2023-06-01,14,67,0.8904675420767926
2023-06-19,19,135,0.5361874579574678
2023-05-02,9,175,0.8501776904073122
2023-07-02,2,184,0.20556970359355564
2023-10-26,13,22,0.12961925419580855
2023-02-09,11,44,0.25313463902303146
2023-10-22,24,158,0.6386118631190031
2023-07-30,13,187,0.5939315967307279
2023-09-19,1,80,0.49970300946921997
2023-07-12,2,152,0.371821418968145
2023-01-03,11,154,0.7533303175732744
2023-09-03,15,82,0.7275256072214322
2023-04-29,2,77,0.7406619922253306
2023-04-10,13,62,0.05633104880545947
2023-12-31,22,46,0.5650705120954095
2023-10-16,10,172,0.5927544248212578
2023-04-04,17,1,0.11700197197461537
2023-02-27,20,10,0.8228141450359804
2023-02-24,22,152,0.132368391043873
2023-01-06,19,91,0.8786726129590475
2023-07-08,11,148,0.6564417220759192
2023-04-10,23,144,0.1849994628222288
2023-11-05,20,26,0.884241573224197
2023-03-14,18,166,0.525320175214433
2023-06-27,4,3,0.8381126342103012
2023-04-10,21,136,0.08744735477153454
2023-09-29,22,84,0.8778140834793956
2023-09-06,1,144,0.9625892631106088
2023-09-16,19,11,0.5038073831950222
2023-09-26,8,161,0.6981395072367623
2023-07-22,1,132,0.6555437747330549
2023-02-01,25,35,0.9014041890614378
2023-08-29,22,118,0.9458066463203235
2023-12-06,16,196,0.3194839032890884
2023-05-18,6,27,0.10499618622904872
2023-11-05,2,69,0.9697602899600914
2023-09-08,16,176,0.9657824849864096
2023-02-16,17,99,0.21118699417641607
2023-03-28,8,159,0.820571815779233
2023-05-11,2,39,0.4401810603979518
2023-07-28,8,49,0.6254149240553597
2023-06-15,1,192,0.366895515682367
2023-04-24,7,150,0.62439695595506
2023-12-26,5,143,0.8349342432785836
2023-03-21,18,184,0.011404535515220027
2023-03-29,6,78,0.6125976800627984
2023-01-27,1,28,0.9055423667416463
2023-01-30,20,56,0.7857292961858326
2023-09-24,2,112,0.9926469778165514
2023-04-22,19,34,0.6090851299202684
2023-05-15,14,148,0.3376338995851266
2023-03-24,13,110,0.020981815146547622
2023-08-28,7,77,0.4591962674948086
2023-01-25,20,170,0.430786732807501
2023-03-09,16,1,0.9826486473985367
2023-10-27,10,110,0.37154033437195577
2023-03-27,21,75,0.5673772786814296
2023-11-07,21,22,0.02891603599278203
2023-05-21,11,37,0.6700825016979851
2023-06-23,4,121,0.40334998139304945
2023-10-06,5,78,0.9670755819508356
2023-11-18,15,88,0.005288893350514745
2023-01-25,2,173,0.1779991632306276
2023-05-09,6,144,0.12700906809408963
2023-10-14,7,193,0.4254461146645556
2023-01-18,2,48,0.01062470768490753
2023-02-20,10,4,0.09932596540131955
2023-10-10,6,174,0.9188444748076338
2023-02-15,18,26,0.5807524691313384
2023-02-03,2,53,0.5562563230946767
2023-12-24,22,16,0.5211672667601553
2023-06-25,11,95,0.41875285004695195
2023-08-25,17,36,0.6753038340330969
2023-09-01,3,131,0.5723475156785331
2023-10-22,24,94,0.7840117605710173
2023-10-31,19,50,0.10079228465934009
2023-05-16,21,33,0.4926113398174733
2023-11-26,22,21,0.8577378295135716
2023-03-20,20,90,0.45466028363250677
2023-05-07,17,133,0.1155675855045627
2023-09-20,17,125,0.6671296207849255
2023-11-20,8,16,0.7544945432765722
2023-11-02,3,18,0.6316989125617374
2023-06-22,21,169,0.5415792464788265
2023-08-05,8,125,0.9246785006157041
2023-08-31,17,31,0.8469237455403245
2023-06-09,15,117,0.8275015957299913
2023-12-21,2,132,0.6355586954817123
2023-12-10,3,36,0.4846074154184026
2023-04-22,20,20,0.8291325657182634
2023-06-03,11,98,0.6053509191700799
2023-10-03,8,161,0.7521832606035052
2023-11-02,10,152,0.8128166769930384
2023-01-16,11,159,0.07783553729698311
2023-11-24,20,194,0.5168335150375726
2023-01-22,9,3,0.4863551065209196
2023-11-20,6,56,0.09974647576918116
2023-10-03,8,158,0.7410776001657005
2023-05-08,19,109,0.06958803399897096
2023-08-03,21,51,0.7149867283696338
2023-08-15,24,23,0.1384572219021758
2023-05-15,15,17,0.5728487958467838
2023-10-26,12,72,0.5497199407219785
2023-04-22,13,7,0.046834273671899074
2023-03-16,14,158,0.5795238263139421
2023-06-29,13,125,0.11606380081672152
2023-02-18,20,162,0.3099789352106548
2023-07-06,24,66,0.6065207176122123
2023-10-21,6,100,0.4592512710726684
2023-10-11,8,120,0.40345122251335575
2023-12-20,2,2,0.36116641819644935
2023-09-28,13,126,0.13187922625172066
2023-06-06,3,61,0.18360840931242306
2023-11-19,9,142,0.9084960775623707
2023-06-16,18,182,0.3977841905575309
2023-10-24,20,155,0.9125685324978867
2023-07-19,19,167,0.5327715569075281
2023-09-11,2,25,0.6916477769298857
2023-03-08,12,30,0.35214546847286166
2023-11-23,2,97,0.4193484639179361
2023-04-19,8,68,0.6845286533707375
2023-10-11,14,112,0.8158981646103477
2023-03-04,10,151,0.3288958846141057
2023-03-18,10,87,0.9009417536053468
2023-01-06,2,126,0.5040984161023838
2023-08-19,17,119,0.3066463005576876
2023-02-24,12,195,0.5482054167856409
2023-10-27,7,35,0.7970638935504978
2023-01-28,17,113,0.4430510701307029
2023-12-02,6,112,0.8488627482789382
2023-06-22,5,37,0.3769598436631927
2023-02-18,6,174,0.16364129319081844
2023-02-08,19,145,0.266553444498311
2023-03-16,12,5,0.3550746934880795
2023-06-19,11,8,0.09924093968912684
2023-09-02,15,106,0.0031521099915445827
2023-04-04,25,133,0.29063141658513814
2023-03-31,8,28,0.7731372045771233
2023-08-05,10,149,0.177840408221989
2023-02-13,23,83,0.5064008989263497
2023-07-23,2,55,0.2912802574139438
2023-08-05,12,162,0.22829346266710027
2023-05-03,1,103,0.21826838732103537
2023-05-13,4,114,0.03565537554412601
2023-10-12,11,40,0.8709742025361761
2023-10-31,1,44,0.9994359066964417
2023-06-26,21,125,0.20869807388385464
2023-12-28,19,17,0.8048578793221013
2023-02-03,13,54,0.5560933169145847
2023-02-16,16,184,0.1644570358475247
2023-04-17,11,155,0.9323887245874105
2023-07-16,5,39,0.2793921312329153
2023-01-24,4,47,0.6516657015808807
2023-04-19,22,115,0.12983662041671906
2023-04-10,10,14,0.12175517732119068
2023-01-29,17,126,0.5507161699123344
2023-04-19,6,135,0.9781706806292423
2023-01-28,23,85,0.9630529472467391
2023-08-05,3,46,0.09638577624713107
2023-08-03,17,169,0.8697852900296691
2023-07-24,16,179,0.002581367759198261
2023-10-12,10,69,0.5757693881787922
2023-10-05,17,133,0.4837674776599168
2023-12-10,13,167,0.9251719230933494
2023-02-16,24,152,0.34664872846562744
2023-03-30,3,151,0.6882518154293367
2023-07-07,22,114,0.1480418672340077
2023-12-01,19,17,0.6638959290226639
2023-07-29,5,145,0.4065809572388316
2023-08-26,24,153,0.7226937640842388
2023-01-09,8,2,0.32940033074168107
2023-11-01,15,103,0.48287823608740044
2023-06-03,14,112,0.7213652647340808
2023-05-29,24,189,0.2888972108197051
2023-10-14,3,153,0.5175085882263863
2023-01-31,16,138,0.979844629276852
2023-04-15,1,22,0.6188879656707899
2023-05-12,3,178,0.05051968879486701
2023-01-30,5,10,0.8672356515864789
2023-09-04,20,98,0.7734935504192738
2023-03-18,1,144,0.1533582564569148
2023-01-05,12,92,0.7370934922987242
2023-01-15,14,54,0.4762447857640659
2023-11-29,18,124,0.42295592016247063
2023-08-15,7,143,0.8187027181469534
2023-03-29,21,111,0.602394206757437
2023-03-03,23,100,0.7845152148918356
2023-11-19,5,70,0.2844705142345887
2023-01-14,22,26,0.6383582644852698
2023-03-30,22,167,0.3010050987054128
2023-04-27,22,19,0.3958331321452777
2023-06-17,2,77,0.3186868502629321
2023-07-16,21,170,0.3547432104678071
2023-03-11,7,184,0.8720086795301942
2023-10-23,25,106,0.3741485549858399
2023-07-05,4,30,0.6015573123496116
2023-05-12,11,142,0.31464212040067685
2023-06-12,2,62,0.47784422425134654
2023-04-01,17,83,0.8832097630290129
2023-01-03,3,197,0.4536825262426476
2023-07-17,4,3,0.8308263187806821
2023-11-08,4,84,0.9157904175940089
2023-03-01,23,164,0.5959580836974213
2023-06-06,15,93,0.6658634384101766
2023-06-12,24,71,0.7954641230817585
2023-06-11,8,151,0.264769272069441
2023-07-04,2,22,0.4756609877608102
2023-01-14,15,157,0.15847187979694388
2023-01-17,22,199,0.2684848530954672
2023-07-17,20,68,0.19743322721768908
2023-01-10,10,95,0.19295609993915563
2023-06-05,9,92,0.3013454773899745
2023-12-28,3,103,0.6531202901280901
2023-10-06,12,89,0.00716453390619598
2023-12-14,11,159,0.04396714877975039
2023-01-05,9,123,0.3588079367608781
2023-09-05,10,158,0.5649111853910956
2023-02-11,23,148,0.8267445349961599
2023-06-19,21,159,0.27773607642365317
2023-01-06,9,168,0.8557006199864678
2023-08-26,15,197,0.8986809582446889
2023-06-07,8,18,0.02864225982174351
2023-06-30,20,153,0.6131562377905216
2023-08-01,1,146,0.03953075186541044
2023-07-25,1,112,0.615872380386471
2023-02-18,7,136,0.6574527525106025
2023-08-17,6,29,0.14493838460265873
2023-12-09,2,90,0.07146364308320818
2023-10-21,13,77,0.1609097102238758
2023-03-13,20,70,0.1585108298111726
2023-12-21,15,116,0.4225351695885431
2023-05-07,13,167,0.557291157553061
2023-08-06,14,84,0.28684555136953205
2023-05-02,22,59,0.05499935861894223
2023-12-29,23,187,0.1848237027337497
2023-05-23,20,179,0.8949284640054872
2023-11-05,1,129,0.6317050433062037
2023-02-06,17,69,0.247820033592684
2023-01-24,9,27,0.3442661986876183
2023-09-02,10,57,0.0029083603139445913
2023-06-18,6,170,0.1427467876910289
2023-08-26,2,36,0.24726324787572262
2023-08-25,9,47,0.8719618461530154
2023-05-09,23,152,0.2754403446254794
2023-03-19,22,36,0.8818724246549989
2023-12-11,25,19,0.1882420062587674
2023-04-02,20,188,0.5780890722363259
2023-10-19,7,126,0.982093672457232
2023-12-04,7,139,0.18352946026867567
2023-07-13,3,178,0.7586571410205384
2023-04-23,20,29,0.7146682260604774
2023-04-04,21,12,0.9105785502555657
2023-01-28,22,123,0.44438399142868523
2023-10-20,12,78,0.38553221399906246
2023-08-26,12,176,0.4109202869736006
2023-05-01,10,18,0.033629594052969614
2023-07-31,20,168,0.36506207541598434
2023-02-21,21,86,0.8834846513901852
2023-02-05,20,84,0.061147407067090875
2023-10-21,3,102,0.2959624226364911
2023-07-26,21,44,0.8051908661216146
2023-04-13,11,12,0.6712937856585118
2023-06-29,10,41,0.8431425959521074
2023-07-15,15,33,0.10555310134902163
2023-02-18,2,38,0.5279831978500665
2023-09-26,18,105,0.928866851144473
2023-02-06,7,185,0.7706834915326851
2023-08-02,19,33,0.5667224771472048
2023-06-27,16,17,0.5739791939927504
2023-04-18,12,122,0.648079645842968
2023-07-06,22,83,0.1805974093769921
2023-07-02,17,153,0.40229966053959365
2023-01-15,17,149,0.9681198644694465
2023-12-03,13,39,0.7901518240309782
2023-07-04,4,117,0.9342822650144998
2023-04-29,1,105,0.1268748217779948
2023-04-03,18,24,0.4821321323857989
2023-06-08,23,169,0.40212024727020224
2023-07-27,3,184,0.7804753303751389
2023-08-30,13,156,0.8384376143252968
2023-04-26,11,182,0.0047060496828214005
2023-10-06,21,198,0.551801617286631
2023-01-13,13,24,0.47680177124312806
2023-04-14,6,196,0.653954012601503
2023-11-23,5,32,0.6318361640937163
2023-11-26,17,173,0.7137677890305748
2023-03-03,19,189,0.6362461553610121
2023-04-03,20,6,0.40107326476277816
2023-06-25,9,112,0.4187324046444726
2023-07-31,9,113,0.7432376403470322
2023-06-04,13,128,0.6582982546318632
2023-12-19,5,38,0.449651937834194
2023-02-09,2,169,0.08592170384054987
2023-06-09,8,11,0.07275131679241453
2023-11-24,21,28,0.6295808135569242
2023-12-07,11,12,0.8872563941449539
2023-09-10,17,117,0.7587488775808712
2023-08-18,10,147,0.8562935571520389
2023-08-04,6,189,0.4828389578409469
2023-02-06,3,12,0.3578355011093186
2023-12-19,10,135,0.8627898794222103
2023-07-26,15,190,0.30528150205671145
2023-10-28,12,75,0.24276778904609464
2023-03-15,17,99,0.4378906121937588
2023-10-23,21,131,0.2683141838221803
2023-12-27,15,191,0.37313225098841263
2023-07-09,19,163,0.258970274592659
2023-04-15,19,18,0.3804182175212899
2023-03-26,24,189,0.04027523824694079
2023-10-11,25,96,0.37734741350369305
2023-08-20,19,172,0.2507961529736884
2023-07-12,13,16,0.9097215837020755
2023-01-14,24,155,0.7690951469727879
2023-06-21,24,140,0.3458890928323636
2023-05-24,14,61,0.6852123509878655
2023-09-29,20,29,0.7910852167530315
2023-07-14,14,41,0.18456679535726528
2023-11-10,20,98,0.886981099647386
2023-08-24,13,28,0.4313808348481629
2023-08-08,4,185,0.20580623681322552
2023-03-01,8,107,0.6212545559476369
2023-02-12,24,21,0.33646979754462536
2023-04-16,4,200,0.9041538741942903
2023-05-30,21,27,0.49419590868478425
2023-01-06,19,138,0.4483343874239393
2023-07-24,22,126,0.013329966102009871
2023-04-19,7,28,0.20517129666040523
2023-03-24,22,93,0.6771415342038538
2023-02-11,6,96,0.8232365818323562
2023-08-15,13,117,0.6224460873219345
2023-09-22,4,173,0.0006596666339425683
2023-03-14,1,177,0.9853707314192556
2023-04-06,6,157,0.9599383369405814
2023-01-31,1,15,0.19312587869529652
2023-02-03,4,187,0.13934853324634056
2023-09-26,3,85,0.8740385892606416
2023-05-20,8,27,0.2603857266405083
2023-12-19,18,187,0.7343751809716201
2023-10-30,12,169,0.7659859345051191
2023-04-12,2,7,0.6224846418212012
2023-10-29,21,30,0.9320000274816148
2023-08-07,4,113,0.8388234834332832
2023-04-13,2,160,0.3837309364808351
2023-06-25,12,154,0.30717353432038674
2023-03-07,25,63,0.6522182654795984
2023-11-26,4,175,0.0013935804690045073
2023-04-12,4,179,0.24785918071781288
2023-10-20,10,41,0.8201429467915919
2023-05-17,23,183,0.8672428883367033
2023-09-29,6,152,0.45951025646583354
2023-04-08,8,73,0.11468150172561109
2023-11-24,25,112,0.3466460004620924
2023-03-05,19,164,0.897823510123072
2023-08-18,14,98,0.08906783535298912
2023-09-19,10,117,0.8313598286123525
2023-11-25,22,2,0.4073068887078657
2023-04-22,15,198,0.43771739082480465
2023-09-05,8,154,0.02514541932392389
2023-02-03,2,152,0.07555891524890945
2023-03-12,20,102,0.34766245598348733
2023-01-24,24,190,0.5163895444645604
2023-11-12,2,33,0.1846457759536254
2023-09-05,9,105,0.6662256174906416
2023-05-29,5,130,0.7592062886756995
2023-03-30,16,69,0.7370387090857949
2023-04-02,8,135,0.2680863469211917
2023-07-21,25,180,0.7591854887143487
2023-05-31,14,77,0.5431717916295186
2023-02-12,2,52,0.8184709042805224
2023-07-23,25,31,0.5634048207649672
2023-10-12,9,86,0.9977177985118459
2023-03-21,25,182,0.5631909924456255
2023-02-26,17,33,0.8199264689140293
2023-04-11,25,119,0.28013627279049613
2023-02-12,2,146,0.815522308559142
2023-03-03,7,149,0.4736365007692902
2023-04-26,11,93,0.5364883279025701
2023-08-02,7,50,0.8580772491491072
2023-02-21,18,183,0.02110989883502412
2023-07-20,21,126,0.0057127557876921475
2023-10-20,18,21,0.16388371682598601
2023-11-06,13,177,0.3582535174644158
2023-02-22,1,197,0.4069454256344276
2023-01-01,5,16,0.29331905975204065
2023-11-22,16,192,0.27316351315594056
2023-04-22,7,3,0.16416765995414484
2023-05-08,22,6,0.13126126560964768
2023-09-16,5,139,0.6670963024677448
2023-07-27,14,30,0.8855570999169597
2023-05-04,18,198,0.9868172279474825
2023-12-17,13,182,0.7068195557963215
2023-05-20,24,17,0.21895103461108312
2023-05-23,9,157,0.7409020696483367
2023-12-26,23,186,0.7863530407687818
2023-10-27,22,158,0.11377855539375159
2023-03-03,15,190,0.2913209724742776
2023-11-17,5,69,0.4416123414515306
2023-08-08,1,129,0.569435822662881
2023-06-15,19,64,0.1974422478772604
2023-09-15,13,78,0.08014359767941626
2023-08-10,5,91,0.42025437919242115
2023-09-23,11,111,0.3253013279151815
2023-04-27,23,54,0.8576099571299801
2023-08-01,14,133,0.5319823232377137
2023-11-30,18,28,0.9985277244107521
2023-12-06,11,63,0.969849928621848
2023-12-19,13,48,0.3769178591717832
2023-07-31,9,24,0.12016010305679203
2023-01-31,1,85,0.9040720065409058
2023-07-10,10,92,0.9714988579981237
2023-01-31,19,184,0.3481634689720777
2023-01-09,19,148,0.09492134369127647
2023-05-15,16,87,0.32665321595417185
2023-05-21,13,54,0.62624729115001
2023-09-12,5,151,0.29377921094630965
2023-12-09,24,49,0.289192913504127
2023-06-28,6,97,0.6575248905002911
2023-01-21,13,127,0.8017964599417255
2023-04-17,8,103,0.9201767868119906
2023-07-20,17,74,0.1264848469937241
2023-08-04,16,200,0.6755284240953093
2023-07-12,22,161,0.2766207412994366
2023-06-19,12,72,0.02521826917807568
2023-06-04,12,79,0.6947708983526026
2023-03-26,22,173,0.12004428005788692
2023-02-09,24,48,0.5571869699449395
2023-02-12,15,145,0.3677690981376571
2023-01-27,22,9,0.28189644709861217
2023-12-10,12,136,0.693752927600446
2023-08-28,22,190,0.6097343057738447
2023-06-10,24,58,0.5309929216380741
2023-01-30,11,64,0.4992427788699487
2023-10-11,11,148,0.34136588112888266
2023-03-06,21,21,0.6428182738018208
2023-07-08,15,90,0.738409277643946
2023-01-24,3,199,0.2125855002173257
2023-09-29,6,132,0.48386332300041335
2023-08-16,13,20,0.6607512557344405
2023-05-05,8,8,0.6415799257081867
2023-10-22,19,172,0.6018901080310904
2023-10-27,19,15,0.02094039771329992
2023-01-09,13,163,0.7080758637709627
2023-07-27,11,87,0.49793115373779073
2023-05-02,11,147,0.4196159486085821
2023-10-07,8,83,0.1716987230084166
2023-11-23,12,141,0.9967884598470775
2023-03-21,13,118,0.7473197398507769
2023-02-15,10,27,0.1274587432732064
2023-05-29,21,8,0.33209312980230055
2023-04-24,2,53,0.22912928110366626
2023-01-08,17,115,0.6494524575640493
2023-10-18,17,164,0.3951350963777307
2023-05-06,8,126,0.7039645179754993
2023-07-09,13,142,0.22347776224847415
2023-04-24,3,12,0.26904845114526865
2023-12-26,10,56,0.4212056705692402
2023-07-25,16,121,0.5725233845935033
2023-02-23,3,144,0.17952538010875296
2023-04-27,9,136,0.18454772503590844
2023-01-11,12,5,0.8537330863474158
2023-06-18,8,44,0.7780655947911514
2023-08-28,3,70,0.9977802340562034
2023-06-02,10,8,0.2540597031063506
2023-06-17,24,72,0.39486291717043265
2023-07-24,20,108,0.5624292456655133
2023-10-21,6,179,0.4318680678699185
2023-09-19,23,6,0.6570486121162915
2023-01-12,23,50,0.001509492182620975
2023-10-04,15,35,0.07817746547130988
2023-03-17,4,109,0.6208223749503526
2023-11-21,18,78,0.36374886014199526
2023-05-13,14,24,0.5682966902415105
2023-03-09,5,29,0.2014135961143274
2023-01-14,5,192,0.874746219557976
2023-08-10,23,159,0.9353275040389004
2023-02-28,2,32,0.04079155669219392
2023-04-30,14,89,0.21491742267979386
2023-05-15,14,159,0.7116164072168798
2023-09-30,14,199,0.8147872195136896
2023-06-11,17,188,0.48392465082044844
2023-04-05,12,18,0.059432831797381125
2023-09-08,24,183,0.03889425083173492
2023-06-13,12,165,0.4748628165160035
2023-05-26,19,131,0.7268096493241991
2023-09-28,9,168,0.07595603162119402
2023-09-09,14,147,0.063866623781212
2023-01-01,5,22,0.2629911347105893
2023-12-31,23,133,0.13883137660996037
2023-06-28,10,89,0.1779863605021842
2023-03-30,12,60,0.026174311979372034
2023-05-17,10,107,0.46446667629623783
2023-05-31,24,81,0.10954063339227205
2023-12-10,3,131,0.7888733321171661
2023-12-16,16,177,0.17623756798975276
2023-02-14,15,90,0.04279844781709641
2023-08-21,13,127,0.5203578897277371
2023-02-09,16,133,0.5457463948310943
2023-11-10,13,161,0.040467042286459365
2023-06-18,12,136,0.4331750697647373
2023-08-13,19,13,0.17634265014547001
2023-03-11,14,183,0.3978996768294907
2023-03-24,25,181,0.5623158291316838
2023-01-11,22,67,0.4531190117267626
2023-09-30,18,144,0.6327499444008088
2023-02-06,19,124,0.6348692140211534
2023-03-20,11,24,0.7064688099635407
2023-03-01,20,154,0.05152973707122255
2023-09-24,24,148,0.817596980905335
2023-05-27,2,13,0.18965036489926035
2023-12-14,4,164,0.5459220821441864
2023-09-16,2,22,0.8216984813950658
2023-08-07,24,60,0.06879025965856289
2023-09-29,8,41,0.6795302691654775
2023-04-05,6,158,0.6222198926763972
2023-11-29,10,165,0.1086496103589305
2023-09-20,13,144,0.37679037829547823
2023-02-14,20,130,0.41964609598998126
2023-08-21,10,162,0.7853926893907701
2023-09-11,17,188,0.436591433019768
2023-09-14,13,33,0.6365676538242047
2023-09-01,23,134,0.5691965757999877
2023-06-30,15,60,0.7691181815658372
2023-03-18,9,32,0.5884885160720336
2023-02-09,8,152,0.03452420147983015
2023-09-05,20,53,0.7724607875471974
2023-06-03,13,176,0.6567471216049009
2023-05-05,19,150,0.38540281838482193
2023-11-13,8,25,0.026287576695066428
2023-01-13,10,46,0.5718818345037794
2023-03-11,24,2,0.8336109407198588
2023-12-21,18,182,0.14760336095501736
2023-10-05,14,22,0.06683704314491312
2023-01-25,5,5,0.8294848490457988
2023-07-13,18,89,0.4797101255253493
2023-11-06,17,45,0.9948407198003986
2023-08-28,3,169,0.9038788343208642
2023-07-12,24,131,0.46208551111088403
2023-03-09,6,88,0.09655881660626298
2023-10-05,8,68,0.7660959176292313
2023-12-26,7,33,0.0062426626131316665
2023-08-25,23,109,0.2755368940606233
2023-01-15,24,145,0.951103683922538
2023-04-07,8,12,0.19042062318518305
2023-05-19,24,6,0.6932036406736766
2023-09-19,7,48,0.12296946965762245
2023-07-10,6,7,0.9909345075739502
2023-09-01,9,75,0.018935819696706435
2023-06-30,23,6,0.2702709190971795
2023-03-25,15,64,0.08335988072121125
2023-01-20,4,133,0.5004297089171471
2023-02-17,23,78,0.4201484465609754
2023-10-09,15,1,0.6627185000859454
2023-04-06,13,196,0.8437822925222108
2023-07-18,5,165,0.6732166894612764
2023-01-15,9,141,0.5851735383761777
2023-05-14,12,83,0.24852805013662094
2023-06-27,25,18,0.4923140173176874
2023-10-17,16,118,0.04370735245526369
2023-07-17,17,29,0.9431950518952439
2023-10-22,18,140,0.27315091932989544
2023-07-16,15,184,0.29781314623613764
2023-04-22,14,148,0.6327449854892399
2023-12-15,17,15,0.7537491889825741
2023-12-16,10,17,0.5954957900074657
2023-06-19,25,168,0.6564555889511849
2023-11-22,20,44,0.006117138974208736
2023-06-30,13,90,0.9764428699103156
2023-05-12,11,57,0.5589885166963395
2023-01-15,24,104,0.46713734707018983
2023-05-01,9,43,0.9377962606784723
2023-10-28,4,69,0.2239763207370674
2023-01-10,24,82,0.27865737829940884
2023-05-07,12,154,0.5511457133339197
2023-08-20,14,139,0.17436450580744522
2023-01-22,6,179,0.6519721209966832
2023-07-21,6,146,0.6732356727827227
2023-01-01,15,12,0.1276432934195808
2023-05-15,7,86,0.46068075338194747
2023-04-13,25,63,0.08434201386185058
2023-12-21,19,164,0.037577969082514984
2023-06-22,6,154,0.5732741791694065
2023-02-23,24,1,0.6502893570760261
2023-06-23,24,32,0.23122362411629815
2023-07-08,2,63,0.5091033425911045
2023-05-09,20,32,0.29433177884070016
2023-01-12,4,31,0.9826014663700966
2023-03-12,19,69,0.7003070918497118
2023-12-23,23,77,0.545829851376883
2023-12-06,13,106,0.7792257092988287
2023-10-07,1,65,0.9578443213991285
2023-10-26,24,48,0.6826870490584717
2023-01-02,6,184,0.6210166443271181
2023-07-12,9,27,0.6804927998619468
2023-07-21,7,112,0.8812384950574718
2023-11-23,17,118,0.2802588906250858
2023-05-13,23,133,0.258433744161387
2023-11-25,3,173,0.9663683227548981
2023-07-09,12,166,0.8836419291303612
2023-02-06,6,128,0.09541476138582083
2023-09-12,21,174,0.6855324071808357
2023-11-13,19,117,0.2963466324201256
2023-02-08,13,24,0.09231819403264785
2023-09-02,4,167,0.16766110837342152
2023-08-29,23,87,0.40448646065766425
2023-01-23,6,15,0.3287662063068141
2023-09-04,14,195,0.4677348435717702
2023-04-16,9,167,0.28979635992953545
2023-08-10,10,193,0.3607682988339317
2023-08-17,18,156,0.13373127967399212
2023-09-27,2,95,0.3690274643774809
2023-10-31,25,199,0.843782461624089
2023-12-28,24,97,0.9791458709874125
2023-03-26,8,134,0.5243632128281859
2023-08-20,24,30,0.6842554712803656
2023-08-16,12,43,0.3754945351122083
2023-11-20,22,190,0.19710288491323047
2023-03-15,9,190,0.6055800502702476
2023-11-25,11,171,0.6141314010640313
2023-07-04,15,76,0.5332102307081926
2023-05-06,11,190,0.8203247478124425
2023-10-13,6,42,0.6188920375609863
2023-01-18,7,181,0.563145771739915
2023-11-19,3,4,0.9265156288949902
2023-09-18,14,161,0.042991373730562055
2023-05-03,11,12,0.7244258593953081
2023-04-05,12,10,0.5078568705941323
2023-09-24,23,170,0.4067702821686049
2023-07-30,15,80,0.21774912818751757
2023-03-25,21,68,0.7840197838459427
2023-04-13,14,103,0.621953502693343
2023-11-24,19,20,0.7978789250127635
2023-09-05,3,192,0.2704168750626388
2023-12-09,24,170,0.3463723553855713
2023-07-09,2,75,0.7528506075808485
2023-08-08,22,59,0.6224617792699767
2023-01-20,4,63,0.06307415139222627
2023-12-06,5,131,0.022544419642815283
2023-11-20,17,55,0.9617889772768891
2023-06-03,7,192,0.6568642648237758
2023-11-25,20,6,0.8702333560234464
2023-03-31,14,150,0.4539853534156233
2023-08-04,25,124,0.11983778366083064
2023-02-14,19,146,0.654850353988437
2023-10-16,25,78,0.5022733722961088
2023-05-13,17,116,0.9221270118552631
2023-07-09,12,22,0.7365039380522346
2023-10-20,23,25,0.9619817852202118
2023-07-08,6,176,0.6602111213315864
2023-07-15,24,29,0.04940773767708029
2023-07-20,5,67,0.41190917901690904
2023-08-18,18,108,0.2675817968457197
2023-04-27,9,2,0.2568590916325809
2023-10-18,24,115,0.5714191905295972
2023-09-06,9,5,0.9919902666023726
2023-04-30,3,198,0.14910532108532726
2023-12-08,5,121,0.1324635653721673
2023-08-12,17,106,0.3681617081564924
2023-03-25,23,54,0.45129864091755467
2023-02-16,17,158,0.7908119611819243
2023-12-20,12,53,0.04164444256687361
2023-05-08,17,200,0.8182368842552799
2023-05-04,13,26,0.7490512115428305
2023-05-26,20,29,0.6396148529468318
2023-10-30,8,160,0.9928302104452161
2023-07-28,18,71,0.6995282471676969
2023-05-06,13,17,0.5343601314050492
2023-12-17,18,31,0.590491046605513
2023-02-25,15,174,0.17162738349821727
2023-06-19,2,166,0.13046349957469638
2023-12-17,11,157,0.7028869552936564
2023-05-24,24,4,0.7019981726826541
2023-08-03,7,135,0.3856039513737466
2023-11-01,19,111,0.6217577300300492
2023-12-05,2,87,0.5895388905247394
2023-11-02,24,33,0.0055844511840161815
2023-06-30,15,159,0.8122215382892164
2023-02-02,22,34,0.6849671724416247
2023-08-26,23,45,0.8998546676911782
2023-11-01,16,79,0.8423574534009913
2023-09-05,8,134,0.2985314904928784
2023-05-22,5,182,0.5200572304908861
2023-11-26,7,164,0.04061476269290343
2023-10-20,12,165,0.9540965053942986
2023-05-02,12,37,0.015320467976573826
2023-05-31,21,15,0.8583103755737382
2023-11-02,20,1,0.9052654317141883
2023-06-27,12,132,0.8800841162065487
2023-01-04,8,105,0.7438217367799762
2023-03-08,23,2,0.0643413782777309
2023-08-11,22,160,0.8533387979513821
2023-12-26,10,14,0.040454777375867224
2023-08-16,6,111,0.5365228122257839
2023-10-19,19,117,0.6745133786431436
2023-12-16,15,83,0.16199364095216395
2023-03-10,10,126,0.25074591941456104
2023-10-06,12,181,0.6488720157520538
2023-01-22,23,52,0.396747642498556
2023-04-29,6,117,0.7273326856156302
2023-07-31,5,177,0.35033381226383853
2023-02-09,18,37,0.817296399667128
2023-02-19,11,144,0.44414674410786636
2023-10-06,20,160,0.386621347650819
2023-06-22,22,37,0.5034985968777475
2023-11-22,21,60,0.3329281376564728
2023-08-01,1,12,0.6949709771257839
2023-02-06,3,46,0.7725737403895491
2023-06-06,13,63,0.2993394009998762
2023-11-03,23,195,0.2078759818002025
2023-11-02,20,27,0.8694213116195089
2023-06-17,16,62,0.06936734833967684
2023-06-03,20,151,0.9795281593749438
2023-05-08,20,143,0.9494475121309516
2023-07-24,12,46,0.2811756002113944
2023-05-19,3,44,0.4889254808924488
2023-11-11,24,192,0.33759527244877896
2023-12-13,10,41,0.597008081529934
2023-05-31,3,80,0.19075800135055732
2023-07-11,16,132,0.7859104892986801
2023-12-25,16,113,0.858768764558538
2023-10-31,21,114,0.45470458546893944
2023-07-19,25,83,0.03539169490503413
2023-12-18,5,68,0.31245337258782147
2023-11-14,16,134,0.9025787399323628
2023-12-20,24,14,0.15015533468233466
2023-06-27,5,62,0.5625645721653088
2023-04-23,5,117,0.932779325859468
2023-09-23,24,82,0.4426966188352286
2023-10-06,2,193,0.4535972888912616
2023-12-12,22,67,0.7658461765664166
2023-04-19,2,126,0.9772308346713284
2023-11-26,23,170,0.5091300866669485
2023-11-02,20,151,0.7486397702010077
2023-07-18,3,87,0.09185247550391262
2023-07-08,1,159,0.43956469015419086
2023-04-22,21,122,0.9141807541138464
2023-08-19,1,163,0.20678883999652387
2023-09-30,19,10,0.808084354752725
2023-05-24,4,11,0.5625274076577219
2023-08-06,25,125,0.9114881363923054
2023-04-22,11,18,0.5961583681335926
2023-09-23,10,157,0.029518920419399963
2023-12-14,16,6,0.6727263519448459
2023-07-28,5,116,0.48033540226203975
2023-07-19,4,2,0.7967723237228284
2023-10-01,15,12,0.9337820193202175
2023-04-11,12,176,0.4278079493900613
2023-04-25,17,97,0.8405083238981637
2023-07-02,17,7,0.2533052143128205
2023-07-14,16,164,0.08275646684081561
2023-11-05,17,143,0.2391599258700582
2023-04-19,3,90,0.021512060931777932
2023-04-25,15,32,0.7609714731722025
2023-11-23,2,185,0.441858557005132
2023-12-26,25,33,0.9844843459955256
2023-04-15,24,165,0.6073820417820834
2023-07-11,17,185,0.42507695188412276
2023-03-16,17,56,0.38106829959181376
2023-08-09,4,112,0.340461718550378
2023-10-21,12,116,0.12023996182462193
2023-10-12,12,151,0.4254578299401002
2023-07-29,10,72,0.3762221597249886
2023-11-04,7,32,0.9649782922937044
2023-09-17,2,159,0.1387441841723459
2023-10-10,14,147,0.5971657694871093
2023-07-07,14,89,0.15407251616412254
2023-02-22,7,195,0.7070770612343407
2023-12-30,25,161,0.30676244116567564
2023-12-12,11,84,0.5535457719435593
2023-02-13,5,102,0.5468645026937528
2023-09-09,1,200,0.9290812618414446
2023-12-20,19,58,0.8540968718500207
2023-03-31,21,52,0.34249101835840745
2023-07-12,10,93,0.011858237680814177
2023-08-13,18,5,0.01822183587522752
2023-07-02,21,186,0.7636340083888952
2023-08-31,11,90,0.6653029897522358
2023-05-13,11,51,0.19148962644365675
2023-08-21,23,16,0.4853751160706572
2023-03-15,22,140,0.3343001406332321
2023-10-01,17,181,0.41532510779420095
2023-11-29,8,16,0.11009439531008192
2023-10-30,17,168,0.49886292062063164
2023-03-10,23,5,0.5959737226989427
2023-04-08,3,69,0.3148326459409453
2023-02-13,1,43,0.2894861638486771
2023-10-03,21,194,0.9084994122067074
2023-05-16,7,109,0.22858375223898464
2023-11-11,2,163,0.8055985013533256
2023-08-07,3,112,0.2470578871522614
2023-12-02,12,96,0.5011630538844651
2023-08-02,11,119,0.5986731629753981
2023-03-14,8,160,0.9683277129948892
2023-03-10,3,169,0.14818090992437838
2023-12-24,6,139,0.2241166964018677
2023-10-16,1,47,0.9967254584150156
2023-08-12,22,141,0.1239865457092123
2023-02-12,1,126,0.3353585051429707
2023-10-21,7,138,0.9065083800942624
2023-08-05,24,62,0.023999461591290072
2023-11-14,15,67,0.19145336997650986
2023-04-06,23,113,0.5677553871748877
2023-09-22,10,181,0.2052959547515807
2023-03-26,12,194,0.3322747034391682
2023-05-10,19,179,0.9355507423041546
2023-04-10,16,155,0.5451563159389959
2023-04-16,25,108,0.455676245283651
2023-02-02,15,143,0.8217072983632937
2023-08-29,7,58,0.0019994343695394212
2023-04-03,2,17,0.761145465740778
2023-11-09,23,64,0.4526482558669457
2023-12-10,7,134,0.7712607663907387
2023-07-05,22,74,0.11330582286101487
2023-09-04,1,127,0.831476269837602
2023-05-01,6,122,0.09163272783131415
2023-02-16,12,73,0.28215659933485915
2023-01-08,25,186,0.03675327720312471
2023-01-13,6,58,0.688364988249358
2023-01-15,16,73,0.9127434448540865
2023-02-28,17,61,0.767609297302087
2023-06-20,19,61,0.09693358897690418
2023-11-19,9,7,0.8330105460978168
2023-05-18,2,200,0.8873249650884929
2023-09-13,15,50,0.6390525718039223
2023-01-21,7,177,0.17276063256108654
2023-06-19,21,18,0.015359878542632543
2023-07-13,1,75,0.911640201478975
2023-08-08,10,111,0.41846789594681133
2023-08-17,17,170,0.48414855318321925
2023-05-10,12,21,0.715068619573825
2023-01-22,2,199,0.5742995279704474
2023-09-13,20,53,0.09398660478438847
2023-09-29,6,113,0.09510990992698909
2023-05-28,21,21,0.6668463364417306
2023-11-15,4,2,0.6448375066175246
2023-03-18,12,89,0.1859160634057785
2023-11-29,25,66,0.875010871735572
2023-11-22,5,11,0.6538829472806521
2023-10-05,7,191,0.8817045527281427
2023-02-14,21,100,0.18225957434689066
2023-09-19,2,119,0.362519577202956
2023-10-12,13,77,0.0794911723641597
2023-06-30,14,22,0.6238517066657606
2023-10-12,2,70,0.4461636636874048
2023-12-17,10,51,0.38625905186036513
2023-12-21,7,157,0.7573762897628562
2023-08-06,1,85,0.3841129096455922
2023-05-17,7,174,0.15903168799237288
2023-01-26,17,114,0.3121937758439275
2023-02-01,8,190,0.5663638802912058
2023-04-04,15,91,0.704357802936864
2023-07-18,24,56,0.11044585392191841
2023-04-30,14,101,0.48599679205521595
2023-04-08,23,105,0.507120971525439
2023-12-23,24,156,0.6174498422027983
2023-10-05,19,105,0.3210871989037397
2023-10-15,14,101,0.9793430562004999
2023-08-11,4,84,0.36565985901860576
2023-10-16,21,171,0.8180609125728671
2023-12-23,1,72,0.5851081241110923
2023-07-26,1,136,0.35332986193539717
2023-08-31,20,33,0.10034831104099962
2023-09-05,21,150,0.7643521598434568
2023-03-07,7,178,0.0374197484072869
2023-06-09,13,49,0.3197239998692689
2023-12-01,13,59,0.32917095499240545
2023-02-12,20,49,0.18084357633584447
2023-10-15,4,53,0.7345828431109995
2023-02-23,13,6,0.582665850063795
2023-01-21,15,187,0.9492367905142702
2023-06-01,16,119,0.954119878723388
2023-06-26,10,192,0.4049543664774724
2023-11-16,10,39,0.8826054395503061
2023-05-22,17,173,0.1904016340035466
2023-07-18,6,129,0.5710779946153057
2023-07-14,17,194,0.9542527203714813
2023-09-06,17,138,0.41158970449968457
2023-09-26,21,139,0.6414725827867533
2023-01-27,4,1,0.9713102234441633
2023-11-20,4,128,0.4517207981494876
2023-01-24,2,141,0.4797681951003735
2023-01-10,22,114,0.8822517476413961
2023-11-25,7,189,0.735667128674855
2023-05-06,25,187,0.715458665015107
2023-10-22,4,101,0.3089773583991964
2023-02-17,12,69,0.909695993826357
2023-04-26,4,33,0.9635032775096155
2023-10-26,23,114,0.10217702143779084
2023-05-09,19,30,0.01542141455620527
2023-10-21,20,77,0.08063842195693649
2023-09-06,21,163,0.9597774877642739
2023-11-21,14,25,0.36383882189040984
2023-05-17,2,3,0.5504092816684858
2023-04-11,22,115,0.9754905487355019
2023-11-04,22,128,0.8177800017272954
2023-07-25,17,85,0.20382851255999024
2023-10-23,4,134,0.2035506862446842
2023-04-18,24,73,0.029603227568772317
2023-08-07,5,101,0.48183509824629545
2023-02-02,15,17,0.06994793867637938
2023-10-19,15,136,0.9252907200094237
2023-08-22,6,156,0.16035427415724746
2023-06-07,23,41,0.8969994894466531
2023-11-14,18,97,0.4307376858554125
2023-05-22,5,156,0.28454031838071103
2023-01-21,1,95,0.14528940056197504
2023-01-15,20,194,0.18792218509467096
2023-08-08,17,168,0.5970356403828545
2023-03-29,1,130,0.7871204223222235
2023-06-02,12,25,0.570961383425269
2023-11-24,22,41,0.3445407874355948
2023-05-23,8,138,0.18462297279920303
2023-08-21,20,49,0.03385952536985837
2023-09-13,2,103,0.2850183211303683
2023-10-31,23,59,0.7719641571997851
2023-11-18,21,22,0.9203112865831253
2023-03-05,15,105,0.6167397449090708
2023-03-18,13,88,0.2622440037527515
2023-08-07,18,157,0.699543740393585
2023-01-19,11,103,0.014548832309566162
2023-02-05,20,36,0.04500965817969471
2023-12-24,3,187,0.9523052134437093
2023-02-03,11,18,0.6859682313877666
2023-12-27,21,77,0.6172931360103122
2023-10-14,9,178,0.4676807497481241
2023-10-16,9,52,0.7411846998020101
2023-10-21,5,32,0.84044036751534
2023-08-23,14,152,0.4320870847681274
2023-10-05,16,163,0.6773364120914845
2023-10-20,15,42,0.4525250882311994
2023-07-19,12,101,0.518592152567875
2023-12-15,8,175,0.5885464354341462
2023-09-08,5,118,0.048179214635533874
2023-01-22,11,136,0.3096798117870013
2023-11-17,19,103,0.43115418281038864
2023-06-14,8,98,0.1294705229342561
2023-04-16,11,116,0.4616434151685471
2023-05-04,17,156,0.07178143310723295
2023-05-11,14,143,0.5143513245951358
2023-09-17,24,120,0.5832372971505976
2023-10-07,1,19,0.0664666914924289
2023-12-01,6,159,0.517655131183154
2023-08-04,19,89,0.3658656227306333
2023-11-13,8,102,0.4853945398442727
2023-08-17,10,166,0.1561462014318452
2023-11-24,7,163,0.08064635877795034
2023-10-03,17,28,0.17645436506195544
2023-08-04,19,128,0.6641545479077408
2023-11-30,23,91,0.46583895287198196
2023-08-20,16,20,0.34704011771127696
2023-06-03,23,131,0.2426808877964115
2023-12-26,16,183,0.7913923151281496
2023-02-08,11,117,0.34344375020692386
2023-10-13,14,81,0.06431437549627339
2023-01-21,24,105,0.5184703774431892
2023-11-03,11,11,0.7966310265035353
2023-06-24,19,59,0.889549368446853
2023-11-12,14,73,0.732879500035231
2023-08-03,1,126,0.9649054405306282
2023-09-03,3,159,0.8663432123740641
2023-04-21,12,4,0.7864367950986622
2023-05-23,4,180,0.2509120858710222
2023-04-07,9,187,0.33916829837235574
2023-01-20,1,20,0.1877459322939672
2023-12-19,16,169,0.5480226686485177
2023-11-01,11,14,0.5275813968971333
2023-08-09,7,153,0.30229037962411
2023-06-30,15,24,0.993411180701958
2023-02-17,13,39,0.3181782499172391
2023-01-09,8,149,0.23915801244335577
2023-10-20,6,155,0.7645432509730025
2023-11-15,2,173,0.38252032396056523
2023-05-26,1,164,0.7567173608299884
2023-07-19,20,170,0.47493074694375914
2023-01-13,11,168,0.8675140655201724
2023-11-14,8,155,0.509541946550371
2023-08-22,24,83,0.4951917026119812
2023-12-22,3,4,0.11570116656648954
2023-06-03,7,35,0.1063232138276804
2023-06-20,22,102,0.053731993365942365
2023-04-10,11,26,0.014770302758226106
2023-01-22,9,13,0.6118938148395867
2023-08-30,9,170,0.42908728933386575
2023-08-19,10,48,0.49297833684083114
2023-11-21,7,105,0.3765208101202612
2023-08-08,23,69,0.38411864887014235
2023-11-26,15,35,0.1745870223049223
2023-09-23,17,173,0.39877411333991697
2023-04-27,14,144,0.9028753115708605
2023-08-27,24,132,0.9174247657685886
2023-06-26,25,78,0.46144560417045943
2023-12-22,17,20,0.30260676504090944
2023-10-15,3,33,0.341183250542883
2023-06-01,9,132,0.05112798423384424
2023-02-19,14,149,0.1940636978293483
2023-07-23,21,113,0.3539059362353365
2023-06-17,8,108,0.22250870115059418
2023-01-04,25,130,0.1313613366535874
2023-09-12,7,141,0.9418770470814235
2023-03-17,9,130,0.8896077682813525
2023-05-10,20,85,0.40055823582096406
2023-07-10,8,151,0.33305007285512556
2023-07-08,6,135,0.9317562546651744
2023-12-17,1,32,0.12853483489611517
2023-02-03,16,198,0.7834092886966447
2023-09-15,23,27,0.17441908024482722
2023-02-04,23,14,0.5605391098817817
2023-03-05,21,75,0.8011494606774855
2023-10-26,7,168,0.5435073178744262
2023-11-29,25,130,0.46811007435012
2023-12-09,1,5,0.8298555687451207
2023-04-15,15,180,0.4631032962372118
2023-06-13,25,60,0.31072123607708935
2023-04-02,16,149,0.684176846453214
2023-11-07,4,64,0.48776091601183325
2023-10-04,9,184,0.9650938819120729
2023-02-22,14,133,0.019397900666281
2023-12-13,20,78,0.08741495514138209
2023-09-25,17,39,0.3293557159466596
2023-06-28,23,11,0.03452680396318075
2023-11-14,18,142,0.9534630108075443
2023-12-13,25,61,0.9100677555262994
2023-09-10,4,48,0.916967338031873
2023-07-06,13,96,0.8912685730832817
2023-11-01,15,83,0.6078279492924021
2023-03-24,17,12,0.49686789773685514
2023-01-04,8,59,0.23766482369570296
2023-10-11,22,53,0.030375770123924783
2023-12-25,8,121,0.5040475661972377
2023-12-04,6,41,0.3938192006015683
2023-07-29,24,151,0.5883629519199634
2023-11-26,11,40,0.024273094510312898
2023-05-06,20,159,0.16630787168050176
2023-04-22,9,96,0.40571823595670076
2023-10-16,19,63,0.22416324828083323
2023-11-07,2,176,0.7638598984822966
2023-03-12,8,105,0.9927798155207195
2023-04-11,2,10,0.49224758592267426
2023-06-15,9,77,0.7001735770779696
2023-03-14,14,26,0.17971683956856277
2023-07-21,10,174,0.29422340862811747
2023-05-18,11,88,0.7827262207004994
2023-04-10,7,150,0.45972616231322727
2023-06-20,20,165,0.9373677214683722
2023-02-28,7,7,0.34241869146461823
2023-11-08,13,90,0.8270870829994083
2023-05-15,9,31,0.1340259281183197
2023-11-11,25,85,0.2107970891893548
2023-06-03,3,140,0.29385870084323407
2023-12-11,18,67,0.4003975902561383
2023-06-02,21,164,0.06581285077920274
2023-08-15,14,35,0.9034410312739053
2023-02-06,24,126,0.4967548790910705
2023-07-05,10,118,0.714182916399747
2023-02-21,7,144,0.02906360523438911
2023-07-14,23,50,0.010588297750190545
2023-12-24,9,190,0.320330150266244
2023-08-19,2,98,0.47763946568921456
2023-05-06,3,141,0.1441509127908117
2023-05-25,19,145,0.593165558308377
2023-09-07,13,70,0.2029885097856725
2023-01-17,15,93,0.2851382994502941
2023-01-29,25,97,0.6587905468312814
2023-07-13,2,158,0.7996622868762342
2023-11-23,24,191,0.9941222313991069
2023-09-06,7,155,0.5390232625813871
2023-08-14,11,93,0.21019547087097368
2023-10-09,3,28,0.8505630971499979
2023-07-12,25,82,0.14621507290602775
2023-07-07,8,141,0.4717698222635206
2023-06-28,21,181,0.09421682792811836
2023-08-10,18,144,0.4108238585531159
2023-12-26,13,66,0.5229743549053337
2023-08-24,12,80,0.4945395158097887
2023-06-09,21,36,0.0014028259382922181
2023-02-26,22,175,0.7313949302058351
2023-06-29,15,17,0.23462431973548215
2023-08-02,7,3,0.7293612818891684
2023-03-06,20,99,0.7597598264963252
2023-06-25,7,162,0.8670189679616995
2023-07-25,11,97,0.31959763474868297
2023-10-23,4,127,0.2282257385461317
2023-10-23,8,187,0.1152210496486511
2023-05-18,14,195,0.9605825808442184
2023-05-06,17,180,0.007961161689619023
2023-01-04,21,47,0.34447766730080054
2023-01-29,9,41,0.9513921174754053
2023-02-17,23,49,0.6187837974350177
2023-04-19,6,152,0.3199230593184059
2023-02-27,16,123,0.13717675526640472
2023-10-07,6,6,0.3561983194410746
2023-05-18,23,26,0.6380561553463547
2023-03-16,20,37,0.9980195871208953
2023-06-13,1,178,0.6006004640520154
2023-11-02,25,140,0.7757526865304383
2023-10-08,15,118,0.055558914142992966
2023-04-09,23,177,0.4874565742374286
2023-11-09,25,142,0.7381161086631217
2023-02-28,2,13,0.24125278691936924
2023-05-12,17,23,0.698076305856389
2023-03-04,10,25,0.4448447077389429
2023-08-30,13,115,0.3853622606449124
2023-08-07,10,60,0.8017351822394228
2023-12-07,16,30,0.10082580997363288
2023-05-13,10,199,0.138431980757999
2023-10-05,1,103,0.13017052707731835
2023-11-09,3,5,0.32995787332509374
2023-02-16,5,12,0.8944813339755805
2023-11-06,22,17,0.2456895984123617
2023-10-30,12,147,0.1338914111746773
2023-01-03,25,70,0.8331194071039383
2023-12-08,4,129,0.11298599492540085
2023-11-14,17,19,0.9644582308591587
2023-04-13,12,162,0.7420155994383755
2023-07-13,25,15,0.8917866831746453
2023-08-04,13,171,0.46180051297424685
2023-11-16,9,10,0.5772588546757047
2023-04-27,23,192,0.38038628719773926
2023-11-17,23,165,0.08392652541410361
2023-07-11,5,75,0.7818643866860148
2023-10-12,16,103,0.43504509120665513
2023-10-19,8,72,0.8309153643104177
2023-05-16,8,61,0.11393315164550255
2023-04-18,1,87,0.09335115365136604
2023-04-29,24,197,0.08706598124176235
2023-12-03,5,5,0.43767109987898134
2023-07-25,9,51,0.4254786731026725
2023-04-16,14,35,0.31058520533074674
2023-07-30,2,103,0.44190673584634665
2023-04-03,16,46,0.9810107402341831
2023-10-12,7,78,0.637541044520688
2023-04-29,1,80,0.9973839724094316
2023-06-07,1,64,0.6506229386026672
2023-04-08,9,82,0.3692986503922371
2023-07-16,20,131,0.6726901221033081
2023-08-09,25,109,0.3182543261330124
2023-12-17,5,138,0.4018229255530579
2023-03-19,18,146,0.736104860787254
2023-08-14,3,125,0.15314420175831067
2023-11-21,23,177,0.9725570410875883
2023-07-06,2,113,0.09172236510877674
2023-11-12,5,118,0.8983114988851314
2023-08-15,8,190,0.1492557551854189
2023-03-13,18,14,0.5492955017499611
2023-11-19,13,160,0.2775630202312108
2023-07-16,18,70,0.3467109827763153
2023-01-28,15,15,0.6010791136085595
2023-08-13,10,56,0.022776810491964672
2023-04-16,24,12,0.6451908422087594
2023-02-11,8,23,0.5633492310540711
2023-12-12,20,166,0.8335041246258535
2023-01-28,25,139,0.6729155594294582
2023-10-19,5,20,0.2366197034027283
2023-09-05,1,11,0.023633534800172384
2023-07-12,5,22,0.7528754047854763
2023-03-31,2,125,0.5882364109038286
2023-06-25,20,133,0.6350635268897483
2023-06-26,17,198,0.9332653673334115
2023-12-15,24,25,0.6562591452929021
2023-10-09,17,195,0.30492496112551193
2023-12-24,25,200,0.09940710519893159
2023-02-18,11,197,0.3547262187851081
2023-10-30,17,147,0.4808743621545679
2023-03-14,20,11,0.1179396318079855
2023-02-16,21,135,0.7578360604322276
2023-07-07,11,31,0.7956074984263167
2023-06-11,8,70,0.8405990826902715
2023-08-18,7,154,0.07563492524557347
2023-05-26,6,34,0.6848287501497476
2023-12-01,24,150,0.6755614418163863
2023-05-11,23,77,0.2189584143592722
2023-06-25,9,155,0.6396007504904816
2023-02-22,11,47,0.28045973274888225
2023-11-24,6,107,0.5183674389677606
2023-01-25,7,149,0.32434186737036985
2023-06-17,15,81,0.8260835199320175
2023-12-15,6,175,0.570852653478299
2023-12-15,15,175,0.09548008563070587
2023-10-05,8,18,0.8538514868009421
2023-04-05,24,129,0.8081542646709586
2023-07-12,2,200,0.3799011961152974
2023-06-06,3,85,0.0637248754435441
2023-11-27,24,163,0.5519491632224153
2023-12-30,3,73,0.9687768303230654
2023-05-16,13,42,0.0635796773633075
2023-05-24,14,73,0.10160928961402904
2023-02-17,11,193,0.30816203804993014
2023-02-05,22,82,0.5468023894361214
2023-03-31,8,186,0.016267286381315027
2023-04-03,20,193,0.485535663071474
2023-09-05,16,65,0.09449110247760584
2023-07-23,6,126,0.21079492066466055
2023-12-05,10,149,0.06388691942304303
2023-03-17,12,26,0.40817580957227306
2023-04-15,10,35,0.0013752388297820772
2023-11-08,19,92,0.6341021361650142
2023-05-18,2,162,0.43589972546434075
2023-12-28,5,77,0.022505025423949165
2023-06-05,10,177,0.2995483489618349
2023-03-15,25,27,0.44209410619670264
2023-09-14,6,5,0.18707291579013008
2023-01-30,9,88,0.2748427031043722
2023-11-02,17,20,0.502216916882491
2023-05-08,1,85,0.13409577536209794
2023-08-26,24,47,0.875608743118043
2023-02-18,15,23,0.943688990916774
2023-07-27,5,41,0.609287981022285
2023-06-05,1,179,0.849605440105901
2023-07-09,18,74,0.3048894404848631
2023-11-23,15,178,0.4357688780392529
2023-09-24,24,51,0.22221840436205997
2023-08-14,17,169,0.48723774277595666
2023-12-17,12,20,0.3929712641777856
2023-09-01,18,200,0.9529199119083462
2023-09-26,12,96,0.24112222341018819
2023-03-27,8,92,0.5859970989383008
2023-04-24,2,22,0.5256636022414334
2023-09-01,1,144,0.3915697218139028
2023-07-15,23,74,0.31093971520216623
2023-03-03,24,128,0.21462840709237552
2023-03-20,12,27,0.9544365143338877
2023-12-04,10,128,0.7427563955575228
2023-05-15,2,6,0.45319367320519344
2023-08-07,18,166,0.9377925993967343
2023-09-23,13,76,0.8184707018767361
2023-11-03,8,125,0.35950059424054837
2023-06-18,18,21,0.9939033703452883
2023-08-22,17,35,0.22670295594074752
2023-10-08,6,38,0.5895269762930431
2023-03-24,2,108,0.9184040017494799
2023-07-08,21,126,0.48812842932201495
2023-05-10,18,176,0.6352234984310631
2023-05-19,23,200,0.5249347401971013
2023-02-23,4,20,0.7070673119846758
2023-05-28,14,167,0.8224049169356121
2023-03-27,4,191,0.7080169851262759
2023-02-04,1,138,0.4186170269856362
2023-04-15,18,155,0.4833568109971118
2023-08-05,20,200,0.23643748530958586
2023-10-16,18,112,0.2372511049902718
2023-07-29,16,132,0.08130412667938725
2023-03-09,21,4,0.547357848020583
2023-03-10,17,151,0.06335566939614012
2023-12-30,18,162,0.8507276164463858
2023-09-23,18,108,0.48121458213005863
2023-03-30,4,97,0.5701876735002515
2023-04-24,20,89,0.07695268649739417
2023-02-15,25,168,0.15623615381781364
2023-02-13,8,167,0.5319423388221984
2023-06-22,17,33,0.21489343328871535
2023-12-30,8,85,0.30146514267432767
2023-10-28,16,78,0.5116319229353459
2023-09-14,8,140,0.269269090700071
2023-02-10,5,155,0.007370694147648238
2023-11-02,16,52,0.46391839418729675
2023-07-16,12,18,0.7409875688915294
2023-05-31,2,127,0.30671632083487343
2023-12-15,24,103,0.457484715479493
2023-01-03,15,80,0.6232645910391774
2023-02-13,1,196,0.6570393976539204
2023-10-13,18,56,0.6385885486555212
2023-04-19,22,33,0.0029471567677586963
2023-08-15,9,144,0.9447878141083393
2023-12-18,17,149,0.3087960895465578
2023-08-04,5,64,0.8088997708919669
2023-06-02,18,155,0.461670121262026
2023-11-13,17,81,0.20085056678826263
2023-05-18,13,2,0.6456668850549857
2023-04-22,22,191,0.057113157305164086
2023-06-15,6,115,0.6999018878078626
2023-03-05,12,129,0.11477594182029949
2023-12-18,11,88,0.5023247654096661
2023-07-06,17,173,0.22662606624763781
2023-08-19,19,87,0.09258587957315512
2023-07-21,21,173,0.40559421297876597
2023-11-02,18,181,0.9464456001589477
2023-08-17,3,151,0.7653192526330017
2023-11-25,18,180,0.7850172045498833
2023-03-14,8,28,0.5948648876090952
2023-12-31,1,163,0.048138804983843486
2023-09-14,21,147,0.736569833436468
2023-06-04,24,155,0.3090201564833537
2023-05-18,9,103,0.42401514074843727
2023-03-13,6,191,0.3049420268125259
2023-05-06,22,13,0.6169336802875122
2023-12-14,4,94,0.09921596705908431
2023-04-05,24,43,0.3883473347504386
2023-12-07,21,156,0.10144174596506172
2023-11-04,12,1,0.26410792843959097
2023-03-11,1,6,0.8411197575578678
2023-06-04,22,190,0.9115892579609398
2023-03-15,11,6,0.16039362076978203
2023-07-14,15,10,0.33869251795377386
2023-06-21,7,103,0.18722223202653798
2023-03-22,6,19,0.0991859291256989
2023-07-09,20,19,0.39781042946284784
2023-07-18,4,126,0.046571547058570695
2023-06-05,23,3,0.5315083818126429
2023-04-03,10,26,0.1632494146809722
2023-06-12,1,145,0.2799064527279551
2023-04-11,14,117,0.40064923863115964
2023-10-08,3,155,0.7342829198352101
2023-10-01,21,2,0.3908679190220571
2023-09-19,1,115,0.21545665845819761
2023-03-28,7,187,0.7938800487553205
2023-07-27,12,175,0.9037198249041237
2023-12-20,7,32,0.9220051906227386
2023-03-15,5,154,0.4647900178125577
2023-11-12,12,23,0.132085028345987
2023-01-11,1,52,0.9646116804886524
2023-09-09,4,59,0.9171557073239232
2023-05-07,16,22,0.3551628577836463
2023-09-16,11,58,0.9481186872409713
2023-02-18,16,74,0.4247708515054902
2023-04-29,12,136,0.6740042333185273
2023-08-04,20,171,0.15396272736219418
2023-03-31,7,51,0.44486968058654386
2023-12-22,2,43,0.8723402495025494
2023-01-01,22,18,0.022933110891328545
2023-02-21,7,78,0.19463028696618423
2023-08-20,23,112,0.43403260372867725
2023-09-12,2,47,0.7687208503376741
2023-05-06,10,188,0.6993007715802584
2023-12-19,18,200,0.6681343509341046
2023-01-04,6,77,0.6220822205864234
2023-06-08,14,57,0.5230276681626838
2023-05-10,14,98,0.09733987627874974
2023-05-10,24,119,0.21211111560580498
2023-06-24,20,118,0.34725854447830695
2023-06-08,13,9,0.40579539601893955
2023-09-12,13,189,0.3875136696097994
2023-06-18,16,101,0.8849324952659644
2023-08-07,4,133,0.4133075715585306
2023-11-01,16,157,0.6050169008737447
2023-10-23,7,7,0.0370187014552229
2023-04-01,8,119,0.01421586638628658
2023-08-27,11,14,0.96312080870919
2023-10-12,1,194,0.8589568937419417
2023-06-01,7,37,0.8549836304329091
2023-11-19,20,139,0.7225195732333018
2023-11-18,3,178,0.48291256973167396
2023-09-08,8,101,0.5685454201801556
2023-05-12,15,48,0.36037183046512167
2023-02-23,13,12,0.7167673265520413
2023-10-25,8,85,0.5103993376283041
2023-07-22,23,38,0.4617439244575635
2023-06-18,25,148,0.28897405972696943
2023-09-03,16,173,0.24287767384152392
2023-10-09,15,36,0.35561262369483615
2023-06-19,12,89,0.04712051566906206
2023-01-01,20,59,0.2631630170257162
2023-06-12,13,43,0.1878512478403147
2023-10-30,14,46,0.3611133335882474
2023-03-12,19,8,0.6122917875959334
2023-03-13,4,147,0.989901660803223
2023-04-15,4,37,0.4471880077174831
2023-07-09,5,121,0.6903678266601958
2023-01-21,19,125,0.7134995838855954
2023-12-11,22,68,0.7481944238499887
2023-03-01,11,10,0.6922336396370247
2023-07-10,4,117,0.5296496272638399
2023-12-15,10,145,0.022025697778520148
2023-02-01,1,36,0.040016288618126894
2023-11-06,21,96,0.6084979949580792
2023-11-27,2,11,0.8124301687164202
2023-02-05,13,14,0.7294341860109611
2023-04-29,5,181,0.9748374295728687
2023-11-13,13,17,0.5977930331203144
2023-10-02,9,108,0.6886847239692205
2023-03-01,13,74,0.9266262499135867
2023-01-15,23,39,0.20127750760049679
2023-08-09,13,108,0.09850181054231755
2023-05-16,2,139,0.30090619562577403
2023-08-05,13,121,0.1575103889547277
2023-01-15,23,3,0.08085271260824278
2023-10-02,9,193,0.963511765952729
2023-05-24,5,171,0.5162277833088259
2023-01-11,8,138,0.8274054890888186
2023-11-26,7,166,0.6813686415162613
2023-04-14,6,132,0.9765862303818293
2023-08-18,22,88,0.9603729837848883
2023-08-29,14,159,0.9574546440531229
2023-01-07,14,192,0.19966213071871508
2023-04-14,21,197,0.6105979190327747
2023-07-09,6,6,0.09747737791313837
2023-06-24,2,123,0.8244424945220856
2023-04-03,13,166,0.023136129510486936
2023-11-18,21,166,0.8748662515061394
2023-07-28,6,64,0.8670753308704543
2023-09-24,25,83,0.21036306223515844
2023-09-25,3,91,0.9509028559702987
2023-12-12,12,8,0.17029059275507108
2023-10-25,11,133,0.762610342393992
2023-09-13,2,61,0.29964766047305347
2023-09-10,4,31,0.10708676012594454
2023-09-23,13,159,0.43553347284872035
2023-02-13,7,93,0.2681992047476285
2023-03-10,11,195,0.26734150412415947
2023-05-08,12,168,0.40980308380906905
2023-08-14,11,168,0.08919493840998483
2023-10-03,8,166,0.9951166989124864
2023-03-22,15,44,0.7044804496943466
2023-08-23,15,12,0.15934582650082785
2023-03-16,1,113,0.044142387830956586
2023-11-23,18,181,0.7731867664231911
2023-01-07,22,184,0.36535971206191686
2023-12-22,19,171,0.5877854347169942
2023-02-19,12,82,0.9052947867817686
2023-09-22,23,40,0.870187182896143
2023-11-22,10,25,0.7825706664152642
2023-01-20,4,62,0.6549955577961952
2023-11-06,1,171,0.08802365270837398
2023-08-19,17,6,0.03298635133828687
2023-07-06,18,116,0.7951208068025134
2023-09-30,3,80,0.2599125324776227
2023-12-25,24,197,0.7829154452922018
2023-06-21,17,139,0.41287259547060584
2023-05-23,6,55,0.9254738277707181
2023-01-30,3,41,0.17573371575278796
2023-10-01,23,102,0.7768232689774586
2023-05-21,4,43,0.7140902341158447
2023-10-29,15,26,0.11761512927427498
2023-04-17,6,118,0.5805351731683122
2023-07-22,15,135,0.9408713061032289
2023-11-11,19,187,0.13285415240698029
2023-07-08,25,108,0.8410079390669122
2023-02-17,19,39,0.7494745963853204
2023-06-09,10,175,0.08370309395989672
2023-05-27,21,157,0.8017874121681495
2023-10-18,8,146,0.6876271210569387
2023-09-19,6,154,0.7233111267402078
2023-06-20,12,103,0.35043014618016266
2023-02-17,7,114,0.31932698220835765
2023-01-18,12,90,0.39838132354512623
2023-03-13,4,70,0.2883537432026769
2023-03-25,12,94,0.047852487442837655
2023-05-03,12,67,0.5348863717222688
2023-11-06,8,115,0.4361012120934986
2023-02-03,15,70,0.3205468710189595
2023-09-25,3,189,0.48691912270917337
2023-08-27,12,50,0.3022288905274002
2023-10-28,9,80,0.8687954212031925
2023-11-09,16,175,0.5791778475562341
2023-05-11,17,84,0.21706992352787213
2023-12-24,10,84,0.9318773731766785
2023-05-25,7,129,0.38566720586824865
2023-09-05,4,78,0.8921261720454776
2023-09-19,19,111,0.5778579391434678
2023-09-05,17,189,0.2296753801227136
2023-10-19,2,138,0.08197521180399181
2023-02-06,5,66,0.9125074199249337
2023-01-25,2,124,0.08185088436782273
2023-11-10,9,186,0.959590270677454
2023-02-23,9,52,0.526957889412911
2023-07-18,1,94,0.5657309302313603
2023-12-11,12,166,0.6122502086962894
2023-07-02,8,69,0.2949328789718805
2023-04-10,13,42,0.15518176526057081
2023-12-31,11,67,0.6210367313006256
2023-10-11,7,61,0.44320056629431426
2023-10-10,13,73,0.9686851221328271
2023-10-18,22,32,0.2512518441120054
2023-05-31,22,110,0.7635302758594487
2023-03-24,7,41,0.627232492085014
2023-01-20,9,103,0.5979807782847453
2023-05-29,8,81,0.7877603286313658
2023-01-16,17,162,0.2457399519669804
2023-06-02,16,11,0.3109007630216274
2023-10-25,17,124,0.15199741632415387
2023-06-28,22,1,0.8975396920453486
2023-10-06,4,93,0.05020474914159956
2023-11-06,3,184,0.012818746802638836
2023-03-29,7,83,0.01891169335358933
2023-10-10,9,22,0.6204412429736718
2023-02-11,9,103,0.8781960701220828
2023-06-05,10,4,0.39807725209234657
2023-05-16,9,118,0.3863163081837141
2023-12-04,9,50,0.0077569868272130416
2023-08-19,4,91,0.9723737987005949
2023-05-05,9,175,0.6337583989456526
2023-08-07,9,200,0.9988941515851741
2023-12-15,18,170,0.34844680169927345
2023-10-27,3,194,0.5808099547818155
2023-02-05,6,13,0.12874719686694702
2023-07-07,9,52,0.06069797132227994
2023-10-31,12,81,0.0863884449878769
2023-03-19,8,123,0.5364835949790039
2023-01-21,14,144,0.14576987975663835
2023-02-26,7,150,0.8597211051342137
2023-12-08,23,94,0.6519429614821005
2023-08-03,8,91,0.5650191511958659
2023-09-11,4,171,0.9876706189614266
2023-09-07,2,63,0.2922368623698285
2023-11-22,7,91,0.347296040151463
2023-03-01,8,47,0.27536027066373936
2023-02-25,16,128,0.9258613789131434
2023-02-13,21,194,0.5962298819087651
2023-11-05,11,182,0.7670488205932899
2023-03-13,25,167,0.703788370708896
2023-03-31,14,131,0.41792847862508054
2023-12-26,10,123,0.7192372791320947
2023-05-28,12,60,0.6614238686344908
2023-08-15,24,38,0.19665264231045576
2023-09-24,2,192,0.10121240751404337
2023-09-16,19,192,0.683214469334273
2023-11-08,15,110,0.009908251862200457
2023-12-07,6,19,0.3353922833264139
2023-10-08,18,54,0.5507973779792414
2023-07-30,10,62,0.27857379066900034
2023-09-06,20,109,0.3297359057970475
2023-07-30,1,25,0.24052009735740354
2023-01-14,3,11,0.7698510845838765
2023-04-25,16,160,0.9069350120340126
2023-05-26,17,129,0.8220927188326445
2023-12-08,18,109,0.23919241609625785
2023-05-10,8,200,0.21630422527849613
2023-12-17,10,125,0.19646245761783176
2023-12-10,24,144,0.9601544578809725
2023-03-24,22,151,0.637770098247705
2023-10-22,7,172,0.6291281781574012
2023-08-22,1,62,0.23705788133182504
2023-01-20,3,97,0.7987011054568688
2023-11-20,5,191,0.6408779159180611
2023-10-29,9,124,0.06899151475751697
2023-06-06,11,195,0.46126064257708155
2023-05-26,23,5,0.23373051174733406
2023-03-23,21,184,0.29883736663022864
2023-09-09,15,188,0.868319620261154
2023-10-13,21,155,0.4667150433565228
2023-11-16,10,193,0.9194828450063981
2023-01-21,13,27,0.8040178069508047
2023-02-20,15,156,0.0520737002087589
2023-05-25,17,53,0.005217252363533542
2023-10-18,6,48,0.9751877107482506
2023-01-30,15,167,0.491526089495781
2023-09-17,14,23,0.602771724223324
2023-01-01,6,12,0.1626865224175259
2023-10-16,4,172,0.547468430162739
2023-12-24,9,50,0.1416754693345832
2023-12-15,22,71,0.6887299773953701
2023-09-01,2,104,0.8179432209277314
2023-07-17,24,76,0.04176676563892168
2023-11-12,17,3,0.9572474676555124
2023-04-20,18,59,0.8262440217897348
2023-09-15,14,129,0.03378760688482929
2023-04-30,18,7,0.10377971972729017
2023-12-24,18,79,0.9801375546753764
2023-11-07,17,42,0.48049863570323004
2023-04-25,18,97,0.8308219615089287
2023-11-07,17,165,0.2584318155279891
2023-12-19,1,195,0.7473614166134008
2023-07-05,5,107,0.4474792546267343
2023-07-01,16,148,0.43272261528603995
2023-02-05,1,120,0.27924847583684176
2023-09-24,12,142,0.1525283294963824
2023-05-08,17,38,0.06834004609693711
2023-01-24,12,179,0.20970468393085417
2023-01-07,19,173,0.507487928030014
2023-12-01,12,86,0.08867215314361165
2023-05-31,1,170,0.9914812926381763
2023-08-21,16,115,0.6564360944375053
2023-06-08,9,139,0.7913184438222871
2023-02-03,24,26,0.7526212885920981
2023-04-21,14,60,0.9856400180483841
2023-04-01,18,48,0.5111825690655714
2023-08-24,13,125,0.7432313570509451
2023-08-28,14,199,0.10419964312831498
2023-01-12,24,79,0.2243870393184766
2023-03-23,6,67,0.0024720952177696986
2023-12-07,25,32,0.6850388518097562
2023-03-10,6,37,0.6805730912066568
2023-05-19,15,183,0.6134875401573027
2023-05-28,22,154,0.3560282807975158
2023-05-24,10,22,0.23694483183284254
2023-08-17,14,191,0.14138505154630943
2023-07-08,24,181,0.1375097693674966
2023-11-18,7,148,0.4106237331857856
2023-09-02,11,29,0.48845509462951897
2023-06-14,20,7,0.5291587306761641
2023-09-30,16,120,0.4121757237988637
2023-10-24,7,76,0.8702673051818935
2023-04-27,1,148,0.9404868637813988
2023-09-26,21,129,0.03376070523526531
2023-09-11,16,99,0.23204337609057502
2023-05-28,12,115,0.9164637574305995
2023-12-15,1,135,0.021941029763633324
2023-12-05,10,165,0.7342795417573557
2023-11-08,9,49,0.19333911809899929
2023-03-03,5,151,0.1097843059383794
2023-04-30,8,143,0.4870831957297469
2023-08-21,1,35,0.7043320182336725
2023-01-21,5,35,0.6018621473132982
2023-07-24,1,121,0.019776760456366005
2023-12-26,1,159,0.4055561847368827
2023-05-17,19,125,0.5388261877131049
2023-12-26,8,144,0.8950828309795891
2023-12-09,4,127,0.3506017231620868
2023-03-06,13,176,0.5864530119849803
2023-01-29,8,40,0.20368455920067285
2023-10-17,23,106,0.02513918140878979
2023-04-27,17,86,0.03309964063007742
2023-02-25,19,54,0.6897781352881672
2023-11-30,13,178,0.5505476721667105
2023-08-01,9,45,0.28792282553391424
2023-07-10,24,157,0.11624131294277018
2023-04-01,9,192,0.9173819602001868
2023-04-29,10,136,0.29620460605941645
2023-09-25,20,102,0.4024050465889215
2023-08-16,19,30,0.27946397743083073
2023-02-12,8,137,0.5467652253734054
2023-11-22,11,20,0.06723496211911117
2023-09-11,8,33,0.08869850119842171
2023-01-03,14,189,0.29394663828375034
2023-12-08,20,191,0.32074284007969434
2023-10-06,21,9,0.8244485922120554
2023-10-21,14,156,0.7483145327224111
2023-11-28,13,23,0.7659192861196494
2023-10-30,10,56,0.23885592963121016
2023-11-18,21,13,0.17261534683266977
2023-11-28,23,140,0.8738884373708462
2023-09-25,7,95,0.02479653361875045
2023-12-24,8,88,0.8838998015694854
2023-10-13,5,20,0.9181928661115616
2023-12-18,22,70,0.49969203218236713
2023-04-11,13,92,0.04748690711702208
2023-01-19,14,183,0.9295504670120176
2023-05-26,21,192,0.3750511673385545
2023-05-09,13,87,0.12660869350065918
2023-12-06,25,53,0.9731407096057779
2023-05-14,25,84,0.7551283469842865
2023-05-18,11,30,0.7822653291777995
2023-08-19,15,68,0.03309143471060638
2023-09-12,7,84,0.4930111480463284
2023-05-08,13,71,0.9874770953041744
2023-01-01,6,175,0.9688009706334366
2023-10-22,10,90,0.6926738050262939
2023-07-19,8,121,0.5534066738048865
2023-10-29,19,122,0.6552722733154726
2023-04-14,16,34,0.9873162478537522
2023-09-03,12,116,0.31188268323271273
2023-01-19,16,142,0.3382317120372378
2023-02-15,20,173,0.7302511647921319
2023-07-27,24,73,0.6531872315342933
2023-07-20,20,28,0.06208038836044716
2023-05-18,17,175,0.3650774634959214
2023-06-22,24,10,0.10069157762471403
2023-07-23,25,115,0.7707283181407383
2023-03-25,22,14,0.9290299975046091
2023-12-12,15,186,0.9559327520535141
2023-06-07,22,65,0.8825080293433529
2023-04-22,18,61,0.03761260329140648
2023-04-28,9,158,0.3135406577915907
2023-12-09,20,113,0.9860122099816888
2023-05-21,7,44,0.6200200123500222
2023-06-08,6,113,0.17723807313239714
2023-10-02,6,178,0.21832376780998652
2023-09-14,19,51,0.04348305992246204
2023-01-31,22,49,0.24740181878742085
2023-03-02,3,100,0.8833153051936963
2023-01-27,4,102,0.71501445837002
2023-04-01,14,95,0.44782916845806586
2023-07-22,9,30,0.54463686746417
2023-07-26,10,114,0.6892027762911604
2023-07-01,15,101,0.4768019985951516
2023-01-31,4,15,0.782329800982159
2023-09-10,4,178,0.17777986133637402
2023-08-05,2,58,0.9521650122532127
2023-06-24,8,50,0.6219072484526441
2023-07-26,5,184,0.701158516009076
2023-01-22,4,16,0.18277206294954518
2023-07-22,16,32,0.005090367040884836
2023-05-04,3,12,0.14350401714316707
2023-02-05,25,111,0.14554316506509635
2023-03-07,2,33,0.3931285200154877
2023-11-04,5,30,0.4777479864403086
2023-04-03,19,39,0.7430709122528709
2023-03-21,22,157,0.37555160619706474
2023-11-29,14,108,0.6717744123150459
2023-11-25,2,159,0.13210419231006354
2023-06-16,20,161,0.0915307525187754
2023-04-10,6,171,0.5509957012038449
2023-10-30,3,121,0.6431492763575475
2023-06-04,4,199,0.2579763964606441
2023-07-29,6,68,0.5659267989030214
2023-07-08,14,129,0.21178933685579304
2023-02-11,18,1,0.06533752232701162
2023-02-11,7,141,0.7392821957219939
2023-12-07,13,104,0.3519353873345933
2023-08-31,14,105,0.8943167660740258
2023-06-21,19,61,0.5453337189376245
2023-06-03,10,140,0.013012229662922592
2023-07-31,2,42,0.30834448095218203
2023-11-08,24,48,0.5069548512293053
2023-05-28,21,174,0.9603315985590862
2023-12-27,4,47,0.5327981176739534
2023-08-03,11,121,0.9052966732660831
2023-09-01,1,33,0.3082505430748781
2023-09-02,6,88,0.059430484863737254
2023-09-22,6,124,0.7321705238508469
2023-02-03,4,35,0.5846953218048773
2023-03-09,6,174,0.20253542016101167
2023-04-18,18,51,0.44185575019593104
2023-02-28,15,122,0.5178140087477527
2023-08-15,9,133,0.23046391324726545
2023-03-12,21,5,0.27350692561700973
2023-12-01,22,192,0.6429820355305602
2023-03-05,10,16,0.19745222025344433
2023-08-15,4,62,0.6506307141587437
2023-08-11,9,71,0.14275258349681175
2023-12-02,16,9,0.13274839748051248
2023-11-29,20,144,0.29855635529716296
2023-11-04,7,2,0.23754109123733236
2023-01-23,8,198,0.1873673953186037
2023-08-11,21,174,0.7583101687676109
2023-09-22,18,199,0.5278701702523146
2023-06-18,6,101,0.9170903474497031
2023-12-06,2,189,0.9159627510698455
2023-06-08,9,2,0.7480149613286712
2023-03-13,6,97,0.7744176548224315
2023-01-01,24,43,0.9466945286086391
2023-10-11,2,23,0.5899979768583108
2023-10-03,17,80,0.9424263707820733
2023-04-14,3,49,0.9455265814196466
2023-07-19,16,158,0.9944092386124123
2023-12-08,15,106,0.7386443293552029
2023-12-29,10,129,0.14672381914408084
2023-04-22,9,175,0.7686387064276219
2023-03-12,25,132,0.2812271731210174
2023-02-17,11,67,0.20442672024467778
2023-03-21,20,158,0.9554935961493318
2023-01-02,5,89,0.2169646540321225
2023-03-07,25,180,0.37763542784537785
2023-08-24,18,111,0.45682141066464865
2023-01-02,19,63,0.23557321928171593
2023-05-28,13,83,0.5888591279387732
2023-01-18,12,172,0.7929615063586682
2023-09-03,5,170,0.22218646594685387
2023-03-18,11,145,0.12320526929542641
2023-06-14,21,25,0.8769544270272345
2023-10-10,8,73,0.3644650633117391
2023-09-22,17,200,0.12567487215854967
2023-12-02,16,68,0.8404275429565621
2023-05-04,21,23,0.03013155246744681
2023-07-23,22,142,0.06867371644154818
2023-07-01,23,129,0.23426795101029363
2023-02-20,11,154,0.20854897904001657
2023-03-21,18,19,0.05808039940182852
2023-01-05,8,117,0.44364766446092874
2023-10-26,1,45,0.9017826163307451
2023-12-05,5,86,0.03951926991470567
2023-06-06,14,65,0.555022143708531
2023-05-14,2,177,0.673730994453368
2023-04-04,22,158,0.45297164739251294
2023-10-28,20,95,0.28100502095558644
2023-12-26,14,75,0.013693989301145626
2023-11-19,9,199,0.4546882280342627
2023-03-28,2,164,0.9992176355087761
2023-07-30,24,62,0.8725986191222318
2023-04-17,17,28,0.3307862886946914
2023-01-05,2,92,0.7031819108900702
2023-08-04,14,32,0.4684686361451873
2023-05-01,12,14,0.6409965959213815
2023-12-23,9,166,0.6107465675359091
2023-10-28,11,185,0.7801736427722745
2023-04-12,9,69,0.5451701341132584
2023-01-26,14,150,0.2771453253196283
2023-05-13,17,38,0.0810290079535323
2023-09-21,18,58,0.690981403245143
2023-10-13,6,23,0.7076273076385425
2023-12-01,22,23,0.6800038652289124
2023-05-20,4,66,0.6377909475386421
2023-08-19,6,12,0.044212659788617326
2023-04-07,4,45,0.5787862169640965
2023-04-06,17,63,0.3122341080912262
2023-03-14,22,119,0.43145723003510894
2023-01-14,16,84,0.12845262899951404
2023-10-01,21,131,0.22051906809513933
2023-11-25,5,172,0.9282201572466493
2023-05-06,24,161,0.5288435234233008
2023-06-17,6,12,0.9363854322612457
2023-07-13,8,119,0.1949555987163224
2023-06-30,8,49,0.2167112934952249
2023-08-20,6,170,0.05098801093063321
2023-12-17,11,40,0.6605818950267813
2023-08-22,8,198,0.5122896442225698
2023-10-08,7,120,0.7351447395104257
2023-03-11,6,70,0.9467837080668893
2023-10-24,5,166,0.06573408454944407
2023-02-09,13,7,0.9851247619502701
2023-03-04,24,88,0.10582039474273397
2023-01-28,23,92,0.875690936789982
2023-11-29,8,2,0.7844529502891703
2023-12-19,16,116,0.046374341235136174
2023-05-11,13,48,0.6610801385147084
2023-05-02,13,176,0.10995185627153015
2023-06-12,11,189,0.4468322360546374
2023-09-09,21,81,0.777550204863882
2023-10-31,20,46,0.5549584355143204
2023-12-12,6,104,0.9089021527735466
2023-06-16,9,83,0.2843767060135809
2023-12-06,10,66,0.060743878852627
2023-04-03,12,14,0.6327853289837296
2023-12-04,6,57,0.8512793853039108
2023-03-10,20,153,0.10065728220694925
2023-11-26,14,180,0.9417091829735221
2023-07-21,20,25,0.9136863643327906
2023-08-13,23,63,0.5127642452458266
2023-10-06,11,7,0.24328273720178173
2023-12-05,18,33,0.4089475636383466
2023-04-13,17,160,0.3687775569052334
2023-07-23,6,182,0.7847293307103824
2023-06-24,7,12,0.5275307664805733
2023-08-25,10,198,0.06837678862273733
2023-11-18,2,140,0.46484622527476216
2023-01-30,5,171,0.7460821618049931
2023-08-08,6,155,0.6945738207198948
2023-02-23,20,173,0.9165625657683664
2023-10-11,20,197,0.4124518864203828
2023-07-04,24,143,0.04894527925788272
2023-07-01,6,83,0.5375055553525062
2023-06-12,16,142,0.15280091440000687
2023-01-02,2,61,0.06004238923206273
2023-02-03,12,185,0.1522804311214565
2023-06-10,2,180,0.5073920524504782
2023-07-26,2,83,0.39171118318944864
2023-06-25,6,174,0.27010169225003045
2023-06-04,13,73,0.9579948789008593
2023-10-23,21,82,0.45894038431830886
2023-10-10,5,23,0.19255938383089544
2023-12-16,20,169,0.9858011935986991
2023-12-08,9,115,0.3445269318279799
2023-08-25,14,137,0.8153468220401763
2023-07-25,8,34,0.8938816824340743
2023-05-28,9,198,0.09720322709442386
2023-06-01,13,135,0.6531118535186988
2023-08-08,10,198,0.21043560938941563
2023-10-27,6,53,0.2512862397601273
2023-06-25,17,119,0.23376241397415465
2023-05-14,19,161,0.7252982998316215
2023-04-10,14,42,0.2842735219081708
2023-01-04,17,110,0.9594788025635849
2023-03-07,15,31,0.16397974022267114
2023-09-13,2,61,0.9569279573022985
2023-09-06,16,94,0.6840702188767248
2023-06-12,18,12,0.05517412985414871
2023-11-10,24,131,0.5615786412520701
2023-05-07,13,36,0.31157367223269017
2023-04-06,6,80,0.2486916983872669
2023-07-24,25,85,0.058441126575599966
2023-08-05,8,163,0.9780029240314817
2023-04-13,13,97,0.6098349982337808
2023-02-10,9,92,0.5305702344811128
2023-06-10,5,66,0.6991908119794956
2023-04-30,1,51,0.10451047118214152
2023-03-10,10,158,0.4428213718337064
2023-02-09,24,43,0.2041207638107969
2023-07-13,23,144,0.6964762193913663
2023-06-25,15,42,0.5735481714114762
2023-07-06,17,29,0.9578359286134551
2023-11-11,11,66,0.7887847959227929
2023-01-13,19,93,0.10538427317186272
2023-05-09,12,109,0.6195543455453104
2023-01-11,15,182,0.9679842992525025
2023-03-18,16,71,0.03970676554524666
2023-10-11,2,42,0.6932620557749685
2023-09-09,25,169,0.7616050022910187
2023-05-19,7,43,0.21845669982938531
2023-09-09,15,100,0.7336443390280911
2023-08-24,12,159,0.3238367698245529
2023-10-08,13,68,0.48405016170331927
2023-02-22,14,41,0.013318234255781047
2023-07-27,10,55,0.2376784609798902
2023-11-09,22,161,0.8292134864904795
2023-12-10,17,90,0.558357827109164
2023-03-18,25,190,0.440429877971627
2023-06-16,1,61,0.5043095403133823
2023-06-18,1,78,0.1413289684203678
2023-11-27,6,67,0.23227987073057121
2023-04-18,12,70,0.7807201676742787
2023-03-17,21,52,0.05617260964962256
2023-08-05,16,103,0.6357085438257731
2023-12-22,23,61,0.5466740031186041
2023-01-11,6,113,0.1793045725375031
2023-12-18,23,95,0.8307710834271468
2023-11-29,16,39,0.5365190917722382
2023-05-08,18,111,0.6182451600580291
2023-04-25,20,82,0.8288252506607622
2023-06-02,14,146,0.22795021517310354
2023-12-28,6,130,0.24007007466681163
2023-09-06,1,176,0.47414016879452436
2023-06-17,2,130,0.5138591443768942
2023-10-11,1,199,0.6617527175658361
2023-04-16,16,133,0.46343617565215
2023-08-28,20,77,0.18006568115051047
2023-12-15,3,125,0.5303538099915799
2023-01-08,10,59,0.07818066147466507
2023-12-20,23,63,0.9972559378860596
2023-10-11,16,22,0.27766130216507123
2023-05-15,22,118,0.10983118555182314
2023-08-14,20,138,0.6948945683707507
2023-05-30,11,48,0.3419173447103243
2023-10-06,3,170,0.15222924437875007
2023-07-19,6,115,0.2617487637063953
2023-01-18,16,54,0.20780714348107798
2023-12-27,4,115,0.8349623819337102
2023-02-04,6,148,0.8665076888162169
2023-07-14,15,119,0.44387760615401206
2023-06-07,13,158,0.2556295380106296
2023-09-07,25,63,0.037968091997415354
2023-04-23,6,155,0.730112756001732
2023-06-28,3,74,0.8022043966256232
2023-05-11,8,33,0.8347822013433815
2023-09-11,12,1,0.8919747066888074
2023-01-30,16,149,0.23028198162644242
2023-06-16,18,147,0.992850085441199
2023-01-06,15,98,0.59115286531918
2023-12-19,2,125,0.3265789148411816
2023-01-02,23,98,0.6704286221410309
2023-11-15,7,173,0.17122813634593104
2023-01-22,16,123,0.3952237326067024
2023-07-18,22,21,0.9666284166056064
2023-02-17,17,41,0.7348444084094962
2023-08-07,24,200,0.6323796659787948
2023-03-01,18,176,0.518639764536921
2023-07-13,1,128,0.3396290489257836
2023-12-21,22,185,0.769576211922701
2023-02-25,16,103,0.21283692708465596
2023-04-22,21,167,0.5833131965481841
2023-11-06,16,37,0.4133906961018905
2023-04-28,23,161,0.8787397688035732
2023-09-10,1,42,0.40625716851843885
2023-06-15,19,145,0.6473155166231016
2023-02-23,24,27,0.013408043281424642
2023-06-25,3,186,0.4869090619113815
2023-07-21,10,123,0.4459135574497658
2023-01-17,23,176,0.8008837590369462
2023-12-21,15,117,0.8002435592844246
2023-12-14,24,184,0.3593638572526041
2023-02-13,24,21,0.8626518885598011
2023-03-01,11,67,0.5720941627070874
2023-04-05,23,71,0.49927963064798564
2023-05-14,16,85,0.13042364822536046
2023-12-15,14,10,0.4044920455355552
2023-09-25,9,149,0.7852384494419091
2023-06-29,22,181,0.18822779757413122
2023-06-28,20,193,0.2644393452374595
2023-10-22,25,35,0.8699402896462769
2023-02-23,15,83,0.08942500752716853
2023-01-15,17,194,0.5093624108004153
2023-10-29,25,37,0.8272290373040574
2023-12-27,12,20,0.9531117218647566
2023-09-07,10,85,0.8810452576232639
2023-11-29,6,11,0.20111332937217352
2023-04-15,5,113,0.8589952313945062
2023-04-04,6,141,0.2095907347638053
2023-01-12,21,73,0.22250737607783833
2023-12-05,16,140,0.5324306743935313
2023-04-04,5,58,0.5541271610702814
2023-03-08,5,61,0.10287937853426754
2023-07-21,25,125,0.7809722875681755
2023-04-08,16,89,0.49518189858314066
2023-06-20,8,87,0.36779584169941326
2023-01-25,24,108,0.2142778385656442
2023-04-23,10,162,0.24976926069298633
2023-04-13,3,33,0.9806001201255211
2023-04-18,2,135,0.8174912973293269
2023-04-16,12,54,0.010403493153700705
2023-05-02,3,197,0.33303534401516355
2023-12-24,23,57,0.7403136544701958
2023-01-17,24,174,0.9166580882805822
2023-05-09,10,41,0.03399704618291299
2023-12-06,22,26,0.2775793275674384
2023-02-23,8,108,0.4192797155772431
2023-10-31,12,122,0.9965150907536209
2023-07-27,10,40,0.9470065477738422
2023-05-19,3,92,0.9971771306455232
2023-12-13,8,81,0.5492721643710875
2023-07-26,1,94,0.8149295614050247
2023-08-20,19,95,0.10611581859366914
2023-12-25,4,53,0.5955770897719534
2023-03-15,14,157,0.7324407506927855
2023-01-19,9,57,0.25575789776234814
2023-07-12,6,117,0.3128038999996289
2023-07-18,9,177,0.5573309015343274
2023-10-27,25,117,0.34628993408342423
2023-09-18,25,93,0.579158423313532
2023-10-09,11,47,0.32586528126213643
2023-09-25,10,113,0.7229650805179648
2023-06-19,3,35,0.8839569333445285
2023-02-17,21,92,0.012144813154232326
2023-09-27,11,62,0.14985605140904945
2023-06-03,15,158,0.27095557646322266
2023-10-04,23,24,0.9890339158783215
2023-02-19,10,14,0.062295996912648866
2023-11-15,10,74,0.9216677070856667
2023-05-13,17,110,0.713052338045827
2023-05-18,13,60,0.6507533623493088
2023-11-24,14,41,0.3534030839957265
2023-06-02,20,178,0.8584409075324754
2023-03-22,4,1,0.1313939612681453
2023-12-14,18,121,0.3110678511432158
2023-06-24,24,150,0.6154178473797679
2023-03-02,2,78,0.9062081924998084
2023-10-17,1,51,0.3904944332127914
2023-01-16,19,105,0.38471343823528914
2023-10-15,12,2,0.9220020385352143
2023-05-08,21,128,0.7404813243795
2023-12-21,11,45,0.13918475055204826
2023-03-03,5,106,0.11488755781472804
2023-09-09,11,179,0.23703087137170853
2023-05-30,8,180,0.8596211939588664
2023-12-16,6,3,0.058569674820285966
2023-01-26,5,167,0.8373741343937853
2023-02-13,16,171,0.2626398313025958
2023-11-09,2,35,0.2465743187263295
2023-05-15,4,138,0.01126163494266752
2023-05-23,19,179,0.6096625040554855
2023-03-25,4,142,0.24245755204925046
2023-02-23,4,183,0.06071978240251852
2023-12-13,9,117,0.4247945155616235
2023-05-12,16,101,0.4709505231444222
2023-01-15,22,55,0.7410331228921693
2023-01-05,15,86,0.34507075859547076
2023-11-05,6,79,0.7524318784940082
2023-10-04,9,94,0.2523435781832333
2023-07-01,5,160,0.8785803134829373
2023-03-29,11,25,0.8803243209642697
2023-07-23,8,14,0.5779684699854192
2023-11-28,1,97,0.00620412166751505
2023-12-06,5,199,0.8948119253857136
2023-02-03,23,169,0.6442006513297516
2023-03-08,8,98,0.41278622128133824
2023-11-29,15,44,0.18893836624315719
2023-03-22,17,180,0.43284648938886705
2023-07-15,18,194,0.2684576163798704
2023-10-23,17,33,0.7341857767260401
2023-09-02,25,170,0.6763513279717585
2023-12-24,9,80,0.7204049395162457
2023-08-10,10,107,0.11757972516072668
2023-10-29,7,200,0.6912847614107753
2023-05-12,8,198,0.9422942678233046
2023-12-08,9,46,0.5150042347271171
2023-06-28,14,199,0.06793237287095244
2023-09-04,14,38,0.9250752831407699
2023-10-03,14,77,0.5849738114585028
2023-07-19,16,143,0.15567510430192044
2023-07-13,8,148,0.20395496377816846
2023-02-19,18,175,0.8785347342731067
2023-09-19,7,36,0.966507638235685
2023-07-21,25,8,0.0825985970626103
2023-05-30,10,168,0.3709290611048326
2023-07-24,3,197,0.677203766601705
2023-09-06,6,159,0.249224567199396
2023-09-18,21,3,0.8780596537513151
2023-06-25,20,140,0.8682412832918887
2023-06-29,15,71,0.830081638551096
2023-01-23,15,100,0.9617217230808355
2023-02-08,4,76,0.30895797042390727
2023-08-17,8,129,0.4521442912586906
2023-08-30,5,108,0.6459033677459934
2023-02-06,20,83,0.45377833000157786
2023-02-22,5,163,0.24777187730480987
2023-01-20,16,128,0.5584161523319057
2023-02-06,4,42,0.32469034385762496
2023-02-25,25,151,0.3489354733424289
2023-03-24,9,131,0.785218613819078
2023-10-30,16,101,0.17805158807124088
2023-09-12,12,159,0.9583133785451524
2023-05-29,20,61,0.1798902804565239
2023-03-29,13,150,0.8685594311570312
2023-09-12,9,3,0.938147924356457
2023-08-02,14,51,0.4795483883642283
2023-10-07,6,121,0.15522717214372062
2023-07-27,15,1,0.22262635493259664
2023-08-11,14,8,0.715267011048519
2023-01-05,2,73,0.9506298838719474
2023-06-16,2,87,0.6939867063047073
2023-09-21,7,142,0.839924999652624
2023-06-26,14,178,0.9811857896838744
2023-12-28,10,134,0.897866673888854
2023-11-29,15,2,0.5449088961798453
2023-10-03,24,154,0.8697144579014048
2023-05-09,13,83,0.7960298095601297
2023-09-27,4,120,0.603109823007159
2023-05-09,2,48,0.5920579484424271
2023-09-24,20,28,0.2029561939747082
2023-12-08,11,28,0.7789740312835036
2023-08-08,14,52,0.1795833397607114
2023-08-23,4,88,0.8515082560233703
2023-09-22,23,100,0.4136025421202313
2023-11-16,16,107,0.35943862158920903
2023-07-21,16,43,0.05121586772804643
2023-02-04,10,112,0.5293812196380425
2023-06-16,11,75,0.09508256084855615
2023-09-04,12,17,0.08710773902124547
2023-10-17,6,145,0.7450220037469206
2023-11-15,13,162,0.28393462578852857
2023-02-13,22,163,0.3332760457873678
2023-11-02,17,29,0.6769793521642029
2023-12-02,8,49,0.6628379491159173
2023-02-26,25,51,0.2642842579737391
2023-08-04,10,196,0.3444526572126333
2023-03-06,14,25,0.33449768682235703
2023-07-01,20,166,0.05183455585320995
2023-01-31,18,113,0.3311282739140573
2023-05-05,25,144,0.037751670796982384
2023-04-21,13,155,0.31079804656422416
2023-05-06,10,77,0.45599541404584376
2023-12-11,23,53,0.8660773454018431
2023-11-04,17,133,0.39186103287221674
2023-12-25,25,2,0.9196194698271922
2023-02-12,1,26,0.19395231923515444
2023-06-02,22,149,0.12765622458449966
2023-04-22,1,135,0.1296322481528489
2023-02-28,15,43,0.9533980518721815
2023-08-07,17,147,0.4192159904501662
2023-03-18,3,172,0.7287435158442024
2023-07-31,18,64,0.048278511248102896
2023-06-04,19,149,0.9755781786365509
2023-04-26,23,164,0.9489115098722438
2023-02-03,21,167,0.4725495537205643
2023-06-06,3,57,0.36690817240813023
2023-08-27,1,45,0.01361078829311646
2023-03-09,15,75,0.5506673151415237
2023-10-17,8,167,0.07620369431143537
2023-07-12,11,195,0.8914814470688692
2023-09-21,21,141,0.16774335555081055
2023-04-18,9,115,0.5621113570332996
2023-08-26,7,29,0.8427557670917166
2023-03-18,20,154,0.19061267939869686
2023-04-14,6,89,0.17097183148912376
2023-06-26,23,190,0.5670163668813352
2023-09-24,11,80,0.8035247649986957
2023-10-01,1,131,0.06529775139030414
2023-12-07,18,197,0.809713765550254
2023-02-13,10,78,0.7964593076590094
2023-01-23,15,37,0.5484405077249236
2023-09-02,19,98,0.4657103423696509
2023-04-29,18,137,0.8041333619376023
2023-06-03,14,146,0.21920145813365177
2023-04-04,25,81,0.07760941972594826
2023-05-15,22,142,0.5844890760647673
2023-02-22,25,92,0.2536583619658723
2023-05-01,10,104,0.6559587284719668
2023-10-04,12,172,0.4776763128148517
2023-02-23,8,138,0.9357425333293147
2023-12-02,10,66,0.6741301381584284
2023-05-04,6,15,0.8940718539931893
2023-01-10,13,100,0.6193688648417772
2023-03-08,10,131,0.5880173295711286
2023-02-07,16,99,0.3582495399708062
2023-05-27,14,98,0.11320614271349771
2023-11-07,4,143,0.5038789079119148
2023-06-11,9,132,0.6871008660705639
2023-01-24,17,93,0.38260702174955086
2023-06-08,19,193,0.022698703919414864
2023-09-12,17,95,0.801585971966433
2023-02-03,20,167,0.4743701225299989
2023-09-19,4,84,0.8216395535237198
2023-09-19,17,54,0.4922535036918425
2023-09-10,23,183,0.3692804463628946
2023-08-07,10,96,0.306363974127861
2023-06-06,23,24,0.4852924458575999
2023-09-11,10,120,0.3583380436668536
2023-09-12,12,91,0.7406844014375876
2023-03-12,4,143,0.6784592313557313
2023-08-25,13,18,0.1907136450605189
2023-03-24,8,127,0.9164568681282494
2023-07-23,25,143,0.581635293694205
2023-07-06,10,6,0.012059836220443265
2023-04-11,1,147,0.39655152483409417
2023-01-30,7,35,0.5570066257075125
2023-09-23,5,134,0.06381934857680394
2023-03-20,15,5,0.3959291947096386
2023-04-21,15,173,0.8432308882584184
2023-06-28,15,36,0.9948219495111074
2023-04-20,6,87,0.26369928157544675
2023-11-23,9,64,0.3292556323341934
2023-11-12,6,109,0.8476386880269648
2023-08-12,19,171,0.9655197489170395
2023-11-28,18,148,0.6410209365896737
2023-09-03,24,176,0.7206691936903289
2023-04-07,17,168,0.39440210304344514
2023-04-01,2,106,0.36273993509326086
2023-01-14,1,51,0.16784065338526344
2023-12-18,20,165,0.15718717736631993
2023-04-30,10,81,0.6541081618702216
2023-05-06,7,156,0.5247603125232154
2023-12-18,19,6,0.6890482538162024
2023-03-27,18,57,0.6267643404654769
2023-02-03,15,25,0.15473413181683726
2023-04-29,20,71,0.3856159417279461
2023-05-22,1,200,0.8354130464652757
2023-10-03,6,96,0.933170152553966
2023-11-08,24,134,0.7454394603146414
2023-12-09,17,6,0.5939233071043062
2023-06-01,22,44,0.17420063545538456
2023-04-10,10,32,0.3570820372398602
2023-11-02,7,175,0.6089285086687879
2023-01-24,14,53,0.716635895872009
2023-01-15,19,50,0.7384348278305519
2023-04-16,22,66,0.3355790180187179
2023-09-22,21,27,0.493087709501815
2023-06-30,24,70,0.7366468503809678
2023-08-17,24,97,0.04144112662863286
2023-02-23,11,101,0.5600606595044801
2023-08-29,22,87,0.32852633112937024
2023-04-12,14,200,0.5014975550675667
2023-02-04,20,178,0.5125284660917562
2023-04-19,1,132,0.638339813484435
2023-10-17,21,4,0.4010998371403226
2023-04-28,19,116,0.7993797733396983
2023-03-23,8,143,0.30862059722344193
2023-07-15,10,94,0.26162151925011246
2023-09-27,8,41,0.5555972656225849
2023-09-01,10,117,0.3606253827538053
2023-02-16,11,104,0.5676225397854813
2023-02-15,22,54,0.36986695834478134
2023-09-26,1,131,0.41539386168883496
2023-08-19,15,126,0.7551092303034852
2023-12-01,14,148,0.583544427662236
2023-02-13,16,43,0.882688011446043
2023-10-10,24,113,0.7391575903183002
2023-10-22,10,129,0.19627315693906178
2023-03-21,6,146,0.8032246264160832
2023-01-22,4,73,0.40782675192179874
2023-03-11,21,58,0.8165990445594921
2023-04-04,13,141,0.4455620044500863
2023-02-04,14,115,0.9590325700442707
2023-02-26,25,126,0.4539285474220939
2023-08-13,3,91,0.2745933175810229
2023-05-01,3,103,0.3402348008745494
2023-06-10,4,155,0.42649144476383016
2023-10-22,1,48,0.943365303833626
2023-07-09,6,64,0.23271851947317157
2023-11-16,3,131,0.437970261358265
2023-07-13,10,193,0.39380291938250067
2023-06-18,9,152,0.4773573702936833
2023-03-17,21,144,0.6986070427820799
2023-01-31,11,83,0.25726733911830835
2023-07-26,12,155,0.796826842989756
2023-01-22,18,84,0.35611000068954524
2023-04-26,19,9,0.431054000743907
2023-01-10,19,178,0.6484622050124718
2023-10-01,19,57,0.6312464074451972
2023-11-24,18,199,0.5763895513884537
2023-12-12,24,55,0.07059685398269211
2023-12-17,9,114,0.45471410002324986
2023-03-18,23,94,0.7315026511408956
2023-05-21,4,39,0.7432009060905898
2023-05-28,20,98,0.8075823339826047
2023-07-28,24,20,0.4309601787384185
2023-10-12,15,94,0.832049396895016
2023-09-24,24,41,0.182344941538777
2023-08-02,17,126,0.44285791709855304
2023-01-16,1,126,0.6126409145588148
2023-04-04,5,65,0.1480884251163962
2023-07-17,10,124,0.04504388610784482
2023-02-07,12,189,0.4537714657810821
2023-07-04,18,16,0.2581796457875206
2023-10-15,18,27,0.9745609566078455
2023-06-13,13,72,0.9965812635883541
2023-10-04,10,128,0.4306265229435762
2023-02-01,18,57,0.9638267324790312
2023-12-20,18,49,0.8030785835807871
2023-02-12,24,144,0.029657614229217977
2023-10-09,10,164,0.8468969884856891
2023-06-02,4,15,0.3640123908443216
2023-12-27,2,134,0.7847859337746074
2023-03-27,16,16,0.5889659981340748
2023-10-05,3,41,0.7438901137126981
2023-11-13,7,87,0.1680367399059034
2023-07-30,9,171,0.5006824303817691
2023-07-05,21,17,0.7340108990760671
2023-10-17,12,105,0.03354006636529394
2023-12-07,2,149,0.677776570794727
2023-10-10,8,138,0.3156666598981298
2023-08-14,10,156,0.1453548803587975
2023-12-16,24,41,0.04309998760648237
2023-11-18,3,109,0.07125656688757265
2023-10-10,10,156,0.3102048865481212
2023-04-24,23,33,0.8486239896187381
2023-12-19,11,11,0.8973489444584344
2023-07-28,4,83,0.2907971363138625
2023-03-13,17,166,0.42268809210410474
2023-12-31,21,6,0.37951691491749784
2023-06-24,9,10,0.8621797172405145
2023-12-19,14,166,0.8976520452320595
2023-03-26,1,161,0.5855134819283319
2023-01-01,9,16,0.845776552085356
2023-11-16,2,124,0.832803417785418
2023-08-21,7,62,0.5844191522191142
2023-07-26,16,100,0.14994800605276226
2023-04-08,20,184,0.6916399318454269
2023-09-14,12,138,0.2864312542577535
2023-12-11,3,171,0.917315373654565
2023-07-13,19,192,0.8625257154770275
2023-10-07,13,86,0.4200458948356156
2023-03-26,4,30,0.9143697996836588
2023-10-23,9,98,0.4931591165141035
2023-08-25,19,150,0.2680261750971674
2023-06-05,16,194,0.09596555533334494
2023-11-02,20,95,0.865425443802188
2023-02-09,15,174,0.36805615290154814
2023-04-12,14,138,0.11839160009151528
2023-02-06,2,18,0.5852905213774534
2023-12-14,10,195,0.4292083451983253
2023-11-24,14,141,0.13754590629720098
2023-01-06,14,69,0.2665496695282633
2023-10-29,23,31,0.4696595838033867
2023-07-13,17,146,0.9733000889559689
2023-11-23,18,145,0.2816062559344267
2023-09-13,16,120,0.6330818972621541
2023-11-25,22,175,0.6393306150395166
2023-06-12,2,41,0.928970123646142
2023-11-25,1,186,0.0005097128383021454
2023-02-24,3,137,0.03657248511069355
2023-06-10,4,174,0.3633408852060702
2023-10-20,16,70,0.6512977932822904
2023-01-11,9,194,0.009026915770406263
2023-07-28,17,76,0.06047352983961218
2023-04-13,9,72,0.1507608573009218
2023-01-08,20,183,0.03552003099802581
2023-05-25,8,182,0.5772214310081796
2023-11-16,6,85,0.9948843998518533
2023-01-14,24,23,0.4870336942075263
2023-12-28,6,198,0.5763104772710687
2023-02-25,8,23,0.9455285691259224
2023-02-12,10,4,0.04925175692669859
2023-02-13,9,10,0.15644759387551666
2023-11-02,22,106,0.9871653743379329
2023-08-02,13,188,0.5557739414114965
2023-10-03,20,179,0.34610730445756255
2023-01-12,22,2,0.24844256767431205
2023-04-26,13,60,0.28505334195955734
2023-07-22,10,163,0.3752532691500483
2023-03-22,13,51,0.6557400963149347
2023-05-03,1,41,0.7092839453150369
2023-02-28,7,142,0.4672030410494109
2023-06-18,8,194,0.6045242987838313
2023-12-23,23,19,0.12932199353952634
2023-12-25,17,30,0.7088198093597231
2023-10-06,6,90,0.05199516614268518
2023-12-15,18,15,0.448154936350448
2023-11-01,20,53,0.773321752243064
2023-05-01,12,76,0.060708754211458826
2023-08-23,23,46,0.5047591569144841
2023-11-08,22,37,0.9991463112630401
2023-04-28,19,164,0.061422187652211524
2023-02-07,22,127,0.9490307859412137
2023-01-23,1,193,0.7343517133904539
2023-07-10,9,34,0.20343520156493478
2023-08-06,18,88,0.3981484139604069
2023-10-28,23,2,0.5897966798547489
2023-07-30,23,84,0.8893465578470278
2023-08-11,20,144,0.31607670875347404
2023-02-02,5,82,0.5227544619698572
2023-09-22,2,95,0.6957504652327632
2023-09-14,9,103,0.003482300222462764
2023-10-05,16,25,0.7285883773471642
2023-07-06,19,113,0.81876224253336
2023-06-09,17,74,0.25107719296296305
2023-05-02,25,65,0.7557445230229588
2023-02-11,5,137,0.37058141630931996
2023-12-10,14,78,0.12358612599430707
2023-07-11,11,117,0.4435292490792826
2023-09-25,17,66,0.366041582138962
2023-02-02,2,135,0.8945766329755191
2023-08-23,10,138,0.06017910507882218
2023-08-10,1,198,0.9216338039979342
2023-04-06,11,45,0.8338939603933947
2023-02-04,15,32,0.10050199829404449
2023-11-29,21,161,0.2365614410921959
2023-08-11,4,174,0.8744306579387151
2023-05-05,3,164,0.8521975358910964
2023-09-30,20,133,0.9360292065267726
2023-06-07,19,190,0.6677265380633648
2023-07-16,17,43,0.21101333274530976
2023-10-28,24,121,0.5628800458680577
2023-02-27,19,111,0.3151087400529925
2023-11-13,21,164,0.7442506208336698
2023-09-23,12,145,0.6241492249670998
2023-05-30,3,115,0.021838355702887613
2023-09-22,1,174,0.4342751246109886
2023-12-25,1,87,0.3501172321465815
2023-03-27,7,44,0.3314994779759072
2023-02-20,10,10,0.14002618027805247
2023-09-26,18,27,0.7165690458030628
2023-10-02,10,27,0.22726339639332482
2023-11-17,7,7,0.41829591337281335
2023-07-02,14,55,0.045643223571860125
2023-09-04,16,163,0.1258668281532086
2023-11-28,18,96,0.04293212733942675
2023-07-20,8,107,0.1530197530023678
2023-07-01,8,69,0.17088899961611614
2023-12-05,16,193,0.060420666953820756
2023-12-30,6,199,0.9352849759863475
2023-07-30,14,53,0.7025016337774911
2023-06-05,18,73,0.904223414472878
2023-07-20,24,11,0.14264849397028911
2023-04-02,13,89,0.7174418624953132
2023-11-11,12,20,0.34445331811002156
2023-03-18,20,122,0.21300110864567523
2023-02-18,23,67,0.3663238248913717
2023-06-18,15,76,0.7961423829568645
2023-03-28,3,39,0.412933506612993
2023-02-22,3,194,0.22952790293738412
2023-08-08,19,171,0.3274737830462766
2023-11-07,22,190,0.8569949029123823
2023-06-19,18,115,0.4364133730976222
2023-04-15,16,24,0.254088143947384
2023-12-21,8,6,0.7964919704008674
2023-10-12,16,146,0.8897984754098955
2023-10-23,5,61,0.9034113793322074
2023-07-08,10,23,0.8367163153679615
2023-05-20,23,125,0.8935961240758387
2023-01-25,11,10,0.47540260988236394
2023-03-29,24,143,0.5174773772697704
2023-02-04,16,161,0.15155462929763786
2023-06-01,10,93,0.5659030174227349
2023-09-29,7,83,0.22709150799581268
2023-04-28,18,133,0.8831668028064458
2023-09-15,19,28,0.5774672424650726
2023-02-14,4,149,0.7347789251329109
2023-03-14,6,109,0.05312984682571775
2023-02-03,25,97,0.5824999395609533
2023-05-09,25,109,0.329890884708261
2023-09-28,12,82,0.428547407298414
2023-08-31,18,178,0.5968320578598053
2023-04-15,14,163,0.061883063338513344
2023-04-23,4,53,0.2649759209874063
2023-01-01,18,140,0.6879337769394559
2023-04-20,16,9,0.3730511801968197
2023-03-31,24,46,0.06776474799906473
2023-06-21,17,12,0.37450067004946397
2023-11-15,13,75,0.6613139984142943
2023-07-25,22,155,0.8551778542792249
2023-06-06,19,144,0.9456673155750517
2023-12-18,22,162,0.22069050316093763
2023-06-20,6,50,0.22258358387289245
2023-02-15,21,32,0.4575878336840862
2023-05-08,22,151,0.7575095942657841
2023-05-18,15,79,0.19404252043707004
2023-05-03,15,53,0.8338134643390335
2023-06-20,12,88,0.7699370149879019
2023-04-12,3,200,0.9490945959472197
2023-09-23,13,145,0.3874129562397244
2023-12-24,19,3,0.8920056292350154
2023-02-08,18,40,0.9941445538380455
2023-08-01,7,18,0.509605300797796
2023-03-03,5,52,0.1731214845254444
2023-02-14,22,146,0.8637468626892636
2023-01-15,5,180,0.6653729256462033
2023-10-05,6,198,0.8464434788114007
2023-10-24,24,126,0.9732709913741193
2023-01-05,25,99,0.008712863528671178
2023-03-26,17,96,0.32654811292975483
2023-05-08,6,183,0.09523702381247445
2023-10-21,1,121,0.3218752012525983
2023-01-17,16,76,0.18131010378139456
2023-12-27,12,148,0.9568184489627106
2023-08-18,17,36,0.9816107456190545
2023-05-16,5,13,0.9967306475289295
2023-05-05,1,159,0.4105878919253805
2023-04-16,12,23,0.8634505078030861
2023-08-20,8,159,0.44487774079747044
2023-08-22,16,43,0.44536592413087617
2023-11-07,18,2,0.8669807385050601
2023-03-02,5,16,0.6577804769055184
2023-08-21,8,18,0.5688576533772988
2023-08-28,14,33,0.2688441107377828
2023-05-11,8,91,0.8943278709470708
2023-09-03,20,165,0.5697178728807243
2023-09-18,18,172,0.9521295150505242
2023-06-01,1,181,0.3857563990025835
2023-12-15,2,105,0.3199255101318679
2023-06-03,22,194,0.35501978888265484
2023-09-23,4,13,0.5610771731578409
2023-12-31,6,100,0.01734821796601993
2023-02-25,23,10,0.7703313031204677
2023-09-03,20,168,0.37256098063973464
2023-09-21,25,42,0.06257005880620026
2023-04-16,13,138,0.45527417592355823
2023-07-23,18,193,0.8475670109537553
2023-07-24,21,68,0.3254760214842317
2023-08-11,20,6,0.5179825441259598
2023-04-05,13,94,0.3530928864922066
2023-08-25,6,41,0.25627696362086216
2023-07-23,9,135,0.9606022038750627
2023-11-21,24,45,0.7615590254190643
2023-12-06,15,85,0.7150210144140797
2023-02-05,1,140,0.32589507755965796
2023-01-29,3,58,0.2774135811713715
2023-11-30,8,189,0.4772174483458901
2023-02-17,19,83,0.8140729461687376
2023-02-08,14,77,0.23604993924867668
2023-02-18,16,179,0.7505655678947672
2023-08-02,4,185,0.5654805889782163
2023-05-07,13,34,0.676511724788897
2023-05-21,25,106,0.2954567528209099
2023-09-04,1,130,0.02254047346093413
2023-12-15,4,136,0.32149150863168974
2023-09-21,16,54,0.7467428092618364
2023-12-10,24,176,0.817238408903523
2023-03-22,8,53,0.015432098268334027
2023-09-02,14,42,0.4945938131003532
2023-02-25,25,141,0.13073071659194613
2023-07-05,9,22,0.081025281499856
2023-07-21,7,162,0.8479915005244393
2023-08-24,6,82,0.7094661348331932
2023-03-13,2,42,0.19237910543082004
2023-03-29,6,34,0.5886452462596427
2023-04-19,18,182,0.7006706186558416
2023-11-26,17,81,0.5099723953731996
2023-12-06,7,33,0.3033639947113499
2023-01-27,19,129,0.763977263732281
2023-09-19,19,39,0.31841693153921513
2023-10-12,14,168,0.43412230387345696
2023-03-02,9,146,0.5761299551510302
2023-06-01,23,101,0.2020485136333543
2023-04-10,12,110,0.5880116696850399
2023-11-30,3,179,0.5559394242119003
2023-09-12,7,168,0.4608795348003514
2023-02-20,7,1,0.8590401040226394
2023-03-26,5,6,0.28463295820018597
2023-07-16,1,166,0.7563533190556129
2023-07-12,11,20,0.12218176272019143
2023-01-04,7,40,0.7217776383419839
2023-05-06,12,27,0.9135326278172046
2023-01-26,1,167,0.25070205489472497
2023-04-26,22,146,0.9281996316592696
2023-06-02,17,177,0.5953186542421312
2023-01-16,2,166,0.1885876186457034
2023-05-09,7,32,0.24225023789079447
2023-08-04,19,177,0.756798279799658
2023-01-26,11,69,0.6347761490553716
2023-03-02,17,41,0.48495002267949805
2023-09-25,6,119,0.37793057615139347
2023-03-16,16,58,0.35924384506554374
2023-11-25,8,187,0.9436382440858904
2023-12-02,23,63,0.9462656875855098
2023-03-16,1,163,0.06537844780305502
2023-01-12,19,9,0.919095465738555
2023-10-23,6,11,0.6676380223342614
2023-09-04,22,42,0.8761823737615775
2023-07-14,8,142,0.49060679118110717
2023-05-11,15,32,0.4575945385027034
2023-02-11,4,11,0.06900851873173386
2023-09-16,7,144,0.8426599487579977
2023-04-26,23,120,0.241863736651715
2023-08-06,16,40,0.09649622942606939
2023-10-09,22,186,0.6293910867554557
2023-12-19,20,3,0.05163561349103574
2023-07-22,2,47,0.33722567279231586
2023-09-17,7,151,0.48897977279939353
2023-12-27,15,23,0.619928353697533
2023-01-25,23,162,0.997410158795017
2023-09-22,11,18,0.33867493285560746
2023-02-24,10,183,0.8924076064109451
2023-01-21,2,175,0.855369089650472
2023-02-19,22,99,0.5615133925701056
2023-04-10,5,94,0.08163738643207885
2023-03-15,4,158,0.38374145560983175
2023-08-20,1,92,0.9154731716799317
2023-01-07,6,161,0.6745625845479615
2023-09-10,3,127,0.03261000744730069
2023-05-28,8,34,0.38861453747700525
2023-09-26,20,177,0.6349639201591762
2023-10-19,13,66,0.25481901426969045
2023-07-08,3,172,0.0682146575630217
2023-07-20,8,90,0.4296945340523838
2023-05-23,10,188,0.25520694923086684
2023-11-23,10,34,0.8308980883206981
2023-11-19,4,139,0.857279563568036
2023-11-06,17,35,0.01663545342676853
2023-07-20,21,80,0.2630092699396982
2023-04-11,9,23,0.6532769121582866
2023-08-31,24,12,0.4263720332459422
2023-12-16,22,181,0.9814146684790199
2023-08-19,3,150,0.8354909912191895
2023-11-14,6,181,0.8086813548740742
2023-10-17,17,68,0.39069856318572505
2023-09-28,10,140,0.2415429470466538
2023-01-10,21,26,0.15578268420948582
2023-10-17,3,160,0.8437321958606115
2023-06-28,8,43,0.27732880005917593
2023-12-16,3,188,0.7899356274776489
2023-01-25,4,144,0.3365280801295658
2023-04-23,10,37,0.8651804362675698
2023-04-09,22,94,0.5595825145533722
2023-06-02,5,199,0.6049452228142128
2023-12-22,20,131,0.43288948033539265
2023-02-05,19,92,0.5007553191319852
2023-06-26,24,103,0.3155135782682531
2023-05-20,23,17,0.7864213712309082
2023-05-02,6,166,0.22162029407745687
2023-06-17,10,75,0.6782474216815556
2023-10-31,13,64,0.8892519914265402
2023-10-30,6,9,0.21715743620977945
2023-12-12,12,117,0.2533813634298808
2023-08-09,2,136,0.17512252393127514
2023-10-28,13,148,0.9426549438844393
2023-07-01,11,46,0.8611255028221394
2023-02-06,23,65,0.542560192879622
2023-02-10,18,111,0.6552787513290638
2023-05-07,15,130,0.869245339942864
2023-02-10,7,186,0.07184576649132124
2023-07-16,9,63,0.4067574039103633
2023-01-03,7,162,0.43312293432155746
2023-01-30,18,143,0.5042222241524219
2023-05-19,3,129,0.8234376390427487
2023-01-28,13,65,0.13157658208009426
2023-01-20,9,107,0.4351626406206991
2023-06-04,4,2,0.028872987198879096
2023-08-21,20,146,0.3458271539774608
2023-05-09,12,13,0.4349766624610727
2023-03-30,13,116,0.45420569903918406
2023-10-06,21,141,0.9730717489144082
2023-10-25,13,200,0.5041433975697157
2023-04-09,20,149,0.23065014715578236
2023-10-12,25,34,0.7269026927838237
2023-04-02,3,117,0.8350735125275761
2023-05-31,2,29,0.4958251688433387
2023-08-03,25,181,0.11198277749675312
2023-07-27,12,16,0.3309982947879939
2023-07-25,7,59,0.8103097573058283
2023-08-25,9,145,0.7502891092779626
2023-10-23,16,14,0.027782896981876526
2023-12-12,18,182,0.596632657168513
2023-01-01,11,184,0.5682793342380437
2023-06-05,4,37,0.20425179799289195
2023-03-28,2,22,0.7286299385011824
2023-03-11,12,54,0.13699403831171186
2023-12-14,13,40,0.12922811742414464
2023-07-10,15,181,0.7024299317507053
2023-11-15,22,54,0.6842396236206795
2023-11-02,24,200,0.10868944889034682
2023-01-26,5,135,0.7590486074327206
2023-11-19,6,132,0.4097634028236037
2023-11-22,5,19,0.125008380265914
2023-06-22,7,134,0.056707547428418104
2023-04-03,14,40,0.6656311788498915
2023-02-28,10,190,0.466142013275025
2023-01-17,6,57,0.22611234893295118
2023-06-15,23,33,0.25218698897054037
2023-01-09,2,28,0.3994331286723297
2023-04-19,4,138,0.03861575888413449
2023-05-13,17,18,0.7306540639276716
2023-05-28,25,111,0.8292240581755046
2023-12-16,1,107,0.8568544373533179
2023-11-07,13,51,0.491495197242687
2023-11-09,18,84,0.03754963787517829
2023-04-21,20,25,0.5380087050986123
2023-01-26,11,97,0.6460342523196173
2023-01-06,24,161,0.8978113928713379
2023-09-20,23,161,0.9006258164933313
2023-03-08,25,17,0.8953127810126421
2023-12-18,11,11,0.8315047635675319
2023-06-01,14,98,0.8262991324245038
2023-06-29,16,12,0.24353938399345865
2023-12-25,1,176,0.3509340129979035
2023-03-24,16,125,0.5350772870633865
2023-09-11,17,176,0.5128152474108498
2023-07-19,18,145,0.38058482739047306
2023-03-02,6,89,0.9583287065235079
2023-04-16,17,167,0.16774355663433071
2023-12-20,20,19,0.37468823673874263
2023-10-02,23,38,0.9202149952440966
2023-11-14,16,75,0.23645800780801973
2023-01-27,10,2,0.8111722119047107
2023-04-04,14,22,0.4548163873583708
2023-03-16,14,26,0.8446100033409175
2023-11-11,7,157,0.3333846694505579
2023-12-24,22,52,0.2521158811611265
2023-02-13,22,14,0.07630626887695979
2023-08-09,19,100,0.20364339169096335
2023-12-12,5,124,0.8360064135490579
2023-04-01,15,151,0.6790973797396009
2023-12-23,24,39,0.3796036554605572
2023-05-27,6,96,0.900675521477637
2023-07-22,22,93,0.7830610494160811
2023-01-31,5,46,0.07920205023662286
2023-07-12,20,47,0.10287436829252827
2023-10-05,22,189,0.2717137835379929
2023-04-28,22,49,0.2996946646797902
2023-12-04,22,6,0.7131131264311928
2023-12-01,20,49,0.7301040039297086
2023-10-21,10,96,0.6235762639443906
2023-03-21,2,141,0.28224469728642676
2023-11-19,23,169,0.8790414335269067
2023-02-14,9,22,0.49046783376984837
2023-11-20,7,13,0.6643883679953002
2023-07-15,10,75,0.5655755477467005
2023-11-17,23,121,0.43572369435886715
2023-04-11,21,190,0.45896347560249484
2023-05-23,22,118,0.23716117273027648
2023-08-07,8,171,0.6282525509915632
2023-03-13,22,140,0.037091523692903805
2023-03-18,11,56,0.44585989634760115
2023-02-08,15,143,0.6019686701324293
2023-01-13,17,62,0.290674964174496
2023-06-21,7,188,0.47610637309391646
2023-12-09,9,20,0.4007189995481104
2023-01-14,3,86,0.8945151283056829
2023-06-25,2,19,0.5422347838901692
2023-12-23,15,2,0.21479893756366797
2023-07-10,3,135,0.6449991658759251
2023-05-05,4,124,0.585812515004228
2023-10-30,18,80,0.27515618800898367
2023-03-08,13,159,0.1500012653355105
2023-08-02,9,153,0.38404982180931224
2023-02-24,18,199,0.02877625512103965
2023-06-01,6,16,0.9719297820885483
2023-02-01,19,58,0.3009772694164985
2023-09-12,17,126,0.032231369771643203
2023-11-17,4,59,0.7220557167507571
2023-04-22,5,168,0.1401199501786724
2023-04-16,5,150,0.6160005372475134
2023-05-06,25,111,0.17726802360283034
2023-02-26,13,99,0.523575610103829
2023-10-10,10,177,0.10659942509345599
2023-08-23,6,82,0.12527204795862523
2023-09-16,2,88,0.1403119993413654
2023-11-01,16,161,0.09233321557914154
2023-01-04,10,53,0.5457123691230641
2023-02-03,12,167,0.3158048039843788
2023-09-19,18,127,0.09311757881149785
2023-02-10,15,43,0.8538878020521067
2023-10-29,1,58,0.9876849426671083
2023-12-22,15,18,0.6455016680531024
2023-10-28,11,39,0.050612610173384365
2023-06-10,13,115,0.24873429661541302
2023-06-05,16,157,0.20018309839175852
2023-07-31,14,16,0.9823210106942779
2023-07-04,10,59,0.3774715948007913
2023-05-06,25,35,0.23001957635041692
2023-08-25,5,156,0.07087010640764779
2023-05-02,14,119,0.4940832785509628
2023-11-01,20,21,0.43770084857411273
2023-04-07,22,148,0.9818354452084948
2023-02-28,20,138,0.5016120065495236
2023-06-15,17,24,0.6171339925710628
2023-04-10,20,12,0.33174189249341923
2023-07-11,4,76,0.7160906414986488
2023-09-16,15,119,0.7786435845582121
2023-07-18,19,200,0.9544332297430212
2023-07-17,24,101,0.9422606660648083
2023-10-05,18,138,0.4478461349453178
2023-02-20,17,176,0.047995980906174185
2023-12-02,4,140,0.39466681069307463
2023-03-30,18,144,0.42099565534050554
2023-06-04,2,148,0.6053387831929755
2023-06-16,11,55,0.3745737308022068
2023-09-12,24,33,0.39747059451433153
2023-10-04,18,55,0.5495043046540993
2023-01-15,13,75,0.977896790800815
2023-10-27,17,88,0.6795879023872979
2023-07-06,5,144,0.10104003986659116
2023-04-27,12,155,0.9103109564145145
2023-12-09,21,199,0.3386032201721645
2023-08-02,16,140,0.5970803904135338
2023-10-15,14,111,0.6350857311666207
2023-09-22,11,5,0.0013076376440838144
2023-10-17,4,11,0.04705355628969876
2023-01-12,17,172,0.5589893948242568
2023-03-12,1,163,0.5728909006896504
2023-10-04,5,155,0.5289877300372687
2023-08-04,4,22,0.795693862266863
2023-10-28,16,118,0.3567631887553808
2023-08-03,19,136,0.10729703250755929
2023-07-19,4,136,0.7583716449223888
2023-04-24,12,145,0.5655648609986688
2023-09-30,14,145,0.16041927150351343
2023-03-21,2,104,0.24694677043669366
2023-04-01,24,106,0.4941025537131618
2023-05-09,12,100,0.02482130581217712
2023-06-04,13,70,0.8680505639455914
2023-10-04,8,177,0.8851528552773112
2023-03-04,1,99,0.6598163689495653
2023-12-26,24,81,0.566520403113628
2023-01-04,13,139,0.4896452676118831
2023-07-25,5,149,0.4767293501979333
2023-11-18,21,132,0.19772585143237276
2023-11-29,11,24,0.8460924600792495
2023-10-04,6,39,0.5523969645377038
2023-05-04,14,76,0.7022912758544582
2023-11-04,20,192,0.39270842573868703
2023-05-26,10,95,0.23900420005557044
2023-09-22,5,44,0.10757450597315565
2023-12-10,4,123,0.6314076994278063
2023-08-15,18,93,0.838254085892467
2023-03-08,15,92,0.7169019666616705
2023-01-05,14,27,0.008429400404371123
2023-07-17,13,77,0.2159871579941861
2023-01-16,15,57,0.371928589710508
2023-12-20,18,14,0.8481483081404222
2023-07-22,5,76,0.6249253901241074
2023-10-12,21,43,0.7476141954866112
2023-11-26,4,164,0.5825254876872791
2023-01-03,7,69,0.08040591030256505
2023-06-17,15,114,0.5053933951597133
2023-11-15,25,51,0.9503617780953287
2023-12-05,4,189,0.29828797773050253
2023-02-07,4,194,0.37748919670094583
2023-02-24,17,89,0.7082249903929788
2023-01-28,13,106,0.049037751371936444
2023-03-29,14,140,0.6004224814500031
2023-12-20,3,58,0.4340162820890556
2023-10-08,6,89,0.11582653764998208
2023-01-03,14,30,0.43787377271641736
2023-04-08,20,20,0.7942285067610926
2023-01-12,24,130,0.8456892517310688
2023-03-31,5,73,0.1524834657783235
2023-04-21,10,46,0.8522659264992798
2023-12-12,5,196,0.13459477551873544
2023-12-20,8,151,0.22638298785641975
2023-01-12,16,182,0.37599075190903675
2023-01-24,20,92,0.7320702492540455
2023-07-08,21,114,0.5403315643927278
2023-07-31,6,6,0.7032141498080741
2023-04-25,9,53,0.20041795081280256
2023-04-08,13,158,0.35327827560637304
2023-09-19,11,9,0.6582831890932034
2023-12-26,8,13,0.002055142296213841
2023-02-07,8,192,0.034619273597094935
2023-03-29,25,94,0.32088622793060817
2023-01-11,10,63,0.05117996638031619
2023-06-10,15,151,0.5330598712709899
2023-09-03,21,102,0.671102080215861
2023-08-29,13,119,0.9531504617225997
2023-07-01,6,85,0.8076963681494127
2023-10-14,2,105,0.876614022214433
2023-09-06,17,24,0.005073086115675918
2023-08-19,10,189,0.7083553307554554
2023-05-31,9,6,0.8315046809307733
2023-12-13,21,200,0.441323624577588
2023-04-25,24,169,0.7333998510716464
2023-09-03,24,64,0.8184611962644468
2023-01-03,15,124,0.24940733687130445
2023-08-09,15,60,0.18429410001809243
2023-04-23,25,113,0.43351112437486916
2023-04-21,15,155,0.5346047038089211
2023-12-21,4,78,0.5443631291873752
2023-02-11,16,153,0.4941080692883595
2023-11-27,13,88,0.37922922730358066
2023-10-06,18,177,0.5429962992078535
2023-01-16,7,71,0.15139518727093992
2023-02-21,2,154,0.39957758514685393
2023-12-11,22,55,0.37419235351200264
2023-01-28,21,117,0.1572929181374193
2023-08-20,12,37,0.07290155995928593
2023-06-02,9,162,0.391172305137683
2023-07-24,17,165,0.8940131027310348
2023-01-30,6,2,0.2290564237513446
2023-06-04,12,85,0.320143019699468
2023-12-04,22,1,0.534871857829481
2023-09-11,13,19,0.19650182325984922
2023-03-04,21,194,0.7979960588696582
2023-03-01,3,130,0.6967788835198407
2023-02-15,8,153,0.36369325653829754
2023-10-20,8,138,0.9232895316151819
2023-05-29,12,164,0.20169773976507355
2023-06-05,15,52,0.7211990607806731
2023-08-29,14,81,0.3185571925528504
2023-07-26,11,21,0.22123915470903488
2023-01-22,25,60,0.9537468735753507
2023-12-07,21,159,0.7688347337874984
2023-07-29,2,103,0.853886073159799
2023-09-21,25,148,0.5711479638727377
2023-06-01,11,110,0.35159496462395556
2023-02-27,8,10,0.6839639589212779
2023-03-24,1,110,0.5937811218295017
2023-10-17,4,194,0.6109668656879437
2023-08-29,17,161,0.19326530628342153
2023-01-16,16,126,0.4066405567511526
2023-01-24,22,155,0.46001714685885464
2023-02-07,23,194,0.09683178710057672
2023-10-03,10,146,0.5981904827091556
2023-04-08,16,82,0.3035676153043091
2023-05-05,14,154,0.47509837124083654
2023-04-18,11,139,0.36957572100765945
2023-07-25,17,174,0.31995877060949507
2023-02-18,21,87,0.004426348272580594
2023-08-23,16,18,0.5113923449147169
2023-07-28,24,60,0.9335073232061315
2023-04-14,22,63,0.5262831970863578
2023-03-18,4,154,0.7590967191429117
2023-08-15,12,137,0.44446425577858983
2023-02-21,10,104,0.07767131259801807
2023-08-29,12,95,0.7041598061221088
2023-08-10,15,180,0.1261045630066554
2023-09-06,2,124,0.1428584509003118
2023-02-12,7,183,0.5729197406005362
2023-04-19,2,13,0.8705450858544662
2023-09-27,4,72,0.7727413503226391
2023-01-24,24,110,0.9061969483055196
2023-08-27,5,6,0.873793207329633
2023-06-21,18,75,0.29872957124934474
2023-10-29,14,171,0.7443693268238227
2023-02-16,22,66,0.8178357313724252
2023-05-11,24,84,0.0696004825065979
2023-05-07,6,184,0.5700155331239632
2023-05-06,25,110,0.9004818896953279
2023-09-11,22,150,0.3578921806154278
2023-08-13,13,128,0.8738072534745025
2023-11-18,14,56,0.998236905454711
2023-10-01,1,97,0.2752254576249161
2023-02-04,2,135,0.938868094090774
2023-01-23,23,188,0.7217732358234217
2023-04-23,15,34,0.4415250880242796
2023-07-31,24,144,0.7290509533351898
2023-11-25,22,89,0.004430568331797113
2023-06-09,19,110,0.4730164085021926
2023-01-31,15,159,0.7476576925212592
2023-05-21,20,59,0.5947531703930078
2023-05-30,10,190,0.24449727277890698
2023-10-26,24,52,0.7679338772946739
2023-08-29,5,58,0.8939561742491464
2023-05-16,5,78,0.3880300134029405
2023-02-07,25,69,0.9192887573920975
2023-12-25,2,76,0.631034106000182
2023-10-08,10,180,0.012900352159729844
2023-12-14,3,174,0.47320151352302553
2023-11-19,3,182,0.15327089065520794
2023-10-16,1,199,0.8350214029824958
2023-05-13,5,137,0.0724752068468908
2023-11-03,1,158,0.7268817342775562
2023-01-02,5,166,0.13503662424437046
2023-12-31,8,69,0.5735602012666435
2023-09-17,11,26,0.6885458755385692
2023-08-14,9,196,0.9130126930298678
2023-12-19,10,145,0.6783955186734167
2023-12-17,24,76,0.4769078819389534
2023-11-13,15,76,0.3833519458754956
2023-10-12,19,58,0.28288173902092306
2023-11-09,21,51,0.09007047901696541
2023-04-07,12,62,0.3192544605913429
2023-10-24,6,173,0.09753746378231054
2023-05-25,22,120,0.12172552915083568
2023-05-12,19,131,0.7444736134931123
2023-01-03,1,156,0.4069502119570485
2023-03-25,7,79,0.17817849668540142
2023-05-28,7,25,0.39562497417064324
2023-08-12,5,164,0.6006742729523362
2023-01-08,16,166,0.9146900549216467
2023-04-14,13,165,0.08834617162081915
2023-05-16,10,95,0.5605196506601308
2023-05-07,6,166,0.7493297411135712
2023-02-01,21,72,0.5669577557034814
2023-11-22,12,158,0.3113471972293701
2023-07-08,9,49,0.46776031026943843
2023-09-10,12,54,0.42164637477306444
2023-09-05,6,20,0.7445073884409457
2023-10-12,12,158,0.8218782161777819
2023-03-31,2,40,0.24047858343695638
2023-07-30,7,101,0.03648084806326746
2023-03-07,18,158,0.8636511368908395
2023-04-21,7,179,0.9390488662949742
2023-08-15,19,107,0.5216524475681003
2023-10-29,19,52,0.7195266510523164
2023-03-04,25,52,0.8654644202644692
2023-02-16,15,135,0.9035894009794408
2023-08-04,19,56,0.47874226049086754
2023-03-13,9,170,0.8028476202017515
2023-02-12,18,56,0.40215228672504844
2023-01-26,7,174,0.6269556045557977
2023-02-21,14,95,0.009101188398062288
2023-01-19,25,50,0.7695378601660358
2023-07-16,23,194,0.6431061427672589
2023-06-03,8,161,0.15851847647574324
2023-10-26,3,197,0.6338912354354327
2023-02-02,24,193,0.8550209151170357
2023-06-28,16,30,0.4404476678835094
2023-11-28,1,91,0.7219640539742183
2023-11-22,12,2,0.5377880416700431
2023-01-29,8,115,0.356302950565357
2023-07-08,13,152,0.1746529567297993
2023-03-29,14,27,0.1427588698571981
2023-03-22,3,20,0.3834624444932595
2023-07-24,10,148,0.7763021542749501
2023-07-05,10,95,0.061729885797916495
2023-08-31,10,151,0.6061524828693279
2023-01-17,17,46,0.33250010681070186
2023-05-24,5,138,0.5143623266316734
2023-09-08,24,100,0.04422672950355644
2023-10-26,15,17,0.4704248812284998
2023-07-05,10,1,0.8902474545562894
2023-03-27,23,46,0.22642817929878745
2023-10-24,4,96,0.6697529225187816
2023-08-22,17,127,0.049824654852406725
2023-05-08,23,176,0.647657917078901
2023-10-21,14,45,0.45473740772215665
2023-02-07,14,194,0.31928439058066216
2023-05-20,2,41,0.9000812069611904
2023-11-10,19,143,0.3989888335736387
2023-04-18,22,71,0.6690592648177469
2023-08-24,19,33,0.23187841486201088
2023-12-01,12,61,0.8040017609490026
2023-03-03,14,111,0.055286638491338636
2023-03-14,9,96,0.18089586834430837
2023-08-11,20,184,0.619700174196622
2023-07-27,9,141,0.8252271788824883
2023-05-02,11,162,0.47227642094321065
2023-09-18,16,126,0.2872727731447855
2023-06-24,18,168,0.0036776457093371517
2023-03-17,21,115,0.9878644921113334
2023-09-11,6,110,0.9948095167754046
2023-03-29,1,128,0.7465555250254309
2023-03-11,7,145,0.2443311234605985
2023-12-11,23,128,0.3005426088810249
2023-07-02,1,103,0.855099645201318
2023-06-21,6,61,0.18142227247380827
2023-06-24,18,196,0.43275328634606325
2023-03-15,17,109,0.7692298651107284
2023-11-14,5,173,0.06740319958170582
2023-03-09,19,104,0.09437470352405963
2023-02-04,17,131,0.3540929452649221
2023-09-14,10,110,0.4842931902858012
2023-12-08,8,86,0.7343686002504147
2023-09-18,20,168,0.7413059149607522
2023-07-31,2,75,0.18084178735082956
2023-04-01,17,5,0.4062995458205392
2023-11-28,3,66,0.9624484485879036
2023-06-07,25,163,0.6821758078649154
2023-04-19,5,75,0.19327728969592606
2023-08-13,20,94,0.07162491913399316
2023-12-17,3,107,0.6626628143585507
2023-11-05,17,59,0.873524416538869
2023-03-15,2,8,0.3431567578888812
2023-04-08,8,24,0.012086827060678651
2023-03-10,6,100,0.6528436894556007
2023-03-18,21,59,0.07880889571929439
2023-04-04,10,133,0.1514938143586374
2023-04-18,17,83,0.5046377426838491
2023-02-26,8,181,0.5031240529190555
2023-01-15,15,155,0.7077182807097774
2023-05-23,14,175,0.7085188064425995
2023-07-02,14,68,0.48224462732621576
2023-10-17,14,196,0.5937144663325113
2023-03-02,8,160,0.1080746310683961
2023-01-29,14,22,0.8496595208796082
2023-05-29,16,88,0.2642367792045537
2023-02-04,2,136,0.3039854396830375
2023-03-29,1,18,0.40506390691222716
2023-12-02,8,106,0.4625593123284555
2023-12-26,20,188,0.7470055453443788
2023-12-04,25,126,0.24521912655699873
2023-08-04,14,74,0.04036681314573631
2023-11-29,7,125,0.8271825089883347
2023-02-15,22,100,0.7451869895552009
2023-03-13,8,174,0.650785289430748
2023-02-28,1,116,0.02900128013554104
2023-01-02,20,18,0.5171680406995673
2023-06-06,1,113,0.9188934388102702
2023-06-02,14,25,0.9926915489409391
2023-06-04,19,132,0.930664679906626
2023-08-01,15,106,0.889658761329605
2023-04-07,23,109,0.7813822172367019
2023-07-15,22,166,0.5634643962952793
2023-01-15,19,144,0.3341722154506227
2023-10-23,17,163,0.43904490806583263
2023-02-02,6,124,0.20902386775293613
2023-01-12,5,191,0.7017974825456936
2023-07-10,23,81,0.8179070075493354
2023-10-28,8,125,0.39912148143764836
2023-12-14,5,134,0.3594487379628519
2023-03-24,21,115,0.2252848637238436
2023-09-28,13,69,0.9975560110445361
2023-09-29,25,8,0.7387844203685721
2023-08-10,22,55,0.803865694017014
2023-03-19,20,20,0.6636196148594113
2023-03-09,10,135,0.31238917882024064
2023-12-13,10,20,0.09374873817860307
2023-07-10,2,59,0.4602086315047783
2023-10-22,2,157,0.43592602372022327
2023-08-10,10,45,0.5865713669445578
2023-07-06,19,167,0.32059092859162996
2023-02-25,14,1,0.04409991476169406
2023-12-03,17,179,0.5341673760402493
2023-10-07,13,41,0.14380415280137948
2023-09-29,9,109,0.9554041752256753
2023-04-03,6,26,0.23536126085971787
2023-10-02,8,139,0.2501249028252315
2023-10-04,18,19,0.22220969640077548
2023-01-02,20,63,0.35914454271544227
2023-12-06,2,71,0.542207785183329
2023-12-31,18,130,0.6506522233430947
2023-12-23,13,124,0.4115423661215597
2023-06-05,5,44,0.2304775098882742
2023-03-18,5,140,0.40011390763897403
2023-06-01,3,17,0.4054893193834904
2023-11-08,14,172,0.4374842044655112
2023-07-21,5,116,0.4286387514188974
2023-12-14,2,7,0.8368780865684836
2023-02-18,14,135,0.8753542771492501
2023-09-22,12,93,0.06109057838440113
2023-01-19,18,65,0.14755792353792818
2023-01-23,10,198,0.9226070127982027
2023-04-20,6,8,0.4567911732952167
2023-05-26,8,55,0.9083616016626417
2023-03-08,6,98,0.028181289114820984
2023-10-31,2,191,0.5792934405050998
2023-11-30,18,155,0.3592101009934111
2023-12-05,20,37,0.6317941589685064
2023-12-12,22,77,0.7606200186277454
2023-01-29,18,68,0.06820914357917207
2023-05-31,16,76,0.48893869901508147
2023-11-19,17,31,0.4328822696320699
2023-12-03,23,168,0.6634569858458441
2023-05-26,17,127,0.19110497605111465
2023-05-04,23,183,0.8985941887400863
2023-05-19,13,131,0.9651187434525482
2023-06-22,16,37,0.3290121811080101
2023-02-19,5,104,0.8867385391580647
2023-01-06,15,188,0.7922894084156082
2023-02-17,17,38,0.910035101222672
2023-05-16,1,83,0.45251264405239877
2023-05-25,3,151,0.2668372441560122
2023-03-06,10,107,0.30504539160281097
2023-03-01,15,180,0.7954026733706591
2023-09-12,1,174,0.6446422897609442
2023-09-01,17,126,0.49787427280936913
2023-07-28,3,7,0.42142758221911936
2023-03-05,23,68,0.5485914332831469
2023-09-09,12,83,0.759360415328604
2023-01-10,17,128,0.08713013044598972
2023-04-26,19,56,0.6099093480380543
2023-09-14,8,199,0.48406761953935884
2023-06-26,17,120,0.8536031765156968
2023-03-23,5,36,0.26943470498090016
2023-12-04,12,196,0.19011811285535984
2023-12-01,3,178,0.6775278152085449
2023-04-02,16,174,0.8408755925043528
2023-08-10,18,3,0.7521118515737398
2023-06-27,7,151,0.6197074135946101
2023-07-24,14,33,0.3263399575654131
2023-12-18,17,47,0.16105208844266228
2023-10-24,20,75,0.6153231447809269
2023-08-23,6,81,0.5507796638388934
2023-08-06,2,167,0.3189757467116714
2023-02-13,4,78,0.041285530495008826
2023-06-01,18,193,0.6961963669677814
2023-04-22,6,67,0.06520908966151795
2023-04-14,10,117,0.06765072547807272
2023-01-10,11,53,0.5498674373726407
2023-09-10,7,32,0.15767191806864533
2023-05-08,10,158,0.9059716755394931
2023-02-15,2,23,0.04288098906953697
2023-05-20,6,143,0.7153664112514246
2023-11-05,1,83,0.03475185541500225
2023-03-25,5,147,0.47784110495703436
2023-01-19,16,43,0.6691381651370254
2023-12-15,15,144,0.20809400450831061
2023-06-26,5,120,0.7482664584507028
2023-02-10,8,79,0.6222930957731982
2023-06-07,11,4,0.8859039352232069
2023-04-29,10,20,0.045579957659179215
2023-12-18,6,168,0.6451470528988413
2023-06-16,1,173,0.4794278930891678
2023-03-22,6,59,0.5401266218380004
2023-09-27,11,57,0.9379262349600324
2023-06-18,7,13,0.565782207043679
2023-11-24,23,68,0.5627975021101261
2023-01-14,22,52,0.3764796261312331
2023-10-16,1,141,0.7521856580602294
2023-03-30,8,193,0.37098467718469585
2023-12-31,25,97,0.44281751803601754
2023-11-19,23,65,0.3190292134525451
2023-07-30,17,79,0.7946005979673492
2023-02-17,16,180,0.2355098663941826
2023-01-29,23,163,0.06425528771882827
2023-09-26,3,185,0.8596115526922413
2023-10-06,3,86,0.750553389148139
2023-02-13,17,69,0.33078251913801626
2023-07-26,9,187,0.7512805746261892
2023-05-27,15,22,0.6757057122268588
2023-04-14,23,152,0.039839364446052516
2023-02-27,11,102,0.7589825252242294
2023-12-24,17,35,0.04002297035177749
2023-11-18,14,157,0.45534050750691324
2023-05-19,4,95,0.8572586987756732
2023-12-16,4,45,0.14592616682205395
2023-01-27,22,105,0.31407989342914544
2023-10-09,14,39,0.8738622380068096
2023-09-22,4,179,0.9740080394427604
2023-10-24,23,107,0.7993617437052493
2023-09-18,20,68,0.9152520606374113
2023-08-04,23,159,0.4556027943685361
2023-03-18,24,90,0.018802987290633344
2023-02-03,16,166,0.7302579566236929
2023-11-11,5,129,0.10433941529384883
2023-11-19,8,39,0.5082544192432887
2023-04-02,12,106,0.7550129027528426
2023-10-05,19,103,0.11854400658647124
2023-12-11,14,182,0.2661792919851228
2023-01-31,24,119,0.30550531448194185
2023-05-02,7,141,0.6565005781077252
2023-10-08,14,124,0.8359905914063043
2023-07-13,4,27,0.05093298040573768
2023-09-22,16,12,0.39789436773025655
2023-10-24,19,178,0.7713562382281204
2023-07-10,7,185,0.9449514078790989
2023-10-21,5,19,0.7691380612520864
2023-01-10,20,164,0.05640403811669714
2023-04-20,11,104,0.9746973574616955
2023-07-27,3,9,0.3412918034290541
2023-08-21,9,145,0.46778666021076354
2023-04-21,14,147,0.024386031147013876
2023-06-25,6,140,0.9716994273867111
2023-03-09,8,160,0.002349264795457273
2023-07-27,20,80,0.7479669735343057
2023-06-24,3,67,0.3395528141141797
2023-11-14,17,26,0.2887111865701967
2023-10-10,6,18,0.29386224073503997
2023-05-31,15,53,0.8120222987946758
2023-11-28,22,200,0.8656517140609772
2023-06-18,10,23,0.8107478267884112
2023-10-02,6,187,0.611809467345418
2023-01-30,4,52,0.20499795580827873
2023-10-16,22,10,0.9770393417720115
2023-02-25,11,22,0.4383906682349976
2023-05-03,3,177,0.8515841609185534
2023-11-26,10,146,0.9249934332362537
2023-12-10,10,8,0.4402053290728769
2023-02-17,5,141,0.7847020460296015
2023-12-10,3,82,0.6459407041751583
2023-12-01,3,46,0.5232104738262399
2023-04-18,12,8,0.6530475726365642
2023-09-27,11,63,0.9577598016545701
2023-05-01,6,41,0.2497384008527883
2023-05-11,6,64,0.7725189611567104
2023-02-13,19,196,0.43261454510085373
2023-11-21,3,11,0.5007644323605588
2023-06-08,13,53,0.7678858607614003
2023-02-24,7,98,0.9196175178158927
2023-05-26,10,174,0.4847199999822752
2023-08-21,18,116,0.8610981637810207
2023-06-29,13,170,0.5557595855597462
2023-10-15,18,57,0.9743308206204678
2023-04-01,16,136,0.05838937036014957
2023-09-25,8,15,0.4308930274515471
2023-02-22,11,136,0.6760450827076148
2023-09-01,12,48,0.9832945662096078
2023-09-26,16,50,0.19260407602508256
2023-02-24,1,187,0.6663438262571664
2023-07-24,18,85,0.38963238329858485
2023-11-10,6,121,0.35698674877210457
2023-11-03,5,6,0.24279224007637878
2023-04-16,24,55,0.294447592260056
2023-05-11,11,99,0.29329430072836615
2023-02-21,23,183,0.5080895293181619
2023-01-31,23,45,0.3845247434843151
2023-02-15,2,178,0.23927186771925357
2023-12-15,5,169,0.8756887445019284
2023-01-16,3,130,0.29297969658740897
2023-08-29,4,82,0.7253492334412861
2023-06-14,15,9,0.46651566476780215
2023-10-02,13,80,0.9350630382703224
2023-02-09,9,196,0.7668794091221924
2023-09-01,18,62,0.2124150175618602
2023-07-22,10,43,0.28170930158614826
2023-03-07,15,22,0.4083636066826778
2023-10-25,13,119,0.24470250325214726
2023-03-21,12,32,0.7149962798643902
2023-01-25,16,144,0.49760146272433137
2023-08-20,17,133,0.5336141053141281
2023-08-15,7,79,0.31648358381282315
2023-04-24,1,139,0.022372160790646745
2023-09-04,14,150,0.20009302126653694
2023-06-26,5,155,0.2895131607443068
2023-08-05,13,141,0.5623732092166367
2023-05-28,10,91,0.4354860519850603
2023-12-13,2,152,0.5079261885406401
2023-01-20,7,122,0.04489598431344777
2023-10-10,6,39,0.8137087584247474
2023-01-08,5,107,0.6969578519331128
2023-12-26,7,22,0.22693649866559262
2023-02-27,3,122,0.8622924261035229
2023-12-04,10,124,0.7964099413239023
2023-06-09,25,84,0.07351272646502671
2023-05-10,11,181,0.2569462817381658
2023-08-06,11,83,0.9016275245675963
2023-01-31,21,162,0.17072479599457802
2023-08-27,4,15,0.008449187594439134
2023-11-22,13,5,0.1903944439307268
2023-08-31,19,155,0.8915792247924674
2023-05-28,7,74,0.7768041182952335
2023-10-10,14,117,0.5568550508333634
2023-02-21,8,41,0.193752450963948
2023-12-15,21,177,0.3587519424803063
2023-05-27,12,157,0.032725685783341896
2023-04-04,1,23,0.1782337581935307
2023-01-08,18,153,0.5949454744492275
2023-12-13,24,103,0.744533549492611
2023-12-31,13,68,0.9144941157821262
2023-06-30,19,164,0.6922433810801801
2023-11-26,13,34,0.957775472593861
2023-06-23,1,115,0.2024036040594861
2023-03-28,5,43,0.5775597527266888
2023-01-20,11,38,0.7068692907696732
2023-07-13,25,38,0.1304155827442014
2023-01-20,20,191,0.4413206383904177
2023-12-27,3,83,0.9496823572225002
2023-02-06,21,6,0.6301759156510881
2023-12-27,2,82,0.020806326002152487
2023-02-23,22,124,0.9135215428556915
2023-02-02,9,106,0.3643165578943287
2023-04-22,8,2,0.16479214286533073
2023-07-03,13,86,0.4802905879144098
2023-04-25,22,46,0.40688690144075945
2023-11-26,10,121,0.10257453502115754
2023-04-13,21,49,0.9768344183150381
2023-06-22,16,83,0.09757144457812927
2023-01-25,6,113,0.19098423132349862
2023-10-26,14,73,0.4899114778241286
2023-11-22,18,159,0.7354101205036764
2023-06-02,1,137,0.42254103895152817
2023-02-27,19,115,0.6458392918597675
2023-05-16,1,96,0.087780729066126
2023-08-15,21,83,0.9074313158633419
2023-08-14,21,21,0.2786091736080891
2023-12-02,2,143,0.8661663337013316
2023-06-12,18,161,0.6764251621723917
2023-10-28,10,126,0.18586629546432443
2023-10-22,1,25,0.002087590894103708
2023-06-30,15,123,0.8440289343861572
2023-01-11,6,193,0.5772490373192233
2023-08-20,1,103,0.5033173904174756
2023-06-10,11,198,0.8574274980396304
2023-06-04,15,177,0.5567160060767524
2023-02-28,19,64,0.8128724930033367
2023-04-18,15,44,0.5943584351188833
2023-11-23,11,133,0.8049354803612527
2023-01-05,13,104,0.8325454690932237
2023-09-20,2,35,0.22388716295260258
2023-10-27,3,43,0.05822564629126992
2023-01-22,25,159,0.18732724281451985
2023-04-14,17,38,0.14767286235982569
2023-09-30,19,117,0.10290190716740655
2023-02-27,4,143,0.8214301720208516
2023-05-15,10,56,0.09563797961407794
2023-11-02,5,107,0.5023104525708882
2023-04-29,24,26,0.5049952345261035
2023-10-11,17,144,0.4466337220449865
2023-08-10,6,152,0.12128497458934451
2023-12-25,14,194,0.22924695864977185
2023-08-22,9,137,0.7230468742228358
2023-06-22,10,72,0.05298757540328636
2023-09-27,24,32,0.9159299891053082
2023-07-17,13,169,0.3717392199223688
2023-06-10,17,149,0.0035144455995904655
2023-01-09,3,110,0.007583198521215917
2023-07-02,5,115,0.9341386871509133
2023-02-01,21,199,0.3220232372865428
2023-02-15,10,132,0.9630348859287619
2023-10-17,13,28,0.07430786154510072
2023-01-01,8,178,0.858353375576079
2023-11-23,2,180,0.0927040378855487
2023-01-25,7,182,0.7811137723338812
2023-12-15,2,141,0.1275610423850988
2023-09-08,8,87,0.5785709279093573
2023-04-18,10,142,0.7559652467667972
2023-08-31,13,87,0.8329203185951065
2023-04-15,22,116,0.1334587188628713
2023-05-10,23,73,0.8134506154096066
2023-10-09,3,197,0.8937055883457011
2023-09-01,6,58,0.9165490639120786
2023-07-09,23,171,0.9188477969500192
2023-12-01,18,172,0.880977661167345
2023-04-05,5,137,0.5876390372969463
2023-11-06,23,124,0.7529714939632316
2023-04-05,16,154,0.016466917177592744
2023-07-13,15,25,0.5441010283020501
2023-12-13,25,40,0.40068422895875244
2023-07-07,23,193,0.6335236511237919
2023-11-02,12,89,0.768604520758876
2023-02-03,16,28,0.40721193367648567
2023-02-22,1,46,0.013366962552055162
2023-08-31,25,74,0.5579983729339045
2023-06-21,17,174,0.37973001080587065
2023-05-09,2,68,0.018546318024689534
2023-03-22,6,154,0.7788370558484204
2023-10-11,16,51,0.2494945365986816
2023-04-06,2,58,0.2512281095329012
2023-07-24,11,153,0.09494161355984398
2023-01-04,10,127,0.03794305961694033
2023-09-29,4,11,0.33475350906848067
2023-09-05,14,115,0.1227294284318966
2023-12-08,2,23,0.010640870477504616
2023-10-01,20,14,0.1025688828750313
2023-06-14,25,196,0.26974122767908204
2023-09-17,24,27,0.690476025926804
2023-08-31,9,70,0.4793190929044081
2023-04-29,2,166,0.060101221103680325
2023-11-27,9,42,0.4935586834202115
2023-04-15,18,85,0.706568552957643
2023-04-15,2,98,0.30060934938090866
2023-07-05,18,190,0.8878292344853175
2023-01-12,20,12,0.016057271369911974
2023-08-18,12,26,0.1234712611659502
2023-05-10,11,130,0.22710253759557353
2023-12-05,12,131,0.6294521455921411
2023-12-03,14,194,0.3471679408356887
2023-02-26,12,105,0.9403819245084626
2023-01-20,25,150,0.7107361780428882
2023-02-09,14,90,0.30134067195406256
2023-10-31,10,158,0.5943663942857449
2023-02-15,9,200,0.26711275835858983
2023-02-28,16,111,0.2643071922821236
2023-12-24,2,111,0.9722714288031531
2023-10-13,23,142,0.29509016475461536
2023-05-16,15,8,0.7085199689156944
2023-05-19,12,153,0.833184008316145
2023-07-31,23,119,0.9032213248250289
2023-01-27,17,79,0.16476499967182867
2023-04-25,14,7,0.3357588023585133
2023-06-03,17,13,0.09397416771576339
2023-05-13,2,91,0.7406563858409612
2023-04-18,3,111,0.10749225312826005
2023-03-28,23,36,0.3789784057146841
2023-06-14,4,77,0.22266462353597916
2023-05-09,7,4,0.5895367322661715
2023-05-18,4,83,0.4847383679576064
2023-10-19,20,174,0.37054113232646346
2023-12-13,23,83,0.8240866347306853
2023-01-08,3,197,0.30050824218165406
2023-05-25,16,40,0.8054859710250677
2023-10-19,21,183,0.8268631367332233
2023-12-29,8,153,0.4580924768197506
2023-10-21,13,151,0.15847942726582986
2023-10-02,1,159,0.336883620157472
2023-05-08,12,196,0.09736655151527296
2023-01-16,8,41,0.6298906359659977
2023-01-20,11,151,0.9020131712855137
2023-06-03,21,143,0.568162105155172
2023-07-07,25,90,0.4526432255695674
2023-11-05,25,139,0.1503174484338301
2023-02-11,21,161,0.39046148395391356
2023-03-30,14,69,0.09820933379890173
2023-11-15,1,59,0.28550890878076673
2023-09-19,15,94,0.13797654289553662
2023-09-30,7,179,0.7320813522968259
2023-06-17,16,14,0.9636493872972425
2023-02-07,13,33,0.4744255694368408
2023-03-01,17,59,0.28935875344539597
2023-10-22,6,185,0.642110002594695
2023-01-23,4,125,0.6107086026786768
2023-01-27,2,174,0.5755326143658173
2023-10-22,6,132,0.2064080172594993
2023-05-24,6,98,0.04689676028427281
2023-03-30,9,188,0.48406129875373205
2023-03-02,19,18,0.9925148147991565
2023-04-23,17,195,0.8429246614580517
2023-12-22,12,188,0.4092398774002288
2023-09-08,2,1,0.06922522403972342
2023-08-21,9,149,0.24010581259086416
2023-04-22,13,62,0.23483086746449655
2023-02-17,20,45,0.40453278596940656
2023-12-16,15,141,0.8753019923117813
2023-08-15,10,40,0.7623103011143529
2023-02-13,24,22,0.9574562595651886
2023-09-27,7,52,0.9309961802593131
2023-12-14,9,3,0.4722052212362593
2023-01-22,17,50,0.6720286266757718
2023-09-29,14,105,0.5464195744045566
2023-08-29,25,45,0.7673360168884128
2023-10-03,8,58,0.7074518845156607
2023-04-17,8,89,0.3466034738337461
2023-09-14,9,52,0.034646495391619014
2023-08-27,8,184,0.4976600057621676
2023-05-06,18,39,0.4697681048081471
2023-01-30,24,131,0.8801241587945331
2023-07-07,1,57,0.9420906437387196
2023-02-08,3,159,0.2597549641027641
2023-04-23,20,174,0.8442291057899133
2023-01-17,18,151,0.20714392802260406
2023-02-06,19,40,0.2172637286060466
2023-11-24,6,43,0.18431323436699276
2023-11-19,5,68,0.19511788052944878
2023-08-12,18,181,0.21971220472777786
2023-06-13,25,119,0.7097159543697604
2023-10-02,10,121,0.897657212767938
2023-05-05,24,128,0.7192021387128545
2023-12-19,24,124,0.7334419417909789
2023-09-27,13,31,0.8386078813375496
2023-04-26,23,126,0.18647236679145973
2023-04-16,23,197,0.9543386054095626
2023-02-04,8,154,0.6488828929172402
2023-03-19,8,120,0.004980099445869746
2023-10-12,2,181,0.9986445931488724
2023-01-22,10,133,0.06615479050926076
2023-11-01,23,93,0.5742089210506977
2023-02-11,16,94,0.6250036344054053
2023-02-17,15,52,0.2915687690373949
2023-12-02,1,64,0.13413945180143338
2023-12-26,13,134,0.985006638063873
2023-11-15,20,73,0.1268423664165057
2023-10-06,6,94,0.6168990932807711
2023-04-26,16,68,0.3968183437355942
2023-01-26,8,70,0.20818669119588584
2023-06-29,16,100,0.10439767564520508
2023-05-03,16,82,0.728012126994518
2023-12-20,24,175,0.6327833449207263
2023-08-24,6,89,0.06606646331686272
2023-06-29,19,155,0.5630007438354528
2023-10-20,20,175,0.32708353351987995
2023-05-13,10,72,0.417107293652344
2023-12-01,19,129,0.632615793439185
2023-10-07,24,158,0.6262214134295239
2023-12-10,21,25,0.39081629891547875
2023-04-07,25,83,0.7035158410387768
2023-11-15,17,41,0.757728934899758
2023-03-21,23,146,0.8346387476152934
2023-10-14,1,142,0.2163510191628032
2023-10-21,18,107,0.9348952823137615
2023-02-26,15,134,0.7756547550732272
2023-09-18,25,64,0.09856383214686915
2023-06-24,3,116,0.22906388003224798
2023-03-15,1,131,0.6049457511373467
2023-09-14,15,126,0.25040076900774455
2023-02-04,5,193,0.06129193046487347
2023-12-22,16,139,0.06714031678017984
2023-03-27,11,112,0.8255750372824276
2023-07-08,9,69,0.5798358501310539
2023-12-16,19,120,0.15561430155970568
2023-08-17,9,8,0.38928812046756367
2023-06-28,21,20,0.6735007894565207
2023-02-17,17,170,0.7396153949398904
2023-09-27,12,114,0.5941851716539296
2023-09-17,18,179,0.35997571533286454
2023-01-20,20,144,0.7042824349334799
2023-08-28,3,132,0.8606483885285182
2023-08-11,18,26,0.2591937100116539
2023-04-04,10,167,0.5016398098309781
2023-12-02,16,172,0.11138579048621222
2023-01-09,1,115,0.8009420202803902
2023-08-23,6,176,0.7558722013745071
2023-11-27,10,80,0.7285815233933817
2023-06-27,9,152,0.36394329820912374
2023-01-21,17,145,0.008406938783052431
2023-09-15,2,184,0.5042335508509332
2023-12-07,20,55,0.903386417007428
2023-02-24,2,124,0.6708556436114774
2023-02-26,11,163,0.8942800910002249
2023-02-08,19,52,0.24183830259748273
2023-02-07,13,130,0.6116566349855979
2023-10-03,13,135,0.7390876861622451
2023-11-20,1,129,0.5784325553061817
2023-03-05,9,160,0.6703937363279081
2023-02-11,6,84,0.3735033678266497
2023-09-09,19,109,0.3741582101878477
2023-01-26,12,164,0.5928395902272349
2023-01-13,11,125,0.8721500366086634
2023-10-26,4,38,0.6811882151954876
2023-04-08,8,67,0.578764259957457
2023-11-02,7,171,0.4091121687127577
2023-11-17,12,69,0.2464728121130515
2023-03-22,19,42,0.35270233981172394
2023-04-22,24,189,0.6608298532519838
2023-08-05,15,56,0.6781151857975302
2023-09-11,5,99,0.9758632555824358
2023-06-13,11,44,0.19995038696113643
2023-11-27,18,195,0.19939137533122298
2023-06-25,7,157,0.23442541226656888
2023-06-24,24,42,0.2409511996337952
2023-04-03,18,26,0.0514561657804562
2023-03-25,19,98,0.34610604096540376
2023-01-05,15,90,0.24076815337378465
2023-02-10,15,124,0.34115512364326384
2023-07-16,13,92,0.8964843880937556
2023-07-07,12,69,0.4665069999472923
2023-07-03,22,153,0.8269369472227923
2023-04-07,17,81,0.4611838235457173
2023-08-13,23,156,0.28777537255941543
2023-05-14,20,87,0.14638922359202255
2023-08-30,20,126,0.9776791230199362
2023-11-23,23,138,0.02144079941022592
2023-04-02,22,74,0.10992889304553388
2023-11-02,5,80,0.4466781668333297
2023-04-02,7,105,0.32550817438681034
2023-11-06,1,3,0.9537706304991062
2023-08-19,25,18,0.45970639607819175
2023-08-28,14,107,0.06779014745899592
2023-06-13,17,7,0.06264739054264912
2023-11-19,2,4,0.8593397869889977
2023-11-09,15,89,0.1875093336768896
2023-05-21,19,161,0.32916752762177937
2023-05-01,6,180,0.46501696855196395
2023-12-21,17,155,0.018047524917558455
2023-11-10,3,193,0.5036827335750609
2023-06-01,14,143,0.6929573644200752
2023-09-13,20,10,0.8945954436384014
2023-06-11,1,31,0.7472126384891904
2023-05-11,21,126,0.16209350414548507
2023-09-25,17,182,0.7927508485353753
2023-06-20,18,35,0.015619287313207497
2023-10-19,16,195,0.2527099362918418
2023-08-09,3,1,0.589872623891083
2023-01-23,25,23,0.6642225198166426
2023-05-22,5,37,0.8829297710925206
2023-04-15,3,100,0.49691861362823675
2023-05-15,18,34,0.5125723137870588
2023-06-26,14,146,0.6486036812672095
2023-08-14,1,165,0.617164764464674
2023-04-13,17,109,0.46490421048510877
2023-08-07,10,95,0.3498952888034328
2023-11-09,5,150,0.37880898576677846
2023-12-09,11,200,0.06437990310322783
2023-04-21,14,51,0.4849742708165531
2023-11-15,11,126,0.6852134363059842
2023-02-19,18,10,0.1653517241917296
2023-09-08,23,183,0.4443955271418183
2023-10-06,10,102,0.5585828811686921
2023-08-05,24,115,0.42558823575690796
2023-08-05,5,149,0.08693109547892641
2023-04-07,23,83,0.2717545489251103
2023-02-28,22,114,0.18196267224843765
2023-09-13,22,10,0.7256651995810584
2023-05-10,16,15,0.38606141009732453
2023-07-12,9,96,0.6792506248942257
2023-01-10,10,34,0.029281864380365286
2023-01-31,18,81,0.7225493814568682
2023-12-29,15,12,0.8918629760526445
2023-11-18,12,52,0.18488312747444902
2023-06-12,8,126,0.38092389838718843
2023-01-11,18,29,0.7575447024283735
2023-03-24,17,130,0.6377565708889568
2023-01-11,9,22,0.3220393210566367
2023-09-07,15,119,0.9825434144151228
2023-03-02,6,19,0.2557692409919061
2023-12-14,7,200,0.2046007359399601
2023-02-02,23,84,0.5507551245150707
2023-11-04,5,108,0.7108158693348677
2023-11-10,5,145,0.004389417066680279
2023-01-18,19,124,0.1259072235777935
2023-07-11,16,96,0.34526073165397886
2023-08-29,2,181,0.26296233623831644
2023-01-07,7,120,0.23437885884898468
2023-01-24,7,171,0.9345280848861202
2023-04-22,1,169,0.46159881398497427
2023-04-06,12,107,0.3293045941008498
2023-06-19,19,121,0.16533277700604876
2023-01-12,16,147,0.7641783956634299
2023-09-21,25,194,0.546194453198524
2023-04-24,17,175,0.5750876666681315
2023-05-20,5,4,0.4390504390334792
2023-06-29,16,150,0.6878669394166115
2023-05-31,13,158,0.6165059029963854
2023-06-05,13,103,0.7390465926944731
2023-07-23,2,31,0.5524783382002765
2023-11-21,8,111,0.3786100542429568
2023-04-28,7,53,0.5692637053717695
2023-05-02,23,100,0.2162094491589419
2023-05-26,17,50,0.5317406912998998
2023-04-16,18,53,0.6868131546701547
2023-02-04,8,95,0.38903134799102135
2023-04-15,18,88,0.3891779819182548
2023-07-21,12,39,0.673405964550254
2023-06-09,21,146,0.006424850269566185
2023-06-01,20,54,0.6415227741729864
2023-11-13,24,92,0.10759254384559336
2023-12-20,17,28,0.6236753741401238
2023-01-16,19,172,0.21440288051069434
2023-07-11,21,113,0.6907891703633288
2023-05-08,18,134,0.7117673928685492
2023-10-25,7,22,0.49484301127541364
2023-08-10,17,111,0.9656981549629636
2023-07-18,16,113,0.2715485417770842
2023-04-09,19,150,0.6849834494489376
2023-11-11,7,104,0.0747106481311669
2023-03-06,3,52,0.3065515160908322
2023-11-29,16,29,0.07537059800786583
2023-10-27,4,190,0.9407614679847278
2023-01-02,9,3,0.2543674250797192
2023-12-08,24,159,0.6193146789778984
2023-08-30,16,50,0.8298961674940172
2023-11-07,14,80,0.819075626094735
2023-06-25,7,94,0.4532761016620479
2023-01-17,23,95,0.16962236773003736
2023-02-26,1,84,0.6443880939513685
2023-05-05,13,173,0.959242282260809
2023-11-22,11,178,0.6691635328714868
2023-07-26,25,102,0.3883608379845135
2023-11-08,13,90,0.0973735597353893
2023-10-27,10,43,0.19960815540814802
2023-03-06,2,148,0.6403065409192342
2023-01-31,25,171,0.07293941834477613
2023-06-24,3,97,0.06859707481753552
2023-09-17,1,152,0.9504151103685655
2023-02-03,10,185,0.4575757762361602
2023-09-15,22,182,0.011922192069551252
2023-02-04,11,137,0.5974210780178637
2023-02-01,25,80,0.39493573615828614
2023-01-30,15,38,0.18680586023084966
2023-04-20,2,154,0.5806824329367096
2023-08-25,25,143,0.9483227844838316
2023-03-04,18,185,0.8075454381123783
2023-10-15,8,84,0.8263005686632735
2023-10-25,11,134,0.12233079871671804
2023-10-13,3,49,0.3750021358351986
2023-03-22,13,86,0.5106807003503965
2023-03-25,21,68,0.23871232761308425
2023-08-16,3,126,0.9688382516038306
2023-10-27,4,132,0.07345227100502327
2023-11-12,16,99,0.8770331943068608
2023-09-17,18,130,0.5119824885994062
2023-04-22,20,62,0.4780833058745103
2023-03-30,12,19,0.476057464898779
2023-10-24,14,106,0.9857032394105824
2023-10-29,9,128,0.40924987004516933
2023-09-08,6,157,0.5418341733776917
2023-05-16,6,159,0.5353495184820224
2023-11-13,20,158,0.3482248928444761
2023-06-23,12,18,0.6675380536630191
2023-09-21,15,27,0.9856955337743711
2023-06-11,22,143,0.9195420213973298
2023-05-27,10,88,0.27085859577950633
2023-09-02,4,111,0.80436944031074
2023-11-14,9,156,0.4199601019010709
2023-06-15,19,121,0.16909069224644724
2023-06-19,21,141,0.12347326529901836
2023-12-27,24,87,0.8108949052548651
2023-06-08,7,109,0.7720291572361954
2023-03-16,13,178,0.6759363744953252
2023-12-25,6,133,0.2718635286090598
2023-01-15,10,140,0.3354147768677457
2023-05-04,16,189,0.5207788018809979
2023-04-10,20,189,0.6314172853022585
2023-08-07,6,183,0.17381178068158454
2023-07-22,9,48,0.8130625213351024
2023-08-01,12,82,0.13414629444098525
2023-03-04,14,90,0.04493568448931762
2023-08-04,4,111,0.9649180003652391
2023-04-04,6,2,0.6098426858399405
2023-09-26,1,68,0.022479205920070466
2023-11-02,22,23,0.5237554254654039
2023-08-12,25,94,0.9413290802415741
2023-01-24,4,156,0.6101053921563011
2023-11-03,24,7,0.808568887619754
2023-07-12,8,156,0.8142283608570602
2023-08-12,7,164,0.25653969463977266
2023-09-01,18,24,0.6329312078513613
2023-01-21,15,183,0.4775436161505623
2023-02-09,6,119,0.46317232680761133
2023-08-18,21,164,0.7624074426883569
2023-09-16,15,123,0.6138886426441924
2023-01-10,10,96,0.669574415588139
2023-10-16,19,14,0.6116052741674178
2023-08-07,13,48,0.4341979242332965
2023-05-08,3,66,0.7842663296787794
2023-04-09,23,158,0.12941825035441223
2023-02-24,24,116,0.32998962592680847
2023-05-18,20,167,0.15661801754762783
2023-08-21,22,47,0.9664217595111826
2023-09-24,5,37,0.3536918807328804
2023-09-18,12,148,0.7804176816729897
2023-01-22,20,133,0.4572946780824164
2023-01-06,1,187,0.7095427455955207
2023-04-11,15,190,0.03687670718526692
2023-02-08,23,146,0.632961922633704
2023-01-10,13,85,0.736302597393004
2023-06-14,10,198,0.5810365095261755
2023-05-03,4,105,0.5297786536978674
2023-02-03,18,151,0.09349838898542806
2023-07-24,16,129,0.7726080784858611
2023-10-06,1,82,0.7878065469949612
2023-03-24,22,164,0.3090793233784498
2023-07-26,5,176,0.22564730458446047
2023-02-12,5,130,0.8678213299529018
2023-04-30,13,52,0.2251037851225316
2023-08-11,23,67,0.3359778030951459
2023-12-15,14,78,0.2565767688237769
2023-04-11,6,132,0.19941192993465973
2023-12-19,1,135,0.25520774567164617
2023-08-16,16,94,0.9099244359223181
2023-07-25,15,57,0.3334225852343391
2023-01-18,4,113,0.8717584583205165
2023-05-23,2,12,0.7311141596011036
2023-09-04,8,172,0.9249260517389993
2023-06-04,23,86,0.3417682356305165
2023-09-24,6,86,0.735722437835592
2023-09-20,16,138,0.5596695735483135
2023-10-06,25,136,0.8355796915268069
2023-10-06,9,170,0.6318032844230059
2023-02-18,2,122,0.64237371457528
2023-12-04,4,11,0.37231204501666915
2023-11-12,6,199,0.5538332936950023
2023-09-24,4,172,0.7824931988560281
2023-01-06,17,184,0.7168690817340779
2023-01-25,2,8,0.33186833393600135
2023-10-31,24,187,0.05392826751882396
2023-02-16,19,167,0.9845111672174643
2023-07-23,18,137,0.39896332418284386
2023-03-09,6,197,0.747387404510892
2023-05-01,20,112,0.344335242196929
2023-04-09,6,128,0.8472786752372639
2023-09-01,24,33,0.4629653868665903
2023-08-21,7,54,0.725906670628873
2023-03-14,19,186,0.9837437975312562
2023-09-29,7,42,0.841105276224977
2023-12-23,14,131,0.9383844970505765
2023-01-03,18,24,0.7365418798656435
2023-11-08,24,175,0.5166074278001506
2023-10-18,20,180,0.8299076794840795
2023-05-18,10,135,0.8505430258181275
2023-06-28,8,134,0.2695045137376373
2023-09-27,5,165,0.9219234211568349
2023-08-14,14,137,0.10714447388503878
2023-08-23,19,87,0.12902789479913446
2023-07-28,16,34,0.7352585749561772
2023-04-27,16,198,0.9632469277806084
2023-06-09,13,98,0.17362625441593604
2023-05-01,21,145,0.47519810965304143
2023-05-20,16,138,0.8064845808152995
2023-03-10,9,12,0.2139306980394845
2023-06-07,12,18,0.9977893181023612
2023-04-07,15,80,0.647353408394077
2023-04-07,16,33,0.019596168407546632
2023-03-29,5,115,0.5831571221522639
2023-04-11,15,168,0.03757063456500054
2023-05-03,19,21,0.8360417538855773
2023-04-29,7,74,0.0585018514522303
2023-04-02,23,35,0.5345018756859136
2023-11-14,19,90,0.10697770150656105
2023-09-06,8,69,0.8163967908990373
2023-08-31,10,129,0.5939787149162321
2023-12-24,21,197,0.002167167513161261
2023-02-27,7,77,0.12367613461946603
2023-12-19,18,58,0.4186358524278738
2023-10-02,22,142,0.6744499711732794
2023-11-07,6,40,0.12010439687111163
2023-07-04,1,7,0.23294718727720132
2023-06-02,2,98,0.8971273816183888
2023-05-05,3,40,0.5094751009838139
2023-07-01,1,145,0.34579114555961354
2023-03-06,14,188,0.8801968117859486
2023-09-14,22,71,0.38324233311401323
2023-07-23,10,41,0.5433002640951389
2023-07-05,12,167,0.862767651706144
2023-10-02,8,145,0.376959728952297
2023-12-11,21,123,0.767095318493225
2023-12-02,1,97,0.01259041909560965
2023-05-02,21,11,0.3199491177185074
2023-08-09,13,161,0.3658340286431083
2023-03-10,7,177,0.8367141792693067
2023-07-05,1,188,0.5151562103551316
2023-04-20,5,178,0.47949061949227445
2023-03-23,1,2,0.5858061188541801
2023-11-02,21,145,0.1552713504079999
2023-07-09,21,142,0.8963682390013461
2023-05-20,17,176,0.01785690935264772
2023-04-07,16,96,0.9126240030283931
2023-07-11,25,185,0.0392029746704301
2023-05-18,24,162,0.0034232645125515937
2023-06-24,1,120,0.9364007944391527
2023-04-11,3,51,0.42405363383001005
2023-06-07,9,143,0.3935440237903004
2023-06-03,22,61,0.03771183955194868
2023-08-26,8,109,0.8172744981212534
2023-05-15,18,167,0.6797826022118951
2023-01-29,16,26,0.7315257806318977
2023-05-04,13,152,0.441002621309043
2023-07-31,21,13,0.2353743187899905
2023-10-27,3,133,0.47394449575994846
2023-04-21,16,49,0.12603938186768526
2023-10-06,23,94,0.502814057792069
2023-01-16,24,196,0.5285846954441
2023-07-08,20,103,0.45586714603699374
2023-10-23,4,149,0.057248614974513945
2023-05-03,12,170,0.9221607132818775
2023-09-19,4,187,0.18231499023835407
2023-12-08,15,167,0.22484585478778496
2023-10-17,12,75,0.8122666117046954
2023-11-14,19,67,0.47371585600522303
2023-12-29,14,30,0.4544822594333814
2023-11-03,16,31,0.6356787413230468
2023-12-25,23,21,0.9778087655623051
2023-03-15,12,79,0.836651535289326
2023-03-01,1,65,0.6205409315305407
2023-08-13,6,195,0.18112779944069113
2023-02-16,6,163,0.43914059041941444
2023-10-01,20,37,0.2041260292705116
2023-01-31,22,115,0.009887231927669049
2023-04-02,10,180,0.6891224088414902
2023-04-15,25,89,0.42810570145908355
2023-12-10,20,139,0.7562336253286766
2023-06-20,16,49,0.7031425052315996
2023-05-14,10,82,0.3156476431248829
2023-05-08,8,197,0.2034592316386662
2023-10-04,25,27,0.922664276477155
2023-07-27,14,52,0.7708366402284952
2023-11-19,8,100,0.7007696931299183
2023-10-21,25,126,0.3589742917247718
2023-08-06,23,32,0.557344308970798
2023-02-04,18,5,0.4584081608078867
2023-08-12,14,130,0.8405113988559499
2023-06-21,17,124,0.1885672197808489
2023-08-07,10,112,0.8159577306863894
2023-12-13,22,61,0.9603113471732484
2023-09-08,3,170,0.08806905987003943
2023-03-17,21,160,0.830417983021242
2023-02-01,25,40,0.3081152804246401
2023-12-15,4,81,0.993201168895237
2023-09-14,7,81,0.9473975293789516
2023-09-04,17,110,0.03472483618473077
2023-10-30,9,43,0.7255222349447631
2023-11-07,6,92,0.9810172300557427
2023-02-03,6,69,0.3424830800944556
2023-03-26,8,123,0.998908675835412
2023-03-21,3,66,0.02253312654217632
2023-08-20,24,16,0.15573861304045278
2023-06-21,4,186,0.9537370512422098
2023-10-15,8,99,0.20869635669274644
2023-12-08,20,115,0.3080791739835118
2023-04-28,18,9,0.3289929840222152
2023-06-20,6,48,0.8055453753712344
2023-02-03,8,5,0.8914475915932464
2023-12-25,25,156,0.987855933167782
2023-03-10,9,20,0.16622347862664677
2023-04-18,10,102,0.28028438897534713
2023-03-10,15,166,0.3225287638365576
2023-10-28,3,2,0.5016692903702417
2023-07-13,6,133,0.2409005253883183
2023-01-11,12,20,0.006733955793137181
2023-09-02,8,184,0.16114136565392922
2023-03-27,17,22,0.2975203744072382
2023-12-19,6,75,0.9137654588831048
2023-01-28,21,192,0.5468791384973565
2023-11-21,19,91,0.7819186858292864
2023-03-10,3,141,0.3925215191483
2023-11-01,16,92,0.2897630837599505
2023-07-05,13,147,0.8590730299052851
2023-01-04,25,53,0.11221481147467693
2023-07-29,21,199,0.44753896510605173
2023-04-07,17,76,0.02925623423175383
2023-04-11,18,46,0.5635840179818586
2023-04-27,13,44,0.24445810216556407
2023-02-17,14,136,0.93883961670849
2023-07-12,20,12,0.08370949977236786
2023-02-09,24,74,0.9744923753254089
2023-02-15,7,113,0.3661006811057085
2023-08-23,3,108,0.0005579580338809231
2023-02-08,15,12,0.4286756382536898
2023-07-01,24,134,0.3393154041341534
2023-11-07,13,164,0.9815243428266074
2023-01-07,14,124,0.39071688622326495
2023-06-01,4,174,0.8242723533959457
2023-10-30,11,142,0.2241152946863788
2023-02-03,9,105,0.8513261966565078
2023-05-16,10,162,0.008882609350222559
2023-12-04,18,70,0.4830030131317845
2023-03-18,18,186,0.046429724218753354
2023-11-17,25,98,0.5095619450500675
2023-10-05,21,84,0.6507763396905222
2023-03-10,1,139,0.6663965800819802
2023-05-21,16,165,0.37569003422338987
2023-06-29,4,141,0.8336584881155548
2023-07-25,5,182,0.7613330521038432
2023-12-25,20,199,0.8624297547108477
2023-03-25,2,6,0.6962645203073772
2023-11-09,20,69,0.6690104894377948
2023-11-26,21,140,0.9238035467288243
2023-01-25,25,88,0.510582916416384
2023-02-23,9,29,0.137679914910932
2023-12-28,8,35,0.2388830994429435
2023-09-02,12,182,0.844505807750342
2023-05-22,25,53,0.5069577957407625
2023-04-12,17,160,0.4315283323755821
2023-07-10,14,86,0.7653914318694902
2023-12-10,14,62,0.35187397868064463
2023-06-29,7,115,0.24466724603841394
2023-05-20,3,20,0.6857366050033025
2023-03-04,3,77,0.023703032623091702
2023-04-28,11,106,0.497194000236749
2023-05-26,8,170,0.10887800402124703
2023-08-11,21,112,0.5569581271467421
2023-11-23,3,71,0.4313129444465371
2023-11-18,17,110,0.9567939758676917
2023-04-25,9,135,0.35032692865444315
2023-04-26,16,199,0.9714453879595164
2023-04-30,15,46,0.3733455389217074
2023-04-29,22,81,0.9480586454002231
2023-08-16,2,38,0.8576601246867147
2023-10-31,12,40,0.08877738235558974
2023-05-15,19,180,0.37810997474641816
2023-07-29,17,59,0.1668975401365087
2023-07-07,14,81,0.02076684687589092
2023-02-28,14,132,0.7633981916113335
2023-10-20,15,9,0.19897116725270925
2023-07-15,22,160,0.0717894981943189
2023-12-24,1,54,0.16857754268528446
2023-02-21,5,8,0.5639389010121857
2023-10-03,4,186,0.9914106859392943
2023-02-16,3,117,0.8510361423945171
2023-04-14,20,166,0.382211161127054
2023-09-21,11,70,0.23705225724010737
2023-10-08,13,47,0.9251874707534558
2023-05-22,10,153,0.9230791891809242
2023-03-23,5,161,0.2589728272244146
2023-08-24,12,5,0.15231963344530042
2023-12-14,5,31,0.5184040648779684
2023-05-03,19,20,0.3012248098646332
2023-06-17,18,188,0.6426680905128525
2023-02-13,22,171,0.13022561094491236
2023-06-29,8,138,0.1789515521027577
2023-05-19,9,56,0.5903975149534428
2023-05-22,9,170,0.04841710881501837
2023-01-29,13,105,0.679986443215612
2023-09-22,23,117,0.6555554648382038
2023-12-05,23,199,0.3713637473738226
2023-01-01,18,157,0.092655171286526
2023-01-08,8,135,0.771783488090358
2023-03-07,15,87,0.5528758913724261
2023-01-09,25,21,0.07855364209699756
2023-05-13,3,13,0.6607004627045047
2023-12-25,14,82,0.7315420032759176
2023-03-23,17,103,0.8904998531435204
2023-03-04,19,87,0.3626572835822175
2023-08-05,22,184,0.26236241601923316
2023-06-30,12,3,0.8394456618443562
2023-12-07,1,89,0.0048539329727552705
2023-12-17,2,103,0.5803630093592179
2023-04-12,7,6,0.49427475490278105
2023-04-10,10,14,0.6897710400914933
2023-06-20,1,140,0.4666648118082005
2023-10-22,18,92,0.7313123537844461
2023-05-04,8,128,0.252051071411561
2023-12-16,16,180,0.028467867091594545
2023-07-18,18,63,0.4128124875265524
2023-10-18,23,100,0.6766995589974925
2023-11-01,16,146,0.9516595286639514
2023-05-19,8,111,0.4665205128389529
2023-01-31,2,16,0.0675026634317808
2023-09-04,9,122,0.04706367944912526
2023-06-13,14,181,0.19541819270714578
2023-04-06,2,195,0.27638400889579295
2023-09-25,1,199,0.35797747682828995
2023-03-02,4,92,0.7014126053113657
2023-03-17,12,194,0.8089129265004869
2023-10-07,22,176,0.4056572089720938
2023-10-16,18,196,0.5368344556444218
2023-05-22,12,69,0.18090847569453206
2023-06-22,20,54,0.7563731999264999
2023-03-08,5,104,0.6265147524131575
2023-01-20,4,65,0.39070757089291464
2023-05-02,13,83,0.7010076578670731
2023-06-05,21,39,0.1452524839236914
2023-02-01,8,44,0.10838942917935757
2023-02-02,5,200,0.952652628659963
2023-08-29,16,174,0.6058662999267497
2023-04-13,2,118,0.5957992595557554
2023-04-20,12,98,0.4929805918792721
2023-02-03,12,83,0.1555100560684748
2023-03-10,7,143,0.11799803010922894
2023-03-23,1,101,0.11637477710669852
2023-10-12,23,11,0.16977853211608873
2023-12-27,13,123,0.3365046318192342
2023-11-25,24,82,0.5690286640499037
2023-02-13,12,33,0.011466767280720935
2023-08-18,21,126,0.7567588598858505
2023-06-21,25,127,0.7724257762087336
2023-05-22,14,84,0.16473528384630298
2023-04-14,16,156,0.2645441484106412
2023-03-15,16,167,0.6580405544354012
2023-01-18,20,37,0.780088345639216
2023-05-13,19,171,0.09445625065929908
2023-02-23,25,6,0.9962232801791222
2023-06-16,17,132,0.15139252228944788
2023-02-15,6,57,0.5517088894167096
2023-08-06,8,50,0.04777392507730971
2023-09-28,24,154,0.0490432829704307
2023-07-18,9,98,0.6775275924387878
2023-05-25,4,27,0.7662023018209653
2023-09-22,20,22,0.9026006944809338
2023-11-01,16,38,0.14477341323627102
2023-07-25,1,99,0.7030571658851789
2023-08-18,12,155,0.05641891546610578
2023-10-12,2,77,0.33228215485291546
2023-02-26,25,112,0.5273829647774175
2023-01-23,3,41,0.7648465831490591
2023-05-20,11,46,0.7853722721629681
2023-08-14,4,34,0.6573233665901205
2023-11-11,20,197,0.29750320471524205
2023-11-22,12,98,0.12620040280769684
2023-12-30,9,79,0.33155168287231096
2023-09-17,15,131,0.4832238658391631
2023-04-09,14,139,0.37851883800736275
2023-06-30,18,176,0.11433315267614119
2023-12-13,7,107,0.8529187093582568
2023-07-30,8,39,0.35039703737696204
2023-02-16,23,87,0.40896508831878897
2023-09-26,17,40,0.3079027172588399
2023-02-25,25,44,0.558972878710069
2023-04-05,7,135,0.15664028647524386
2023-01-05,13,69,0.5044928606824864
2023-04-14,15,72,0.7255035891542503
2023-07-09,18,10,0.6707594434981397
2023-03-25,6,101,0.10568497119918785
2023-08-10,9,200,0.7565232132916406
2023-04-22,4,135,0.5421226579442597
2023-03-21,2,59,0.88779638976086
2023-11-21,16,192,0.9359070249719968
2023-04-18,13,143,0.628460111394013
2023-03-21,15,136,0.251952825404812
2023-07-14,3,160,0.8974444492866784
2023-09-16,6,42,0.7315814917309336
2023-05-18,12,75,0.6512292859167202
2023-06-04,14,12,0.9557253532428115
2023-04-22,19,173,0.9323626602932207
2023-11-25,3,32,0.648234429768353
2023-07-23,16,113,0.7747089115161891
2023-09-14,13,30,0.5171573961762701
2023-07-10,11,175,0.21295780738445036
2023-12-29,16,173,0.6567131937513988
2023-03-19,16,14,0.7140725980208137
2023-04-20,1,60,0.6717001816176956
2023-11-01,20,81,0.6000389133524366
2023-08-02,1,188,0.5727728266003906
2023-05-11,14,183,0.9617451987273791
2023-06-04,5,52,0.8130822455200577
2023-12-03,19,141,0.567349713456644
2023-05-03,10,140,0.8312568146286567
2023-12-03,22,90,0.7262340352194983
2023-08-25,13,125,0.010418172585898833
2023-05-25,5,138,0.42970153043811454
2023-06-28,16,33,0.916976732825959
2023-01-01,25,104,0.8118011907414504
2023-07-08,24,78,0.9341068995557898
2023-06-13,13,123,0.7724412910783619
2023-10-30,8,79,0.5427782281743446
2023-03-24,8,187,0.6153321299109169
2023-02-14,12,191,0.17380471638094608
2023-12-04,13,28,0.9389265491499187
2023-05-01,10,46,0.24490547398059048
2023-07-24,16,167,0.4222579482048031
2023-12-03,25,21,0.9487655180995545
2023-02-03,8,120,0.455822776674618
2023-06-14,19,176,0.2923696028516636
2023-07-15,7,117,0.37484609063777785
2023-05-09,3,25,0.7789984934455001
2023-04-16,17,57,0.05085254793399918
2023-06-28,21,151,0.03488609162872991
2023-07-11,25,101,0.8760513987027064
2023-01-03,23,44,0.8772754625599676
2023-05-26,7,98,0.3896043122279891
2023-08-15,7,34,0.13165966254370742
2023-02-26,16,95,0.8374682522339649
2023-05-02,1,185,0.6919484358623567
2023-02-03,17,119,0.5888471949867301
2023-11-19,17,105,0.7575674872795515
2023-03-24,20,76,0.24343273054544012
2023-08-01,6,40,0.578598655814523
2023-07-12,16,180,0.2930604196860268
2023-11-22,10,9,0.6251449111170319
2023-07-22,16,74,0.23800250191950278
2023-04-23,20,97,0.6507562388506484
2023-03-13,4,87,0.11193469290360158
2023-04-04,16,47,0.90733972263048
2023-07-11,3,174,0.8595620554737682
2023-03-15,21,153,0.7390374316762713
2023-09-03,9,167,0.527364562736842
2023-03-18,21,63,0.9423702609997174
2023-02-06,23,102,0.6166715107502814
2023-09-27,2,119,0.9670104169285768
2023-08-30,2,106,0.17309785554208823
2023-08-26,18,2,0.7509238798254485
2023-05-28,18,128,0.38700921496133356
2023-01-03,17,74,0.18080942151014445
2023-03-10,2,47,0.02113686087394495
2023-01-02,19,9,0.6399907079297226
2023-12-30,25,80,0.986403932588721
2023-03-14,24,5,0.20265091988390593
2023-09-06,4,161,0.5196510789311483
2023-01-10,16,160,0.6305682952588283
2023-07-30,7,125,0.872000477787355
2023-11-15,3,170,0.7739390638068411
2023-10-14,16,62,0.10806978874969253
2023-07-08,17,141,0.18985959719638412
2023-10-16,6,117,0.3646575826256522
2023-06-19,19,121,0.4833935827507718
2023-10-16,8,13,0.6676058814156103
2023-05-19,22,162,0.06617129890834772
2023-02-13,22,66,0.3309250517240546
2023-05-23,25,81,0.40427787205826815
2023-09-09,13,155,0.7689487017782547
2023-06-06,24,128,0.38726596758277054
2023-05-16,23,79,0.9601423837502145
2023-04-12,6,176,0.9590480662833161
2023-05-31,7,22,0.43494918957901474
2023-03-29,14,162,0.022823206188536838
2023-12-27,19,68,0.0884056892250411
2023-12-25,25,18,0.7287126519430192
2023-03-09,13,20,0.6302910887126545
2023-07-22,9,136,0.01607670083545154
2023-02-22,14,125,0.9897327289817166
2023-01-31,14,4,0.6955217811853599
2023-12-15,14,84,0.9547452880434626
2023-04-17,12,120,0.02316133010278476
2023-11-18,22,121,0.8361303787720021
2023-03-26,10,107,0.4180622447910747
2023-11-09,11,42,0.36727977203826423
2023-09-15,17,120,0.3142105427530981
2023-06-19,3,45,0.7686915632480835
2023-04-01,13,51,0.5222123481523001
2023-03-28,13,8,0.18407979196813762
2023-04-30,15,120,0.22678661599656025
2023-07-10,25,4,0.1088238168412724
2023-09-04,17,8,0.6044808089827167
2023-11-09,2,140,0.988652336081747
2023-04-10,3,13,0.9776208689154555
2023-04-11,18,131,0.20231801740478494
2023-07-01,21,126,0.27403512918232775
2023-06-05,4,61,0.3146451567810794
2023-06-02,8,113,0.9950472917809259
2023-11-11,17,37,0.8663484949045149
2023-12-17,3,8,0.21073915414230315
2023-09-04,1,162,0.8938272471648951
2023-07-21,12,198,0.6017104300634174
2023-04-17,15,61,0.4268844660170735
2023-12-16,17,33,0.11730715188602114
2023-07-16,7,196,0.2963067732382726
2023-12-19,11,28,0.21064920361562822
2023-01-21,20,153,0.04930531307186903
2023-04-22,1,82,0.14735991030020723
2023-05-31,4,61,0.7126775630621337
2023-07-03,8,142,0.6110625670968793
2023-05-27,5,96,0.6616852719698477
2023-03-31,20,99,0.4158892570270528
2023-09-10,11,179,0.44347649690498814
2023-06-07,2,98,0.6977013869789847
2023-03-17,24,59,0.9288614231831769
2023-10-09,19,24,0.7220938050565653
2023-03-03,4,24,0.3324110148198992
2023-06-29,25,160,0.4053116510408812
2023-11-28,7,33,0.27810775540433996
2023-02-01,14,106,0.36822696513236575
2023-01-12,11,140,0.1733656031958818
2023-10-17,4,25,0.4961758816943601
2023-03-31,9,196,0.9362675919451068
2023-05-15,13,64,0.6340044727643055
2023-12-10,17,137,0.0029845838016864246
2023-10-01,12,148,0.9169123352636338
2023-03-15,6,108,0.26382422130938354
2023-11-28,10,65,0.8293815344524299
2023-12-19,22,139,0.9490896400255759
2023-11-27,12,19,0.09536599892559361
2023-11-02,8,3,0.2517682199608894
2023-09-29,20,148,0.6309315421097157
2023-07-08,3,52,0.2881096683534121
2023-12-19,22,67,0.7924798286763247
2023-12-31,17,106,0.8009807667027742
2023-03-11,12,70,0.9144989397857488
2023-01-03,6,23,0.7225658006640372
2023-02-13,9,151,0.46667654702704897
2023-04-12,22,178,0.4517278154477279
2023-01-07,23,110,0.0021257880064387003
2023-11-25,23,88,0.12647872042406205
2023-06-16,8,71,0.2961813077255976
2023-03-10,8,160,0.16691056662290182
2023-05-20,1,129,0.0015494711227244107
2023-09-10,3,148,0.14183497312398852
2023-11-04,19,155,0.5422339927740543
2023-08-07,4,46,0.9131154890484583
2023-09-04,18,21,0.5524500172934874
2023-06-15,7,22,0.7199687433521199
2023-04-20,22,91,0.8480526615826546
2023-08-08,11,99,0.6773267162999576
2023-02-01,13,39,0.9254990330015963
2023-03-04,9,96,0.958885445053521
2023-11-05,18,138,0.815329944405379
2023-04-30,22,20,0.743484996382641
2023-09-09,25,27,0.014440789465449244
2023-02-22,11,132,0.5377268538561168
2023-09-16,9,86,0.013479461061024156
2023-10-10,12,56,0.34135000100208024
2023-11-17,19,151,0.8303409058289197
2023-07-20,24,180,0.7758916959549036
2023-06-23,21,5,0.44789202442336706
2023-03-14,1,167,0.256256605441616
2023-07-15,14,129,0.4257975917845259
2023-03-08,19,156,0.24125396265446142
2023-04-20,18,107,0.47093187115187984
2023-11-20,24,29,0.47771292199235127
2023-09-13,10,100,0.8995948902612788
2023-01-05,12,141,0.8737840803579349
2023-11-26,22,186,0.9981173489050834
2023-10-23,4,35,0.9084667085918363
2023-01-18,16,101,0.8446570934770874
2023-06-29,22,139,0.2622202428472926
2023-09-10,9,140,0.597064290781328
2023-01-05,3,23,0.8146527535206637
2023-06-29,6,44,0.16433977064951166
2023-01-15,18,158,0.36684165285506165
2023-05-06,3,131,0.9308580741416623
2023-09-24,19,32,0.437594365120875
2023-05-01,3,67,0.6425776236574579
2023-05-20,1,177,0.29537116962419874
2023-04-29,7,98,0.5962634358703903
2023-01-13,3,176,0.07667301819730055
2023-10-23,21,136,0.47216097411491986
2023-11-15,3,200,0.5817090148201751
2023-09-15,1,64,0.8973531593256083
2023-03-23,8,170,0.50413837741584
2023-03-02,5,94,0.5544423682159142
2023-02-02,6,193,0.18811646582244668
2023-04-16,18,12,0.4465569728083799
2023-09-28,11,30,0.4133997410589969
2023-03-17,20,54,0.44159611340717597
2023-01-09,22,3,0.8720179089033712
2023-05-25,13,104,0.6852163631449772
2023-07-11,18,163,0.5278807373752098
2023-01-05,24,72,0.41618908620012873
2023-08-17,23,195,0.10219401742888179
2023-05-16,23,167,0.09941229099546867
2023-04-01,9,135,0.08587270341438291
2023-04-25,18,189,0.38132772683349747
2023-12-05,22,6,0.7287526594144343
2023-11-28,2,109,0.4565904537227239
2023-05-12,6,94,0.740914888609655
2023-12-02,7,172,0.4246737918429139
2023-01-01,7,144,0.2904210573795656
2023-08-01,8,14,0.2922446558617865
2023-08-03,16,161,0.47469929563475277
2023-12-04,21,33,0.9926038275325237
2023-06-18,8,86,0.5118220839262715
2023-04-07,2,79,0.11393782290538446
2023-04-02,20,190,0.23589115732277988
2023-08-09,19,166,0.629390896909047
2023-12-04,12,104,0.2883864130326943
2023-09-19,3,100,0.34573015051350586
2023-11-04,8,59,0.9861327513686315
2023-01-22,10,109,0.505949346698915
2023-12-20,8,170,0.23854719124446377
2023-06-03,18,167,0.8497661734291022
2023-07-10,15,38,0.2938177844680343
2023-11-16,12,127,0.8595509866286928
2023-11-24,16,108,0.9601146342632413
2023-09-19,19,22,0.9934145220756333
2023-06-17,5,129,0.5834379143466801
2023-04-14,13,52,0.529360066275201
2023-10-10,14,183,0.06951362078121437
2023-09-22,16,167,0.5552799391818939
2023-03-17,19,102,0.8697225065039215
2023-05-30,8,107,0.511349780876891
2023-05-18,14,73,0.6795745230259739
2023-03-05,2,64,0.044505187252209755
2023-02-13,3,161,0.5291769623953041
2023-12-29,13,35,0.15504943940421623
2023-03-27,18,163,0.12493748663620907
2023-09-17,10,91,0.5532318912383549
2023-02-07,19,70,0.42154957916278424
2023-05-08,20,30,0.07336514876892752
2023-10-25,8,11,0.4130617155427352
2023-09-02,5,176,0.5456003007870641
2023-11-26,18,198,0.024721902768902515
2023-06-10,25,128,0.8433283372313977
2023-12-29,6,169,0.5413838505771914
2023-11-28,22,58,0.3101429412600645
2023-04-21,13,149,0.505381837784793
2023-04-27,2,160,0.5368747160265018
2023-03-12,6,72,0.6093479636792949
2023-03-05,25,181,0.5842207597276666
2023-12-23,19,169,0.7593351054960104
2023-11-29,2,69,0.13419278119716616
2023-01-16,19,51,0.6099658095477396
2023-11-03,9,28,0.7532158166523049
2023-04-07,17,85,0.9378203213375446
2023-01-04,2,95,0.7966202124059312
2023-09-19,3,197,0.6922842393499165
2023-06-25,13,97,0.8896275382118626
2023-05-26,12,179,0.15037886550542723
2023-10-30,1,74,0.06299826949633414
2023-02-14,21,6,0.5100478870024487
2023-01-08,23,99,0.6787624890678281
2023-11-24,10,7,0.3322634342787977
2023-05-08,9,38,0.6091378217954909
2023-11-10,8,175,0.39487971393298094
2023-03-13,7,159,0.671784300676668
2023-03-07,3,137,0.12777262182239668
2023-04-15,3,169,0.09911114551140543
2023-12-31,5,104,0.24278452224368718
2023-04-14,13,124,0.6428787731872952
2023-11-14,13,121,0.9931008427358766
2023-06-14,24,175,0.08265095454723548
2023-03-17,10,84,0.9540291722400688
2023-08-12,5,121,0.06716970164323122
2023-11-11,5,97,0.4954840999047142
2023-11-12,20,121,0.8878399442234307
2023-12-31,8,26,0.3323427131472334
2023-10-13,12,151,0.9474917597118112
2023-03-05,19,31,0.7213928962406012
2023-06-03,12,72,0.21053847783448687
2023-07-27,20,112,0.28309974231241275
2023-10-21,11,109,0.4977513232847429
2023-09-24,3,67,0.822687483416645
2023-03-31,21,118,0.14300695331721114
2023-01-11,11,44,0.9656048556305711
2023-04-23,21,159,0.8710149624008617
2023-10-31,21,108,0.045829342014465424
2023-01-29,2,37,0.7420070264836955
2023-07-05,2,177,0.9907564826424224
2023-11-15,21,101,0.027105656398856204
2023-11-22,22,30,0.7775507282247873
2023-06-08,11,108,0.17032434337707414
2023-05-29,25,194,0.012559829069606288
2023-05-13,22,166,0.3616654950021434
2023-04-12,1,93,0.203450840162421
2023-01-18,10,70,0.9945387648793328
2023-07-03,3,152,0.48313760984941256
2023-04-01,4,52,0.1767631826201953
2023-04-30,8,52,0.43982843275126304
2023-09-14,20,108,0.015638113959098088
2023-06-14,14,128,0.3282890880973208
2023-02-20,24,158,0.8578130541766255
2023-08-08,11,128,0.8483507739401617
2023-12-17,16,3,0.15641088501247924
2023-06-09,18,128,0.3315436456289982
2023-10-10,2,126,0.5870513222907537
2023-04-15,1,46,0.7267795062277911
2023-06-07,3,56,0.37303247290570085
2023-07-06,19,190,0.390854913626997
2023-12-16,12,28,0.10696912047119833
2023-10-12,20,156,0.9266514564886029
2023-07-20,23,8,0.30680343457843207
2023-05-12,2,7,0.3092115186173139
2023-04-29,14,146,0.6915344760982977
2023-01-17,6,123,0.9583685839785423
2023-02-16,12,181,0.8801872797691944
2023-12-25,9,3,0.8962508098988715
2023-02-05,16,198,0.28908330379335834
2023-06-03,10,79,0.42067684105620773
2023-06-25,2,73,0.2542524612561571
2023-12-12,16,126,0.42032709766817156
2023-01-15,6,96,0.4160757488622784
2023-09-04,10,136,0.055844155698708264
2023-07-15,19,122,0.8259602427745433
2023-02-18,13,25,0.5789711504252146
2023-06-13,23,87,0.5948288045028574
2023-01-19,14,195,0.11917849044141071
2023-10-05,24,2,0.6748859863982454
2023-11-06,12,101,0.14651489909927262
2023-08-17,20,32,0.47767816279745434
2023-04-30,8,188,0.20008488213090003
2023-09-04,8,182,0.21727784319146304
2023-03-11,18,34,0.08093609958935455
2023-01-22,1,32,0.004314537726903489
2023-10-01,1,170,0.8221483419144656
2023-08-05,25,75,0.9382053699255086
2023-06-28,12,98,0.9459308942258916
2023-08-31,14,123,0.4493949723415829
2023-07-10,7,7,0.7704506993287269
2023-12-11,21,132,0.8051096645323373
2023-11-15,2,137,0.3065465013328674
2023-01-21,7,115,0.8134708566122366
2023-02-26,23,106,0.215765906252265
2023-04-30,18,140,0.16612154813514524
2023-05-17,16,89,0.519388404960542
2023-07-27,1,165,0.662608429593602
2023-04-21,13,197,0.6070038426435915
2023-02-21,8,193,0.32689941432297054
2023-07-23,4,68,0.5979659622066823
2023-12-08,18,93,0.44267761758681445
2023-10-21,1,174,0.24402396761065448
2023-02-08,6,196,0.8478440163710429
2023-09-03,23,13,0.9195381193592188
2023-07-28,16,54,0.3411104482437941
2023-08-12,4,149,0.47502357905758197
2023-11-12,20,150,0.8035666837345528
2023-03-03,5,165,0.5808037950387346
2023-12-26,11,146,0.5440244035053786
2023-10-17,1,156,0.7602242332786716
2023-03-17,1,116,0.46453590682413615
2023-06-29,1,71,0.22551610270292233
2023-07-07,22,142,0.21873413923798823
2023-04-09,21,113,0.8796619469342359
2023-02-02,24,89,0.7955991109928809
2023-07-16,23,78,0.7720178882806041
2023-03-13,15,11,0.3371359384484053
2023-01-23,16,186,0.31881113087278257
2023-12-02,12,132,0.46822247313827636
2023-04-06,9,112,0.7409578062548013
2023-08-28,10,196,0.029392905627559807
2023-01-10,4,98,0.21092731210240767
2023-03-09,10,4,0.20446220686728622
2023-06-16,20,97,0.8793765345097636
2023-01-11,16,96,0.006727755321272677
2023-05-30,3,52,0.3586095886408063
2023-06-05,11,39,0.9736348438784516
2023-02-07,19,156,0.9746749949923212
2023-08-24,1,17,0.8846922881180177
2023-10-20,7,91,0.24590078675182447
2023-05-13,9,168,0.362382847370613
2023-05-03,13,172,0.0420071837148871
2023-09-11,18,57,0.03693590822822457
2023-07-21,4,51,0.8457010310139744
2023-09-03,2,172,0.04106662598433486
2023-02-26,15,8,0.15698660698550648
2023-08-15,25,168,0.8492767782562495
2023-12-31,17,120,0.014862926017330302
2023-02-26,8,190,0.5777755481468321
2023-09-20,8,13,0.11201952526353331
2023-10-05,21,39,0.03833521482947766
2023-10-10,10,154,0.8369357780526224
2023-04-13,21,52,0.41468068326012064
2023-09-08,2,172,0.04834176134676471
2023-01-02,13,111,0.5765967143350562
2023-01-01,4,110,0.18759545068995542
2023-06-25,17,113,0.09561598776321434
2023-04-01,18,49,0.2600407241822531
2023-12-21,14,159,0.8710792655421358
2023-02-26,14,158,0.24022569368128555
2023-03-27,19,102,0.37833435591230524
2023-10-14,2,13,0.8528661410761996
2023-12-29,5,140,0.6265061965814166
2023-02-14,6,152,0.5512790085208098
2023-01-12,5,105,0.11854884002448607
2023-11-02,9,171,0.9444073431963227
2023-02-01,13,39,0.22924267155701683
2023-03-05,23,44,0.36470839576100866
2023-09-03,16,170,0.5216348597379715
2023-10-16,14,157,0.22423025351899373
2023-12-27,11,91,0.8706271979970018
2023-09-08,13,169,0.13121618056181006
2023-10-12,3,139,0.7283785855861024
2023-01-22,14,192,0.929258199646773
2023-01-01,18,65,0.6715070712634177
2023-12-02,9,191,0.6231667887887551
2023-12-06,24,167,0.518156022817465
2023-04-25,7,124,0.024057791027882858
2023-06-26,16,192,0.1245763233570586
2023-10-05,18,186,0.5720486354576696
2023-02-17,19,49,0.3368755026103183
2023-10-30,22,41,0.6296539819558612
2023-11-29,6,72,0.593828530479721
2023-02-28,22,162,0.8314786284229508
2023-05-08,17,48,0.42780587660534275
2023-10-14,8,142,0.8407420267315617
2023-04-30,19,90,0.044364556123436816
2023-05-30,3,91,0.1888469434885477
2023-12-08,1,95,0.08940143442608661
2023-04-16,7,155,0.8342618403546876
2023-12-20,6,57,0.6496054689223488
2023-09-26,3,1,0.01112820604764142
2023-10-08,6,102,0.2379033089179312
2023-03-11,23,164,0.9862894939063843
2023-05-08,15,64,0.9042990397873298
2023-12-24,3,2,0.920708040090052
2023-05-18,12,111,0.8412362030463102
2023-11-14,15,116,0.6834933214689369
2023-08-04,20,19,0.20757379327971692
2023-06-26,2,20,0.5088057573955433
2023-09-05,8,146,0.8210182028855387
2023-02-09,14,186,0.005464262550272658
2023-03-05,14,2,0.6946992223365088
2023-08-20,3,134,0.9961446198137623
2023-11-03,25,91,0.40660850518743763
2023-03-04,25,57,0.17462828709230804
2023-04-14,14,127,0.9340436367285208
2023-08-24,12,193,0.5211247726792054
2023-04-22,25,127,0.32364381350457416
2023-01-20,25,17,0.8189042084936177
2023-03-25,25,141,0.8863974407115659
2023-09-02,16,143,0.25785400461052954
2023-05-05,19,181,0.6659163037514247
2023-05-06,4,43,0.15258373869784936
2023-02-23,2,31,0.8970949699971081
2023-01-29,15,168,0.7869681614981767
2023-04-23,17,16,0.44753612065127946
2023-11-17,23,192,0.01575048836164672
2023-01-24,3,192,0.6011586814592076
2023-02-09,5,185,0.5224072840592535
2023-06-05,22,119,0.35385177599275797
2023-10-21,13,6,0.5041627059606035
2023-09-19,5,147,0.4725167258723123
2023-09-13,2,169,0.4698358271334747
2023-10-10,19,113,0.7498814945343079
2023-04-30,13,170,0.6290744488360676
2023-03-21,16,74,0.48044755467570366
2023-04-06,17,85,0.11645189680726242
2023-08-09,21,34,0.4895179156535089
2023-08-18,4,200,0.9190457843972015
2023-10-26,19,197,0.8610573155310226
2023-09-22,11,3,0.8138478773216953
2023-12-09,1,192,0.29262729295377754
2023-03-14,2,65,0.03903340993102067
2023-03-07,11,156,0.7845818746340444
2023-06-24,12,111,0.2620669459870366
2023-04-08,16,86,0.5794929971471676
2023-02-12,25,194,0.45664454232147866
2023-06-13,4,113,0.44397006485746293
2023-08-13,6,196,0.9988392521000141
2023-04-09,5,41,0.0003960050577377361
2023-07-15,13,20,0.27045422310921297
2023-07-07,12,146,0.32384440312601814
2023-03-29,16,31,0.2205959237838504
2023-07-06,21,142,0.4042418836933377
2023-02-23,9,42,0.7264054960212809
2023-12-26,2,18,0.4313189204355402
2023-03-11,15,4,0.2506339506395897
2023-04-12,10,186,0.5289772693131232
2023-01-04,14,195,0.4372559715369898
2023-11-11,22,79,0.12961411084867513
2023-03-17,13,155,0.422366650199105
2023-03-29,14,180,0.0003580155721192302
2023-05-08,16,87,0.7939555005887057
2023-05-01,19,142,0.31337831451085907
2023-12-30,21,180,0.36172889706660527
2023-11-16,22,43,0.27694401133781155
2023-01-15,16,32,0.24881254555373888
2023-01-29,17,12,0.7179181402123845
2023-01-09,4,199,0.25639355094220284
2023-12-06,21,83,0.11616584723371193
2023-06-14,18,154,0.6006713762291455
2023-10-19,17,173,0.9378101573574795
2023-05-30,17,174,0.6251517742812834
2023-01-05,21,91,0.8243523183542375
2023-12-27,3,185,0.2721523980858678
2023-11-20,10,120,0.006881140181417722
2023-11-10,10,148,0.2887129752878692
2023-10-27,11,198,0.7751597653395422
2023-06-30,10,103,0.7673283825588689
2023-07-12,8,19,0.787631205315882
2023-10-01,6,108,0.3587420719792759
2023-02-21,4,110,0.7737141055148983
2023-12-22,20,167,0.9759795153439079
2023-05-21,15,41,0.9909343858287338
2023-07-20,23,158,0.813922871711433
2023-10-09,21,175,0.9882322265477264
2023-07-08,3,23,0.16328621098566076
2023-07-05,9,140,0.8616878700407647
2023-01-21,4,12,0.3707668319707623
2023-07-12,7,97,0.08077374019867467
2023-06-07,14,91,0.2410877277875395
2023-05-15,24,97,0.4869089368486461
2023-08-16,2,158,0.738089553479708
2023-09-09,1,53,0.009177833101893795
2023-06-30,18,123,0.06635459661341248
2023-12-03,15,156,0.6877405751061899
2023-11-20,12,146,0.710334308759035
2023-10-10,25,20,0.3343188709643863
2023-07-08,25,75,0.6421043010012312
2023-01-20,22,20,0.08884705201779941
2023-01-06,14,10,0.2748098957190873
2023-03-31,4,160,0.8877851589727032
2023-05-08,6,78,0.029921315495414103
2023-01-01,12,160,0.14895081602787563
2023-07-11,23,200,0.42696222264400085
2023-12-14,23,132,0.8323550897641449
2023-05-12,1,177,0.7105895420258136
2023-05-24,2,33,0.09514998558645005
2023-07-06,4,69,0.08770119251072628
2023-01-28,11,193,0.8690922293324147
2023-03-17,15,62,0.38114600944783783
2023-11-15,19,103,0.410617668367241
2023-04-07,7,96,0.9111143664441395
2023-12-25,5,81,0.3319921683572298
2023-10-27,23,53,0.2502905216100445
2023-02-26,2,156,0.6952739055109277
2023-12-20,8,12,0.5844400125592664
2023-12-25,5,149,0.1853378884931789
2023-11-09,20,58,0.5284683382734997
2023-11-22,3,2,0.6308101167473892
2023-05-17,2,159,0.2555323179404473
2023-03-13,1,181,0.21669247808840308
2023-02-02,23,61,0.30019560175470617
2023-04-02,19,39,0.3865257892178201
2023-03-02,10,63,0.14861293775890594
2023-11-05,20,66,0.7800552104894453
2023-05-24,21,106,0.5137467627061545
2023-07-29,22,104,0.18205735819312674
2023-05-26,25,66,0.3861203632041581
2023-10-20,20,151,0.5393732765135836
2023-10-22,20,112,0.3333210244600108
2023-03-14,4,184,0.09319572667378584
2023-09-01,10,33,0.8438307493336681
2023-05-29,18,187,0.784181944404587
2023-11-11,13,168,0.307003352331202
2023-03-17,3,76,0.9273025556671162
2023-09-18,13,62,0.9021113459647457
2023-04-03,7,189,0.06129523246721247
2023-08-16,9,153,0.09769010315604709
2023-09-10,24,137,0.23985910173802116
2023-07-29,10,143,0.057325173641335714
2023-06-23,20,64,0.7262230771947322
2023-01-25,5,160,0.3785371258133857
2023-12-08,17,184,0.1710504043838198
2023-07-18,1,192,0.14448362356948896
2023-01-12,8,69,0.0026095994000906453
2023-07-08,21,80,0.7314979535076171
2023-11-16,4,160,0.8279136057039742
2023-03-11,3,189,0.6894872457062721
2023-01-15,15,61,0.6293105237243738
2023-06-14,23,2,0.2650336702248175
2023-03-20,15,2,0.008982044310690607
2023-02-25,8,8,0.1892200790284324
2023-04-05,13,38,0.5099814217916394
2023-02-05,24,171,0.9541293427905216
2023-09-10,24,48,0.9043533006421035
2023-02-01,13,84,0.8803575451880953
2023-07-07,20,93,0.20068969622219912
2023-06-01,17,124,0.00366408826012643
2023-07-05,11,62,0.06631220053295583
2023-07-02,18,5,0.10560065846582645
2023-12-16,11,181,0.6969288943928142
2023-11-22,16,137,0.710306955920076
2023-12-09,18,155,0.41917809135678863
2023-02-12,13,108,0.576368673094621
2023-04-30,9,67,0.9388200868745723
2023-12-11,10,115,0.1100639156802864
2023-08-03,25,157,0.7516376703769165
2023-06-14,21,185,0.3624967321381649
2023-12-28,14,5,0.7045159570554134
2023-12-17,8,86,0.7758134236048784
2023-12-06,19,8,0.27312422231083167
2023-12-14,17,9,0.030154904118756876
2023-01-15,18,80,0.4022331605126205
2023-07-11,4,188,0.9867418292062641
2023-01-23,7,78,0.1101919949354011
2023-03-12,7,82,0.057909683408369994
2023-10-09,8,61,0.4537355759638052
2023-01-10,1,71,0.7475437111658729
2023-10-29,7,60,0.34904592361116904
2023-11-10,21,170,0.980538358857362
2023-12-20,4,22,0.9762420932818248
2023-11-14,13,94,0.8602334388225377
2023-12-26,12,184,0.5372163359130049
2023-06-18,13,28,0.8094821032923758
2023-08-25,2,105,0.2594179002905088
2023-11-10,4,15,0.0052214241695640595
2023-12-26,21,27,0.3777149779383757
2023-07-04,17,42,0.981814100934226
2023-06-22,23,163,0.48577738396016357
2023-03-03,7,15,0.46057951572334466
2023-02-24,6,107,0.7500907674051273
2023-08-08,14,46,0.3297772443975715
2023-05-03,18,71,0.2981883245427227
2023-12-25,20,77,0.9026125553010946
2023-09-21,2,35,0.4437509595154203
2023-06-25,20,84,0.6387373676610925
2023-07-27,3,117,0.7904502577384188
2023-09-11,24,8,0.9654031360433796
2023-10-20,25,36,0.9629204988707053
2023-11-27,23,147,0.3311571909647719
2023-12-28,8,147,0.6823999983908157
2023-09-14,5,64,0.28586476673963157
2023-08-24,23,171,0.9805257275585308
2023-11-17,18,149,0.20315182620626537
2023-07-03,1,74,0.5059124680479585
2023-08-04,10,119,0.11607571657935822
2023-07-29,18,187,0.3231227128299504
2023-06-18,6,179,0.9738151855162197
2023-11-12,16,5,0.30683215188801427
2023-08-04,11,146,0.42238933674298984
2023-07-13,8,11,0.48745637467707814
2023-10-29,16,55,0.251868410818867
2023-06-26,2,81,0.1773261086817206
2023-10-09,15,163,0.3950686994524002
2023-09-27,20,107,0.5718654005089738
2023-08-20,15,103,0.48430952724996745
2023-09-06,10,161,0.640714755809675
2023-08-24,20,39,0.6803216235123288
2023-11-29,21,28,0.9079191638898926
2023-04-10,17,51,0.6951114190064848
2023-02-01,25,200,0.6937780257775427
2023-02-06,19,184,0.0010859462643338924
2023-02-05,21,68,0.6741875261931265
2023-07-13,12,14,0.2508473160230581
2023-03-13,5,173,0.9381895601606576
2023-06-14,12,151,0.6701254855057516
2023-12-27,11,45,0.2673461053785091
2023-11-11,9,193,0.5201477150545306
2023-06-01,12,82,0.44114540741667607
2023-01-14,4,12,0.55902998619583
2023-08-19,12,53,0.49815026252199857
2023-09-29,23,86,0.32318731875309403
2023-02-09,14,126,0.5497016659631216
2023-10-26,5,118,0.9272678849234391
2023-07-19,12,148,0.37786622660650426
2023-06-30,7,8,0.2644496363053742
2023-06-03,8,152,0.37858570796548785
2023-04-03,15,137,0.6945547642202319
2023-07-06,13,120,0.8633439242613334
2023-03-28,5,27,0.6773604413828362
2023-08-26,10,195,0.003456032967884326
2023-09-09,15,145,0.8571319048379797
2023-12-04,5,88,0.8902509187667297
2023-07-20,16,144,0.2569910699016038
2023-02-27,7,83,0.23300612415328525
2023-12-15,20,195,0.0011862539505604897
2023-10-25,19,142,0.5046552472892608
2023-04-22,21,49,0.4647979499355006
2023-11-25,7,155,0.4895084658913066
2023-03-01,3,47,0.1232134213518008
2023-08-03,4,80,0.5219350200331577
2023-02-03,22,169,0.1077920238767387
2023-04-13,2,70,0.015724522485210057
2023-11-06,7,58,0.20175593388136093
2023-07-15,21,172,0.2985400725851949
2023-09-10,7,185,0.4410763739547092
2023-12-22,22,200,0.8740976421113325
2023-02-19,18,61,0.5268186684718278
2023-08-01,12,182,0.7527173142367782
2023-02-05,13,82,0.7237145870563348
2023-08-18,6,134,0.6188744071652169
2023-06-21,21,117,0.690579025052401
2023-11-01,19,80,0.3357306810055174
2023-03-23,19,158,0.679245382223308
2023-07-08,16,41,0.5203621856832535
2023-03-01,2,180,0.9211794235023342
2023-12-17,14,129,0.33223124719017905
2023-10-14,3,111,0.6251401414582074
2023-01-28,19,79,0.4888173798516059
2023-04-10,5,126,0.9589948376532879
2023-04-15,2,42,0.957840191838362
2023-06-17,13,18,0.31181156899389684
2023-02-13,13,128,0.27324780899404844
2023-11-13,12,98,0.21689468778909282
2023-06-26,13,171,0.8832571307751557
2023-06-03,22,147,0.10537136233730615
2023-06-20,20,40,0.2584332130693684
2023-02-23,3,186,0.7380405938787759
2023-06-11,11,31,0.3450449848336111
2023-08-27,20,158,0.9034580795460382
2023-06-20,22,89,0.9527737688500035
2023-05-06,20,19,0.18969955142894857
2023-12-29,18,150,0.34101784055347584
2023-11-15,6,46,0.4901733494683489
2023-06-09,22,96,0.08197391866429704
2023-05-06,6,189,0.550452321006869
2023-10-16,10,54,0.979010631189111
2023-02-27,20,82,0.03530071865644702
2023-06-24,1,64,0.25256915150872294
2023-05-04,14,79,0.29197361709568437
2023-07-07,20,193,0.5668782628302682
2023-11-06,22,22,0.2653581971215506
2023-09-21,3,80,0.593443366785161
2023-10-23,24,8,0.30036717518700506
2023-01-16,10,84,0.8601455077610562
2023-04-28,10,66,0.9771066902353847
2023-08-21,18,149,0.44644941263058924
2023-03-12,2,18,0.15630466365337625
2023-07-12,7,1,0.9421639265347546
2023-08-09,8,188,0.1565639339173156
2023-01-22,9,48,0.6117596026445669
2023-04-12,11,154,0.7078936211764658
2023-09-23,16,161,0.06728478443507102
2023-11-09,25,87,0.5255142665281171
2023-06-19,6,76,0.8353788159689094
2023-12-31,11,51,0.9181989853724186
2023-07-09,1,79,0.5572886710363942
2023-08-26,24,24,0.7873667684797083
2023-04-22,21,187,0.5740157644996262
2023-08-22,12,159,0.45074765863358734
2023-09-30,11,126,0.10425136003163982
2023-11-28,3,11,0.5563408673955899
2023-05-30,11,32,0.8285021610430703
2023-11-22,25,115,0.35160229666582676
2023-08-29,10,19,0.1961077609240438
2023-03-21,14,169,0.11128997947536567
2023-05-18,17,4,0.882673468835897
2023-06-06,18,125,0.6398196816512818
2023-07-02,5,25,0.6578748605603252
2023-10-31,17,75,0.41355338210874704
2023-05-07,20,6,0.1743344011988961
2023-01-05,5,51,0.2523898124396393
2023-05-24,3,26,0.18471014029070443
2023-08-10,23,112,0.5436075629329835
2023-10-02,11,1,0.776357565967145
2023-11-24,8,55,0.9347480912095524
2023-10-06,20,45,0.30671476827778166
2023-12-28,25,104,0.5110934650840343
2023-04-26,2,46,0.8509505426165503
2023-10-25,23,79,0.27498371846500147
2023-05-04,9,150,0.6454282522821478
2023-06-08,10,6,0.9419136615651127
2023-05-26,13,195,0.45246273009885807
2023-12-23,1,15,0.013160238977120708
2023-01-22,1,117,0.47116655948600716
2023-08-13,12,28,0.7260031397770175
2023-12-04,9,152,0.5984433965174666
2023-03-14,18,63,0.7479955327128543
2023-01-16,6,170,0.7519255416613876
2023-12-09,14,115,0.8318702313542277
2023-04-03,15,152,0.4658829421648554
2023-05-21,14,71,0.25333715367582543
2023-09-29,13,116,0.7530701127220003
2023-04-12,18,125,0.859178656345076
2023-04-10,1,63,0.757656482828069
2023-08-30,12,187,0.17841800127242502
2023-01-20,21,121,0.020993621287187847
2023-11-23,22,148,0.39568002796005053
2023-08-26,16,31,0.10764920533254385
2023-03-23,4,97,0.04900791720085118
2023-06-14,19,135,0.8579721517978803
2023-07-11,16,13,0.13508259383417154
2023-09-08,13,15,0.4679577578027918
2023-08-18,13,52,0.4348727065580369
2023-04-16,20,195,0.4810012711773052
2023-02-14,10,36,0.8080483154113122
2023-07-16,4,158,0.330356566359596
2023-03-03,24,117,0.1486434433400311
2023-02-01,4,45,0.8953259929161879
2023-04-08,6,56,0.6505965113446207
2023-07-13,6,189,0.7490885129022173
2023-03-25,7,199,0.5635392237349652
2023-01-07,8,76,0.8079875249850573
2023-07-21,14,145,0.830395755716575
2023-01-31,11,105,0.37034103917301986
2023-04-01,13,63,0.7687108676861284
2023-05-22,1,102,0.25943480748184056
2023-07-17,13,183,0.7698067617701209
2023-09-03,3,50,0.7893373140494468
2023-10-14,25,62,0.6279237542099283
2023-03-12,17,188,0.17016202984506157
2023-01-25,22,189,0.8895718960927366
2023-11-03,23,139,0.34964514942226865
2023-08-14,8,97,0.7553764173767564
2023-10-26,10,169,0.36537648682020885
2023-04-17,3,3,0.49461974085322113
2023-02-01,20,167,0.17288897010313786
2023-08-31,23,196,0.6480393954807225
2023-03-22,1,19,0.24805084230769237
2023-06-18,25,196,0.8683905264013397
2023-02-13,18,27,0.9556636841447753
2023-07-23,21,93,0.19316015263821829
2023-10-30,25,50,0.6414534133837769
2023-05-12,13,73,0.7255166097979229
2023-03-27,13,154,0.14066948842344573
2023-11-17,16,161,0.3272229064312864
2023-06-20,12,96,0.6358901954605904
2023-02-09,3,8,0.1420862797625737
2023-12-30,21,90,0.37209616933135514
2023-08-25,24,121,0.5986195595201864
2023-04-04,24,170,0.0011945219026581189
2023-04-07,21,155,0.9120041571757443
2023-12-07,21,66,0.15314403185849024
2023-04-05,21,110,0.4910313528911905
2023-06-14,23,13,0.5400550350344958
2023-06-04,23,17,0.42472795913529615
2023-07-31,18,158,0.6796472649682209
2023-07-27,12,139,0.6125382326493838
2023-09-26,21,16,0.04813129929358595
2023-01-09,4,13,0.9910572831466739
2023-07-25,24,130,0.26823743427064306
2023-08-13,17,98,0.31316749444250835
2023-05-01,20,49,0.2387735697377903
2023-11-21,11,13,0.22267279031853082
2023-02-08,14,2,0.1417402833314213
2023-02-14,3,70,0.3593264470193911
2023-04-24,14,119,0.247873645407509
2023-08-02,8,137,0.9101167041936222
2023-09-23,10,43,0.8320757515256748
2023-09-13,23,83,0.4365476428000199
2023-08-06,25,33,0.33133418353156074
2023-08-07,24,44,0.7154256065779427
2023-09-07,25,107,0.49447220741472975
2023-05-27,8,155,0.8323447670068185
2023-11-28,23,74,0.1796784024054232
2023-07-18,15,121,0.9900537818516714
2023-02-20,6,111,0.4656423434565765
2023-05-05,16,197,0.3216331975629805
2023-11-08,3,163,0.7835332825863055
2023-01-20,16,141,0.48415093202087256
2023-12-10,21,57,0.9970995446939925
2023-01-31,20,65,0.5581885963386225
2023-03-21,18,16,0.23669679648181952
2023-04-08,3,102,0.8041572948222887
2023-05-16,6,194,0.17006551799565595
2023-12-23,14,34,0.043226786304564335
2023-05-10,5,12,0.9885264137157006
2023-10-18,18,93,0.6921743146391643
2023-03-26,19,7,0.6729921914315677
2023-09-29,25,17,0.7669769712469883
2023-05-04,18,89,0.5696912629111575
2023-01-23,13,74,0.3611267357783272
2023-11-29,9,153,0.5907445248904056
2023-09-21,17,38,0.678833148488983
2023-07-23,19,131,0.8647483991202085
2023-03-02,9,187,0.5300505173132299
2023-06-27,10,116,0.9263738818447563
2023-09-26,12,39,0.49865079294752146
2023-02-13,21,47,0.23701915960689823
2023-12-12,19,135,0.019310088857585117
2023-06-02,1,82,0.4158164656300991
2023-06-07,15,46,0.33561657805996703
2023-01-11,19,113,0.937574788004205
2023-09-12,20,195,0.12928875478015245
2023-12-17,14,179,0.07263668047612504
2023-06-07,23,172,0.17244549348132687
2023-03-31,16,60,0.14372301905863683
2023-04-13,3,124,0.27954991858050793
2023-04-14,13,65,0.38072279872610393
2023-04-05,17,190,0.0813913874292258
2023-12-26,15,156,0.8424824776095197
2023-04-28,18,92,0.15092283819065877
2023-10-25,7,75,0.09319244324797848
2023-09-27,15,6,0.08518366125966725
2023-07-31,22,141,0.5792414146412372
2023-01-12,10,143,0.9241879843755256
2023-11-20,14,99,0.794070942535101
2023-12-01,15,97,0.7249442781965537
2023-07-20,16,129,0.3306585438309356
2023-06-05,15,93,0.5408742810509538
2023-08-12,22,127,0.8776121893028396
2023-03-11,19,162,0.37242500774581866
2023-04-28,7,105,0.740679353134676
2023-03-30,24,140,0.9119932018586592
2023-03-26,5,178,0.5804298299269175
2023-04-25,17,16,0.17893511867274603
2023-01-05,10,157,0.9683515102380237
2023-09-22,24,137,0.05815322343256246
2023-12-09,6,70,0.303823431603198
2023-09-27,6,76,0.44129866836069553
2023-12-25,13,169,0.37916859325292107
2023-11-25,11,3,0.9266069979837648
2023-10-21,11,82,0.8533334608970056
2023-08-02,4,198,0.42031627155193796
2023-01-28,7,44,0.17004179121331586
2023-08-01,15,93,0.5165611673469804
2023-12-13,17,153,0.8999857433884808
2023-06-21,4,11,0.7504864653845371
2023-11-10,8,116,0.31553418266270894
2023-03-09,24,200,0.2503828007564354
2023-05-06,8,198,0.20699100564842876
2023-06-02,6,71,0.4962279614838937
2023-11-29,19,147,0.4944537187207818
2023-10-14,9,11,0.7076268585456766
2023-10-07,17,68,0.6327226137825762
2023-07-13,5,188,0.5410544299885581
2023-05-27,25,158,0.9154717270833949
2023-10-19,16,14,0.0316918752189832
2023-05-22,19,106,0.01012424969981307
2023-09-26,3,134,0.009955622193054348
2023-06-21,22,171,0.12614174713996185
2023-07-25,12,72,0.1287986104142529
2023-02-01,11,109,0.29833567737110134
2023-07-12,18,121,0.6290971275168257
2023-05-12,17,147,0.8481189249175162
2023-01-24,9,64,0.07051630732792047
2023-09-15,22,8,0.8480640609018846
2023-04-24,11,26,0.13614396231442205
2023-04-18,23,184,0.1444802023141193
2023-04-10,10,14,0.7524250965216447
2023-02-21,2,97,0.5657663019188905
2023-10-06,11,143,0.7673705999067473
2023-03-15,8,40,0.6931414170137017
2023-06-19,13,183,0.007934852098934853
2023-02-17,23,62,0.5729094004374209
2023-10-03,12,113,0.7558198316398975
2023-02-04,23,151,0.47531679115136916
2023-03-13,6,109,0.5804416885307883
2023-09-30,24,145,0.16335811236215048
2023-02-25,22,187,0.1363745287882654
2023-12-30,22,69,0.23697342524215115
2023-04-04,10,173,0.4671185740455628
2023-11-30,17,8,0.7097054080885712
2023-08-24,21,150,0.6251414428703951
2023-04-24,14,162,0.7684766930692519
2023-09-28,10,22,0.3445788586251517
2023-04-04,18,18,0.3843499013052373
2023-10-25,14,80,0.8798104663079224
2023-11-26,17,42,0.8495121924064996
2023-07-29,8,67,0.46483359287629
2023-11-29,24,150,0.8805916891604505
2023-09-29,19,41,0.5077895625639233
2023-04-16,21,76,0.7347571024677515
2023-11-02,7,109,0.6877681912727962
2023-08-13,24,22,0.8177023471830431
2023-09-27,23,145,0.6060383748812301
2023-09-29,8,153,0.2554912034041785
2023-10-05,6,176,0.24958993343722058
2023-12-27,5,117,0.15498509476464073
2023-01-01,22,142,0.5123729294055726
2023-01-03,8,38,0.6548959912431548
2023-02-09,14,19,0.37728363239571727
2023-06-21,4,126,0.7132749668257348
2023-04-21,18,169,0.30293939427964256
2023-11-17,2,36,0.06523108561530655
2023-12-29,13,142,0.2516894422871707
2023-06-30,8,192,0.48464690047408987
2023-04-24,11,28,0.5262638720243872
2023-07-01,19,13,0.542486227232601
2023-05-30,12,67,0.41035778982643767
2023-05-14,19,166,0.7266574569328742
2023-04-05,3,120,0.1460430523561801
2023-01-22,5,153,0.44968580853945705
2023-06-09,13,164,0.7133590745351275
2023-11-07,9,34,0.1857861536813471
2023-02-24,16,116,0.03439375457680438
2023-10-12,18,19,0.5587211670280461
2023-04-30,3,180,0.33141135311547065
2023-05-19,4,73,0.5155153309315392
2023-10-29,22,83,0.49910279205413166
2023-09-14,8,137,0.35759272385843155
2023-07-25,7,176,0.5195722851907889
2023-11-25,13,35,0.5869313708786524
2023-05-20,5,16,0.8268980940994445
2023-08-28,13,119,0.4499474704399403
2023-04-20,5,192,0.908499943984342
2023-06-07,17,82,0.06054250875854106
2023-03-07,3,198,0.918974533110723
2023-02-08,18,128,0.533080271312773
2023-05-21,22,174,0.5635259275701151
2023-07-18,1,89,0.24057227606867715
2023-05-29,6,198,0.607684719053357
2023-01-13,17,183,0.8295640567341588
2023-01-16,8,11,0.07310283196813827
2023-11-20,1,119,0.8143960225056817
2023-09-03,9,173,0.716580662226417
2023-06-03,5,93,0.8357709428616905
2023-06-17,14,165,0.9806810922338225
2023-07-27,12,21,0.011432184386781064
2023-12-06,10,178,0.741271594392858
2023-08-09,21,40,0.2713563881585258
2023-04-12,10,47,0.43661428987212636
2023-03-15,14,9,0.45112828686969886
2023-01-14,4,10,0.8731539429749454
2023-09-06,2,189,0.0055720075084708665
2023-11-10,20,131,0.24177885884175976
2023-05-05,6,95,0.23226309958970226
2023-06-12,19,84,0.3605873344281756
2023-07-10,18,150,0.7467367193390532
2023-02-12,17,57,0.8273455430550969
2023-11-08,21,92,0.5452068453279854
2023-02-02,18,161,0.36190345255260714
2023-05-05,18,57,0.04533238638587611
2023-07-20,15,3,0.5251148750457131
2023-03-30,4,3,0.6388641741941916
2023-12-04,16,188,0.9666627071611411
2023-02-23,2,59,0.004681819195189174
2023-08-14,11,173,0.9274373608316061
2023-03-04,8,42,0.19498785858285161
2023-07-04,3,186,0.9109815522677848
2023-07-10,2,192,0.35787958644840046
2023-12-23,24,98,0.6523879736850967
2023-07-29,18,128,0.37613315430710104
2023-12-23,9,93,0.3303550711569917
2023-01-11,6,193,0.8009827864432582
2023-01-17,23,14,0.06416985243071782
2023-04-08,25,170,0.3258259108067876
2023-02-02,24,131,0.5395422129407601
2023-07-26,20,116,0.48535807912361395
2023-01-07,17,81,0.7482195646963232
2023-12-08,11,194,0.6616876916685294
2023-01-23,17,178,0.24032309621391712
2023-09-14,16,123,0.896817701571681
2023-12-06,21,126,0.803661550390404
2023-05-03,9,31,0.2660544943171357
2023-03-28,6,59,0.6063583880139769
2023-04-17,10,169,0.9865247565536659
2023-07-20,13,176,0.4034609671652739
2023-04-13,15,193,0.8181759443964542
2023-02-13,10,88,0.3928892023933759
2023-01-20,21,44,0.4241785934724305
2023-08-29,23,125,0.24261361764546452
2023-02-07,12,53,0.06917928720920496
2023-02-06,12,96,0.8494257779575851
2023-05-30,12,137,0.23977908259406866
2023-01-24,10,107,0.6599331000975011
2023-02-20,17,200,0.1697910432583678
2023-03-08,20,53,0.23480368047144062
2023-07-10,1,108,0.40834426130711776
2023-11-16,5,108,0.913090653631458
2023-09-04,22,141,0.9841809268732331
2023-03-23,21,48,0.9615158162419684
2023-02-14,13,85,0.6275681201158116
2023-08-08,22,101,0.7517337780995177
2023-03-08,15,73,0.48138717364486583
2023-01-22,8,194,0.6360387638959212
2023-12-18,10,171,0.6827889915308807
2023-10-02,21,178,0.2116650969388808
2023-06-30,17,124,0.04706783862426733
2023-09-02,17,94,0.5821315562123001
2023-10-08,7,148,0.4041953873091888
2023-01-18,18,81,0.9794801671099319
2023-12-30,4,169,0.7751070306625362
2023-12-06,23,10,0.41995648794771423
2023-04-05,4,100,0.8682402126229327
2023-09-21,6,133,0.6268184678858507
2023-08-08,4,88,0.01239449171657414
2023-03-04,10,92,0.9120167674905751
2023-05-30,4,9,0.8635482136515354
2023-05-02,8,22,0.7353454902093483
2023-02-06,9,97,0.17728878228064437
2023-09-20,19,27,0.4967054064269931
2023-01-03,1,89,0.45771235741600014
2023-04-24,15,85,0.3597378447592472
2023-10-23,23,83,0.28884375620756797
2023-01-04,19,157,0.04414808185657204
2023-05-04,7,178,0.9954152908303798
2023-03-09,13,129,0.8434946749993105
2023-03-13,21,101,0.931387405055222
2023-04-30,1,73,0.6368675040707467
2023-06-12,5,44,0.1584722261869912
2023-05-23,5,119,0.7693992240272202
2023-12-24,7,73,0.5579893992133635
2023-04-28,7,199,0.3604666065979083
2023-06-27,11,147,0.589490113802209
2023-07-12,6,55,0.9048150041709698
2023-12-21,22,138,0.68010520712299
2023-04-21,17,138,0.5354760946626197
2023-04-25,18,157,0.789833083716496
2023-08-22,20,10,0.0841137616502512
2023-05-07,14,16,0.6189102777492765
2023-07-31,22,128,0.25677984755143723
2023-07-24,12,68,0.1409659111428878
2023-05-14,6,28,0.4298185221205745
2023-10-03,16,179,0.1070524073212823
2023-07-09,16,96,0.4093112474977726
2023-10-08,16,189,0.6611450302341925
2023-07-06,20,135,0.18261037297474048
2023-06-22,17,26,0.5445324385047827
2023-03-24,6,94,0.8682746333103386
2023-11-13,22,127,0.5290338259061131
2023-10-28,20,173,0.23700331238147854
2023-04-28,13,113,0.7409372839584393
2023-02-22,5,168,0.7760542036142161
2023-09-04,11,70,0.007898514567033166
2023-08-12,24,78,0.0006541397550711148
2023-12-26,10,89,0.17511951216346577
2023-12-06,1,177,0.2341293981671596
2023-04-10,15,124,0.25064152499288195
2023-05-10,25,72,0.023306693968937364
2023-11-25,2,115,0.943767426068258
2023-11-23,25,192,0.6080458211270777
2023-02-25,12,33,0.935090795221304
2023-09-15,23,196,0.8757581062012019
2023-04-07,3,115,0.5861528675058678
2023-06-21,21,32,0.8189368389623662
2023-04-08,7,61,0.5984287787409728
2023-08-04,20,29,0.32934479269785555
2023-07-20,10,123,0.2649485275211836
2023-02-26,19,37,0.2853357783601501
2023-06-08,16,135,0.8079752947713593
2023-07-08,25,22,0.08682451551274806
2023-07-12,2,82,0.7853877116686001
2023-06-26,4,3,0.4332437727091625
2023-01-25,12,124,0.21826565432614464
2023-01-16,25,47,0.03778335687504508
2023-06-15,7,100,0.3435151004685808
2023-06-10,6,38,0.8210939386751696
2023-04-21,19,97,0.518143192097756
2023-10-19,18,106,0.268727400978396
2023-05-13,25,64,0.4090910728876337
2023-11-28,13,119,0.6050015551298362
2023-10-07,5,198,0.005264588782834423
2023-07-14,21,44,0.49999383663946206
2023-09-08,2,165,0.6186069818817397
2023-08-15,19,180,0.2533973032588518
2023-07-23,3,181,0.6561999168650129
2023-10-14,14,194,0.40767224795432566
2023-03-07,15,178,0.961135221997479
2023-09-20,19,16,0.39844756695842154
2023-05-25,11,158,0.4886558573411053
2023-12-21,4,12,0.07943840435825755
2023-02-04,2,169,0.14521488519759596
2023-04-15,21,83,0.5678143366706621
2023-04-20,19,130,0.5804100919765557
2023-12-20,7,181,0.8798621209335503
2023-01-18,16,175,0.7770105202667055
2023-04-21,9,169,0.6532420501403396
2023-08-30,16,169,0.023616077513797906
2023-08-15,2,117,0.8015618601793816
2023-11-26,2,160,0.5352424046618217
2023-04-24,10,83,0.9692328890411271
2023-03-05,23,176,0.200903410051111
2023-11-20,3,97,0.6241804859700916
2023-09-17,2,45,0.252730957881495
2023-01-09,22,33,0.8724288684199041
2023-12-29,19,167,0.05301756153067094
2023-11-29,20,54,0.09723616145837854
2023-01-13,23,198,0.517584960513584
2023-05-25,4,150,0.08049265725574539
2023-10-24,12,103,0.3848680965815692
2023-10-08,25,175,0.40248807243694273
2023-09-18,22,105,0.42720245429422266
2023-05-08,25,130,0.8064111984261113
2023-08-09,15,158,0.6658504409972518
2023-06-30,9,105,0.17478335693756342
2023-04-14,19,194,0.5550999726692321
2023-05-11,23,25,0.8123951999701613
2023-01-25,8,54,0.6322177082882935
2023-03-17,14,86,0.9558487001384252
2023-12-07,17,77,0.8119196805835589
2023-09-22,12,154,0.6896792339019394
2023-08-01,9,22,0.6555099878403173
2023-03-08,9,102,0.41604647468496037
2023-04-20,3,124,0.17390555193745927
2023-01-21,18,181,0.5227572621565935
2023-04-25,24,135,0.5526387392862298
2023-06-24,20,6,0.09902175675486202
2023-10-31,4,84,0.5937044630468
2023-03-28,9,99,0.3945268642569306
2023-02-03,9,177,0.22357670354770076
2023-08-04,10,116,0.8919062922322177
2023-06-21,12,148,0.3403027724281321
2023-01-25,20,85,0.9960672543788537
2023-04-14,17,178,0.6438500766594238
2023-02-11,1,81,0.4373680255251984
2023-07-10,1,54,0.9133911084221922
2023-07-25,10,100,0.02289265832979903
2023-11-16,25,10,0.9005387501765583
2023-04-10,10,189,0.8137625435000324
2023-01-01,13,16,0.40883236980866766
2023-07-22,14,182,0.8577893229187022
2023-05-19,7,11,0.42663298724343734
2023-07-15,13,75,0.19530000058861952
2023-04-15,21,168,0.9039276827334893
2023-02-17,6,74,0.7642633635185374
2023-11-29,15,60,0.28836157300138887
2023-03-08,24,147,0.17500790246534415
2023-02-06,7,179,0.13123370375009857
2023-01-09,23,146,0.37984108102597747
2023-12-26,2,195,0.8287846231914296
2023-05-26,9,96,0.2997012703181591
2023-02-10,20,57,0.8793598020968663
2023-11-09,10,197,0.8639326727780666
2023-10-08,16,86,0.5093135245184136
2023-01-28,12,78,0.1321475996709932
2023-03-26,25,14,0.5807266147402309
2023-07-09,25,44,0.8399186295589065
2023-04-29,17,7,0.3687981117764263
2023-06-16,17,91,0.8798205663541268
2023-06-25,24,174,0.5142421631093692
2023-10-28,17,174,0.38975131002344965
2023-07-31,25,170,0.5966502581636551
2023-11-12,1,79,0.6288625233963397
2023-11-28,4,115,0.94633112948522
2023-05-13,21,176,0.2777527001704283
2023-02-27,7,111,0.27056850262211773
2023-07-16,3,185,0.41468979135411854
2023-01-18,23,13,0.1586054154596832
2023-01-20,1,101,0.1846465609060819
2023-06-06,10,27,0.10310280758623913
2023-10-03,3,72,0.5152181024451213
2023-08-30,8,19,0.9283009272410239
2023-01-21,22,131,0.715236668705485
2023-02-24,22,25,0.3560120709113258
2023-05-26,5,79,0.14149128030585756
2023-12-05,13,137,0.05059225748602891
2023-12-06,3,4,0.4238346471734278
2023-12-03,11,176,0.6438766560626119
2023-01-30,1,53,0.887428588448477
2023-07-11,24,30,0.6359262677100689
2023-05-06,11,116,0.18247500436818054
2023-01-17,24,191,0.7219716545891235
2023-03-30,15,129,0.6002501299036587
2023-09-28,9,6,0.5263108707593227
2023-06-24,8,197,0.47906572171223594
2023-04-30,23,101,0.7283202673353287
2023-02-01,15,32,0.4793336360072191
2023-10-19,10,37,0.5067268190721372
2023-11-15,14,95,0.3038035739818086
2023-11-06,24,11,0.5436507066659138
2023-11-03,3,43,0.5519711451646118
2023-05-16,22,6,0.8243867255293993
2023-10-22,12,102,0.3382283356660981
2023-12-16,24,195,0.1245296942988241
2023-11-05,25,133,0.35572707088521305
2023-11-01,17,69,0.11145534549652536
2023-10-18,17,172,0.11236335568866074
2023-12-31,7,160,0.6283141972395788
2023-04-18,10,99,0.5703903904832962
2023-09-05,16,142,0.4615954049142289
2023-03-04,14,133,0.7391205890460579
2023-09-19,23,194,0.005069945152188282
2023-09-16,3,88,0.023769141753716694
2023-06-15,20,114,0.7085492071812499
2023-04-07,19,189,0.11413352844186209
2023-04-26,11,44,0.15894764601373723
2023-07-20,21,104,0.421119201127477
2023-06-02,25,156,0.2867068370229672
2023-11-03,20,25,0.3260214197949107
2023-04-08,2,173,0.6626585416763179
2023-04-13,19,117,0.14582960387683974
2023-05-05,11,152,0.06580388434265771
2023-06-18,4,40,0.8380971190464802
2023-06-24,2,150,0.3288531574811452
2023-02-02,15,41,0.030473262327761153
2023-04-14,10,109,0.6252075079189826
2023-03-30,7,57,0.42817001273934785
2023-06-18,1,19,0.12775541585183814
2023-02-18,17,132,0.2573741760690259
2023-11-23,22,61,0.21579588048799148
2023-03-18,3,173,0.5545581747092924
2023-04-01,8,124,0.8137410167421402
2023-05-18,6,18,0.9083260374891623
2023-08-15,21,97,0.3911455331233158
2023-04-06,8,103,0.1955504232442694
2023-02-26,15,131,0.28233086917843553
2023-01-22,10,199,0.29110589863556313
2023-08-02,7,24,0.10613763366490025
2023-03-26,11,132,0.19159814750800364
2023-05-10,7,170,0.6133399835505177
2023-01-24,13,64,0.8042787757860498
2023-11-14,6,30,0.26414694716092535
2023-01-14,12,127,0.12051483112645389
2023-03-12,9,133,0.6988033443375921
2023-01-10,7,174,0.9166004243901217
2023-08-31,14,62,0.19036455571672295
2023-04-19,8,83,0.9473433811015286
2023-11-24,8,115,0.09197047140422354
2023-12-26,3,200,0.9676631101044528
2023-04-04,8,95,0.8281461472823842
2023-03-05,5,41,0.5932303379764462
2023-03-05,10,33,0.07240770945960884
2023-03-05,3,184,0.40657961664400155
2023-06-19,3,125,0.3798968392407541
2023-03-18,7,65,0.825183439152672
2023-12-16,4,167,0.3665418579864451
2023-01-01,14,40,0.9823637244428687
2023-02-21,15,141,0.1154169755046055
2023-09-30,2,152,0.21850436528347927
2023-05-29,22,82,0.8092591121958476
2023-10-01,3,117,0.5986991116396276
2023-01-21,8,14,0.8092582822436734
2023-10-30,7,6,0.1413091738392157
2023-12-11,16,26,0.8103605913868879
2023-09-16,5,10,0.4628621745255903
2023-01-17,6,157,0.3781901861436464
2023-09-23,14,109,0.04881284732741009
2023-10-02,16,60,0.8874068923196535
2023-05-13,1,70,0.6446545442094653
2023-08-18,25,21,0.11485880546180494
2023-06-22,8,15,0.09499700675690015
2023-07-16,5,108,0.2402347912150441
2023-07-04,19,161,0.057522937833422993
2023-02-26,3,33,0.9721879987141718
2023-04-09,5,142,0.18549280110288968
2023-05-20,6,136,0.7138305421690059
2023-07-03,24,167,0.14476948915424548
2023-09-26,3,121,0.3419965548704137
2023-03-22,9,103,0.6817507774703193
2023-12-27,15,130,0.8035460467750227
2023-09-20,11,185,0.6348784462525655
2023-09-18,21,84,0.40245752463710305
2023-11-03,18,103,0.8554553211865307
2023-09-14,1,65,0.460574288897463
2023-01-07,5,101,0.4902837881668909
2023-06-18,16,8,0.33075826870271374
2023-09-07,2,157,0.41171256768634523
2023-08-01,1,66,0.476143571700277
2023-10-05,10,67,0.9651180067885586
2023-04-18,17,173,0.6547428318340426
2023-01-18,14,154,0.041001007858672
2023-02-13,14,59,0.5267204525055879
2023-11-02,19,99,0.48145793048294205
2023-08-13,1,194,0.26721053729565436
2023-11-18,6,184,0.44879012390114115
2023-07-17,1,6,0.6043015076351055
2023-12-13,13,113,0.9952726931831467
2023-11-09,23,157,0.5209229000913205
2023-04-28,22,134,0.3592519371687022
2023-11-19,6,139,0.6454155837823242
2023-06-28,21,64,0.02400513826881079
2023-11-14,5,40,0.549661816679963
2023-03-06,11,137,0.8947540124712173
2023-04-06,8,89,0.6106133044479765
2023-01-21,22,30,0.2925148345307158
2023-03-01,6,162,0.561170301537308
2023-04-23,4,52,0.9758707383216907
2023-07-04,7,143,0.71242482841668
2023-12-09,23,5,0.8765199354781983
2023-05-31,11,143,0.6428049194783656
2023-04-14,14,188,0.5213094561112798
2023-11-03,4,8,0.8616697277062766
2023-09-13,22,45,0.5224553103004207
2023-07-11,18,107,0.11115195727264204
2023-09-22,4,10,0.6358870186864766
2023-09-07,10,165,0.1605341528771198
2023-10-28,12,41,0.12861592340608463
2023-10-01,16,81,0.8775661393987859
2023-01-01,6,38,0.18038182033133265
2023-08-30,24,111,0.8118333626676365
2023-11-27,1,105,0.029832091566753483
2023-02-01,18,25,0.08419755575578347
2023-05-25,11,199,0.09627553075715556
2023-07-20,11,59,0.324443640210492
2023-04-09,17,45,0.5971573069338492
2023-02-22,25,27,0.32980382467161873
2023-09-05,4,153,0.13277548434968067
2023-03-25,23,143,0.22626311065367055
2023-08-18,15,75,0.5101514230077263
2023-08-22,15,190,0.11262483050180305
2023-10-12,11,105,0.3581808073704479
2023-01-08,1,85,0.4582357290746104
2023-03-03,16,94,0.19364194951559965
2023-06-02,2,23,0.7074695735380142
2023-11-10,10,52,0.6237420199324956
2023-02-03,19,49,0.4159124664164562
2023-10-13,17,176,0.6472952329524061
2023-03-01,5,13,0.060087673114359474
2023-03-16,2,27,0.6028086418924202
2023-11-03,1,93,0.7364016613756539
2023-09-07,7,69,0.32111770559785024
2023-07-09,6,125,0.6806328238854392
2023-11-14,15,3,0.20065281872188345
2023-10-01,3,134,0.41351279144676767
2023-07-17,22,179,0.21139376900177043
2023-05-19,19,184,0.8431133873083139
2023-08-01,21,76,0.02285629054859517
2023-01-15,17,43,0.8890048835116209
2023-09-12,7,26,0.15010138051508393
2023-11-21,10,27,0.20935435178142436
2023-08-30,3,3,0.4975061330906153
2023-02-13,13,127,0.8739918980286036
2023-02-14,9,22,0.542668038903537
2023-08-04,19,52,0.16679753791330176
2023-06-25,7,5,0.3121630040854141
2023-07-05,19,149,0.07502291082748502
2023-05-25,18,136,0.9562381918293139
2023-05-31,8,172,0.7448330759384729
2023-08-17,18,159,0.24638391625649592
2023-04-23,22,126,0.39503521373698625
2023-09-29,16,132,0.23060489823536723
2023-11-06,17,65,0.40728274310381674
2023-11-13,20,129,0.15246351997135266
2023-02-03,23,116,0.4914171372671652
2023-11-16,20,57,0.5851178348791507
2023-03-05,19,74,0.9114098294175451
2023-01-19,19,199,0.022265904179603724
2023-03-16,5,74,0.8930091783198585
2023-02-10,1,38,0.5671565648110226
2023-10-16,7,170,0.25124591832543597
2023-02-11,16,14,0.7018287736819926
2023-07-13,16,200,0.20398088729619912
2023-07-18,11,190,0.6288282845647403
2023-07-12,8,35,0.7776713892950532
2023-12-03,24,46,0.2392431605377624
2023-09-09,7,39,0.4947541869108397
2023-07-04,14,161,0.3391208302662887
2023-10-23,25,158,0.27645402333567426
2023-04-20,11,88,0.3764968002314426
2023-04-19,21,54,0.283915666822006
2023-08-20,15,27,0.8399670826961758
2023-08-30,17,26,0.6774017894352615
2023-07-10,23,50,0.5175681450398555
2023-03-01,22,25,0.6548172071784035
2023-04-02,15,34,0.7738986434760629
2023-01-09,12,113,0.5382901824635785
2023-08-10,16,16,0.38977095585791766
2023-10-02,4,64,0.40264846033326096
2023-11-07,14,185,0.9386744054203846
2023-07-29,6,82,0.6032922947362935
2023-06-17,21,145,0.7025001962425671
2023-04-11,5,169,0.3482859904635148
2023-03-02,4,124,0.1606907141374202
2023-07-18,17,63,0.009264815753596833
2023-07-29,5,125,0.8804151583973437
2023-07-02,17,182,0.5656125391282668
2023-10-30,8,103,0.6861147763725766
2023-09-11,25,155,0.09905305295131006
2023-10-09,19,16,0.8808241614002871
2023-04-29,6,129,0.09947073723440836
2023-10-06,5,36,0.15091008008676554
2023-07-22,4,190,0.8802710208018358
2023-10-07,23,13,0.6319665953384159
2023-08-21,24,78,0.9479510172810163
2023-08-09,21,16,0.9072988049785953
2023-01-03,19,158,0.010778756254682165
2023-08-28,6,96,0.8697756067265985
2023-12-25,18,25,0.13316136745677676
2023-07-24,2,135,0.12521068453364037
2023-11-15,24,37,0.13424220814090582
2023-01-04,20,67,0.5755180768921685
2023-04-23,12,107,0.2988271921933521
2023-02-21,22,7,0.8262623835271885
2023-07-23,9,105,0.5002501099856357
2023-03-04,1,133,0.0960228363710095
2023-04-17,18,45,0.6860736328099152
2023-08-16,3,117,0.3891257255537336
2023-03-05,17,160,0.9368699781925155
2023-10-28,14,32,0.035360610481646404
2023-03-28,7,65,0.7963363936248039
2023-06-14,24,140,0.8576001866171035
2023-09-05,5,74,0.5617755814157617
2023-04-12,9,19,0.5816069965782544
2023-09-06,24,79,0.5328856791024768
2023-12-10,11,43,0.4153103314167028
2023-04-22,21,115,0.7780917856664584
2023-09-19,25,81,0.019216358073294804
2023-03-17,1,179,0.21392227599183655
2023-11-27,6,120,0.04647354445131924
2023-12-19,20,131,0.7156778419331203
2023-08-09,20,34,0.7665282277222513
2023-12-16,12,184,0.3754105542903716
2023-10-02,15,59,0.4709652231283492
2023-10-20,20,185,0.2994012530967649
2023-08-07,12,48,0.2602741935812237
2023-10-28,10,38,0.9891668378714196
2023-12-23,10,57,0.6123847789045248
2023-01-28,20,132,0.19052662617410965
2023-03-06,21,155,0.2743161008491034
2023-01-26,19,118,0.4571898874818957
2023-12-05,10,12,0.7994603451482316
2023-07-30,13,39,0.3882782621141595
2023-07-21,7,149,0.3631020300120624
2023-05-01,4,118,0.9707251671835737
2023-01-16,25,164,0.3024523064703213
2023-05-29,16,113,0.4177276330597054
2023-04-07,22,25,0.9299036199972037
2023-04-04,5,24,0.045926570749474926
2023-06-07,23,63,0.7406058462723645
2023-01-02,3,198,0.41575741314972925
2023-10-10,10,42,0.14040309277663177
2023-06-23,9,145,0.27157081586435294
2023-11-08,3,111,0.14680100074882152
2023-09-29,2,42,0.3606243654710133
2023-12-15,10,29,0.5035406653831476
2023-06-18,6,192,0.14679842274737265
2023-10-17,4,74,0.7412839054374776
2023-02-04,6,114,0.27857862779385245
2023-10-19,4,119,0.9532741591695345
2023-12-18,23,108,0.4526262955691842
2023-11-29,17,59,0.1472515372343367
2023-12-12,24,43,0.5448408724310095
2023-09-29,8,83,0.8033578190159066
2023-04-11,1,123,0.6668345722776116
2023-03-16,20,200,0.8535418406656667
2023-02-05,8,60,0.3679601299524582
2023-05-19,22,180,0.39297329150656723
2023-04-22,4,145,0.9324227278372349
2023-01-03,24,26,0.44712794168595327
2023-07-28,23,51,0.14444324269313769
2023-02-13,8,104,0.8739015525582773
2023-05-02,10,33,0.839170640850419
2023-02-28,18,141,0.6604859992666628
2023-12-03,4,27,0.3825489624997057
2023-01-10,6,170,0.8121039992922835
2023-01-31,7,5,0.9542597228066773
2023-09-10,22,131,0.14816675156774906
2023-04-16,1,80,0.29032354872508603
2023-02-16,20,126,0.48361555419286606
2023-09-30,16,23,0.8734435632644189
2023-06-04,12,52,0.3190228313038651
2023-03-28,23,51,0.18588165267763512
2023-08-30,12,199,0.8432316205219921
2023-03-16,17,74,0.045141165860469235
2023-01-14,17,88,0.5847908729448158
2023-08-24,21,109,0.06974145615693583
2023-12-01,13,149,0.833246778820893
2023-07-30,3,57,0.7900439787780148
2023-11-03,21,96,0.9080636357099782
2023-06-17,20,88,0.7710845923641957
2023-03-15,10,10,0.4706307935037797
2023-06-11,16,36,0.4951775232464285
2023-05-20,10,37,0.040853478266960286
2023-01-22,15,66,0.095767980966728
2023-06-07,8,177,0.05628238392462315
2023-03-11,10,88,0.9452563624410258
2023-03-14,23,38,0.32144010659831546
2023-03-27,13,176,0.509921406266353
2023-01-03,13,171,0.19739975477066884
2023-05-04,16,46,0.44043951213155863
2023-03-17,11,112,0.607543114110623
2023-07-11,25,129,0.046317632818186016
2023-03-05,16,13,0.8045195740669437
2023-02-12,23,60,0.1350665883404797
2023-05-08,8,55,0.055457287121186805
2023-07-29,17,140,0.30007543682207627
2023-09-11,14,186,0.026066544851725215
2023-09-10,6,167,0.10683627650219796
2023-07-31,1,133,0.7455022044003097
2023-05-22,10,38,0.7863206456561026
2023-07-17,23,147,0.9928877329077376
2023-06-08,1,177,0.18704021849912889
2023-10-13,21,26,0.24748373124209588
2023-02-19,9,43,0.4884638801926241
2023-11-03,14,148,0.4822147470963505
2023-01-18,18,127,0.8033978626382844
2023-05-24,25,94,0.8422579856482248
2023-12-20,15,12,0.7195917092278878
2023-12-09,23,16,0.0521172571879337
2023-08-29,17,147,0.3047441977238584
2023-09-29,21,159,0.6313169219730022
2023-11-30,15,19,0.21991216850843065
2023-10-15,12,39,0.41625035629430474
2023-09-07,17,191,0.8867284015874075
2023-05-30,11,41,0.3724569372863815
2023-10-03,21,170,0.8664260041658257
2023-06-18,6,164,0.5385821805789524
2023-05-27,8,175,0.2909341118700445
2023-09-24,24,105,0.9421817062500055
2023-04-04,17,156,0.8933840267560809
2023-05-29,6,129,0.29962815370415097
2023-01-17,24,129,0.8224979657544098
2023-11-02,13,38,0.07629719882704677
2023-04-14,12,67,0.16383007149465534
2023-04-28,3,169,0.6541626566746759
2023-04-28,6,196,0.9903255910770696
2023-03-16,3,122,0.4690980688472315
2023-07-03,25,136,0.3463924669372176
2023-03-24,15,90,0.6214460923325168
2023-01-27,8,73,0.9424343822567013
2023-07-22,10,54,0.1361909660257451
2023-04-22,23,128,0.8331918936650242
2023-09-06,22,93,0.3138962869045283
2023-12-04,18,138,0.17537322449722836
2023-01-16,15,54,0.9902759702398269
2023-03-07,13,4,0.13082671913896016
2023-10-06,14,42,0.5919100107584764
2023-04-26,17,198,0.5684481506253226
2023-03-08,13,155,0.43225107726005985
2023-12-31,20,85,0.12410386110011284
2023-06-22,11,195,0.8268753167694062
2023-04-27,19,10,0.40641305083299606
2023-12-15,22,166,0.6110647490829648
2023-07-18,20,13,0.6776951304819475
2023-05-06,20,92,0.1544841747434469
2023-09-22,2,40,0.8942369001525902
2023-12-14,2,81,0.08521441175185951
2023-01-22,18,10,0.5443957486109933
2023-08-19,6,118,0.03835630649027555
2023-04-15,18,52,0.951643274458851
2023-01-03,3,116,0.3042669050764706
2023-07-29,21,110,0.7963007724051457
2023-09-17,25,11,0.8729866920237128
2023-12-09,17,139,0.9815144142503874
2023-03-19,5,2,0.6264077059460791
2023-04-24,20,12,0.1189442907728463
2023-06-16,8,179,0.7322144882773353
2023-11-03,14,126,0.7746459526814412
2023-01-03,17,164,0.1116751250896939
2023-12-29,15,134,0.47209207111276164
2023-01-03,22,68,0.014324400274480897
2023-09-06,8,127,0.26996538929845404
2023-05-30,6,110,0.1703820897771956
2023-01-26,21,181,0.1182960562983405
2023-02-24,22,48,0.25821216431270444
2023-06-15,23,134,0.925679598276089
2023-09-27,8,93,0.42546286224590024
2023-02-01,10,168,0.7738043404723499
2023-10-10,10,155,0.7405112822830527
2023-07-02,19,19,0.4769873393417292
2023-05-20,14,176,0.12860724630846598
2023-09-14,4,192,0.8523626145743387
2023-11-03,21,10,0.11983531007039316
2023-01-30,24,165,0.9932653969915167
2023-08-25,9,73,0.4488001399863172
2023-05-24,24,194,0.49850602701017865
2023-11-19,14,6,0.10628316069626409
2023-12-06,7,198,0.8829590132788292
2023-04-26,16,194,0.6895583151391118
2023-08-14,20,4,0.41685523846598893
2023-04-21,3,179,0.37099172520177015
2023-01-20,20,155,0.5340764265426299
2023-04-06,20,148,0.6929403928910344
2023-11-30,12,46,0.23682575769850744
2023-03-18,21,195,0.8865630334153517
2023-11-08,8,123,0.28235867480731003
2023-01-10,20,102,0.3950768606683155
2023-08-24,9,68,0.3235609517002974
2023-08-07,6,115,0.12964495470643078
2023-12-25,3,54,0.3544908960720171
2023-03-29,6,142,0.44785512691439555
2023-04-17,3,161,0.8757584247874222
2023-11-16,13,117,0.8250579274561118
2023-05-31,11,183,0.03945883986792198
2023-10-15,5,147,0.3875949636689403
2023-08-28,3,157,0.07422744705075679
2023-09-02,22,3,0.8711294564412152
2023-01-15,10,148,0.3139706684973933
2023-03-02,9,140,0.7576751072850207
2023-08-22,6,130,0.3406595196260689
2023-11-02,13,184,0.8313102739940101
2023-09-04,25,18,0.569842050899678
2023-08-21,25,151,0.24693417142986196
2023-01-09,25,111,0.012140681084663596
2023-05-26,13,4,0.5913149220182123
2023-07-23,15,84,0.4985106078971485
2023-11-02,24,35,0.8780682279551918
2023-07-20,14,179,0.15612718325801378
2023-02-26,17,179,0.9950005302607748
2023-10-19,8,169,0.275604425810162
2023-04-30,7,82,0.1452687713256947
2023-12-14,19,61,0.31865731536543895
2023-07-09,11,35,0.36729417582200596
2023-06-04,10,8,0.9978294789827744
2023-11-03,11,196,0.2651740443796633
2023-05-02,18,180,0.7044534571461077
2023-11-16,4,53,0.7490740302215095
2023-04-23,5,152,0.9068755768359221
2023-09-03,22,15,0.7780712811823592
2023-09-17,14,112,0.27809114242567645
2023-01-28,6,100,0.243278850787083
2023-04-15,14,56,0.023099216680398382
2023-11-28,3,36,0.8256809997912883
2023-05-02,21,21,0.01280244633782357
2023-06-27,13,51,0.09710500872735883
2023-02-27,10,53,0.4518687281951671
2023-12-12,13,174,0.12059343254442645
2023-06-29,12,123,0.4309811129324693
2023-05-22,12,150,0.8595252830536338
2023-11-17,7,187,0.023787158843428413
2023-07-24,22,123,0.5736777536185471
2023-01-10,1,185,0.3297852394413433
2023-07-20,16,79,0.8050361592494986
2023-08-31,25,194,0.844993874486372
2023-10-22,5,169,0.41679541678724397
2023-10-05,5,63,0.02794943006841022
2023-07-19,2,188,0.7672211546799628
2023-01-22,12,131,0.7076981114395908
2023-12-02,12,161,0.4512321877285643
2023-06-23,21,111,0.05474406234329299
2023-06-21,19,35,0.007108389906495205
2023-03-29,8,179,0.47415752474839523
2023-09-07,18,174,0.12796097616814817
2023-03-10,17,105,0.019333428684923937
2023-02-27,8,117,0.3708106461712469
2023-03-31,10,142,0.6356539221658397
2023-09-27,20,66,0.20603847948762755
2023-01-19,1,21,0.007747903480458174
2023-08-30,22,66,0.23913227347917676
2023-08-10,9,151,0.2850531417509484
2023-08-20,11,47,0.49506844183657284
2023-08-26,13,48,0.9155785886319717
2023-12-16,4,64,0.9917699525752932
2023-09-03,11,146,0.9161932268996338
2023-12-20,3,59,0.9749446485869968
2023-06-26,19,72,0.011576966936762467
2023-03-10,2,90,0.9241065343386085
2023-11-27,11,160,0.6450594771754413
2023-03-10,7,123,0.31211052796744976
2023-04-23,12,197,0.5708095286797262
2023-10-01,5,97,0.29263670886883386
2023-01-20,3,94,0.023423039012964275
2023-02-01,17,53,0.0016297397571543026
2023-02-16,10,2,0.38132860058083706
2023-11-20,18,111,0.5344829921042881
2023-03-25,18,165,0.18382288715664052
2023-05-06,24,20,0.035773989621840196
2023-05-31,14,143,0.9954212121193572
2023-05-29,5,98,0.27033419494820854
2023-05-17,13,166,0.1747891364268791
2023-06-29,1,193,0.10775215277286077
2023-09-16,7,169,0.5481089338357036
2023-01-23,17,131,0.1782901963183423
2023-12-05,7,134,0.31605787331657964
2023-10-05,23,86,0.7473570393286328
2023-03-30,17,140,0.2381360967052376
2023-02-07,17,50,0.3742592307474555
2023-10-20,1,86,0.3482122041014353
2023-01-21,1,90,0.22485163069873038
2023-03-31,4,109,0.30464634085465114
2023-04-12,14,148,0.039512899847787164
2023-12-24,17,35,0.13068836189609223
2023-05-25,18,25,0.1396147565949879
2023-07-04,14,200,0.2940028542841937
2023-09-22,19,143,0.7718279142614307
2023-06-06,16,58,0.43912546813216846
2023-06-15,6,41,0.44724599721108127
2023-10-15,22,102,0.7072018401830539
2023-11-03,2,111,0.18167093531606837
2023-10-31,18,31,0.40480185273630054
2023-09-06,22,91,0.9931632218287718
2023-06-26,23,75,0.45929426967589027
2023-12-27,23,46,0.9813705231711974
2023-03-05,9,124,0.00994262747051855
2023-12-11,22,140,0.45134709422189423
2023-03-20,7,16,0.8908008605554142
2023-02-07,7,38,0.2882594075956644
2023-12-21,8,37,0.39612823323753943
2023-07-07,8,96,0.6396979516867606
2023-07-24,2,199,0.6730348313779448
2023-01-07,2,15,0.6912565164854629
2023-05-13,23,20,0.5611893040272161
2023-05-16,16,89,0.3276522515602931
2023-09-07,11,39,0.8906399016239052
2023-05-22,17,199,0.9584178234173553
2023-01-01,25,16,0.17303896741013391
2023-07-31,9,144,0.13432932916422036
2023-09-06,8,173,0.9091052064171168
2023-11-21,14,20,0.5268971071151815
2023-09-05,12,190,0.1686037894134732
2023-11-10,24,75,0.013278563678618904
2023-10-17,11,47,0.7023395643232018
2023-06-09,25,70,0.27212906875319576
2023-11-04,7,100,0.09695351126251806
2023-06-26,20,132,0.14145492014937622
2023-03-11,6,60,0.7282775516032622
2023-12-23,7,122,0.03801811067241245
2023-11-22,5,124,0.10156133205369078
2023-03-05,25,29,0.08209936785296157
2023-12-18,15,121,0.8996892878123488
2023-02-11,12,161,0.5829651597346984
2023-08-29,3,148,0.8287213296867013
2023-02-11,19,62,0.4404376137524567
2023-12-10,2,150,0.5935485783216928
2023-03-27,3,75,0.4151307960340944
2023-11-05,23,185,0.3098493151028725
2023-02-25,3,156,0.14870911589783864
2023-09-22,17,26,0.595733525067952
2023-02-10,7,179,0.9186071749827828
2023-10-11,4,121,0.2715874903452321
2023-01-31,11,124,0.2902177145471674
2023-08-18,18,107,0.9179468103126227
2023-03-13,22,173,0.46651330272866254
2023-07-03,1,111,0.5941046113091188
2023-05-31,4,160,0.6253912155883504
2023-04-13,4,145,0.16838026222084523
2023-01-23,14,130,0.31565836943469183
2023-05-20,25,1,0.5268991168085527
2023-05-22,22,15,0.5190323713481498
2023-02-08,15,105,0.2247375919615019
2023-03-15,22,147,0.8683077361879349
2023-03-24,18,84,0.43279840002616954
2023-11-23,17,2,0.5027946587087878
2023-12-15,6,45,0.45670745903469867
2023-02-10,8,91,0.27031024923850755
2023-03-03,18,2,0.1840015247424598
2023-01-30,14,104,0.2702548369543004
2023-03-12,14,60,0.3578434451109065
2023-05-06,6,68,0.9325342802811899
2023-05-30,9,30,0.9562954816646103
2023-01-22,1,141,0.08315404712102814
2023-11-11,1,132,0.7686199017778989
2023-09-23,23,173,0.8655875563410858
2023-02-13,4,27,0.8874893659371008
2023-08-30,15,6,0.6137738236512863
2023-08-29,14,154,0.9292489687530845
2023-11-27,20,197,0.4383135056249411
2023-07-12,18,5,0.7230956115427699
2023-07-21,5,170,0.8986913222151465
2023-01-02,11,111,0.5611403976325405
2023-02-21,8,157,0.2395399157434389
2023-01-20,16,30,0.707795912663254
2023-02-07,8,43,0.902879965326494
2023-04-24,4,116,0.922838815565277
2023-05-22,22,85,0.3332944001262036
2023-04-24,9,148,0.8630584234134838
2023-04-01,20,59,0.8733379046230295
2023-02-11,20,6,0.787360135838996
2023-06-23,22,11,0.24777869826131138
2023-12-11,3,56,0.7085031163701888
2023-10-04,11,109,0.7644357077227408
2023-08-23,12,1,0.47811563456689066
2023-02-03,17,81,0.5749358522301343
2023-02-22,24,62,0.4123088537613552
2023-07-02,22,88,0.04493810197395376
2023-06-10,20,183,0.20903401262290577
2023-04-17,6,101,0.8506887619505377
2023-12-28,11,35,0.44728824131378486
2023-12-22,14,47,0.44938637591616015
2023-12-24,17,120,0.13590659868707644
2023-06-14,2,167,0.20945797366869734
2023-01-01,16,85,0.5929867840911979
2023-01-12,25,87,0.3908227790631792
2023-11-05,21,101,0.499632889755548
2023-07-04,18,113,0.0923390416785087
2023-02-22,4,196,0.6798335634591
2023-09-06,21,181,0.40938027076388306
2023-08-21,2,3,0.1987370100930539
2023-08-26,22,134,0.5307454229330553
2023-03-25,24,194,0.8866432634592284
2023-09-04,6,146,0.5704088601936791
2023-08-30,5,144,0.28036268099553563
2023-05-26,24,132,0.8524574080733877
2023-02-16,7,11,0.21565093727879714
2023-09-15,17,132,0.8044942654141738
2023-08-12,18,104,0.7436680760068249
2023-08-05,2,53,0.26663174704709414
2023-11-04,1,154,0.16371934088957962
2023-12-03,3,103,0.5754320440068988
2023-08-11,17,27,0.21056034891489273
2023-11-13,2,158,0.3529829676530817
2023-08-05,3,58,0.026750773717360232
2023-11-04,3,19,0.013622664506363402
2023-04-22,25,89,0.4853727582986077
2023-03-08,6,188,0.20153322376054594
2023-01-14,17,109,0.44876072698954506
2023-05-29,2,68,0.9571758644161911
2023-02-11,25,98,0.8401561646530867
2023-10-26,7,45,0.24874304458138885
2023-08-27,4,37,0.10017920080238052
2023-09-23,2,117,0.28921746882748556
2023-12-15,10,21,0.3438110093120351
2023-08-09,23,164,0.3482684900945243
2023-02-23,20,54,0.9809466805571447
2023-12-16,7,14,0.20540209867870163
2023-01-23,18,16,0.7193993768543374
2023-06-17,20,58,0.7677515471986363
2023-03-15,15,100,0.48519247689258427
2023-12-15,23,8,0.8506910185447359
2023-05-21,14,107,0.1995147808379203
2023-08-13,16,173,0.40935515559081104
2023-01-11,13,191,0.5237480123783378
2023-04-25,3,112,0.05686660717626757
2023-02-10,12,37,0.606755643865497
2023-06-04,24,91,0.6194586558984367
2023-04-10,14,136,0.7059875435711096
2023-02-12,7,95,0.17772977993998373
2023-10-18,5,59,0.366795353813274
2023-10-07,8,107,0.43080065138222234
2023-08-10,8,197,0.33720186280372133
2023-12-19,18,122,0.01801103126948045
2023-01-01,3,11,0.11416801995435355
2023-04-04,3,150,0.005814514250269798
2023-10-25,19,191,0.4951471136510248
2023-04-20,8,26,0.16958650215807214
2023-07-31,17,123,0.6997146062021313
2023-01-19,11,128,0.09281908076112944
2023-07-14,11,182,0.3368723165641543
2023-08-12,1,134,0.7632982076279812
2023-11-26,23,191,0.22995772052645458
2023-05-06,12,58,0.43975874566933326
2023-08-24,21,177,0.5607956252839558
2023-01-14,2,140,0.7750670122613085
2023-07-15,6,84,0.8639787625792489
2023-09-29,14,97,0.2733422914051664
2023-03-19,24,100,0.5324316722226494
2023-07-03,1,55,0.23320997119425957
2023-11-14,20,49,0.7855344789345868
2023-10-10,3,55,0.3271933189074048
2023-08-16,18,61,0.645419067594733
2023-05-20,4,113,0.5090083918371122
2023-12-04,14,179,0.14868518537277076
2023-03-20,19,2,0.39113294120765607
2023-05-26,8,160,0.16004520625890384
2023-03-14,11,72,0.0009814026144869814
2023-07-24,21,138,0.6573961119813256
2023-04-22,15,135,0.11018771108017344
2023-11-27,6,18,0.39650244745509355
2023-03-10,24,111,0.9421809405142665
2023-11-26,10,57,0.527116504197307
2023-06-18,14,155,0.29389071796310073
2023-04-24,16,151,0.3885295026833029
2023-04-29,6,132,0.5684823578942807
2023-02-23,6,136,0.8063993242415336
2023-06-16,6,184,0.20466783214698325
2023-07-03,16,163,0.3722381641536361
2023-12-26,16,137,0.3749217652874033
2023-09-01,14,118,0.32451753107519143
2023-12-25,1,47,0.05290668377628416
2023-03-17,3,25,0.2369852484674635
2023-12-16,8,57,0.3115500231673958
2023-09-06,8,92,0.19391821807079146
2023-12-22,23,58,0.9593286688858664
2023-05-04,19,28,0.5213215790207579
2023-06-26,4,45,0.1715886395547911
2023-10-09,1,78,0.4732356597389378
2023-06-13,15,60,0.6920813385147735
2023-09-04,17,168,0.36529208470662755
2023-05-16,9,187,0.21789365133532823
2023-04-22,12,192,0.44855427257880665
2023-03-30,1,199,0.16744774226389958
2023-05-31,13,46,0.5755216913351158
2023-02-13,1,13,0.45728928092273546
2023-09-16,2,141,0.13102915430507656
2023-04-04,7,162,0.8667348149408498
2023-07-10,2,133,0.5179316081192414
2023-08-20,3,177,0.830425277134047
2023-07-16,9,44,0.7569172978649303
2023-10-29,5,22,0.2589440542230098
2023-08-19,21,124,0.8531157954215447
2023-07-23,4,177,0.40416093988845525
2023-07-25,10,179,0.684241156271372
2023-12-01,5,103,0.2611254857955322
2023-08-25,3,8,0.06195288578598257
2023-09-14,11,5,0.6618299275538435
2023-01-12,19,79,0.0897001960202789
2023-04-09,8,73,0.21887488059057159
2023-08-04,12,154,0.07015544094525417
2023-04-24,25,82,0.6320604298318193
2023-04-01,3,12,0.6528729425641899
2023-12-21,5,126,0.3768171749675989
2023-01-12,22,112,0.09623066261185009
2023-01-12,18,167,0.9021118405246513
2023-05-05,25,69,0.1572553881144002
2023-06-08,12,129,0.698544758539621
2023-03-30,4,165,0.31093349395289493
2023-08-17,21,93,0.5249417155303053
2023-12-23,1,96,0.6298235086887128
2023-10-27,22,4,0.7669029824969891
2023-04-19,19,197,0.5468132740618822
2023-09-13,22,101,0.05713450599587944
2023-11-25,7,78,0.005170169564436722
2023-02-09,22,38,0.7838750390025823
2023-12-01,3,33,0.14306221903344185
2023-04-28,18,85,0.4148357812875889
2023-03-25,20,77,0.2746208703966174
2023-03-02,23,160,0.43766073037522224
2023-07-07,22,30,0.6663382140462594
2023-03-06,15,6,0.4816461484239415
2023-04-03,12,142,0.33386004332080754
2023-10-07,3,113,0.8101081707811858
2023-01-09,17,80,0.4671484392336567
2023-11-19,13,138,0.3313152821394354
2023-08-07,19,71,0.03322889267695506
2023-09-21,13,61,0.6257222518840185
2023-06-29,1,192,0.42272123812119955
2023-08-01,23,56,0.1665101488268923
2023-02-27,17,185,0.06790216058017295
2023-11-04,15,144,0.42651774759047
2023-04-25,2,67,0.5263490501283327
2023-06-21,1,77,0.14400243302681892
2023-12-20,23,100,0.8729198251328222
2023-11-16,10,169,0.3678529798089589
2023-06-25,22,187,0.7549796635410384
2023-05-16,14,19,0.2927516747234614
2023-01-06,6,76,0.809968887324844
2023-04-05,14,184,0.5756051121876518
2023-03-02,4,69,0.5636377948760646
2023-06-04,25,70,0.3798861701512861
2023-10-26,16,113,0.20409283367445852
2023-04-04,11,14,0.4816047029427941
2023-06-13,15,26,0.3421858966773713
2023-03-22,21,122,0.42956374108632633
2023-06-07,1,184,0.23729580288623464
2023-02-17,18,1,0.062175931039177956
2023-05-21,21,49,0.5721010675152441
2023-11-10,5,199,0.9353849515017685
2023-11-23,24,99,0.5962992279448233
2023-01-03,25,115,0.652718506871671
2023-06-11,1,54,0.47470571418381335
2023-10-17,2,137,0.7187492293044225
2023-05-31,2,79,0.2876509825746678
2023-12-24,3,25,0.33929047828700065
2023-07-12,15,151,0.3899940452038242
2023-10-08,19,5,0.0006969004945227564
2023-02-27,1,2,0.9635464037046159
2023-01-05,2,130,0.3712150582809678
2023-08-04,6,80,0.37349882815178725
2023-06-07,20,149,0.5920158236213717
2023-09-25,24,23,0.3916447712367077
2023-05-20,16,168,0.899208100058149
2023-08-19,21,17,0.037941537340657305
2023-08-27,16,52,0.6798834966483395
2023-09-15,25,89,0.5691938451334105
2023-09-22,12,5,0.7254510749300392
2023-07-11,12,167,0.13270057648895572
2023-03-11,11,100,0.5385364960413154
2023-09-24,25,99,0.11536389629111665
2023-11-20,11,29,0.0517892103737041
2023-06-19,22,48,0.8622663767189996
2023-02-21,23,174,0.26153341556240983
2023-02-18,4,55,0.04528926156154334
2023-03-27,22,147,0.5935451878622889
2023-08-21,22,18,0.6763341444373031
2023-01-22,14,38,0.31375252289942157
2023-04-15,11,59,0.9771306459481305
2023-05-19,3,125,0.7771792181375495
2023-04-22,22,192,0.7585214663652602
2023-03-28,3,16,0.5912835111753857
2023-09-21,17,109,0.11469361328906214
2023-11-03,23,31,0.7319298394934263
2023-08-28,20,24,0.5075760840485418
2023-09-05,22,170,0.7863604358374856
2023-09-21,16,58,0.08753326564494002
2023-02-03,18,137,0.45210108417287187
2023-02-10,7,110,0.11077011995695496
2023-04-03,9,113,0.9529037242211793
2023-06-22,14,18,0.8732692154826103
2023-03-21,25,195,0.6445696981306386
2023-05-12,12,180,0.4164534524685225
2023-04-07,20,186,0.47932293630974687
2023-05-13,22,145,0.6218714124483726
2023-01-05,7,61,0.9405032896660322
2023-07-16,24,90,0.008959642996505757
2023-03-06,25,129,0.004182129974543147
2023-11-01,15,134,0.8038494903988376
2023-05-25,25,79,0.07064469217464664
2023-06-30,18,164,0.6216251926653963
2023-06-19,19,55,0.9516480878395263
2023-11-26,20,13,0.2772149051500521
2023-05-20,7,50,0.3519271652686031
2023-10-13,6,13,0.7668170659443371
2023-07-24,6,56,0.12190015424765976
2023-10-11,12,1,0.6450728183482612
2023-10-08,16,111,0.4395398643786357
2023-10-31,21,109,0.1850774397029249
2023-04-30,25,134,0.34546723476246033
2023-12-25,17,36,0.380026973400719
2023-11-23,8,195,0.6363909129754908
2023-07-12,25,33,0.14295527003552067
2023-03-25,6,88,0.6099151105443008
2023-11-25,1,154,0.1257956423876273
2023-09-04,4,14,0.42205508487743426
2023-10-06,9,8,0.7793008654216014
2023-09-04,18,151,0.5858433349015552
2023-07-04,2,163,0.8984757745455536
2023-12-01,11,20,0.5073842007810153
2023-07-27,11,120,0.6666977182550874
2023-07-14,25,34,0.9430713709670073
2023-02-20,18,61,0.493968183509235
2023-03-02,21,96,0.6891503395797997
2023-03-25,24,18,0.523916374288514
2023-03-04,14,181,0.6579659060589172
2023-12-05,11,96,0.8045134177273389
2023-05-15,24,186,0.06022862919351313
2023-04-19,20,6,0.7918696806845903
2023-09-18,23,84,0.8032099553953247
2023-10-01,12,63,0.777386632816658
2023-10-25,18,6,0.07440953335166145
2023-12-29,4,53,0.8317732835045024
2023-11-02,15,135,0.9081214682932798
2023-10-03,2,59,0.7354706986617486
2023-06-11,15,71,0.6091481798510838
2023-03-23,18,19,0.9503634592564032
2023-03-18,2,96,0.39941242595115756
2023-11-17,7,4,0.8422353228341597
2023-08-28,19,92,0.1957448625245255
2023-02-19,25,125,0.21687780482446284
2023-07-12,19,108,0.6670201945116041
2023-05-21,7,172,0.7236930692842645
2023-08-14,20,111,0.9757266681612818
2023-10-18,19,100,0.3753065255747249
2023-08-19,5,157,0.13887503922879274
2023-08-25,8,27,0.35488711591592403
2023-11-19,25,58,0.7929765487469077
2023-05-04,3,31,0.8819385694223311
2023-09-20,15,12,0.253853176468411
2023-12-03,16,187,0.6253336051605105
2023-12-04,9,195,0.965004462958731
2023-02-13,5,187,0.5100171623759917
2023-05-17,17,38,0.18120459100580055
2023-07-20,14,4,0.49784488016621165
2023-05-14,11,96,0.30171542062569645
2023-07-08,2,21,0.5710193826805503
2023-09-22,11,174,0.007504580402629912
2023-05-25,3,73,0.5978063608555969
2023-12-29,14,55,0.7440053108655482
2023-01-25,25,195,0.14966444592112027
2023-10-15,9,28,0.4865273221693118
2023-02-05,9,174,0.6427678540925559
2023-09-29,13,169,0.0028475482352868786
2023-03-24,20,28,0.8859549798733711
2023-12-11,21,140,0.18985023502785714
2023-01-18,3,130,0.9718630062340528
2023-03-21,6,15,0.21853910527762488
2023-01-24,7,89,0.02372814846704574
2023-08-18,2,175,0.20970069912713207
2023-08-22,17,151,0.10375755394400277
2023-11-06,10,142,0.028772316191775893
2023-09-17,8,88,0.5557851096040234
2023-04-12,6,116,0.9279600903973892
2023-11-16,13,85,0.6378676540418603
2023-04-28,24,62,0.09045831495902101
2023-05-25,5,179,0.7348836070914039
2023-05-14,7,110,0.32143050694643804
2023-11-17,13,81,0.8360352019249296
2023-08-08,23,102,0.3505731658116058
2023-05-22,14,104,0.006452382061549078
2023-05-30,5,77,0.2998353874854657
2023-10-09,22,116,0.5387130300704062
2023-11-27,17,42,0.2577055164594655
2023-04-28,14,132,0.8354117695490808
2023-06-27,13,147,0.14233240040769324
2023-08-13,12,174,0.9385446337913221
2023-08-21,15,36,0.9071648409484855
2023-08-12,10,165,0.15958963497051137
2023-12-14,13,35,0.12431094476096094
2023-07-27,10,86,0.09907803116458369
2023-04-09,5,52,0.30352685712079286
2023-06-17,24,89,0.9254189800967985
2023-03-13,1,67,0.6520400125174584
2023-03-28,20,98,0.5736196576033388
2023-04-05,22,146,0.472773369348774
2023-09-25,10,183,0.3365253057125741
2023-06-21,15,112,0.9163988759306774
2023-10-07,11,6,0.45930618028118597
2023-03-28,18,79,0.07500542275684008
2023-02-27,8,52,0.2922337578815857
2023-06-04,14,192,0.08517829650078912
2023-02-12,25,122,0.6332997204710147
2023-10-21,19,106,0.536752391080169
2023-09-02,22,126,0.8272780045696878
2023-02-06,20,16,0.8247052849083494
2023-09-19,11,19,0.6322467402316926
2023-04-19,3,39,0.19986983258843527
2023-10-19,20,24,0.43649633814492284
2023-09-29,16,166,0.018432613112315588
2023-08-08,7,166,0.4438508321773791
2023-03-14,5,46,0.08506019540664411
2023-10-25,10,25,0.7905567375204758
2023-10-15,21,95,0.25309362529774526
2023-07-10,9,19,0.013870620831992975
2023-09-23,25,64,0.23467174464176477
2023-04-15,5,3,0.017414838356414775
2023-08-12,15,163,0.38625227548974894
2023-08-23,23,154,0.636256809294434
2023-09-25,21,185,0.7135573044791708
2023-07-08,3,96,0.9492068007339494
2023-04-06,2,41,0.9864620733437477
2023-08-12,21,113,0.8107442595290294
2023-02-08,10,177,0.04341527964708558
2023-08-13,18,37,0.27350793859399203
2023-03-18,6,104,0.2741861615539879
2023-11-09,25,161,0.21538322077061556
2023-09-09,19,182,0.20479616289542046
2023-08-30,1,2,0.6154479797277809
2023-12-14,10,42,0.47237975898510565
2023-08-29,3,89,0.44011019159669673
2023-08-12,19,41,0.6454273786740586
2023-07-06,25,48,0.34824571761503664
2023-10-11,8,27,0.7594312048144192
2023-01-06,25,166,0.8948092252441999
2023-06-24,20,141,0.6426103979672919
2023-02-04,25,113,0.8210926503929459
2023-11-07,19,26,0.5019614598157359
2023-10-24,2,130,0.264678783941784
2023-08-09,20,116,0.8009657836787103
2023-03-23,10,18,0.789657516066041
2023-05-28,9,141,0.3822909412187441
2023-04-03,22,129,0.8522894702986782
2023-11-26,4,185,0.7476347771141991
2023-11-03,23,86,0.26157095260360796
2023-07-18,13,114,0.8914950231420775
2023-12-31,25,90,0.5229979928852007
2023-07-08,14,43,0.1528796648480848
2023-05-19,1,11,0.9370651716636377
2023-04-30,16,145,0.4338447656748988
2023-08-03,24,64,0.44239126621342206
2023-04-19,14,176,0.2357359664848533
2023-03-15,7,38,0.0045121996828711985
2023-01-09,20,181,0.1252779971738489
2023-01-27,3,173,0.3395525979463555
2023-05-04,22,120,0.42597921727950916
2023-04-26,24,55,0.10526182359273639
2023-08-20,6,90,0.7633893105500312
2023-06-29,18,180,0.2506825960074215
2023-03-17,12,133,0.3955595532453211
2023-05-30,2,49,0.4100257848633987
2023-02-16,15,8,0.5751080430723872
2023-03-09,11,51,0.6977418744197839
2023-04-08,24,183,0.7072354238919336
2023-02-18,8,78,0.3789034438595801
2023-08-02,22,71,0.011282959930969061
2023-04-23,4,103,0.2247380471749072
2023-02-04,20,31,0.6542503578709075
2023-08-07,24,101,0.27106620426134287
2023-08-17,17,65,0.2608293794975304
2023-01-10,25,147,0.6180305637799908
2023-10-04,25,16,0.2905083907104946
2023-09-03,22,109,0.9998800404576885
2023-05-17,18,6,0.13776847063958297
2023-08-07,18,144,0.6541446845650447
2023-09-04,16,34,0.9640701095894819
2023-12-03,12,163,0.213052718861392
2023-03-06,18,76,0.8992935302212723
2023-08-04,23,73,0.5141308220551981
2023-09-02,2,153,0.8471351135478684
2023-04-10,17,200,0.22984482382495053
2023-07-11,10,186,0.8875052433559403
2023-07-18,19,51,0.5866359467331654
2023-03-16,13,13,0.7797248758400672
2023-06-09,22,14,0.9468985607438727
2023-08-23,10,34,0.39246832108871865
2023-05-18,19,168,0.4404225086908369
2023-07-22,18,181,0.6062885361271336
2023-03-15,7,171,0.2011586115118471
2023-11-13,10,168,0.7808659304477612
2023-04-04,7,3,0.4126997569201849
2023-10-09,6,107,0.31015856009262777
2023-09-03,5,77,0.11273767851906069
2023-03-28,3,16,0.8391446015190751
2023-05-18,3,36,0.5314315979274025
2023-05-10,17,85,0.10043855257527035
2023-03-16,2,195,0.2572926790965382
2023-03-30,3,69,0.22075229730526458
2023-03-12,5,36,0.8983995314879542
2023-09-22,9,27,0.1526397140356267
2023-10-04,18,68,0.923172384319604
2023-11-12,8,108,0.0832649269714224
2023-04-22,10,80,0.15560063338782348
2023-09-01,19,168,0.9654168211879551
2023-01-19,19,109,0.044748751516262675
2023-07-07,12,29,0.25050014361173567
2023-06-30,11,140,0.4467016034991089
2023-09-20,12,186,0.07866716814672225
2023-05-13,4,49,0.4207814559595179
2023-03-12,14,51,0.5568703855795132
2023-03-01,20,156,0.026769463841601393
2023-08-12,4,31,0.21040818430628128
2023-09-22,14,180,0.4256623169775121
2023-05-20,7,51,0.11272728874793214
2023-05-10,2,77,0.20027498649780795
2023-01-03,17,48,0.6416701115740937
2023-10-03,20,10,0.47196422064211874
2023-06-21,13,135,0.08310478926307852
2023-05-19,2,199,0.24438541280414994
2023-10-20,10,118,0.1126179499896407
2023-12-08,4,182,0.32708655076990756
2023-01-29,8,21,0.49410538671958404
2023-12-09,12,43,0.7051589829596141
2023-10-17,21,106,0.26223581914008964
2023-12-21,8,183,0.5509076991315014
2023-10-22,7,172,0.4050824651542143
2023-07-06,23,167,0.778186851782551
2023-09-10,12,55,0.6612099484791267
2023-07-19,8,51,0.2304383509302138
2023-10-09,25,6,0.6836097169711446
2023-05-22,1,25,0.5403420361957206
2023-03-14,24,53,0.32906339763938985
2023-11-18,19,18,0.48152273796536915
2023-07-25,17,142,0.6931277963878181
2023-01-13,15,180,0.5323988363449562
2023-04-12,9,146,0.8768290525380328
2023-12-11,2,69,0.2713860484769399
2023-04-24,10,97,0.36766218031396236
2023-06-18,14,48,0.24704803803367026
2023-03-25,8,86,0.44065277126628244
2023-03-29,17,191,0.1488079392196856
2023-02-01,3,52,0.16878075022262462
2023-03-17,14,156,0.055069968335860975
2023-10-22,25,75,0.9046472447099083
2023-10-30,4,52,0.5803672286176519
2023-10-25,19,60,0.6591101264813144
2023-12-15,23,142,0.1587053537601375
2023-01-25,5,44,0.854007781259405
2023-10-14,22,101,0.8413320456889049
2023-04-06,22,100,0.6919302403204587
2023-02-25,13,126,0.4949704106823761
2023-11-07,9,56,0.09791795324654828
2023-05-11,19,25,0.304187844680774
2023-12-22,4,15,0.4991609128859005
2023-11-18,9,84,0.8425507373258635
2023-06-29,16,132,0.517109526275196
2023-05-23,8,33,0.788518275150161
2023-07-21,1,42,0.4813626224020553
2023-11-16,16,143,0.3228294739536416
2023-08-06,10,159,0.4562547648070905
2023-02-09,16,157,0.27046670400654926
2023-12-14,14,134,0.5338276609426161
2023-02-22,12,149,0.9285623923092174
2023-02-22,5,151,0.4777641994380176
2023-10-08,21,29,0.1949771081915329
2023-09-27,3,47,0.5702417744924073
2023-08-05,8,77,0.7073593487755538
2023-11-01,24,26,0.9540997414164248
2023-01-31,9,126,0.3024975311982375
2023-09-28,13,114,0.026142586145788127
2023-02-20,2,1,0.1660430660336185
2023-06-16,7,13,0.23675264229164106
2023-09-24,17,103,0.11051756249519129
2023-12-24,19,122,0.042416610871938154
2023-06-06,13,27,0.501681738025623
2023-08-03,10,93,0.9619770260977719
2023-10-23,14,3,0.7337343448776602
2023-09-29,11,150,0.5274781149201533
2023-04-04,17,139,0.6356806120584996
2023-10-15,21,122,0.7864353247427776
2023-05-28,21,46,0.3695541558091169
2023-05-20,23,68,0.4649792250534621
2023-04-01,2,162,0.3511161645593728
2023-07-12,21,172,0.38068861092857487
2023-02-09,17,193,0.3297970003654652
2023-11-14,20,164,0.05043061572309948
2023-08-14,17,82,0.0753106955749755
2023-11-04,25,68,0.2766631122759009
2023-03-16,19,73,0.8808519743430651
2023-06-13,5,40,0.004808857079244833
2023-03-08,12,64,0.7458318794992489
2023-01-04,24,183,0.2891129024924586
2023-05-23,16,188,0.5652334859124547
2023-05-23,22,138,0.3849353455294223
2023-07-18,13,24,0.5701087679853132
2023-03-16,11,84,0.8054542748731182
2023-09-19,6,34,0.825888460149649
2023-08-15,1,107,0.5464797582070284
2023-10-07,14,72,0.5308524207505415
2023-08-21,4,45,0.5313823870031609
2023-08-24,18,127,0.5014749117196213
2023-04-03,8,153,0.546432941292101
2023-09-09,11,147,0.24011743758720527
2023-11-29,6,142,0.9775902612919178
2023-10-01,1,18,0.6547062755456863
2023-06-18,23,111,0.6176243227329284
2023-02-22,13,28,0.8795547410453883
2023-11-20,1,62,0.24474146415410614
2023-06-12,16,95,0.21923798236009806
2023-12-12,14,45,0.006206734069995723
2023-12-23,15,2,0.3674139613893298
2023-08-25,12,124,0.1534312270880791
2023-10-26,1,185,0.2630699274095235
2023-08-11,21,50,0.21815600917461453
2023-08-17,14,30,0.03343437939557081
2023-12-28,25,7,0.259713257120492
2023-01-17,6,17,0.9254959650190584
2023-11-12,25,49,0.9068689987760238
2023-07-01,14,102,0.34108241339747725
2023-07-20,5,31,0.8895593415677664
2023-10-12,5,10,0.5223355095579603
2023-08-22,15,4,0.03930987207800152
2023-11-01,21,108,0.8388222909079348
2023-08-03,10,196,0.5819258677920528
2023-07-28,23,94,0.1061096133264422
2023-02-27,13,109,0.793795586544991
2023-05-20,15,138,0.140283092490728
2023-08-30,20,23,0.4834215349436276
2023-01-24,16,142,0.488683741113074
2023-03-19,9,13,0.7333160381684077
2023-07-02,21,157,0.8219936569882643
2023-09-20,13,65,0.4923445466920121
2023-11-12,25,52,0.9964090211774582
2023-11-08,19,52,0.28900950496302935
2023-02-07,1,72,0.5451960827519264
2023-09-12,4,122,0.9003439949503206
2023-07-19,1,143,0.45443234281355604
2023-07-03,17,8,0.3196615480636851
2023-01-16,10,53,0.646621411028754
2023-09-14,2,92,0.8845459225196081
2023-07-16,8,32,0.11395259028984683
2023-05-06,12,157,0.7030292574845032
2023-03-03,11,120,0.7377233830748651
2023-01-31,17,164,0.9685381474024548
2023-09-03,13,30,0.11763270175823803
2023-09-13,15,26,0.18277503793474525
2023-10-12,22,129,0.2726526436849367
2023-09-30,24,24,0.3947958195793073
2023-11-14,4,194,0.49944389368639985
2023-08-25,2,56,0.41417938414142086
2023-11-15,9,99,0.7433837672175179
2023-10-26,8,71,0.8118582147921933
2023-04-01,8,38,0.3232905585135565
2023-04-16,5,157,0.4338488229747425
2023-06-18,24,178,0.8525546111784446
2023-03-22,2,121,0.2286519991653191
2023-07-15,9,194,0.1913499820390835
2023-04-05,7,85,0.06175538981407702
2023-01-15,8,43,0.6736548023276344
2023-05-31,25,143,0.8407602681427282
2023-07-28,18,200,0.4776547096555076
2023-05-31,15,157,0.5414737817034643
2023-02-04,5,14,0.435444044325041
2023-01-08,3,128,0.22093073447018108
2023-02-27,14,119,0.311805371927918
2023-05-02,22,175,0.04954048118712684
2023-04-27,24,121,0.6946302550323673
2023-03-14,6,185,0.7555862951842204
2023-02-20,16,188,0.0023592807299340768
2023-05-06,15,168,0.23582063883594873
2023-03-07,13,28,0.09010346423030846
2023-09-24,25,39,0.17571163485372676
2023-09-11,3,45,0.5121359650916336
2023-08-03,15,138,0.20317318669269113
2023-02-28,19,67,0.156339827646083
2023-10-03,15,18,0.7820874988697628
2023-05-11,18,69,0.4463239902058639
2023-11-18,8,126,0.9512467243805165
2023-09-17,10,130,0.49053030412557685
2023-05-05,8,86,0.8308255192145554
2023-01-01,23,133,0.4126646994026969
2023-03-07,2,11,0.3227406898396008
2023-01-31,5,6,0.3395905234884449
2023-01-23,22,80,0.4490629938405013
2023-02-14,23,152,0.6852650761150261
2023-07-07,4,95,0.8490370863085094
2023-05-02,23,168,0.030672956275962004
2023-10-30,6,129,0.10661140829259363
2023-05-03,11,79,0.9492913731817464
2023-04-12,23,85,0.5001512500142423
2023-01-28,13,107,0.1654725156304283
2023-07-07,2,94,0.10263564509748391
2023-10-08,17,26,0.4139432720891226
2023-03-15,23,90,0.08833909847471699
2023-11-30,14,198,0.546172506801999
2023-07-05,8,139,0.297959672680179
2023-05-08,14,65,0.1208760275111439
2023-03-21,22,131,0.7533719403165468
2023-12-17,4,113,0.48379867075922967
2023-10-17,11,183,0.7611409144495369
2023-10-17,16,50,0.8622538912483002
2023-02-05,19,126,0.1165187486387409
2023-09-27,6,69,0.8892805827092681
2023-01-08,13,131,0.5115267438608749
2023-04-10,9,104,0.6491652054029506
2023-08-19,4,178,0.7086368612503654
2023-03-13,3,66,0.5634044055916294
2023-09-13,24,176,0.24491024201424916
2023-02-24,19,83,0.12432938744137689
2023-05-28,6,90,0.45346484444078805
2023-10-25,1,168,0.9781361009056841
2023-02-17,2,112,0.5243466818625264
2023-12-11,8,144,0.6570852128790952
2023-06-08,21,44,0.310417552208749
2023-11-08,14,50,0.39622061700543854
2023-06-19,6,141,0.10629907839040154
2023-08-02,13,92,0.525945317363688
2023-11-16,10,130,0.8886140639546648
2023-02-07,16,171,0.6376811974485297
2023-06-12,12,159,0.5031959474460368
2023-08-23,15,8,0.8115334992829419
2023-08-06,8,179,0.7962058508737099
2023-09-20,14,187,0.01814906954022899
2023-03-19,2,128,0.8124116959843808
2023-02-13,6,139,0.042137672608967947
2023-07-02,22,8,0.12184355729470298
2023-11-17,8,17,0.9902462922400324
2023-08-11,10,183,0.2016850093063921
2023-10-02,4,80,0.7363484010714587
2023-06-06,11,43,0.5942321607113779
2023-03-16,15,152,0.7078432748861877
2023-03-26,25,65,0.06055258102898897
2023-07-30,10,16,0.09277096046030808
2023-08-09,15,108,0.5771436409953309
2023-04-02,1,72,0.9995855648162281
2023-12-04,13,113,0.616039233210843
2023-09-26,20,13,0.21626484909327437
2023-06-15,23,3,0.6371818386869843
2023-06-15,4,128,0.9929120555135724
2023-09-08,15,97,0.972283500156623
2023-05-30,24,76,0.5272638098194792
2023-01-14,16,71,0.7443297210311647
2023-04-19,3,189,0.712958744280355
2023-03-19,16,64,0.161644602461826
2023-06-11,10,36,0.5960771889150192
2023-12-31,23,68,0.04353781357761566
2023-01-31,12,78,0.48788944188566463
2023-05-11,23,95,0.3067381537637963
2023-06-25,5,27,0.7077089478957411
2023-06-24,21,135,0.16482893298759582
2023-08-08,17,183,0.7642310324219597
2023-11-10,21,103,0.3317431552332807
2023-06-15,8,87,0.8346162145397659
2023-11-18,23,13,0.20879225102133925
2023-06-15,10,179,0.4159448271243894
2023-08-05,2,3,0.4080083852331512
2023-01-08,13,167,0.37738698366172696
2023-08-29,22,65,0.15251105715266444
2023-08-10,19,69,0.431204972001514
2023-07-16,3,121,0.9154930396646408
2023-10-14,11,87,0.6834610244254037
2023-09-15,3,16,0.36306641362713266
2023-12-08,1,150,0.3226677546459886
2023-09-21,12,56,0.5484488625582383
2023-05-03,25,52,0.5375068825994724
2023-10-25,11,184,0.4259209962228011
2023-09-05,23,161,0.3187984432198653
2023-01-09,10,174,0.6268145777527343
2023-12-07,10,158,0.07764602689802369
2023-01-30,24,186,0.5239580321675598
2023-08-06,18,171,0.6268283213273832
2023-01-03,5,137,0.6716224330916193
2023-07-17,7,110,0.19724513518274422
2023-12-18,1,145,0.6867582465695198
2023-11-13,24,49,0.9703787041827803
2023-03-27,6,103,0.38618332502884134
2023-06-11,1,152,0.7021844532930874
2023-10-18,2,167,0.6487210010285922
2023-04-14,23,128,0.9638154513490726
2023-12-08,21,96,0.10762724757834108
2023-04-19,11,21,0.9854235907393858
2023-05-21,2,40,0.22437342559582985
2023-12-15,12,45,0.879039906401657
2023-10-10,18,33,0.6076446858872943
2023-01-31,16,153,0.49273133490673837
2023-08-15,21,161,0.2474009814362793
2023-07-05,10,61,0.2835128942541856
2023-02-27,14,78,0.2308004039518271
2023-12-09,22,170,0.3244762103477089
2023-05-01,21,135,0.1848638028682369
2023-07-19,18,61,0.07836202194279085
2023-12-19,11,68,0.6968174013032733
2023-06-16,17,49,0.5014178205796707
2023-02-19,15,189,0.41232074261795826
2023-09-04,8,22,0.881740269645037
2023-03-06,20,131,0.5397580566695833
2023-10-05,6,67,0.3924627275780137
2023-11-19,7,99,0.8700568928880015
2023-02-23,8,4,0.41129264028709445
2023-08-03,22,90,0.9447108697874153
2023-07-02,25,199,0.08827348408454994
2023-10-03,15,125,0.8594329480118094
2023-09-16,13,30,0.37261708516590575
2023-12-06,17,101,0.027962448081689684
2023-02-16,2,35,0.17880726666056945
2023-04-17,7,20,0.07920988514957839
2023-01-29,4,170,0.179363702884776
2023-03-20,4,59,0.1296165086368718
2023-09-06,18,70,0.988031849465932
2023-07-18,23,120,0.87401201398553
2023-04-22,16,138,0.06621595366441413
2023-09-13,25,130,0.8039876390166579
2023-01-19,4,36,0.4578468290463431
2023-09-05,22,149,0.18848526358954865
2023-03-17,6,156,0.46528462702218865
2023-08-03,2,35,0.12475223694603044
2023-04-29,5,173,0.5219885161005473
2023-05-20,3,60,0.193086920727368
2023-02-12,9,66,0.6281845950743093
2023-08-03,10,40,0.5307601075848052
2023-02-27,8,60,0.07070108925605179
2023-08-02,9,50,0.853146223650938
2023-12-04,17,14,0.8087557576689219
2023-03-08,24,12,0.9188973578052803
2023-06-29,8,169,0.5850551541699153
2023-08-16,17,79,0.22623738007828675
2023-09-15,7,56,0.04573946832841147
2023-06-16,1,187,0.3114531522010887
2023-03-31,24,120,0.43191661420139116
2023-07-25,1,62,0.2812728008843548
2023-10-07,25,150,0.8108291507614306
2023-09-01,12,116,0.22902509763895174
2023-10-16,23,58,0.9096469826700698
2023-12-26,12,24,0.35226104209804154
2023-04-22,22,195,0.9136301164832028
2023-11-01,3,46,0.3854649318140423
2023-08-25,11,30,0.4111596171087759
2023-12-11,2,39,0.4332196344842595
2023-02-21,3,160,0.5738058267032343
2023-02-19,8,192,0.895714490651312
2023-04-18,1,97,0.08447470763153775
2023-08-18,2,166,0.4982729907192276
2023-11-30,19,116,0.5294704344321302
2023-05-20,11,40,0.4034101655658604
2023-04-07,8,71,0.38789206042283086
2023-06-10,19,102,0.1763169628260981
2023-07-30,20,118,0.4031870730514685
2023-04-07,24,61,0.5511258883268189
2023-08-22,8,138,0.43549319154181154
2023-11-03,20,131,0.8083372125854356
2023-03-30,13,143,0.78737664509117
2023-06-04,10,150,0.8184243268014783
2023-05-20,23,48,0.6902493043017652
2023-01-13,1,167,0.3962026747024061
2023-09-10,4,75,0.33693360430363795
2023-04-18,24,71,0.6319601348062079
2023-01-05,6,71,0.757202823095759
2023-11-26,14,142,0.6349494519523573
2023-09-07,24,115,0.7872165325611401
2023-01-01,8,14,0.04133684269806892
2023-05-24,1,161,0.3450725368999218
2023-04-22,1,29,0.8513403501370264
2023-10-30,5,157,0.23059358971199428
2023-02-20,9,98,0.8855428726755088
2023-04-06,1,17,0.6225352309820463
2023-05-10,8,146,0.15075076259769693
2023-03-02,11,146,0.862737144360317
2023-08-10,4,53,0.06540937455761597
2023-12-02,15,96,0.692425341202619
2023-05-08,15,176,0.9699574822290669
2023-06-25,16,183,0.07999877086910823
2023-11-07,7,10,0.09083919426351206
2023-05-18,6,111,0.7153954635082541
2023-11-14,22,195,0.5162755983050444
2023-08-27,14,111,0.07474854345605508
2023-01-31,18,123,0.43724906216462245
2023-02-10,9,87,0.4973458903265162
2023-08-16,17,193,0.5834611588084588
2023-04-17,22,69,0.8065237612383754
2023-06-14,21,149,0.5518441322184857
2023-07-09,19,7,0.36841272387309065
2023-09-20,7,52,0.2426270845744981
2023-12-29,23,105,0.41993034754804504
2023-11-03,22,40,0.4186205219736271
2023-01-05,6,136,0.5868117107275191
2023-03-28,7,149,0.6680566630668106
2023-08-16,14,98,0.1722756120591512
2023-08-04,11,13,0.05471300082036501
2023-10-25,24,177,0.6967046208773062
2023-05-18,17,76,0.19844293583271155
2023-04-28,22,2,0.3055517424752464
2023-11-24,17,140,0.6984921980013192
2023-10-20,18,146,0.9333106960600157
2023-08-10,21,180,0.36330621363507976
2023-12-04,17,31,0.28601006695424513
2023-08-19,16,15,0.10459305508003092
2023-10-24,5,200,0.3642059321989408
2023-04-05,23,112,0.6568050591271293
2023-12-27,4,23,0.5274576712835742
2023-01-17,13,161,0.6013655539114579
2023-03-25,24,178,0.29769338957732616
2023-09-30,20,13,0.8650485006836669
2023-11-17,5,110,0.9902188331578873
2023-12-18,1,199,0.2943166005231884
2023-05-22,16,45,0.8302488626870472
2023-02-17,14,81,0.7018009932069368
2023-02-10,12,150,0.4880931334083374
2023-07-09,8,4,0.8977185565440244
2023-06-28,6,149,0.6847036178108278
2023-06-01,13,189,0.8676397700876938
2023-08-25,24,25,0.027517693074297744
2023-11-19,7,192,0.33630692883810154
2023-07-04,23,148,0.6922550881160272
2023-03-15,10,171,0.9288443338077047
2023-09-12,22,46,0.5093263488138944
2023-09-23,16,112,0.6296873464685838
2023-02-14,25,114,0.686627412870667
2023-01-20,15,155,0.15951602707833556
2023-01-24,16,150,0.02799860879110372
2023-02-02,3,180,0.31452467636668213
2023-06-14,3,106,0.919564293368954
2023-09-01,9,168,0.8829103158633163
2023-12-25,2,103,0.4032891703394198
2023-12-01,11,76,0.9314263041809631
2023-11-16,22,72,0.8931754805186015
2023-09-24,17,32,0.7382725344896646
2023-10-26,12,12,0.43608032336165703
2023-03-26,21,7,0.03503938296665188
2023-02-15,15,80,0.26956651746250104
2023-09-25,15,78,0.753283792144119
2023-03-28,18,27,0.5801749079871901
2023-03-06,10,108,0.3851892661726274
2023-06-09,9,44,0.26390740734449947
2023-01-13,17,42,0.1609941972668003
2023-12-31,9,95,0.670046169905099
2023-01-08,9,100,0.9370351472607482
2023-10-30,14,80,0.516525233726372
2023-08-11,6,197,0.7347662355192303
2023-08-28,18,188,0.08992099965448486
2023-09-21,15,43,0.4885452904669725
2023-09-23,18,15,0.1872966628366901
2023-07-21,12,52,0.921496637916533
2023-10-27,15,32,0.05368100882663884
2023-06-14,2,82,0.13424831514098168
2023-10-03,9,54,0.8379439944920906
2023-08-16,16,23,0.574805184684615
2023-11-28,4,160,0.8823271808473023
2023-07-23,15,197,0.042515144801947735
2023-04-01,21,81,0.2901965070175774
2023-05-22,9,146,0.2598307234724516
2023-02-20,2,130,0.16940366055638167
2023-03-13,6,135,0.2339275408261382
2023-01-25,1,58,0.2633577008832746
2023-01-30,2,179,0.5651929301810694
2023-04-29,17,186,0.39849944533274073
2023-11-09,21,46,0.3958884333833088
2023-11-18,19,97,0.9884780052680824
2023-02-03,16,31,0.12388839164018428
2023-06-21,8,89,0.09258271907319393
2023-05-19,9,113,0.49649595254001677
2023-06-04,7,18,0.9498194791367984
2023-10-19,13,39,0.5736958606324598
2023-07-16,20,142,0.8473200166314083
2023-04-03,6,21,0.7967657383911286
2023-01-04,4,37,0.7933797909970742
2023-11-18,19,36,0.23326426703890724
2023-08-19,13,144,0.16834475620583156
2023-05-23,15,65,0.07925397389975541
2023-05-28,4,117,0.22557627995381757
2023-02-21,4,84,0.9997803223967415
2023-12-08,4,1,0.4186816184261164
2023-09-20,13,159,0.5587912254976393
2023-06-06,18,137,0.17286659049876607
2023-06-15,25,76,0.8109398692595722
2023-12-20,7,129,0.244408595926626
2023-05-28,10,96,0.7051034562862752
2023-03-14,1,130,0.8624995358355043
2023-01-24,25,20,0.4398910011249956
2023-04-13,14,37,0.009431273665942652
2023-06-17,21,83,0.0007035666537891228
2023-10-27,20,37,0.7734217741245664
2023-10-14,5,94,0.9034589057240857
2023-08-15,9,169,0.5760620273842714
2023-07-16,17,24,0.9100839989968119
2023-09-17,14,25,0.7577562941447679
2023-12-19,1,45,0.9620060593020658
2023-02-25,11,160,0.7943187405081571
2023-08-15,7,46,0.7180807127010522
2023-09-26,12,153,0.40278845919298556
2023-01-19,14,17,0.07769835055594199
2023-06-07,18,64,0.9960924541120624
2023-12-14,12,193,0.5373969818989838
2023-04-01,21,61,0.20076885775497366
2023-10-17,2,179,0.33831713358509197
2023-07-09,16,197,0.7142951299834968
2023-01-03,1,9,0.5298097812746202
2023-05-20,5,96,0.24423229417780612
2023-08-26,2,5,0.2390240789561583
2023-03-08,18,51,0.3522229112069878
2023-02-14,7,127,0.722515995820338
2023-05-17,3,108,0.16766813631759114
2023-01-16,5,101,0.4932560044713914
2023-11-25,17,127,0.24682155912330617
2023-02-11,18,107,0.27539182365422765
2023-02-06,10,76,0.4063830475477822
2023-04-14,14,40,0.6225948133376811
2023-12-13,9,168,0.5794590801704158
2023-03-30,7,194,0.5799676419278236
2023-11-26,1,130,0.9530800787901615
2023-11-08,8,101,0.03919198928036349
2023-08-23,22,178,0.08758604352896504
2023-05-22,11,72,0.5249242747901198
2023-03-29,9,128,0.8272018068706216
2023-03-11,22,155,0.8844891785170438
2023-02-06,24,175,0.008332523608223674
2023-01-20,11,109,0.7535169793729566
2023-04-12,25,182,0.36643966774388137
2023-02-23,13,158,0.005953097228812543
2023-01-28,13,121,0.45355207078872406
2023-01-21,3,118,0.8822264334830967
2023-03-14,8,86,0.664480955478113
2023-07-04,3,46,0.17652545861242885
2023-06-14,11,142,0.5838266690516652
2023-02-13,20,10,0.5198121371099843
2023-09-10,1,188,0.6200380703142581
2023-04-18,16,157,0.9803646864248025
2023-03-25,11,61,0.46979578610847106
2023-05-17,10,141,0.5701548034141622
2023-04-18,13,158,0.7457371421384975
2023-12-06,22,128,0.61064664672122
2023-12-26,11,148,0.7616700806089642
2023-08-20,9,40,0.44679803275822205
2023-05-01,21,150,0.1427687180613616
2023-05-25,25,154,0.6860256774848857
2023-11-26,15,37,0.9079822601904505
2023-09-20,4,14,0.8338973598930299
2023-04-06,7,113,0.2371957648326095
2023-03-05,24,127,0.8421207437908786
2023-09-20,2,185,0.7807298885190267
2023-11-18,8,149,0.6002929232754615
2023-05-04,13,145,0.6221529162140518
2023-03-10,10,68,0.6557992028445937
2023-02-09,11,86,0.48129649178931977
2023-05-01,21,51,0.15633713997544407
2023-03-15,18,185,0.8116172775838076
2023-09-09,16,82,0.1773179000171653
2023-10-12,11,140,0.9228625307694699
2023-05-31,2,27,0.09304172610493389
2023-11-14,19,176,0.19177485749424705
2023-05-18,16,1,0.9630740721360156
2023-08-10,13,177,0.7518156866068834
2023-11-05,24,54,0.9950271562806943
2023-11-01,9,18,0.23414372771581793
2023-04-10,12,38,0.7508609483687467
2023-11-20,8,28,0.4229475228900358
2023-08-20,18,79,0.6948403310803818
2023-09-01,9,37,0.4651292936664292
2023-06-27,12,181,0.8628712587461596
2023-03-10,8,6,0.36321214274585756
2023-09-12,4,108,0.25398249165472286
2023-07-25,15,108,0.39046287584589623
2023-01-19,18,163,0.45242126727969856
2023-12-13,3,118,0.014805356290769955
2023-03-17,25,146,0.4446621505533135
2023-10-24,15,26,0.14412703485750034
2023-01-22,1,115,0.6872571120607062
2023-07-31,7,98,0.6947158399914106
2023-04-29,20,34,0.172667725520802
2023-04-03,11,117,0.49011257335166336
2023-03-17,19,199,0.828251083006978
2023-12-18,9,27,0.025337197091651942
2023-01-30,20,23,0.12980042116171364
2023-12-13,18,159,0.009427990326835722
2023-08-26,24,145,0.12058243740163466
2023-04-19,8,162,0.09265759414097974
2023-06-04,13,42,0.12003043107535138
2023-06-13,7,12,0.25356099153848544
2023-12-11,14,126,0.5260046127122351
2023-04-03,7,197,0.7547371117620784
2023-07-27,20,63,0.006273229239483702
2023-06-01,5,80,0.5205418917443887
2023-12-01,16,91,0.3258852017449102
2023-06-22,19,72,0.8706273258816043
2023-07-12,17,190,0.9143269918948834
2023-01-11,21,168,0.4188566732655612
2023-08-01,15,190,0.7721069390760104
2023-05-25,5,155,0.2795689459444727
2023-12-16,7,160,0.15409627154719863
2023-05-28,10,140,0.7304479652701426
2023-07-13,8,174,0.04765282106609714
2023-05-26,6,67,0.6921130701451248
2023-02-27,10,188,0.029808007310425988
2023-07-28,2,111,0.7533511748604008
2023-10-09,20,21,0.3705593036313921
2023-07-28,9,48,0.42143002700611376
2023-11-02,12,71,0.4751891339034964
2023-07-23,11,129,0.9374428642016095
2023-04-15,14,185,0.7794334634664922
2023-12-15,11,124,0.20652614915242862
2023-09-05,10,68,0.5711267721448469
2023-09-13,3,70,0.1188859175856104
2023-04-19,4,30,0.7947134922874896
2023-11-27,11,191,0.857961382413194
2023-11-09,6,50,0.7757820924716456
2023-02-14,16,158,0.5309641556794829
2023-01-19,9,60,0.9794269639519849
2023-04-29,20,79,0.878844361596451
2023-10-02,9,90,0.7044920480552881
2023-08-21,11,10,0.41603424130267397
2023-12-01,4,175,0.32777324603811053
2023-05-25,14,114,0.06819694206875104
2023-02-23,21,70,0.9610913467414588
2023-04-09,1,150,0.1813622744263551
2023-06-03,13,142,0.3938897395949298
2023-02-02,14,101,0.2146156969032309
2023-09-01,23,14,0.8537556657852429
2023-06-08,18,60,7.531168823737833e-05
2023-05-08,9,184,0.9557173800687049
2023-08-05,18,31,0.19851435146470797
2023-08-18,11,70,0.023818618840737105
2023-07-27,19,37,0.4444113516829993
2023-04-13,9,91,0.34789706765823847
2023-09-14,21,69,0.7371624661168481
2023-05-07,1,4,0.3648388887227927
2023-04-17,1,39,0.352770806756702
2023-02-26,15,126,0.7620877653145766
2023-11-17,4,9,0.6080005637155554
2023-01-05,11,110,0.45218387542046123
2023-04-07,20,135,0.44994749561674996
2023-09-22,6,173,0.7181199383817932
2023-10-29,19,53,0.4368055156534869
2023-02-23,24,150,0.2707865882818903
2023-04-08,19,48,0.8118015479836184
2023-06-23,6,136,0.5608063469773343
2023-12-29,5,57,0.3562397916311869
2023-05-11,8,4,0.8242975867381392
2023-06-25,25,95,0.02655234094113257
2023-07-30,3,62,0.9051944827891649
2023-02-20,1,59,0.7191746264858212
2023-02-03,2,84,0.2779296782887073
2023-01-01,4,52,0.8560663834320971
2023-12-13,5,52,0.8066978159167234
2023-03-19,10,20,0.0033565612255137545
2023-01-13,11,148,0.7999789205946554
2023-03-14,16,15,0.15083633417135633
2023-10-15,24,137,0.8439837374296496
2023-01-16,11,130,0.9567511634391446
2023-06-28,9,113,0.573211745373783
2023-01-14,13,60,0.04418602618284717
2023-07-09,5,97,0.6022302980796184
2023-07-30,2,158,0.841165865066627
2023-06-17,13,122,0.8521116832359339
2023-04-03,19,190,0.7827372199111925
2023-02-20,14,197,0.432774605383065
2023-02-27,17,6,0.8376331678829794
2023-03-13,13,37,0.7167540286211851
2023-08-08,25,19,0.3975899466813442
2023-03-09,10,50,0.2676384543842536
2023-11-28,11,142,0.8806053272064279
2023-12-04,10,26,0.4891641864484537
2023-06-01,10,46,0.1525457824557641
2023-10-30,16,200,0.20825077536507852
2023-08-13,2,110,0.4616253990885406
2023-03-17,8,95,0.8523083801714427
2023-09-13,20,49,0.5533673225532979
2023-11-06,17,183,0.6013408256000414
2023-04-30,8,196,0.39834544248049375
2023-08-21,16,89,0.9053061515269014
2023-04-26,2,147,0.3946693931944587
2023-04-29,24,45,0.13310581947693423
2023-11-24,19,40,0.5136702035631352
2023-12-21,10,191,0.8005944295204245
2023-08-24,6,184,0.8187020866194329
2023-05-06,10,79,0.3764351876485873
2023-08-11,19,173,0.1538051143951077
2023-01-05,22,10,0.39968566999071753
2023-11-10,8,114,0.36282396008389806
2023-11-02,24,146,0.42554601812347803
2023-09-04,1,83,0.8841071442183144
2023-10-23,22,72,0.8739179848705759
2023-09-14,8,154,0.3661294726795963
2023-02-06,13,130,0.2651655767865747
2023-03-23,16,153,0.8877429805547274
2023-10-29,22,107,0.7507734437615342
2023-01-16,5,66,0.39184293783285984
2023-02-01,9,115,0.16343734853246017
2023-02-08,23,195,0.8683630711330533
2023-01-18,6,117,0.8211187491215771
2023-03-24,20,100,0.7655128898119882
2023-07-15,23,10,0.619443406866182
2023-01-11,21,54,0.13227613814895978
2023-12-31,5,172,0.029331424427875508
2023-11-22,12,99,0.0742435968804458
2023-07-23,8,14,0.03730186198700869
2023-08-27,23,139,0.15990866840085394
2023-10-17,9,149,0.4906918285990416
2023-07-31,25,47,0.8244245153977466
2023-11-24,23,81,0.1694547129586642
2023-12-27,14,168,0.11710767251017418
2023-03-07,14,121,0.9110391728863813
2023-02-15,10,147,0.3902827926673119
2023-07-03,4,160,0.5844088619343278
2023-02-18,20,118,0.3021649118435352
2023-03-27,14,112,0.887960260149728
2023-09-12,1,56,0.1731225153165773
2023-11-03,3,69,0.7716689082981729
2023-06-23,14,33,0.21182216780900276
2023-11-08,20,118,0.9820609510396269
2023-02-24,20,77,0.5299111738711662
2023-07-13,24,43,0.8559835455324653
2023-01-31,19,125,0.4664783842322384
2023-06-18,1,47,0.1275149468825122
2023-01-16,19,24,0.12859939362552297
2023-04-15,25,195,0.09623208369716119
2023-11-24,22,102,0.5583336377952924
2023-02-20,9,61,0.06104578635227942
2023-12-03,22,147,0.883620048648937
2023-02-22,23,44,0.17234649342734742
2023-12-01,6,195,0.1324337061424441
2023-10-23,11,92,0.08609888820547773
2023-09-18,14,128,0.5371446697886997
2023-01-12,25,196,0.3792361111903989
2023-05-27,20,21,0.24453775978716208
2023-07-17,14,9,0.8077678672004649
2023-09-11,2,115,0.6175429951357752
2023-05-12,19,156,0.04237786802439092
2023-08-02,15,183,0.6862683785503239
2023-06-29,5,71,0.04481791626494025
2023-05-14,2,198,0.5169500892769018
2023-12-29,13,32,0.022681751767767877
2023-10-22,10,182,0.6445267431790397
2023-08-12,7,29,0.6362401719751001
2023-09-16,12,13,0.7563190483746813
2023-11-01,16,163,0.521790388389351
2023-04-15,4,162,0.6053584118752381
2023-06-26,3,172,0.6114106376360153
2023-05-04,8,33,0.7573438502285331
2023-12-02,15,1,0.9696904945298632
2023-03-05,21,40,0.808857596841047
2023-04-30,7,95,0.11342730958177993
2023-09-16,13,178,0.760033994092988
2023-01-08,6,35,0.6659086994937747
2023-06-30,7,26,0.1784032187562382
2023-10-13,2,149,0.32256359997989625
2023-12-30,23,104,0.21116559427085213
2023-04-17,18,155,0.46973791037221213
2023-03-24,16,34,0.547887204141367
2023-10-12,16,169,0.32291229088307094
2023-08-16,21,87,0.29489195104045063
2023-02-01,25,37,0.8538861464163764
2023-08-18,14,157,0.137794411509099
2023-01-09,8,46,0.25189914816641756
2023-04-07,15,53,0.36043405513053717
2023-10-04,22,96,0.15064364818781195
2023-02-16,15,140,0.6203764582967765
2023-03-15,15,104,0.1019548430186269
2023-06-27,17,164,0.0753497955328547
2023-10-20,10,144,0.691237455037738
2023-04-26,14,183,0.684796500565213
2023-02-16,5,150,0.8352260843787299
2023-06-02,20,7,0.4105454053513836
2023-07-16,5,63,0.4792227861748233
2023-04-04,1,126,0.8969748716680818
2023-09-13,11,163,0.4358400403247854
2023-08-29,19,169,0.8680615945286988
2023-04-14,19,136,0.9178880088012036
2023-06-25,14,5,0.24310613406077664
2023-05-26,24,192,0.44720990432059204
2023-11-09,16,187,0.15883652875433762
2023-09-16,20,51,0.05254868303948301
2023-08-25,15,12,0.5840699798376258
2023-02-04,25,88,0.47161832969665196
2023-07-10,5,99,0.2200933833692491
2023-01-15,6,28,0.17896030724532797
2023-10-10,11,188,0.2675574653435103
2023-09-28,20,192,0.6729561323512037
2023-12-29,16,41,0.05384475220358631
2023-03-27,15,117,0.22900902859681294
2023-06-22,13,198,0.5022186383698116
2023-06-29,25,5,0.8137344801465384
2023-07-16,7,33,0.7463211675476165
2023-12-07,12,72,0.034536946708497274
2023-09-05,16,164,0.9673049648278477
2023-06-10,5,78,0.49206677640859986
2023-11-12,24,113,0.8236655380213781
2023-02-19,5,75,0.36577126575850083
2023-06-25,10,38,0.11335924436042388
2023-07-15,8,10,0.30149696602355525
2023-01-20,23,87,0.5401950188725912
2023-06-18,23,54,0.4510398287100341
2023-03-18,21,172,0.8421568660876354
2023-04-14,10,143,0.7628726488347857
2023-04-19,1,27,0.17356562850139778
2023-06-05,22,80,0.10309310729879806
2023-04-05,17,140,0.802819492474898
2023-05-05,5,99,0.9605779193504234
2023-02-17,16,185,0.21416318229554088
2023-11-01,14,61,0.6968839505593021
2023-04-08,14,52,0.03770295324945794
2023-11-18,24,171,0.09588009104698159
2023-06-23,17,52,0.03371443717049072
2023-12-09,23,126,0.6131530889331477
2023-06-17,10,81,0.65901694378974
2023-01-14,24,101,0.028668571319800162
2023-04-03,24,59,0.41290714194368294
2023-03-09,7,46,0.6966323510779915
2023-05-12,4,127,0.8248638855527198
2023-05-02,21,71,0.3137237523325348
2023-08-17,23,118,0.38970855013930294
2023-07-24,15,41,0.2931946237965396
2023-08-25,21,28,0.7904196430411055
2023-07-29,19,161,0.5815276649740329
2023-12-02,2,62,0.4281586027009976
2023-11-19,11,183,0.9182228511498264
2023-01-22,17,129,0.9995296393752449
2023-05-01,4,76,0.6545554823892197
2023-08-03,21,99,0.34793674258136087
2023-03-16,17,163,0.08208599694411689
2023-10-10,21,52,0.5676245973763709
2023-10-09,19,55,0.8768102899040914
2023-09-29,4,56,0.7367622331018495
2023-06-27,12,26,0.8354795413784226
2023-09-12,17,180,0.22190690552201098
2023-12-10,2,159,0.0767327913329029
2023-04-02,9,114,0.7094866224850557
2023-06-07,24,81,0.8706052982303251
2023-07-02,12,199,0.30083291137304435
2023-09-12,1,164,0.07641521040916466
2023-06-14,18,86,0.5944602229540701
2023-03-26,24,41,0.8398336320323017
2023-08-11,18,14,0.2633057170127757
2023-11-15,19,168,0.05793356968177421
2023-05-20,13,195,0.7842021493885337
2023-10-04,3,56,0.34133530390952693
2023-08-30,1,24,0.5282664022597321
2023-05-23,2,31,0.13192900238186656
2023-06-20,5,90,0.7584221098742693
2023-06-04,21,54,0.2987975804871542
2023-07-17,14,24,0.32298271975761783
2023-05-17,12,153,0.905761199307882
2023-10-09,20,86,0.7681285255960318
2023-03-06,6,184,0.2517031847518151
2023-01-07,2,166,0.3293774542357383
2023-06-28,25,31,0.3099457957226257
2023-01-22,8,44,0.4104326813289296
2023-12-03,1,39,0.6443366426293289
2023-06-22,23,78,0.7291574202235285
2023-03-05,14,2,0.8739681774952496
2023-09-20,24,97,0.24187625020786152
2023-11-04,25,80,0.3142723115159086
2023-08-06,17,142,0.1934087918861006
2023-11-22,3,195,0.06053066064930834
2023-12-26,3,72,0.8457270456892934
2023-06-08,16,163,0.8879110275851032
2023-02-03,8,114,0.24691014337834305
2023-10-21,1,38,0.9453355973959393
2023-05-29,14,104,0.8787995253050808
2023-07-17,19,168,0.5337395199194302
2023-03-07,10,77,0.4771228248280921
2023-09-24,19,37,0.31391655415809894
2023-05-04,10,23,0.9707619220776698
2023-12-29,8,40,0.6560973127773602
2023-03-09,17,31,0.515946768851741
2023-08-06,3,107,0.02540671172861786
2023-09-29,9,174,0.3040343448712448
2023-03-16,22,187,0.584465595378505
2023-12-10,4,89,0.19508764070464113
2023-02-05,13,65,0.025824444285268755
2023-08-21,8,189,0.4416656562374546
2023-07-26,23,116,0.6082929109696853
2023-06-30,3,162,0.3276262423998899
2023-04-08,11,71,0.47500844640407014
2023-04-17,14,192,0.183093342366196
2023-05-07,20,136,0.25937988494495423
2023-06-05,2,161,0.8891315337241322
2023-05-08,17,75,0.9083121749926448
2023-10-25,18,112,0.9769523871226439
2023-07-13,14,24,0.8315755387464298
2023-04-19,4,176,0.8877177316657772
2023-01-19,9,43,0.16940404149974042
2023-12-01,3,130,0.024039674111408393
2023-08-17,6,103,0.54114355987323
2023-06-22,13,197,0.01627242108769078
2023-06-15,19,163,0.09777742384712051
2023-05-10,3,118,0.058362374214560475
2023-08-09,25,168,0.39955763071074524
2023-06-16,4,107,0.9483870495519281
2023-03-11,24,118,0.1485436099597356
2023-05-05,5,82,0.32413302726238113
2023-01-01,9,190,0.9950112814230546
2023-04-04,10,61,0.2935406554809743
2023-09-12,22,84,0.19718918001644448
2023-05-19,11,155,0.556471254439481
2023-05-14,11,136,0.0914429056764261
2023-12-18,11,169,0.07996499077072283
2023-03-02,20,130,0.37672682333179086
2023-09-10,1,18,0.0988791451494676
2023-11-29,19,66,0.6869219227859285
2023-02-24,12,77,0.4902591126044854
2023-11-30,17,182,0.16090152841193595
2023-10-29,8,49,0.026057878565632575
2023-12-04,23,89,0.35916884654115866
2023-07-06,15,86,0.5009141284906297
2023-04-03,6,112,0.03934769128170301
2023-02-05,3,20,0.9253891317335999
2023-08-06,2,74,0.5419142742957079
2023-12-24,14,85,0.9329320762753361
2023-07-16,9,102,0.05962042242898791
2023-11-02,22,159,0.4648299556375892
2023-12-29,9,130,0.9241083247148677
2023-12-16,4,36,0.45579768962694345
2023-03-12,12,176,0.7303517339759172
2023-08-15,4,26,0.4292121858003577
2023-09-06,9,99,0.1563569535464141
2023-08-25,8,65,0.043317383064205406
2023-01-28,7,130,0.8235173126424227
2023-04-21,4,170,0.7538591389219828
2023-10-04,17,76,0.8233036449046096
2023-02-07,10,69,0.8946432357499252
2023-10-14,1,195,0.32469529996284396
2023-06-25,8,71,0.31815137735277377
2023-08-09,17,77,0.20909212365376195
2023-08-04,21,32,0.30832859927558287
2023-05-19,21,119,0.42663657164649915
2023-10-04,4,145,0.9692521323751021
2023-05-18,18,1,0.2720210863542898
2023-06-06,21,42,0.7534587510676932
2023-02-26,18,24,0.49329850759872995
2023-12-22,17,141,0.5287568869541364
2023-05-05,12,22,0.2413718861325147
2023-06-02,17,30,0.14524078911354366
2023-11-12,2,68,0.7980199768891378
2023-08-12,15,171,0.7804987529255356
2023-07-14,15,188,0.1626705845630917
2023-02-12,14,67,0.3876681803713212
2023-08-05,1,82,0.5248039188108488
2023-11-16,18,135,0.0725046987815221
2023-06-24,18,138,0.0751424667569155
2023-03-07,24,114,0.5941696918864657
2023-05-16,25,6,0.37712068508931473
2023-11-28,18,93,0.5660821482210306
2023-11-05,22,124,0.8759885872682622
2023-12-08,17,31,0.3107073550374496
2023-01-11,20,28,0.5237639681305185
2023-04-11,19,150,0.43537965694044634
2023-04-23,16,102,0.8578411358534714
2023-05-28,11,106,0.024390155776416456
2023-03-17,20,140,0.8427473577656966
2023-06-30,18,3,0.19595712164602674
2023-03-22,6,24,0.251582229612729
2023-10-15,5,194,0.5058215580456377
2023-01-30,8,116,0.18880006896241974
2023-04-11,1,71,0.41739702762924724
2023-04-21,5,53,0.3343077994028797
2023-01-15,22,151,0.6435053692861127
2023-03-21,11,127,0.9663265589923318
2023-09-03,9,23,0.3267594358407434
2023-12-12,22,108,0.5424057899405574
2023-06-02,16,98,0.287226064829772
2023-10-10,3,100,0.4963832165856422
2023-04-03,3,142,0.0419376594826516
2023-04-24,1,153,0.24791737526103996
2023-08-28,3,21,0.11570724675477695
2023-07-09,19,118,0.2451159377083122
2023-10-15,13,148,0.6551685029672834
2023-03-11,2,119,0.6077386195722274
2023-01-07,20,100,0.1820667716855927
2023-03-22,10,103,0.2764669347754132
2023-05-02,3,110,0.9264327337364351
2023-06-16,13,136,0.13937393643983687
2023-06-09,3,40,0.7175304437487031
2023-07-17,20,9,0.3173637179040878
2023-02-02,5,44,0.9302687688211331
2023-02-15,6,47,0.8600801074108586
2023-03-12,21,111,0.9385199655035831
2023-12-10,18,21,0.8206691973480958
2023-04-14,21,48,0.32598966628605786
2023-01-13,18,40,0.6063770788229077
2023-01-20,19,128,0.33954074113601884
2023-08-03,9,174,0.28115398138083736
2023-12-23,4,149,0.050092342752766195
2023-11-23,21,128,0.39714889722532754
2023-08-08,25,19,0.15701939423320632
2023-03-03,11,169,0.8957038273914487
2023-07-20,13,173,0.8152614638861327
2023-10-16,13,168,0.5492677779347773
2023-08-12,10,142,0.34463736333122863
2023-03-19,21,59,0.38882219806999974
2023-02-11,17,163,0.7875681595939212
2023-06-19,4,105,0.7165283671294052
2023-07-12,8,48,0.7778737066969295
2023-06-13,1,181,0.6618292272885157
2023-06-16,15,175,0.5116294612143861
2023-04-15,16,177,0.40433534789466163
2023-05-18,10,92,0.19514583662235063
2023-05-27,18,26,0.010311580462679326
2023-12-06,12,191,0.9023972220401327
2023-09-26,4,47,0.9648895251977104
2023-08-16,13,7,0.2945339562689845
2023-09-13,6,139,0.3557054771564817
2023-04-12,21,98,0.2516516280430602
2023-06-04,4,146,0.9341966964337319
2023-02-14,21,10,0.7641278720662102
2023-06-06,13,42,0.07847717373197705
2023-06-25,14,179,0.5588846982951973
2023-05-25,9,36,0.21160401169571252
2023-02-15,25,10,0.8734673223650148
2023-01-27,1,84,0.577482341100086
2023-11-18,7,23,0.8227003632124865
2023-08-06,25,125,0.02282988716341383
2023-06-01,14,146,0.934444652340994
2023-01-27,23,116,0.6467002400188002
2023-12-29,21,165,0.7800073243024649
2023-09-09,1,172,0.025367428972205674
2023-03-18,15,128,0.6969004377879461
2023-02-08,20,109,0.37748407918238835
2023-03-08,11,18,0.9082686804668507
2023-07-02,17,162,0.3955054195515585
2023-04-29,4,24,0.7544322109544244
2023-04-03,25,18,0.3735870163129512
2023-02-07,12,181,0.5781349920551246
2023-07-02,12,118,0.870743757201815
2023-09-28,15,11,0.9320175548578707
2023-07-17,7,76,0.2786419869166198
2023-05-10,6,106,0.15653168561653708
2023-02-16,4,66,0.17371558290641953
2023-07-25,11,28,0.8894481982522446
2023-02-16,8,100,0.8083189257410507
2023-12-21,7,105,0.4781447485067867
2023-10-30,11,83,0.819824167649651
2023-11-18,15,139,0.628117379758655
2023-07-17,3,174,0.9868357446059195
2023-07-10,10,39,0.16022397267069333
2023-11-30,10,182,0.6711785596389535
2023-04-08,13,127,0.8865096768161315
2023-05-01,4,116,0.5746189666692053
2023-01-15,14,98,0.9650701104132243
2023-01-31,16,117,0.5624794880475171
2023-10-07,24,181,0.03841506324877508
2023-07-31,17,105,0.328104428828637
2023-01-04,23,146,0.3037186931132325
2023-05-26,18,27,0.897842856655957
2023-05-14,24,124,0.17451758520725158
2023-01-17,23,162,0.7481986764662968
2023-04-15,2,176,0.8102398564972756
2023-10-18,12,181,0.6449604523326821
2023-12-26,5,197,0.9025400291261504
2023-04-22,13,42,0.7243641434278066
2023-04-15,2,97,0.16038572685267993
2023-08-31,25,182,0.023491610024992005
2023-10-27,13,175,0.2478502895264827
2023-03-17,6,135,0.836100192196958
2023-08-07,14,127,0.5094208521614165
2023-05-09,12,64,0.6813098595328927
2023-12-18,6,59,0.7634680810088487
2023-03-06,12,97,0.30150580325876397
2023-07-22,7,7,0.8151090132750951
2023-01-26,1,114,0.370316261337861
2023-06-17,20,162,0.918987131996105
2023-10-05,13,189,0.8730856557680433
2023-11-29,21,133,0.22337288418561374
2023-09-15,24,43,0.01796529741979469
2023-11-29,6,100,0.186231137213138
2023-11-20,10,91,0.08682516212128388
2023-08-27,7,118,0.38864832141580785
2023-06-06,13,54,0.19213342899581787
2023-10-08,13,121,0.7468705628294718
2023-01-04,1,164,0.5388881479920629
2023-06-03,16,140,0.7701214743977561
2023-02-22,3,18,0.1772123997787418
2023-05-25,22,100,0.14464294367643338
2023-08-09,19,119,0.1864336083198963
2023-04-13,5,138,0.4098092188574842
2023-05-22,18,187,0.9314768067918604
2023-08-17,21,45,0.9854470905414335
2023-09-30,25,44,0.2630743086060625
2023-06-04,10,155,0.11782276713381878
2023-10-21,16,62,0.24565456974502342
2023-02-17,7,13,0.3564691240103891
2023-08-15,23,5,0.9129585109580951
2023-09-11,14,182,0.0575723778445284
2023-03-23,2,65,0.142691098323115
2023-06-02,12,96,0.43784936012296993
2023-03-14,19,187,0.009493639540463894
2023-03-24,23,173,0.8958901084963992
2023-12-20,13,140,0.6773719366652042
2023-02-08,23,164,0.9637461310535343
2023-03-16,7,101,0.5417286753012742
2023-07-31,17,158,0.750663714935846
2023-10-15,13,176,0.04236663819148068
2023-08-25,15,96,0.8774507181801231
2023-03-13,10,10,0.908909706141304
2023-06-06,23,95,0.01232642522274352
2023-02-24,11,38,0.046703237304627
2023-09-16,10,97,0.028683599455021414
2023-07-16,18,89,0.58700358627476
2023-07-10,10,53,0.23804984126519013
2023-11-25,6,50,0.870545529935184
2023-04-09,17,71,0.9131618612537358
2023-08-29,11,57,0.06697886225662053
2023-06-08,14,169,0.9884680596430433
2023-08-24,14,70,0.2950316339323752
2023-07-18,20,83,0.41416259150073476
2023-02-18,3,72,0.2081878562301519
2023-07-12,9,106,0.8435080732355124
2023-06-20,18,186,0.5201317631023892
2023-06-08,17,50,0.8222533544893057
2023-09-18,5,22,0.861119761570024
2023-11-27,7,96,0.5908305354005888
2023-05-15,11,33,0.9804008666481059
2023-05-19,25,66,0.5123342845651085
2023-04-08,15,106,0.7306552937539832
2023-02-12,20,41,0.6575977890598412
2023-09-16,2,64,0.7734005225462134
2023-05-11,10,147,0.07331508373755291
2023-08-18,10,173,0.0649697359945185
2023-09-19,20,126,0.6999159794176615
2023-07-17,11,149,0.8893827746541445
2023-09-17,12,118,0.8959795841319853
2023-10-16,12,16,0.5426089415068096
2023-06-10,15,51,0.7116787822226518
2023-06-09,25,181,0.46866770266873536
2023-01-27,6,168,0.1585922405291441
2023-06-29,12,95,0.9161960087595593
2023-11-07,3,195,0.8230486656279979
2023-06-07,19,13,0.21162768248195918
2023-05-18,20,84,0.06229836440074343
2023-12-14,10,37,0.6773106916839742
2023-09-13,18,189,0.318549818095503
2023-04-10,20,171,0.6433775511273477
2023-07-07,21,20,0.9778858874430161
2023-12-27,7,33,0.9025130759154529
2023-03-03,10,75,0.6049034562316692
2023-01-29,25,185,0.9739141686107136
2023-06-22,10,47,0.47190542855295325
2023-11-11,9,112,0.10956601591072623
2023-02-04,14,86,0.7231810148193508
2023-01-11,25,70,0.5666360824735979
2023-09-19,24,182,0.863049171294657
2023-06-15,24,30,0.8420533878511158
2023-06-16,10,197,0.15224632906005664
2023-04-08,8,156,0.12925245286256293
2023-09-01,2,129,0.4173478800133623
2023-03-25,22,156,0.45077678077675376
2023-07-19,13,63,0.7365680622418882
2023-03-21,22,52,0.8108327813546821
2023-12-30,5,33,0.324062134755874
2023-01-28,6,39,0.5023621361641529
2023-05-15,8,140,0.9844281668265266
2023-02-07,24,150,0.8475879576714559
2023-07-11,16,43,0.6170315197321394
2023-01-19,22,150,0.09346257331495034
2023-01-23,20,7,0.5811708863768957
2023-12-19,15,112,0.640163907820455
2023-04-06,2,5,0.03754936826824551
2023-11-29,21,160,0.04733174036725141
2023-02-26,2,34,0.046350341237188286
2023-09-14,7,86,0.6956956741110266
2023-11-17,19,132,0.15221682025192396
2023-09-05,16,8,0.8422617299089995
2023-12-20,15,40,0.7940811998998963
2023-12-11,15,51,0.2208672712517712
2023-11-27,19,78,0.748237068190963
2023-12-03,18,28,0.8858954872004342
2023-11-30,16,13,0.9066875275108319
2023-02-24,20,96,0.6511661337365313
2023-03-13,10,55,0.3993462158134693
2023-04-15,14,152,0.4023725481396967
2023-08-23,3,99,0.43236582120728684
2023-10-28,21,8,0.6518675393926293
2023-10-08,12,37,0.8944283970603358
2023-03-26,15,176,0.7533370666705257
2023-12-20,13,154,0.9457878786621681
2023-07-07,17,102,0.09076782598047439
2023-08-30,9,49,0.8554053534330616
2023-11-20,18,125,0.7801508772532334
2023-04-03,10,38,0.9242211558717041
2023-11-21,22,28,0.3937247254240841
2023-12-17,6,190,0.2530959858414764
2023-07-22,11,34,0.2034901719863862
2023-06-10,12,108,0.11723544524085294
2023-09-28,22,130,0.9588024594750243
2023-11-08,17,136,0.48561681045277316
2023-08-29,24,87,0.7197379204773581
2023-07-02,5,70,0.3545091670399194
2023-11-03,19,72,0.2921978219866077
2023-07-14,8,162,0.8187454858212558
2023-06-18,14,67,0.8531475699354547
2023-02-05,11,168,0.8511769169852473
2023-07-20,3,77,0.6154172070140332
2023-10-11,20,8,0.7964240115012211
2023-03-13,2,80,0.18250860214292086
2023-09-17,8,79,0.5565949760568122
2023-06-03,16,196,0.9964495975593899
2023-05-26,16,127,0.5027597333410732
2023-08-22,12,129,0.6961100864177805
2023-09-15,14,82,0.37852862018929545
2023-08-23,19,169,0.6536791250716357
2023-03-12,8,155,0.1335661379817057
2023-11-15,7,170,0.3732321636216084
2023-04-22,21,84,0.9834470289667651
2023-03-13,15,168,0.8981148488164515
2023-02-16,17,11,0.2946295504991997
2023-09-15,1,90,0.9123331150718114
2023-04-18,21,78,0.06565064964694667
2023-01-30,2,14,0.7183346076208661
2023-04-13,25,166,0.2377814467060333
2023-08-21,17,91,0.0668614973997046
2023-08-01,18,139,0.16097089876311976
2023-07-24,13,103,0.33500422016550935
2023-12-11,12,84,0.08582723807229076
2023-06-30,18,92,0.9522989187290138
2023-02-05,9,189,0.16639813023871175
2023-11-04,6,172,0.039767745877253735
2023-09-21,15,116,0.5030083767451968
2023-11-10,3,90,0.9740330197230779
2023-12-04,6,81,0.23813938036396787
2023-02-17,25,130,0.420588404754203
2023-05-03,6,12,0.3571800873785671
2023-01-06,21,56,0.06547979361699596
2023-11-19,16,49,0.9109916721068764
2023-12-30,22,12,0.6180550396703332
2023-09-30,4,28,0.7780074357244237
2023-05-25,22,95,0.8665370871340053
2023-12-27,18,126,0.47990215857427243
2023-03-12,14,108,0.9378760752978977
2023-03-21,12,160,0.8265277379907451
2023-03-11,9,13,0.00654873241400733
2023-11-21,17,56,0.6339446485644966
2023-02-03,21,56,0.4257236639687628
2023-07-15,16,61,0.9039119630359076
2023-05-26,14,8,0.8401314359940517
2023-03-17,24,62,0.9198719284777105
2023-09-07,21,146,0.5263826663032006
2023-05-29,23,100,0.6491431849364541
2023-06-27,7,80,0.8504537273239502
2023-01-28,9,77,0.07778982617084496
2023-06-09,23,60,0.7242482592595164
2023-06-20,8,33,0.17085482966336585
2023-10-01,23,23,0.04678907638220442
2023-04-01,9,162,0.8485330864929485
2023-01-08,23,16,0.9026868629498043
2023-04-08,24,64,0.691426584052028
2023-09-09,19,61,0.17965853898893924
2023-04-23,25,65,0.11449302282765506
2023-09-04,25,113,0.2576428846817961
2023-06-02,8,186,0.5085619111871174
2023-08-19,23,57,0.8666336502640065
2023-12-10,1,145,0.062090706895501335
2023-04-06,5,83,0.44844741697444723
2023-03-07,13,4,0.5107525559136817
2023-06-24,18,15,0.8382025057989562
2023-07-02,10,29,0.6332984780297976
2023-03-14,8,78,0.1259806160300525
2023-10-13,23,12,0.8066887605865809
2023-04-04,9,69,0.4461352777432568
2023-01-13,2,89,0.5931235185781379
2023-01-22,17,195,0.5550946347017317
2023-02-26,24,85,0.282733389770917
2023-11-14,4,63,0.16332977492638123
2023-10-13,20,73,0.2582678137946165
2023-11-13,24,157,0.39062536032383344
2023-05-04,12,97,0.6445006704800872
2023-10-19,20,103,0.7509997836105714
2023-07-25,17,62,0.848934804043415
2023-07-26,13,119,0.6269957001296989
2023-08-07,9,15,0.5100980466780286
2023-12-13,7,200,0.4095621783529618
2023-01-24,4,163,0.1507976364403235
2023-08-02,12,139,0.4842997334232976
2023-01-13,3,82,0.7949745551613716
2023-05-28,19,101,0.5455673073012252
2023-03-20,20,8,0.40211026149749474
2023-08-28,5,139,0.37610781108131397
2023-05-19,11,194,0.5858192542371871
2023-06-09,17,27,0.38657859945569084
2023-09-30,22,90,0.592657649230355
2023-01-29,20,117,0.03843084432978083
2023-08-11,21,198,0.7742003074993936
2023-03-13,24,139,0.7852918914029199
2023-08-14,10,69,0.9397494197621918
2023-11-11,13,178,0.4212044728491642
2023-03-26,2,119,0.7510285488067225
2023-08-24,5,99,0.27664590878723716
2023-07-28,12,9,0.4802647398657319
2023-02-02,2,68,0.6445562036630854
2023-08-09,22,56,0.6677113265775692
2023-02-10,16,18,0.05931750025544069
2023-07-20,8,114,0.20354491488043636
2023-05-26,12,28,0.9368493568212659
2023-05-03,23,107,0.9765246251598645
2023-09-01,12,16,0.21100071534817988
2023-02-19,11,129,0.5115858692952965
2023-09-20,9,181,0.8174264104035428
2023-01-20,15,195,0.5999213304778638
2023-07-07,10,163,0.7287671065653961
2023-08-18,8,76,0.12589286830855329
2023-07-17,15,106,0.6774687550306782
2023-03-19,19,58,0.1342491782367835
2023-12-06,15,79,0.05666914276288382
2023-10-10,7,87,0.9991629991832514
2023-08-05,24,152,0.48027055994826995
2023-09-10,22,154,0.5779786121627646
2023-03-24,20,42,0.9196305978779449
2023-09-26,14,106,0.915676109234629
2023-09-04,22,113,0.2515649121383897
2023-06-04,5,177,0.5821889362617655
2023-04-03,18,163,0.36038409655602943
2023-01-24,8,169,0.9098410092788105
2023-05-01,6,22,0.49530671395538584
2023-03-31,21,75,0.48092678272846134
2023-11-06,1,51,0.2757150423908453
2023-11-01,7,155,0.9112439519855074
2023-06-08,12,164,0.9954478079997706
2023-02-08,17,35,0.5180625135299209
2023-03-28,11,137,0.6940547214840549
2023-03-30,21,182,0.0251409042491616
2023-05-06,22,156,0.4016127236381404
2023-11-16,9,46,0.3404591239563407
2023-11-26,16,91,0.7498774407611571
2023-03-03,18,29,0.3757880620352191
2023-04-04,6,19,0.7146650960356007
2023-09-20,21,116,0.20163868657221917
2023-03-14,11,122,0.9496962682374811
2023-01-19,1,74,0.43195850895862575
2023-06-23,7,48,0.42192018891474703
2023-06-17,22,159,0.622141175609389
2023-10-10,10,195,0.01681013093813144
2023-05-29,12,124,0.404166268476141
2023-07-10,22,61,0.2855794036931336
2023-01-17,13,99,0.9860063670351221
2023-10-27,7,39,0.2301564028878813
2023-04-07,4,121,0.23527673493782963
2023-09-21,5,103,0.33899734035477413
2023-02-28,12,145,0.8431378729956984
2023-12-05,15,174,0.8096560596980897
2023-09-14,24,127,0.8898042531859488
2023-09-17,15,9,0.4448488739548603
2023-11-21,2,51,0.3928357400709904
2023-08-21,23,10,0.4399301600733294
2023-07-13,1,195,0.20177620275211006
2023-06-11,24,152,0.7915287045692575
2023-09-20,25,48,0.853794266386697
2023-06-27,16,5,0.7459431223225053
2023-03-08,14,131,0.6792295657428815
2023-02-11,21,194,0.3385891947013324
2023-06-30,25,142,0.3105534110748107
2023-05-13,9,141,0.06620703225925118
2023-10-22,7,29,0.8128764701100147
2023-02-02,5,165,0.4885025251958669
2023-10-01,7,88,0.21173429140289646
2023-10-27,24,9,0.6729723199285746
2023-02-07,7,148,0.2855104988395568
2023-06-20,18,61,0.8886010628246921
2023-12-11,5,151,0.17573755942272085
2023-01-14,14,119,0.41341761340943195
2023-09-04,1,116,0.9732845968113
2023-05-30,5,35,0.9247562600595547
2023-08-21,23,65,0.8975001156666698
2023-07-08,9,74,0.48579171756331907
2023-05-24,10,37,0.4746961302054683
2023-08-31,21,70,0.7795781921030709
2023-12-04,20,32,0.13013046696029662
2023-12-05,13,53,0.3648892536715017
2023-03-17,17,24,0.9636791168870663
2023-06-06,6,150,0.4652528663156431
2023-05-21,4,29,0.23899185612971185
2023-12-29,2,150,0.9590227562825834
2023-07-05,4,133,0.5122209305214145
2023-09-12,14,169,0.17612474131041767
2023-08-12,17,167,0.9404435940996916
2023-05-20,3,160,0.43235197001511383
2023-01-28,14,52,0.34499415438536607
2023-10-04,18,131,0.3016729651312503
2023-04-12,8,48,0.5057197409674545
2023-01-19,8,123,0.19411861634798988
2023-08-05,13,32,0.2660303367073745
2023-10-03,25,171,0.814960124225334
2023-04-13,9,182,0.3070154532295265
2023-03-05,24,127,0.5526790506909445
2023-07-23,16,159,0.37358938157426147
2023-06-23,18,150,0.44324326000750935
2023-01-01,16,32,0.6989225748306199
2023-04-04,3,143,0.4297786186515872
2023-04-13,18,25,0.2037228069466651
2023-11-20,6,55,0.5781451880659505
2023-07-30,12,138,0.7248864521428782
2023-02-19,25,173,0.0654222585336347
2023-12-01,1,83,0.19001346147839948
2023-04-22,9,8,0.5549381755794008
2023-05-07,22,39,0.5382744375439834
2023-06-04,19,8,0.5828456037563886
2023-12-19,19,162,0.02919855301419494
2023-04-06,9,185,0.052778985249261834
2023-08-30,17,162,0.8274568319869661
2023-12-22,24,134,0.5409316921894517
2023-04-18,23,63,0.5185448283151154
2023-08-10,1,96,0.2925419127958869
2023-04-20,12,172,0.6505935515491607
2023-10-25,24,19,0.2743442882123397
2023-11-25,1,146,0.008031027007611491
2023-06-29,18,42,0.6455467215685969
2023-09-23,8,78,0.6154111458779974
2023-10-15,3,9,0.7517885813061949
2023-04-05,24,50,0.7656983714247552
2023-02-17,25,7,0.4366148163080569
2023-08-15,19,120,0.8209015587595974
2023-10-05,17,19,0.7724330345291706
2023-08-16,12,170,0.371753053412618
2023-02-03,6,103,0.7745595209801713
2023-09-27,23,146,0.4500069937348167
2023-05-01,15,11,0.5620366040487302
2023-10-14,5,78,0.9044769418293239
2023-06-22,22,117,0.49086384822363704
2023-08-16,15,41,0.5853704631407067
2023-03-27,11,3,0.7514954791328946
2023-06-10,23,200,0.6899173835575838
2023-04-15,17,158,0.7162523342160395
2023-05-14,17,90,0.16897147156145087
2023-07-07,10,182,0.6541714148635439
2023-10-05,10,145,0.06767325314780992
2023-09-01,5,179,0.4538700595492543
2023-03-09,16,74,0.011567804656896219
2023-04-17,15,176,0.15148020802460072
2023-11-19,6,4,0.4051555723271639
2023-05-10,10,23,0.23661321163763804
2023-07-07,5,49,0.5547090578527252
2023-05-30,14,58,0.3040787954729287
2023-09-05,10,39,0.255697880342032
2023-02-14,19,51,0.4199335221750412
2023-01-09,22,46,0.14001912173507347
2023-05-16,19,86,0.3581064578110583
2023-03-28,8,25,0.005497297434375437
2023-01-14,7,132,0.40948507921080857
2023-03-29,6,109,0.8535238132233962
2023-12-02,7,14,0.20360616560211753
2023-07-01,1,76,0.8952921310671897
2023-12-07,11,176,0.8514976170395561
2023-11-23,19,42,0.8245003317790797
2023-03-20,2,165,0.14036636403831737
2023-08-13,3,79,0.8619002224253616
2023-01-27,12,185,0.6003582140592646
2023-07-26,11,66,0.528691935697747
2023-02-12,8,122,0.12305786562969734
2023-11-05,3,40,0.3167689572541621
2023-07-09,11,192,0.7597153312232406
2023-08-10,20,131,0.6713462720222757
2023-12-13,3,103,0.9181060088014745
2023-07-01,20,142,0.930446110715666
2023-04-20,12,32,0.29717788424798264
2023-10-08,2,28,0.686999067338212
2023-01-09,4,108,0.5669448759745226
2023-02-11,18,144,0.1507809156298775
2023-07-10,9,19,0.4152141929233164
2023-06-11,23,155,0.9606740879071449
2023-01-06,24,25,0.7484159993833457
2023-11-06,8,24,0.47293186716752633
2023-07-01,4,94,0.11896852572953198
2023-04-25,13,119,0.7840399502906273
2023-11-26,14,175,0.0021018813482589493
2023-02-20,7,152,0.5278736233365275
2023-08-23,8,71,0.6619153366703432
2023-06-04,4,131,0.24180270673096282
2023-10-01,19,159,0.8840048784111417
2023-08-01,17,180,0.489380358346439
2023-01-10,22,143,0.2835615178488706
2023-05-19,12,165,0.8859385774548962
2023-06-10,2,132,0.850745560068765
2023-08-07,7,7,0.8341249471730923
2023-04-17,1,116,0.4820665795567398
2023-10-31,4,32,0.27352670802524903
2023-12-18,19,108,0.7105170572032551
2023-10-07,10,13,0.9942490418067362
2023-02-21,16,84,0.3119221416279755
2023-04-18,7,102,0.2520589027522858
2023-03-29,25,74,0.41183886032986217
2023-01-16,11,79,0.868252223455527
2023-07-26,3,55,0.04640510860334346
2023-11-27,19,31,0.040026746801808066
2023-03-20,13,115,0.194475722478044
2023-06-27,22,144,0.26243016653796725
2023-05-21,15,193,0.3824462356585705
2023-03-24,13,32,0.8732781191332508
2023-12-06,13,24,0.07037343388539496
2023-10-30,19,60,0.18842267586068784
2023-03-18,4,117,0.01599731748009181
2023-01-25,22,174,0.9854515008804976
2023-03-25,20,69,0.4042443543656816
2023-11-29,3,140,0.6948788642546416
2023-11-22,6,189,0.5264915009130542
2023-09-20,4,33,0.0679687642177994
2023-12-19,9,77,0.8905831615473535
2023-12-05,3,17,0.00504619826625774
2023-09-15,15,73,0.018859430808297106
2023-05-21,23,105,0.43086693868915293
2023-04-09,19,136,0.511910671384409
2023-05-05,25,134,0.766843517041689
2023-09-14,3,130,0.20368756004769917
2023-05-19,14,200,0.5285204122843888
2023-05-26,21,178,0.66190312866482
2023-03-30,23,107,0.5113397983172402
2023-07-19,9,24,0.30271529589139523
2023-01-13,18,195,0.9330662428695087
2023-10-19,22,6,0.8472930275020714
2023-11-10,18,83,0.46798406766409373
2023-06-24,2,121,0.9608726076372449
2023-06-14,25,16,0.1962797043004879
2023-03-10,3,160,0.4830160265915515
2023-04-24,24,55,0.5809498596555037
2023-11-19,5,162,0.962320347263628
2023-09-01,20,154,0.11506616345097287
2023-12-01,19,47,0.5001885447817853
2023-10-06,25,31,0.3984263760067588
2023-10-07,6,101,0.029732168006405657
2023-06-03,7,45,0.47730261901634796
2023-02-06,5,193,0.20349017911759126
2023-02-23,13,117,0.12185727964165383
2023-08-19,5,193,0.3125118180422599
2023-10-20,1,2,0.05775756373174146
2023-02-18,3,197,0.22337315322847784
2023-08-26,2,96,0.21867330010606612
2023-09-13,7,159,0.14970775687811733
2023-05-12,2,92,0.6235889847599018
2023-01-30,14,132,0.3173624080164156
2023-02-04,17,99,0.6133552634717555
2023-02-19,4,168,0.5242791246172693
2023-07-24,13,79,0.48204733566200575
2023-11-24,21,47,0.47392676734778805
2023-02-19,2,57,0.6044704742192666
2023-01-06,8,83,0.6987499646524042
2023-07-28,23,27,0.04011244634634359
2023-01-26,3,17,0.850466465824043
2023-04-24,5,89,0.43278612114262704
2023-09-24,13,56,0.3245529385542125
2023-01-16,10,166,0.16196257238045586
2023-08-19,1,37,0.9645345093480558
2023-04-02,10,42,0.5826654709153981
2023-01-07,14,106,0.5315742583857275
2023-01-31,4,178,0.011986317668658875
2023-03-27,20,144,0.1705450254892621
2023-09-24,23,34,0.20377499961821632
2023-11-10,9,178,0.476849414556608
2023-02-25,10,193,0.9958922177357993
2023-11-06,14,189,0.508518558816613
2023-12-14,19,107,0.0346275660580776
2023-05-30,1,127,0.5742464731481054
2023-06-03,22,108,0.8352951599587457
2023-07-23,1,128,0.5816188226813654
2023-09-22,4,130,0.5557027458414984
2023-10-05,14,98,0.1847600427227417
2023-08-08,13,110,0.42137617776397374
2023-10-20,4,188,0.22699933328751465
2023-12-28,9,171,0.3695236144072084
2023-05-26,19,63,0.577230422289323
2023-05-01,19,43,0.7110339928582008
2023-01-01,8,124,0.24082644599236125
2023-10-28,13,92,0.8589012786709287
2023-07-03,14,29,0.13772659622770056
2023-05-02,5,128,0.065264073550371
2023-06-27,8,53,0.010973994977333756
2023-02-24,12,69,0.27648809248272366
2023-12-15,20,38,0.9665657891305717
2023-11-18,7,150,0.26281007228460074
2023-03-21,8,14,0.5432365771779715
2023-10-10,2,135,0.424921307534035
2023-09-28,23,158,0.6656904017246497
2023-11-07,23,111,0.8924580302020546
2023-04-20,4,48,0.17406593315572882
2023-08-10,6,57,0.98599879728611
2023-12-24,12,185,0.03346582986556146
2023-05-06,3,63,0.13188934837236688
2023-07-12,24,137,0.22753536917479944
2023-09-24,1,81,0.04227344441699843
2023-11-02,9,122,0.21435241842343955
2023-03-26,21,36,0.31510890942523606
2023-05-01,16,35,0.9236339739900102
2023-07-08,2,173,0.6952274952041873
2023-12-23,16,115,0.4965602936730912
2023-04-08,16,110,0.7942653070565922
2023-03-15,5,180,0.1594586644757927
2023-10-02,6,160,0.6133327171210828
2023-05-26,20,112,0.7740352919383875
2023-02-08,4,20,0.7641316256339853
2023-02-14,8,148,0.5450119502444298
2023-10-21,23,190,0.7946541899755584
2023-08-31,4,3,0.8964989290386185
2023-12-23,5,191,0.989816255760891
2023-04-30,2,196,0.44404498091876876
2023-10-19,20,91,0.7079371372894941
2023-07-19,10,121,0.450711812023456
2023-09-23,25,114,0.698637509688068
2023-12-08,22,130,0.2004267499336072
2023-07-02,21,189,0.3145224506030023
2023-06-11,20,125,0.7909047220418786
2023-01-16,24,116,0.6845626044718873
2023-12-01,15,27,0.9791785499032842
2023-01-20,20,162,0.450337875621852
2023-06-17,17,44,0.7907268012179863
2023-10-10,5,137,0.3148578346673119
2023-06-30,8,76,0.10430711578324348
2023-11-06,3,61,0.26855477770694347
2023-09-08,9,97,0.8102427704820108
2023-01-03,4,122,0.5944761574956474
2023-04-07,7,103,0.7399178545683475
2023-04-30,24,71,0.16846354198429792
2023-05-06,20,51,0.2640156902042735
2023-10-09,14,65,0.3284198025552014
2023-12-19,16,196,0.19284425662097915
2023-09-06,15,67,0.13072259224246574
2023-04-01,1,113,0.3039886277624192
2023-06-04,14,33,0.006851524846557933
2023-12-25,23,18,0.2672763669846312
2023-10-05,16,118,0.8463712257510011
2023-08-31,18,176,0.6886143864659123
2023-03-26,14,138,0.24313614695794028
2023-08-11,5,195,0.257445490717502
2023-12-16,23,112,0.7326601832278721
2023-08-09,5,193,0.6383909525095495
2023-11-15,12,71,0.39394862839692524
2023-02-10,1,178,0.4719951122059777
2023-08-23,20,25,0.0009898874866521856
2023-03-23,20,24,0.17192377794424318
2023-06-05,1,128,0.3666069892720296
2023-06-15,9,34,0.4985943193168336
2023-02-21,12,83,0.6059079655418483
2023-01-03,24,157,0.7594135192885048
2023-10-03,10,30,0.8193253139430917
2023-06-17,12,147,0.44505062426752817
2023-12-19,11,47,0.9816763906293047
2023-03-24,12,86,0.03570973552567758
2023-12-25,25,53,0.7471863537293782
2023-06-10,17,140,0.34102221312574466
2023-05-07,25,63,0.34580433954688117
2023-03-06,21,177,0.7467827477667058
2023-08-26,3,53,0.07885386272836914
2023-04-22,10,173,0.8469228365479312
2023-12-13,14,90,0.8656774489608433
2023-05-22,7,28,0.31300553777315054
2023-06-11,21,156,0.210471130208714
2023-03-23,8,159,0.06067270149089732
2023-08-28,14,122,0.772640896558729
2023-12-17,14,166,0.99778477491796
2023-09-18,15,61,0.8957062800608181
2023-05-09,4,81,0.5533501458839847
2023-06-20,18,189,0.2329166260722796
2023-02-09,6,25,0.9091596845430117
2023-06-09,18,30,0.8225111198499071
2023-09-29,21,172,0.8734345486727351
2023-10-29,10,26,0.4669111586193887
2023-05-13,2,91,0.2592954702715148
2023-06-13,16,4,0.790492465998399
2023-08-27,13,10,0.6707426912729798
2023-04-12,24,82,0.15958146267769902
2023-07-11,18,86,0.5355681660649176
2023-02-12,11,143,0.7112829359295301
2023-03-16,6,52,0.08118342121961164
2023-11-06,4,14,0.5639981314146572
2023-05-17,9,142,0.6586865296157255
2023-01-23,2,165,0.14919781600347348
2023-05-25,7,29,0.3028330559877267
2023-12-26,14,170,0.7484567112656951
2023-08-04,5,82,0.18670338510224327
2023-06-08,12,88,0.19410246723222246
2023-12-27,14,122,0.916143548445158
2023-10-16,25,85,0.45097883518251014
2023-12-26,1,112,0.17324465374281817
2023-08-10,9,195,0.736954011887679
2023-01-02,4,63,0.6193061509830424
2023-07-26,20,98,0.6650713032270871
2023-07-20,6,9,0.2755024251055487
2023-06-17,23,53,0.6673156977825304
2023-02-12,20,151,0.7592922979228718
2023-08-21,14,132,0.05388171790570262
2023-01-31,6,106,0.8128289366974517
2023-04-13,16,43,0.9427571388117177
2023-01-01,23,147,0.6624942413020353
2023-01-15,10,126,0.007123543943746036
2023-08-20,9,66,0.7430995338077271
2023-07-13,6,83,0.5670638720750781
2023-06-29,24,148,0.33287348635781366
2023-08-30,5,158,0.1429736916797676
2023-01-07,22,43,0.1389719141850022
2023-11-22,3,96,0.3470215369033226
2023-08-18,19,65,0.04804973268041457
2023-07-17,5,173,0.35867613471038295
2023-04-07,4,49,0.7576668460350776
2023-07-17,1,191,0.3965969090063789
2023-07-16,5,25,0.9602761056094141
2023-10-16,16,49,0.17003753223136486
2023-07-07,19,105,0.6855251102931041
2023-10-09,8,72,0.9043018401088924
2023-05-14,22,7,0.4633435240749325
2023-03-24,2,155,0.37353926467235066
2023-10-07,18,103,0.34383254733092494
2023-03-06,11,8,0.5609083792971545
2023-10-17,23,112,0.04514020680315911
2023-09-12,15,105,0.9567303259668866
2023-12-06,3,200,0.19951004564817953
2023-12-18,21,108,0.15944542167524756
2023-11-30,4,6,0.828605359077729
2023-01-28,1,20,0.5283099721617595
2023-04-06,16,14,0.07152726052689717
2023-11-29,2,190,0.8078769324674673
2023-08-23,18,103,0.7138383357782251
2023-04-15,7,145,0.08888540824831093
2023-12-10,2,135,0.9209652055683071
2023-08-12,21,62,0.5309564553928133
2023-12-29,15,175,0.8438446802474235
2023-02-19,8,43,0.02372330428766889
2023-01-01,3,14,0.4701326313911989
2023-08-23,15,82,0.5685102536537497
2023-06-14,18,90,0.8047117060603317
2023-05-18,17,170,0.6321100489014088
2023-02-17,12,60,0.8680530440979957
2023-12-25,8,19,0.42422593893582283
2023-03-07,12,97,0.010331840149286231
2023-08-26,20,168,0.11111785946644381
2023-02-16,24,191,0.6043123940036286
2023-02-26,16,154,0.6463872302468447
2023-09-23,24,109,0.4524889896109543
2023-02-19,9,46,0.9534006047091765
2023-11-15,6,37,0.5025534714383407
2023-09-19,25,111,0.003965283433421618
2023-03-16,19,193,0.44368713375650715
2023-01-03,4,49,0.5615103161280962
2023-11-12,17,127,0.5651969713594627
2023-01-31,21,92,0.7693415782861633
2023-07-13,4,163,0.4998530042948648
2023-09-25,25,6,0.7953385258873269
2023-02-01,25,17,0.7647958766325874
2023-12-28,5,163,0.6661855700082775
2023-12-29,7,54,0.43294388176880927
2023-10-24,19,33,0.8461015152679782
2023-07-30,10,166,0.42258058157202627
2023-07-05,23,123,0.9999099019335163
2023-03-06,9,180,0.9192991065721522
2023-10-12,7,74,0.5160154390449412
2023-09-30,19,25,0.4375353489181817
2023-07-03,22,113,0.05704900864352325
2023-04-07,1,143,0.962025246582593
2023-09-17,23,111,0.12662429270505726
2023-12-08,10,107,0.8506587581517194
2023-05-02,21,48,0.8397882935165015
2023-10-01,11,49,0.3333886888781167
2023-10-30,6,137,0.4352708533416978
2023-10-08,3,173,0.27946102073753487
2023-10-29,7,97,0.7898100795620595
2023-03-30,12,138,0.9633145015766312
2023-03-13,19,127,0.8843536842864849
2023-12-12,4,133,0.5173682496952059
2023-03-04,14,165,0.14358880997345747
2023-08-03,14,34,0.2828815473902141
2023-04-20,11,48,0.7815773008799399
2023-01-04,22,110,0.8743651876130486
2023-02-11,11,145,0.7944971270910361
2023-10-12,23,93,0.4054758134651115
2023-09-23,5,106,0.10961840360026887
2023-06-16,7,198,0.6750881063752052
2023-02-18,7,196,0.195803247800986
2023-08-07,12,77,0.9809562360852891
2023-06-23,4,180,0.30728445194422893
2023-09-23,14,116,0.39801493272465616
2023-05-20,10,155,0.7294822282887871
2023-10-12,25,113,0.952116899691133
2023-09-13,6,191,0.3382392303093945
2023-04-16,23,89,0.32527260289376203
2023-10-10,17,61,0.012378971573715147
2023-10-30,20,78,0.897340629454174
2023-11-26,12,195,0.7570355485984945
2023-01-06,4,46,0.9291075944896473
2023-01-04,12,29,0.9770157528546539
2023-07-14,5,117,0.8769325176866396
2023-12-23,5,104,0.04530108558808954
2023-02-16,10,92,0.486552545489088
2023-10-07,14,172,0.4296463021649948
2023-10-06,6,109,0.7655933701882289
2023-04-24,9,185,0.8843344819591838
2023-03-13,15,155,0.7815821952244631
2023-05-08,11,178,0.41255343004670986
2023-03-24,7,11,0.401556517496484
2023-02-08,13,184,0.2601381373676489
2023-02-02,7,187,0.08786036283440313
2023-10-19,15,111,0.5638959039912163
2023-09-22,5,120,0.7674921157481733
2023-09-23,24,150,0.6646320159626306
2023-05-16,12,183,0.8927040444334273
2023-09-19,25,117,0.21288162580040548
2023-09-19,22,72,0.7896910942209288
2023-01-17,4,189,0.5930091345637292
2023-03-09,3,114,0.5706000630716423
2023-05-15,12,123,0.8329727084567253
2023-09-26,20,153,0.11158474794616435
2023-01-29,18,126,0.8927695432761842
2023-11-11,15,6,0.7179590480832888
2023-12-26,2,127,0.016455293956412875
2023-06-23,20,20,0.7125129539460849
2023-07-08,20,79,0.6625123487644514
2023-07-09,8,190,0.9420217569831794
2023-06-14,23,47,0.6781015190644648
2023-10-27,15,27,0.8787215368267476
2023-09-29,24,145,0.20963806179945077
2023-05-19,17,68,0.2869774789102856
2023-06-20,5,60,0.42015882432169516
2023-01-27,24,97,0.6926981633027467
2023-02-03,25,21,0.3708398449718857
2023-11-09,19,162,0.06220699151903486
2023-12-16,22,141,0.9676323089848435
2023-06-08,7,30,0.34223075336950504
2023-08-30,17,119,0.6161419570903198
2023-04-22,20,70,0.48644704399782923
2023-12-23,8,91,0.758759452679258
2023-09-13,5,1,0.5139437069599115
2023-11-24,24,134,0.11308961012045471
2023-07-02,1,175,0.025382289549372716
2023-11-03,5,27,0.37175042044435647
2023-01-06,15,85,0.892980309489879
2023-09-11,22,76,0.6598186893526434
2023-04-24,9,23,0.2782438650560084
2023-10-18,3,25,0.22819361325139798
2023-12-21,11,132,0.08036112977247356
2023-03-17,6,9,0.6376537694713865
2023-08-10,20,131,0.29611307325740466
2023-06-22,17,103,0.9618251170282984
2023-03-08,3,17,0.03518807240987021
2023-11-03,11,187,0.11073783842709839
2023-02-11,22,95,0.7925502708189721
2023-05-24,6,24,0.027705320619501705
2023-03-23,15,1,0.6785697813923837
2023-10-04,17,130,0.13138620885973673
2023-11-16,20,136,0.7903227968169471
2023-02-14,4,138,0.5931343762488455
2023-02-01,24,38,0.2715358971050581
2023-06-15,24,104,0.06380421578840612
2023-09-25,7,32,0.1936062076647571
2023-10-14,24,43,0.12254878052551443
2023-07-14,19,72,0.6428058572056752
2023-02-17,9,19,0.2254246436784385
2023-12-03,20,114,0.5970365884349673
2023-05-03,1,10,0.9543884811772958
2023-12-03,10,7,0.1929629696829389
2023-01-29,19,192,0.18556217573386735
2023-05-02,6,121,0.3967003505358063
2023-10-15,2,144,0.8296170192085149
2023-07-12,14,188,0.8032174855919972
2023-12-02,16,152,0.27508211785285785
2023-04-28,15,77,0.8693158079607187
2023-11-21,6,129,0.9695975188413803
2023-05-28,18,185,0.5105073013195023
2023-06-08,20,153,0.08950588809302218
2023-11-25,22,107,0.4635618476179658
2023-01-19,20,140,0.0062198770014946225
2023-12-03,4,134,0.32562621000073644
2023-04-10,12,152,0.06573915274049102
2023-10-11,11,161,0.4290217215597457
2023-10-23,24,50,0.5095105589075903
2023-02-16,19,189,0.553082293467121
2023-07-19,17,14,0.5459615288288484
2023-01-24,9,160,0.22925042365832293
2023-10-06,5,28,0.21019313682803453
2023-01-07,8,180,0.37021517955828886
2023-02-11,24,149,0.19589361023305296
2023-11-11,13,162,0.6215969598033325
2023-01-13,3,80,0.9269437146444278
2023-07-23,6,54,0.7453889125818673
2023-05-16,6,50,0.9672027344114238
2023-07-17,11,38,0.08832876268158685
2023-02-07,1,182,0.4537988347283436
2023-10-23,11,63,0.3675989841531524
2023-09-07,10,12,0.5218916935618403
2023-10-30,3,152,0.6256571415537747
2023-06-09,18,87,0.26250261816406895
2023-10-01,7,32,0.28278326535889764
2023-01-21,6,171,0.9423059249432549
2023-09-02,14,88,0.4606982894569379
2023-08-06,17,135,0.10866350237438449
2023-11-08,6,107,0.6841580094351455
2023-12-02,12,31,0.1498472592424075
2023-05-19,12,36,0.7160411928246309
2023-10-02,9,72,0.4577751989520543
2023-10-20,16,11,0.190558019980126
2023-01-26,2,155,0.5929845290145386
2023-12-10,17,4,0.39889588049161484
2023-02-17,25,159,0.6444579626786223
2023-04-07,4,21,0.1785811841015741
2023-07-12,7,64,0.4923908109626386
2023-08-17,24,52,0.7769403887400936
2023-02-10,22,123,0.8625333716132964
2023-02-21,16,186,0.13109677857303048
2023-01-17,7,53,0.9052977761500167
2023-11-09,8,187,0.8121250956752469
2023-08-30,17,7,0.7318867624342202
2023-05-24,18,168,0.5772633385304647
2023-07-30,19,11,0.5455702885922084
2023-12-06,22,120,0.2901483395022463
2023-05-26,15,52,0.2136381791913503
2023-12-29,24,85,0.5913842875857296
2023-12-09,19,197,0.0027116578309416273
2023-10-09,20,82,0.6043039243929986
2023-01-03,10,32,0.21030754318153022
2023-08-16,17,76,0.07456197636788553
2023-01-28,23,49,0.8201739696039274
2023-07-10,2,119,0.07307457854418675
2023-08-17,4,174,0.1984473267922725
2023-09-13,5,133,0.0024811562265494302
2023-04-18,20,50,0.9282319093886187
2023-10-04,2,176,0.552590474909184
2023-12-27,14,37,0.8639613592149922
2023-03-30,9,104,0.46207831516229136
2023-08-24,22,160,0.13581153691921943
2023-10-06,17,53,0.9092333932883014
2023-01-25,3,182,0.22665270117292746
2023-01-07,23,122,0.3774037234189894
2023-04-05,13,96,0.39916669296016605
2023-08-20,3,166,0.9855105864989891
2023-03-24,18,56,0.6580921839048682
2023-06-02,25,14,0.6927361663951946
2023-03-26,25,32,0.3376319706518287
2023-03-31,12,148,0.5651143099566835
2023-12-13,9,199,0.6575561068306697
2023-06-10,13,50,0.4705346310385068
2023-02-10,19,4,0.010743279759608981
2023-10-02,15,75,0.8349407466782075
2023-07-21,25,87,0.5653704625201624
2023-12-30,1,85,0.4976446176858391
2023-09-06,20,113,0.553568960731771
2023-11-24,1,13,0.8743990848716174
2023-04-30,4,66,0.41845291806436113
2023-09-10,3,197,0.18602873875841353
2023-05-19,6,117,0.8039605257885944
2023-02-17,16,159,0.5118453308951711
2023-01-14,20,98,0.26751577740753185
2023-07-21,21,137,0.10656208518390153
2023-01-13,10,127,0.413361028674737
2023-11-04,12,91,0.1459751556937784
2023-06-30,14,183,0.9403684602728478
2023-05-23,7,86,0.02398609482262415
2023-03-31,1,113,0.22025935977031952
2023-09-20,11,61,0.7062340052257973
2023-05-22,24,121,0.5220487579542574
2023-07-16,20,7,0.2576292089271185
2023-08-18,24,138,0.20646681423012736
2023-01-28,10,17,0.6442749129482996
2023-04-17,12,6,0.3493031965866906
2023-06-17,21,182,0.8663736448577154
2023-03-06,11,157,0.7359565407432379
2023-10-30,3,8,9.364530524624826e-05
2023-02-11,4,167,0.18444197653416095
2023-05-30,2,6,0.12962770535296309
2023-09-28,22,151,0.8745220523764092
2023-10-10,14,163,0.9178545701414687
2023-12-30,12,38,0.5744766162222968
2023-05-02,6,126,0.8212467854262713
2023-02-15,20,152,0.3934236061947973
2023-04-24,3,20,0.83216742135854
2023-12-28,13,172,0.699513965780921
2023-05-26,9,17,0.3826817862107067
2023-09-09,11,72,0.7278372387728763
2023-02-11,9,39,0.21659314343982095
2023-11-16,8,149,0.06359671914633391
2023-02-24,10,5,0.043050950088265316
2023-03-06,6,12,0.1184781256083407
2023-01-18,7,112,0.7044399200664166
2023-06-23,9,1,0.5553812589104807
2023-12-10,9,83,0.032528994598503
2023-05-04,21,57,0.19437334754404478
2023-04-08,7,118,0.7050969940979822
2023-03-10,14,178,0.7020837157772796
2023-10-12,17,52,0.7758658989062656
2023-10-11,19,146,0.4550567652316697
2023-03-20,23,103,0.816879499878264
2023-11-18,4,102,0.8438529045604501
2023-11-30,17,130,0.9529913344293175
2023-03-14,23,51,0.029253089223100992
2023-07-13,19,117,0.6467429849300544
2023-02-17,1,45,0.4286585454983799
2023-05-06,13,144,0.0979114034811509
2023-03-31,6,95,0.7215078757912384
2023-12-22,11,78,0.9475104944122426
2023-11-02,2,38,0.5414195811707591
2023-08-27,15,128,0.8318021480972745
2023-04-05,4,184,0.18120401113360673
2023-02-17,14,66,0.36990727780929555
2023-01-09,12,53,0.7571804955996939
2023-02-14,20,71,0.8533123998512068
2023-04-24,13,37,0.8332494927739553
2023-04-24,5,45,0.024885493321420316
2023-01-01,21,51,0.592811271180153
2023-12-14,19,75,0.6199597898461742
2023-10-24,11,178,0.07027344174948524
2023-05-16,5,21,0.4238863658570491
2023-11-30,6,41,0.9867681745691459
2023-05-03,4,83,0.7320530231927769
2023-12-20,3,82,0.04741962787763121
2023-01-20,20,182,0.009062427144313268
2023-05-12,25,73,0.8621926205997837
2023-01-24,1,139,0.095077891499733
2023-09-23,3,133,0.34329025492530596
2023-02-26,13,175,0.2094761691489082
2023-03-30,5,2,0.5869603582629925
2023-07-24,20,109,0.8655827072674602
2023-04-03,10,17,0.11344420748624495
2023-10-06,13,72,0.9455455776743829
2023-12-16,19,193,0.8905520607270052
2023-06-23,8,7,0.6663859852012103
2023-09-15,3,79,0.36399326294177814
2023-04-08,9,164,0.9401860448976704
2023-01-30,9,81,0.11230928541127094
2023-07-13,7,147,0.6096320482922967
2023-05-10,23,1,0.04546928067679401
2023-06-09,19,169,0.35640897738855637
2023-04-28,12,46,0.2829219317129861
2023-05-21,21,131,0.6848256980185015
2023-01-15,4,133,0.8713651603611257
2023-08-05,25,84,0.858403875376183
2023-04-28,15,161,0.7064882278034734
2023-06-03,10,168,0.20709962493694956
2023-10-29,6,195,0.2553686921740509
2023-01-06,19,169,0.3362589106141136
2023-05-17,18,100,0.8976155923939705
2023-08-11,20,25,0.44009630551501455
2023-08-21,2,29,0.4851665418379393
2023-03-14,2,22,0.7163745787248953
2023-03-25,10,142,0.6640090127258272
2023-09-02,7,37,0.8739155104400284
2023-07-13,6,133,0.8629978107443389
2023-06-05,10,190,0.8490854113836649
2023-01-22,10,26,0.6936759454332163
2023-01-06,25,88,0.3029893009456801
2023-09-18,18,29,0.19969408513266695
2023-12-21,25,61,0.5440571812635276
2023-10-02,1,120,0.22721187967114442
2023-02-20,7,136,0.9834924172820961
2023-07-11,21,125,0.016020602660922645
2023-10-12,7,85,0.4039042566842047
2023-12-20,7,5,0.14886902915258426
2023-10-14,21,188,0.9228669430497858
2023-08-04,1,105,0.21017855797011942
2023-04-08,18,130,0.6938433584681946
2023-11-01,18,99,0.38752209291640016
2023-12-17,4,61,0.7077829945769468
2023-12-31,20,147,0.989663406866522
2023-08-31,1,55,0.9115492427932181
2023-01-02,17,109,0.24792617061122213
2023-08-08,25,191,0.18896202826733943
2023-02-16,6,81,0.47535100237194305
2023-01-01,5,94,0.30962279977021023
2023-01-06,9,78,0.8508644042708872
2023-08-19,25,138,0.09895924536468348
2023-12-22,17,127,0.6077965873892835
2023-10-28,15,58,0.45788961962893926
2023-02-19,11,28,0.6740211445589636
2023-10-16,7,21,0.328213792432557
2023-01-21,15,71,0.553599812937807
2023-12-01,16,168,0.9650389881340795
2023-01-01,12,120,0.8612675083029535
2023-05-08,15,177,0.09902337214075463
2023-05-10,17,148,0.9524776594179147
2023-11-09,20,123,0.4698935492908718
2023-11-16,5,134,0.25856161121363375
2023-11-10,23,132,0.25405274544823564
2023-10-07,5,6,0.7762320586102779
2023-10-24,24,82,0.23130123486964715
2023-06-17,25,81,0.9592320183455937
2023-01-17,16,58,0.8105254730478186
2023-02-26,11,88,0.6328533102672541
2023-03-18,9,159,0.6655316338235442
2023-02-24,8,146,0.6855248265157265
2023-06-27,10,182,0.23843296214927479
2023-04-27,24,152,0.7634233323501033
2023-11-29,17,143,0.38522547430706566
2023-06-09,10,183,0.7639824667309921
2023-06-29,1,89,0.1159506012718492
2023-03-09,12,1,0.1627941236134528
2023-04-11,3,77,0.4531019640877252
2023-07-07,6,13,0.9307038383192081
2023-08-25,4,17,0.3511648172875095
2023-01-21,9,119,0.21138200149020303
2023-03-30,14,186,0.7991973764447049
2023-07-28,1,103,0.2475377742879079
2023-10-06,12,137,0.42513437640142837
2023-02-23,14,139,0.1068823302401517
2023-05-22,14,147,0.20629219843676294
2023-10-01,24,151,0.5856192651717018
2023-11-28,5,200,0.3782412900407036
2023-12-19,12,8,0.8363269195258953
2023-10-12,5,143,0.8598890695184441
2023-08-30,12,19,0.060882351977883054
2023-10-31,15,69,0.031425841478316285
2023-12-02,14,37,0.05373823234208108
2023-09-21,5,75,0.15351732075885616
2023-02-28,17,134,0.33274311416082003
2023-12-24,12,71,0.7212313662039479
2023-03-05,17,57,0.19591531556186736
2023-05-19,24,138,0.7328017387806597
2023-12-11,13,2,0.996766199941728
2023-03-18,8,158,0.8916309493953187
2023-03-05,21,172,0.9779489302996951
2023-09-23,4,72,0.10609718285846492
2023-01-12,3,105,0.6489266414759491
2023-06-09,10,73,0.2136517825131662
2023-03-01,19,26,0.20798656199120558
2023-11-05,16,47,0.9050247673444937
2023-11-24,13,95,0.2048050517623332
2023-01-04,21,39,0.9666399636617471
2023-07-04,8,68,0.836353525125481
2023-07-04,23,89,0.19759066548430504
2023-08-10,8,160,0.4516916383132227
2023-07-15,2,31,0.5023358728654564
2023-11-04,14,79,0.5406264568673804
2023-04-01,19,20,0.36812942611211374
2023-10-19,25,125,0.12985743671531313
2023-05-16,4,55,0.7023208481902391
2023-07-02,6,105,0.018233272552374724
2023-05-05,6,97,0.5959160987721619
2023-10-24,25,15,0.693643637706369
2023-04-04,23,66,0.5403511861718705
2023-08-13,18,135,0.7655160962007871
2023-12-03,19,9,0.6757834687727633
2023-09-02,17,161,0.9619508876659216
2023-02-16,15,12,0.8604586517168902
2023-07-01,1,98,0.023572284493417528
2023-09-04,5,126,0.28187387011135456
2023-10-06,25,186,0.3294453039209849
2023-09-21,7,150,0.17047364036914325
2023-12-07,10,163,0.004099375868071853
2023-07-03,1,6,0.03933293057270537
2023-04-20,16,84,0.4746893169427143
2023-04-07,3,122,0.7326667286609508
2023-03-17,11,70,0.7328951686668861
2023-05-11,8,3,0.36636991014822906
2023-03-20,16,20,0.28722597835839414
2023-09-25,23,53,0.6415880392292016
2023-12-02,9,93,0.9500191082139557
2023-08-08,20,56,0.03438571082006514
2023-09-08,18,153,0.5940692014936333
2023-04-27,18,129,0.7717689084373058
2023-08-27,15,64,0.011491602885580376
2023-05-01,16,28,0.20566328482210783
2023-03-25,15,12,0.3646529436308561
2023-03-15,25,108,0.38971822684376944
2023-10-09,16,119,0.02488646977144393
2023-04-22,1,18,0.39455469586426517
2023-09-14,24,72,0.4673675100519411
2023-05-27,5,134,0.8508235391745333
2023-10-30,7,51,0.766923552372252
2023-02-26,4,122,0.7253604635634094
2023-04-29,8,9,0.5153388021353182
2023-02-06,16,163,0.014326109965334122
2023-12-22,25,145,0.5397143820388371
2023-06-24,25,122,0.43109866849081135
2023-02-16,18,46,0.033092496105501024
2023-02-08,11,71,0.40383826099087894
2023-01-16,7,9,0.8431223833075072
2023-06-05,5,119,0.7115541546559858
2023-01-10,22,111,0.3025364284160982
2023-02-12,19,193,0.7005785324607309
2023-10-12,2,11,0.12659245637662675
2023-12-30,23,91,0.29138408839275975
2023-11-07,18,73,0.083039429091465
2023-08-16,19,188,0.21692918552651064
2023-12-28,4,46,0.23204683757222344
2023-01-30,10,72,0.5008024431589791
2023-04-06,10,38,0.3426303376906026
2023-01-06,18,7,0.3679885890032657
2023-04-13,7,147,0.4127808141823378
2023-05-27,2,91,0.4937540905915315
2023-02-17,7,183,0.6657419697334508
2023-02-09,11,138,0.40732207443727164
2023-08-10,11,183,0.4663303240842165
2023-01-04,21,188,0.21942279426333644
2023-11-09,1,99,0.924530691841783
2023-07-14,11,43,0.9648250572234423
2023-02-16,16,124,0.43221630596512517
2023-10-23,14,4,0.7842776893922209
2023-07-31,23,113,0.6503308490636114
2023-11-09,24,149,0.1792338630130491
2023-03-26,2,48,0.41699042787143414
2023-06-03,14,189,0.5452063281726702
2023-06-15,24,180,0.5107999658163369
2023-05-11,21,53,0.6769101821176741
2023-02-28,18,112,0.9608915036085283
2023-11-28,14,71,0.03916462546707766
2023-12-06,3,141,0.7689099792571945
2023-10-09,6,157,0.7439379590703166
2023-05-28,10,26,0.49012838417359816
2023-08-17,23,140,0.8764857229688271
2023-08-17,22,61,0.38865722644852796
2023-10-04,25,126,0.7055555972095312
2023-11-01,23,52,0.7846202494776034
2023-11-22,3,74,0.029447539837478498
2023-02-17,23,150,0.7078831494503314
2023-12-22,6,57,0.6074919443661574
2023-10-18,20,47,0.17034682731023387
2023-06-28,12,61,0.15997413764632962
2023-10-19,5,25,0.6721726522601115
2023-08-30,16,176,0.7127761045897855
2023-05-08,21,51,0.2356760726348962
2023-10-25,7,120,0.32066600741920304
2023-08-29,4,102,0.7431020914120451
2023-04-22,25,99,0.2164216854329809
2023-07-04,3,167,0.3723521835071868
2023-09-03,24,31,0.8684731087605969
2023-01-16,18,157,0.32560679053410846
2023-12-20,5,22,0.4792943023922719
2023-09-27,7,182,0.691208652923624
2023-02-11,3,89,0.6891085171884229
2023-03-05,19,120,0.5416375619624548
2023-11-11,2,30,0.04073233199938553
2023-07-22,14,47,0.5886533992178694
2023-04-24,21,157,0.8627003490287707
2023-06-03,12,80,0.2098450408676743
2023-06-09,19,135,0.955510575543919
2023-03-31,15,185,0.12904802759012846
2023-04-04,10,113,0.9919019807505801
2023-04-13,23,31,0.37118653044708527
2023-04-05,14,8,0.4152302237945007
2023-01-13,11,64,0.13518406837296826
2023-01-01,7,12,0.9785588538772338
2023-03-11,8,38,0.3878399192847246
2023-09-13,10,159,0.3375148955992511
2023-11-15,2,23,0.6682094760358812
2023-02-15,13,88,0.698429219140594
2023-02-08,6,156,0.10437230827393684
2023-01-09,6,30,0.1722842060947274
2023-12-03,11,6,0.20378723311405467
2023-09-29,16,74,0.4242784280869861
2023-03-26,20,20,0.7005128220550434
2023-03-18,8,109,0.8316049600230875
2023-10-27,22,89,0.28508084824604485
2023-08-08,7,79,0.9875058266049925
2023-11-20,12,192,0.0553010424641599
2023-12-09,11,44,0.9169048722646146
2023-09-11,4,132,0.24291067430539992
2023-11-03,2,196,0.38707907160344623
2023-03-17,17,68,0.8592157310739381
2023-04-02,16,149,0.2905525805586593
2023-05-01,17,121,0.11969929680368341
2023-04-06,18,147,0.49488452841405006
2023-12-06,15,147,0.24930007685999678
2023-02-27,4,53,0.09732912043386643
2023-05-08,1,1,0.8141231578005437
2023-09-23,15,52,0.3602055997460203
2023-06-16,17,191,0.9748289861005285
2023-06-27,11,130,0.2452574432215625
2023-04-25,6,173,0.4109234871097047
2023-06-16,19,46,0.5063782540074186
2023-11-27,5,45,0.8570429112633569
2023-05-07,11,157,0.5516106592952359
2023-12-28,2,176,0.23278611331036658
2023-04-12,25,80,0.7179970324255043
2023-01-21,6,152,0.18798753023331227
2023-08-01,17,6,0.6679181698120997
2023-06-02,13,24,0.9895131637810238
2023-11-04,13,59,0.6596108261681733
2023-03-13,24,43,0.8485160064633354
2023-11-02,5,151,0.4986809276410177
2023-09-08,14,44,0.4459990240286358
2023-03-29,5,112,0.39793240625983395
2023-09-29,1,82,0.932748088911043
2023-06-17,3,47,0.0337597938360662
2023-10-07,8,183,0.9148393239688034
2023-01-12,13,184,0.1461306921974117
2023-11-22,20,195,0.1574622803402611
2023-11-12,5,72,0.7996116942769711
2023-05-13,3,121,0.38867776944743715
2023-01-10,23,33,0.6447570336824413
2023-02-14,22,89,0.6085669538580407
2023-09-25,1,13,0.38620663273136757
2023-02-01,6,200,0.4211237451760941
2023-02-15,5,64,0.7594289569922379
2023-04-06,13,138,0.2026144457308906
2023-08-14,10,86,0.859606907840717
2023-05-11,23,78,0.6291551400741069
2023-09-10,7,74,0.31082486214405847
2023-05-14,22,7,0.08817389983129964
2023-08-27,4,27,0.48456086953738786
2023-03-16,11,25,0.4501211583356477
2023-06-01,6,88,0.881920097132472
2023-12-08,9,169,0.7700910201210875
2023-09-20,15,163,0.12048139853293838
2023-05-04,17,75,0.6060738730422541
2023-06-18,14,42,0.029629188949445773
2023-06-12,16,3,0.9497829090450909
2023-01-27,19,97,0.005581173300080011
2023-07-08,25,90,0.4276967289328035
2023-06-26,11,66,0.6392417414102913
2023-04-09,21,64,0.02573811186038344
2023-08-11,19,92,0.4280475112538845
2023-06-20,1,193,0.6608742639147828
2023-11-18,25,54,0.576739052524854
2023-07-08,16,200,0.23181611439568583
2023-07-10,19,191,0.14479850645544357
2023-05-04,22,147,0.96081285587211
2023-08-17,1,101,0.5598107142146033
2023-03-14,13,73,0.16896934001088793
2023-02-24,9,127,0.6519312047736264
2023-06-12,21,169,0.5774307020720806
2023-01-17,20,188,0.022617724550208385
2023-03-03,13,165,0.961545550793468
2023-04-10,7,50,0.20108901355471143
2023-06-27,23,67,0.9846372934610227
2023-11-01,6,3,0.7309853262079548
2023-01-09,13,24,0.020437614898292655
2023-02-27,1,125,0.7273205150350782
2023-02-21,4,142,0.048044620481435096
2023-09-24,7,33,0.4871616784371732
2023-01-02,1,106,0.419292313994153
2023-06-27,7,191,0.3036829948353912
2023-10-18,7,194,0.003522439583461434
2023-11-12,12,69,0.927812969006059
2023-04-04,24,96,0.2702303811424993
2023-02-17,2,95,0.9434381207955016
2023-09-08,9,29,0.8471659294681292
2023-12-15,5,107,0.807858377036038
2023-08-20,11,115,0.8326612062698822
2023-05-17,20,89,0.017052352911090307
2023-09-07,4,129,0.13891191955700943
2023-08-18,20,67,0.6529374327592171
2023-05-01,14,91,0.3352833601946271
2023-04-27,8,113,0.7975682616553991
2023-07-27,18,6,0.03766009992687802
2023-12-08,14,159,0.18387056446842986
2023-06-06,5,168,0.4616294034355817
2023-07-02,10,187,0.32520673459142135
2023-01-13,21,9,0.807861216992702
2023-02-10,10,148,0.8051645208628768
2023-01-20,7,200,0.9252182248157669
2023-01-17,2,87,0.0925908517143259
2023-01-22,3,130,0.3038449903220516
2023-07-04,4,194,0.04392823011826463
2023-07-19,2,181,0.3934526492864828
2023-05-26,17,79,0.6743493316766269
2023-02-03,5,79,0.6034678846596876
2023-01-02,3,152,0.26383864799808987
2023-06-09,18,34,0.6089002013058057
2023-04-18,9,139,0.8760343827877854
2023-02-15,3,51,0.04713841122785267
2023-01-27,3,127,0.7376200875011594
2023-02-18,18,95,0.6640106286024202
2023-01-17,11,8,0.7239998679886758
2023-05-28,11,126,0.4733669135908256
2023-11-24,9,90,0.049772334089020154
2023-11-25,7,2,0.9873501330361066
2023-06-06,17,133,0.7947543306812297
2023-07-05,22,186,0.7629426030349433
2023-05-16,10,3,0.8637024838732877
2023-12-01,8,4,0.8554003413218807
2023-12-01,15,68,0.1791236329460738
2023-08-24,20,61,0.7166362992570755
2023-02-19,19,132,0.012092292245076686
2023-03-06,15,125,0.5437246760672907
2023-02-12,10,157,0.5913409078269543
2023-11-18,14,138,0.13433577129500862
2023-10-01,10,112,0.12346637978966646
2023-03-19,24,24,0.7117508623928591
2023-07-16,17,34,0.2377391123003736
2023-12-28,1,141,0.7947405519927245
2023-09-04,13,36,0.9321070452556135
2023-09-26,19,177,0.7439238846455462
2023-07-22,2,85,0.45980052520784354
2023-06-11,11,19,0.9930417469411842
2023-04-06,25,162,0.5288625825019242
2023-05-19,8,177,0.7756073967558745
2023-11-13,10,161,0.8217992284703843
2023-06-17,12,169,0.28890875727710597
2023-05-20,8,6,0.40856551163419497
2023-08-23,6,64,0.22632209651026114
2023-06-07,1,158,0.40756656271946645
2023-07-06,22,182,0.16580556532656698
2023-07-13,19,197,0.4931387269769394
2023-01-12,12,93,0.834711161937485
2023-07-02,16,78,0.06321144398218703
2023-08-19,8,162,0.5793324032375677
2023-06-29,24,197,0.025365083278001244
2023-03-05,19,53,0.8518433197524455
2023-03-07,8,2,0.9426532836334646
2023-10-02,21,81,0.3854283654104439
2023-06-30,18,143,0.5966539706248909
2023-03-23,13,62,0.7108729958608977
2023-08-07,20,87,0.2029578737531209
2023-10-22,15,83,0.9297071781918171
2023-12-25,3,37,0.5155592201268999
2023-11-01,3,59,0.39757289147518027
2023-02-13,13,160,0.4029215253008184
2023-06-21,12,56,0.2703284790756413
2023-04-24,8,98,0.9492183630832217
2023-09-14,8,61,0.6721112512530686
2023-11-15,16,38,0.4757893057516296
2023-04-04,13,181,0.13307059644287678
2023-01-03,22,68,0.8003410370208813
2023-06-24,3,198,0.22142091164523903
2023-04-14,18,31,0.5761205085717113
2023-02-02,19,84,0.4484421207077528
2023-10-31,11,21,0.3095027136346967
2023-01-30,17,171,0.9424222690534748
2023-10-15,18,132,0.5187139545431503
2023-06-21,17,9,0.11271878075735597
2023-10-07,17,79,0.061514599051733176
2023-02-11,8,90,0.9337826397040032
2023-12-03,23,157,0.8109579463894243
2023-02-14,4,150,0.25857924024509904
2023-04-12,14,120,0.18913870320425408
2023-02-13,9,27,0.8183744285950827
2023-09-22,6,41,0.6003687271356457
2023-01-24,13,36,0.7219915496048644
2023-11-01,3,137,0.8991667719292457
2023-05-15,24,184,0.20241570453095803
2023-06-25,4,66,0.6210919880511417
2023-01-11,8,170,0.019706279650811176
2023-09-15,1,151,0.06803422385953262
2023-05-22,12,118,0.8674923551395611
2023-05-23,10,101,0.6549511576849087
2023-11-14,1,122,0.7871091624895393
2023-03-14,5,107,0.14824871888658964
2023-12-01,4,86,0.9558590146798176
2023-08-17,2,141,0.9365725307998047
2023-12-31,21,143,0.9608333319568243
2023-02-11,20,35,0.13905196130286435
2023-06-19,20,62,0.13202972429898374
2023-01-03,2,138,0.6306800234730613
2023-10-06,13,49,0.05827854748581873
2023-11-30,20,178,0.029646795352044508
2023-06-29,25,185,0.19401471542135684
2023-07-26,13,175,0.30927623955271766
2023-07-20,1,14,0.36776174760465197
2023-03-04,15,25,0.6352503453798771
2023-12-29,5,86,0.4259686279454066
2023-01-30,1,158,0.19536567472587063
2023-08-20,1,81,0.21445122621737878
2023-08-23,16,194,0.06934134597763686
2023-04-11,25,112,0.8283652712043603
2023-12-12,13,191,0.4021359504118236
2023-07-12,12,111,0.18134277551630673
2023-08-06,1,48,0.35408718167179376
2023-08-27,15,6,0.3038879096170959
2023-11-24,13,28,0.7114055084625562
2023-05-13,4,136,0.06046475704555965
2023-12-26,3,55,0.3122313295475375
2023-10-22,19,68,0.8249096421308302
2023-09-16,13,143,0.45931579198958117
2023-05-17,8,183,0.2113090658319835
2023-01-17,6,152,0.3641996301783149
2023-05-17,11,16,0.27476835863993543
2023-07-18,14,141,0.07966826907477054
2023-02-02,19,157,0.4321731175788036
2023-03-07,20,95,0.8483397843102626
2023-05-25,14,77,0.9246532899856436
2023-02-23,25,9,0.7468193473234747
2023-09-22,12,3,0.06467439151412824
2023-05-21,19,118,0.959120457114825
2023-09-27,19,120,0.30132174968083103
2023-06-03,9,113,0.8048467084872998
2023-02-09,23,78,0.8040048538815485
2023-08-29,23,105,0.1551974403480707
2023-08-06,25,157,0.10682933942485862
2023-06-09,4,64,0.16292379687011327
2023-04-28,13,50,0.0708659682106717
2023-02-23,7,198,0.31207914627273725
2023-11-29,25,39,0.3939415431400467
2023-03-29,7,12,0.8680246963373198
2023-09-12,2,2,0.8614681440981309
2023-06-24,20,42,0.31106188958157466
2023-05-13,20,108,0.7720685195340885
2023-10-14,19,110,0.5560519929730859
2023-04-13,15,108,0.34265688519897286
2023-01-29,14,96,0.6243962264213304
2023-10-09,5,192,0.4470503858029181
2023-08-29,4,144,0.9823080209501649
2023-05-26,24,186,0.4621112568371539
2023-08-05,24,139,0.8942845858330961
2023-10-17,5,179,0.6326162163965228
2023-04-24,14,160,0.8799862449164767
2023-11-21,18,22,0.20638351424465962
2023-06-02,15,153,0.6522680667313203
2023-08-11,21,96,0.16842234058997663
2023-12-21,8,19,0.9054058391595852
2023-01-10,10,154,0.6379766471523936
2023-11-12,17,199,0.8890277217959951
2023-12-18,22,20,0.16778845023176148
2023-04-11,4,15,0.170315763900161
2023-10-18,14,62,0.1051470731674935
2023-06-04,19,135,0.7476936033690411
2023-09-20,15,140,0.07509410606343514
2023-02-05,11,136,0.029102093961548725
2023-12-26,14,144,0.563928747880415
2023-04-04,25,89,0.38243786083639086
2023-08-23,21,102,0.7648489877064492
2023-04-10,19,35,0.886174530381189
2023-04-28,4,114,0.6992493690230631
2023-11-23,5,120,0.08274705208359723
2023-11-22,17,28,0.9120165960701893
2023-07-22,19,93,0.28303605573160184
2023-09-29,7,82,0.7781576737900219
2023-10-27,13,182,0.5853516068631656
2023-07-04,11,180,0.3746444752148189
2023-01-23,23,168,0.0001668547055068137
2023-02-21,23,145,0.15379004058530044
2023-04-09,17,194,0.7029150129816818
2023-04-01,23,136,0.9252703933674379
2023-10-10,18,73,0.11570622338643066
2023-03-03,18,177,0.056383808133462665
2023-12-08,20,122,0.7264989419362009
2023-01-11,24,93,0.4029044166105714
2023-02-23,5,177,0.24711740332217624
2023-02-27,22,136,0.3618734625895593
2023-11-10,25,9,0.13756632660990165
2023-02-18,8,145,0.026611774731006843
2023-07-04,11,174,0.16978075523203084
2023-10-19,6,128,0.055728228220680354
2023-05-21,12,117,0.30505997624328574
2023-03-28,19,21,0.4923432651888876
2023-06-04,19,87,0.24877138299396884
2023-11-03,3,191,0.8350268023277159
2023-11-04,10,91,0.12200023742808797
2023-07-15,15,16,0.5403038925174034
2023-05-04,17,99,0.8958682507672617
2023-08-26,12,77,0.3316130484825748
2023-12-06,1,117,0.3116285616228994
2023-09-11,3,189,0.7619872812258375
2023-04-30,25,17,0.051945447770264
2023-01-01,22,104,0.5739846112099442
2023-10-24,8,73,0.6624569865660619
2023-02-19,3,20,0.40711758852347313
2023-01-15,6,92,0.1951137241161689
2023-07-28,25,23,0.9000471457251898
2023-03-27,5,139,0.42397241321868895
2023-02-28,18,199,0.26928925667967274
2023-10-19,22,170,0.8862041169127567
2023-02-15,25,190,0.7959242458528295
2023-03-10,16,140,0.2180672078101703
2023-06-11,3,14,0.507637042531565
2023-10-13,12,67,0.568961779446748
2023-04-13,21,148,0.6069400469877476
2023-04-08,19,149,0.9131415392682255
2023-06-03,25,128,0.08529749917915763
2023-11-02,5,176,0.84363304900719
2023-02-27,14,156,0.9516782743004539
2023-07-21,6,143,0.23737251541447135
2023-02-09,2,48,0.3038717865850131
2023-10-19,8,85,0.5680475310609578
2023-11-28,24,176,0.8024346853366573
2023-01-14,16,30,0.19902152956564134
2023-07-08,18,82,0.5412692367600519
2023-10-22,8,189,0.32591461027511825
2023-12-01,1,71,0.6716463468025952
2023-01-01,11,168,0.030269352790374238
2023-01-29,23,163,0.009436209810941842
2023-03-13,14,139,0.5953420742054488
2023-09-07,7,29,0.9174689669647959
2023-09-22,1,16,0.9985776902242016
2023-05-26,11,118,0.7263024254748905
2023-07-11,9,77,0.9688019214111954
2023-02-02,4,170,0.12944349099434993
2023-12-18,23,111,0.9320487537498091
2023-01-17,13,37,0.18330346573855527
2023-11-20,21,50,0.7229720590720606
2023-08-06,15,146,0.9796963949547289
2023-05-31,3,11,0.5866144711821173
2023-07-01,4,145,0.5267835392506648
2023-01-14,11,12,0.27294606065070204
2023-07-26,5,179,0.4087376714897142
2023-09-04,12,78,0.02916249062935028
2023-03-13,6,77,0.45265669593663516
2023-08-11,7,33,0.058345986878804434
2023-02-10,8,98,0.6582971884993233
2023-09-12,21,66,0.9611345978564245
2023-05-19,5,4,0.061462825747171435
2023-11-10,13,36,0.2778418152225861
2023-10-17,22,44,0.9905218889487918
2023-12-26,12,36,0.942415147577506
2023-11-17,15,34,0.8649347480019369
2023-04-17,19,55,0.9426691591635291
2023-08-14,23,70,0.22771477250327776
2023-07-01,3,148,0.267800069700045
2023-11-09,24,24,0.14703554417756237
2023-10-22,16,41,0.2525902142853387
2023-11-10,2,36,0.5212666572605784
2023-10-30,9,158,0.8541534354943181
2023-11-12,8,191,0.8880474031484153
2023-05-14,2,157,0.7814456626519362
2023-12-26,4,122,0.28684010898566936
2023-06-21,23,48,0.4653215806375207
2023-04-01,13,178,0.9892215614387566
2023-08-11,16,111,0.6408108541960117
2023-02-22,17,14,0.4399364625206825
2023-11-24,2,169,0.5458201346102176
2023-01-08,21,105,0.4592486376260756
2023-12-24,7,173,0.19715638066047148
2023-09-27,7,12,0.4037775750953342
2023-05-17,15,80,0.24242240577440533
2023-02-10,18,141,0.31985919875707114
2023-03-30,14,33,0.9733537972129864
2023-07-18,15,191,0.9005442608993371
2023-09-27,2,108,0.3587969433399363
2023-01-07,3,48,0.5503142655318497
2023-01-30,16,46,0.4124051958925843
2023-10-20,19,190,0.7812742147858154
2023-08-23,1,90,0.699056125862306
2023-10-25,15,145,0.9493060705351368
2023-12-27,18,9,0.5906378783947186
2023-06-10,17,169,0.12557686669904966
2023-10-28,23,80,0.7002969316611701
2023-09-29,14,88,0.8798637432620534
2023-11-06,9,122,0.9427915563379953
2023-04-05,15,147,0.4838017658425976
2023-06-08,24,7,0.6376944519465589
2023-09-09,22,135,0.7887498056251531
2023-05-17,23,184,0.97679077650856
2023-07-10,14,197,0.3182220430945216
2023-06-01,21,146,0.34088679502370056
2023-10-23,7,48,0.29389520620045173
2023-04-26,5,127,0.4682039070073005
2023-02-10,24,116,0.6586612710232335
2023-04-07,4,132,0.4518582005585082
2023-06-17,24,92,0.8519176400995293
2023-04-24,8,139,0.667173985350633
2023-01-30,18,172,0.73054141355704
2023-06-02,7,26,0.7319680479401512
2023-06-26,10,177,0.4967194107446866
2023-05-09,4,23,0.24741567346715165
2023-05-31,12,185,0.5809783704983151
2023-12-22,20,77,0.3365323489529406
2023-10-27,19,48,0.3976698283980331
2023-11-11,13,118,0.3650105661644999
2023-09-05,8,193,0.10266032322638574
2023-12-08,23,134,0.9954940683154179
2023-05-12,4,15,0.2771007936963068
2023-08-07,11,45,0.9671851126868142
2023-06-02,7,166,0.020373054375967814
2023-02-04,19,187,0.9572168431579998
2023-01-23,18,79,0.7100899925448382
2023-02-15,7,42,0.5811768064281927
2023-11-15,8,58,0.045731165067177115
2023-06-09,13,114,0.7388153954773738
2023-08-01,12,28,0.11739573859336072
2023-04-06,23,28,0.3553851004707729
2023-02-13,14,86,0.2648796394878039
2023-05-29,25,53,0.4791730536120927
2023-06-13,12,142,0.3177804757378837
2023-10-18,8,119,0.11799206519020611
2023-02-01,7,196,0.06590845094904119
2023-01-20,21,153,0.5757126375206895
2023-01-22,17,169,0.46006119661731737
2023-05-12,21,197,0.9389690090427414
2023-12-23,24,83,0.5408137437493167
2023-08-05,10,25,0.2597147044093897
2023-10-12,3,139,0.7805676297302241
2023-01-25,25,7,0.15456193911116678
2023-06-21,20,192,0.25429997446999963
2023-08-26,19,173,0.41759507543756236
2023-05-02,20,1,0.8886562935142002
2023-08-31,13,145,0.6930013868712731
2023-08-21,21,96,0.21422102450136837
2023-11-02,5,174,0.9472657601994007
2023-05-03,5,58,0.32022686827086166
2023-05-12,1,101,0.1280399674049355
2023-09-07,18,59,0.19180858499211983
2023-05-16,21,85,0.268330037683177
2023-02-19,25,19,0.8569114259263135
2023-05-13,10,78,0.36753031517831103
2023-02-28,4,26,0.40662947100301483
2023-11-25,24,26,0.5772109772461571
2023-03-15,4,96,0.4245966623039584
2023-07-08,23,138,0.5907254997670428
2023-10-18,21,121,0.5477870826992174
2023-08-07,24,114,0.11345515650219162
2023-04-09,10,46,0.9163810803063279
2023-10-14,15,121,0.08258666442551477
2023-02-09,12,170,0.7997173734842291
2023-07-05,9,183,0.6598060994105415
2023-06-18,23,60,0.5570950840485056
2023-02-21,1,86,0.44361681029074085
2023-04-20,15,96,0.9915825899670507
2023-06-03,14,77,0.08718233834766587
2023-10-20,23,49,0.9131163612171622
2023-12-13,2,152,0.14855802077417157
2023-08-30,4,8,0.2601727263211955
2023-11-14,8,192,0.1916525918731179
2023-08-31,15,71,0.6056178842592492
2023-07-24,24,143,0.6129519851986832
2023-02-16,22,167,0.09945156262175081
2023-04-14,13,35,0.39807841130640453
2023-04-06,6,25,0.2037654907531401
2023-08-22,14,15,0.7455976924161959
2023-06-22,19,87,0.8204874737720317
2023-10-15,12,106,0.533057104591867
2023-10-25,18,135,0.6127654265582334
2023-03-05,12,162,0.8970961978678045
2023-04-27,1,53,0.02998764816708277
2023-11-30,3,165,0.9093653784982967
2023-03-01,3,67,0.6861504877863784
2023-07-09,4,125,0.1592553632123288
2023-03-05,15,3,0.414063578891415
2023-12-31,5,15,0.8143624132676941
2023-10-20,24,145,0.7173223773159488
2023-01-18,23,67,0.009653073407289159
2023-12-06,14,111,0.6626478357892109
2023-02-22,1,182,0.5622598126909408
2023-03-09,21,55,0.523966006923935
2023-02-23,9,30,0.07103039634969066
2023-08-08,11,53,0.03068747811118544
2023-08-26,4,85,0.5552403291083461
2023-06-15,7,193,0.3398395144948576
2023-11-30,1,77,0.19036363174983806
2023-07-01,2,163,0.13094773057975262
2023-03-14,14,183,0.43348155390229104
2023-08-25,15,90,0.5657100901804287
2023-09-11,2,144,0.06437482182422782
2023-06-03,4,1,0.7316049487649305
2023-09-17,21,69,0.8327655180881354
2023-10-31,5,74,0.917582091418649
2023-01-21,17,177,0.5371591918301437
2023-11-25,12,126,0.24181548593236413
2023-11-14,1,141,0.13781661343549
2023-10-15,3,148,0.7973582134808388
2023-02-02,11,121,0.49531291060759786
2023-08-27,17,167,0.14677513983328905
2023-08-18,25,64,0.5715660346129239
2023-08-31,2,83,0.6977282625528812
2023-11-04,3,122,0.9597124545116957
2023-01-23,1,113,0.7951015661291878
2023-03-19,8,175,0.5581025998798886
2023-12-29,6,160,0.7128025439106828
2023-07-26,18,132,0.4911900336655516
2023-03-05,14,188,0.03747413895092744
2023-03-15,19,172,0.5854458366529375
2023-08-19,10,172,0.966227513724712
2023-06-29,15,135,0.888162185793284
2023-04-20,14,91,0.7698754436121937
2023-05-02,12,70,0.849157231672274
2023-04-23,6,188,0.8629207989841626
2023-05-01,12,176,0.5892372395426688
2023-01-27,7,97,0.4279096551687718
2023-11-21,22,58,0.051255295217810914
2023-03-14,21,34,0.8947968050239455
2023-10-17,17,169,0.7385167163475784
2023-01-16,12,99,0.7804289568006646
2023-03-09,6,60,0.8785730218996682
2023-10-03,22,48,0.5382585239176758
2023-03-12,15,77,0.05550187289413255
2023-02-13,11,57,0.453993870935654
2023-05-23,17,3,0.26651687866285034
2023-10-28,20,132,0.8644110873907298
2023-08-18,13,21,0.5477041342450367
2023-01-21,15,30,0.13181101771337678
2023-01-10,5,151,0.2974056969600175
2023-06-05,6,4,0.3070231532627198
2023-07-21,19,185,0.1488032394611889
2023-05-06,25,199,0.3960764387778767
2023-02-23,23,100,0.5524505212431315
2023-12-21,15,63,0.9872093250830568
2023-09-13,22,121,0.3928772708316043
2023-04-19,22,190,0.9858985344274505
2023-09-29,23,49,0.17633847592828422
2023-10-10,5,69,0.07181760967586726
2023-07-19,17,121,0.7716784689543944
2023-07-04,24,172,0.23734097333913684
2023-05-24,20,181,0.3783346091471359
2023-09-14,4,165,0.43546263980687394
2023-08-05,3,12,0.028232608352947497
2023-07-08,14,60,0.29000546991076215
2023-03-11,7,43,0.13650772959386015
2023-12-20,1,148,0.9745550904264721
2023-06-13,3,187,0.46107472473119626
2023-05-19,25,61,0.9187310487149335
2023-09-16,9,14,0.7269018356744689
2023-02-26,12,176,0.20862605082673857
2023-01-31,14,85,0.15169077499707184
2023-04-13,19,39,0.2465528610422535
2023-12-07,1,96,0.2711203762591694
2023-08-23,17,54,0.8824345414049009
2023-06-04,24,167,0.24099361569901168
2023-01-06,21,166,0.47849250960268164
2023-03-28,6,2,0.24158660723415737
2023-04-20,20,155,0.6510570471176502
2023-08-20,10,12,0.5885098184058059
2023-08-30,20,142,0.28204543193413156
2023-09-26,15,170,0.8973806664431591
2023-07-16,7,167,0.4890482807538352
2023-04-25,13,192,0.8254900734961892
2023-05-24,10,59,0.6319268980371668
2023-10-18,21,198,0.196222414193567
2023-11-14,2,59,0.44364083531310683
2023-10-13,10,154,0.7008995189657308
2023-07-05,24,12,0.7868941989245375
2023-06-19,18,93,0.2612011471423804
2023-10-15,23,17,0.8881230941811726
2023-01-17,8,50,0.9174717732188079
2023-08-26,7,167,0.074418536020326
2023-04-27,23,29,0.4565140437356402
2023-05-26,19,21,0.4891401987942907
2023-01-11,1,91,0.7986176354862697
2023-11-29,1,75,0.6196768195975666
2023-01-27,16,190,0.017560074856435293
2023-07-25,18,47,0.6730533223368961
2023-05-05,22,81,0.10667595548035103
2023-04-11,14,137,0.006095484761200365
2023-02-14,25,153,0.9468284132291163
2023-10-20,16,11,0.13396421503581146
2023-06-13,8,55,0.31790408952732396
2023-07-12,17,17,0.0772887039959802
2023-03-29,22,7,0.29626724449908215
2023-04-14,22,47,0.527157247036243
2023-10-30,11,158,0.7589113191356913
2023-12-08,24,25,0.05964299199702339
2023-05-02,15,152,0.8294578395766246
2023-05-24,17,166,0.13290938291494814
2023-12-20,19,114,0.3195435966460314
2023-08-08,5,73,0.529944667228152
2023-05-04,12,27,0.6511892265891489
2023-06-14,25,79,0.5149368642187574
2023-10-26,16,77,0.40068480581136234
2023-01-16,8,39,0.07833120389906101
2023-07-22,3,135,0.03703297833314645
2023-06-02,25,21,0.8972747644770771
2023-08-22,8,114,0.25114083332524406
2023-03-07,1,144,0.14846017011631618
2023-01-19,23,144,0.6473011182058509
2023-11-27,25,58,0.04340920460732478
2023-01-12,12,5,0.5761341409130554
2023-09-03,3,195,0.8385833743188643
2023-12-22,24,66,0.2860853572919555
2023-12-08,18,94,0.12223673395332624
2023-09-20,16,31,0.35059604803297983
2023-06-25,8,64,0.617837578654674
2023-01-21,5,24,0.7569249513747525
2023-02-10,14,66,0.5889104268820783
2023-01-14,21,86,0.622153406161696
2023-07-15,13,25,0.9258558332295949
2023-07-23,6,154,0.2946669063609888
2023-02-07,21,183,0.7241370847563336
2023-08-15,6,4,0.165341891575992
2023-05-29,9,178,0.9352120827643748
2023-02-14,10,136,0.39411531112375564
2023-09-02,9,94,0.43697777417413575
2023-08-05,20,4,0.5569925184867756
2023-08-11,8,123,0.7398972237228439
2023-01-27,16,28,0.5753835930945227
2023-03-18,21,87,0.8394764865771913
2023-07-03,6,152,0.8923989420660065
2023-01-07,11,130,0.33572440529481085
2023-09-18,4,88,0.22173951851791363
2023-05-14,4,95,0.5698116414661447
2023-01-07,16,25,0.6186141913683973
2023-07-03,22,45,0.35377471998648047
2023-12-26,23,93,0.9579910248733128
2023-05-28,1,3,0.7227727943510335
2023-11-11,8,106,0.7154613042885921
2023-03-16,25,166,0.9505684855784519
2023-10-05,7,56,0.8033055462561866
2023-06-30,8,61,0.519728762989855
2023-10-03,2,9,0.7480639830953313
2023-09-28,13,198,0.7514134679785862
2023-03-28,5,199,0.27181663020079805
2023-04-10,15,3,0.46970383022191087
2023-03-28,3,116,0.897476579723956
2023-12-31,22,66,0.25807036142892614
2023-03-20,12,2,0.3848209523997612
2023-08-30,25,191,0.4755416206895706
2023-02-04,15,26,0.8441010946627425
2023-02-10,25,138,0.18501451839205374
2023-02-17,13,24,0.9910050937255411
2023-05-11,24,27,0.5777131820329184
2023-10-12,11,135,0.12390119021324031
2023-10-05,17,147,0.5553659072925035
2023-03-28,24,38,0.8911572738059531
2023-01-12,11,138,0.872265401896352
2023-02-15,19,81,0.15656256114676148
2023-08-25,12,55,0.8262772510525487
2023-11-24,13,76,0.2244044832788067
2023-02-16,7,177,0.5630799424401703
2023-06-04,12,116,0.47314616923311714
2023-06-01,18,99,0.18737849924072114
2023-10-23,16,10,0.08606120788785931
2023-03-05,24,35,0.8745041783855492
2023-11-09,18,124,0.5788169013102747
2023-03-06,12,13,0.04481145211960258
2023-04-21,19,20,0.2853244640364436
2023-09-19,7,29,0.8132839431361721
2023-10-25,5,191,0.8050947063132835
2023-09-10,24,44,0.5489345229921049
2023-03-09,9,169,0.019551408039560125
2023-05-13,15,196,0.1329177598958572
2023-09-04,8,180,0.9886985180025548
2023-04-20,8,46,0.9770360733653439
2023-02-16,11,162,0.9545708957938038
2023-02-21,1,152,0.06349474299651647
2023-02-15,21,35,0.48111840008591633
2023-12-20,21,113,0.8757425462633438
2023-10-04,15,62,0.19046908515846928
2023-02-21,14,152,0.2651965559683752
2023-12-31,7,191,0.08783816647525577
2023-09-17,8,126,0.25041617142774397
2023-09-04,3,161,0.8702594900413679
2023-06-17,19,20,0.9969691949652393
2023-04-22,19,4,0.7311340504891216
2023-01-14,3,123,0.15974418075935226
2023-02-21,16,37,0.0941702386652793
2023-06-05,10,135,0.021989350605513436
2023-05-02,5,53,0.9279292752487253
2023-11-19,2,88,0.6315040960674871
2023-08-19,10,11,0.4229198502814808
2023-01-13,1,63,0.717978353586542
2023-12-20,16,93,0.13648992195266774
2023-11-10,25,189,0.9825118656545274
2023-06-21,21,190,0.8287651432504761
2023-11-21,5,171,0.41031101706118944
2023-08-24,3,30,0.6995569314147033
2023-02-04,22,200,0.1365994182607716
2023-04-29,16,47,0.286027638268304
2023-03-18,12,38,0.560780504007013
2023-09-22,2,114,0.10124680113623385
2023-07-05,11,29,0.28790321472345914
2023-06-13,4,177,0.8972699861251675
2023-08-10,3,194,0.28730817345662363
2023-08-29,12,84,0.5537929291557196
2023-06-25,22,122,0.23106999641385784
2023-04-14,1,83,0.3766303808120547
2023-01-28,6,154,0.986098082073741
2023-07-15,25,164,0.37465704387140875
2023-07-06,3,86,0.8439067683233723
2023-10-13,19,19,0.6743585589559422
2023-01-31,1,166,0.48268418034317395
2023-01-24,3,158,0.03513541205894666
2023-06-11,6,19,0.5586382880410431
2023-09-07,5,49,0.7932532949483951
2023-08-09,1,79,0.9521345473209419
2023-06-28,19,53,0.12320343136402545
2023-06-08,14,59,0.5575116988331751
2023-01-30,16,131,0.7406843064023126
2023-11-20,10,89,0.0648984900712346
2023-04-14,12,30,0.8572478126526758
2023-10-13,5,80,0.8987593432032229
2023-07-30,10,186,0.6898996623583734
2023-07-13,13,50,0.549205613745163
2023-01-03,13,43,0.8816690110517187
2023-01-22,14,81,0.09080958278125295
2023-04-19,13,33,0.5261830400862153
2023-09-12,11,6,0.21819812695431906
2023-12-04,22,48,0.4649384331730332
2023-11-23,25,117,0.6337224300562426
2023-12-25,5,31,0.2765773812928717
2023-07-14,17,92,0.28778513037660036
2023-05-20,19,131,0.9304143998211774
2023-05-09,6,121,0.23474933018784028
2023-03-08,2,35,0.5860144929255465
2023-11-13,2,124,0.3414073445348733
2023-08-12,19,148,0.03236942299981116
2023-12-25,12,133,0.2168486909164299
2023-10-16,3,147,0.3999689573947418
2023-05-26,2,55,0.5225078307922086
2023-05-13,14,109,0.32281922997213597
2023-10-17,10,6,0.11490044831600432
2023-04-20,9,49,0.32039791844691357
2023-11-19,25,196,0.29727862813199946
2023-06-10,15,84,0.49423323447302336
2023-04-12,19,154,0.6389418860200481
2023-08-19,14,129,0.35747452809861757
2023-06-27,12,197,0.5758856969774429
2023-06-27,11,40,0.20017888174473075
2023-06-06,12,77,0.8569347774238976
2023-10-11,22,31,0.09858211354890534
2023-06-18,11,200,0.8637656176079285
2023-03-25,1,113,0.021948013550490364
2023-10-29,9,50,0.3538427850068935
2023-09-17,22,7,0.5604308581653392
2023-01-24,7,148,0.9380108008738582
2023-12-07,1,9,0.8332723826652376
2023-11-26,12,170,0.25614311680094537
2023-03-20,10,43,0.19849458453901536
2023-08-05,5,65,0.06875473976735347
2023-05-30,21,178,0.6388690055258158
2023-08-11,1,177,0.6938158128496692
2023-05-28,15,10,0.9675230185016735
2023-01-05,24,78,0.5542607569639957
2023-01-14,7,77,0.38710595615119003
2023-07-07,12,83,0.8745441982690931
2023-07-02,18,26,0.28669696547568346
2023-02-28,4,102,0.5206183411699377
2023-07-27,20,99,0.20737660788390333
2023-11-10,18,2,0.9725038208268321
2023-03-07,4,117,0.9002645839983333
2023-08-19,8,113,0.5920934250534933
2023-10-27,19,46,0.0806670661564639
2023-12-28,6,97,0.02732358474024188
2023-05-28,9,19,0.3705357452619146
2023-07-03,20,69,0.3900121884666188
2023-03-19,18,71,0.020202067740447416
2023-11-18,12,171,0.864203662199799
2023-01-26,24,50,0.1301657798521627
2023-03-11,12,83,0.029257596558502463
2023-06-07,6,165,0.5008877143822603
2023-12-21,16,71,0.9088543415268107
2023-04-09,12,57,0.352965778788743
2023-10-25,2,13,0.5478764799462135
2023-01-16,14,65,0.4596640934780598
2023-06-22,9,25,0.023540124266499318
2023-01-03,25,169,0.7875464986282323
2023-10-29,5,150,0.5282029606875482
2023-04-05,8,65,0.07364477716012818
2023-12-11,1,51,0.6023367416666818
2023-11-07,19,120,0.4282591592931433
2023-07-16,22,179,0.04953312389894826
2023-11-19,24,158,0.33245794203252965
2023-03-08,9,183,0.15114466769042179
2023-11-06,19,161,0.6579053381697345
2023-12-29,8,140,0.33887630449581674
2023-03-10,18,141,0.34103793088779455
2023-01-11,20,121,0.5610109269909936
2023-12-12,15,99,0.8429539410604813
2023-12-21,24,70,0.15972578118735514
2023-09-20,11,135,0.12364821822778149
2023-04-25,20,17,0.475590133836981
2023-11-05,13,150,0.7579207346049225
2023-05-07,19,180,0.2400608993583555
2023-07-21,1,83,0.8574240379594256
2023-12-27,2,4,0.08526579705749604
2023-08-16,12,114,0.14350391902291337
2023-04-05,9,33,0.23370084470347108
2023-01-15,5,109,0.4751858346530614
2023-12-09,18,101,0.20839497716174282
2023-01-13,6,100,0.5074944890870152
2023-11-29,6,130,0.2495689214417932
2023-07-31,3,63,0.0950047596031619
2023-05-01,6,133,0.4981328657471499
2023-07-07,21,21,0.13203470722945787
2023-08-05,2,45,0.30404036768347775
2023-12-11,1,198,0.5977788507444536
2023-08-11,16,1,0.31912653633327914
2023-09-01,12,46,0.061825762834559206
2023-03-11,23,165,0.17424430952111625
2023-05-22,2,199,0.7862850981991678
2023-02-12,5,162,0.12405501404277008
2023-08-24,20,76,0.7028174187443147
2023-10-01,9,33,0.7034993999848893
2023-10-14,23,73,0.664941192780186
2023-05-12,16,152,0.23462830157147374
2023-02-08,2,40,0.19549344732835894
2023-03-29,2,170,0.5156363334114
2023-06-17,10,199,0.6359968547522813
2023-03-28,6,143,0.49128432199900607
2023-01-02,3,43,0.06502324952956484
2023-12-29,22,34,0.08474888272246484
2023-01-11,24,6,0.3671864476539184
2023-09-03,25,146,0.9064924506453521
2023-09-07,25,117,0.6655545460416337
2023-05-07,2,108,0.5368071059711493
2023-08-16,5,60,0.17316712509072552
2023-10-19,3,68,0.16417854789522446
2023-04-03,4,26,0.8243423953936967
2023-03-18,22,10,0.3513749054957347
2023-06-15,23,13,0.9817663350299066
2023-06-30,19,67,0.6816338472651778
2023-12-23,7,191,0.092412443451791
2023-05-21,5,69,0.360645539546521
2023-07-14,14,140,0.10926821828726996
2023-01-13,6,99,0.8156808872933103
2023-05-06,10,132,0.8473417696318255
2023-10-04,5,31,0.5673722723760719
2023-07-05,17,150,0.18273307152138574
2023-05-14,12,33,0.9638994975489246
2023-05-24,21,52,0.2734500284263004
2023-07-27,23,47,0.12079744366619483
2023-03-27,25,19,0.05312450218438991
2023-06-28,6,104,0.8286555243142473
2023-05-02,18,46,0.7048033861117516
2023-12-07,14,170,0.12869474727455343
2023-04-07,10,112,0.5644848022420947
2023-06-10,20,18,0.012586195272646816
2023-11-16,14,190,0.43912313689053173
2023-12-12,5,189,0.49527554320253486
2023-08-04,3,127,0.48039745708828985
2023-12-05,6,160,0.19732233209237793
2023-05-17,20,166,0.6055635360625675
2023-12-23,7,105,0.586531810902848
2023-01-19,21,125,0.1258975083625472
2023-02-10,8,112,0.7346862523908152
2023-06-23,21,51,0.03158588110857519
2023-11-01,3,152,0.9950041782673825
2023-06-16,16,19,0.18430512027226942
2023-03-09,20,133,0.11691433463280032
2023-04-13,22,111,0.958444919134332
2023-04-11,1,38,0.7468475097055599
2023-02-14,21,136,0.7664734611977513
2023-06-22,23,30,0.14798761667749905
2023-08-16,4,14,0.7149693480358424
2023-03-01,24,69,0.5898718327577309
2023-12-22,12,196,0.6349331064107794
2023-04-13,3,6,0.25899044847541197
2023-09-28,12,142,0.9308580119709045
2023-02-03,22,156,0.31831448073794644
2023-01-14,8,88,0.7131236542282072
2023-12-12,6,177,0.11329260998852853
2023-02-08,18,193,0.8945544406293593
2023-12-22,25,113,0.7762667433644623
2023-01-16,22,71,0.5750160794749474
2023-09-23,5,107,0.3274957020692292
2023-06-17,2,161,0.7252791791045508
2023-06-18,10,128,0.10388487568943305
2023-11-06,24,83,0.3745779261975012
2023-06-22,9,33,0.19476760626249634
2023-10-25,16,24,0.8013115654280161
2023-04-18,19,153,0.9302581127950617
2023-09-09,12,3,0.7764132490753921
2023-05-16,1,56,0.32138802313845194
2023-06-01,7,172,0.01588955659049085
2023-12-22,5,131,0.21957443958514578
2023-04-17,6,11,0.7128614842817543
2023-09-24,14,165,0.6778394947932437
2023-01-09,19,6,0.05896619049407659
2023-08-27,16,127,0.1816628706810559
2023-03-21,18,188,0.4717244795647987
2023-07-14,11,82,0.5008697455110901
2023-06-23,3,130,0.8717647326244404
2023-07-30,6,8,0.2009929761467043
2023-10-16,5,70,0.2562492184163988
2023-01-13,23,113,0.5665607305237138
2023-06-16,3,53,0.3355158279456325
2023-04-22,1,67,0.837272885052494
2023-11-27,19,58,0.7234667109706819
2023-07-17,1,149,0.167392690702311
2023-05-15,15,130,0.29562425398362757
2023-11-03,17,175,0.9589752464834908
2023-11-22,20,180,0.6847966502950653
2023-06-08,21,88,0.5076571567159286
2023-11-04,14,10,0.9548657213395965
2023-10-18,23,105,0.28491821410779716
2023-03-26,7,122,0.341999793665802
2023-09-10,7,107,0.1353656722646468
2023-12-16,5,34,0.8554517185836041
2023-02-02,10,105,8.722246191428251e-05
2023-11-12,18,20,0.7496899663816632
2023-07-20,11,99,0.4645473710969308
2023-09-26,18,73,0.3942165844036257
2023-09-01,4,196,0.1304976339605225
2023-11-12,17,65,0.19166406890152987
2023-07-30,8,168,0.5394475969242881
2023-04-27,18,192,0.25171551760004174
2023-01-29,21,145,0.8749168223093667
2023-12-25,6,192,0.4043232824100367
2023-09-16,4,60,0.9987733506211178
2023-04-06,9,144,0.9229518243479532
2023-08-05,10,161,0.45838004088248085
2023-01-24,2,52,0.2426882900277496
2023-04-25,8,49,0.06158395337540301
2023-08-31,13,21,0.9665575975847669
2023-08-03,4,111,0.1586263965493261
2023-09-27,25,122,0.9958501406428825
2023-10-25,22,11,0.7479594319398124
2023-01-27,19,160,0.8927780644427485
2023-03-20,11,81,0.5169117220434835
2023-08-07,12,57,0.056326230685613266
2023-03-21,22,170,0.0735634264710664
2023-06-09,22,90,0.11385522571907525
2023-11-25,25,98,0.6532232656270249
2023-01-11,8,78,0.07778482080418603
2023-11-28,12,70,0.8899543614912891
2023-11-25,3,183,0.9672215531531306
2023-05-07,17,111,0.5661318747565088
2023-05-02,24,148,0.1275209508122348
2023-12-24,12,149,0.43632769307854735
2023-08-10,17,124,0.19154174916479505
2023-06-26,5,166,0.6369652534242888
2023-12-08,20,44,0.7752023921755219
2023-06-09,6,50,0.3360944527194454
2023-02-05,22,154,0.28322860212860423
2023-01-24,12,30,0.35630671575276474
2023-03-15,22,65,0.11270258722005999
2023-09-30,21,87,0.5773702166375007
2023-10-02,19,118,0.405160193769907
2023-07-06,12,136,0.21430622181399628
2023-06-18,17,177,0.14494072087910093
2023-09-04,21,61,0.6735570217075224
2023-11-24,9,128,0.24083019331482136
2023-08-21,20,105,0.8455955514180991
2023-01-27,23,106,0.6656660792268229
2023-08-13,7,138,0.15731765726772418
2023-12-06,25,144,0.8852223822853635
2023-12-27,11,17,0.055262977157815696
2023-06-12,19,136,0.9237919858657164
2023-07-21,19,60,0.08988329670924722
2023-01-23,14,11,0.8750699497699675
2023-10-06,12,105,0.3515849863890692
2023-08-24,11,88,0.5520360615672054
2023-09-21,6,122,0.02374491588856642
2023-12-03,13,37,0.9142488906648576
2023-05-03,24,55,0.8072390177426303
2023-02-21,2,152,0.9963578349152027
2023-02-21,8,21,0.35805175039259207
2023-06-23,6,162,0.35577108665429524
2023-12-17,24,189,0.2365699585764781
2023-12-16,18,94,0.5621375875741861
2023-11-09,14,135,0.7524404705459978
2023-10-09,15,189,0.06303483438488888
2023-01-15,11,116,0.7884098688271711
2023-01-29,17,90,0.3985243326922643
2023-06-03,21,19,0.9199526136035622
2023-09-15,20,175,0.9233061814471419
2023-11-29,18,4,0.9930698202458366
2023-03-10,2,22,0.45436779505258496
2023-01-02,5,41,0.24947873093851558
2023-07-29,11,186,0.7255799132922732
2023-10-16,7,67,0.6735677810230374
2023-10-28,3,42,0.7267440006366348
2023-11-13,15,100,0.5085120401432955
2023-06-05,21,95,0.7485589829602901
2023-08-24,17,30,0.8371519227566963
2023-01-26,14,117,0.44708755832915503
2023-08-02,3,167,0.16766981646101908
2023-11-14,3,155,0.5694313013987042
2023-09-25,25,38,0.36921677561425037
2023-09-23,1,165,0.8527941309782698
2023-02-04,24,30,0.030063124131439967
2023-05-13,3,190,0.8493344100120366
2023-06-29,18,13,0.011056346915816695
2023-10-19,21,93,0.19524534152899808
2023-12-26,17,73,0.7343853663479811
2023-04-04,10,58,0.6355018947053117
2023-01-18,2,16,0.8883612319872328
2023-10-07,9,100,0.5818570898658554
2023-01-28,20,116,0.53056819514961
2023-01-26,2,9,0.48186780896601444
2023-09-20,5,118,0.8814383886696872
2023-07-12,15,81,0.25041319397425066
2023-05-22,16,200,0.985501048927084
2023-04-02,12,131,0.6747432334513154
2023-12-25,17,13,0.7832017284734214
