date,store_id,product_id,value
2023-03-27,9,133,0.3813944983976798
2023-03-24,22,73,0.8701186862959055
2023-05-07,18,2,0.43797732911345455
2023-11-11,1,186,0.455915324685606
2023-09-17,24,102,0.9691941761862485
2023-03-08,7,158,0.3076129219538727
2023-06-13,3,150,0.9109541588952214
2023-02-18,19,31,0.05470949606169129
2023-11-29,25,61,0.15328191170205197
2023-03-28,6,3,0.3237222226607931
2023-11-26,3,188,0.42293590312234475
2023-01-08,7,142,0.32240160371335436
2023-04-13,21,151,0.6852573543848345
2023-05-08,13,176,0.625607115545424
2023-12-28,21,161,0.535101157600303
2023-12-07,14,71,0.8147970568044391
2023-10-02,12,160,0.9967727089471689
2023-08-02,15,192,0.6067260574486606
2023-05-05,2,163,0.37090320066510196
2023-09-02,18,107,0.8070353517380976
2023-04-01,1,128,0.3653071201813678
2023-02-10,12,22,0.8851971839065169
2023-11-05,8,155,0.3029234382100797
2023-12-07,22,194,0.5223331931539886
2023-11-22,21,177,0.5339321294523505
2023-08-22,4,129,0.30643852034901475
2023-12-09,17,68,0.4497812784396167
2023-07-17,7,132,0.24142455591968726
2023-03-20,11,43,0.5495132965938562
2023-07-23,18,115,0.37369854368053623
2023-09-26,20,36,0.14027718371589604
2023-12-08,24,21,0.05338638129367046
2023-06-29,5,118,0.10913788564481597
2023-01-24,11,121,0.41563142356134264
2023-03-17,6,43,0.039566252161224225
2023-09-04,1,90,0.8272548205250286
2023-08-14,23,128,0.21767690456829047
2023-09-21,5,196,0.5201237215867404
2023-12-11,6,6,0.04871156256501363
2023-12-25,21,182,0.48167283191751686
2023-11-13,6,193,0.01849955453731722
2023-07-29,5,137,0.3612192741273541
2023-06-28,23,151,0.3171972370178371
2023-03-10,25,95,0.9853429837445783
2023-09-17,1,127,0.18211353075267145
2023-08-29,15,114,0.15673584189301804
2023-06-21,15,72,0.9073264590191387
2023-12-18,5,143,0.51260720145552
2023-09-26,11,81,0.7313516153135386
2023-04-08,17,112,0.19067985876107774
2023-09-02,2,177,0.6908093432458117
2023-04-18,14,144,0.8558594780280383
2023-03-08,14,59,0.6926424685748978
2023-01-04,15,110,0.9466637691740027
2023-09-02,18,110,0.7247369742674207
2023-06-05,21,16,0.9182157102478807
2023-08-19,6,93,0.5521167711063704
2023-06-19,10,130,0.7019840114851433
2023-08-24,7,27,0.20621296060478067
2023-10-05,21,15,0.20299043112563597
2023-03-06,6,73,0.47075440818338343
2023-09-29,17,159,0.3008740941234411
2023-07-25,1,119,0.10074972360948031
2023-04-18,6,119,0.1640711961333723
2023-10-14,13,101,0.7382920556006018
2023-08-21,23,46,0.6409801896236809
2023-11-01,21,93,0.5646722180383938
2023-06-02,11,44,0.6781316122737654
2023-03-27,2,97,0.4510210509408926
2023-09-01,8,113,0.17994969818307482
2023-03-20,5,155,0.4621590665568611
2023-06-11,10,11,0.883649477389538
2023-10-09,3,96,0.5309928812077396
2023-04-29,23,164,0.43729815594192045
2023-05-17,22,126,0.6892406708876766
2023-07-16,24,4,0.39811336454551205
2023-05-07,20,136,0.1149800400983455
2023-08-05,17,84,0.6143696744206054
2023-09-09,8,48,0.6314257603794161
2023-08-23,13,157,0.30054737893713557
2023-10-14,25,192,0.42887480547247336
2023-03-08,6,199,0.8574529255199985
2023-02-11,23,52,0.7962706213120093
2023-08-08,22,54,0.13507301400611504
2023-09-15,1,112,0.6247411070558415
2023-01-10,23,73,0.8735624389279398
2023-05-31,22,111,0.16771424347536334
2023-12-27,19,173,0.09446686509395696
2023-05-11,21,130,0.33494158506893
2023-08-10,8,91,0.4272751696820427
2023-06-19,19,90,0.11802549006052487
2023-12-19,15,86,0.9464114183786237
2023-06-13,9,72,0.5504339862432862
2023-02-16,25,174,0.8738593285859744
2023-12-09,9,67,0.08273801425392924
2023-10-31,6,31,0.29410176858350723
2023-07-25,24,194,0.9920661468761698
2023-06-09,9,18,0.518913193358963
2023-11-21,20,3,0.20920579047026344
2023-09-14,4,64,0.7192326855694401
2023-03-25,14,132,0.8819282438329686
2023-06-05,22,182,0.3419186161355461
2023-10-30,7,37,0.016296024179665358
2023-07-02,10,109,0.32944961154789976
2023-02-05,11,183,0.014997097038734641
2023-03-04,15,106,0.36641001283564467
2023-12-26,24,149,0.3749191927067751
2023-04-23,12,117,0.09175712581206064
2023-03-07,20,180,0.6725793881534955
2023-01-13,12,19,0.8669748640985763
2023-12-06,4,24,0.33714907749475254
2023-03-25,22,123,0.31732337040518765
2023-12-05,16,121,0.9644772255213843
2023-09-12,20,126,0.6587767474421482
2023-09-05,5,195,0.8046647669064069
2023-12-25,25,137,0.053877472027599516
2023-02-12,19,141,0.301296310004331
2023-11-18,11,136,0.5543376041101826
2023-05-26,23,196,0.8324501714108303
2023-09-20,20,159,0.9617270782335298
2023-09-15,3,87,0.2729293461207156
2023-06-27,11,104,0.5396119732336391
2023-08-12,20,69,0.9873931374120732
2023-05-26,9,165,0.12871429183081307
2023-05-06,11,180,0.8272757319093835
2023-03-10,6,193,0.11327573614798447
2023-03-14,8,54,0.6598451669274887
2023-02-26,8,97,0.18268696060511214
2023-10-11,14,8,0.7703782843508675
2023-12-13,16,75,0.6463475842835996
2023-04-21,17,189,0.7988398192216355
2023-07-04,13,22,0.8850630885343522
2023-07-19,18,39,0.21286703543480634
2023-02-20,24,118,0.3909626078856394
2023-05-16,11,23,0.09380785440231376
2023-11-26,15,58,0.2508030153212176
2023-01-11,10,200,0.20109216758652537
2023-02-14,3,193,0.008999153342548749
2023-08-14,12,2,0.9988973636124974
2023-10-24,16,43,0.6984316471674873
2023-03-29,5,26,0.5250010010651949
2023-11-12,15,77,0.483954457387054
2023-03-03,13,181,0.6195934631711101
2023-03-27,25,183,0.543795232733756
2023-08-13,25,105,0.971629033013622
2023-11-24,25,153,0.9363902918144996
2023-02-19,4,194,0.4428333827013926
2023-06-02,18,85,0.8320179374941105
2023-01-15,23,41,0.4377301520027692
2023-08-25,13,110,0.1711028620892875
2023-06-26,20,128,0.5202204616932932
2023-05-29,20,86,0.8011866921469174
2023-12-27,19,108,0.3323456659100483
2023-04-30,2,144,0.8945006942398389
2023-04-15,22,74,0.1992782815569082
2023-09-07,3,46,0.9805910253777264
2023-03-15,25,170,0.5318317701650364
2023-05-26,15,18,0.4591664932677605
2023-02-23,25,136,0.09841926632061171
2023-08-31,22,69,0.8179849578840424
2023-04-12,22,188,0.9134342594851903
2023-07-11,2,108,0.5319193241133079
2023-01-14,20,15,0.75021699777679
2023-07-21,8,30,0.9652325692224111
2023-04-04,7,94,0.8054398646805757
2023-08-20,17,58,0.3476449494936542
2023-07-31,7,65,0.3491214019931661
2023-08-31,13,165,0.4939464492566231
2023-02-11,19,78,0.798964707574482
2023-11-11,8,79,0.6995274495796122
2023-08-02,12,83,0.8654232658079247
2023-05-02,22,167,0.5539634418289068
2023-01-21,15,55,0.9531340436559543
2023-01-13,23,162,0.8788472926073163
2023-04-07,13,172,0.6669886783922988
2023-03-27,22,73,0.17834880113965546
2023-10-29,17,42,0.8396199031210124
2023-01-01,16,78,0.39215751311683333
2023-11-04,1,9,0.17983020852610831
2023-03-27,4,113,0.923005003220562
2023-04-11,22,137,0.7919302294698842
2023-01-06,12,134,0.893777739572135
2023-12-16,5,12,0.37533681665843877
2023-02-09,1,193,0.3001814036864565
2023-05-20,9,197,0.8672186944856496
2023-12-16,9,6,0.7468500773176171
2023-10-28,2,146,0.2938562889079027
2023-03-12,2,101,0.5301450277716062
2023-05-03,17,19,0.06767359600924505
2023-03-08,25,75,0.43905441055183936
2023-08-25,13,28,0.5293164254778084
2023-04-15,1,36,0.7325556247639851
2023-03-22,11,130,0.8169317701605227
2023-01-09,11,148,0.7317779642186498
2023-12-27,20,83,0.24999568132453265
2023-06-04,2,61,0.18382015429674192
2023-03-25,19,130,0.12054640231928226
2023-05-08,11,144,0.22877670834680686
2023-05-09,6,185,0.13759442496483643
2023-11-06,10,49,0.9754083997791438
2023-01-08,20,64,0.3481154717301107
2023-08-14,4,25,0.9985237615729455
2023-11-09,18,9,0.6715881673528352
2023-06-28,6,117,0.1527198777194535
2023-07-08,18,24,0.022734417659254436
2023-12-17,14,161,0.6654662828897936
2023-09-13,10,103,0.0005692383324021888
2023-05-14,20,90,0.24586371708674415
2023-03-22,13,11,0.9613907397982109
2023-02-23,1,79,0.39754627867407444
2023-07-31,19,94,0.5217569456360871
2023-06-15,22,181,0.6637487174873883
2023-12-06,16,179,0.024485788073585257
2023-06-28,12,93,0.16143808219347489
2023-03-06,15,127,0.42255750622648136
2023-05-12,24,83,0.1407795654884767
2023-05-27,19,10,0.19775178449430475
2023-09-23,3,50,0.5946183127505524
2023-09-16,24,51,0.1155531650738646
2023-07-05,15,187,0.9091638494012213
2023-08-13,16,151,0.22115450580831975
2023-08-16,22,71,0.6857352771333762
2023-11-10,7,194,0.5171468545846116
2023-03-17,15,165,0.9617294611690991
2023-10-17,13,7,0.3198845028979639
2023-11-12,3,100,0.34107502207998786
2023-06-08,16,179,0.48506851620248537
2023-07-08,9,2,0.8480712024496089
2023-05-02,18,46,0.7781786623990439
2023-06-17,13,165,0.49851129920698667
2023-11-11,12,117,0.958100902086833
2023-06-02,13,181,0.7704780704687962
2023-04-25,11,171,0.9382725622745655
2023-07-16,4,158,0.9144258798939217
2023-11-28,22,4,0.8831048122779633
2023-04-03,21,116,0.669676530871235
2023-02-22,10,94,0.02854518894417235
2023-11-15,5,18,0.8153670146709006
2023-01-09,24,41,0.8428956914302136
2023-03-03,15,67,0.7186346138688042
2023-04-17,3,22,0.2435674412195803
2023-04-13,23,132,0.11033909790952656
2023-03-29,12,23,0.9066672742789927
2023-10-01,24,91,0.9048477010032836
2023-11-07,24,35,0.05228583777932727
2023-04-19,5,50,0.06876386823948466
2023-08-09,3,32,0.36758479622523965
2023-08-01,14,192,0.8074709730493446
2023-03-02,17,20,0.9683189652663362
2023-12-10,17,147,0.7999565203532889
2023-11-27,3,75,0.7389533273441891
2023-05-19,13,98,0.3123356603914903
2023-09-15,15,184,0.5037423568940246
2023-07-01,10,200,0.5561201061156809
2023-12-31,20,161,0.07599543991968327
2023-06-29,19,65,0.2724720637921101
2023-03-29,10,37,0.8751460575470534
2023-09-27,1,128,0.03161874525500663
2023-04-25,2,30,0.42132879034261916
2023-07-16,8,180,0.08901672160811347
2023-10-02,22,50,0.10141297426896145
2023-10-16,4,67,0.40845786571748965
2023-12-20,24,163,0.4823714554948342
2023-12-15,20,91,0.03065466223478719
2023-04-28,10,26,0.6791197618617787
2023-12-01,6,55,0.41625703676178294
2023-04-19,4,181,0.9020029131490511
2023-12-04,25,12,0.9985896583503453
2023-12-01,18,189,0.4083113143889897
2023-08-08,14,146,0.2291078107221841
2023-05-12,16,43,0.3593065560455704
2023-03-13,1,29,0.016702777518278644
2023-01-16,15,114,0.48263142822625393
2023-09-18,9,195,0.8156897030244007
2023-03-05,19,66,0.5949502679440162
2023-07-22,14,21,0.6368744772392454
2023-08-31,18,27,0.2828917597115136
2023-01-11,7,106,0.57542591404339
2023-03-09,18,56,0.0027644476587193045
2023-01-07,7,58,0.322833665065996
2023-11-06,25,59,0.8958743508025794
2023-12-21,1,160,0.3023841492893248
2023-01-15,8,192,0.4486982906320067
2023-06-08,13,48,0.2526010980096659
2023-03-14,3,128,0.38084746048244134
2023-12-19,2,152,0.6468046001348837
2023-07-05,19,31,0.9614884690901422
2023-05-07,22,90,0.7674912047125284
2023-10-14,20,184,0.7135222707885429
2023-02-08,7,114,0.3909913414741836
2023-03-01,14,136,0.2272027675842926
2023-04-03,22,85,0.3545558653022012
2023-07-19,9,199,0.6337882166235116
2023-01-19,10,9,0.680972938420956
2023-01-06,20,191,0.05980124098327022
2023-06-02,15,152,0.5627757891401743
2023-08-09,19,119,0.625617502992212
2023-03-28,5,103,0.6401530850994324
2023-09-14,24,165,0.920631096523316
2023-03-25,12,22,0.0348714672411331
2023-12-19,3,177,0.8946659472631814
2023-10-01,15,178,0.4351097867316025
2023-02-20,16,86,0.4104694910917511
2023-10-06,1,80,0.7409601904785696
2023-07-20,2,77,0.6729230461794928
2023-04-10,14,122,0.055051910229738765
2023-03-28,14,54,0.550041295291421
2023-06-02,15,100,0.6630210729773276
2023-09-14,20,75,0.23504685872702624
2023-06-27,16,178,0.6355572680257118
2023-12-01,2,150,0.461265118393957
2023-10-26,9,155,0.1644705541786461
2023-01-11,23,93,0.2378255828863981
2023-02-08,12,88,0.3527878149112166
2023-10-07,24,122,0.8968187293826436
2023-08-25,3,174,0.2680773557785495
2023-04-05,13,182,0.2554660424387748
2023-09-28,22,91,0.7665827277729966
2023-08-05,5,52,0.4401000634207699
2023-04-05,5,95,0.21752765767190885
2023-08-02,14,152,0.028780644739765604
2023-04-10,17,137,0.825803116643017
2023-10-21,25,50,0.16045196966300657
2023-07-10,3,99,0.19982992205481998
2023-01-13,22,35,0.1552329263335145
2023-12-27,25,137,0.22386658518677582
2023-07-15,8,179,0.4088532109723778
2023-08-27,4,46,0.20273290856874515
2023-12-05,20,144,0.9146157338337824
2023-12-13,3,21,0.10848678933665024
2023-08-11,22,41,0.7086428637550999
2023-10-28,25,21,0.7692931389081942
2023-01-06,8,83,0.3234169323857111
2023-04-15,21,187,0.2840491538931529
2023-08-15,2,165,0.025681088469799773
2023-02-10,20,39,0.05296745196817798
2023-01-20,25,133,0.02992919109415426
2023-10-21,4,69,0.09783433814322717
2023-03-19,9,123,0.46539794708888704
2023-09-12,15,151,0.9074058746557306
2023-01-28,19,15,0.5639404122644583
2023-04-02,12,129,0.7150452660795301
2023-05-23,5,142,0.3977699710468935
2023-04-03,3,159,0.11233381112762075
2023-02-05,9,146,0.02714301560893173
2023-12-02,7,191,0.30809879052339095
2023-10-25,19,135,0.013906735935921066
2023-12-08,6,32,0.5978276764882838
2023-11-14,16,111,0.3168007444918518
2023-02-01,13,15,0.1889902154488443
2023-10-12,24,143,0.2817786511905923
2023-02-07,14,94,0.11685097919016285
2023-03-13,25,79,0.38300389443952965
2023-03-26,14,52,0.20901741347535208
2023-07-20,19,175,0.3721586776496296
2023-10-03,1,95,0.05797161416560981
2023-08-04,21,118,0.5555589161461115
2023-01-21,23,69,0.14653801803269306
2023-01-03,2,144,0.45117882812678367
2023-10-13,2,176,0.5218488015997129
2023-03-09,9,167,0.6076131593512074
2023-07-14,16,114,0.6764816762830558
2023-06-06,2,33,0.1394047261368695
2023-02-17,1,147,0.16191026186603275
2023-06-15,13,3,0.3295192073395248
2023-10-29,25,55,0.7558523038405397
2023-07-23,21,130,0.28622003788023764
2023-08-17,20,117,0.43620689536735147
2023-08-06,18,1,0.8994454455449197
2023-12-04,4,45,0.1535656157109604
2023-08-14,22,101,0.46512475894604566
2023-10-15,15,137,0.7332199752216167
2023-10-20,8,200,0.26766218922147444
2023-06-09,12,45,0.5222158356218768
2023-12-15,17,89,0.17380704416140624
2023-10-23,18,65,0.925346725424811
2023-02-15,24,98,0.22224153734209318
2023-04-03,22,154,0.18553718170567535
2023-04-13,1,54,0.2866001032275959
2023-12-14,4,7,0.17602197749589155
2023-10-02,3,70,0.6059690635340382
2023-01-10,19,59,0.894964072922184
2023-08-06,24,60,0.7420984318204475
2023-12-04,4,186,0.31713448076895867
2023-04-07,9,44,0.5216127130566808
2023-05-29,21,10,0.9974553060848391
2023-04-03,8,133,0.0179634184380979
2023-10-22,17,119,0.05726075244680506
2023-03-17,14,178,0.8035952922739158
2023-11-14,14,135,0.17594132878581903
2023-02-19,15,29,0.7966114636104629
2023-09-24,9,74,0.6685151633044674
2023-01-11,12,97,0.8426998886851662
2023-11-14,6,82,0.6507271479591953
2023-04-24,10,57,0.0765229322955312
2023-11-09,7,54,0.7071000182189546
2023-07-09,20,180,0.8147481268125276
2023-09-27,4,97,0.636675023524564
2023-10-21,3,181,0.8536576653460626
2023-02-20,3,115,0.7275502257980747
2023-10-31,16,152,0.09274279266784802
2023-12-01,16,158,0.3881746198671602
2023-08-28,25,112,0.8943251970698686
2023-12-18,19,59,0.370044460243128
2023-11-05,21,51,0.35582650931679494
2023-06-23,19,196,0.712014815954361
2023-08-16,9,36,0.42242319731134936
2023-05-22,10,142,0.33418337992458635
2023-06-28,9,168,0.8967442016655972
2023-10-26,13,23,0.19749099223377986
2023-12-13,12,173,0.48304359450618206
2023-11-22,16,43,0.7468307438966462
2023-01-25,14,156,0.9802648887674912
2023-07-11,2,185,0.7722527990580546
2023-03-06,15,61,0.2746366713758155
2023-01-08,20,153,0.7235489188977232
2023-01-23,12,139,0.5819438961964446
2023-02-24,8,143,0.7127708165480069
2023-04-12,1,54,0.040815033702574666
2023-04-28,17,106,0.22602967695950882
2023-09-15,9,188,0.46369494961211055
2023-06-07,13,152,0.6611357532905113
2023-03-28,9,188,0.4006004569488423
2023-05-23,16,112,0.4764834928005415
2023-12-20,4,141,0.5062641423670421
2023-03-11,10,81,0.88733262369455
2023-01-17,25,142,0.025950670232063988
2023-06-11,3,136,0.6697443505818479
2023-10-01,3,115,0.8343356290758023
2023-08-24,14,113,0.007285977887491524
2023-05-26,1,46,0.9873011943505605
2023-06-16,19,127,0.9939982092504029
2023-08-04,12,44,0.09268517972543544
2023-06-07,21,106,0.505962951769805
2023-08-10,8,11,0.749431301783939
2023-04-07,1,113,0.6680123201512141
2023-03-14,22,107,0.7497885500973557
2023-08-22,7,136,0.9961320742690387
2023-03-25,1,141,0.811578552006983
2023-07-04,18,91,0.5815729942693404
2023-03-12,12,107,0.1460191026418336
2023-08-08,15,115,0.5996125150805198
2023-01-08,23,39,0.6166908684278284
2023-02-27,5,112,0.600108926450743
2023-11-05,15,74,0.6578803799028373
2023-02-14,20,155,0.5328756002132568
2023-03-01,21,121,0.12580946524474101
2023-12-17,8,74,0.6538836775177188
2023-04-24,2,169,0.4752004894778038
2023-10-17,1,193,0.5573510330176434
2023-10-15,1,124,0.5998120514605686
2023-02-20,9,45,0.6406142515030141
2023-02-05,8,180,0.3663364074176192
2023-06-03,11,82,0.8309649005539917
2023-12-11,1,41,0.7484680680698801
2023-10-04,21,6,0.5623178752764258
2023-03-10,3,52,0.391673421769164
2023-04-01,20,175,0.22684017427666292
2023-02-02,1,21,0.10596715482430052
2023-01-20,15,35,0.45691429131324746
2023-04-03,10,103,0.9552888092640816
2023-06-20,5,62,0.18868319053211857
2023-02-03,11,142,0.803684075982405
2023-10-21,2,114,0.573810511548778
2023-06-03,16,109,0.8871484147155088
2023-08-04,3,187,0.0723794799684615
2023-05-07,19,120,0.7647861779619644
2023-10-18,9,75,0.4218700478622637
2023-02-11,8,122,0.6083077087282693
2023-08-01,25,180,0.2948429182268524
2023-12-13,15,181,0.4140540711658589
2023-03-02,2,188,0.5207116642617984
2023-08-11,9,1,0.10047592993029197
2023-02-19,2,11,0.26643633607325745
2023-12-19,7,185,0.09661444041918088
2023-12-17,7,62,0.5702236239558478
2023-02-15,16,56,0.6887341423867284
2023-02-28,4,105,0.8326637727357206
2023-07-10,25,138,0.7343123087906203
2023-10-15,14,107,0.3074985534901611
2023-07-14,12,62,0.19806783300829645
2023-03-21,23,174,0.8280451812338234
2023-10-16,7,159,0.3975573844018986
2023-11-30,6,184,0.16008571769044733
2023-04-08,3,72,0.6859990230274645
2023-06-10,2,124,0.9592807664699022
2023-01-13,5,50,0.89053298071549
2023-01-27,8,28,0.6472730726358535
2023-04-29,22,117,0.8513749345460564
2023-12-10,5,39,0.4205710459022899
2023-07-04,25,28,0.617584584870425
2023-01-07,19,24,0.9418343586790598
2023-05-30,18,139,0.8077980327891323
2023-02-15,19,158,0.4793841768727318
2023-04-19,20,109,0.48015353258976523
2023-06-09,17,8,0.49733067485883864
2023-02-01,24,87,0.6139079585886617
2023-02-28,15,92,0.42341060564395505
2023-01-04,12,152,0.17215583471760731
2023-02-01,14,100,0.121892139113709
2023-06-06,6,91,0.9776668353768453
2023-11-08,2,200,0.18436893762869688
2023-05-22,20,33,0.8363032151081086
2023-08-21,1,136,0.24938553680870545
2023-11-23,20,175,0.6582772174850685
2023-04-21,15,77,0.9178703844557945
2023-06-14,3,133,0.6682143839454722
2023-10-27,9,161,0.028641437624955524
2023-02-15,10,7,0.04056410832482982
2023-06-28,22,161,0.34378847161524684
2023-03-21,10,38,0.19212030725548945
2023-09-16,4,11,0.6208756103622566
2023-01-04,4,117,0.14342273410313455
2023-01-17,6,185,0.35227365786717035
2023-01-23,13,14,0.9889530895889597
2023-10-02,12,171,0.05229458594587355
2023-03-01,12,127,0.3723932590932759
2023-12-16,3,195,0.9574218508573494
2023-09-28,12,42,0.8997732232334636
2023-06-12,3,193,0.03059201949471424
2023-10-26,21,8,0.39395382338786356
2023-10-22,11,118,0.4268041946370109
2023-06-16,15,199,0.650193587886626
2023-11-10,16,34,0.6196752393615143
2023-01-10,12,167,0.6079774854788443
2023-03-24,23,98,0.24693099377062777
2023-12-09,16,184,0.5023515663827555
2023-10-11,11,110,0.4399597620971062
2023-10-27,2,186,0.7392447450387875
2023-04-27,25,179,0.9545903158304657
2023-07-22,17,75,0.7592279605468801
2023-12-12,20,174,0.020487962563842332
2023-10-16,10,52,0.48589019231595887
2023-07-21,14,41,0.05151398441841526
2023-05-29,21,188,0.16518880293657412
2023-10-01,10,151,0.5077377436499181
2023-02-17,18,19,0.9333802547417099
2023-04-16,9,166,0.06867545233423977
2023-02-01,19,189,0.49356726596331324
2023-07-28,10,60,0.547910171163494
2023-12-10,3,51,0.6678824630343364
2023-08-24,7,67,0.27125520362517885
2023-08-31,20,129,0.7398700482905751
2023-08-03,23,130,0.149899059210586
2023-04-30,9,143,0.8227040178497038
2023-07-11,3,186,0.1789384107422104
2023-01-04,7,36,0.0953206031722027
2023-04-18,7,119,0.06250083426360409
2023-07-03,5,178,0.924351211739373
2023-05-21,25,126,0.8191723556267083
2023-12-03,9,17,0.43726888785046414
2023-09-19,5,125,0.7665348674749648
2023-11-28,17,158,0.8770665682257905
2023-01-09,6,108,0.11557275893769514
2023-12-01,11,30,0.03974012697856821
2023-05-05,20,23,0.31152859137790323
2023-01-05,18,172,0.39857650229554775
2023-11-19,24,196,0.6561818533147032
2023-01-19,20,31,0.16559733507881003
2023-01-23,11,87,0.579737751732918
2023-10-14,7,119,0.3534078427158851
2023-03-17,14,11,0.22373246736489383
2023-03-31,16,124,0.20791627413765912
2023-01-17,22,1,0.9681321951058215
2023-04-13,24,174,0.8131499740738223
2023-02-12,24,134,0.37094726608162276
2023-07-22,25,166,0.8914014794896998
2023-09-21,13,50,0.45338053958170854
2023-05-14,6,174,0.43460430886770907
2023-04-07,17,103,0.014853048371411104
2023-11-22,12,2,0.26069384541214746
2023-08-28,7,14,0.8760730096044977
2023-12-28,10,99,0.9843982665963324
2023-03-24,19,110,0.24418749615773438
2023-10-06,21,169,0.713333742899534
2023-07-17,17,130,0.34415032802984646
2023-01-31,16,168,0.4327883915882528
2023-02-26,23,75,0.9107789415240891
2023-09-04,4,29,0.14577386648480184
2023-07-30,13,169,0.6832597858180912
2023-09-20,16,125,0.45412064462952983
2023-03-08,8,136,0.2985812167747455
2023-08-08,19,145,0.24304904392703386
2023-02-09,25,122,0.45754403294565904
2023-09-20,8,194,0.49185280665369124
2023-08-28,13,77,0.9748032382982481
2023-09-11,13,160,0.5183809947451559
2023-01-26,14,47,0.5718945855951805
2023-11-29,13,14,0.34180937137948786
2023-09-06,23,39,0.27165305767855075
2023-05-14,24,29,0.6717056789946144
2023-06-01,13,185,0.7682710713072549
2023-12-26,17,154,0.8642492913718254
2023-06-17,25,138,0.4649868893766711
2023-11-09,24,8,0.6504912950032755
2023-09-05,11,82,0.8172632268813237
2023-04-03,24,40,0.6620590199530255
2023-06-13,12,97,0.07292039949999296
2023-05-05,12,198,0.5035878397351038
2023-06-14,18,61,0.7323934923702557
2023-08-17,15,178,0.34334998359256774
2023-06-10,19,170,0.9764891301389418
2023-09-03,21,47,0.7880713754460323
2023-02-28,23,27,0.73669665839129
2023-09-29,15,26,0.5651549214383623
2023-01-08,9,128,0.48773640879837676
2023-12-17,23,123,0.059115552135951766
2023-12-19,23,171,0.6921113359158089
2023-11-26,9,179,0.0013667175571330237
2023-08-25,5,61,0.6188596969121827
2023-12-11,15,171,0.4726053929427708
2023-10-07,22,73,0.45200580487548436
2023-12-04,10,123,0.923032479005017
2023-08-29,2,165,0.8927917773163991
2023-01-17,20,62,0.43689587930041507
2023-10-09,2,123,0.7935586564061021
2023-08-16,21,130,0.8330845957440826
2023-10-10,25,47,0.6668079130383806
2023-04-10,10,115,0.511964402639816
2023-11-22,12,179,0.2821739255006157
2023-12-08,7,198,0.45209326860281085
2023-10-02,8,31,0.7236867152386428
2023-03-18,25,37,0.8962974499303129
2023-02-28,5,171,0.8547492161189996
2023-11-10,7,98,0.3520522319936631
2023-03-11,20,73,0.8952535923139484
2023-06-25,24,91,0.42859266592769385
2023-10-07,25,199,0.1820827158430569
2023-04-30,25,42,0.044162947191466184
2023-03-06,23,177,0.20906141594416838
2023-08-25,25,77,0.06807979745814641
2023-12-19,4,140,0.8314831603295956
2023-03-17,18,56,0.9526560907437945
2023-07-31,17,26,0.31085990772746297
2023-09-28,15,43,0.9744038121311154
2023-10-24,2,33,0.5710110825993007
2023-04-04,22,163,0.17455240189459065
2023-12-08,22,183,0.1472385563450722
2023-06-26,5,92,0.20216878504352276
2023-04-10,23,4,0.9525602512018951
2023-09-15,19,48,0.02287893865488899
2023-01-17,18,165,0.09149166476621817
2023-10-20,18,17,0.6718397257524278
2023-08-21,24,183,0.5751372762224496
2023-02-27,5,162,0.8185712116746804
2023-02-14,20,173,0.25408675569247274
2023-06-18,7,33,0.2400380672953667
2023-09-17,17,177,0.6492985591265574
2023-12-20,7,199,0.3037452012702372
2023-12-21,10,165,0.14239816385579818
2023-08-09,16,24,0.6764266573169007
2023-12-27,20,149,0.21893436866817417
2023-09-20,10,146,0.6354416836422734
2023-02-03,11,35,0.1784497174719647
2023-08-15,23,7,0.45676834348088413
2023-04-20,24,10,0.8462333955187383
2023-08-16,4,86,0.05907916002169933
2023-08-11,11,158,0.8135034807247611
2023-01-02,2,27,0.14865009355976522
2023-05-08,20,133,0.4821898769995393
2023-12-24,18,125,0.3779576709899358
2023-09-17,10,168,0.011937675447295959
2023-03-24,9,66,0.4149284382191447
2023-04-10,13,77,0.19685095868633629
2023-08-14,2,176,0.8517146804066642
2023-05-01,6,188,0.14137016503992084
2023-08-17,24,61,0.5239094720919986
2023-06-29,2,37,0.5611383762711774
2023-12-09,23,194,0.19391537225800282
2023-06-09,7,81,0.15507417951562363
2023-08-12,11,65,0.7093642495824286
2023-11-03,19,124,0.5099522645387743
2023-06-29,15,171,0.19443057383210605
2023-11-03,11,181,0.7303748376748913
2023-01-24,12,7,0.14330234952803356
2023-01-30,25,15,0.7695434775356457
2023-09-23,10,19,0.532508515374598
2023-09-02,9,103,0.19048601612257743
2023-10-10,19,139,0.7653321151316115
2023-12-29,4,51,0.6927933911077397
2023-10-11,5,64,0.05402719412810564
2023-08-22,25,100,0.9152528932201621
2023-07-08,7,198,0.1672095683608158
2023-07-24,10,167,0.7068384666015776
2023-04-29,5,178,0.0029639405215994286
2023-02-02,11,152,0.038616370891149776
2023-10-09,8,152,0.999482330261565
2023-06-18,3,188,0.9176781393135148
2023-02-05,23,143,0.6074277880110787
2023-04-21,7,191,0.7530323354856341
2023-03-22,12,126,0.6572336001883391
2023-09-17,8,154,0.35432915515838903
2023-02-17,6,17,0.4422556226887916
2023-06-22,8,193,0.9642145551339736
2023-06-08,24,136,0.9122493403901172
2023-06-11,11,64,0.6301205632463004
2023-12-22,10,67,0.37543077933421387
2023-05-16,25,20,0.21287825549323358
2023-09-05,16,152,0.2242855467144078
2023-02-05,15,67,0.9319340354421135
2023-05-13,13,83,0.09058593567411433
2023-12-28,12,135,0.0004145025193676988
2023-07-17,19,193,0.40471179423189885
2023-12-12,19,178,0.8607576059751201
2023-03-27,21,166,0.575247575876063
2023-09-06,21,178,0.2568451330435576
2023-08-08,11,147,0.40840742187298806
2023-10-14,19,172,0.18624227110186375
2023-04-18,2,21,0.8522823616415778
2023-10-12,6,55,0.3754322020502353
2023-02-19,22,165,0.6672858771085213
2023-09-18,14,56,0.025122958486150315
2023-04-05,25,57,0.8738839090132293
2023-12-01,4,47,0.6203425277296892
2023-01-03,15,49,0.5408727873859214
2023-03-15,17,38,0.6853282478489789
2023-06-02,22,4,0.8944915830994556
2023-07-27,6,2,0.4473367204413765
2023-04-02,3,23,0.33441398725409266
2023-10-01,8,168,0.7535073086682381
2023-06-06,22,168,0.3485705905811527
2023-06-23,12,48,0.9555893951377377
2023-03-31,8,142,0.5100187506437687
2023-05-03,21,118,0.2956718446628972
2023-06-25,7,31,0.8914127416393043
2023-09-29,3,138,0.585460114979559
2023-03-13,8,88,0.18999379098130265
2023-09-18,3,3,0.7428543865066756
2023-12-25,8,51,0.44599208016226743
2023-05-03,20,32,0.7818998260560917
2023-06-16,21,188,0.3632389830218794
2023-04-25,14,107,0.5689597311892369
2023-05-03,9,74,0.8936124066712992
2023-10-01,1,7,0.1348786098594924
2023-06-05,10,82,0.5125105771443518
2023-08-24,17,176,0.5670234786217835
2023-02-21,21,38,0.5666251076670059
2023-02-04,23,144,0.9576313823519839
2023-05-18,10,103,0.4744138480333612
2023-08-18,7,2,0.010126419531687247
2023-04-19,8,128,0.32692722318185463
2023-08-28,7,130,0.35466616677837226
2023-06-22,11,118,0.19844218512380096
2023-01-12,18,79,0.889368264065246
2023-09-28,16,69,0.8431755077495039
2023-01-08,19,146,0.40402754281892683
2023-10-30,20,135,0.606736403013289
2023-05-18,25,35,0.9845632745175181
2023-06-07,15,144,0.7709052023819727
2023-01-18,13,90,0.9621259198228292
2023-08-18,1,50,0.5331712162314127
2023-03-16,8,167,0.12968307278391944
2023-02-28,23,108,0.4037336677056439
2023-11-11,2,45,0.1093989041061122
2023-08-11,6,181,0.47904026359970375
2023-11-16,8,107,0.5952491337125827
2023-08-15,8,132,0.14243996571586004
2023-02-21,25,76,0.8501618909415052
2023-09-05,20,188,0.02876327465089168
2023-01-20,4,75,0.8130722299762477
2023-10-18,20,196,0.07822331012252326
2023-01-26,5,59,0.6364183939736543
2023-05-03,7,57,0.03946666661930831
2023-01-09,15,106,0.9350479977585276
2023-08-27,4,200,0.3814070370033167
2023-06-30,25,17,0.5869364198480075
2023-05-04,24,96,0.9937251489951264
2023-07-26,19,60,0.3034521356245764
2023-10-05,12,93,0.30612109743278637
2023-02-28,9,164,0.5623467513791076
2023-12-21,6,10,0.33002966870892125
2023-07-01,23,114,0.5060193486453657
2023-03-04,25,121,0.8069392174737858
2023-01-16,10,32,0.9032344071610144
2023-12-01,20,61,0.2681228884812348
2023-04-25,24,7,0.3053865383185238
2023-01-21,8,55,0.3440528366879315
2023-01-23,11,61,0.593506272066
2023-08-18,25,128,0.22214156718073252
2023-08-10,15,160,0.6117957001137548
2023-08-14,1,86,0.37175080624317336
2023-09-23,25,21,0.7723553204747026
2023-06-08,21,40,0.9641677939958734
2023-09-17,23,171,0.1882513979926108
2023-08-18,15,153,0.892024844555239
2023-11-09,20,46,0.341686795521975
2023-12-18,24,148,0.6356500726293606
2023-04-13,22,24,0.49932672880643736
2023-05-01,20,168,0.44467937320227413
2023-06-13,21,179,0.744287798544148
2023-01-30,14,156,0.13143823950750289
2023-03-28,7,170,0.15044537055072627
2023-07-07,1,94,0.5736392712721353
2023-10-25,19,91,0.1336534570046799
2023-08-28,2,69,0.326069873896886
2023-02-05,9,145,0.04436182244366582
2023-07-07,7,44,0.586702133442985
2023-10-31,6,21,0.4503231899143384
2023-03-05,3,41,0.07855097349334283
2023-06-27,8,158,0.4413744961818118
2023-03-08,18,141,0.19201281989681018
2023-01-28,22,78,0.7343455472882318
2023-05-17,18,108,0.3967582549305788
2023-03-21,9,1,0.27148137827875296
2023-01-19,25,24,0.4228482092251681
2023-06-23,14,39,0.9266826218907532
2023-10-21,11,91,0.26265809405128504
2023-12-19,25,73,0.8130402903280912
2023-10-21,16,186,0.7196594423170377
2023-05-02,22,101,0.34805960215428167
2023-02-19,3,46,0.40804123887133936
2023-03-01,6,68,0.27333175327688464
2023-08-05,18,40,0.5418595242261266
2023-09-12,15,131,0.41214358013558694
2023-10-01,6,191,0.07266570532749461
2023-12-25,15,152,0.9384993349426574
2023-10-31,8,54,0.6816598703552567
2023-03-18,14,159,0.5620882085975046
2023-10-31,3,77,0.15331649312804962
2023-01-28,23,79,0.9528577658095699
2023-04-23,23,76,0.6525927173427459
2023-01-23,11,69,0.9185771316673367
2023-09-07,15,165,0.19600486358775027
2023-10-25,7,73,0.3646252337951028
2023-03-01,21,88,0.04653788839340545
2023-12-06,17,185,0.5958359822861911
2023-01-28,24,178,0.011130453242755078
2023-08-02,21,44,0.8001759817415566
2023-10-16,18,187,0.5253265960299942
2023-08-29,24,72,0.7834946068591826
2023-11-18,3,40,0.42726061590808107
2023-02-05,20,189,0.09884570400452208
2023-01-14,21,55,0.5233582868562378
2023-11-10,24,141,0.0676770568937789
2023-01-05,20,75,0.4790885592609784
2023-01-31,21,20,0.41520982089447966
2023-12-13,9,149,0.2346673465527801
2023-09-13,8,79,0.5657872429377748
2023-02-20,8,132,0.8733767204546965
2023-12-24,14,43,0.08173161461430056
2023-03-02,5,160,0.30460884440215097
2023-11-16,24,190,0.8805616732879112
2023-11-20,13,37,0.03693621572125905
2023-05-18,24,11,0.3047045520186449
2023-03-15,10,152,0.47753972484459684
2023-05-23,9,76,0.8349097453601513
2023-07-23,25,106,0.1769208828939628
2023-03-29,5,138,0.8953162815068243
2023-09-26,14,101,0.12788453870984362
2023-07-24,22,12,0.999494641797574
2023-08-28,19,61,0.5379029924920863
2023-07-06,16,26,0.7354485096335286
2023-07-25,1,123,0.951631135432871
2023-12-13,3,151,0.6892128553077574
2023-09-19,20,67,0.48771099667713014
2023-07-17,9,175,0.18545493344833797
2023-02-20,12,148,0.4051318122119957
2023-03-16,11,166,0.774759276568856
2023-08-07,1,199,0.7125190266983679
2023-02-08,4,11,0.9930029469443448
2023-04-20,20,3,0.9395843803468219
2023-02-25,17,73,0.8671622565968774
2023-06-12,9,184,0.26099232831438834
2023-10-17,25,93,0.2820923479065668
2023-01-29,12,28,0.4874559039931221
2023-01-11,21,30,0.1522070579964928
2023-07-10,3,109,0.5889351718731233
2023-11-08,18,176,0.8837467637287624
2023-11-01,20,7,0.29034232923430314
2023-01-01,11,24,0.7499953211954921
2023-08-31,3,101,0.8638249018457783
2023-12-11,22,97,0.2796586956923205
2023-08-21,24,100,0.8524758394276393
2023-05-19,18,92,0.3746938844431934
2023-10-19,6,123,0.9770761531007116
2023-04-16,1,142,0.5484710097178838
2023-02-07,23,160,0.2925692054641109
2023-09-26,25,154,0.5376941170857835
2023-07-17,7,148,0.7737020358085932
2023-04-14,14,174,0.6862065950111254
2023-09-11,4,163,0.7285957933666677
2023-09-19,6,32,0.38557479750914525
2023-12-04,25,66,0.4928448204452782
2023-08-31,23,198,0.02639030442625212
2023-09-30,2,23,0.31344704051258565
2023-07-18,2,9,0.818213879151394
2023-08-11,8,145,0.415878170785129
2023-06-21,15,184,0.8846246699170427
2023-04-21,25,82,0.8143885585237675
2023-06-15,7,58,0.37938180481677775
2023-03-19,13,85,0.4343015940094036
2023-03-26,16,105,0.9813101505099476
2023-03-23,6,108,0.5928203264165445
2023-10-23,16,110,0.8357244554883294
2023-01-16,3,165,0.990282153427967
2023-02-01,2,143,0.983012379490197
2023-09-16,15,108,0.9499530154943991
2023-08-16,15,84,0.8716104808872782
2023-03-25,12,5,0.5657452157220086
2023-04-03,21,136,0.5162722512110978
2023-10-20,4,187,0.5729449182326791
2023-07-13,8,26,0.5815599566688772
2023-11-15,16,28,0.3239238828160894
2023-12-09,7,74,0.0037246825341692436
2023-09-22,5,130,0.9779553103476518
2023-05-16,5,100,0.7654937140394912
2023-12-19,4,82,0.12588965927927398
2023-08-26,24,184,0.5003373717599622
2023-02-17,22,37,0.044788592298994345
2023-09-20,8,107,0.9066362605500718
2023-07-25,11,173,0.9707697767659117
2023-05-05,10,80,0.5671969139320129
2023-01-07,15,128,0.4015749726024982
2023-02-26,15,12,0.16906437199237423
2023-06-08,4,197,0.9093892175890881
2023-04-02,24,187,0.18497348745372144
2023-09-07,9,77,0.7379552909582185
2023-10-29,10,62,0.6301942741198833
2023-12-21,15,86,0.8331740169732498
2023-11-24,18,176,0.7666331967639083
2023-04-06,18,36,0.34988699985592375
2023-05-28,3,198,0.8901595880910516
2023-11-20,1,196,0.48129932342459647
2023-09-05,22,180,0.005477930265178288
2023-12-15,5,12,0.45998627934539793
2023-04-19,15,190,0.2474816861678112
2023-08-04,16,132,0.11776969361024159
2023-06-17,6,105,0.8935569988094595
2023-09-20,21,136,0.1860435636122797
2023-01-07,17,112,0.7713305899300175
2023-08-13,7,14,0.5498841996559823
2023-03-21,1,173,0.4593594291373374
2023-07-18,24,155,0.49420530680739205
2023-09-19,19,130,0.009441121829166121
2023-06-11,9,27,0.8931900456697925
2023-08-20,18,22,0.21146886588493863
2023-08-10,9,2,0.8821066803615414
2023-09-01,4,182,0.986938777621727
2023-09-27,14,147,0.0035946349777578046
2023-04-29,21,52,0.039539261083741395
2023-09-11,10,10,0.9121588324398199
2023-10-31,17,128,0.23217509477210152
2023-03-08,1,48,0.128875262782414
2023-08-21,1,60,0.6406056965328186
2023-09-02,13,175,0.13888978227990445
2023-01-16,13,118,0.7972197622624537
2023-06-22,12,122,0.5996217679143679
2023-04-10,25,58,0.85505303186698
2023-12-03,8,111,0.9257893296538217
2023-06-06,20,149,0.04132611370742001
2023-12-06,6,49,0.2077711796501417
2023-08-20,21,16,0.9353699059318692
2023-04-24,14,111,0.46752907529386467
2023-05-31,9,182,0.08431737059582478
2023-01-08,24,20,0.6888943222398373
2023-09-16,13,136,0.054989727170703606
2023-11-27,14,17,0.34265893519468005
2023-08-04,13,51,0.8441824000359344
2023-08-25,24,62,0.8248254890443091
2023-02-03,4,175,0.6300828840178326
2023-10-15,5,119,0.9479096768675381
2023-04-12,5,102,0.8680440077652392
2023-05-30,3,36,0.08884375156200286
2023-11-16,21,49,0.10527034189988216
2023-05-15,4,173,0.591133415362732
2023-07-08,19,149,0.11579845623288798
2023-01-25,14,9,0.1865668411434318
2023-12-06,3,14,0.995324206945875
2023-07-30,14,65,0.5145711528492272
2023-05-26,1,174,0.7898009776191827
2023-07-25,4,178,0.35250122533154993
2023-05-18,20,107,0.3850980375855292
2023-12-28,24,50,0.9550286971553352
2023-09-13,16,37,0.5339809431262807
2023-05-07,9,165,0.6341614495784695
2023-02-02,12,95,0.08071289357349432
2023-03-05,24,28,0.22907270738919838
2023-09-13,14,132,0.962098756129659
2023-07-15,23,191,0.39819981313717456
2023-02-14,24,113,0.5287967930733752
2023-03-03,7,27,0.9030533430389481
2023-05-02,17,119,0.2972012836455198
2023-07-27,16,83,0.5693169459859655
2023-07-11,15,35,0.47913445634592533
2023-02-25,4,9,0.2734623212642783
2023-07-05,21,84,0.618132382781121
2023-10-05,12,90,0.7892292129549096
2023-12-30,11,58,0.16255150318087663
2023-05-22,4,146,0.5951829529275313
2023-07-14,19,120,0.5851774997501816
2023-07-16,22,83,0.4652391536847953
2023-08-07,11,163,0.1254573869881398
2023-02-22,19,9,0.6908718479658743
2023-12-25,20,58,0.8199812529004676
2023-07-25,8,155,0.8519015710530077
2023-01-22,7,196,0.8124078750456774
2023-03-27,20,59,0.26182452902338993
2023-06-21,4,104,0.7051132495137468
2023-01-28,7,55,0.1410355772566262
2023-06-23,22,139,0.7009686645623919
2023-05-19,24,98,0.9208614764631027
2023-10-17,9,156,0.05712641018295317
2023-04-15,4,185,0.1728385736235326
2023-04-21,15,96,0.9818392532575364
2023-07-28,8,138,0.25347770168861095
2023-03-27,14,105,0.12369687548249109
2023-04-15,6,186,0.6225485983700378
2023-12-04,21,8,0.6715008219618356
2023-06-20,14,28,0.2613063101161257
2023-04-26,6,4,0.6823408210680996
2023-06-27,25,134,0.3134246324090243
2023-09-07,9,12,0.29943099491094016
2023-08-15,24,184,0.44159739625991445
2023-06-04,24,13,0.7221800576769312
2023-01-11,20,119,0.40419879765683886
2023-02-28,23,143,0.43032460734993006
2023-12-03,8,142,0.8945409658172859
2023-10-20,5,98,0.21910088409520256
2023-05-27,8,70,0.34064065813663436
2023-02-11,19,122,0.14332485985702303
2023-12-08,19,170,0.7774759365527493
2023-04-08,16,132,0.21233754022702533
2023-03-03,7,178,0.11823876567478708
2023-02-24,10,123,0.4446412617784151
2023-12-23,3,70,0.15608440191797046
2023-04-15,11,83,0.553619871389255
2023-10-14,10,199,0.7045675838798368
2023-11-16,3,195,0.5865134450195381
2023-05-22,21,70,0.6635850791935782
2023-02-08,12,74,0.29337871816168104
2023-03-26,3,107,0.6157325941149545
2023-04-25,19,17,0.9007482784637675
2023-01-30,20,173,0.5091279567499263
2023-07-19,22,44,0.6132476174818425
2023-01-13,9,194,0.16029066518593316
2023-09-26,9,181,0.5263083732968606
2023-04-09,24,199,0.16942088367179786
2023-10-13,5,41,0.32833158735231915
2023-04-25,15,102,0.5289783187787734
2023-10-25,14,132,0.1416458962044238
2023-08-03,5,46,0.6816344225723568
2023-10-08,3,33,0.4538856811332711
2023-08-12,17,159,0.17730451133486336
2023-01-04,15,59,0.8229175515089742
2023-07-25,23,145,0.36655718158230377
2023-09-10,5,177,0.47557554681142955
2023-05-29,17,86,0.27623707797225605
2023-05-29,7,24,0.03816282757490741
2023-03-08,11,30,0.808843030953895
2023-12-17,9,125,0.20086168671245752
2023-03-23,7,66,0.8271445257387773
2023-12-27,4,157,0.8013280935876704
2023-07-02,10,195,0.7232960230321095
2023-12-08,21,34,0.37102129952447693
2023-01-08,16,114,0.7636093868040109
2023-06-10,12,64,0.02386796513927092
2023-06-26,17,121,0.19066418685262865
2023-11-11,18,146,0.1160970319396718
2023-12-30,21,133,0.23665336058878705
2023-04-19,12,143,0.40806905807086513
2023-08-20,4,39,0.5418396601327542
2023-07-04,23,127,0.46078091659370335
2023-09-19,17,123,0.9332046241423521
2023-08-06,12,7,0.027153619007582064
2023-03-10,23,95,0.7035322180697319
2023-09-29,1,73,0.32824322567291553
2023-05-01,9,153,0.6145071379263202
2023-03-23,23,184,0.03911151966422055
2023-01-27,23,36,0.16591255108167713
2023-07-19,16,150,0.4569772596591938
2023-10-24,16,87,0.37517466429930324
2023-11-26,25,92,0.3166071825905875
2023-04-03,1,48,0.02384396782657594
2023-01-01,16,50,0.6452653398635847
2023-08-05,18,109,0.8656339746439424
2023-02-06,3,64,0.20351144512170471
2023-08-20,19,53,0.9202557711098796
2023-07-17,24,129,0.8624455706442621
2023-02-19,6,154,0.2248110188060073
2023-03-31,4,175,0.01717015575616221
2023-07-15,10,6,0.8479089299032849
2023-05-12,12,5,0.2697645859274531
2023-09-29,6,16,0.47918239293698317
2023-08-01,14,7,0.5944857806056857
2023-03-16,5,195,0.1256954531656561
2023-11-04,21,103,0.28802617495694705
2023-08-18,13,81,0.38684153332021054
2023-02-14,12,192,0.45748383556549643
2023-01-18,20,100,0.6446763920250499
2023-04-13,22,51,0.055736195197601535
2023-04-14,25,14,0.5111831887991026
2023-10-07,14,69,0.25962258511468794
2023-10-11,21,150,0.03439927108591234
2023-11-05,14,20,0.39691949196407383
2023-04-05,14,67,0.27280809969828645
2023-01-22,9,26,0.20666349692839037
2023-07-25,23,141,0.8937326616813784
2023-10-02,12,199,0.04849818919936677
2023-04-21,21,78,0.4427738869279042
2023-11-15,3,152,0.5306077083044822
2023-06-15,25,33,0.26203761145016147
2023-06-17,18,175,0.34345926664166915
2023-08-16,6,84,0.5386282524145037
2023-09-16,13,106,0.891748234881173
2023-09-02,15,35,0.5926161522011981
2023-04-06,20,31,0.032587123472079926
2023-11-15,1,113,0.8404766287234529
2023-05-02,20,181,0.2879955741510999
2023-01-20,20,63,0.41480060516727235
2023-07-14,22,136,0.1411850239252802
2023-09-20,2,52,0.7390066559407868
2023-03-28,4,78,0.1492939195598071
2023-05-07,7,167,0.28394904788045006
2023-07-08,17,127,0.434012232719169
2023-09-18,3,195,0.025485640100560425
2023-01-24,19,154,0.5474190126524346
2023-06-25,14,86,0.03887300202006627
2023-03-09,25,189,0.0974421386433344
2023-04-26,14,124,0.03234242490302963
2023-07-23,11,96,0.00492437207243035
2023-08-25,24,88,0.9286842293052997
2023-03-23,24,32,0.09745562991990508
2023-08-14,1,51,0.06979820655211844
2023-10-15,6,197,0.5802324668919611
2023-07-16,10,188,0.7095928286297355
2023-05-22,20,71,0.7886370541306709
2023-04-06,1,37,0.5771078820183366
2023-10-13,19,171,0.04897729856583788
2023-10-02,1,11,0.9378954068940503
2023-06-08,5,120,0.7782687284844328
2023-04-22,11,137,0.5617366782865029
2023-10-19,7,112,0.31661535431301857
2023-06-24,12,178,0.18033148390827658
2023-05-21,8,90,0.6257289674181901
2023-11-21,10,64,0.6671217629679272
2023-05-12,7,147,0.25289327307588616
2023-12-30,19,120,0.05415760810441139
2023-06-07,6,165,0.41981770079854785
2023-11-19,2,10,0.4078393833431425
2023-05-06,1,6,0.34905689925204697
2023-07-07,14,175,0.12699879933561675
2023-10-11,17,176,0.6658099743963208
2023-11-09,7,130,0.20666190951993146
2023-03-04,14,16,0.08073159568118493
2023-02-11,9,154,0.976458890692611
2023-11-10,13,79,0.9323308827751013
2023-08-16,5,99,0.10282024752377705
2023-04-26,8,70,0.8749558625621379
2023-07-14,16,136,0.20490190895752713
2023-04-03,23,182,0.4931592515971216
2023-02-17,6,172,0.6908743911634561
2023-10-17,3,107,0.23149008490509704
2023-05-08,3,3,0.40460860889216677
2023-09-13,7,61,0.09309859689776434
2023-07-23,22,96,0.9189153266636111
2023-02-21,9,4,0.376118826089776
2023-04-29,20,76,0.8526897544686596
2023-05-10,6,29,0.9095091207026229
2023-12-04,9,130,0.8422724760902606
2023-06-05,13,182,0.23535038917234163
2023-10-01,10,191,0.7145189393404857
2023-10-26,20,77,0.6226247467312389
2023-12-25,24,177,0.45090789470510007
2023-02-03,3,83,0.9749486569220487
2023-07-13,22,188,0.33686197734314227
2023-11-28,10,6,0.7107185604927253
2023-09-20,11,117,0.07642918207562721
2023-10-22,24,81,0.9722607714531222
2023-01-16,3,126,0.46198591966319047
2023-04-13,1,34,0.3963053373476758
2023-03-04,10,177,0.36985938893137693
2023-09-30,6,172,0.6413607675913257
2023-08-07,25,192,0.03654826859082516
2023-05-06,25,178,0.030023013221684103
2023-05-25,25,132,0.637083909813774
2023-01-02,3,7,0.19210656071757293
2023-05-01,4,24,0.12397139238870758
2023-08-08,11,199,0.5372089137515489
2023-10-19,21,22,0.15539611691929134
2023-02-15,18,17,0.41134579170635954
2023-05-20,9,117,0.10976726906995526
2023-11-02,7,165,0.8355379835097051
2023-06-21,18,143,0.17330817387756559
2023-11-17,8,41,0.5667365392388065
2023-02-20,4,72,0.5863455799249785
2023-02-27,5,188,0.20108363686971698
2023-12-24,6,76,0.15166921952222345
2023-11-20,1,62,0.478838298913962
2023-08-23,6,166,0.9571683376521773
2023-03-20,17,24,0.22058921026291134
2023-09-06,7,109,0.9382847808950718
2023-06-20,18,125,0.09989481934942968
2023-02-20,20,47,0.4831486572840821
2023-01-29,4,120,0.23559129473850204
2023-12-25,5,177,0.04194924152596202
2023-12-09,4,175,0.114536071199006
2023-11-07,13,62,0.33828088921007327
2023-06-18,24,188,0.4747393154099706
2023-08-08,24,181,0.46872501627046004
2023-01-19,8,111,0.5395406939420425
2023-01-05,4,32,0.42584102742215013
2023-10-23,15,35,0.7815589550768131
2023-10-01,17,200,0.08376848400516379
2023-12-12,7,38,0.3520293178704764
2023-04-05,7,112,0.43764974681568714
2023-06-25,6,56,0.6693358340995603
2023-11-16,18,91,0.314105630956495
2023-12-11,8,47,0.3492077984120877
2023-04-14,3,72,0.8235855071162773
2023-12-01,11,138,0.12308977870639792
2023-12-30,5,40,0.7419368952744823
2023-08-28,20,80,0.6755598526762274
2023-03-26,24,122,0.9532265452558765
2023-11-14,25,198,0.71799867048723
2023-06-22,3,172,0.6020406632735031
2023-03-16,15,59,0.036590868671437904
2023-06-29,19,200,0.003670343847532287
2023-04-19,22,8,0.05935295420868281
2023-11-11,13,164,0.53921971105725
2023-10-28,4,179,0.45336470168962806
2023-04-16,3,114,0.8215293034003665
2023-08-23,2,36,0.8976055194403454
2023-03-16,8,85,0.10843284342386528
2023-11-29,1,69,0.31244807567779964
2023-02-11,11,105,0.7528660071722495
2023-04-09,14,175,0.844270296442833
2023-11-27,3,29,0.2845172065521221
2023-11-25,6,192,0.43630244570780186
2023-11-20,8,77,0.4336168468583127
2023-06-15,21,50,0.8044719544764515
2023-10-27,11,116,0.8639723372374932
2023-03-30,9,79,0.09464342801686765
2023-10-12,2,2,0.2935060402516726
2023-01-30,17,81,0.3467069902673078
2023-04-19,18,131,0.03563152840402606
2023-03-16,20,181,0.8683347795610267
2023-06-29,5,11,0.42667058251011303
2023-10-15,18,126,0.7540202566070722
2023-09-25,3,132,0.829422918414098
2023-04-20,20,190,0.9049932111502066
2023-05-25,24,146,0.11601740510820446
2023-05-01,16,50,0.11339589591224619
2023-10-15,21,103,0.5271966706645319
2023-10-04,3,26,0.7619847028800115
2023-09-30,8,71,0.16950331507103378
2023-10-11,18,30,0.3834853489816593
2023-08-17,13,57,0.7053937146651114
2023-10-21,2,62,0.09549373973567976
2023-12-15,23,13,0.4081994999423417
2023-09-06,25,126,0.6208657856175188
2023-08-31,21,79,0.7031835530181363
2023-11-18,18,109,0.055342688632749604
2023-12-31,23,14,0.049346085152983554
2023-05-02,1,53,0.7363874876204985
2023-09-09,6,93,0.02157273920137781
2023-09-24,23,100,0.0619938752974486
2023-09-28,25,97,0.9963425258638464
2023-12-22,5,119,0.1999311346364464
2023-02-24,18,171,0.10794395914345001
2023-04-28,23,149,0.9009626619091599
2023-07-06,24,121,0.3493150787709761
2023-01-12,1,126,0.2313924200895443
2023-09-27,6,193,0.28359976177523194
2023-05-17,5,126,0.5383683324275417
2023-11-07,11,152,0.9773528397664093
2023-03-21,17,123,0.8167209673059587
2023-10-19,8,125,0.043837741890141224
2023-09-26,23,144,0.01928124033094125
2023-03-26,9,94,0.5662924601226154
2023-12-10,11,92,0.08080769601002247
2023-09-05,20,11,0.6086110659176549
2023-12-14,1,134,0.19061215899212447
2023-06-01,20,69,0.7213117583861575
2023-11-15,11,67,0.6165059826577035
2023-10-15,8,23,0.5704489247379463
2023-09-02,18,185,0.8706327600369109
2023-02-28,1,127,0.6094013765415851
2023-08-11,18,81,0.2778429799898612
2023-02-09,13,191,0.016934337177222814
2023-01-13,24,87,0.04887698921979333
2023-11-28,13,1,0.059004976877813364
2023-09-20,16,23,0.20370428691569176
2023-11-04,1,182,0.3044552694489686
2023-06-10,22,142,0.9185646038182282
2023-06-22,25,155,0.8661985283590612
2023-09-06,6,19,0.5155834834195567
2023-10-04,17,111,0.9932662052938689
2023-08-15,10,185,0.3146722717083723
2023-05-24,4,132,0.969631075599259
2023-03-30,9,24,0.2301020548127053
2023-01-17,6,28,0.24726725259844606
2023-08-13,9,2,0.5890076682094061
2023-08-20,25,123,0.07118343404190974
2023-01-25,2,112,0.8013862711951923
2023-12-07,25,80,0.13509337453415882
2023-01-04,24,160,0.27421822941201834
2023-03-28,10,63,0.6010614646485305
2023-03-12,18,119,0.9671710083051919
2023-08-22,7,63,0.8297794295846339
2023-04-20,17,53,0.8116457514964942
2023-07-16,5,59,0.6887199831882063
2023-08-17,18,14,0.3258776819481254
2023-07-11,2,56,0.9862307162668684
2023-11-20,20,19,0.18580851454955938
2023-02-12,18,32,0.2991960915261097
2023-08-28,13,119,0.4492555118117211
2023-02-24,25,145,0.9794956543548635
2023-11-07,12,198,0.21264155755810277
2023-05-16,22,147,0.6088569411820128
2023-06-03,23,56,0.4449185341839418
2023-08-29,12,160,0.7776393366744794
2023-02-10,12,199,0.664861743718901
2023-10-28,7,60,0.667728454428713
2023-06-26,17,26,0.2732323171157074
2023-06-28,1,167,0.5642258657297353
2023-08-26,11,56,0.42156769317695153
2023-04-11,24,111,0.4045230314898173
2023-07-28,11,63,0.21257799484963558
2023-02-15,21,46,0.49493174755549163
2023-01-24,22,98,0.974499219090685
2023-01-04,21,20,0.4838456996714361
2023-08-07,23,67,0.5293862454733254
2023-02-20,17,124,0.6787834863125985
2023-10-30,22,26,0.9629635787269999
2023-07-30,20,63,0.3171912979828424
2023-01-26,24,140,0.7164459415471187
2023-10-02,3,80,0.10228183887222064
2023-08-17,18,107,0.6802682737666165
2023-06-01,13,102,0.9325240471020637
2023-08-28,14,3,0.3804685092615656
2023-04-15,14,56,0.8716882105518182
2023-06-10,7,161,0.23540156444415583
2023-03-11,13,10,0.9897933471179247
2023-10-04,13,164,0.5062826552218771
2023-08-23,10,183,0.4507955459023961
2023-04-27,11,88,0.40801492251160276
2023-03-31,4,155,0.26870518419855705
2023-03-10,19,33,0.8059063977940453
2023-12-30,17,56,0.687319029290081
2023-10-24,21,125,0.6177307514520401
2023-06-03,21,81,0.9093351101170298
2023-10-26,22,37,0.054003573084432044
2023-09-24,16,191,0.8657309370127948
2023-05-31,19,85,0.32328670785705127
2023-08-19,13,44,0.5508292525808323
2023-09-27,7,186,0.18784671188395574
2023-05-16,19,193,0.9478802231960858
2023-12-02,9,11,0.9631542267498601
2023-07-30,4,156,0.5879832966702426
2023-04-26,12,72,0.24644553097514554
2023-10-04,15,153,0.7162124811578555
2023-09-19,2,6,0.7659737517027625
2023-11-12,19,56,0.5827859242504103
2023-08-31,9,177,0.3653560291560184
2023-10-23,6,146,0.008645453786736534
2023-08-09,12,140,0.5584238359055875
2023-05-29,1,179,0.9164550373650691
2023-11-19,24,157,0.2585934215913014
2023-11-28,24,171,0.7671169470852092
2023-10-27,24,36,0.8008884226257967
2023-10-26,23,139,0.7546846976391515
2023-01-02,20,165,0.9701147316587589
2023-05-30,12,157,0.5008856050110652
2023-10-13,20,173,0.3969835305410281
2023-01-25,13,71,0.3785887295009803
2023-10-12,8,53,0.0010409113588537577
2023-12-17,20,184,0.3442525453040717
2023-10-22,9,153,0.30854402561627203
2023-02-12,6,194,0.907234906811571
2023-08-23,6,45,0.698805976664696
2023-03-05,13,133,0.5329533009923757
2023-07-03,12,83,0.9847368496143952
2023-11-12,21,48,0.07586599668955474
2023-04-14,23,29,0.19487778714726978
2023-10-23,22,85,0.715163574671121
2023-12-25,10,113,0.9474998820759701
2023-11-21,13,102,0.34099702807380516
2023-01-22,8,62,0.2932248056513742
2023-04-16,20,181,0.49463935375387247
2023-01-28,22,49,0.8979598453534365
2023-05-11,15,195,0.052331088627722955
2023-05-17,1,22,0.7327124566499131
2023-02-13,7,110,0.7473835675319634
2023-01-29,1,135,0.23117236080787829
2023-10-09,21,168,0.015600525066599591
2023-05-10,20,117,0.5906141455246474
2023-05-07,10,45,0.5611997553448737
2023-12-07,15,13,0.06486783802135898
2023-09-01,10,85,0.8938681982884092
2023-09-13,12,34,0.653617273101235
2023-12-04,22,178,0.7042792834142979
2023-05-26,25,129,0.3958887775929617
2023-10-07,1,13,0.7999770882926354
2023-05-31,9,7,0.726091146504016
2023-08-31,9,29,0.188761286754495
2023-09-17,1,24,0.6500503895652561
2023-01-16,8,7,0.9395549769537404
2023-05-23,8,134,0.02629699023228893
2023-05-03,16,120,0.34586563322588315
2023-01-04,16,85,0.980463155231474
2023-05-26,23,42,0.8218574114052059
2023-04-02,3,18,0.23528032233937712
2023-04-20,18,69,0.33695327059176516
2023-03-22,13,80,0.9619673953461576
2023-02-25,25,46,0.1482878853418178
2023-08-29,18,147,0.850292978304511
2023-11-06,17,157,0.5289880184249235
2023-04-15,4,175,0.9766839901766918
2023-07-22,10,63,0.174759697180064
2023-03-02,22,125,0.9006677648014325
2023-01-28,17,90,0.23527817584305677
2023-02-28,17,137,0.8995676880180559
2023-09-15,22,194,0.5559496236523094
2023-12-06,14,148,0.29780944665878206
2023-10-09,24,75,0.16505131702709253
2023-11-12,2,172,0.8800299062620138
2023-11-21,11,122,0.2157910331022107
2023-10-05,6,74,0.06433938604533884
2023-12-19,9,110,0.35247765559970246
2023-11-21,15,171,0.7709352179555747
2023-12-08,24,131,0.7919655239062656
2023-01-04,17,126,0.25170166660649185
2023-01-23,22,195,0.882243284469002
2023-01-08,24,178,0.6520631729683596
2023-06-22,5,8,0.8617764476492178
2023-02-10,19,98,0.31320518692669397
2023-07-24,19,167,0.337486298813395
2023-03-29,8,52,0.17523702364578086
2023-05-04,20,76,0.4126971748580356
2023-07-05,17,167,0.8497810808179024
2023-08-01,10,88,0.22097902769491673
2023-09-03,18,102,0.291629771636603
2023-09-06,20,58,0.2943482681945755
2023-07-30,15,127,0.1448666325536827
2023-09-18,14,46,0.6211474448241338
2023-06-16,22,169,0.1675568840501479
2023-02-09,17,107,0.17622444791606695
2023-02-05,5,147,0.01058063898999373
2023-01-30,25,48,0.9022208557202451
2023-09-09,20,38,0.8793404118314803
2023-10-14,20,62,0.9988416717684191
2023-10-31,9,75,0.8525641702121988
2023-12-07,22,185,0.9122803934519005
2023-12-26,17,170,0.5202517936573401
2023-03-20,9,117,0.6065220837322643
2023-07-26,1,40,0.5498021503895614
2023-01-05,8,132,0.7646839655132975
2023-11-12,2,145,0.9531486361193873
2023-08-30,12,106,0.8193911155024275
2023-07-03,4,123,0.7162267546935309
2023-11-28,6,49,0.7609387726758127
2023-01-24,6,29,0.10757251392492884
2023-09-02,23,48,0.23931417416151624
2023-08-27,8,34,0.8841369786408775
2023-05-05,14,148,0.34338590201462715
2023-06-28,17,8,0.7476860504157944
2023-12-25,18,88,0.31050806117342145
2023-11-29,21,179,0.8350239799093979
2023-08-30,10,108,0.2039527974127554
2023-07-26,4,47,0.24841642779660733
2023-09-18,19,147,0.19517596157080475
2023-09-21,9,26,0.527560927113386
2023-09-16,15,29,0.25382323882387037
2023-11-26,17,164,0.37963458040454134
2023-05-18,20,159,0.6278945590312027
2023-10-13,11,164,0.01587022904751556
2023-10-10,23,78,0.9242818332455097
2023-03-13,15,65,0.7000297365177156
2023-02-20,1,99,0.16526719364949438
2023-03-19,16,137,0.5103894516033117
2023-11-06,13,65,0.12105589966294694
2023-05-28,18,31,0.1120967765658476
2023-09-07,13,175,0.3574353125209263
2023-03-20,8,172,0.5715658414926437
2023-06-29,18,146,0.030220350574314603
2023-09-12,2,55,0.016008251518867977
2023-12-11,6,47,0.4407724245635115
2023-12-15,8,198,0.3870253602148874
2023-03-12,20,2,0.2880030200570649
2023-03-15,18,92,0.8432724661581349
2023-07-19,24,162,0.40792386472660247
2023-05-07,19,149,0.6704113644815688
2023-01-30,20,54,0.6488674359490693
2023-11-19,19,27,0.15609475685791097
2023-07-04,13,124,0.9580084090448644
2023-06-14,18,178,0.9146209843516108
2023-03-25,14,95,0.21732110952441797
2023-05-03,15,52,0.8219137423405832
2023-10-31,5,113,0.5125794936763516
2023-02-10,20,155,0.5187240864420437
2023-01-17,18,191,0.5012367208196679
2023-11-04,11,55,0.02994952170497822
2023-03-27,3,44,0.8064163180959338
2023-06-17,4,46,0.9386740670540635
2023-05-20,15,104,0.45577090165800416
2023-11-03,11,71,0.6745376311235469
2023-01-17,17,63,0.5724227043775069
2023-08-21,7,54,0.10431887428781939
2023-05-08,11,40,0.534036865557438
2023-01-08,5,42,0.9697655516993641
2023-09-18,14,63,0.5559933318208343
2023-07-06,11,177,0.8503819852156543
2023-07-06,24,116,0.010409688922408789
2023-03-26,20,17,0.3956728952703966
2023-12-25,9,42,0.508290663583062
2023-05-02,25,143,0.5128734799121245
2023-06-05,25,199,0.14140716406910137
2023-11-01,21,163,0.9154604215131439
2023-04-30,19,51,0.11424222530571804
2023-09-23,24,14,0.7418000058301891
2023-07-11,23,105,0.33470561588658965
2023-12-17,20,160,0.6308875495991664
2023-09-26,10,199,0.5259173601489158
2023-02-16,12,74,0.7431250228561416
2023-06-08,16,1,0.5033792759301637
2023-02-03,3,22,0.8340947278679441
2023-03-24,9,125,0.5081368432595346
2023-03-01,11,37,0.8596434245048076
2023-01-23,8,99,0.3304809402939115
2023-06-02,13,149,0.4493721463835201
2023-04-08,2,124,0.5988062872904261
2023-09-09,4,161,0.9333366382645865
2023-06-13,6,170,0.6351220134692707
2023-12-12,9,65,0.5089804778298561
2023-02-03,9,116,0.20702693670671957
2023-08-22,24,62,0.6726954278542422
2023-06-19,16,169,0.32251282075253884
2023-07-01,17,108,0.7198781148345514
2023-07-30,25,62,0.39763454252655894
2023-11-30,23,89,0.5882271661232022
2023-02-22,11,119,0.7992449044509684
2023-10-21,22,149,0.936995658236606
2023-04-29,1,98,0.43877012336080523
2023-06-06,13,106,0.2963486836012884
2023-07-03,9,84,0.709059371975552
2023-04-26,12,181,0.0775197322820782
2023-04-03,12,162,0.005356672290399822
2023-12-17,24,110,0.3951125088312176
2023-11-16,8,184,0.6729992770537245
2023-02-07,2,163,0.08962267941597746
2023-11-11,25,17,0.7869101960086933
2023-09-01,8,106,0.07788104644278648
2023-11-19,6,98,0.9312847538948968
2023-05-31,13,54,0.6285461108606505
2023-10-06,7,21,0.7752413610578258
2023-02-16,14,110,0.4753352594182725
2023-06-09,20,174,0.8292397589481231
2023-04-03,15,164,0.06618438642602598
2023-08-10,16,12,0.0896545331068288
2023-05-03,16,19,0.6680800051530489
2023-11-19,22,47,0.7050303250032571
2023-09-23,5,141,0.5487466235410415
2023-03-05,25,78,0.31244316018188145
2023-04-02,10,125,0.17492236613775225
2023-12-30,18,139,0.02026029722155065
2023-07-17,18,118,0.5876615326447735
2023-04-28,1,131,0.3414123955803823
2023-08-09,7,75,0.7638225756539929
2023-07-03,10,197,0.6887059705631627
2023-12-05,24,188,0.7968286157271413
2023-05-08,23,167,0.3325968776441436
2023-02-16,1,187,0.383929522538458
2023-11-22,21,195,0.09249813576222832
2023-05-25,14,110,0.4224282669688084
2023-10-06,21,57,0.5879376253945015
2023-12-05,14,18,0.21133751166882697
2023-11-11,5,166,0.5630400370087939
2023-12-12,10,79,0.6406278204734532
2023-12-15,6,112,0.39945322677832107
2023-02-18,21,193,0.36447311891346534
2023-08-18,15,138,0.20812302186638432
2023-05-13,1,98,0.2913509954046227
2023-09-10,18,39,0.7776644633902946
2023-11-28,20,85,0.8091927209340933
2023-10-14,15,194,0.9458553189613327
2023-02-06,8,29,0.09372018824319239
2023-10-12,13,121,0.99400115759647
2023-03-16,14,95,0.5151591323512655
2023-07-02,14,98,0.8953052090052812
2023-08-28,1,146,0.38795905816882004
2023-10-29,19,72,0.9676555410352831
2023-06-13,7,169,0.24664540159548476
2023-11-13,16,176,0.23979103759319376
2023-05-26,22,143,0.47825930055173116
2023-06-10,10,147,0.6623210475903056
2023-02-05,17,55,0.5995040165999561
2023-01-31,24,139,0.6169274875529489
2023-06-13,3,114,0.44519900899913456
2023-02-14,24,57,0.0331786990335009
2023-01-30,16,163,0.49739611175044496
2023-08-16,5,55,0.6226254326377018
2023-04-07,24,180,0.852358681773267
2023-04-16,21,34,0.8940789333200867
2023-09-29,20,52,0.7699083138531025
2023-07-28,20,186,0.45507475499340255
2023-01-31,18,189,0.6585032053260005
2023-05-22,17,173,0.41449611563220645
2023-12-18,20,36,0.12338379118631371
2023-11-15,8,90,0.3060748112189424
2023-10-12,16,102,0.06541897025330357
2023-04-11,22,145,0.31277579879481376
2023-04-23,9,83,0.25012334858372554
2023-12-02,23,175,0.13157182583291627
2023-01-15,8,73,0.30979004237518326
2023-09-16,21,55,0.41984608118851086
2023-12-12,6,66,0.4681298640901973
2023-04-15,3,140,0.8386383253281338
2023-08-05,10,71,0.6676483200002621
2023-12-05,9,33,0.3518830371208037
2023-03-25,15,18,0.7196070686784675
2023-08-30,8,170,0.6920370301712694
2023-11-23,22,158,0.04790510489792965
2023-06-08,13,53,0.2039698054125929
2023-06-20,3,61,0.22693715961866234
2023-12-16,6,118,0.910548737509093
2023-04-06,1,123,0.7779878093484777
2023-04-30,10,1,0.6513582916548968
2023-04-28,1,170,0.23169437445966656
2023-11-14,10,22,0.7266424698074726
2023-08-01,1,44,0.573493069960659
2023-11-06,7,173,0.3956365729963377
2023-05-05,25,72,0.2270246706644221
2023-03-23,25,16,0.19417885535537815
2023-06-14,1,137,0.0971983482093608
2023-10-21,14,104,0.8727567584266299
2023-06-29,3,96,0.8964921438265914
2023-11-29,12,120,0.4751500182832473
2023-04-14,5,10,0.20755662533548536
2023-12-07,13,133,0.42751954165797335
2023-04-28,25,84,0.5085087883778834
2023-01-09,11,121,0.32761131885369654
2023-05-25,12,164,0.7896499338232509
2023-05-24,6,60,0.4792723078221298
2023-04-27,7,150,0.425209119546914
2023-10-12,5,165,0.4732810745343202
2023-04-01,2,121,0.6966057253583782
2023-07-28,22,30,0.29920028306144775
2023-05-13,16,98,0.45544908729528155
2023-04-24,13,68,0.09924701218948961
2023-06-20,12,48,0.9894996197623649
2023-01-28,15,9,0.7414231188929358
2023-03-10,22,111,0.2591521717567715
2023-09-12,6,53,0.4990497245537282
2023-08-12,9,41,0.9509583088033989
2023-07-24,16,83,0.6770646166302473
2023-05-24,18,138,0.4289868685036339
2023-05-17,18,34,0.4915947641674838
2023-05-01,16,14,0.6093829735171417
2023-12-21,4,200,0.73277650447156
2023-02-16,5,99,0.1668916360991931
2023-07-16,8,79,0.529513047321675
2023-07-20,10,65,0.8721483162910304
2023-05-12,14,168,0.7376274342734757
2023-07-13,3,167,0.9231427673864574
2023-01-09,18,104,0.8546009247705192
2023-10-11,15,194,0.6966126082306542
2023-11-01,15,120,0.23646562781924574
2023-02-26,14,184,0.2983997936253564
2023-10-10,5,28,0.8081713467155831
2023-05-10,6,37,0.06215962395227459
2023-08-21,24,69,0.7976021547132156
2023-07-02,7,163,0.6972618738973875
2023-06-14,16,99,0.07049068123685487
2023-02-09,22,93,0.7757198685853529
2023-04-09,13,125,0.992151719048431
2023-04-05,18,180,0.48241757083610737
2023-12-01,13,107,0.22706122498299885
2023-05-17,1,94,0.9734259191456804
2023-05-26,6,37,0.8136860049336178
2023-09-29,8,113,0.779634929898353
2023-10-24,18,35,0.8911354932727013
2023-06-30,8,144,0.1617151820491587
2023-06-15,17,2,0.08978744410862172
2023-04-06,18,63,0.6519070535806287
2023-06-11,16,162,0.8113424740779233
2023-05-07,9,103,0.6956590778484385
2023-01-21,24,107,0.9042034188312316
2023-11-21,18,31,0.4014231901306977
2023-04-19,2,36,0.6085507943505185
2023-08-20,13,70,0.5714431237460433
2023-09-09,3,132,0.002323216170988962
2023-02-13,5,181,0.033236923464588064
2023-09-13,2,44,0.11604627895092812
2023-08-31,15,192,0.7592981060869802
2023-05-22,16,109,0.994831266781848
2023-06-28,6,130,0.30258583054076593
2023-07-20,19,66,0.5326833055403548
2023-01-06,17,185,0.34498185784320945
2023-11-29,1,171,0.008802987600334156
2023-10-06,23,117,0.5702857221369216
2023-07-04,12,120,0.2967398875402363
2023-12-01,23,71,0.48076052500590427
2023-01-21,7,94,0.8020085396780796
2023-05-09,16,51,0.4313328695343418
2023-05-20,22,72,0.8264260919662699
2023-09-12,19,155,0.7921479662528251
2023-10-13,6,60,0.14771834740725365
2023-03-21,13,168,0.8179418799255099
2023-08-28,4,42,0.6995298029215797
2023-03-27,15,58,0.46748528198414296
2023-11-08,7,114,0.6640849608354213
2023-04-18,16,144,0.695555747124749
2023-09-02,15,15,0.08886520303098944
2023-04-27,24,157,0.25467438726144087
2023-10-04,19,172,0.4214032900735284
2023-06-02,12,116,0.9475221504859432
2023-01-20,6,126,0.9262190931201857
2023-08-11,11,69,0.9503973419553258
2023-11-04,15,62,0.8720712899794961
2023-12-25,24,175,0.7086140158497481
2023-03-01,8,118,0.4493329532815741
2023-07-10,19,162,0.30384185023400734
2023-06-26,18,117,0.2163022487736198
2023-09-05,3,91,0.48810783313165396
2023-10-04,23,176,0.5550961395022183
2023-07-04,9,4,0.22365759317339495
2023-01-19,7,112,0.4437840277045184
2023-09-20,13,72,0.9452080828489821
2023-09-05,14,118,0.8246084095908837
2023-07-17,13,40,0.6987026334590739
2023-12-05,15,159,0.84403496323411
2023-11-01,8,170,0.4003760911132439
2023-01-15,23,17,0.6227775193535572
2023-10-09,7,43,0.10834139737456683
2023-10-14,9,37,0.6199073616893431
2023-10-24,19,89,0.828168062404592
2023-09-13,13,167,0.8725315828845773
2023-05-12,11,117,0.6023480097094299
2023-06-07,23,142,0.16437486839595794
2023-12-17,5,164,0.452308409114061
2023-08-26,20,186,0.27601764176619925
2023-08-16,24,38,0.8863467720881175
2023-03-20,16,22,0.40973603145039694
2023-06-09,18,80,0.809032965751512
2023-10-15,14,183,0.4689202966430668
2023-04-20,22,57,0.6082980214861152
2023-08-21,9,103,0.43581373326602013
2023-02-18,4,155,0.27898171164651375
2023-09-23,16,120,0.050777833900225056
2023-01-16,23,23,0.9721137598651554
2023-03-29,10,21,0.06137822858194586
2023-06-28,5,131,0.4041319253460699
2023-10-18,14,95,0.9744471966532449
2023-04-07,7,24,0.7372298496122124
2023-08-10,2,95,0.4350358971492878
2023-09-06,14,153,0.4651755232427134
2023-11-27,25,138,0.11219102153085092
2023-08-24,2,89,0.754600112960743
2023-07-25,11,70,0.7461384686539807
2023-03-21,22,16,0.8516552612039915
2023-09-17,10,75,0.2766002184310459
2023-10-27,13,5,0.7579712597518146
2023-04-29,9,177,0.7284689436992912
2023-09-11,16,122,0.6370876980683817
2023-01-10,12,11,0.23541631933596785
2023-04-09,8,198,0.5917407185710188
2023-02-12,15,35,0.3135228538119613
2023-11-02,17,49,0.7906435718564406
2023-12-23,11,4,0.2022120623243222
2023-12-10,4,43,0.8958860557466456
2023-06-17,2,14,0.4097072981824703
2023-06-24,21,85,0.327545556799545
2023-01-28,8,125,0.17246597797807517
2023-04-21,25,13,0.3258354227403084
2023-03-27,25,89,0.6448677262426593
2023-08-26,24,27,0.17867131241258294
2023-11-23,16,20,0.9249476358900832
2023-06-06,14,11,0.4540331369558739
2023-12-12,17,80,0.42760124850646386
2023-04-09,11,66,0.9249174153692676
2023-05-23,11,106,0.8932073627743742
2023-12-20,23,81,0.8224661304138374
2023-09-27,4,141,0.974878149026436
2023-03-17,11,187,0.0647035210850676
2023-08-11,25,108,0.2535451253431037
2023-03-14,8,98,0.9944982627725192
2023-10-30,17,191,0.9742750120452875
2023-12-09,20,77,0.4262198252239866
2023-09-07,6,61,0.4575084745773821
2023-01-19,5,81,0.3424869394318989
2023-08-27,23,184,0.04046640709545524
2023-05-20,6,69,0.831716592359255
2023-10-19,20,83,0.5021791197691686
2023-10-22,10,83,0.014575745152389463
2023-06-17,18,140,0.8379772274228572
2023-05-29,9,154,0.29900014026917665
2023-02-11,17,130,0.718875823508462
2023-07-22,14,60,0.42080909035756
2023-04-24,6,83,0.09393805351834728
2023-11-14,25,99,0.4605028225684846
2023-04-11,8,127,0.8640887209734986
2023-05-22,4,37,0.4680600059932437
2023-06-24,1,46,0.3286282318416426
2023-12-10,3,54,0.8664760607490155
2023-08-13,18,182,0.36881778345196814
2023-12-02,24,140,0.29175693608798925
2023-03-11,8,117,0.9490856131261254
2023-05-27,8,20,0.9880195439764462
2023-06-15,11,66,0.13905863080550318
2023-08-12,20,178,0.0891430720379165
2023-11-08,2,112,0.5620983645488187
2023-07-19,21,196,0.9982495714441035
2023-04-25,14,8,0.3719782478173628
2023-05-06,24,170,0.5827431619722041
2023-11-03,7,49,0.23137164628577056
2023-03-31,20,23,0.7149521136140667
2023-03-19,9,30,0.0028597416246738394
2023-11-30,1,133,0.6527654231096166
2023-10-29,23,46,0.21789548236318013
2023-10-29,9,32,0.2997213963540134
2023-05-25,19,138,0.008039616294704954
2023-04-15,12,69,0.2889373962587787
2023-02-23,10,39,0.5232925389536268
2023-02-01,21,108,0.9919464996595382
2023-12-08,7,81,0.1099530931442948
2023-08-18,13,132,0.3143512823315566
2023-07-14,3,121,0.77677246248938
2023-11-02,17,106,0.8227078494478373
2023-04-08,25,140,0.7211330259069282
2023-07-29,7,194,0.924612983237161
2023-08-06,7,80,0.3568677285476135
2023-10-26,25,172,0.5240731591911846
2023-02-18,14,113,0.5925206550583145
2023-02-25,21,181,0.34963390109907666
2023-04-29,22,185,0.981402384668867
2023-11-28,14,78,0.9729600058149206
2023-07-17,8,15,0.35366700534846474
2023-12-08,21,187,0.47605804571628185
2023-01-29,10,131,0.10854688910835764
2023-04-22,16,149,0.3489439643905491
2023-05-16,25,78,0.3032690182574945
2023-04-01,2,199,0.08268381410492098
2023-07-12,3,28,0.08298035653693847
2023-07-30,21,171,0.3888139472446357
2023-03-03,15,175,0.08853105458798793
2023-02-25,1,92,0.22679501989747486
2023-02-09,5,61,0.41085658759503474
2023-12-18,21,118,0.652069136612151
2023-02-18,9,48,0.5323850466995464
2023-07-26,20,80,0.35214982266346817
2023-05-03,1,137,0.11364700887654422
2023-03-30,11,95,0.9822906646441669
2023-08-15,20,105,0.1331199991783033
2023-02-05,19,1,0.9388280921076406
2023-11-03,2,75,0.5543118431584189
2023-12-01,5,194,0.7214005704252592
2023-09-01,21,88,0.002772914510654534
2023-02-23,9,38,0.8070636272730921
2023-10-25,1,42,0.10037672125571084
2023-05-06,23,30,0.5450905130503775
2023-07-01,24,87,0.15200205563570535
2023-09-27,9,27,0.9444171929102064
2023-12-08,5,136,0.29671271413430544
2023-10-31,22,176,0.298972240040005
2023-05-29,1,20,0.4576266666027472
2023-06-19,18,64,0.9257133772723891
2023-07-19,9,158,0.14034902488687517
2023-03-25,25,182,0.3308955641945778
2023-04-14,20,197,0.338787978523702
2023-12-16,14,117,0.8826775914278198
2023-02-12,22,91,0.7905267587035525
2023-04-11,18,138,0.8895797836838949
2023-03-18,23,178,0.12042753025039077
2023-10-31,5,4,0.9725075091442998
2023-04-02,9,82,0.3842192786914881
2023-04-16,2,39,0.3531960273631759
2023-08-30,4,46,0.5227130515478156
2023-04-04,23,18,0.6048899918332201
2023-02-25,3,82,0.14420127088461376
2023-02-16,25,123,0.7864985127264777
2023-01-12,4,13,0.9582599006898238
2023-10-15,15,4,0.28011102962641987
2023-12-30,5,58,0.9901905492650184
2023-05-02,5,164,0.793142533705424
2023-11-04,5,130,0.21217401595804009
2023-06-22,13,79,0.3337192707594392
2023-08-29,11,18,0.9685436008617196
2023-12-22,1,76,0.8906753228170162
2023-06-01,18,45,0.9046348020919749
2023-09-12,20,164,0.621734569829391
2023-02-24,7,8,0.7495765640737595
2023-09-15,3,103,0.9417937367480625
2023-04-25,9,148,0.2855118916819984
2023-03-18,19,86,0.8677908618898319
2023-11-12,12,148,0.5786397032253882
2023-12-06,5,95,0.6462845595952668
2023-12-12,20,146,0.27039137339094343
2023-12-15,2,186,0.20807257285475456
2023-10-12,18,172,0.046598269782039514
2023-01-19,11,71,0.7515326085398539
2023-07-28,23,83,0.739269225952161
2023-04-20,23,169,0.8922617896064441
2023-08-09,5,158,0.5429672123288075
2023-01-26,14,110,0.3407216460131103
2023-03-30,19,176,0.2985224822799152
2023-01-12,14,122,0.9331133378200708
2023-08-31,17,123,0.4331370418225853
2023-09-21,9,133,0.5846462102484514
2023-07-16,13,116,0.5742070605464825
2023-06-05,16,78,0.653260292106326
2023-04-25,2,97,0.6495296364580683
2023-04-22,8,34,0.9450457244844979
2023-10-26,1,98,0.6593245958834045
2023-03-16,3,195,0.7442600564111344
2023-06-28,8,199,0.2585758285262909
2023-11-17,21,74,0.828465835145256
2023-10-16,10,5,0.9515039239579046
2023-01-17,18,85,0.9632938466809223
2023-06-09,5,170,0.06679386412622212
2023-03-09,13,6,0.6419289748014485
2023-06-27,2,82,0.6693281073226708
2023-03-16,5,157,0.32919346672316174
2023-07-20,7,125,0.6268582522850052
2023-09-20,5,44,0.633205849652099
2023-03-15,19,64,0.7051143451979238
2023-01-19,15,140,0.5560165668719765
2023-07-26,4,87,0.7939848650789981
2023-03-03,3,111,0.9204562240266899
2023-09-17,3,7,0.2042772187807742
2023-07-31,1,156,0.31695671519939106
2023-02-09,15,54,0.12240088440045038
2023-12-10,8,141,0.03381906759721143
2023-03-23,19,7,0.4722870734443724
2023-11-17,21,192,0.20282180626967816
2023-11-23,16,37,0.0787007079514831
2023-12-02,10,64,0.7274518300833235
2023-07-11,6,189,0.4392816790899401
2023-06-26,21,162,0.18725365814064
2023-08-28,2,71,0.934611817706882
2023-07-20,19,41,0.5965979601566382
2023-05-06,2,34,0.38678936976266143
2023-07-15,16,55,0.3798458396027795
2023-04-16,1,82,0.5521899520573579
2023-06-03,17,186,0.32394060615043274
2023-08-13,17,42,0.2762985791648459
2023-12-29,24,122,0.9572151260196731
2023-06-25,9,187,0.5260549391664865
2023-09-29,3,101,0.6635668512892984
2023-07-06,25,83,0.20189873764633892
2023-08-17,20,191,0.8376164363798789
2023-08-05,14,174,0.3899885448385678
2023-10-01,13,118,0.6556418952727465
2023-04-19,11,130,0.894635157944794
2023-04-20,12,24,0.37558402880457564
2023-07-19,12,143,0.6129577647701988
2023-04-03,12,3,0.6654567822676525
2023-06-25,19,124,0.2938336017997707
2023-01-06,15,155,0.008484124805465454
2023-05-02,7,2,0.6190144102348275
2023-06-15,3,110,0.34881788307383843
2023-04-10,3,169,0.45885966079512297
2023-12-01,4,23,0.31171635516334384
2023-06-26,1,150,0.25732294158603874
2023-02-19,12,86,0.061366197540878686
2023-10-28,10,19,0.9938416322842744
2023-04-27,16,186,0.1197730885512358
2023-10-29,1,185,0.23027566142823475
2023-10-26,22,22,0.3565254438333558
2023-02-22,2,92,0.7223687219923212
2023-05-21,12,119,0.6730378030471972
2023-05-13,4,30,0.22895887905004209
2023-06-25,12,66,0.701344758174184
2023-09-08,22,90,0.9358801649910962
2023-05-12,8,104,0.5410742325820697
2023-08-02,12,195,0.8394464604430304
2023-05-07,14,96,0.09742704340577424
2023-05-10,18,183,0.5190784385489724
2023-12-24,17,134,0.03603560722251331
2023-08-12,5,71,0.18859980179178848
2023-08-18,25,96,0.21679539506918677
2023-05-29,21,185,0.7363864045435672
2023-07-25,19,93,0.4605564931736218
2023-10-01,22,122,0.10234289989870293
2023-02-05,8,41,0.4688667024100531
2023-04-15,19,51,0.386240620358003
2023-05-15,8,199,0.9728727402665853
2023-11-11,21,133,0.4225288462227107
2023-12-15,6,25,0.6653527879475479
2023-10-07,25,186,0.530804242067921
2023-05-09,13,146,0.7063805257403322
2023-03-06,4,140,0.12180334353841227
2023-11-29,21,10,0.3042797524866989
2023-12-30,8,134,0.06297520261043266
2023-11-23,19,47,0.5102872877997239
2023-07-29,13,146,0.3582945369108931
2023-09-30,17,170,0.3031906682918809
2023-10-22,20,94,0.8229696327092779
2023-05-28,22,137,0.5182706619888895
2023-07-30,1,8,0.4917538558785999
2023-02-06,4,197,0.7462712720898032
2023-02-05,10,11,0.9149197561097677
2023-12-05,23,33,0.39699961192772504
2023-04-21,21,46,0.4245354063146617
2023-07-29,25,123,0.49518225344871625
2023-01-20,2,25,0.8975540863057183
2023-02-26,12,129,0.8617451675063214
2023-05-16,5,113,0.9955453916331176
2023-11-02,16,138,0.23070745199418086
2023-02-06,23,68,0.07803063991614756
2023-11-18,14,173,0.37448525293811474
2023-11-14,16,126,0.7522879488204564
2023-09-28,8,173,0.46386611992431037
2023-11-18,19,11,0.6322451457682081
2023-02-05,20,197,0.06979558529154051
2023-04-25,1,45,0.15970827236478669
2023-12-08,4,15,0.4833851072882853
2023-10-23,3,171,0.13763742137987722
2023-03-28,25,100,0.05306024767239159
2023-07-14,18,194,0.24510283824980128
2023-03-14,1,189,0.9906715681982987
2023-01-27,18,90,0.4618171445382435
2023-11-04,18,136,0.1616400862814492
2023-07-22,17,39,0.8208722033811805
2023-03-31,24,90,0.25441186021521645
2023-10-19,4,118,0.8920310519002004
2023-07-06,21,154,0.3623096595423332
2023-02-24,5,87,0.5287806729456908
2023-02-01,17,105,0.359591362041743
2023-05-04,10,42,0.22259758455181178
2023-08-14,1,116,0.007660951037065544
2023-09-29,7,55,0.9668985370328489
2023-07-11,12,12,0.46664800064659684
2023-10-03,8,133,0.531464520450006
2023-01-25,12,172,0.9253019268461478
2023-02-11,4,68,0.44896664666874697
2023-05-13,4,92,0.2093035743324163
2023-08-06,22,46,0.3044718644650338
2023-08-16,19,111,0.041829078426928956
2023-09-17,11,76,0.8560511141095438
2023-12-11,23,87,0.004586179860642581
2023-05-29,13,85,0.2146019277788216
2023-11-21,21,23,0.13557690193898986
2023-04-30,22,188,0.3444273939438679
2023-10-13,13,39,0.2042495367848145
2023-12-14,15,97,0.2534883574992626
2023-02-12,24,117,0.23284931337948678
2023-05-17,2,148,0.23670382680197222
2023-10-13,17,196,0.7433157039283955
2023-06-17,7,11,0.3319729873441124
2023-06-17,9,63,0.9964011404422187
2023-06-05,3,21,0.12432002630653327
2023-03-02,5,162,0.5775597861892386
2023-11-05,1,153,0.5484375448681713
2023-07-04,14,137,0.2228986944695901
2023-02-08,14,193,0.31342232398499137
2023-04-13,10,126,0.18224975566753765
2023-04-05,23,82,0.9893001764533133
2023-12-02,9,111,0.547710610896156
2023-11-02,17,95,0.2638179182764657
2023-05-27,19,159,0.9211969173297576
2023-01-19,24,54,0.5865198580298384
2023-06-03,13,24,0.5087127811261304
2023-11-13,9,174,0.46350172399512335
2023-05-16,15,42,0.08306410335860737
2023-07-15,7,84,0.5405238408795822
2023-05-24,13,61,0.9347282155831964
2023-01-02,16,26,0.36917641321426786
2023-08-20,1,84,0.806202047169964
2023-03-20,21,38,0.46037027650314744
2023-01-15,19,166,0.5683680441254979
2023-07-01,12,117,0.3700684307198372
2023-05-03,21,149,0.09932043012168179
2023-10-31,2,13,0.3960477203098255
2023-07-10,18,162,0.7195450412539908
2023-01-05,7,77,0.6840578188573653
2023-11-25,1,123,0.7992971328978438
2023-09-11,13,164,0.6370980903308595
2023-01-08,4,105,0.3947239784374661
2023-02-12,25,101,0.6028191245638852
2023-06-21,12,82,0.6129839566400421
2023-08-18,13,161,0.10830804858881182
2023-10-12,4,16,0.19658586109644594
2023-05-07,2,123,0.7455380215463694
2023-07-07,25,34,0.06520949019729083
2023-03-10,16,52,0.8155757161789301
2023-03-24,9,128,0.4917250239905344
2023-10-02,12,171,0.3083700018500459
2023-12-23,4,59,0.9690126831486442
2023-08-06,7,122,0.06770670209715934
2023-04-28,16,32,0.6540029982765736
2023-01-07,5,14,0.28285925320369154
2023-06-08,2,84,0.665186036580744
2023-03-04,5,187,0.41309315488434883
2023-11-30,14,36,0.8722193228206421
2023-10-29,16,149,0.7033876850479304
2023-06-15,5,169,0.6128708323091855
2023-01-06,19,36,0.27401345711204306
2023-11-01,2,27,0.051969721988216366
2023-06-30,4,177,0.44236341619093067
2023-07-16,8,86,0.4191004531059924
2023-05-09,9,71,0.39087970649369286
2023-05-29,11,10,0.33894057175673553
2023-02-08,9,174,0.08928570988920859
2023-04-02,21,4,0.48540893533612695
2023-09-06,1,154,0.5289040964854698
2023-06-24,13,191,0.33552795902170907
2023-10-10,17,107,0.7173944202471194
2023-01-16,10,187,0.12933539320044174
2023-06-15,3,106,0.6729111630476716
2023-11-11,8,43,0.02037487412583394
2023-03-31,16,19,0.6106179548501487
2023-09-29,20,165,0.4403827933089258
2023-11-10,14,125,0.0806970781376336
2023-02-18,11,25,0.02504932039003238
2023-04-09,2,27,0.9091881114956268
2023-09-11,5,180,0.3740008453006418
2023-12-12,20,87,0.6810956852732776
2023-05-28,9,3,0.7337752005558495
2023-06-14,14,170,0.06183876193348914
2023-09-27,12,54,0.5281448348982086
2023-05-01,22,71,0.14148427935923746
2023-11-10,25,106,0.6978207104012953
2023-01-24,5,177,0.8411466894915074
2023-01-01,9,64,0.5136068547241405
2023-09-02,5,44,0.33373382004121
2023-10-31,3,180,0.530543997328468
2023-04-18,8,44,0.5090412756240777
2023-10-16,11,68,0.8384655814901197
2023-09-30,10,123,0.09058695263402694
2023-07-15,25,94,0.7386894059814313
2023-04-08,7,192,0.9816137656623101
2023-07-28,16,44,0.557308049643824
2023-04-07,18,101,0.44536611840385043
2023-10-17,4,30,0.31832742598608854
2023-07-31,7,18,0.7324026765044686
2023-07-28,2,199,0.3009194584629772
2023-06-05,13,197,0.9556028042308019
2023-08-12,5,99,0.6762289164756099
2023-09-19,1,1,0.05703867868640233
2023-01-19,16,118,0.5051261730969904
2023-01-09,3,115,0.23804988022781992
2023-11-12,16,29,0.010741414159953888
2023-06-21,11,195,0.3131917536482437
2023-12-03,19,5,0.6399932656551054
2023-02-19,13,170,0.5748836603100081
2023-03-16,13,60,0.09885542714094031
2023-09-16,5,126,0.23227788166940078
2023-11-23,19,171,0.8441294029837746
2023-01-22,5,28,0.07873615923420052
2023-04-12,18,148,0.4093961554019908
2023-10-01,14,20,0.6110796039526606
2023-08-23,2,193,0.26240767853023883
2023-08-04,18,167,0.6163190141241375
2023-09-09,1,166,0.2503652904969358
2023-01-24,13,106,0.20511183088466622
2023-06-08,16,52,0.7852429195142162
2023-03-23,7,18,0.2903046677062858
2023-05-02,17,199,0.4336823696563792
2023-11-27,2,51,0.3756942217701694
2023-01-18,25,184,0.3657928657369689
2023-10-20,19,16,0.29948171352925257
2023-02-17,5,181,0.6739698472029549
2023-11-19,9,195,0.6663022735006889
2023-02-26,8,48,0.6084206696628549
2023-07-22,15,50,0.9435129353456686
2023-01-29,1,65,0.4492571023939703
2023-07-13,17,27,0.4350497461894498
2023-10-06,6,102,0.2670142978741832
2023-02-25,20,47,0.9057006677202962
2023-05-16,18,137,0.5994873525917604
2023-09-10,8,108,0.6118643211825573
2023-02-23,9,198,0.016730065469644062
2023-09-07,19,200,0.33709362290202904
2023-05-18,7,115,0.33268516302408024
2023-09-14,1,89,0.1713583514153213
2023-11-22,3,156,0.8862113875274517
2023-09-28,15,128,0.4786781832674898
2023-10-17,16,22,0.5959275044374827
2023-07-26,18,1,0.6335073368460257
2023-02-27,11,115,0.11904447367337545
2023-03-25,23,63,0.7200656107641114
2023-01-31,6,32,0.754328800307105
2023-09-15,13,95,0.5161006099961858
2023-11-08,14,86,0.6596747080944001
2023-02-28,12,27,0.8838479014998688
2023-01-31,11,187,0.7056038333114582
2023-04-02,9,110,0.9207744666238623
2023-07-12,3,37,0.2665858093208816
2023-03-12,20,1,0.7822558231436761
2023-11-30,11,28,0.907854984908337
2023-04-03,4,190,0.33837990381312666
2023-07-23,4,133,0.949736952821676
2023-04-16,20,179,0.09306881158683866
2023-01-20,14,54,0.7642287057659451
2023-04-20,24,101,0.4587071917426837
2023-01-23,25,127,0.5431340572702112
2023-11-17,19,115,0.6519338693974079
2023-04-27,14,39,0.3824159711970716
2023-09-21,1,56,0.06677916626921132
2023-06-14,25,114,0.8316936039414409
2023-08-19,22,165,0.014281116325820187
2023-12-09,5,61,0.22776725780513007
2023-02-28,23,17,0.9065105423512688
2023-10-12,11,50,0.9077555753553731
2023-07-02,14,95,0.15431768508674193
2023-03-12,14,136,0.7116416457034078
2023-10-09,21,79,0.42651319192903736
2023-07-16,22,194,0.8079821105219893
2023-01-03,6,144,0.3292403501351995
2023-04-13,23,110,0.9908852818999915
2023-08-05,10,55,0.2989234231462017
2023-04-18,6,32,0.8333000540414981
2023-09-13,20,132,0.07934295442227957
2023-05-03,11,60,0.143272590128815
2023-02-26,8,52,0.9652294696321075
2023-05-18,1,27,0.7729399644260974
2023-01-07,14,58,0.4669896503821803
2023-02-11,6,104,0.7336731059718313
2023-04-02,8,178,0.6041709775263809
2023-01-26,3,89,0.34061824915625005
2023-12-10,22,47,0.94916705317108
2023-08-31,13,63,0.4615384100808142
2023-05-19,4,166,0.6247108118455763
2023-08-31,23,148,0.06097466811314989
2023-11-19,3,80,0.2478831611616703
2023-04-15,17,129,0.02896286327333175
2023-01-15,6,114,0.7001623427130367
2023-01-11,17,114,0.799332362050366
2023-07-07,22,152,0.23095934370666893
2023-08-27,17,120,0.9316016951418399
2023-08-19,17,111,0.8535526679242977
2023-12-03,11,162,0.7309172868953109
2023-11-16,3,66,0.3170306132925287
2023-05-27,14,128,0.36216695652256214
2023-12-26,22,9,0.2552179397511958
2023-04-30,24,197,0.538937915033161
2023-07-20,14,34,0.9039482461944885
2023-04-12,9,192,0.21916306784938278
2023-01-23,12,137,0.44503399711846925
2023-03-17,7,191,0.266909174165637
2023-08-12,13,69,0.05992619064603899
2023-08-27,20,4,0.04991055636721464
2023-01-11,7,162,0.5247324382634261
2023-05-17,14,34,0.6338658554335782
2023-09-16,10,20,0.22006818629460856
2023-07-04,15,133,0.16618013721163682
2023-06-20,3,188,0.16757039686013542
2023-03-12,11,84,0.03897214449075004
2023-11-24,6,85,0.902813118132589
2023-03-04,6,197,0.889457671854157
2023-03-29,4,94,0.9786122349409986
2023-06-25,23,175,0.13093604299176576
2023-03-02,9,57,0.26984155948712474
2023-06-21,15,144,0.2773643760183959
2023-10-08,12,180,0.7564864919812118
2023-02-22,19,81,0.869265177500225
2023-12-19,9,120,0.5346909994684578
2023-04-28,24,71,0.9115070792958755
2023-08-07,20,174,0.6301142374071932
2023-09-21,22,150,0.3485169906079282
2023-05-27,25,47,0.9572378348152797
2023-06-13,9,7,0.6278036440314958
2023-01-27,3,116,0.169582440333658
2023-01-08,21,162,0.7821117301161807
2023-04-26,6,142,0.8361816095771111
2023-10-30,1,178,0.14357576612793277
2023-04-06,13,108,0.21072758375537726
2023-05-23,11,106,0.5468619354919408
2023-11-15,19,139,0.3054484434711885
2023-06-14,7,22,0.313731721913066
2023-12-23,15,1,0.9496659061863917
2023-03-11,3,90,0.9044913855984372
2023-10-10,8,50,0.13031765785687888
2023-01-10,2,40,0.5721986481910276
2023-11-18,14,163,0.75516665075653
2023-05-07,21,59,0.7961993359850833
2023-09-13,8,169,0.8004644579052087
2023-10-21,8,95,0.6207405539167249
2023-07-28,11,143,0.701904108493608
2023-12-03,12,82,0.8916574091625797
2023-01-22,6,65,0.22470643778314103
2023-12-01,2,90,0.9901165569859103
2023-12-07,16,105,0.20867503842232515
2023-07-22,23,196,0.5998058001064149
2023-01-14,9,118,0.7590256174843311
2023-01-01,5,32,0.8107552948226272
2023-08-10,8,154,0.2832737789733213
2023-06-09,19,26,0.3346155349252028
2023-07-19,13,39,0.32296750337697744
2023-02-20,7,35,0.6689518596702058
2023-06-22,17,4,0.7129745366224334
2023-06-26,3,90,0.6629994792206904
2023-08-07,23,158,0.46853805426976847
2023-07-21,10,36,0.7069629397302928
2023-05-12,16,103,0.2323694654116899
2023-11-09,25,195,0.38378450991812385
2023-09-02,6,191,0.36074250117231343
2023-11-15,19,182,0.7777264913967574
2023-09-04,18,55,0.21392050011077146
2023-08-19,10,26,0.013005430260738748
2023-04-02,1,116,0.8034185962372852
2023-03-26,13,151,0.10399084837540606
2023-09-10,23,92,0.8165581132143779
2023-08-01,11,52,0.5290087460540864
2023-11-17,21,155,0.4209124994917116
2023-09-25,8,44,0.589399177204524
2023-06-10,24,91,0.25122039184028766
2023-01-18,14,96,0.3814739910046083
2023-10-27,24,64,0.5870767544075778
2023-02-21,5,186,0.12121761179361423
2023-10-13,13,48,0.3705539775036705
2023-03-22,4,106,0.21255535465521302
2023-02-15,16,48,0.3358147695200403
2023-10-09,6,177,0.9621413203169086
2023-01-13,2,131,0.4838653580585309
2023-04-22,14,163,0.023218782903392965
2023-02-19,2,73,0.05155185130907047
2023-11-15,14,121,0.7066002249269785
2023-03-27,23,9,0.26639187235755646
2023-12-14,12,143,0.259671666796201
2023-01-10,21,43,0.9878420262535668
2023-07-15,2,179,0.21883335922708347
2023-04-06,13,12,0.17058436815964118
2023-08-26,11,153,0.5360039626065036
2023-06-15,1,149,0.1953465680950992
2023-05-01,14,83,0.9553268971607588
2023-06-26,2,32,0.6388471963086614
2023-07-03,20,128,0.4447215207349795
2023-11-14,18,116,0.9130780614096944
2023-03-27,12,86,0.8263853364330488
2023-04-24,19,156,0.9122901480589268
2023-07-13,9,108,0.20160968681179547
2023-11-03,8,182,0.40418171145432413
2023-05-24,17,57,0.10997465441287246
2023-04-03,18,50,0.39184539778443295
2023-11-24,2,190,0.5185478596584958
2023-11-24,11,36,0.6148674483320241
2023-03-05,12,156,0.3392756534111342
2023-05-03,11,193,0.5068647359536099
2023-01-09,15,114,0.04317817240033639
2023-10-07,10,14,0.9360786546904691
2023-07-16,14,89,0.5644348119174637
2023-02-06,1,63,0.7270828151296115
2023-04-06,5,76,0.6030977594669898
2023-12-05,23,183,0.5394140386854849
2023-10-21,11,153,0.3595085964898921
2023-10-31,12,8,0.5641213201090917
2023-07-26,20,198,0.7945103518680158
2023-02-08,12,31,0.11627892666828765
2023-07-27,23,133,0.21491610160695263
2023-10-12,10,44,0.1319928440927809
2023-07-22,20,127,0.06658021271336623
2023-09-11,22,146,0.4664046106860563
2023-12-29,17,72,0.8329159922931855
2023-05-15,3,33,0.008701814408899722
2023-03-26,13,188,0.4656370624342676
2023-11-03,7,15,0.82923458328782
2023-02-12,17,4,0.3096196510588043
2023-03-28,7,16,0.2467794995017928
2023-07-16,23,152,0.6427265969457968
2023-08-06,9,25,0.5828452773864814
2023-06-15,12,161,0.4243737932959759
2023-08-19,17,29,0.7803631935624321
2023-11-18,22,200,0.29480508161151653
2023-08-31,6,147,0.24905910075987425
2023-08-04,12,151,0.5858908281039363
2023-03-21,1,90,0.30646768559022
2023-08-03,11,109,0.5519596025063999
2023-12-28,24,57,0.4297253677916927
2023-02-17,23,190,0.07853364544069141
2023-04-19,4,63,0.029132482865431908
2023-05-12,11,151,0.7255424293449116
2023-01-05,5,53,0.8326791992742472
2023-09-24,11,131,0.44351261163945055
2023-09-09,24,27,0.8740934723792757
2023-07-24,7,19,0.20685367896776097
2023-01-16,22,119,0.39132131954742844
2023-12-12,15,47,0.2954011547519346
2023-03-21,7,137,0.06347437410215329
2023-11-11,4,27,0.8483527687207806
2023-02-17,22,33,0.7457591169766111
2023-08-03,4,177,0.8017725253100415
2023-05-17,15,144,0.2833300049167229
2023-01-05,24,179,0.8616074778820342
2023-08-21,10,135,0.04119263504203774
2023-06-24,1,161,0.6833371789480794
2023-11-01,18,199,0.5114739967069302
2023-01-16,22,171,0.4945959813776556
2023-06-05,15,43,0.650177832974027
2023-04-04,13,67,0.6284461584688324
2023-11-29,13,42,0.8762972211240165
2023-07-08,8,148,0.09445143433382341
2023-11-27,3,142,0.09691838386975082
2023-01-28,5,1,0.731550728724644
2023-03-30,7,58,0.41425105184827804
2023-10-07,17,61,0.3952245881329124
2023-01-23,18,133,0.0729187443121857
2023-09-02,19,179,0.7816344095148592
2023-09-28,22,155,0.5938123383486632
2023-04-29,20,199,0.9962459909222029
2023-08-26,12,153,0.9583680135014139
2023-01-31,3,131,0.11046099389128083
2023-09-05,11,21,0.8591944036388537
2023-01-17,25,111,0.5840501999888533
2023-07-24,6,41,0.03276572158079494
2023-05-26,16,3,0.5662251463992932
2023-08-22,10,46,0.2435067740235165
2023-04-01,14,146,0.37105727368501074
2023-08-23,16,151,0.18140866170112924
2023-09-30,13,188,0.1771334040545549
2023-05-15,14,94,0.9541709708467881
2023-10-01,11,195,0.9098218510983754
2023-03-17,11,158,0.8636891486354656
2023-08-06,16,180,0.21506642036164025
2023-03-14,25,24,0.06111888280220901
2023-10-27,10,116,0.07838666501872904
2023-02-14,21,170,0.7990515622907073
2023-10-23,1,71,0.5713580803629256
2023-01-05,22,50,0.47350329681712733
2023-03-13,21,49,0.4189155180342927
2023-01-02,19,1,0.5774267395707053
2023-07-03,11,195,0.11317945149973252
2023-11-02,3,197,0.9949068640174888
2023-11-18,19,115,0.8984431384354131
2023-04-04,5,96,0.07703325452620757
2023-12-07,8,173,0.218022150427841
2023-08-16,8,41,0.551038602315754
2023-05-28,8,46,0.5492080690048062
2023-03-27,15,195,0.3432090750676883
2023-10-24,22,105,0.8437893979670019
2023-01-15,17,198,0.3779663807795055
2023-12-30,18,189,0.4032490602527502
2023-11-15,5,36,0.5986239425948238
2023-05-24,25,75,0.09718497182673191
2023-02-20,19,36,0.5601951840647935
2023-06-28,7,159,0.21970322024972633
2023-08-04,2,62,0.017073528618261502
2023-12-30,24,114,0.785989114431332
2023-01-09,6,186,0.6252054801473331
2023-05-13,8,134,0.5700552852638017
2023-11-18,4,182,0.18085817770226287
2023-11-25,20,189,0.4236384437581405
2023-01-15,20,25,0.036795328716921816
2023-11-16,16,5,0.1904389974365156
2023-10-27,15,12,0.5483277169883889
2023-07-06,23,5,0.962236942489846
2023-09-24,17,64,0.6853293892233419
2023-07-29,14,109,0.8467972669164555
2023-02-08,3,103,0.01520504653633914
2023-12-03,6,129,0.9642932831494923
2023-11-29,2,114,0.7475320508591493
2023-07-04,9,13,0.4437715488675188
2023-08-05,8,151,0.4026266905574578
2023-10-18,24,80,0.7426968410817223
2023-09-18,19,25,0.5313131349042912
2023-12-20,14,65,0.026796508134937835
2023-02-05,4,49,0.4130159938176535
2023-08-24,14,44,0.9085722556594299
2023-02-26,5,36,0.6961031536822063
2023-04-15,5,19,0.6619095202407309
2023-12-16,23,199,0.5164401630390073
2023-10-06,6,97,0.4308672747620166
2023-10-31,10,147,0.8108228086563058
2023-01-31,13,176,0.04859319341563817
2023-07-29,15,47,0.13485970332438424
2023-01-01,7,5,0.5331359995252213
2023-11-30,21,152,0.9725772235471196
2023-11-27,5,187,0.8734208473580174
2023-12-30,20,173,0.01922908206465579
2023-01-27,15,181,0.8175080597148522
2023-10-02,1,179,0.34485887330201026
2023-12-03,4,139,0.23218395174664985
2023-09-26,8,40,0.9284648988314255
2023-11-24,5,22,0.1903273829344092
2023-01-18,15,9,0.7620375706253871
2023-09-12,23,124,0.8006301072767685
2023-04-09,11,101,0.0738883018610077
2023-04-18,19,129,0.6729442387478344
2023-01-31,23,139,0.49769533363562646
2023-04-03,14,53,0.3541753680756754
2023-04-23,24,141,0.5998611931949844
2023-08-24,2,60,0.8040209040988231
2023-06-19,14,60,0.5391728208643277
2023-10-06,8,78,0.017641009420265363
2023-04-01,10,22,0.25855066976226826
2023-01-24,20,30,0.5684421362360905
2023-11-20,20,50,0.03362897805650933
2023-04-13,19,114,0.5746742398500481
2023-04-11,24,189,0.16590720555746208
2023-08-19,21,88,0.6260307354962138
2023-12-07,4,99,0.8302388708565249
2023-05-06,4,166,0.21102138551340954
2023-05-13,1,34,0.16955546797724252
2023-07-20,17,154,0.06931488734547475
2023-08-19,10,54,0.34584647406548163
2023-07-27,7,71,0.8500424994169933
2023-08-01,12,86,0.7741483751283772
2023-07-17,4,71,0.8159417300946956
2023-05-23,8,52,0.8332088087164984
2023-03-16,1,129,0.7812145351159784
2023-01-03,21,111,0.527680825353878
2023-07-20,9,193,0.9745867071511284
2023-04-17,24,194,0.7130520406133296
2023-01-12,25,176,0.1811476601183606
2023-05-16,10,97,0.0808702394740678
2023-04-14,6,82,0.35512932028093036
2023-06-08,15,125,0.6131886870663406
2023-04-01,8,187,0.9276465274328106
2023-09-26,5,38,0.6291389007695821
2023-06-13,6,37,0.8698659073470626
2023-06-22,5,196,0.7053037521567346
2023-01-24,4,190,0.9937877529254487
2023-10-07,5,132,0.6883240587921203
2023-04-27,25,188,0.7672014378487564
2023-04-09,11,24,0.5106299606647936
2023-03-01,17,104,0.4193557369161849
2023-05-29,14,125,0.5263369290925524
2023-11-10,1,183,0.7209904469841183
2023-06-05,17,136,0.4500515036066495
2023-06-08,24,161,0.8304962546446572
2023-04-01,9,136,0.8814471699526656
2023-07-31,24,173,0.8418927209788367
2023-09-15,17,51,0.42344215049574974
2023-01-21,11,149,0.8334892365282155
2023-02-16,17,132,0.5700274240302906
2023-03-31,23,140,0.16107220513959464
2023-09-18,9,124,0.918678348301957
2023-04-04,12,122,0.428799278917564
2023-11-26,2,101,0.4372116852422492
2023-02-07,11,191,0.7118211751265873
2023-07-12,10,180,0.002947702426919885
2023-09-19,13,28,0.10512394901045474
2023-08-31,4,1,0.919014066892321
2023-05-12,19,128,0.6546611862068132
2023-10-09,13,131,0.5652855671581333
2023-02-05,7,81,0.21084350757081427
2023-11-26,20,9,0.9600959752153637
2023-05-16,7,82,0.17800106538931493
2023-01-22,2,143,0.955214290347589
2023-12-19,17,112,0.4596570739613748
2023-03-08,11,150,0.07261085393031452
2023-05-13,11,63,0.41103917499927234
2023-09-17,1,128,0.7254579695839284
2023-04-22,19,174,0.1410221364185824
2023-06-03,18,45,0.7687494429207927
2023-04-28,11,133,0.40899267111984705
2023-11-26,19,174,0.24294889422496424
2023-09-08,14,5,0.7135843359232019
2023-11-19,8,6,0.46286235862974623
2023-05-07,12,48,0.7064232455614241
2023-02-26,22,54,0.6148539599738339
2023-06-02,25,64,0.8624294534214094
2023-03-01,12,62,0.05779644494530212
2023-10-28,10,103,0.22593545371617052
2023-10-04,5,158,0.004779951483684486
2023-06-04,3,48,0.39495660592648296
2023-07-26,3,173,0.9795989587689953
2023-08-13,20,170,0.10903192565034925
2023-06-11,3,74,0.8238378935706988
2023-09-27,11,169,0.9907209643889339
2023-08-12,9,160,0.3218293268840169
2023-06-07,20,99,0.380258070993885
2023-02-25,3,115,0.07122831321767265
2023-07-27,6,161,0.7968728625645417
2023-11-19,19,154,0.2512075154079342
2023-12-22,12,7,0.7405802910601123
2023-02-05,9,173,0.8605303006551512
2023-04-25,3,82,0.7847812503322344
2023-09-28,7,149,0.05612095057197253
2023-12-04,2,75,0.8245612305450952
2023-03-20,11,192,0.8689293846004073
2023-01-26,4,153,0.347660180674218
2023-04-15,20,84,0.7329937065082485
2023-01-12,25,121,0.3969687620439213
2023-02-02,4,43,0.7225114093117594
2023-02-28,4,24,0.03949889598425682
2023-09-29,7,161,0.8133561758420341
2023-09-12,9,55,0.410560122098954
2023-02-09,18,134,0.49081702056310295
2023-05-23,22,135,0.8999116128038193
2023-01-09,25,5,0.9928168688492082
2023-05-31,11,136,0.5096671843657867
2023-03-29,16,31,0.8817951992031428
2023-06-08,6,163,0.8579677817580259
2023-11-24,6,4,0.5037381689485841
2023-01-25,13,35,0.6777831327092815
2023-06-25,13,186,0.999348995402362
2023-11-11,3,89,0.24162546708047639
2023-10-28,4,191,0.1899166010798723
2023-03-10,8,71,0.08964317399741872
2023-01-26,15,30,0.24018528841345776
2023-11-05,23,67,0.8395978302713484
2023-03-16,21,149,0.2046978366796297
2023-08-04,4,20,0.2974662634477412
2023-10-08,15,82,0.36471284949215543
2023-10-29,15,184,0.786590397003785
2023-02-24,20,176,0.6846512980985717
2023-06-23,3,119,0.30626318026321875
2023-09-30,21,8,0.7415900237561064
2023-06-19,16,126,0.19696225129556166
2023-11-13,18,105,0.9541168390333767
2023-01-03,19,39,0.7415049192687253
2023-07-06,12,113,0.4381213768821003
2023-07-09,6,85,0.3507632034016064
2023-09-25,19,68,0.9855474687202853
2023-08-17,21,5,0.7965990701692651
2023-03-20,17,23,0.5841420290408779
2023-04-03,13,15,0.7385623369099014
2023-02-03,19,11,0.9275007835600464
2023-10-29,23,25,0.18065090911588255
2023-06-29,21,168,0.8294980718140578
2023-06-27,24,88,0.8176322473264817
2023-04-02,15,46,0.6189832834057635
2023-10-25,18,199,0.008861280724586695
2023-08-03,2,163,0.9440036239623184
2023-11-02,24,150,0.9224480812926636
2023-09-13,21,31,0.09754813607887858
2023-09-29,18,163,0.3754298304412247
2023-09-30,22,58,0.324207358239905
2023-03-19,10,84,0.24774402938616402
2023-07-18,5,13,0.551450944682039
2023-12-23,24,105,0.6180583804584723
2023-11-16,15,59,0.5977651290655353
2023-12-29,14,154,0.5306620028699844
2023-12-22,21,128,0.2490534385126405
2023-07-27,3,129,0.09792623520193566
2023-11-07,22,49,0.9735250298356001
2023-09-21,24,57,0.5349896215600727
2023-11-08,22,66,0.10742559131818397
2023-03-17,15,93,0.9027550921335957
2023-01-24,5,56,0.6917189564570314
2023-07-21,11,127,0.844371910266877
2023-12-18,13,8,0.4018000588970163
2023-09-01,25,54,0.7361930298627347
2023-08-06,25,79,0.09737655607506623
2023-02-12,15,145,0.9904611233324843
2023-05-07,14,9,0.30943077154080745
2023-12-30,23,108,0.05383437979078132
2023-07-02,5,179,0.9065554068743097
2023-05-18,16,137,0.4224523641622142
2023-02-05,7,25,0.6149962534772861
2023-05-20,18,105,0.6476607707576263
2023-01-09,16,44,0.5424337698038965
2023-05-01,12,92,0.511863747478641
2023-12-23,12,134,0.3629337825141804
2023-09-19,13,141,0.8327150163946597
2023-04-04,4,80,0.19641238348378032
2023-05-26,21,147,0.9109457938686057
2023-03-03,13,92,0.6984775499439596
2023-12-08,6,54,0.7913431123898046
2023-02-23,3,195,0.40303027411380354
2023-10-21,16,6,0.74940175115424
2023-04-07,25,182,0.015522495430402516
2023-11-28,7,52,0.04456034136604792
2023-02-01,19,182,0.2207725698111871
2023-11-02,25,103,0.022743874153924648
2023-12-24,18,43,0.7511854129808822
2023-11-04,11,161,0.2868566262833956
2023-04-21,20,74,0.20278493361043715
2023-01-04,18,46,0.5608984530840221
2023-11-16,3,141,0.6842220004989366
2023-09-03,25,46,0.1941620755050143
2023-01-07,21,8,0.6402847749534925
2023-12-21,22,82,0.38441323117346116
2023-02-08,13,102,0.05380064637905835
2023-06-09,22,145,0.8969986509763986
2023-09-01,17,100,0.8998657533794334
2023-07-04,18,11,0.6016873945641074
2023-08-28,10,128,0.6759486413715926
2023-04-25,25,36,0.7515738449578868
2023-09-11,7,154,0.996658431639841
2023-06-18,2,133,0.6275062520564176
2023-11-02,12,45,0.34412499802468943
2023-10-31,2,146,0.8244610357035422
2023-02-09,19,6,0.29411543568114606
2023-04-24,6,58,0.1615673936075246
2023-04-22,16,101,0.16889084646399943
2023-07-23,23,170,0.5486342990949244
2023-03-12,22,104,0.48043258052338367
2023-08-20,1,72,0.3630826069912081
2023-09-28,12,62,0.43417627133726366
2023-02-12,1,29,0.829514844835708
2023-04-12,17,140,0.014298316311720072
2023-01-26,4,77,0.7927864293255171
2023-03-17,2,114,0.8493673078168884
2023-08-29,7,23,0.7051598175299548
2023-04-17,10,81,0.5226646922245771
2023-07-19,19,48,0.25761262385980754
2023-02-17,12,179,0.7051313703151556
2023-03-15,20,90,0.08223260295207291
2023-03-27,22,60,0.41051925700705627
2023-01-03,14,132,0.13315340173980472
2023-07-02,22,173,0.5098606723270589
2023-04-27,20,128,0.4290695646577817
2023-11-06,25,166,0.8179400678950276
2023-04-27,20,62,0.4776648021289911
2023-03-16,7,90,0.3067327103024894
2023-10-02,8,163,0.920732148927001
2023-04-24,24,100,0.28801347338410677
2023-07-28,3,58,0.751027692341218
2023-12-17,5,170,0.11072089147318676
2023-09-17,17,81,0.28910224038115295
2023-09-14,10,159,0.0920085778788079
2023-07-08,20,163,0.3224080538427845
2023-04-17,20,4,0.4223084656666406
2023-07-29,8,26,0.4039728684465116
2023-09-22,8,63,0.8732556628454508
2023-09-05,1,52,0.34692777589692236
2023-08-17,20,15,0.6369969156900384
2023-02-17,16,7,0.002740825102389932
2023-10-30,1,56,0.7000883863569013
2023-12-02,2,7,0.6922427352984533
2023-08-15,16,129,0.7314542123752158
2023-10-19,7,159,0.7525534543634764
2023-11-04,4,108,0.29615553494808444
2023-11-08,11,26,0.7586719802197314
2023-08-09,21,68,0.43396919364896813
2023-12-14,13,174,0.232123646235864
2023-05-10,8,106,0.7258383779865889
2023-01-20,24,104,0.11878747477594087
2023-10-28,14,82,0.5617639681588843
2023-07-02,2,36,0.8681023131475346
2023-03-22,18,82,0.2915583052207008
2023-05-27,6,69,0.9287442324762649
2023-01-21,3,77,0.748488824571601
2023-04-21,20,114,0.3330651192936275
2023-06-27,21,169,0.5269832434064164
2023-01-16,11,43,0.4660707180632697
2023-03-26,18,1,0.4438770781194241
2023-01-14,5,136,0.2218991390720081
2023-11-07,8,120,0.2771298789273231
2023-04-18,21,129,0.8332519118262193
2023-03-04,16,12,0.18027119477052034
2023-11-29,14,93,0.5695186244932103
2023-04-26,16,52,0.14919964715632095
2023-04-28,9,81,0.2918498524537181
2023-07-19,3,127,0.22581175566242195
2023-03-21,19,198,0.8034394567451532
2023-01-01,11,22,0.37591623404105823
2023-07-22,22,197,0.3650305020485086
2023-02-27,1,127,0.34970541456146365
2023-05-07,12,170,0.2828738403583989
2023-10-08,21,200,0.4084884238851675
2023-06-22,7,82,0.637757185723604
2023-04-13,13,168,0.8687559782662165
2023-08-09,4,188,0.7852847216141828
2023-06-30,20,149,0.9476552509859196
2023-09-21,25,39,0.36469746361327793
2023-11-30,12,176,0.3085138981970147
2023-02-12,7,84,0.060235948336764045
2023-12-18,8,102,0.8842494111174128
2023-03-29,15,151,0.07666058834158318
2023-10-21,23,111,0.9050793563540309
2023-04-23,7,189,0.3115067797807146
2023-12-03,20,125,0.7916124282091404
2023-02-02,11,63,0.8254096438614393
2023-08-12,16,166,0.8802582917659482
2023-05-06,15,132,0.7729130536333579
2023-11-14,13,80,0.5653992218974672
2023-01-16,24,182,0.7426645301980076
2023-09-17,22,22,0.215515237598637
2023-08-18,2,51,0.22269779223938113
2023-07-22,10,14,0.8796967446770994
2023-09-09,19,127,0.5007998034927981
2023-01-29,12,112,0.5340571732648893
2023-12-27,24,69,0.6102446810465197
2023-03-20,11,26,0.30668535478081815
2023-10-06,21,199,0.6473933125640792
2023-04-14,11,129,0.14309293094019138
2023-07-29,22,133,0.01699532158735273
2023-01-22,10,164,0.3353726022050758
2023-04-07,14,66,0.08750125399061692
2023-02-10,19,159,0.42643959538694265
2023-07-13,22,191,0.527068794240229
2023-11-03,12,66,0.044709184470364205
2023-04-03,5,152,0.5746439501535356
2023-12-12,19,77,0.3580917527825249
2023-06-17,5,168,0.6023876554984946
2023-03-03,22,126,0.7291004395929822
2023-12-04,23,161,0.9937227858522345
2023-01-17,19,71,0.6143444685135758
2023-08-07,11,125,0.08616363160071172
2023-03-09,3,176,0.26638221365930437
2023-02-16,4,28,0.42580342069658617
2023-09-18,23,133,0.5358960079041876
2023-06-20,17,21,0.026226434300382073
2023-09-05,6,181,0.3985454901840595
2023-06-18,9,200,0.8703575873522426
2023-06-23,22,183,0.4324553953357644
2023-11-20,16,180,0.2608498793510172
2023-05-14,20,73,0.9221693496207171
2023-01-04,6,145,0.21706097877142794
2023-12-25,7,19,0.26529408376771446
2023-04-01,9,69,0.8618617683814145
2023-02-14,24,156,0.33982513975365347
2023-06-28,15,182,0.3248335540424685
2023-12-20,17,195,0.17142480758995504
2023-12-07,25,28,0.28071260891634864
2023-09-16,21,196,0.7525907719507129
2023-03-12,2,138,0.9763759547027664
2023-09-26,20,198,0.6158514270299538
2023-11-08,20,112,0.46977998758241635
2023-12-11,21,152,0.15346137966040263
2023-09-17,14,61,0.31089311448988965
2023-03-27,12,93,0.5192243137884223
2023-02-11,24,76,0.23261249199273826
2023-10-13,11,117,0.4956396927484855
2023-09-06,15,121,0.349973768807061
2023-01-22,15,101,0.9464801426641893
2023-02-19,17,176,0.32885440343443095
2023-06-18,2,185,0.03968992665425253
2023-10-12,3,29,0.9017574554921566
2023-06-30,19,140,0.31197452102668755
2023-09-03,11,20,0.8198367135198582
2023-11-22,4,116,0.886645830299644
2023-11-04,11,180,0.8092602773816874
2023-10-23,21,152,0.22802899392118192
2023-02-08,5,42,0.9177209802168877
2023-11-24,10,16,0.36110523781922743
2023-01-06,13,81,0.9240682508042574
2023-06-23,16,19,0.2406806781388977
2023-12-22,16,44,0.39310167235619
2023-09-26,13,84,0.45912422628010263
2023-05-02,25,146,0.09110659386178055
2023-01-16,20,61,0.5635997262159993
2023-08-24,25,98,0.5401349566985097
2023-10-18,21,195,0.4956954687651772
2023-09-30,22,115,0.35693657579060356
2023-01-09,13,109,0.5803955367540806
2023-03-15,2,160,0.07175596506106707
2023-09-22,18,178,0.8845722022072255
2023-04-21,3,125,0.8107688501871105
2023-10-08,2,186,0.12765441145218204
2023-03-03,11,192,0.05793722562144277
2023-12-16,4,131,0.37243781702539336
2023-02-23,1,134,0.9043359841193996
2023-10-02,13,197,0.9727741262193412
2023-11-24,3,30,0.903044650515094
2023-07-19,3,59,0.6493730828447548
2023-09-19,8,192,0.7296646348123045
2023-10-18,10,54,0.6259506847995143
2023-07-18,18,127,0.9222810615769159
2023-07-02,17,166,0.3201141688065645
2023-09-05,1,161,0.9366605767060905
2023-12-10,10,67,0.7411805999599134
2023-09-01,3,54,0.7040887078491228
2023-06-03,19,191,0.4898564646650757
2023-05-12,20,190,0.1179290633035055
2023-07-21,15,80,0.30551120539593424
2023-06-09,25,174,0.5955626388745399
2023-12-06,5,194,0.28518352578756934
2023-11-06,19,30,0.20765149976114794
2023-03-25,11,116,0.3880449564701307
2023-11-26,5,34,0.3471621677664135
2023-11-22,9,95,0.7644769576245279
2023-06-21,7,89,0.04265259990835357
2023-06-30,7,175,0.1601630759676168
2023-08-02,4,162,0.17300315144499645
2023-12-18,23,62,0.036801551675317734
2023-02-17,3,131,0.7377085953826983
2023-10-22,15,156,0.28927681124955085
2023-04-19,18,44,0.9847981500274208
2023-09-14,4,184,0.358077641918757
2023-01-12,14,69,0.2173015298823151
2023-02-16,8,119,0.9294374272608313
2023-03-08,12,87,0.37184583557187134
2023-03-12,3,150,0.8976821211573836
2023-02-02,6,94,0.07692435546093801
2023-08-30,13,197,0.8880214871146707
2023-03-11,20,38,0.5764442716626721
2023-02-22,25,118,0.8744322623341035
2023-10-20,8,79,0.7744426850459538
2023-12-06,18,149,0.9707109511647836
2023-05-20,21,193,0.7620771269049335
2023-08-25,12,92,0.6806814480483734
2023-04-10,2,158,0.43595169450094995
2023-11-12,7,109,0.14963326596601667
2023-06-15,5,80,0.08758450097339832
2023-05-07,2,128,0.5112661500818994
2023-03-03,24,199,0.9653063871861829
2023-01-04,22,189,0.1285727841870875
2023-08-12,10,78,0.07873579983544177
2023-07-30,11,35,0.6341998517785115
2023-01-22,13,110,0.36888045958359184
2023-10-19,9,6,0.3035435364923611
2023-09-10,21,82,0.2776806832504054
2023-02-01,5,103,0.6945206196203508
2023-09-12,15,182,0.22322022590968538
2023-12-13,1,37,0.5772346260916575
2023-10-19,3,107,0.37674420599058767
2023-07-12,16,81,0.22833927866967074
2023-09-10,9,155,0.09620761567428537
2023-11-12,25,101,0.36031187681003873
2023-01-16,24,196,0.6645370157485925
2023-10-21,24,11,0.5847068643536317
2023-09-01,23,135,0.2444169260486444
2023-01-02,22,104,0.5507290387858516
2023-12-21,8,117,0.5392528493832796
2023-09-17,20,169,0.4562406969604219
2023-05-30,16,50,0.21305515124429586
2023-01-26,24,123,0.3519769159695383
2023-09-28,7,36,0.030770826579624377
2023-10-07,11,185,0.0698138690784561
2023-08-25,9,77,0.6827171203335828
2023-10-11,12,84,0.6400922162233561
2023-05-11,14,24,0.25624558852429324
2023-04-28,22,147,0.7101240748414861
2023-10-14,17,198,0.4873821502871062
2023-03-28,24,101,0.46530552544797865
2023-07-27,15,196,0.24830458618562257
2023-09-15,4,31,0.6810739571320716
2023-03-14,6,94,0.38581660424178965
2023-03-18,15,166,0.9889688065018202
2023-11-06,25,178,0.4878106400851556
2023-12-03,1,89,0.7124454959703661
2023-11-03,2,42,0.16966647047196326
2023-09-06,24,65,0.477208743588305
2023-04-20,20,93,0.48797530195046757
2023-07-24,19,86,0.11225008704610595
2023-04-06,20,105,0.80412861458365
2023-04-24,7,172,0.7175138211079688
2023-10-02,15,165,0.639565163877594
2023-09-27,19,79,0.5658199536758002
2023-10-17,15,54,0.3653514971011276
2023-05-03,9,135,0.6261300920845507
2023-12-17,23,153,0.5569009662982083
2023-12-21,19,70,0.926698478803518
2023-03-25,13,127,0.25517321476826227
2023-11-20,18,107,0.044589397451767265
2023-12-06,14,150,0.9075138654252954
2023-10-08,8,11,0.13705235877431954
2023-07-18,4,138,0.6806443525184294
2023-03-29,13,31,0.5975859349446938
2023-01-23,4,158,0.49290005621100097
2023-02-28,7,149,0.0785761828346857
2023-09-16,13,107,0.4824596647445344
2023-08-22,22,66,0.6906131611198518
2023-11-17,21,165,0.9096569158941917
2023-05-31,22,124,0.8880604290862673
2023-08-25,24,90,0.30090377239274424
2023-05-27,8,4,0.5297647163076447
2023-12-02,21,79,0.9550840099412818
2023-04-04,2,4,0.38329737542067777
2023-09-03,24,138,0.5494838233206409
2023-07-12,7,148,0.7405363361901898
2023-02-15,23,162,0.5954106355879656
2023-12-01,14,175,0.45924744032195775
2023-08-02,6,130,0.15664152830607336
2023-06-26,18,115,0.6144595649881641
2023-06-24,22,102,0.3051646238153566
2023-07-28,17,21,0.2521035730226904
2023-12-18,1,38,0.5795346822974525
2023-07-02,3,170,0.8849345132509506
2023-07-06,21,87,0.6898262154134926
2023-05-03,16,142,0.7479434539923896
2023-01-27,15,163,0.844460081025571
2023-09-17,23,46,0.2796466909302835
2023-08-24,17,82,0.018617400720836175
2023-11-01,25,166,0.8035371805244851
2023-09-07,20,183,0.3831701695752904
2023-07-28,22,51,0.6441047950941261
2023-07-10,22,1,0.24319102352668853
2023-04-03,16,145,0.42510721957948605
2023-07-23,10,114,0.15238430455844532
2023-07-17,23,89,0.1017933179724948
2023-12-21,7,31,0.7986355769097753
2023-08-10,14,112,0.6092322582615409
2023-05-14,25,35,0.03733949036055262
2023-02-21,24,192,0.4141014415997064
2023-03-29,8,129,0.9315471099426305
2023-03-12,25,7,0.5536966952744128
2023-02-24,16,30,0.012564976244536674
2023-01-09,24,47,0.05850190513290865
2023-12-24,8,72,0.5123905868560497
2023-12-09,25,117,0.8049642914509496
2023-05-23,8,90,0.2034164265243139
2023-05-15,7,83,0.6444262315353125
2023-04-27,5,13,0.6754638573652249
2023-12-27,19,70,0.9042442806907172
2023-12-20,23,67,0.029743474063515185
2023-12-30,4,108,0.5565395023946992
2023-02-11,18,151,0.14219684651825903
2023-05-31,16,84,0.4697957263671616
2023-09-03,13,67,0.6546868767245658
2023-09-27,20,56,0.9695366098079642
2023-01-11,15,49,0.21722517254478324
2023-11-24,24,10,0.1514315341178314
2023-10-06,19,120,0.8855509087415062
2023-06-26,22,40,0.931861488308225
2023-01-20,12,117,0.4721889305290946
2023-05-12,8,43,0.9161027239357018
2023-01-07,25,160,0.23161445292820604
2023-11-03,24,64,0.3598090311875287
2023-03-24,10,182,0.6483094469987014
2023-11-29,21,56,0.6383061193110229
2023-01-05,9,44,0.44738280988110335
2023-08-14,25,116,0.8586532331196284
2023-08-27,15,74,0.017418564167556272
2023-03-31,4,127,0.36436677004959794
2023-01-01,8,101,0.9601549603343508
2023-05-29,3,194,0.9724530806678584
2023-04-03,9,113,0.0894112829538003
2023-01-23,24,1,0.29893574415711166
2023-09-18,1,143,0.8268016392360693
2023-01-17,25,54,0.4276470351909869
2023-06-19,23,61,0.42108351376219333
2023-04-23,15,38,0.27914321359804595
2023-08-22,21,172,0.5615323939190408
2023-12-16,18,168,0.5387791907242717
2023-08-10,10,149,0.38427295349358925
2023-06-16,1,51,0.9375023550987567
2023-04-04,24,1,0.5568605720106292
2023-08-30,20,147,0.5650374577727021
2023-12-14,8,100,0.9685130046781275
2023-10-02,25,41,0.6724569284921773
2023-06-07,20,118,0.5360293244740697
2023-05-21,24,170,0.5628974317421036
2023-02-03,6,115,0.4356098870820734
2023-10-05,15,128,0.8976434667708285
2023-04-16,8,37,0.8040855701843231
2023-07-11,3,143,0.28015191982925647
2023-11-05,14,104,0.9062560581694282
2023-01-18,23,103,0.47722083289525186
2023-01-01,16,77,0.5729936018235562
2023-08-26,24,97,0.8978986936311051
2023-12-07,20,117,0.005065712432845149
2023-12-23,24,184,0.2391648988758176
2023-05-12,21,163,0.43656163363779465
2023-03-13,25,36,0.25428159134781614
2023-12-10,20,114,0.6143318408422459
2023-05-22,11,41,0.30600044802903636
2023-06-22,3,59,0.7181440649031341
2023-12-20,20,30,0.9348324312550208
2023-01-17,22,104,0.812533301763073
2023-03-22,19,114,0.47042350453329296
2023-01-01,13,105,0.5545457319664875
2023-01-13,11,81,0.9504441436440272
2023-05-27,17,125,0.32593699406912113
2023-10-13,23,144,0.20598149963428858
2023-09-06,5,163,0.6219148993034485
2023-09-15,22,65,0.27985482050354293
2023-09-29,25,130,0.1423069903736286
2023-05-25,4,20,0.8539155311962263
2023-07-10,10,180,0.9878490190102756
2023-11-12,12,171,0.9919338044569075
2023-06-11,4,95,0.014411737903285649
2023-12-28,6,107,0.9827334957352439
2023-07-25,10,140,0.9930082155177532
2023-03-24,21,180,0.4047207693251468
2023-06-19,4,123,0.5335795078492049
2023-03-05,2,130,0.11099988241711267
2023-09-17,12,138,0.8916510529633744
2023-10-24,6,10,0.37525336868649206
2023-12-29,21,59,0.9885494908390761
2023-03-19,13,168,0.8065806299742554
2023-01-26,5,140,0.7712946244379416
2023-07-22,25,82,0.8899868383213588
2023-06-12,20,199,0.48781606163456637
2023-07-28,11,150,0.15332666687479835
2023-03-25,9,173,0.29331717201116125
2023-08-26,17,184,0.6294276849008326
2023-04-28,3,135,0.6152520029377995
2023-11-24,8,101,0.3403342292050353
2023-09-24,4,69,0.7474268718816068
2023-09-22,21,11,0.9426669163341843
2023-11-22,7,53,0.5242055912831861
2023-05-07,24,21,0.5167070749444214
2023-06-02,2,123,0.45926508901674323
2023-01-21,13,20,0.08874350919192397
2023-11-24,13,83,0.5900193647067699
2023-02-01,19,116,0.030753266681771807
2023-06-12,23,194,0.9251906136845954
2023-11-04,11,7,0.41383974554152425
2023-04-02,3,128,0.6958751506175566
2023-02-16,2,116,0.26754104998246175
2023-08-13,24,43,0.6675019902623773
2023-04-29,6,35,0.9923707358936567
2023-12-13,8,42,0.4972895095201957
2023-04-19,7,101,0.8713769099582201
2023-04-16,18,115,0.34713647894425936
2023-12-23,11,129,0.02876695742015467
2023-10-28,2,184,0.5956335679063282
2023-12-17,22,99,0.15667252961406808
2023-03-08,16,96,0.99615612238967
2023-06-25,4,144,0.9669696452142081
2023-11-24,24,200,0.6282224932154533
2023-01-29,25,71,0.028487943056415332
2023-06-02,9,80,0.7312963192001549
2023-07-22,15,191,0.762425771923355
2023-04-04,8,80,0.5695135669780477
2023-11-23,23,143,0.3970983159925121
2023-05-25,15,153,0.855164113145245
2023-09-04,23,5,0.45224402723920953
2023-06-11,21,76,0.7836774181546766
2023-04-14,20,86,0.8539830250312573
2023-11-28,14,8,0.4516738577896152
2023-06-17,24,131,0.9368835284617103
2023-12-12,14,156,0.9043600949341893
2023-06-30,13,178,0.39325790647775427
2023-08-15,23,101,0.4072786404464753
2023-08-13,3,152,0.6559484385173703
2023-06-08,7,178,0.8356747075045513
2023-04-05,17,32,0.17895678294707562
2023-03-23,5,138,0.33165347083167496
2023-09-04,3,81,0.30494530138019604
2023-02-08,16,37,0.7444044872474976
2023-04-26,9,160,0.5978776446837207
2023-03-28,23,121,0.2509868720297519
2023-10-29,2,99,0.21499746531440034
2023-04-02,10,71,0.05581249949327305
2023-01-17,11,65,0.6395629323449522
2023-10-23,18,106,0.8923462078752827
2023-02-01,18,20,0.6052518854427965
2023-09-05,20,13,0.7642082040850092
2023-04-21,8,81,0.6004273006995238
2023-04-28,23,70,0.24267808089901277
2023-10-18,16,34,0.2901097998789819
2023-06-12,12,73,0.7096489088643413
2023-09-13,3,147,0.4559111713915961
2023-06-05,12,9,0.1965219493792847
2023-03-18,14,63,0.3907289655689503
2023-12-28,13,153,0.26030340853401146
2023-06-07,17,159,0.7924165312673065
2023-10-22,8,103,0.11668308081446122
2023-05-16,25,88,0.6963234612182422
2023-01-18,16,76,0.8580356552928159
2023-10-10,11,182,0.06871244986437297
2023-05-08,13,54,0.38494557137990226
2023-05-06,17,59,0.8691113479890785
2023-11-19,17,168,0.2738209293470346
2023-08-21,1,86,0.8127344144605129
2023-11-21,25,132,0.36745339500788665
2023-07-30,21,164,0.8318796381566234
2023-03-07,5,98,0.2611614303738178
2023-11-07,11,116,0.9999744723723039
2023-11-24,23,147,0.8035454500090095
2023-05-10,16,177,0.29779694906943377
2023-12-14,10,161,0.7947603714670153
2023-07-11,17,53,0.6587863309328054
2023-07-31,21,186,0.7877901483027958
2023-07-22,24,116,0.07824408490507628
2023-08-20,3,60,0.8569892511872196
2023-06-26,21,76,0.08721288266975924
2023-02-07,1,9,0.10491119098909019
2023-10-11,10,148,0.0007582464062306782
2023-06-17,19,68,0.7102736375644443
2023-04-04,1,96,0.8675606739813154
2023-04-06,17,11,0.2328378054192095
2023-07-10,15,60,0.3975284308238146
2023-02-04,14,99,0.8849635814090844
2023-08-18,3,18,0.022199198901450834
2023-10-30,23,160,0.15841496372257524
2023-01-31,10,21,0.5558348527322186
2023-09-08,9,31,0.4439726592516874
2023-07-13,23,55,0.4844981137763178
2023-02-13,22,114,0.8829606903190221
2023-09-08,24,194,0.7487022723360671
2023-02-26,17,101,0.24770956506492947
2023-12-12,5,87,0.4641148676371373
2023-12-07,13,47,0.13182323878637858
2023-01-03,21,46,0.16292903461555253
2023-01-30,23,145,0.7740649493524083
2023-05-05,23,104,0.015205217095001888
2023-07-02,9,174,0.5245693587797726
2023-05-22,9,147,0.6892849024629748
2023-10-01,8,180,0.2505264272654557
2023-02-05,2,192,0.47789862312977105
2023-12-29,22,195,0.12967177378210404
2023-12-27,9,8,0.4461654733442544
2023-02-23,19,45,0.4895886264548107
2023-05-01,7,114,0.3529175429150586
2023-05-03,12,129,0.4563695835772874
2023-12-16,13,113,0.9153066201240769
2023-04-28,7,160,0.21333272614979448
2023-03-12,11,85,0.8996318590960684
2023-09-15,2,178,0.602738802093271
2023-10-03,7,83,0.711846903039367
2023-01-22,19,198,0.09855351926227507
2023-01-24,19,3,0.2943980177514922
2023-06-28,7,128,0.6607384801920614
2023-03-23,4,101,0.1774746866522825
2023-03-19,2,138,0.86753785364067
2023-10-30,5,48,0.8224173895407356
2023-08-22,17,138,0.9638193074915248
2023-02-22,15,81,0.3522706789469906
2023-05-14,15,10,0.4434241826552425
2023-06-06,1,89,0.8378371591925601
2023-05-25,5,116,0.8123753448480265
2023-05-15,6,59,0.12443864089016432
2023-08-05,22,44,0.8825281303287461
2023-10-04,10,144,0.12380202575280363
2023-12-15,6,149,0.5683161821256363
2023-06-21,1,22,0.2912913208385717
2023-12-22,23,196,0.7210944483326276
2023-07-17,21,195,0.22474676062209353
2023-04-15,23,161,0.8961596677774052
2023-12-17,15,73,0.2814424802142578
2023-03-21,17,29,0.8058836904588597
2023-10-12,22,157,0.7379066863365737
2023-05-12,18,94,0.2794292530002074
2023-05-02,15,20,0.6556752180224523
2023-06-20,24,141,0.6046898637480551
2023-06-01,1,17,0.3281924119046059
2023-09-25,10,155,0.8242723919956886
2023-04-25,19,130,0.6174099852299808
2023-01-26,6,93,0.4813560236680198
2023-01-03,17,27,0.3138951813841835
2023-11-21,17,82,0.87396541876153
2023-03-27,24,45,0.5546902285536032
2023-12-07,7,27,0.7623777781005928
2023-02-05,14,175,0.5850680669499262
2023-03-27,4,176,0.5046435465176503
2023-11-06,25,62,0.16023467764428057
2023-08-20,12,19,0.8447908914827623
2023-04-06,6,43,0.4723422079465499
2023-08-26,21,136,0.7746533215997645
2023-03-14,4,150,0.20241544113399035
2023-12-06,19,188,0.9274488312497343
2023-09-18,22,95,0.9821142088069573
2023-07-22,25,46,0.5648048995398898
2023-01-12,22,112,0.7679368560169423
2023-05-24,8,48,0.8255766350996551
2023-12-12,20,179,0.6443416907239957
2023-01-16,21,57,0.2552802790939739
2023-07-27,15,154,0.128160233255471
2023-12-17,6,84,0.6509168988121263
2023-10-01,19,164,0.9329119859798908
2023-10-07,5,128,0.15564935731872442
2023-07-12,25,112,0.16339560632011596
2023-10-31,14,112,0.6433401144385426
2023-01-26,20,8,0.9667681817327484
2023-07-06,5,192,0.3139330852276644
2023-11-05,4,164,0.9542313409899419
2023-09-12,9,183,0.8659282942607467
2023-12-24,18,95,0.7364427794669044
2023-04-18,2,19,0.5705871787154555
2023-08-06,2,75,0.6888790455937295
2023-02-28,2,126,0.709925945548118
2023-05-21,16,52,0.3597441305837906
2023-01-23,6,179,0.22108998268951807
2023-02-09,16,155,0.7629224873848437
2023-10-13,24,124,0.2795614723473483
2023-03-31,15,166,0.09731757600394819
2023-05-21,2,104,0.31538561978901414
2023-08-31,23,171,0.8550392317398829
2023-06-12,18,41,0.7919768451817895
2023-09-26,23,93,0.24559624113810108
2023-08-22,18,171,0.9493573903698983
2023-11-23,20,45,0.7287183712876051
2023-02-01,2,48,0.3312806045940909
2023-05-20,16,120,0.5846013608854
2023-09-21,10,136,0.3698513343180906
2023-08-01,23,111,0.6521339168918108
2023-08-22,7,168,0.8004659767809965
2023-01-15,17,136,0.8115592361199635
2023-08-18,7,41,0.6284445021488941
2023-06-20,22,173,0.48612422513193065
2023-12-27,15,133,0.3627813266886202
2023-05-18,8,49,0.4709969166460034
2023-06-04,6,52,0.642095116595286
2023-05-18,9,188,0.334034350483123
2023-07-21,20,119,0.6097619433467548
2023-12-06,18,190,0.7324266871305218
2023-09-03,3,160,0.4723077995968257
2023-11-18,10,109,0.26585427882703716
2023-08-04,21,46,0.975206925668749
2023-09-28,13,89,0.1696899703688345
2023-11-01,13,161,0.974432884872972
2023-11-10,14,147,0.8409760551566232
2023-12-31,8,200,0.8967425703357312
2023-07-12,17,89,0.9448407782162279
2023-03-12,17,98,0.17515760819367188
2023-10-17,21,124,0.4577925281055939
2023-07-13,20,57,0.4475206381543224
2023-12-26,21,98,0.1783986750491462
2023-06-28,17,168,0.4423528750494108
2023-04-19,13,103,0.05749517096723278
2023-12-31,19,122,0.8460445697293346
2023-04-23,10,175,0.05261870024868531
2023-03-17,14,65,0.936577420328325
2023-03-26,15,52,0.12283195717555273
2023-07-19,21,114,0.16812684535778566
2023-03-23,11,81,0.6031914738107054
2023-03-18,11,95,0.45662794622214187
2023-04-01,24,14,0.7263909366897693
2023-11-20,2,196,0.46865227654332164
2023-03-07,15,73,0.3584475303975295
2023-11-17,8,132,0.18809727434970036
2023-11-05,19,91,0.31795435505003766
2023-07-30,5,31,0.08625130611390064
2023-07-31,17,193,0.36895295690646135
2023-06-10,13,69,0.8543034391646823
2023-10-31,10,150,0.5533275125813312
2023-06-10,23,69,0.644888005735801
2023-08-09,20,143,0.8326464134913979
2023-08-14,9,118,0.9032079560708346
2023-11-19,2,184,0.8006663312751369
2023-08-17,9,79,0.7087642946588044
2023-05-21,21,74,0.904255098461767
2023-04-04,13,140,0.7001131256479931
2023-03-24,2,127,0.578725561416141
2023-01-09,12,81,0.4659484425068967
2023-11-22,24,88,0.2112115697968523
2023-08-24,4,76,0.821515321317222
2023-04-09,8,127,0.9268824438278487
2023-04-12,15,149,0.6265872300464617
2023-06-20,13,193,0.6596468360538067
2023-10-06,4,158,0.8008064347549886
2023-06-13,6,29,0.9693746024116096
2023-01-03,6,21,0.12233247363311894
2023-10-04,16,108,0.8421848645746135
2023-08-04,6,5,0.1951785423045398
2023-11-07,17,44,0.4407775221613882
2023-11-05,11,73,0.06583423218067685
2023-12-31,6,3,0.8367880860332524
2023-03-08,13,91,0.8229682904063742
2023-08-14,19,145,0.7209406756677299
2023-09-21,6,77,0.9711297189209479
2023-07-30,9,15,0.7250610671051202
2023-09-04,25,150,0.8759823852915307
2023-12-08,6,82,0.07160566429571136
2023-10-13,14,154,0.8528740445461013
2023-10-19,17,29,0.284941143459314
2023-06-20,21,143,0.053649629759487394
2023-10-15,10,195,0.1057385132681522
2023-06-03,19,64,0.27202530022063587
2023-09-28,12,165,0.8836068032322946
2023-02-24,22,59,0.18882088906955252
2023-11-30,9,83,0.5932421453470104
2023-12-22,19,132,0.8110213679406377
2023-03-02,19,100,0.9759369822315654
2023-08-13,13,46,0.10698666462869777
2023-01-24,11,41,0.16333885138650306
2023-12-22,3,35,0.9324408042044879
2023-08-19,11,68,0.5236928340460407
2023-07-25,7,196,0.7414097367285047
2023-11-13,2,169,0.03677678350162339
2023-03-12,11,92,0.5136584968762337
2023-03-15,18,118,0.6356218840774486
2023-02-10,15,141,0.3493588410021199
2023-12-23,14,72,0.3953791351275219
2023-02-23,22,153,0.7025635774689027
2023-04-22,9,87,0.45095965683841444
2023-01-22,15,145,0.8028523355903233
2023-07-11,4,164,0.7864299502952937
2023-08-19,18,193,0.25913123990623754
2023-12-31,19,78,0.7863154771259881
2023-10-14,5,57,0.2413778491939561
2023-09-04,2,81,0.9567209324203456
2023-11-07,2,6,0.15756463654095243
2023-05-12,8,129,0.11328471298782194
2023-04-20,15,163,0.4671224941450983
2023-11-27,11,90,0.6697260853162251
2023-10-02,5,70,0.2930000859177805
2023-04-29,15,185,0.8124019631889223
2023-12-29,8,144,0.8746421210377844
2023-05-25,16,22,0.7762097750353351
2023-12-15,4,165,0.14789265826607434
2023-11-01,11,23,0.6122383870301468
2023-02-03,15,31,0.7317652787668656
2023-01-03,19,151,0.5012484946597318
2023-04-23,5,49,0.3503365068576605
2023-12-23,20,88,0.5388999998524521
2023-04-09,12,142,0.25347773346368296
2023-02-12,4,151,0.8244346619934255
2023-09-22,14,109,0.15062936415600114
2023-03-23,15,135,0.2279877499254287
2023-11-12,17,17,0.9415287647010303
2023-04-05,12,14,0.6011540757155796
2023-11-03,13,82,0.5380137250425384
2023-01-24,14,177,0.4001441241834871
2023-12-16,14,131,0.23293102074357708
2023-12-10,12,114,0.45445470733182314
2023-02-11,17,134,0.1865389209875714
2023-06-29,6,96,0.5728866144955265
2023-07-29,19,112,0.3319465618948336
2023-08-25,5,196,0.849942942064043
2023-10-02,25,98,0.8490129624061603
2023-09-30,5,101,0.3923949559760982
2023-08-19,20,36,0.8636030269475677
2023-03-19,20,171,0.9324294810575299
2023-12-03,21,22,0.40118975286222336
2023-12-21,2,118,0.6367110729428024
2023-06-07,15,147,0.4473168299935808
2023-09-18,17,60,0.8046296142924529
2023-11-01,13,73,0.9054897528657296
2023-04-28,6,128,0.26546673611387805
2023-01-25,3,134,0.6475446173882436
2023-12-24,11,30,0.06753594443864819
2023-03-13,10,198,0.9134579932153643
2023-05-06,18,143,0.6788754906488219
2023-03-23,13,140,0.1334938099963876
2023-01-23,20,183,0.9188141209727178
2023-07-11,22,136,0.7783899745382767
2023-01-31,23,61,0.629838454848504
2023-08-14,18,34,0.9639491600073393
2023-10-24,20,140,0.776388294879572
2023-07-01,12,165,0.2789351251138775
2023-04-01,22,146,0.6769979783568214
2023-11-15,15,161,0.15253167023225378
2023-07-26,24,97,0.7805187079719595
2023-06-19,19,38,0.09219665998430726
2023-09-09,20,193,0.23867174560361681
2023-08-17,11,75,0.6217954210151252
2023-02-11,16,3,0.9276165172327282
2023-11-13,2,162,0.7328487728752733
2023-09-16,14,8,0.6456551111814025
2023-10-03,13,179,0.634544432712167
2023-03-11,8,192,0.3031292447529028
2023-06-05,7,117,0.9142440204643958
2023-09-01,24,5,0.2571423073953333
2023-02-01,23,31,0.2888244579834407
2023-08-06,10,108,0.5128526828382548
2023-07-14,7,32,0.6456444201970738
2023-10-11,16,77,0.3791798212001819
2023-02-25,3,192,0.4794692706727187
2023-07-06,1,65,0.5344944372939121
2023-07-07,21,125,0.7268174204193132
2023-04-23,1,140,0.27329312844169307
2023-11-19,4,38,0.37260096823720557
2023-02-23,17,102,0.3756090787977754
2023-12-19,6,127,0.29109083701980887
2023-09-26,18,129,0.2964587647156455
2023-03-21,12,58,0.4569287993749648
2023-04-19,21,14,0.07036553171321525
2023-09-02,25,14,0.5320959737903329
2023-11-17,24,117,0.8622273440371347
2023-05-18,3,19,0.4966402657345367
2023-01-28,10,110,0.4241722340405917
2023-07-05,19,158,0.41509902931266174
2023-09-29,15,90,0.2511952747670563
2023-12-21,1,123,0.5826329815011304
2023-07-07,8,135,0.017215823297675237
2023-02-24,6,87,0.004839628801828755
2023-05-20,3,136,0.7998735914549595
2023-05-20,10,80,0.07073490385408465
2023-11-02,17,106,0.988545166087021
2023-03-30,4,118,0.4484901234744133
2023-01-11,20,19,0.0017168360242719727
2023-12-16,10,192,0.3538723922636453
2023-05-18,5,179,0.6784974463610572
2023-01-23,7,69,0.4908708650390411
2023-10-26,23,196,0.1301374354618623
2023-11-30,7,73,0.8991297606622147
2023-12-14,16,14,0.4644922432659855
2023-11-03,12,172,0.7579625633791524
2023-09-11,4,29,0.6124711135943015
2023-08-29,16,190,0.9672101563524674
2023-05-08,25,60,0.112034747705548
2023-03-23,25,20,0.9140383698050013
2023-07-24,4,20,0.5328899395345578
2023-05-27,1,74,0.6543823379684874
2023-03-29,25,25,0.7289090416066722
2023-01-23,20,22,0.721403121207379
2023-09-04,10,184,0.1960757966066966
2023-06-25,18,39,0.8511357339598845
2023-10-14,23,103,0.006606996223823658
2023-08-21,25,119,0.9307213268917787
2023-09-25,4,167,0.9404666119879884
2023-06-19,8,33,0.4055180245525579
2023-11-21,21,191,0.9020661010092744
2023-10-22,25,166,0.8341380929775017
2023-08-06,7,24,0.1552769124744967
2023-07-21,1,129,0.4724559007978154
2023-03-31,4,66,0.10181257810735078
2023-07-05,18,107,0.11902597934386117
2023-10-19,22,191,0.3706422311475963
2023-08-10,10,13,0.1288074177874946
2023-10-28,3,73,0.5976405379599394
2023-06-16,1,23,0.48472658556946746
2023-09-12,19,61,0.07108675744986481
2023-05-03,13,59,0.4103333632658668
2023-06-26,23,87,0.7785228321547633
2023-04-06,4,8,0.3728793342118516
2023-01-31,4,189,0.3788079438491586
2023-12-09,17,191,0.058377544229370804
2023-06-10,12,172,0.24939160792785975
2023-04-20,6,2,0.49358288653139737
2023-04-28,13,132,0.5837733716133308
2023-01-19,7,157,0.10448997942551275
2023-07-20,22,64,0.48042833597340795
2023-10-06,23,2,0.17305892811257872
2023-10-09,17,93,0.8530331378858729
2023-04-21,8,114,0.8704041242592538
2023-09-28,10,38,0.556289572770424
2023-07-03,15,142,0.6423149295238285
2023-05-11,1,63,0.17292395259152793
2023-08-16,2,84,0.2866516066996728
2023-04-02,8,102,0.4478817933378788
2023-08-23,21,12,0.8665398685479329
2023-03-19,17,29,0.9451337979707845
2023-06-27,6,79,0.021744688598182793
2023-03-15,5,5,0.7868165311491935
2023-10-10,17,125,0.6555029691995269
2023-06-12,3,120,0.9465268115631599
2023-12-08,10,195,0.8649788374765393
2023-02-24,21,56,0.406258824435216
2023-08-01,12,153,0.4282721444140529
2023-12-29,23,161,0.7930442307281658
2023-08-05,17,93,0.9576350462747277
2023-11-10,11,77,0.6724883992493935
2023-03-13,21,169,0.43612722991955744
2023-02-05,8,99,0.8074453745697668
2023-05-01,5,140,0.21022099224996493
2023-12-27,19,68,0.9591090516213552
2023-03-29,6,52,0.7088618957290064
2023-08-20,21,21,0.9627148734581968
2023-05-23,17,103,0.12005127846382468
2023-03-10,24,174,0.08827780605974478
2023-12-16,17,152,0.43850152209073456
2023-12-16,20,25,0.8033036351720654
2023-08-28,5,15,0.10104857804910483
2023-12-25,16,63,0.4256520926392978
2023-07-27,8,121,0.4724535908518731
2023-12-30,17,111,0.3562035492789879
2023-04-03,19,171,0.5631538023003179
2023-04-11,15,164,0.509856773268037
2023-01-19,19,132,0.4359279266721703
2023-05-21,18,66,0.8506613877483792
2023-10-10,6,174,0.1827978850876062
2023-05-06,21,180,0.8372298259456804
2023-08-11,5,178,0.19962966355302914
2023-02-17,18,150,0.2168386149619853
2023-12-15,8,142,0.13400028508285766
2023-02-10,6,50,0.03817755428589631
2023-05-27,25,164,0.7344414970342159
2023-02-25,4,126,0.618017843971803
2023-05-21,14,90,0.6232273587579825
2023-07-05,20,142,0.9267476107869621
2023-10-24,12,137,0.19063231642058565
2023-12-29,24,169,0.7409222014084224
2023-02-27,5,8,0.506838808911527
2023-07-17,9,3,0.8007834040833913
2023-08-26,10,5,0.7828175222193535
2023-01-30,3,135,0.5234377868882982
2023-01-23,6,50,0.49057907752175556
2023-06-19,20,80,0.827615623684807
2023-04-26,6,157,0.028360652539304865
2023-03-22,6,79,0.5649541497402146
2023-05-10,9,80,0.6549867173265994
2023-06-01,14,117,0.4691575345442929
2023-03-15,12,70,0.18132022111956514
2023-12-01,4,12,0.016116452048842933
2023-06-05,20,3,0.5767156718731038
2023-09-11,22,196,0.5380906631393734
2023-01-13,23,194,0.5797526819793054
2023-01-07,9,1,0.4311022192445958
2023-07-16,5,130,0.1664905956955045
2023-09-30,20,47,0.06746439440373231
2023-04-29,3,140,0.7989586450775946
2023-02-01,20,76,0.950799588551296
2023-12-13,18,172,0.5191882817706164
2023-01-12,7,5,0.019973775710242614
2023-10-15,23,37,0.9843699548165071
2023-08-19,24,179,0.018129442113169802
2023-08-25,7,67,0.6857019155247662
2023-06-21,25,71,0.9303846333959838
2023-11-29,6,196,0.23918550688491969
2023-10-05,25,59,0.9906784803781828
2023-07-14,1,56,0.8610520230392047
2023-01-23,9,16,0.34838232174833905
2023-12-30,23,110,0.6810656749359386
2023-11-29,12,146,0.15077427050131154
2023-10-31,11,61,0.3866398982069803
2023-04-13,15,115,0.6953867601577735
2023-10-22,5,110,0.2159476986243547
2023-04-18,23,159,0.971908970776279
2023-10-16,22,54,0.8504961473191178
2023-12-03,24,84,0.7277162922804351
2023-04-15,17,195,0.8150247581787862
2023-01-30,18,35,0.3627803390617752
2023-08-07,13,10,0.24546063183076416
2023-02-08,10,99,0.5983316494444205
2023-01-26,5,120,0.5292371331276151
2023-05-02,21,83,0.3133344384928166
2023-12-11,10,64,0.1419157977255494
2023-09-13,11,170,0.7756735490589808
2023-12-14,5,91,0.5365158283502406
2023-05-02,10,3,0.5169810778951753
2023-08-31,19,71,0.8376215902337815
2023-07-04,13,94,0.2644549639052238
2023-08-11,23,102,0.5280290808405136
2023-05-29,14,70,0.35478830003516537
2023-10-04,4,196,0.5753699736016081
2023-12-29,5,41,0.8164264352692622
2023-08-28,6,6,0.4792248282087096
2023-06-17,1,122,0.22777038552312778
2023-10-24,19,41,0.0612560618071899
2023-07-20,20,156,0.3391706964080228
2023-10-02,7,157,0.6358831528037754
2023-08-24,23,40,0.5030643146968226
2023-03-04,21,46,0.25284036153089995
2023-07-12,11,103,0.4298642653025109
2023-05-17,6,35,0.5588687948159735
2023-01-23,3,8,0.5660332335457361
2023-07-26,6,141,0.984600389128956
2023-09-25,21,157,0.15200286923827733
2023-08-21,7,134,0.21742678315343167
2023-06-23,23,143,0.042316618565024555
2023-01-20,19,136,0.8036204640687995
2023-02-10,7,2,0.5123806267088358
2023-08-29,12,173,0.06534557495725646
2023-12-09,6,93,0.5522972117632778
2023-07-22,1,18,0.6146856367431528
2023-10-29,7,182,0.11051581822102219
2023-02-03,19,158,0.8838941490760671
2023-02-19,9,5,0.48144659629587017
2023-04-14,20,39,0.8013306637025978
2023-04-02,14,69,0.470550799687693
2023-05-30,6,154,0.8252437621567968
2023-06-21,20,161,0.405656495959291
2023-01-23,23,144,0.5702932957568398
2023-02-06,1,113,0.5266558246038864
2023-04-27,1,152,0.4818321049361195
2023-11-30,2,64,0.8422718487314736
2023-05-30,1,10,0.9660300884186427
2023-06-06,25,149,0.40511267755718205
2023-08-28,20,58,0.09650690620331781
2023-03-22,2,7,0.8281128747176606
2023-09-04,6,44,0.464465824992053
2023-06-01,21,75,0.5954688729316837
2023-11-28,19,120,0.6855737156932716
2023-03-22,16,66,0.4874163132710789
2023-06-27,1,125,0.6540568394348991
2023-05-24,12,122,0.5536058351294092
2023-08-02,2,110,0.6499018763116503
2023-08-14,3,130,0.5705525340225357
2023-11-27,22,110,0.18501122580363583
2023-02-25,11,184,0.17216023151008097
2023-02-19,7,195,0.45170937957809754
2023-02-11,13,97,0.8417370399998235
2023-02-20,15,54,0.6082921655480275
2023-06-12,20,153,0.31474218643176055
2023-11-08,12,10,0.7300902036372469
2023-07-13,19,173,0.4068319139223827
2023-06-15,6,15,0.4221639851747071
2023-11-04,16,175,0.8020614951174562
2023-10-17,4,190,0.165036446646033
2023-09-30,5,193,0.06565371202792192
2023-03-02,7,108,0.22407797020062414
2023-06-21,21,119,0.3472379677863364
2023-01-04,25,134,0.3695047792928752
2023-12-22,11,129,0.2809642898435908
2023-09-02,1,71,0.09647117803003658
2023-07-25,1,35,0.2418519112648363
2023-04-27,6,14,0.9936511275072204
2023-09-20,12,197,0.38865217538214547
2023-05-17,20,45,0.6355626141717089
2023-03-01,24,78,0.6216147323036982
2023-10-16,3,98,0.19643201244024577
2023-04-05,14,31,0.20174403414118813
2023-02-10,8,156,0.27118373532161966
2023-09-24,20,87,0.14309996316327112
2023-11-17,2,8,0.4819152357421266
2023-10-25,2,82,0.43158494870566333
2023-11-05,20,184,0.5297850833035448
2023-07-25,4,116,0.8391689431845826
2023-03-10,24,196,0.18840703696281502
2023-12-03,17,20,0.3108431800056498
2023-05-14,6,69,0.8417956189513983
2023-09-12,20,143,0.08969250806987028
2023-03-26,20,103,0.9020006004677977
2023-02-17,6,60,0.15742938614145696
2023-02-11,18,26,0.48770594552167634
2023-05-15,19,8,0.5866480453610026
2023-01-15,3,89,0.9888839247503031
2023-05-01,14,67,0.15363064639414226
2023-05-14,15,196,0.6104523524530813
2023-06-10,2,131,0.6871608423807525
2023-10-12,2,189,0.49947556694673656
2023-03-06,22,36,0.38660962895254825
2023-08-06,14,108,0.4220254719145742
2023-03-08,7,40,0.04044129459561052
2023-12-01,1,151,0.7161711032719661
2023-03-06,23,154,0.16253218736418196
2023-07-15,22,131,0.7710427410345224
2023-08-04,12,12,0.7073371548224159
2023-05-09,18,183,0.25957995299463377
2023-07-25,4,25,0.06563737917475854
2023-02-26,21,122,0.39434637446141596
2023-03-23,12,90,0.9203942997482571
2023-01-25,9,163,0.7415873188069623
2023-03-07,5,95,0.9126651939660383
2023-11-09,6,74,0.44979428682029865
2023-03-29,12,180,0.6911629328090871
2023-03-29,23,154,0.9561460580294007
2023-12-13,22,148,0.6422943126611642
2023-10-01,13,200,0.6464265930875729
2023-05-07,17,109,0.3104998840624993
2023-12-19,8,143,0.5452990736856712
2023-10-27,7,161,0.22808903324628438
2023-03-08,1,1,0.8195138807996873
2023-12-13,1,145,0.7981481134271818
2023-07-24,12,110,0.9747026499578061
2023-01-27,15,167,0.6499399311540993
2023-01-20,12,115,0.1694734588774306
2023-03-02,8,18,0.6700866227573208
2023-08-03,2,156,0.8342731700262843
2023-09-07,22,153,0.5108515415815914
2023-11-08,4,114,0.39790688244507266
2023-05-24,18,37,0.46266237416709544
2023-06-08,24,183,0.5683024753008139
2023-01-06,1,178,0.4429356761104981
2023-04-17,21,55,0.012835578254166147
2023-05-04,1,18,0.27749509039588505
2023-03-13,6,173,0.5163246914496247
2023-06-16,19,130,0.6133604934763714
2023-01-22,14,134,0.22612561302633238
2023-11-09,1,165,0.4984325749145827
2023-05-29,7,81,0.3929733941547806
2023-04-06,12,27,0.0184700128646621
2023-02-06,1,179,0.1923526679570624
2023-05-04,19,8,0.9139890698014763
2023-10-21,3,131,0.7066199285796637
2023-06-21,9,152,0.8762524708850098
2023-09-29,12,107,0.38310120403592585
2023-12-23,8,50,0.5482717682113875
2023-03-30,3,129,0.7915719571836751
2023-10-09,19,20,0.0526797054838698
2023-12-10,12,71,0.5434298716379081
2023-07-08,11,169,0.12175705911460788
2023-12-22,12,92,0.446572512468848
2023-02-12,17,162,0.34183730917564037
2023-03-10,20,188,0.4482613543550331
2023-01-02,5,58,0.43126765399235356
2023-07-07,10,33,0.6164773267169662
2023-07-12,6,57,0.1939188354688134
2023-06-30,13,92,0.500413859893387
2023-05-28,20,179,0.388409204002389
2023-05-11,9,116,0.8480574655422782
2023-07-08,4,171,0.7892616553626014
2023-10-09,16,12,0.4239284289564156
2023-05-17,24,138,0.841759496559366
2023-05-09,1,80,0.8326437337646895
2023-09-01,25,166,0.5082432416238134
2023-03-16,21,75,0.3115525558463761
2023-07-28,10,27,0.724030859082667
2023-05-08,25,38,0.8686667743608114
2023-03-03,6,137,0.11182115468637766
2023-04-04,3,43,0.2588648359503468
2023-07-23,8,74,0.29347648116493974
2023-01-01,1,10,0.18077221058615434
2023-04-25,2,122,0.46467059056005555
2023-02-19,3,164,0.37641891282387474
2023-03-20,3,165,0.05750952872701953
2023-01-14,16,138,0.46895582461022145
2023-11-01,12,53,0.7363930490128926
2023-09-13,21,155,0.8078873762160035
2023-01-22,1,193,0.24583643431500302
2023-08-07,2,51,0.985199242348674
2023-05-22,3,103,0.7281626406148862
2023-03-10,7,117,0.27328645511559446
2023-03-02,1,81,0.7718027732797342
2023-04-15,8,30,0.4916591261815547
2023-05-08,5,25,0.6327445449560166
2023-09-11,6,18,0.32391281729048316
2023-03-15,7,43,0.05858345685646926
2023-03-04,15,78,0.388243732413565
2023-07-11,22,87,0.7990936264692956
2023-01-26,25,165,0.5804317872297713
2023-02-05,7,10,0.7383109869773843
2023-11-05,17,107,0.4382513617505446
2023-09-30,1,189,0.8719070342388633
2023-03-06,23,42,0.07025593082579928
2023-10-28,24,118,0.7419504744507085
2023-12-18,10,186,0.3459942737583023
2023-11-08,17,197,0.6697075181185645
2023-01-20,5,163,0.7313643722452152
2023-06-06,5,73,0.218004139905301
2023-06-23,23,32,0.9823774528702653
2023-01-18,21,59,0.2737750390145579
2023-09-02,7,55,0.0093724893460706
2023-01-20,4,18,0.317732818637927
2023-02-09,5,110,0.6998701051688243
2023-07-13,9,200,0.019902371105330108
2023-08-30,13,155,0.16012228723639998
2023-03-09,3,181,0.06948399065700439
2023-10-13,6,118,0.14732641245902311
2023-08-28,3,157,0.25319804633511245
2023-03-27,11,68,0.569471231518367
2023-09-19,19,35,0.7408677942563011
2023-01-09,20,46,0.07017719384827326
2023-09-02,11,52,0.2789129646245304
2023-03-10,13,3,0.6037614735788248
2023-08-16,21,54,0.13541571397315744
2023-12-28,16,81,0.40485284102756725
2023-03-24,25,96,0.7389753763867875
2023-07-20,24,57,0.19796562969689646
2023-06-15,5,59,0.9015503457577267
2023-04-06,16,162,0.5414155011619862
2023-07-06,17,160,0.3471386046369578
2023-01-01,20,52,0.5140095164885715
2023-02-03,12,4,0.9747439448182273
2023-05-09,14,42,0.5013155653300058
2023-05-23,18,7,0.9603643020024281
2023-05-10,2,92,0.6224805296303115
2023-11-01,9,101,0.20291015321489936
2023-11-10,20,106,0.6661110430954023
2023-03-11,8,130,0.9650865972839007
2023-01-08,9,33,0.5796986586718893
2023-08-11,3,115,0.2920965633556347
2023-07-22,15,132,0.5053662821639314
2023-04-21,11,159,0.6712107431233074
2023-07-12,2,112,0.8050672990939647
2023-01-24,21,32,0.17526245496204862
2023-07-21,9,26,0.026313991456342833
2023-12-15,8,119,0.38951677968281606
2023-08-05,10,144,0.03480184018871446
2023-07-23,2,106,0.2576945923563463
2023-08-30,17,142,0.4309649203740302
2023-01-31,13,149,0.3789630919123427
2023-09-23,7,101,0.46736861518138006
2023-01-04,24,69,0.93346213176146
2023-05-20,22,140,0.13756422737621832
2023-11-29,4,29,0.5547041303109894
2023-06-19,7,15,0.5566723221710573
2023-08-31,4,153,0.10601726484538332
2023-06-22,21,47,0.5868919130693836
2023-10-06,15,1,0.45911457735648376
2023-03-25,25,30,0.6516500100336421
2023-07-15,5,113,0.37709723410208806
2023-11-02,5,33,0.9452718982333075
2023-07-27,18,159,0.13512873391634872
2023-01-29,4,124,0.506833993873058
2023-09-24,21,145,0.04571147123531194
2023-12-03,21,108,0.8872208303925696
2023-05-14,8,91,0.8652112448972606
2023-11-06,5,83,0.3965830227346818
2023-04-22,18,60,0.7391931186110665
2023-11-02,12,41,0.26167629409547755
2023-12-01,25,105,0.6628931772121798
2023-03-18,5,75,0.6443348989539637
2023-12-11,3,149,0.4109968312885838
2023-01-09,7,154,0.140450555909152
2023-10-04,3,112,0.15677518409281221
2023-09-14,12,190,0.2064982452850681
2023-10-10,7,63,0.6549246786960845
2023-12-04,5,190,0.16775148289799025
2023-03-20,14,86,0.8727741207415131
2023-01-31,25,87,0.1091884622687278
2023-03-29,9,93,0.4505009944273215
2023-02-04,13,83,0.8650221833378926
2023-07-13,15,169,0.8440726417227038
2023-11-02,18,190,0.910696230779041
2023-10-09,4,39,0.7734895239186573
2023-10-15,24,50,0.9015328173178322
2023-06-03,24,57,0.1566955513876982
2023-03-29,1,35,0.4584326943219674
2023-12-08,25,5,0.8730054724182132
2023-01-15,9,19,0.014302795224553133
2023-07-09,5,172,0.9596743992928586
2023-07-30,1,64,0.2016362471215022
2023-03-31,14,96,0.47452888542385274
2023-03-20,9,7,0.41621031441098555
2023-07-30,18,67,0.4389738185949168
2023-08-14,21,51,0.575525636945392
2023-01-03,4,14,0.0029825243003159807
2023-04-11,2,186,0.6718134542121247
2023-09-28,21,85,0.16633431714045266
2023-12-01,6,160,0.27020509982901697
2023-08-07,3,21,0.20032312171099464
2023-03-24,16,192,0.856152206573145
2023-05-14,6,161,0.9167027753607169
2023-11-10,16,75,0.8641333029856995
2023-11-15,23,147,0.8538164038565822
2023-04-20,23,173,0.7653757639541217
2023-10-29,12,154,0.5374197863272309
2023-10-04,4,146,0.6788945041280069
2023-11-16,6,96,0.3109884714102539
2023-04-16,18,23,0.5198270768617546
2023-01-26,3,2,0.4422268742738569
2023-02-04,10,93,0.6993405612124812
2023-07-02,4,4,0.09084934554072821
2023-04-06,6,28,0.5480618627950817
2023-07-06,22,192,0.6671494901043841
2023-07-31,6,67,0.5516585926609859
2023-03-30,10,141,0.7435595815108544
2023-10-12,2,101,0.21647182140370191
2023-09-14,3,4,0.5788654664428001
2023-05-31,12,23,0.9830588394632629
2023-09-26,6,79,0.5394918524756281
2023-08-13,16,75,0.46514572287255807
2023-01-17,12,13,0.8404687418464986
2023-04-26,23,91,0.0987995375345897
2023-02-20,4,141,0.9032682725387593
2023-12-27,16,137,0.3352877349119422
2023-08-25,4,91,0.927607553596339
2023-03-20,25,160,0.9801546507496224
2023-09-08,14,89,0.9056215958324981
2023-12-27,20,158,0.6223197252802385
2023-07-14,10,102,0.4971051458843063
2023-06-10,7,14,0.4953751997527427
2023-06-14,21,197,0.5698641556080353
2023-06-19,15,105,0.4793095982321929
2023-12-05,24,173,0.05170333242115255
2023-06-10,25,10,0.0661061002784592
2023-09-04,2,54,0.9516546884171837
2023-09-01,25,33,0.44945056608048484
2023-07-26,1,128,0.0830998958940391
2023-03-16,6,191,0.4440050118583926
2023-10-19,25,17,0.283395389239686
2023-12-25,5,89,0.35525887251927646
2023-01-20,1,18,0.2983754422322832
2023-05-31,16,78,0.18316436048622164
2023-02-02,15,196,0.7525311613265379
2023-09-08,1,107,0.2502439166340378
2023-06-19,15,52,0.7593765040348501
2023-12-30,20,113,0.7163023961506995
2023-04-20,14,163,0.4638056823744142
2023-06-18,12,35,0.16228104400058618
2023-06-18,10,29,0.42499812822224625
2023-10-03,5,120,0.38031975151196296
2023-12-01,11,55,0.4610654627569163
2023-07-12,8,91,0.49652748262511837
2023-08-19,7,107,0.07611002071138429
2023-03-15,22,68,0.5719746575617812
2023-01-20,2,154,0.628854792940941
2023-10-25,5,4,0.8014318911808167
2023-09-16,17,62,0.7890711207160664
2023-06-07,5,3,0.5758627634798359
2023-09-04,17,91,0.8839481674233867
2023-04-29,5,94,0.1331118516697769
2023-08-29,24,119,0.9487386570881039
2023-10-07,10,163,0.8653260300656397
2023-09-12,17,162,0.39798771770866526
2023-11-26,1,23,0.49762956750754483
2023-12-30,15,94,0.8442829334090401
2023-08-23,8,186,0.36012838386000656
2023-11-25,24,150,0.6315132858197905
2023-11-13,22,172,0.6409869766227301
2023-11-10,13,175,0.5309178675215893
2023-06-12,9,183,0.11348820423693073
2023-12-01,14,127,0.5438770064820605
2023-12-20,11,56,0.41229702069819696
2023-06-14,18,112,0.26335983010700625
2023-09-13,21,14,0.5644198798386129
2023-01-27,23,103,0.4931946891975185
2023-02-20,3,199,0.018819750844059402
2023-10-28,23,173,0.17014470752739763
2023-07-18,3,125,0.9220930204619243
2023-07-18,18,183,0.14927780415287073
2023-10-02,17,32,0.03695442870794208
2023-11-22,24,196,0.29329946619997893
2023-04-12,16,150,0.6539449052992676
2023-01-15,17,30,0.29074078523639013
2023-03-28,8,150,0.004884045850990559
2023-09-19,4,151,0.8194393839754048
2023-04-08,25,132,0.8545260523839063
2023-09-06,22,123,0.32350159718791804
2023-10-19,24,87,0.8919223055432083
2023-10-09,13,196,0.8023121192782904
2023-08-04,3,28,0.8811117323615009
2023-03-29,2,36,0.7018263041240025
2023-08-01,6,38,0.947704522118446
2023-05-17,20,131,0.024351175841647144
2023-04-22,16,83,0.4646936169817719
2023-01-22,21,68,0.14688328347775903
2023-04-12,14,193,0.636023017714327
2023-05-17,20,153,0.9979193772507605
2023-06-13,1,133,0.11585539162553538
2023-06-16,19,179,0.6815711114855594
2023-01-22,5,112,0.07133523860315227
2023-09-07,18,25,0.466729358130593
2023-05-29,3,111,0.5373186201546227
2023-06-19,7,6,0.42376861111503683
2023-03-23,11,37,0.3564419357003954
2023-12-21,7,34,0.08028815944775247
2023-01-24,12,141,0.7353920225260739
2023-08-01,9,37,0.4603785004703377
2023-06-18,7,52,0.059797137274219314
2023-08-31,23,129,0.4066023201805432
2023-12-01,7,172,0.321584290511821
2023-11-26,1,123,0.5058643110817891
2023-03-26,7,47,0.039682447882543714
2023-04-12,9,197,0.958944862924811
2023-03-18,5,146,0.13587554192270823
2023-11-29,20,131,0.6049667725885057
2023-09-19,7,109,0.6821395710397727
2023-02-27,14,199,0.2433152266970221
2023-05-01,8,30,0.9820317080539497
2023-12-07,23,140,0.31589181455435467
2023-11-24,15,122,0.7882677447310938
2023-08-15,1,174,0.1661338913801349
2023-09-11,5,80,0.04032489787413529
2023-01-06,15,77,0.38158445786128226
2023-01-15,9,79,0.5890180881489835
2023-05-30,4,18,0.6060465874724236
2023-07-05,25,47,0.27147773904394223
2023-01-28,11,71,0.20411092897626792
2023-02-18,17,102,0.3201161069918953
2023-01-27,18,175,0.2356078875944796
2023-12-14,15,14,0.731405820103567
2023-07-01,12,68,0.40650177028438805
2023-03-27,11,105,0.8431171851651074
2023-06-19,2,161,0.9637891772930813
2023-05-05,12,23,0.47415696026662024
2023-01-03,2,55,0.4103571708149629
2023-02-20,23,53,0.6841622691236209
2023-03-31,9,1,0.8434388649189015
2023-11-12,7,164,0.6046437767563667
2023-07-03,18,197,0.1125815255794439
2023-07-09,7,134,0.48176515209955295
2023-01-17,7,162,0.9970616568497095
2023-08-03,21,150,0.4855777719924377
2023-07-07,14,2,0.13383099331938564
2023-07-21,4,20,0.9159074489305213
2023-06-09,21,100,0.1459804139940848
2023-05-10,8,146,0.9137395591352668
2023-05-04,7,46,0.8474701840185782
2023-06-05,15,60,0.8505800135669851
2023-12-16,12,1,0.9003342369422099
2023-12-06,14,187,0.8533133931597566
2023-09-15,17,102,0.02762798657490395
2023-06-01,13,100,0.22593562612894558
2023-01-29,9,104,0.598662313442222
2023-02-08,17,129,0.25567867737589955
2023-12-24,3,8,0.7889838911054653
2023-02-08,4,51,0.32906454828882126
2023-09-12,14,105,0.584963492284788
2023-09-13,7,188,0.7176667168144488
2023-11-01,9,13,0.21434041151467176
2023-05-24,19,129,0.2593215732040146
2023-08-01,19,184,0.36043598847930425
2023-08-22,17,124,0.33982369318098005
2023-11-07,22,86,0.3191787311723143
2023-01-16,2,143,0.16664851292515226
2023-06-14,19,191,0.10593297492292897
2023-07-18,10,162,0.7191845377477529
2023-08-04,22,140,0.4934493770760725
2023-07-17,8,145,0.3909442097197904
2023-12-04,14,5,0.24658557298592654
2023-11-18,3,115,0.24997212423348025
2023-07-22,9,174,0.18243665326378888
2023-12-26,24,82,0.34213681860300604
2023-05-18,8,10,0.868346700617574
2023-12-20,24,153,0.006215169767772033
2023-12-21,13,53,0.6627118871877574
2023-05-20,12,60,0.034672740987168105
2023-11-25,15,111,0.8323138513286906
2023-04-29,21,146,0.9184263353550677
2023-11-23,15,101,0.9998317550779582
2023-06-15,22,19,0.653685972447185
2023-10-11,4,135,0.3168760307834857
2023-10-12,6,130,0.9773090804358872
2023-06-14,6,2,0.8289777052041905
2023-05-30,13,15,0.5604989748067394
2023-05-23,3,129,0.109138431546975
2023-06-27,10,139,0.9440775125481917
2023-10-22,6,126,0.7490327398779568
2023-07-11,5,20,0.6507662891158188
2023-01-11,9,179,0.4886859492601624
2023-02-03,22,191,0.8382672030394157
2023-10-20,8,146,0.0932152164903649
2023-07-06,10,184,0.5569787728429687
2023-02-24,13,80,0.0006407397141895421
2023-11-08,13,100,0.8650975626206652
2023-08-20,23,182,0.05975918012690662
2023-06-12,21,48,0.9019603817912429
2023-03-22,25,164,0.5332539797226643
2023-09-25,15,133,0.27373243115221646
2023-04-07,17,185,0.9606617185565458
2023-07-02,5,163,0.8047515326187454
2023-01-11,2,182,0.6464601811973166
2023-02-12,3,183,0.5439948635363512
2023-12-27,4,178,0.7143036116961001
2023-01-25,4,77,0.7076142630545109
2023-05-12,13,13,0.8584855428470655
2023-03-22,14,140,0.8017284673951944
2023-08-12,11,26,0.9094271644995591
2023-08-12,21,136,0.9891444517569342
2023-05-24,1,47,0.6169530182673819
2023-03-22,10,174,0.8085355478469731
2023-03-16,11,139,0.05001261509657018
2023-05-15,15,48,0.6480260040742282
2023-12-14,9,50,0.4014990855219086
2023-07-20,16,162,0.3982778830130065
2023-04-14,5,103,0.059619140306922946
2023-02-19,16,94,0.5460150403434098
2023-08-16,25,135,0.27520629131997143
2023-03-12,10,13,0.5851546418414137
2023-08-22,12,20,0.09598750377311627
2023-02-27,8,200,0.9809985124389777
2023-11-08,6,110,0.3450818299338807
2023-07-28,13,141,0.05770680846258225
2023-09-24,11,149,0.4227615657120528
2023-02-19,22,65,0.512150068173784
2023-03-25,3,190,0.5111923115146515
2023-07-07,6,43,0.4753799433544975
2023-10-28,16,117,0.48736054050404365
2023-06-03,21,183,0.4550009975664364
2023-07-26,21,26,0.9698893602507869
2023-04-06,15,185,0.2991510451285939
2023-05-07,7,41,0.09535672594627698
2023-07-26,10,6,0.2929502962178959
2023-05-24,24,53,0.5919824481342302
2023-07-27,14,196,0.7864839954549705
2023-05-22,8,24,0.17982493956143986
2023-04-05,16,185,0.8123176585876251
2023-02-07,18,153,0.8199119979637098
2023-07-18,23,29,0.44576576645469757
2023-09-14,16,34,0.15848113373616646
2023-10-23,11,154,0.7872517266429344
2023-07-03,24,129,0.4489346640607421
2023-11-18,10,68,0.06780046523907246
2023-09-15,22,155,0.753294556187723
2023-10-31,4,94,0.28616255947983216
2023-10-20,18,57,0.7791149628751246
2023-03-01,18,39,0.6733173945550024
2023-10-20,4,192,0.802635719959925
2023-09-30,12,17,0.5968939105683035
2023-01-26,23,176,0.43970270556517055
2023-03-03,24,89,0.1043961604744088
2023-08-25,21,107,0.057790743856876436
2023-03-01,5,40,0.712373742023642
2023-08-05,16,114,0.538222128595582
2023-08-29,1,169,0.9825170866854593
2023-06-02,23,95,0.6458483040550433
2023-04-19,3,170,0.4959468899373317
2023-12-29,23,170,0.40434880673435936
2023-11-16,12,79,0.4805660158745514
2023-01-06,22,83,0.2297177128825877
2023-09-07,25,20,0.3838213075636392
2023-08-09,21,54,0.6563002652713561
2023-04-14,2,138,0.23531778766514544
2023-12-04,19,112,0.802899859342227
2023-07-02,2,59,0.28501106539555254
2023-02-12,15,123,0.8982374983352105
2023-09-15,8,104,0.28596671096361903
2023-09-22,12,142,0.9077261426267308
2023-11-05,11,88,0.8278371928563635
2023-04-11,2,73,0.21238626681959916
2023-03-18,6,147,0.7869397006920769
2023-07-06,6,144,0.21336761425328543
2023-02-15,12,197,0.777903320978189
2023-05-10,8,142,0.9264845251266622
2023-04-08,2,111,0.5945348894603917
2023-05-22,9,150,0.7554250106697422
2023-02-25,22,90,0.8027927664507514
2023-02-03,9,140,0.22519417437144873
2023-03-04,9,40,0.9306518872188213
2023-06-01,8,9,0.587267835477228
2023-05-25,18,87,0.06768959552188603
2023-11-17,10,46,0.4418102147117655
2023-06-02,25,50,0.8202557892877177
2023-06-03,1,38,0.148576879634431
2023-08-11,2,100,0.978388437819223
2023-04-13,24,107,0.3416248674792517
2023-01-13,8,54,0.6726860967546554
2023-03-14,17,56,0.4780046353428491
2023-09-13,7,23,0.8446139795803054
2023-06-06,7,132,0.34962576203810036
2023-02-14,21,111,0.36834123416454967
2023-07-24,21,122,0.44829869685421986
2023-12-09,11,27,0.04333585710877785
2023-02-06,21,187,0.021985481399378393
2023-03-19,2,183,0.3503865336347084
2023-08-26,23,71,0.49122594725429747
2023-12-09,20,73,0.947508734233679
2023-01-20,11,125,0.13061518721811494
2023-02-13,2,15,0.025567629025116112
2023-06-29,12,56,0.8721394232664115
2023-06-22,5,155,0.8587464356380349
2023-05-13,23,52,0.3214861760146177
2023-08-19,17,90,0.8869566703942486
2023-01-15,16,99,0.9139658225413724
2023-12-22,20,27,0.9162392535039938
2023-11-09,9,172,0.4341296873610949
2023-08-01,18,106,0.04897456614022755
2023-09-09,11,118,0.23825022595274015
2023-07-26,15,54,0.8615335714830544
2023-01-06,13,175,0.4811908189418599
2023-06-19,24,83,0.9194808245991614
2023-03-27,1,192,0.9798906550144073
2023-07-30,24,49,0.3604292043997459
2023-09-24,3,10,0.5183110903425199
2023-05-30,20,133,0.752203403971599
2023-02-03,14,96,0.5737939909117862
2023-11-23,17,48,0.6699574764978494
2023-01-24,10,19,0.09341000661263998
2023-12-21,12,181,0.39921942543738476
2023-02-19,14,176,0.7623331981934212
2023-08-02,7,109,0.9674537811667501
2023-07-06,18,147,0.2921068883593789
2023-04-26,6,36,0.2158026807034481
2023-12-06,24,2,0.22149759658005885
2023-01-05,2,35,0.33053621381996146
2023-04-15,13,92,0.5773388682936973
2023-11-05,4,178,0.5119861215433192
2023-05-19,19,10,0.23409272137785064
2023-11-05,3,195,0.025918392888454655
2023-03-26,11,125,0.6860804848354836
2023-08-13,13,126,0.3831776494006909
2023-03-17,24,28,0.5039127378436261
2023-07-27,3,81,0.7835370158928917
2023-02-08,20,94,0.49591795848965414
2023-04-12,16,168,0.24191680570804408
2023-08-29,5,179,0.3710948833427411
2023-11-25,2,186,0.678602111909603
2023-12-26,22,118,0.7888527298503042
2023-11-15,24,175,0.2259257689548977
2023-07-01,6,17,0.9819574582256864
2023-04-16,9,23,0.05815371339179731
2023-05-21,25,77,0.3500054935351484
2023-03-02,7,87,0.5689403201138091
2023-02-22,6,8,0.9815185328415251
2023-05-06,11,163,0.6162616672392451
2023-04-18,7,104,0.7451310620533822
2023-12-10,21,55,0.21523713148998924
2023-11-13,10,27,0.6876966282330935
2023-03-10,24,42,0.08895552899907011
2023-10-16,5,152,0.3981079938561992
2023-05-01,10,157,0.7239928713152899
2023-12-09,6,39,0.9800832790544317
2023-12-05,23,189,0.8518018978840965
2023-07-18,16,191,0.46329187550712414
2023-09-02,15,127,0.5190027469984799
2023-03-20,14,82,0.5764245739832938
2023-09-18,20,54,0.4464182966475607
2023-01-11,22,20,0.9170541257916828
2023-02-13,12,69,0.13910621894254593
2023-04-25,6,191,0.7173126573931317
2023-02-10,15,56,0.5873629680319404
2023-10-29,23,187,0.907760003010869
2023-01-02,2,145,0.8716126791794172
2023-09-17,6,187,0.7094590468891662
2023-12-16,1,56,0.8311768945704403
2023-01-05,5,61,0.7719635471933558
2023-05-17,2,57,0.8336169283269852
2023-02-03,13,81,0.10023189919848563
2023-01-25,19,126,0.8903907924460377
2023-09-13,21,97,0.47334405771496335
2023-12-03,21,125,0.5744681184089633
2023-12-22,10,177,0.8361035048816745
2023-05-21,6,185,0.9626015339500924
2023-02-23,17,55,0.23116338537327996
2023-08-21,25,119,0.11650474849590886
2023-10-25,2,98,0.9331107117156913
2023-04-01,11,4,0.6818473848539804
2023-11-25,24,5,0.9131092456530047
2023-12-05,21,23,0.5236487145301127
2023-10-28,25,151,0.4454272750363504
2023-05-11,17,104,0.28732387675195636
2023-08-26,3,192,0.5914995095383155
2023-01-26,13,46,0.5477172385654802
2023-11-10,3,198,0.4758333183035387
2023-02-06,17,40,0.6804155653382586
2023-06-04,6,117,0.14076221755366236
2023-07-11,18,17,0.9982666394945614
2023-08-27,24,22,0.8033629384897136
2023-06-18,11,95,0.07954386548296177
2023-12-06,13,145,0.669379392419701
2023-03-08,6,111,0.04817316389883697
2023-08-07,4,119,0.17407843716410443
2023-04-20,24,120,0.778846998240758
2023-05-01,24,116,0.055515852524851694
2023-03-27,25,174,0.808001695676438
2023-05-22,8,124,0.8145453995366017
2023-05-29,10,43,0.7869954610762327
2023-01-22,18,122,0.7772131649024243
2023-04-15,8,176,0.10204373112096465
2023-12-30,11,144,0.902986332988531
2023-09-09,25,66,0.6433235012890789
2023-01-15,22,109,0.08789180720332102
2023-09-03,3,103,0.0493618592182451
2023-05-15,13,200,0.7107704227982578
2023-08-07,22,35,0.9457830171429428
2023-03-31,14,129,0.9700009377585024
2023-10-11,10,157,0.856025545801969
2023-05-05,17,180,0.40008465819202443
2023-12-07,17,184,0.43762040177075356
2023-03-04,1,169,0.0973101798476641
2023-04-12,2,96,0.5146092714726651
2023-08-19,5,163,0.8895307846244094
2023-05-26,24,187,0.7451864229497721
2023-01-05,2,49,0.09797657660477177
2023-08-31,8,67,0.352511602542424
2023-06-04,14,50,0.9400474546945176
2023-07-07,7,191,0.531477528904754
2023-01-24,10,85,0.4936851514332379
2023-05-11,21,96,0.2761772986962947
2023-12-07,21,178,0.8857059990037665
2023-01-27,18,171,0.44894653605391277
2023-09-29,5,83,0.9729762600062087
2023-04-22,4,99,0.37017276551667755
2023-03-24,5,92,0.11439730461478836
2023-09-16,3,1,0.9765023642579969
2023-01-16,5,31,0.6887123088740481
2023-03-12,2,4,0.3060375937926195
2023-08-30,1,179,0.5816073363890336
2023-10-15,9,11,0.532640682287089
2023-09-02,18,17,0.7156873534505928
2023-06-07,8,64,0.06895181066156453
2023-12-10,6,70,0.7181791045848087
2023-10-11,6,197,0.417243838919227
2023-02-15,2,168,0.5764378940129709
2023-07-11,25,1,0.7119734040033299
2023-07-26,7,107,0.014604305870059786
2023-06-18,1,143,0.5318080400395575
2023-04-24,8,116,0.29379655349332345
2023-06-11,7,166,0.3414840577497491
2023-05-14,10,57,0.32823295220410587
2023-06-05,8,91,0.3140757005069611
2023-05-20,12,167,0.47444900502292287
2023-06-15,8,6,0.7788187276782148
2023-01-12,6,1,0.05115436165742582
2023-01-14,4,145,0.7195206378921627
2023-03-12,7,134,0.05279136485586999
2023-12-11,1,67,0.3362079741655316
2023-04-15,3,71,0.797749033491836
2023-02-23,10,96,0.09127212567404974
2023-09-05,10,200,0.30837428686216806
2023-08-13,22,175,0.7309168198892384
2023-02-19,8,128,0.5785890637028003
2023-02-02,25,193,0.7268736682573981
2023-09-20,4,60,0.8099460790896944
2023-08-10,3,174,0.8560105960258542
2023-08-01,25,50,0.821397008885716
2023-11-26,7,29,0.5502926365267112
2023-04-07,21,41,0.39774805427120286
2023-02-08,1,104,0.22976286833020942
2023-10-30,25,140,0.1166597309148899
2023-06-14,2,23,0.6711677295819515
2023-02-15,9,135,0.741899031300379
2023-07-06,25,142,0.4489648642128772
2023-08-08,4,36,0.6809708831058483
2023-04-16,21,120,0.1404261767199232
2023-10-05,8,68,0.0154380416774621
2023-04-05,17,154,0.49502588950014037
2023-06-04,24,71,0.7717807137722161
2023-10-11,11,115,0.5395134221202843
2023-11-03,20,117,0.9920690369843612
2023-01-27,11,101,0.48856793338207005
2023-05-26,18,149,0.9992963085222599
2023-07-17,20,173,0.0793492987985065
2023-07-27,4,13,0.27584447601871787
2023-07-09,2,93,0.8407912596286595
2023-01-01,1,10,0.9128955715586523
2023-09-05,11,90,0.19151064423078723
2023-09-11,24,182,0.26698872936297435
2023-01-14,19,103,0.744148409266177
2023-04-18,9,41,0.002435467849580597
2023-05-09,3,30,0.8875004846439671
2023-04-01,19,61,0.2862665193606315
2023-07-20,22,194,0.37595669894234807
2023-12-25,5,147,0.46126304391300277
2023-09-27,4,68,0.3312464992905415
2023-12-23,18,198,0.9532874689821473
2023-04-13,22,108,0.9658664444690467
2023-11-02,14,187,0.6019928631689384
2023-03-26,14,64,0.368600060815757
2023-09-27,9,17,0.18727500951637976
2023-05-20,12,54,0.8354899380786839
2023-01-14,24,90,0.21298078121248476
2023-12-06,2,154,0.33234470002359073
2023-09-08,19,124,0.20582133703712668
2023-09-08,24,175,0.6725934460119964
2023-07-03,21,37,0.9390027090510276
2023-04-13,14,57,0.0652487614159335
2023-05-13,23,75,0.24215204898497023
2023-04-18,10,187,0.5316957488102195
2023-09-23,11,110,0.9144174753506039
2023-11-11,8,58,0.3378250462909007
2023-10-13,17,73,0.1595900975132042
2023-03-06,17,72,0.018270699985897143
2023-02-11,14,111,0.6565719758183409
2023-04-26,2,30,0.35737461823190864
2023-12-09,4,167,0.024364314622940753
2023-03-12,5,174,0.17648937317018998
2023-08-15,23,163,0.25607319212544655
2023-09-29,10,110,0.5424731311307823
2023-01-03,11,18,0.006252762302721315
2023-03-18,3,35,0.25485526993480556
2023-04-12,10,32,0.9656256644004673
2023-10-16,15,75,0.18441130508558812
2023-01-18,20,185,0.06195521903156209
2023-04-23,6,41,0.14809315368840648
2023-06-17,2,54,0.6346592766390319
2023-05-12,16,134,0.5147565191518446
2023-02-22,1,169,0.12312974029671131
2023-07-18,8,143,0.9848111765118411
2023-06-26,13,142,0.3181299492509466
2023-07-22,8,124,0.707117871654666
2023-07-07,21,1,0.08174012399696773
2023-03-14,18,97,0.14120616527212015
2023-10-17,9,88,0.8314733159664095
2023-06-14,18,144,0.2574040845496912
2023-02-09,6,155,0.18249251848545844
2023-10-10,19,47,0.8118600614119008
2023-10-15,18,87,0.4237545494481748
2023-10-14,21,146,0.6617572941482923
2023-09-06,17,50,0.036640560151166124
2023-03-01,24,67,0.340611386266777
2023-01-11,3,147,0.8926030910615159
2023-08-15,7,170,0.5936497301742272
2023-12-03,22,57,0.07118784863907912
2023-05-23,15,59,0.5511348446239777
2023-11-07,17,62,0.684841483270963
2023-03-26,1,106,0.7887945700407657
2023-07-27,13,46,0.8139908281553492
2023-02-02,24,194,0.4348382589920834
2023-09-06,13,85,0.01482450672784641
2023-02-13,8,11,0.7427849205253958
2023-10-06,13,186,0.1662210520711942
2023-04-04,1,65,0.13503843961678297
2023-06-01,18,197,0.9272811778944945
2023-10-20,19,38,0.44993002779363167
2023-06-16,23,25,0.7021197388983826
2023-11-11,3,105,0.18373645690176132
2023-05-16,20,48,0.3973271013584697
2023-06-18,17,122,0.3234687653467839
2023-12-11,10,177,0.9459772874427748
2023-02-20,22,123,0.7872540844181724
2023-08-15,10,119,0.4796643188810924
2023-03-06,21,78,0.809458999381925
2023-12-16,3,191,0.1711179312861295
2023-07-28,6,7,0.6558957401552061
2023-02-11,3,92,0.06563318503718074
2023-09-19,8,41,0.08987174403068843
2023-04-10,7,121,0.9732463879554235
2023-11-15,15,46,0.23158475744263862
2023-04-19,5,153,0.6962264647805384
2023-01-03,6,31,0.8313662692490011
2023-08-16,17,178,0.9036656833686284
2023-06-03,15,2,0.3845236098062724
2023-06-27,9,158,0.23564285404732155
2023-08-21,21,12,0.5533947924977773
2023-08-13,16,29,0.10981321739266692
2023-06-26,19,107,0.49506299884669214
2023-01-21,14,180,0.33670140897177514
2023-01-04,16,102,0.9573175131776426
2023-07-19,15,172,0.7774227990231051
2023-08-09,10,129,0.9519247849028554
2023-08-10,17,35,0.6403141475499908
2023-04-07,23,67,0.5394256561495138
2023-12-01,7,112,0.7774539193117473
2023-07-14,25,187,0.578444599313012
2023-05-05,23,106,0.11238529062556779
2023-09-13,15,147,0.18802560204459717
2023-09-29,22,121,0.33071874920905253
2023-12-14,11,151,0.07212772469467255
2023-03-24,4,7,0.9201257206575367
2023-03-12,10,176,0.6442693205943252
2023-01-13,22,72,0.9474322661772443
2023-07-31,24,69,0.7386523994642822
2023-10-26,18,32,0.9041142753157867
2023-12-12,21,64,0.8112851347389619
2023-11-18,13,143,0.43937868452720885
2023-11-30,14,162,0.9333752700524164
2023-02-15,25,42,0.9353295449527438
2023-04-26,7,46,0.11687247991814531
2023-08-19,25,176,0.6630446092034922
2023-03-20,10,129,0.20854724387354628
2023-03-04,21,86,0.5791257641037986
2023-06-03,22,138,0.6127537714140661
2023-12-02,18,32,0.8063497252513954
2023-10-21,16,155,0.6785962456985829
2023-05-06,14,196,0.09900138068344944
2023-12-21,7,82,0.49110070050406873
2023-05-08,6,173,0.8242925972704277
2023-06-01,1,130,0.007157926016164051
2023-07-03,23,53,0.590118245728269
2023-06-10,11,61,0.1086013158264153
2023-03-04,3,175,0.7613225085726684
2023-05-25,20,101,0.6819886128528668
2023-04-18,14,31,0.8987283693520762
2023-05-05,1,95,0.17631781915206546
2023-03-20,21,60,0.07105502480452264
2023-11-02,25,6,0.6968875614364965
2023-07-22,11,49,0.7163433096747258
2023-12-03,2,78,0.8354388046339231
2023-10-21,9,21,0.64488630424636
2023-07-29,12,78,0.21309987000907238
2023-01-23,3,189,0.2212911059725059
2023-01-14,10,196,0.31476167234149854
2023-07-27,23,150,0.12648453767350243
2023-04-06,21,124,0.8165720850540887
2023-08-27,5,21,0.6150398057976957
2023-01-02,12,134,0.5082373884590085
2023-01-27,6,34,0.5986304386868084
2023-07-05,21,92,0.43044508236511403
2023-11-19,8,165,0.5232228138664232
2023-09-04,17,47,0.22480255163688223
2023-06-06,8,164,0.7303425145467088
2023-12-05,24,147,0.5107163792204913
2023-12-12,11,16,0.5260108725313143
2023-06-21,9,91,0.5060724466885631
2023-07-29,18,186,0.7729694264860827
2023-06-24,11,185,0.36892423432935484
2023-09-11,20,73,0.7737566800789076
2023-10-09,2,1,0.49353156575645707
2023-07-26,17,40,0.17657026012831512
2023-09-07,23,103,0.5632398936302869
2023-04-03,18,145,0.29256415991188833
2023-02-10,8,42,0.31980803974261796
2023-01-23,13,185,0.571506513071816
2023-06-18,13,190,0.2826971312652693
2023-10-01,22,100,0.35876590956105336
2023-06-15,22,150,0.42271434971
2023-03-04,22,173,0.014924750308101475
2023-06-12,11,72,0.336552593938548
2023-11-03,10,140,0.8770789705743096
2023-05-01,2,6,0.4464429606872685
2023-09-18,22,105,0.5533240220610433
2023-09-01,5,39,0.5477555696432168
2023-09-05,9,186,0.25505802489871954
2023-04-05,16,150,0.12817849818941784
2023-04-02,10,8,0.5759744069509717
2023-09-04,3,36,0.4914692591441595
2023-06-15,13,37,0.3743921419588836
2023-12-23,9,9,0.840218060475865
2023-07-16,2,72,0.8282062935565858
2023-03-08,9,112,0.014394519024272023
2023-08-01,1,113,0.5919892849058002
2023-07-30,14,103,0.9765652772728124
2023-01-15,14,41,0.9583433112802875
2023-11-01,25,137,0.6398469802409059
2023-07-04,4,9,0.1423537911537618
2023-11-19,13,158,0.7321331492535847
2023-01-08,5,94,0.17479823908190373
2023-04-25,20,57,0.48424984966433315
2023-09-14,1,168,0.29551934569360616
2023-05-13,17,106,0.7592526054999992
2023-04-26,19,157,0.027195198264838738
2023-10-02,5,60,0.7868429882045312
2023-05-30,15,128,0.13173925515016893
2023-05-09,15,55,0.8311452090963823
2023-08-26,1,41,0.5343512184198104
2023-06-16,17,136,0.8839115781948339
2023-02-13,3,80,0.5442443154214609
2023-06-26,23,48,0.08507475483420945
2023-11-29,1,70,0.5338986247927027
2023-04-06,14,111,0.2892000408517642
2023-07-24,21,2,0.23879841024829407
2023-05-26,11,61,0.13101703330428205
2023-03-02,17,150,0.4004334345709326
2023-11-24,17,98,0.6057105486171656
2023-09-15,6,84,0.4955484494289979
2023-02-04,9,29,0.2734864837991948
2023-06-30,9,151,0.18586796421371876
2023-06-15,2,67,0.27266224447989185
2023-06-07,10,58,0.3310732984070879
2023-06-12,25,164,0.8218880355123984
2023-10-01,11,117,0.5363042891258815
2023-06-07,4,97,0.506824779726279
2023-01-19,11,76,0.2659893195774691
2023-09-25,8,182,0.40898740194469874
2023-02-06,11,142,0.6829048618597726
2023-10-13,19,10,0.9933087158104698
2023-07-29,21,142,0.22138491176708575
2023-08-31,16,137,0.9327731363958709
2023-06-05,11,49,0.5639911058787282
2023-02-13,12,42,0.03976524088879263
2023-06-06,19,159,0.644659482510317
2023-06-01,22,43,0.9815715488050546
2023-02-05,18,90,0.8490343487711959
2023-06-29,4,129,0.8899350010581207
2023-08-07,13,110,0.5222640224875399
2023-01-29,21,188,0.31101812649286176
2023-06-01,23,196,0.6352959217502192
2023-06-09,4,123,0.9651938605179126
2023-07-31,8,162,0.5557107508441584
2023-06-26,4,2,0.7129770985719884
2023-04-29,24,122,0.5055210355991194
2023-04-13,25,14,0.7587253578410946
2023-07-31,14,151,0.40859111194803055
2023-05-01,22,3,0.09022393188835409
2023-08-13,7,175,0.9946208985178688
2023-10-22,4,137,0.5407603637711357
2023-03-12,5,58,0.22473551509914946
2023-01-16,2,110,0.9267744304615624
2023-12-10,13,180,0.8846136026995436
2023-10-31,22,9,0.5461307555923764
2023-04-15,25,82,0.241852943027012
2023-10-25,8,181,0.13722335987744316
2023-10-02,17,89,0.31912761138191825
2023-02-04,5,189,0.3110604953000051
2023-06-04,22,112,0.27470770011678514
2023-03-31,23,191,0.8371550419563542
2023-04-03,22,43,0.49379856209505113
2023-03-03,5,124,0.8121042330379956
2023-07-28,16,162,0.04880916003639013
2023-11-14,5,16,0.3752191756855867
2023-11-17,23,132,0.451157513845834
2023-07-29,18,122,0.3303493825645103
2023-08-06,12,158,0.5243651889060351
2023-07-31,9,187,0.15686453956825408
2023-03-29,15,76,0.5273524911509154
2023-02-19,17,56,0.9121679341066528
2023-04-27,7,157,0.936648501619428
2023-06-18,25,97,0.5167386661385682
2023-07-13,16,142,0.5577221916203983
2023-09-18,12,183,0.5101738190312763
2023-11-19,23,53,0.03312715887875073
2023-05-30,22,64,0.34094859281819156
2023-11-12,25,195,0.7089276521281588
2023-11-28,16,33,0.527422127802963
2023-03-02,18,57,0.7632971738821541
2023-09-19,12,81,0.16236634574608855
2023-02-16,18,93,0.90433839897601
2023-09-04,15,70,0.2801378594561309
2023-01-21,16,62,0.7931979705359895
2023-08-24,18,53,0.00028551248241803773
2023-09-26,4,5,0.48203929150509073
2023-03-17,5,57,0.8620079898534925
2023-05-08,10,119,0.028828557804737476
2023-12-27,14,171,0.025524950346317077
2023-02-15,15,197,0.1859627351297155
2023-05-18,6,48,0.9792964607550382
2023-11-08,17,130,0.8903164158447985
2023-05-18,18,17,0.3484197522767408
2023-08-27,5,176,0.9670196831095398
2023-09-17,17,159,0.5046200086607513
2023-02-25,11,95,0.24449415891952297
2023-03-13,4,15,0.7905583031153173
2023-09-29,24,22,0.8944450617263875
2023-06-15,6,91,0.8792564646305143
2023-05-02,8,61,0.25368823648278893
2023-02-13,7,81,0.3950369741783999
2023-04-29,19,121,0.9701303824226188
2023-05-01,22,126,0.21239487482174813
2023-04-18,5,49,0.8738242918390587
2023-08-03,17,61,0.9083308734096472
2023-08-08,23,58,0.36954028647316906
2023-10-24,12,55,0.5793013023834064
2023-05-01,13,145,0.5180870669694685
2023-07-10,21,131,0.7756374800651998
2023-11-19,23,181,0.9491324195985399
2023-10-03,2,37,0.05587749155654809
2023-05-28,1,137,0.1486580953739608
2023-11-13,14,55,0.3907701622350922
2023-02-05,23,93,0.09142072120033218
2023-05-14,21,149,0.7075193707762731
2023-02-27,15,111,0.18356154031773853
2023-02-07,8,95,0.24316338203174404
2023-11-09,25,199,0.8564699683754772
2023-09-26,20,104,0.012077896179141345
2023-05-15,17,151,0.7670102883806739
2023-07-22,15,188,0.7519711817883561
2023-10-11,22,12,0.9230449149444833
2023-03-21,19,22,0.6583040886655976
2023-02-03,17,2,0.3409369971154188
2023-04-25,8,69,0.432768880204089
2023-09-21,16,26,0.14940593287812554
2023-03-17,5,173,0.9427791644944732
2023-09-23,21,70,0.9286705985324054
2023-07-17,18,11,0.11645488131609694
2023-08-21,3,193,0.11725283481891846
2023-05-06,24,179,0.7117133806285625
2023-09-22,14,108,0.008037737065617723
2023-03-01,1,102,0.20695135028790557
2023-04-12,5,189,0.08029791871298242
2023-06-02,13,16,0.550297885380791
2023-08-09,2,143,0.36031879871617956
2023-08-09,24,32,0.994721795652348
2023-01-16,14,13,0.17644468502557342
2023-04-06,6,123,0.7348474033359118
2023-06-27,7,139,0.7718442408269475
2023-11-16,11,200,0.7933584256331374
2023-09-06,17,126,0.06326114044552267
2023-03-21,15,77,0.7212973551860253
2023-08-13,20,176,0.8286676132366424
2023-08-22,6,44,0.7322657556480829
2023-03-10,16,196,0.1023053610579554
2023-12-02,25,177,0.24989536361171105
2023-09-03,9,106,0.20046031044896628
2023-10-31,1,132,0.060405771805921216
2023-12-30,19,145,0.06322948102458148
2023-04-11,2,160,0.22522363029997805
2023-12-19,21,30,0.12041590135513558
2023-01-14,3,11,0.5910329169765657
2023-05-11,7,96,0.06290725629849037
2023-10-11,8,122,0.6535221379747322
2023-11-12,1,162,0.20943310702138096
2023-10-16,12,80,0.20863204553428472
2023-12-11,4,69,0.27400094386509655
2023-08-16,9,130,0.10430983363847024
2023-01-10,9,95,0.8820860656562951
2023-09-25,10,183,0.3730333578740609
2023-02-19,12,36,0.835154952527828
2023-12-02,14,170,0.3286920635029241
2023-08-05,18,163,0.5813613675844959
2023-12-08,17,86,0.0912219461486069
2023-12-22,17,167,0.6160536914532824
2023-09-01,23,144,0.5740088098905384
2023-11-04,7,113,0.9280427464418104
2023-03-12,11,78,0.10164986744330828
2023-12-01,1,76,0.19807882933653043
2023-03-08,6,47,0.6949784639510399
2023-04-30,16,166,0.2153985770999488
2023-04-17,25,30,0.9945212905936505
2023-09-26,25,54,0.9296433348954998
2023-08-19,9,78,0.7478104324349202
2023-03-19,4,58,0.6669223451683792
2023-08-14,7,184,0.9554442882393432
2023-09-29,3,170,0.5163038473346174
2023-03-18,3,77,0.9124561665453891
2023-04-19,16,157,0.06353286546120751
2023-06-27,25,47,0.7473675163168454
2023-09-10,5,189,0.5435738759919756
2023-03-18,11,135,0.019455259542284442
2023-01-13,14,124,0.9671738079364325
2023-09-30,16,56,0.6386845164622289
2023-04-03,1,127,0.2032678119091269
2023-05-30,20,49,0.9670105429137796
2023-10-15,23,178,0.4760570008425371
2023-03-29,25,175,0.8809595461686953
2023-11-12,4,66,0.12719115382250457
2023-06-12,17,47,0.28638639095955865
2023-05-30,10,9,0.5769350327278622
2023-01-12,16,147,0.6698173376950104
2023-04-13,22,48,0.0714022934599935
2023-10-30,21,120,0.6836441358986863
2023-04-05,13,148,0.46578907177506557
2023-11-25,11,190,0.6793156832408848
2023-09-17,10,64,0.1795057394723445
2023-09-11,10,92,0.8206091520899593
2023-01-07,25,47,0.06795783102840947
2023-09-02,9,183,0.6824318868523693
2023-03-25,12,44,0.1871725042860639
2023-07-04,17,81,0.8733720021898833
2023-12-06,18,191,0.1961084691649987
2023-11-20,23,53,0.9030682811982614
2023-05-19,6,173,0.844834591082505
2023-03-13,15,109,0.23878605946768805
2023-12-13,17,184,0.45714293108890147
2023-04-09,16,165,0.7173714957099204
2023-06-22,23,68,0.572849106086997
2023-03-12,10,11,0.08221023659483795
2023-05-02,14,144,0.8384671301726273
2023-10-30,3,157,0.33148662801626205
2023-01-17,24,188,0.9762880194442487
2023-04-15,14,18,0.05848754666419642
2023-02-14,8,26,0.016465735305651763
2023-01-15,17,9,0.19981971916616714
2023-07-08,14,141,0.27496719648367784
2023-10-05,15,147,0.6318971080393473
2023-07-06,23,200,0.6596108984348898
2023-10-14,23,90,0.0899130952697822
2023-03-19,11,139,0.5430939555449619
2023-06-08,21,100,0.07791454078074689
2023-11-13,12,153,0.8671639649414842
2023-11-24,16,53,0.6844059860084803
2023-10-13,20,27,0.19721034287275963
2023-05-31,11,199,0.42562821088205083
2023-03-04,2,5,0.042869371761654396
2023-08-04,16,107,0.4136283732018543
2023-11-16,20,35,0.34786809808875696
2023-12-12,24,142,0.9292635042802075
2023-05-10,21,152,0.4147730694904346
2023-11-13,13,137,0.0898549569833681
2023-09-01,2,75,0.5347496465035975
2023-08-09,13,160,0.1205295238862224
2023-10-13,20,153,0.10337523821147865
2023-04-29,22,23,0.6528898415342025
2023-02-25,16,182,0.23371691363494174
2023-07-30,3,169,0.7539039513494669
2023-10-11,22,152,0.6619224436107095
2023-05-24,21,136,0.8307118091422213
2023-01-30,15,21,0.33493845053572124
2023-02-21,9,189,0.9858494427259454
2023-02-02,25,38,0.7676429820053111
2023-11-11,1,74,0.46188079629523626
2023-11-07,25,131,0.470595780812598
2023-03-08,17,160,0.8621813218513604
2023-04-13,9,19,0.25738772681833655
2023-11-13,8,9,0.1080214362137385
2023-02-06,4,88,0.9029240603060994
2023-09-09,8,51,0.27236451765893543
2023-04-17,24,39,0.9976991240629208
2023-03-04,23,132,0.37370875816506743
2023-09-05,9,153,0.8674739163896924
2023-01-29,11,7,0.8849050541742961
2023-02-05,1,39,0.9895273381574935
2023-08-04,16,136,0.8553588262131228
2023-05-24,25,30,0.8013541795638549
2023-11-06,17,9,0.622556812528395
2023-10-08,5,172,0.195577020222795
2023-12-26,18,103,0.8181040655345777
2023-06-18,9,47,0.3244879503022543
2023-10-22,18,183,0.8948670492141818
2023-10-01,7,51,0.775121982217709
2023-05-20,22,6,0.5085709105403915
2023-01-25,6,20,0.4699260733755475
2023-06-20,16,51,0.9845642755480006
2023-03-22,15,128,0.6052805246572588
2023-02-20,10,38,0.9674978642108216
2023-02-20,12,80,0.3195252383383793
2023-08-14,1,172,0.3791126554781936
2023-10-24,18,120,0.264009931101987
2023-01-04,6,6,0.006243042863209203
2023-09-18,4,152,0.2600862172829814
2023-06-02,8,8,0.8984323626293853
2023-12-27,8,52,0.34022746731008136
2023-12-08,4,102,0.7975105143618502
2023-02-20,1,58,0.17122196963909508
2023-09-12,18,195,0.5206091167396322
2023-10-18,16,67,0.704876746193129
2023-02-13,25,51,0.1946443745376164
2023-06-29,5,117,0.021817590724524494
2023-06-29,21,26,0.4162489814729621
2023-02-24,22,139,0.7305815526497353
2023-03-20,12,104,0.652276807764299
2023-08-17,10,44,0.37058496801199536
2023-01-05,9,73,0.427435350843013
2023-02-27,9,142,0.9092692769063497
2023-10-08,4,51,0.07225410651047603
2023-10-04,11,132,0.822859682555824
2023-04-25,23,21,0.13259210256240905
2023-01-15,22,192,0.1373144386435564
2023-09-16,2,57,0.8342536363686424
2023-12-15,17,107,0.21679571452973956
2023-06-04,7,80,0.7873596972467618
2023-12-31,6,20,0.16672834391209668
2023-03-08,1,46,0.8157760802367423
2023-04-27,12,163,0.43900464703106257
2023-10-31,3,8,0.46984980534368015
2023-02-23,7,184,0.5768562736532458
2023-05-04,19,40,0.12497737023782651
2023-05-05,21,32,0.952636888161144
2023-09-09,12,140,0.28559259381080704
2023-07-21,14,121,0.1710134329611922
2023-08-15,14,80,0.5815067029180423
2023-08-18,7,122,0.5301614317623886
2023-03-13,16,144,0.5508618714908993
2023-02-23,9,51,0.7470075892785535
2023-12-11,12,79,0.29393639253529413
2023-01-24,18,143,0.8516838913638877
2023-04-04,18,33,0.24601435406044248
2023-09-29,23,97,0.4785379490390874
2023-06-07,21,36,0.4679574977617036
2023-08-13,3,95,0.24206592339045607
2023-09-21,14,96,0.1719279316738186
2023-08-17,1,70,0.7973367809749327
2023-11-28,20,193,0.48734701572666206
2023-02-22,15,79,0.9723938091218726
2023-01-14,13,79,0.4333083408742222
2023-06-28,24,184,0.7998009949039521
2023-09-28,2,21,0.22231276983821724
2023-09-06,15,11,0.3538203153622155
2023-07-22,7,193,0.09298114027502924
2023-08-11,23,152,0.6586348672794684
2023-07-18,2,78,0.12485376975373841
2023-10-24,21,138,0.6359671796197247
2023-09-12,16,150,0.25654310006094916
2023-02-14,1,146,0.5279897126883347
2023-11-05,24,6,0.9902960534349332
2023-06-12,11,173,0.8464044550567648
2023-02-12,3,114,0.28195736290186857
2023-10-26,23,61,0.08232384162765871
2023-09-18,7,68,0.6528943955077299
2023-04-25,2,61,0.3878946812239916
2023-10-19,21,75,0.11224767645475797
2023-05-08,23,167,0.6818864645434741
2023-12-15,8,118,0.27607617819628116
2023-08-30,20,139,0.6095101973717841
2023-06-22,15,12,0.41943095177781076
2023-09-17,2,19,0.4357032867931312
2023-11-27,23,45,0.7518703999771477
2023-08-19,1,164,0.6724426429662328
2023-03-10,8,3,0.17842677974073173
2023-04-10,1,76,0.6298161909281177
2023-02-21,5,129,0.261257399764257
2023-05-15,20,115,0.7980620694472315
2023-06-22,20,169,0.8655726465562403
2023-04-06,10,136,0.9532189646174267
2023-12-04,1,6,0.3899224930707075
2023-03-10,22,178,0.8468212928912577
2023-05-28,10,49,0.42790493873667346
2023-01-05,12,28,0.993639344092927
2023-10-15,11,177,0.8107939481067208
2023-06-27,7,92,0.9654644204058245
2023-05-31,16,177,0.10140519636298462
2023-06-30,11,3,0.5043742242717041
2023-02-08,11,3,0.8764942397681212
2023-05-10,13,140,0.4622716439912108
2023-01-23,1,162,0.8042449539108325
2023-10-04,25,46,0.620202252699318
2023-08-30,7,79,0.1510920065544903
2023-03-15,2,115,0.8182733444111305
2023-02-14,23,120,0.6108000545694835
2023-05-23,22,113,0.5022150846486633
2023-07-01,20,1,0.5445785659367952
2023-09-29,12,56,0.8843048501955112
2023-02-12,9,128,0.5743030895944031
2023-02-13,11,188,0.3808496680736658
2023-11-15,11,146,0.6193438614041431
2023-03-31,7,170,0.7792711923610968
2023-06-20,1,123,0.6025518406725571
2023-04-02,18,15,0.3746191331676598
2023-10-17,15,115,0.18931201621049898
2023-06-09,4,61,0.29094150239506944
2023-02-08,18,36,0.7794623427435249
2023-04-25,15,198,0.6164407424086469
2023-05-02,6,124,0.6741963134448132
2023-04-08,21,36,0.6857900339794953
2023-12-22,6,150,0.3865168864159677
2023-04-22,21,26,0.8176543715763657
2023-09-08,14,71,0.007718099501776821
2023-04-17,10,152,0.6868005237280188
2023-02-07,12,91,0.21909117103653786
2023-05-29,14,177,0.7890230229195757
2023-11-12,10,108,0.9491845350092555
2023-02-18,19,48,0.18544266001179355
2023-02-21,9,194,0.7270025423341584
2023-08-14,14,155,0.5242255365120525
2023-01-20,13,12,0.5843481130478458
2023-08-24,6,97,0.9653657251662633
2023-06-12,17,125,0.41469506250497534
2023-12-09,18,172,0.5114575390879578
2023-04-14,17,103,0.7989755620110224
2023-08-02,4,173,0.24908529592340145
2023-02-19,1,116,0.401997067051419
2023-04-12,4,105,0.16611793917923823
2023-12-05,6,34,0.3291975186143248
2023-09-18,12,34,0.24305502409930557
2023-02-15,10,46,0.20434878205428186
2023-12-10,18,98,0.9477491676519832
2023-04-11,1,148,0.7372982051821197
2023-04-26,15,107,0.0607774588428015
2023-01-30,22,149,0.7987238553142961
2023-01-27,17,143,0.6401064967212512
2023-06-24,11,19,0.5246413746112846
2023-07-23,13,139,0.05856395796092906
2023-12-20,20,6,0.3926920240432492
2023-05-05,6,197,0.6299894132420057
2023-08-05,14,122,0.9414503353646165
2023-01-13,6,94,0.8082446943984377
2023-07-15,18,9,0.8911093679246688
2023-06-08,20,168,0.5561556572982628
2023-01-05,15,176,0.1490012719359346
2023-12-15,19,45,0.20482797024280808
2023-01-18,7,115,0.7445219983724095
2023-09-20,15,111,0.6543448124518706
2023-11-20,24,168,0.0005331067847568205
2023-12-19,6,183,0.7256697845854432
2023-11-09,20,26,0.21996895290904228
2023-07-26,20,153,0.8599318289949063
2023-02-03,4,49,0.7216789541146658
2023-03-10,10,127,0.047974725105643046
2023-11-10,12,99,0.46184881955725365
2023-03-08,8,197,0.710229141805146
2023-09-21,16,130,0.017970713475191302
2023-09-18,10,199,0.5609903765868155
2023-06-22,7,55,0.8554469951617464
2023-05-22,18,92,0.7664899700029072
2023-06-18,6,168,0.17212710289040123
2023-12-12,23,8,0.24270994255760403
2023-03-16,4,104,0.17277472206413635
2023-01-16,19,79,0.7842568376032826
2023-05-23,7,169,0.585731420958762
2023-08-31,14,121,0.34245105194492254
2023-07-25,8,45,0.14133255671335732
2023-10-24,20,52,0.6436277160566856
2023-06-18,1,121,0.9432630772655516
2023-04-17,19,77,0.31216569726850196
2023-06-05,6,57,0.12980359969603783
2023-05-22,13,134,0.08430655672605347
2023-07-12,16,74,0.05333486637402218
2023-06-23,24,50,0.32285837891865066
2023-10-09,23,26,0.7784505653718624
2023-06-11,6,138,0.6226677129164926
2023-10-01,5,107,0.9435844111690296
2023-11-18,4,64,0.1283090262980675
2023-09-27,11,119,0.4348349195558572
2023-03-14,6,53,0.7941766908430898
2023-11-19,6,19,0.670982618887366
2023-10-24,22,71,0.7928924401105092
2023-05-07,1,60,0.7796613326944587
2023-11-21,12,132,0.13527635352234846
2023-10-30,7,159,0.3237627463905737
2023-03-16,3,160,0.722789948658776
2023-01-19,11,177,0.3902455206594039
2023-11-03,3,77,0.3192630522720822
2023-02-13,5,154,0.9969420222841208
2023-11-10,4,139,0.8149279520864686
2023-12-12,23,133,0.9124620293342934
2023-05-30,16,45,0.8243811989977805
2023-11-14,14,165,0.7618660667594707
2023-02-13,10,124,0.40554580878263924
2023-04-10,9,10,0.998680055049516
2023-06-23,4,153,0.6524365972615291
2023-11-06,24,74,0.6241014315336627
2023-08-27,10,148,0.9982379659633395
2023-01-19,1,57,0.16233970293960764
2023-10-19,4,138,0.13085978293559142
2023-04-28,12,17,0.7154589046339196
2023-07-11,4,80,0.8426612702148717
2023-03-29,4,186,0.6856613345192627
2023-05-04,6,24,0.6531564661403803
2023-06-28,11,16,0.761923680652691
2023-04-08,24,163,0.38669626480353625
2023-07-22,22,50,0.6843988484420847
2023-12-03,16,99,0.5490345965181406
2023-02-08,20,39,0.6545288160644908
2023-02-26,25,112,0.5818537397602522
2023-11-02,23,126,0.23671128013247822
2023-11-29,3,143,0.12851797995823666
2023-05-19,8,184,0.8743681279698431
2023-08-14,22,112,0.9417487816257055
2023-09-11,4,162,0.7901867015493469
2023-04-02,7,145,0.2474859847901455
2023-09-12,21,91,0.23890142721375507
2023-03-02,14,72,0.8697509770298057
2023-05-01,7,88,0.808267527045197
2023-10-12,25,182,0.20208088996698714
2023-04-08,23,120,0.7818172818982971
2023-11-17,16,80,0.6519014599833115
2023-03-18,13,159,0.9635949762081432
2023-11-09,7,57,0.42586632106964306
2023-11-06,14,158,0.2972557021883905
2023-07-27,6,103,0.6937962869506487
2023-07-08,23,188,0.4007736829716605
2023-06-21,6,164,0.8058219223480324
2023-06-06,14,137,0.0737745770468261
2023-03-12,10,126,0.6137677199701232
2023-01-04,11,117,0.5113516488623735
2023-07-09,22,87,0.6420676606797184
2023-01-26,14,29,0.33055593240988956
2023-06-29,19,76,0.3290218887158656
2023-12-28,17,121,0.41787823177565653
2023-08-27,4,80,0.7936427913720184
2023-01-21,15,132,0.2480211211476615
2023-01-29,1,131,0.15988432490088367
2023-11-28,12,19,0.7009372961320837
2023-01-14,3,126,0.5890086606265837
2023-01-05,1,50,0.4631132216837873
2023-12-01,5,21,0.7189996272085155
2023-05-21,22,60,0.5603276604644486
2023-06-14,5,51,0.08955815109516996
2023-03-23,12,184,0.2477060985202354
2023-03-29,17,127,0.7550558381769327
2023-12-10,25,171,0.7512180436666571
2023-05-24,3,183,0.8033359172175666
2023-05-28,10,148,0.34816273600556624
2023-02-08,11,88,0.00625612844413348
2023-09-24,5,190,0.08038427665072534
2023-10-16,8,95,0.8435070174658792
2023-05-15,20,82,0.5525513190774952
2023-05-31,1,158,0.14926395764228695
2023-09-06,19,36,0.16372247272927642
2023-09-01,22,171,0.6079864560976153
2023-06-12,10,60,0.4219850191065978
2023-03-24,18,3,0.9896916730056139
2023-05-18,21,127,0.7767746395891
2023-01-05,18,97,0.4580656554101691
2023-05-16,25,153,0.15775365793144536
2023-07-28,5,181,0.1667449805040655
2023-01-14,17,53,0.6809992153967457
2023-07-17,11,36,0.8309188512522926
2023-09-08,11,171,0.7644432720312193
2023-09-03,14,192,0.18003358821320925
2023-04-26,1,131,0.04146359992569615
2023-05-20,12,174,0.7743565700966325
2023-05-25,12,133,0.9132869123914792
2023-07-21,18,26,0.9952538194208767
2023-06-12,12,41,0.8699630072790809
2023-04-26,21,21,0.34556138796623326
2023-05-18,1,195,0.43148866650271867
2023-04-24,23,68,0.07498330477552484
2023-04-14,2,189,0.10975522575267571
2023-12-18,2,53,0.1859108867612227
2023-03-23,13,156,0.3571478690693928
2023-12-19,19,42,0.7388688272056864
2023-08-09,5,169,0.19820005370734572
2023-08-07,4,84,0.8076086217994646
2023-07-29,17,2,0.8014741186101361
2023-01-08,19,115,0.5110511391308065
2023-03-17,5,8,0.8992246834316765
2023-06-25,12,134,0.9832667071255953
2023-02-13,14,187,0.02274832702257812
2023-06-07,3,67,0.9971401460562866
2023-01-16,4,140,0.8463622074325037
2023-08-15,24,60,0.10566323352957396
2023-10-14,24,31,0.19679651808486254
2023-03-23,16,87,0.6343824092254223
2023-12-12,2,7,0.23445191770288587
2023-04-07,18,130,0.03934379526640863
2023-09-09,22,161,0.9222529590708651
2023-12-28,15,16,0.9504657507837685
2023-04-11,14,9,0.39276766155039344
2023-12-13,5,29,0.7634732564291664
2023-07-21,18,160,0.23944950079701754
2023-06-11,20,40,0.16776346358007788
2023-02-09,20,41,0.5817876942222576
2023-09-18,23,68,0.31396424895195496
2023-02-11,15,172,0.698028049769306
2023-08-06,20,179,0.615066045571298
2023-08-23,1,50,0.49559165499076463
2023-08-01,24,200,0.6337607472602892
2023-10-21,6,194,0.523733765586792
2023-11-15,24,82,0.9824973934584662
2023-05-06,9,168,0.28571873665154324
2023-03-21,7,2,0.20301385460907484
2023-09-07,6,12,0.056131988273111943
2023-03-07,13,9,0.6853202327670125
2023-04-03,3,127,0.3634752924624862
2023-10-10,9,155,0.980257097055485
2023-07-01,19,151,0.0706867522609067
2023-07-17,4,14,0.24016203978550954
2023-07-12,11,52,0.8827623364774299
2023-11-26,17,48,0.9809126169399175
2023-02-11,3,76,0.4844913220359829
2023-09-11,2,100,0.026522546690958326
2023-04-20,7,129,0.11963407470384013
2023-08-23,13,196,0.14451264824385124
2023-10-22,12,137,0.26030416501210396
2023-06-05,7,41,0.049122809868246686
2023-02-02,11,161,0.9052561778712341
2023-03-11,9,194,0.008221401952611784
2023-11-28,7,9,0.8282370450865244
2023-09-05,1,8,0.12001920518835718
2023-02-10,8,19,0.4136299177427094
2023-09-23,17,105,0.1644628053184949
2023-07-29,16,63,0.5069918819495978
2023-09-12,10,172,0.838144280388128
2023-07-15,10,66,0.1498031876449516
2023-04-16,19,42,0.86387714234504
2023-06-21,14,133,0.5414250340405832
2023-03-21,25,30,0.27747392887043876
2023-05-15,6,113,0.5892998011680712
2023-01-17,10,75,0.234483330430855
2023-10-24,22,144,0.8762965636377913
2023-03-03,20,25,0.15933322706885822
2023-11-17,21,155,0.8016521358033184
2023-12-19,3,5,0.6437945472182718
2023-08-19,13,184,0.08215551375550234
2023-04-21,1,113,0.10382034409513663
2023-06-02,10,43,0.34180602154962136
2023-07-19,18,5,0.2495034509341979
2023-10-10,7,138,0.609666302876768
2023-06-21,3,134,0.1006630924676899
2023-04-20,21,56,0.4152804921920349
2023-01-21,14,31,0.3381392830738411
2023-12-15,7,21,0.06255729738823235
2023-12-13,8,103,0.0668361103120918
2023-12-10,21,35,0.9944387791146213
2023-02-16,23,53,0.9517970412133507
2023-12-03,20,158,0.0211321008887716
2023-05-21,2,46,0.3372169015583778
2023-05-20,20,20,0.987068870333143
2023-02-21,5,121,0.38648335914977006
2023-04-05,2,34,0.14305809899210975
2023-07-10,15,90,0.03168160407887943
2023-07-15,6,141,0.37422329031181834
2023-06-12,6,15,0.3466059723976077
2023-02-07,17,64,0.5464970106945775
2023-02-20,13,165,0.31704268910410627
2023-10-20,4,81,0.8061099861649301
2023-07-18,24,88,0.7224890929773007
2023-10-12,7,132,0.9484806466428369
2023-01-08,6,143,0.40822427913216996
2023-11-14,14,127,0.41440097261286946
2023-07-06,23,54,0.8765202761139642
2023-05-30,19,36,0.6246175963012284
2023-08-25,25,4,0.09830163953973614
2023-12-03,12,94,0.1619551624226423
2023-01-29,10,31,0.9392283076729149
2023-04-15,15,69,0.4176244215961067
2023-10-07,19,31,0.5709323124411891
2023-09-16,18,86,0.3183150690125722
2023-12-08,10,27,0.4187841025915976
2023-05-14,13,141,0.43199966512071253
2023-05-07,13,109,0.4588947349142596
2023-12-22,18,172,0.7678556716956744
2023-08-26,14,65,0.36620834689345905
2023-12-21,4,32,0.7073967459389119
2023-06-03,3,167,0.7975816077118119
2023-05-15,22,193,0.36230862033350275
2023-08-21,20,172,0.08369649093838061
2023-11-20,25,1,0.8386250918766784
2023-03-12,5,24,0.6159526529164645
2023-01-05,18,154,0.3199298492652449
2023-09-23,20,120,0.3266388481148951
2023-05-12,22,155,0.5436275402516014
2023-02-02,10,62,0.5133569964230073
2023-06-28,4,30,0.8789877058347014
2023-11-07,2,143,0.5496926630927854
2023-08-27,6,71,0.8441722159331739
2023-08-28,1,196,0.27521470509302315
2023-10-20,5,143,0.3898534336111049
2023-11-04,14,179,0.5121363502862166
2023-08-19,11,17,0.48515594487627
2023-01-01,6,187,0.29079675119160464
2023-10-13,15,143,0.34269749299599783
2023-02-09,5,56,0.5797846898488749
2023-04-25,21,116,0.41307048138753244
2023-02-23,15,200,0.6171378469919063
2023-11-14,3,143,0.0236186505888899
2023-03-21,18,77,0.4964216342219634
2023-01-08,20,200,0.5320012751426866
2023-02-18,13,67,0.02856075415843462
2023-01-30,25,147,0.3342135033359174
2023-06-23,25,179,0.24890741802409744
2023-09-21,14,125,0.2509618234474231
2023-06-14,14,2,0.5382527746892876
2023-05-04,11,156,0.3105497673906624
2023-07-20,10,123,0.6856116352173974
2023-06-18,23,163,0.7990534186616285
2023-02-27,8,174,0.7634001790750414
2023-12-11,19,170,0.827935303756014
2023-08-13,9,127,0.009911469800880313
2023-08-27,1,143,0.2657865509968004
2023-09-12,10,99,0.2690689413755686
2023-06-16,22,13,0.7809149150530703
2023-07-19,5,163,0.3100598948873555
2023-01-13,22,46,0.17855591155392891
2023-11-16,20,185,0.45493984407112054
2023-02-23,6,90,0.9226263222208034
2023-09-06,25,99,0.21060925483830595
2023-06-22,20,105,0.12922007275566383
2023-01-17,17,137,0.9655692624695403
2023-11-28,9,106,0.02037442549013535
2023-07-23,21,142,0.39404485557920066
2023-07-04,23,99,0.22126707789602418
2023-10-22,14,60,0.7705060803165243
2023-11-23,25,98,0.8962863763771252
2023-03-21,23,42,0.596442448395929
2023-10-06,9,139,0.1890574586246636
2023-10-01,17,45,0.14763538412739952
2023-04-22,8,175,0.7291236749668647
2023-11-03,12,195,0.9986960844880653
2023-04-09,10,99,0.09562472402866384
2023-07-07,3,47,0.45088704575562755
2023-05-26,21,14,0.3484654482832428
2023-10-31,14,124,0.16241878180031555
2023-07-08,5,31,0.6829072515244882
2023-09-21,11,22,0.9264690007194194
2023-05-16,9,51,0.3460523893383278
2023-05-16,9,3,0.59670248663298
2023-12-15,2,55,0.7155123560425017
2023-09-01,17,120,0.6921207807989654
2023-01-12,8,91,0.366148229249846
2023-08-03,5,48,0.2025415424960707
2023-12-05,11,130,0.24044037520259254
2023-03-15,9,150,0.5791705049112912
2023-10-19,8,97,0.48910167825712425
2023-03-02,3,117,0.2912734774130433
2023-12-04,25,91,0.8445918641136936
2023-10-29,13,63,0.06984278593651039
2023-09-07,3,116,0.706442740271423
2023-03-05,2,136,0.44605542885137817
2023-04-20,13,134,0.47954732958514845
2023-06-19,11,121,0.2286216219088305
2023-10-10,24,5,0.25760425067573145
2023-06-11,23,172,0.1944469247141184
2023-11-30,15,74,0.4869784849688543
2023-03-07,9,46,0.614699682881456
2023-10-28,1,171,0.4721728634762754
2023-09-26,12,32,0.27398837347674776
2023-12-24,4,160,0.14458441587664328
2023-01-06,3,28,0.40077062373756533
2023-10-24,14,154,0.8152787775105682
2023-01-16,2,72,0.3550945056679443
2023-09-29,25,148,0.1146427709529374
2023-01-23,11,44,0.0858637273555991
2023-03-01,22,9,0.4456739727131409
2023-10-26,18,86,0.29974156139570374
2023-11-18,12,144,0.49595308966785234
2023-01-16,8,56,0.33320254266267213
2023-09-25,11,97,0.9688961420779261
2023-11-10,20,58,0.44365526168603964
2023-12-24,25,58,0.33265304138120944
2023-10-25,21,77,0.15597025272042675
2023-02-12,24,188,0.10757537582742294
2023-01-07,15,68,0.32984165869970383
2023-07-15,18,12,0.7159618808561274
2023-08-18,19,5,0.7111012398101083
2023-12-23,25,16,0.8011323944956356
2023-11-17,1,199,0.5076392384011974
2023-10-05,6,155,0.47193252659949425
2023-11-11,2,24,0.9420830478209408
2023-11-10,12,200,0.49997650353187106
2023-06-17,8,181,0.5289885219629219
2023-12-04,9,18,0.9506094121015758
2023-04-04,20,11,0.003549337083195714
2023-09-20,12,97,0.01836183179979145
2023-12-11,10,6,0.5641796262419773
2023-11-03,8,148,0.3628838278439358
2023-09-06,18,124,0.7707869907076498
2023-03-08,11,136,0.6355302371130077
2023-09-25,13,131,0.3600532764317853
2023-03-04,16,111,0.7916077113334546
2023-02-18,3,38,0.9667482092384276
2023-03-02,15,78,0.9595400703955392
2023-05-28,16,99,0.6318137920109426
2023-12-27,14,8,0.8934556858446466
2023-03-14,20,17,0.5435305522630952
2023-08-15,23,135,0.7216897987872792
2023-10-06,22,40,0.6598403086002237
2023-02-11,25,120,0.9987401593824272
2023-11-20,4,107,0.8660368458538736
2023-12-03,9,166,0.8459910445644164
2023-05-11,15,180,0.4776456347512401
2023-02-09,24,161,0.6381157317266763
2023-06-07,22,16,0.7520573425497853
2023-05-20,7,29,0.41715936150436217
2023-09-21,17,38,0.9123618694476736
2023-02-18,13,176,0.21415131528183295
2023-02-17,23,42,0.2014865111305545
2023-01-27,21,192,0.7578706867220456
2023-03-27,22,122,0.48756449061002927
2023-01-09,2,11,0.6265228440541838
2023-03-05,23,57,0.0017628880928529655
2023-12-12,11,119,0.06456352156822764
2023-09-12,16,33,0.37378287553958967
2023-03-20,9,138,0.751442208127794
2023-01-21,1,137,0.5422491540157139
2023-04-05,21,193,0.46969767312511723
2023-01-10,15,104,0.8678742694424733
2023-11-04,15,44,0.7990171041360685
2023-11-01,17,50,0.36277293438067926
2023-03-22,12,78,0.12058630575682705
2023-05-18,8,28,0.2504910700284271
2023-06-14,14,22,0.2413032786190482
2023-01-30,1,194,0.4889373103314132
2023-02-25,1,156,0.42459979781479606
2023-09-14,11,181,0.4043268677391927
2023-01-27,8,109,0.6410698536594045
2023-02-16,18,143,0.08127836119184217
2023-06-25,21,161,0.36058561685114954
2023-07-30,22,64,0.9259540171058931
2023-12-10,8,58,0.3317242924113961
2023-04-19,11,13,0.6143884663360588
2023-01-14,25,136,0.3827665288838612
2023-11-18,17,91,0.5355349505496249
2023-03-04,25,127,0.5110271730064856
2023-04-07,1,64,0.15298646346063405
2023-10-27,11,73,0.48296918656882226
2023-03-03,8,17,0.05224145617627152
2023-11-23,13,22,0.8737486848722007
2023-07-11,2,14,0.7822692743198366
2023-04-09,10,63,0.8895567055879575
2023-11-11,16,183,0.06006243897934771
2023-04-01,24,20,0.5656272318345914
2023-06-13,4,123,0.6475460807650173
2023-01-03,4,176,0.30270226446155524
2023-05-08,8,138,0.766905252029243
2023-11-12,6,41,0.6562643269577744
2023-02-10,5,127,0.868279963862685
2023-12-26,12,61,0.10965055312872751
2023-10-19,9,61,0.876896256205592
2023-09-07,10,93,0.05894117887592176
2023-04-02,20,56,0.9514724447853624
2023-02-23,13,19,0.004572316348355976
2023-07-15,3,190,0.4108224239078294
2023-11-18,12,125,0.14952990182301706
2023-12-04,6,11,0.23627787918108611
2023-11-16,9,152,0.9276312630989031
2023-01-12,14,127,0.5080270753517888
2023-03-31,14,171,0.3678909348542464
2023-11-08,20,104,0.7672499861701788
2023-01-15,9,64,0.30153257438629977
2023-05-31,15,105,0.598432455710823
2023-08-04,6,129,0.4141373578084868
2023-06-11,12,89,0.7016735767559685
2023-07-18,5,84,0.4720952186260481
2023-05-06,13,72,0.8138126816264083
2023-09-16,22,46,0.7620603557627926
2023-06-03,11,145,0.004044370754642479
2023-06-12,1,162,0.18919928368465444
2023-10-02,23,3,0.212587713927327
2023-05-30,11,141,0.2175444468928276
2023-08-04,10,189,0.13642107621188126
2023-10-17,14,187,0.5010395955308977
2023-06-12,5,72,0.14527887107099147
2023-04-07,16,139,0.6839129190801352
2023-10-19,24,76,0.23490677195136178
2023-10-13,12,110,0.35213109593183245
2023-12-29,20,89,0.754989573432886
2023-07-26,22,71,0.9606759659820548
2023-11-28,20,167,0.6082099168513113
2023-11-19,11,197,0.17145631982077514
2023-09-22,24,45,0.09594569159474353
2023-03-17,12,31,0.4324173539159517
2023-06-25,13,133,0.7158874667313301
2023-11-16,17,8,0.12043166229121516
2023-01-14,3,116,0.4446251928111685
2023-05-26,2,97,0.9369449669973064
2023-12-15,13,19,0.49640835571153474
2023-10-14,3,171,0.7838828716124432
2023-09-09,22,74,0.7043663704817704
2023-05-17,11,17,0.9283793834613419
2023-03-12,7,99,0.585807518099013
2023-05-25,3,130,0.6414575244811835
2023-05-12,2,168,0.8771208282081906
2023-01-31,22,185,0.5100499273141199
2023-10-17,21,54,0.2891729660942577
2023-05-10,17,128,0.909154339811254
2023-08-10,5,110,0.01026552963173244
2023-07-06,4,144,0.09183839315862763
2023-12-28,25,53,0.7207841338267896
2023-07-01,18,56,0.21031351411105015
2023-05-19,12,122,0.15427483982208057
2023-09-19,25,180,0.39491277413386916
2023-06-03,20,121,0.07528468799748156
2023-09-18,8,79,0.6336007074344011
2023-02-25,11,176,0.2703237327278004
2023-12-04,1,49,0.16507389957520535
2023-02-15,17,183,0.06195856808862299
2023-02-07,11,25,0.40748596435535656
2023-07-27,4,44,0.8702568396196785
2023-09-28,17,77,0.838556992073586
2023-09-16,18,93,0.8392040890162076
2023-03-30,7,186,0.6319918422103372
2023-02-12,6,103,0.5951319989977881
2023-09-24,2,71,0.7662484257452538
2023-01-02,22,121,0.5407533348176216
2023-07-23,7,147,0.3496494207461842
2023-04-17,21,129,0.18473225214799383
2023-08-18,22,185,0.8518146728741098
2023-10-02,15,114,0.42907671562126304
2023-05-30,10,30,0.7648510393642111
2023-08-04,4,30,0.21110872045481743
2023-08-06,19,45,0.6185589626932693
2023-08-07,10,153,0.4718613409244814
2023-02-15,3,27,0.3001006734434497
2023-11-08,1,47,0.7270058567074663
2023-12-28,8,16,0.8842494567906828
2023-01-18,22,61,0.872372710067964
2023-08-10,25,66,0.9662991218097433
2023-02-09,9,131,0.7716131278811451
2023-08-27,11,178,0.0228532767565075
2023-03-26,1,4,0.904981349401324
2023-09-08,4,82,0.5178220779775521
2023-10-28,1,103,0.4935356300624608
2023-04-07,5,92,0.6329592996505339
2023-05-24,6,141,0.1209665181635704
2023-08-01,12,197,0.9806408464479227
2023-10-05,8,155,0.8113551162750898
2023-05-19,14,78,0.4430820735031903
2023-10-23,8,13,0.8952809679265772
2023-01-10,11,98,0.42800240044107785
2023-09-02,13,140,0.7321866543608182
2023-04-12,14,112,0.8385602689180708
2023-12-05,11,164,0.06364909144024533
2023-10-28,21,60,0.3503015859926275
2023-04-15,23,78,0.27861651172387325
2023-10-30,11,40,0.8173395395020856
2023-11-20,4,90,0.9556877373113571
2023-05-17,18,178,0.967342988659728
2023-06-29,14,148,0.7880965437776264
2023-05-03,2,119,0.2426074115785557
2023-04-18,18,118,0.5537551889933398
2023-09-15,14,131,0.263990817541614
2023-12-12,25,144,0.6615994343231634
2023-11-25,20,166,0.45179769973344075
2023-10-08,21,113,0.2270958968735325
2023-08-13,2,176,0.13728452486711595
2023-03-21,25,112,0.47737637482685225
2023-03-30,8,96,0.5807270965677328
2023-03-09,7,112,0.4869867298573817
2023-03-26,20,71,0.10022904316678405
2023-01-15,6,138,0.4485009435728663
2023-12-07,23,182,0.07054335931659839
2023-05-19,24,34,0.763626176259199
2023-11-20,22,150,0.3240756747212199
2023-01-18,16,122,0.18285834432015857
2023-05-28,17,199,0.18080202898237385
2023-03-18,2,76,0.5233701818662938
2023-01-03,25,126,0.8386539348490049
2023-08-07,6,81,0.7687366717943768
2023-06-03,7,3,0.5561098434669197
2023-03-04,7,112,0.48039523778231585
2023-05-18,21,190,0.7776621701765051
2023-06-21,22,103,0.43909254150796573
2023-03-05,24,152,0.16768756102108573
2023-08-01,12,69,0.7911044550181457
2023-11-17,23,29,0.8963183070314512
2023-01-30,8,107,0.5715292130343966
2023-06-15,7,47,0.5528820486500392
2023-07-15,2,74,0.16666467945527996
2023-10-22,6,197,0.6663576800968657
2023-08-05,15,35,0.08888418033488699
2023-10-18,4,106,0.4622766395497738
2023-12-10,17,91,0.8757781924560588
2023-06-25,14,126,0.6907981586168925
2023-10-13,14,170,0.17028480299398951
2023-08-22,12,48,0.7432690329674793
2023-10-01,25,109,0.6437289517217304
2023-09-04,15,147,0.9232307522910327
2023-07-14,13,173,0.08851310643706278
2023-04-10,20,64,0.12477428635429988
2023-02-22,21,40,0.9202995661961187
2023-06-19,12,158,0.19723470496043827
2023-08-09,9,162,0.051131622107074226
2023-08-07,18,53,0.21834794680215708
2023-04-17,9,24,0.4880213059246573
2023-07-01,25,15,0.11646471716230011
2023-03-30,15,100,0.7165625635109097
2023-08-13,11,39,0.7904068736084296
2023-09-20,17,168,0.8489294880949646
2023-05-25,7,31,0.7534289752289723
2023-09-17,20,77,0.6180427531866828
2023-09-22,21,101,0.21768419144280104
2023-05-22,16,197,0.40856581745081344
2023-04-27,8,153,0.484912286112683
2023-07-29,13,152,0.033389599497496536
2023-06-13,18,9,0.31327263485580426
2023-06-03,7,49,0.22936403916034287
2023-06-27,17,51,0.5167541209253652
2023-03-08,17,8,0.912461050902136
2023-01-11,13,149,0.07671780870086309
2023-09-28,18,35,0.40116133044698943
2023-07-16,5,191,0.6838611268351827
2023-03-28,13,137,0.8315264956176749
2023-04-14,22,155,0.8510466538552558
2023-03-29,24,84,0.4253318075011051
2023-10-15,18,193,0.6219415761344687
2023-07-24,12,25,0.8832295930156983
2023-03-11,5,171,0.6306191172791936
2023-09-28,17,15,0.7396550488309683
2023-07-08,17,25,0.9224980978437184
2023-08-02,14,187,0.38148540905237716
2023-05-03,9,10,0.7708374321640735
2023-10-21,16,126,0.4352977084126022
2023-07-03,15,190,0.03377909697817172
2023-12-05,21,7,0.9765379285591097
2023-05-24,8,75,0.7813710443904914
2023-07-02,15,72,0.7117297273795564
2023-11-19,5,161,0.18610047311797284
2023-10-22,24,52,0.6734829758640293
2023-06-30,17,73,0.7286966600695345
2023-04-11,11,168,0.6286205734394649
2023-04-22,8,99,0.8490265653767765
2023-12-28,10,5,0.6919557151447149
2023-01-11,25,4,0.052582705852667444
2023-10-20,5,68,0.2508889481957952
2023-08-23,20,66,0.22260865671483587
2023-08-05,10,3,0.12761112486647952
2023-10-30,1,150,0.9438928411214818
2023-09-18,12,15,0.19278528633932812
2023-02-18,12,86,0.5285322379912385
2023-05-20,1,14,0.8915083420866058
2023-04-11,5,156,0.09880320688710154
2023-08-12,18,196,0.8457259677553783
2023-08-19,8,85,0.9350008159604963
2023-12-08,8,38,0.9713499121294261
2023-03-17,10,135,0.04319398490627724
2023-04-23,21,140,0.8196374264043129
2023-09-16,11,74,0.9116697886896437
2023-01-23,14,19,0.041875978410818804
2023-04-27,19,188,0.22811795767960552
2023-06-08,20,32,0.34184786727248695
2023-11-16,25,143,0.8196226043673523
2023-10-22,2,19,0.3482237953553421
2023-01-01,10,43,0.3345510859144669
2023-03-18,12,78,0.9521585891265453
2023-12-15,6,88,0.7643642759743616
2023-10-02,19,65,0.5159283164364241
2023-01-23,16,151,0.21327507245208754
2023-01-25,11,74,0.8971506496844837
2023-05-19,21,32,0.34518370867234205
2023-07-14,21,88,0.8306551823290763
2023-04-08,3,195,0.6792921652756573
2023-02-18,23,143,0.058444399953328174
2023-10-13,24,84,0.8251544004739014
2023-05-28,20,100,0.9145591260942494
2023-10-25,22,146,0.21787097023049318
2023-01-15,15,43,0.5235601547834502
2023-08-11,7,141,0.7878414117960206
2023-09-11,8,97,0.49824053789331957
2023-12-09,15,94,0.24593680308189214
2023-09-30,24,7,0.4421471249848141
2023-06-30,18,172,0.3159429529602138
2023-12-04,19,194,0.6725927558332532
2023-04-28,11,60,0.9952397159120037
2023-02-16,6,87,0.1137145285018708
2023-06-13,23,175,0.06682321836462002
2023-09-11,24,101,0.6302429783030824
2023-05-14,19,113,0.7056726890810527
2023-03-25,7,126,0.14288054145021556
2023-03-30,24,122,0.859424908956619
2023-03-31,10,129,0.8800421014367795
2023-05-09,10,20,0.22741750733365163
2023-01-07,10,168,0.8443717580051124
2023-03-21,18,100,0.509119752790193
2023-02-07,17,61,0.0941111534208059
2023-01-08,2,9,0.36615875353540994
2023-05-07,14,152,0.9732883202649542
2023-05-15,11,75,0.691932974659731
2023-07-08,15,185,0.016947856626866264
2023-09-21,5,10,0.13624838626610958
2023-12-30,4,182,0.6146686112517337
2023-08-31,19,172,0.9578019692898829
2023-02-04,4,133,0.2092043829285044
2023-06-07,25,158,0.3595829438115934
2023-01-15,9,104,0.2167551185344948
2023-05-08,13,170,0.4053683791373247
2023-08-09,4,95,0.013367464753022307
2023-02-15,14,130,0.6801102408719467
2023-05-15,10,69,0.6169933308398396
2023-01-10,6,47,0.9745076318992437
2023-04-09,13,36,0.9615004096028689
2023-03-20,15,149,0.46295460560092894
2023-10-09,17,70,0.2226233555474244
2023-08-15,24,173,0.28157577327300276
2023-03-13,18,11,0.5139349023989767
2023-03-05,16,2,0.7740201737790109
2023-11-09,14,1,0.3312314993764428
2023-08-31,3,116,0.14441775196235718
2023-10-07,8,130,0.1407564662142694
2023-09-03,12,59,0.6453748262151773
2023-10-14,9,186,0.35700663528353316
2023-04-21,25,63,0.5270048695491271
2023-12-13,20,30,0.9963859003427102
2023-03-22,16,129,0.856045655289046
2023-11-05,17,7,0.5334714244565335
2023-02-26,21,114,0.3558147744688197
2023-09-28,20,73,0.33303011659827997
2023-11-06,10,5,0.24715703276542167
2023-11-17,10,146,0.6581025178873451
2023-03-26,23,44,0.1506545773081267
2023-09-04,19,136,0.7713080533747636
2023-01-15,16,130,0.10100686211844812
2023-04-23,23,115,0.7349355002292529
2023-03-13,7,123,0.7933205867621888
2023-01-17,11,148,0.5937925321203431
2023-08-10,21,6,0.08389945083751282
2023-07-16,5,134,0.903884671949565
2023-01-12,19,80,0.7697388065971087
2023-07-28,7,43,0.8415800639491902
2023-06-28,18,69,0.8574247171182814
2023-07-23,7,93,0.5524760172067227
2023-07-13,14,114,0.6200232752144195
2023-10-17,23,74,0.5890542970764443
2023-12-02,18,123,0.3090028710557592
2023-02-15,5,66,0.6140305174659826
2023-05-13,9,151,0.7900205843082782
2023-04-23,17,148,0.7046884050209705
2023-09-10,15,59,0.2798596798548564
2023-07-24,16,182,0.4924169062954771
2023-04-09,21,56,0.8009706111726229
2023-02-21,12,59,0.8724465394247128
2023-02-18,11,111,0.022153199409944313
2023-02-12,14,78,0.012787963466889707
2023-05-22,18,103,0.7834342756020061
2023-12-07,23,50,0.9939455386188295
2023-04-20,1,54,0.8117817788436965
2023-09-13,11,106,0.2126205026197724
2023-11-28,17,135,0.15886386338197456
2023-10-30,22,78,0.17799783902395794
2023-04-06,18,162,0.7485882781292779
2023-10-04,19,147,0.33344098794783683
2023-07-22,12,159,0.7153933150597334
2023-07-27,20,140,0.5143316813846845
2023-08-14,25,196,0.5454941507760375
2023-02-19,6,120,0.7987645917121278
2023-11-04,16,28,0.6552910750482832
2023-03-10,24,116,0.842902625792897
2023-03-08,23,103,0.2107033610863972
2023-02-21,15,181,0.2531537248234845
2023-09-26,18,156,0.2312599909667702
2023-09-21,25,8,0.007108653839645207
2023-12-31,25,95,0.30755216426083787
2023-04-13,19,55,0.9907485577050673
2023-09-04,12,173,0.8830214612932434
2023-10-11,19,60,0.6967950291856331
2023-08-11,17,162,0.7171435087802355
2023-06-22,1,85,0.30804998501216274
2023-01-23,9,199,0.36213279834408785
2023-12-08,20,26,0.5097730855243984
2023-08-09,9,10,0.8696698533554583
2023-11-17,1,154,0.31642374348500046
2023-01-02,5,118,0.5082020120667892
2023-09-17,15,64,0.6145843889232708
2023-07-03,23,139,0.39010753761159156
2023-07-16,5,170,0.45222262777269495
2023-09-04,25,75,0.0961446937881576
2023-02-25,24,165,0.26446799632074225
2023-10-10,3,189,0.8659791632875801
2023-12-08,10,130,0.5294744785707669
2023-06-18,1,48,0.44153976410506246
2023-06-29,5,198,0.9421165210481892
2023-11-07,13,164,0.8578742663732023
2023-07-14,1,80,0.5122405651685442
2023-03-03,7,45,0.7277895588580386
2023-11-28,3,90,0.043062649925147634
2023-05-27,2,70,0.07345355083571203
2023-05-02,7,19,0.7338957264704455
2023-12-08,16,199,0.49619087079205415
2023-07-02,18,94,0.21282477708897585
2023-11-04,10,145,0.8633270381631093
2023-01-09,10,200,0.21946199876775285
2023-08-21,13,126,0.4188032949908497
2023-06-06,20,183,0.5436235939443033
2023-06-05,15,99,0.6761508914192804
2023-08-21,18,19,0.7948762545296155
2023-11-13,2,3,0.2366500572412673
2023-04-18,8,62,0.8227954887905874
2023-08-09,16,104,0.5985347973859703
2023-06-18,3,102,0.615503394905992
2023-08-02,25,26,0.3212053023346796
2023-10-31,23,49,0.9099013851734485
2023-08-26,24,84,0.4489189309457351
2023-02-05,15,70,0.2684971630326787
2023-05-19,10,107,0.5190591369395071
2023-05-20,20,23,0.6519123621290694
2023-04-25,15,156,0.6271833059350234
2023-10-11,23,58,0.8097863094152957
2023-08-03,3,188,0.4148040632062103
2023-10-01,10,16,0.26818838868336814
2023-03-17,7,151,0.7463848339085815
2023-07-20,17,100,0.30886900527971106
2023-04-20,13,121,0.9315202874167415
2023-04-19,16,11,0.12428260217741172
2023-10-24,25,74,0.9598162971195316
2023-05-16,7,103,0.8794215747522335
2023-02-05,17,146,0.22245988143994833
2023-09-23,15,94,0.5349042919871637
2023-01-03,2,150,0.10740008132814194
2023-08-27,20,195,0.8339932851741515
2023-02-02,1,134,0.4037389121213627
2023-12-24,23,89,0.37011691182416706
2023-07-21,14,153,0.40534974569468196
2023-09-19,4,135,0.1746569730891271
2023-04-07,14,126,0.5865185964925428
2023-04-02,1,172,0.2932400743395043
2023-06-02,19,126,0.6340504133570323
2023-05-08,2,185,0.867058021909663
2023-05-24,19,32,0.27429557094074475
2023-03-29,15,155,0.749655809543143
2023-03-17,14,189,0.7766443726628854
2023-11-04,1,19,0.6677890340145431
2023-04-26,19,182,0.9604691852866456
2023-10-26,8,54,0.7997767344056232
2023-02-05,10,14,0.2672209888492275
2023-11-18,10,10,0.9915333918717006
2023-02-24,18,90,0.35012470958609876
2023-08-20,21,55,0.20620056045404322
2023-09-05,11,179,0.8787178206092869
2023-04-15,17,125,0.32251878048963667
2023-11-25,4,179,0.8298505096086648
2023-07-19,6,61,0.39072982965673597
2023-11-01,20,150,0.18990297650786891
2023-11-20,9,160,0.08631628038057038
2023-11-18,14,43,0.9721266535782294
2023-07-23,10,113,0.11498558306128592
2023-03-04,16,22,0.9571265366024999
2023-04-14,24,54,0.47601124564821473
2023-07-18,23,45,0.21849107604431128
2023-10-03,2,158,0.47766153542286927
2023-06-27,6,114,0.948523203475734
2023-09-02,15,147,0.579460637977981
2023-12-06,19,196,0.663328413527006
2023-01-02,3,137,0.8480232330955696
2023-08-27,15,161,0.47362685022449624
2023-02-01,13,33,0.0031862472021866317
2023-10-24,1,160,0.2609506753090487
2023-04-30,20,190,0.27476029976754157
2023-02-15,16,93,0.9660131262480446
2023-08-14,14,8,0.1308980464268107
2023-10-09,24,132,0.7116894978860827
2023-03-12,23,53,0.576742784319096
2023-01-26,10,176,0.7467192332368902
2023-06-07,14,103,0.6286845823360916
2023-09-10,24,11,0.8867564277153654
2023-10-07,21,103,0.5618985473092566
2023-08-09,4,59,0.5647209514674333
2023-09-15,16,142,0.09443642756557324
2023-06-13,6,85,0.13304053877535027
2023-10-20,1,142,0.553275069144706
2023-08-29,24,59,0.025190360529667166
2023-12-27,7,139,0.3741062471482457
2023-05-09,4,101,0.055133605599805846
2023-10-17,13,133,0.8228949640492716
2023-12-13,17,66,0.2266981978712157
2023-11-25,21,126,0.4637039315903565
2023-03-18,16,70,0.6480565917923654
2023-05-16,9,115,0.4677001870290445
2023-07-25,23,162,0.9420220251066009
2023-01-02,22,166,0.1420392590280154
2023-10-24,9,166,0.31711026704675305
2023-12-08,1,195,0.5204649520533996
2023-07-03,7,152,0.4603246384037982
2023-08-04,19,172,0.230473187944916
2023-03-31,7,167,0.6237997997585505
2023-04-18,8,39,0.6287152328415543
2023-05-22,4,129,0.24552617027922108
2023-01-29,20,147,0.502420472856293
2023-02-23,24,88,0.9907232959645279
2023-08-25,3,187,0.03841723705444311
2023-08-05,10,168,0.2530941938202952
2023-07-03,22,179,0.47713418762259596
2023-08-14,22,152,0.9168558973183185
2023-02-25,19,192,0.16671544204899558
2023-09-11,17,194,0.12936344866994887
2023-03-31,22,196,0.5164871202169948
2023-09-26,7,138,0.5912266521367244
2023-02-12,5,81,0.6827380140075353
2023-08-16,14,91,0.9923544807979364
2023-08-28,22,165,0.657564157653201
2023-03-13,17,168,0.4389408149166677
2023-06-07,5,43,0.37631844689972727
2023-01-25,24,125,0.9099502743945382
2023-11-13,15,157,0.9293224643476539
2023-08-29,10,177,0.4126796330554343
2023-08-29,15,20,0.05399021681453342
2023-10-30,20,17,0.046406490955043345
2023-08-28,17,167,0.8273746698583206
2023-10-04,14,146,0.38842377329704647
2023-08-02,21,102,0.13387584913266648
2023-07-29,6,99,0.8386686675819726
2023-02-22,16,47,0.23188813788965545
2023-02-14,15,54,0.9133343327945411
2023-10-04,9,4,0.7940055760397975
2023-06-20,10,44,0.6313065843980075
2023-02-20,8,18,0.19582183025871602
2023-11-18,12,85,0.2306792709368619
2023-06-22,24,17,0.4480338595590564
2023-02-23,13,127,0.5869882604308144
2023-12-11,25,29,0.9529072646468114
2023-09-23,15,12,0.09571418182331792
2023-07-27,13,141,0.5944608522025865
2023-07-17,7,138,0.18619052359654953
2023-11-20,1,198,0.9458938196085939
2023-12-02,1,74,0.37637877050740554
2023-04-10,17,66,0.5786397965241139
2023-11-13,3,31,0.399990606419637
2023-09-17,19,118,0.5413108434550069
2023-12-13,15,173,0.06581897974446205
2023-01-05,23,105,0.7028413102689732
2023-02-14,19,197,0.9198743722952093
2023-08-16,12,82,0.08559714679427255
2023-09-06,24,117,0.6143501136831154
2023-07-19,10,37,0.5768930834268311
2023-04-05,3,142,0.3573637978550974
2023-05-06,10,26,0.04513587092249349
2023-09-06,1,113,0.4780240422971954
2023-11-04,14,173,0.17520554748321604
2023-01-23,6,78,0.5540087586146116
2023-07-27,22,15,0.3930343306134576
2023-12-24,17,172,0.3412066175978671
2023-08-21,22,55,0.18994573503377
2023-08-22,22,133,0.11573818342067821
2023-06-27,23,84,0.3030735949158807
2023-03-02,4,142,0.8649153469004803
2023-09-07,5,194,0.28834227588566164
2023-10-14,20,142,0.1605940462534079
2023-11-21,8,48,0.24257008989835827
2023-07-19,16,6,0.19758748427593975
2023-01-26,18,8,0.6297644079046996
2023-02-01,23,28,0.8125645696917043
2023-02-17,14,74,0.3608945490702048
2023-03-21,7,110,0.6141615262941766
2023-06-17,7,23,0.5165977433481725
2023-08-26,23,71,0.3096788487250831
2023-07-24,12,72,0.5837331731958995
2023-04-04,16,141,0.3636960617095063
2023-12-16,8,18,0.5763309715663095
2023-10-24,18,116,0.5619316936184138
2023-03-14,12,20,0.05162564307291473
2023-09-12,12,199,0.6239829640530568
2023-03-18,9,13,0.6326769108418564
2023-04-13,21,120,0.27763412850963576
2023-02-02,5,186,0.19580131251206634
2023-05-03,5,61,0.45543874233220594
2023-07-10,15,187,0.6149853344606196
2023-04-23,10,4,0.5043727710409777
2023-03-23,25,121,0.6127822028061238
2023-08-07,17,55,0.15383398842192053
2023-02-05,5,38,0.4339044308381823
2023-12-01,21,138,0.6132077117916931
2023-09-05,6,132,0.5646619433430191
2023-12-03,22,21,0.2626823065847428
2023-01-29,8,43,0.7471027040085878
2023-09-01,4,142,0.5686774741814128
2023-07-15,24,41,0.9689559183282256
2023-12-09,1,32,0.8609685930549502
2023-02-09,5,10,0.10233681091155644
2023-09-19,19,10,0.5887858659271409
2023-05-12,6,143,0.18132775949242974
2023-08-31,3,136,0.3160404615552739
2023-05-11,7,38,0.45913627040357385
2023-08-15,24,66,0.10228007308549747
2023-11-05,22,174,0.4798863536120018
2023-03-27,18,185,0.72982367201484
2023-05-15,14,10,0.8535670520862166
2023-08-30,18,21,0.6712535866302244
2023-03-02,6,159,0.05958423859509887
2023-02-21,2,117,0.2138169419344771
2023-12-26,8,86,0.5110645976490565
2023-07-02,18,29,0.5455444428795103
2023-02-16,2,162,0.9438150714259931
2023-07-24,10,96,0.09433150723312844
2023-12-21,13,49,0.2718501018883037
2023-08-15,4,177,0.35210341013066493
2023-02-20,10,82,0.19587933689591008
2023-09-24,4,65,0.45867375935595
2023-03-16,20,14,0.9237246128622323
2023-11-09,18,22,0.3803529668210721
2023-01-17,1,27,0.21871415152016205
2023-04-12,10,110,0.6363498754197995
2023-11-12,23,38,0.5787052403323247
2023-10-05,20,184,0.7791471996318627
2023-07-27,25,198,0.2751490588062615
2023-09-16,21,71,0.31485165245866864
2023-04-13,3,1,0.44704635609351673
2023-03-05,19,76,0.07536514565238928
2023-03-02,12,63,0.9477926189833535
2023-09-25,22,183,0.5325220754831826
2023-03-10,12,176,0.7939347215950517
2023-02-24,23,181,0.44497798038983083
2023-10-09,13,145,0.0707283757692595
2023-03-30,25,150,0.3068081312450055
2023-08-31,8,96,0.45901865602881087
2023-03-06,25,123,0.11261526694753976
2023-06-23,13,102,0.2869846342178658
2023-11-07,6,38,0.613181365085739
2023-11-20,13,59,0.9039113395085059
2023-01-08,17,118,0.8029174011907014
2023-08-30,9,37,0.6832880130391377
2023-01-22,5,77,0.6595951304925144
2023-09-28,23,170,0.20776397085224685
2023-09-21,18,156,0.2489517574267096
2023-04-25,25,165,0.42560905762290646
2023-07-30,12,63,0.3745830724621301
2023-11-14,14,140,0.7882558919272273
2023-09-11,24,172,0.09336749522227716
2023-02-28,20,41,0.6476940405271459
2023-08-11,14,162,0.5394733229700888
2023-09-01,21,31,0.2733985118928194
2023-05-31,4,68,0.434353788552463
2023-02-23,2,199,0.036393537432126366
2023-04-06,15,191,0.23392500169353403
2023-10-05,4,60,0.10702972270474942
2023-08-03,23,7,0.8294272901469086
2023-07-17,21,79,0.6430884322533713
2023-04-03,3,15,0.8671504943093606
2023-05-25,3,60,0.7082021335298287
2023-04-04,17,158,0.748413762677461
2023-09-11,6,117,0.15177055740984935
2023-10-11,18,49,0.30547956736998305
2023-11-04,15,193,0.4451545695125336
2023-11-28,2,56,0.810332282162698
2023-10-02,18,19,0.783946046616993
2023-11-23,22,29,0.9156493319138015
2023-01-22,25,100,0.6630934035033079
2023-02-17,25,41,0.3604318960294117
2023-11-23,13,48,0.7808150299685178
2023-10-24,1,51,0.5392521638725886
2023-07-16,16,54,0.9623210072992285
2023-06-12,1,52,0.6136368644610379
2023-04-11,21,14,0.6868634022097193
2023-01-12,21,199,0.6632982409558796
2023-07-21,11,176,0.6837124715158972
2023-07-29,7,169,0.03346343554466247
2023-12-01,20,136,0.2401313856717544
2023-01-06,14,173,0.15626520074591066
2023-03-13,14,14,0.9563639537541471
2023-07-20,11,118,0.6606550485167078
2023-12-07,9,182,0.6114946698309404
2023-02-13,7,150,0.23277993382725792
2023-09-16,21,145,0.7917567632667454
2023-04-20,4,87,0.37858144925414805
2023-03-05,16,105,0.2653610371471241
2023-12-28,1,78,0.04675397134027781
2023-07-05,2,152,0.672475396289524
2023-07-13,23,191,0.7411017347957388
2023-01-27,18,97,0.025845257991107262
2023-07-20,23,82,0.4338521999425744
2023-02-24,6,153,0.68726646756526
2023-10-03,4,188,0.3391837645083451
2023-01-25,19,134,0.15045411499134886
2023-01-28,9,87,0.5881089779549312
2023-08-27,22,44,0.4207343227821776
2023-03-22,6,47,0.2630378261521388
2023-10-26,17,189,0.6850362577072965
2023-09-26,20,20,0.2736039627782595
2023-01-26,12,121,0.708016474707291
2023-08-18,3,149,0.8535076894390377
2023-05-15,9,175,0.6751921308890241
2023-12-01,12,151,0.4095259121372966
2023-07-03,4,193,0.05790880023565703
2023-11-11,3,94,0.24674756313680368
2023-06-20,21,34,0.5744599598725821
2023-07-09,23,86,0.14777764246229486
2023-02-07,17,106,0.09366523810503746
2023-09-17,23,106,0.06331134070938449
2023-01-29,3,4,0.09499352382924131
2023-03-14,23,136,0.7191075861645146
2023-10-04,2,165,0.687838184249583
2023-12-14,13,173,0.18710422016323147
2023-09-30,7,93,0.9504647454578256
2023-06-24,23,87,0.30714749285459175
2023-12-02,13,32,0.9690550442687146
2023-02-25,10,107,0.7201281784384503
2023-04-19,21,157,0.45276110246847656
2023-05-18,4,50,0.5493068134375668
2023-10-31,20,66,0.5409608809468879
2023-07-16,15,130,0.0742853088226576
2023-12-04,8,150,0.49254801556985406
2023-12-07,15,182,0.8108181996117514
2023-02-06,15,21,0.8916547914991062
2023-08-02,5,124,0.4536014292873335
2023-07-21,7,12,0.5888237823856786
2023-05-08,17,196,0.9491904400066812
2023-09-08,19,16,0.12733565024357685
2023-03-20,9,182,0.6662951544848894
2023-01-05,10,121,0.0020451546407608268
2023-11-11,6,6,0.5006716325963201
2023-10-14,1,16,0.7255174594754622
2023-10-21,17,45,0.1848787004298359
2023-01-31,12,110,0.6750787809469799
2023-01-27,3,78,0.24847177575574664
2023-04-16,9,92,0.6870404609819104
2023-06-17,10,63,0.7496128885039128
2023-02-22,10,117,0.48823685524421256
2023-08-13,21,150,0.9230802888252555
2023-08-17,10,45,0.09282979329677998
2023-11-09,16,45,0.32837581065694055
2023-05-07,9,4,0.6705170768725466
2023-02-14,22,46,0.6956150400581155
2023-08-15,6,117,0.9568627650811266
2023-03-05,11,194,0.5681065016400231
2023-08-24,25,36,0.23275905621743442
2023-01-23,6,55,0.6234022440084601
2023-09-11,16,2,0.6097935175251346
2023-04-18,21,79,0.8208271384817706
2023-05-22,21,67,0.004522198444143588
2023-09-01,11,113,0.45972873704151185
2023-10-25,10,8,0.11481450630034917
2023-03-05,17,63,0.723257388890627
2023-08-20,6,169,0.8460154240581351
2023-08-28,20,50,0.5511230380054816
2023-12-24,15,128,0.8967796026790948
2023-02-02,2,73,0.7530611859560865
2023-09-22,17,67,0.07907783113519007
2023-01-03,8,152,0.9793159886240493
2023-09-02,8,165,0.5489672895509021
2023-02-04,22,176,0.08113372810985753
2023-06-22,12,151,0.09649031208510195
2023-10-31,20,15,0.03253930562708951
2023-04-18,9,172,0.7329240387726388
2023-03-06,1,176,0.6444351073025244
2023-01-21,4,96,0.6923504923815915
2023-12-10,3,60,0.18251428614427767
2023-08-23,23,105,0.6015049696721464
2023-12-31,2,109,0.1499213363835893
2023-04-20,21,156,0.5154199235499576
2023-02-22,11,194,0.40302176871599293
2023-10-25,18,155,0.9438532026915075
2023-06-20,13,156,0.9631139270434665
2023-09-13,16,99,0.6421419787574745
2023-09-22,3,91,0.2440385989470637
2023-06-12,23,148,0.7764107164883844
2023-10-19,22,191,0.17879517353256613
2023-11-03,3,184,0.20044232635637516
2023-10-12,3,157,0.6498320992706937
2023-03-03,7,9,0.6578875058769983
2023-05-17,24,36,0.19157842776703582
2023-11-15,5,141,0.016337998799011877
2023-07-14,4,154,0.24307026600701687
2023-05-26,5,169,0.2762302232341083
2023-06-02,7,74,0.14127466485924878
2023-12-10,7,17,0.3541546648340812
2023-09-13,25,118,0.1763483256268592
2023-07-30,6,177,0.661554558998949
2023-05-27,24,190,0.3759112012494791
2023-12-28,1,139,0.1326388876207668
2023-12-04,9,124,0.8845096795532416
2023-10-17,2,166,0.5322709092013181
2023-11-30,21,136,0.7639272960986729
2023-04-21,25,160,0.26130677640370037
2023-10-23,9,23,0.2951763166986897
2023-12-24,8,37,0.2675218857547429
2023-06-16,18,48,0.12086326436250294
2023-10-31,1,84,0.7290247183941007
2023-05-27,9,44,0.2778663508459861
2023-03-11,4,5,0.9106589488515362
2023-06-21,17,191,0.9861043770684753
2023-05-11,3,19,0.88852528961788
2023-03-15,2,165,0.23827136746869826
2023-12-28,4,150,0.2792237071531477
2023-12-19,12,185,0.30335840491669597
2023-08-31,22,99,0.12715293357581925
2023-11-28,21,140,0.4718732018895433
2023-01-04,17,92,0.17363639313166435
2023-12-25,6,8,0.6823873587451667
2023-08-08,10,29,0.6848942956563354
2023-04-20,18,140,0.4691481274840318
2023-09-15,22,93,0.5651729035431791
2023-11-18,19,1,0.6083528980849582
2023-09-15,15,170,0.2939663576220005
2023-04-22,13,109,0.24316784838225247
2023-08-28,19,33,0.40523348743380483
2023-05-22,15,105,0.5252959965048154
2023-12-26,8,45,0.008427868289522467
2023-02-02,2,84,0.9995374686037403
2023-04-19,14,163,0.8280082324150347
2023-11-09,18,100,0.06951715939735936
2023-10-04,8,71,0.7637841410619779
2023-03-03,6,94,0.10455431780443092
2023-12-25,25,151,0.25237818881506413
2023-11-25,14,39,0.5570261354987595
2023-05-13,14,140,0.37698073375215624
2023-06-19,3,189,0.8184399397935515
2023-04-28,15,57,0.5265168819950302
2023-04-22,24,141,0.3471119145958742
2023-12-03,22,153,0.6045445221005873
2023-12-27,18,77,0.5281213387211166
2023-02-18,15,129,0.6259842662062847
2023-08-13,7,45,0.8986874574524123
2023-03-16,13,90,0.7866564820741907
2023-09-09,2,84,0.36785974179805014
2023-01-10,10,149,0.39274098477603525
2023-10-03,8,49,0.21597300526903573
2023-10-06,15,141,0.6121656835190111
2023-10-21,12,86,0.11543215277688057
2023-07-02,7,17,0.24507639655644986
2023-11-24,12,64,0.019596897687494952
2023-06-10,19,75,0.36244818810010004
2023-07-19,16,200,0.7377228409730999
2023-09-17,13,6,0.7418264903313375
2023-10-25,16,48,0.3593204859264013
2023-10-18,1,35,0.48127417233427994
2023-02-17,10,136,0.6402113302885085
2023-04-15,14,72,0.8060331224151552
2023-04-19,1,88,0.38582799848132
2023-04-05,3,152,0.1617733711347219
2023-12-02,13,33,0.4216907795986512
2023-06-18,14,60,0.6724971253823899
2023-11-19,6,101,0.15384038727405835
2023-09-03,1,24,0.6467788915844794
2023-02-04,23,161,0.8927806602041182
2023-09-15,4,149,0.7933692543028374
2023-05-16,5,113,0.9568546474373464
2023-05-09,17,179,0.19529105422170867
2023-04-11,23,177,0.7358343605183879
2023-09-10,20,139,0.9799727799183916
2023-03-20,8,135,0.6960427355535209
2023-05-05,19,178,0.9016837242446543
2023-06-15,14,191,0.11732844784876417
2023-03-19,10,40,0.20502278783876127
2023-08-11,25,174,0.2080019723888935
2023-03-25,22,86,0.503334463229528
2023-12-29,21,139,0.6040492958297015
2023-03-20,2,20,0.9240384330616016
2023-10-25,18,67,0.785024279996666
2023-06-13,17,191,0.9988938140244767
2023-07-02,16,6,0.16208394396546477
2023-02-20,6,11,0.9586305703858351
2023-01-31,24,171,0.36924797667619236
2023-02-12,2,163,0.8946620571742377
2023-09-23,2,21,0.18498723008285567
2023-08-20,3,133,0.7514441926735179
2023-09-06,17,13,0.7733348020612876
2023-08-06,16,158,0.8440215285299885
2023-12-30,19,70,0.41350797222714464
2023-11-29,10,144,0.1015361930999008
2023-11-25,13,130,0.623790730318457
2023-07-03,4,72,0.8498618968582151
2023-02-15,4,160,0.20090262832719286
2023-01-25,10,86,0.17602633960540348
2023-02-25,13,157,0.5106336523538528
2023-06-13,17,106,0.39078604967219877
2023-05-22,13,57,0.2089446095392824
2023-03-14,8,73,0.6127826770335478
2023-07-28,18,18,0.6894241406320255
2023-07-17,23,9,0.0700903865529019
2023-07-08,13,44,0.686432282046038
2023-05-25,21,72,0.5265313554326753
2023-03-23,7,3,0.5361296346972515
2023-04-10,5,123,0.18402642367044075
2023-02-06,24,79,0.41768663081331014
2023-01-02,25,143,0.027571696205957563
2023-09-06,12,47,0.9730481387930352
2023-10-05,4,187,0.13081933788154831
2023-05-30,19,32,0.13356174107591934
2023-08-01,6,183,0.42138155134027977
2023-07-18,8,81,0.28877346313392416
2023-08-08,24,125,0.8217576438716782
2023-02-15,16,4,0.8535804547941654
2023-08-10,5,7,0.21871706770924115
2023-04-10,13,12,0.8333108995705422
2023-01-07,14,113,0.8452359564835841
2023-03-16,11,137,0.6196504073151422
2023-10-25,11,40,0.5026508342582634
2023-09-09,1,179,0.7232661208625986
2023-06-25,11,18,0.09512546901597752
2023-10-18,3,66,0.41119840766645244
2023-06-30,23,24,0.44801707150448067
2023-01-13,1,24,0.012816588404334861
2023-11-23,19,38,0.10244616409409746
2023-06-03,21,197,0.7678107722560774
2023-01-17,7,31,0.30376092725590476
2023-07-07,22,21,0.28999193597812145
2023-05-02,24,57,0.8882788995060084
2023-10-29,10,9,0.2979240761796662
2023-09-08,20,119,0.9187552020325431
2023-01-03,9,97,0.5939985078548499
2023-09-29,15,121,0.4110984647038073
2023-06-02,1,100,0.9308416894864604
2023-03-22,17,73,0.5787108716443456
2023-06-29,9,99,0.3028910638202372
2023-02-25,23,126,0.19190464044336686
2023-03-17,15,115,0.8723114439217702
2023-05-15,22,173,0.4234735722497214
2023-10-12,24,182,0.9936376931065883
2023-07-21,5,105,0.00603529520723145
2023-04-09,7,50,0.2963125885103026
2023-07-02,14,136,0.2693854740147582
2023-01-26,14,159,0.5377215144733178
2023-10-21,23,112,0.7052238605288781
2023-03-31,9,188,0.6193763075566417
2023-04-22,7,188,0.3750325370901312
2023-05-02,17,119,0.8355063436248238
2023-09-28,5,166,0.3120954249681661
2023-01-12,15,15,0.4479689428974851
2023-10-08,16,121,0.2944476812071203
2023-03-14,2,119,0.9759389574789753
2023-10-28,16,189,0.14416041345426234
2023-08-26,3,199,0.9360035324990582
2023-05-23,20,200,0.22424784722325652
2023-04-14,21,35,0.11757116429321046
2023-04-29,17,187,0.3274634041686836
2023-09-04,7,92,0.5175144061773427
2023-12-22,18,180,0.5319159095436936
2023-10-01,12,153,0.23214908375302756
2023-09-28,23,56,0.010493424648289729
2023-03-18,25,38,0.07054178404332634
2023-06-17,22,98,0.10363694595543493
2023-07-18,16,15,0.23068889074633958
2023-02-16,23,170,0.6500224508953786
2023-07-04,20,31,0.18309220524025105
2023-09-20,25,193,0.4742149014485637
2023-04-10,24,124,0.3233520729323833
2023-04-05,18,45,0.5087915177226616
2023-05-18,25,100,0.7186169966234845
2023-11-19,22,36,0.6964589373503814
2023-11-24,24,94,0.21998063577495164
2023-07-20,9,156,0.725015361546872
2023-12-21,15,153,0.6011334085773615
2023-01-20,25,200,0.13433802223129065
2023-06-27,21,125,0.650835354123451
2023-11-21,25,81,0.1949509979998122
2023-10-20,3,60,0.7323573225278872
2023-12-27,8,36,0.753741212192316
2023-03-16,3,47,0.15245875242290152
2023-04-28,1,165,0.8510904476202417
2023-09-12,2,90,0.8706911734603461
2023-11-28,23,2,0.39069790566857365
2023-01-31,6,23,0.5097203215516792
2023-11-19,25,35,0.06366862490056169
2023-05-20,22,166,0.36418429193186697
2023-05-05,3,111,0.8724852560553762
2023-12-20,25,86,0.5797992689782878
2023-08-25,9,169,0.1749897597877187
2023-07-10,7,181,0.5730788740760282
2023-09-12,13,156,0.7601662366323928
2023-10-01,1,43,0.2550983186391965
2023-04-15,9,70,0.4706978130519053
2023-08-07,25,81,0.8242925333919185
2023-10-07,1,113,0.09299865311883693
2023-02-24,6,106,0.6456959704621298
2023-05-18,18,150,0.4319166203910698
2023-09-11,9,163,0.8503063538555892
2023-09-08,2,61,0.4165012130180826
2023-10-22,20,70,0.6523886934947316
2023-05-03,24,191,0.7095657637037669
2023-02-28,12,84,0.8916273629451196
2023-01-04,22,99,0.3706615267284302
2023-05-31,18,10,0.8248162109701436
2023-01-09,10,91,0.3703475009415751
2023-08-27,8,28,0.9337294019207799
2023-03-26,22,81,0.5798456794976644
2023-01-28,23,39,0.47569987439713257
2023-09-03,10,196,0.4462886296229923
2023-05-29,20,40,0.8055588012767245
2023-08-06,16,81,0.46490319732880014
2023-01-08,17,192,0.9000485570310628
2023-11-15,15,3,0.5663517834892803
2023-08-28,19,85,0.9896055212782248
2023-09-17,14,143,0.8650477396823384
2023-03-25,8,128,0.11693962135687974
2023-12-05,11,126,0.3587029464723348
2023-01-20,6,196,0.6981388005452831
2023-01-08,6,130,0.21108958546843049
2023-12-11,19,119,0.636092417683984
2023-07-10,14,186,0.6384942760484377
2023-01-03,16,162,0.3853773410881154
2023-12-26,23,59,0.46087913223364363
2023-05-21,12,135,0.1468577598827081
2023-02-24,1,4,0.17650228890275588
2023-06-12,7,35,0.8791108037935872
2023-09-26,17,102,0.22070745410035997
2023-04-28,7,175,0.601767745687067
2023-08-21,7,23,0.43146896152908787
2023-12-29,23,117,0.9972214932161816
2023-03-09,25,115,0.7124398900312018
2023-03-01,6,89,0.7970395024586635
2023-01-06,10,170,0.16725652019463655
2023-03-04,13,199,0.9003896119019736
2023-01-09,17,33,0.43355351248219665
2023-06-26,7,57,0.5164053642236089
2023-01-01,25,80,0.46264651718495076
2023-03-07,18,29,0.39454884228730835
2023-11-30,16,74,0.7803713239140523
2023-11-09,25,195,0.6140086004732719
2023-04-03,6,164,0.6493450360862338
2023-05-30,7,77,0.7625093833492435
2023-10-26,11,83,0.34174728660603115
2023-01-18,11,195,0.49384260461761853
2023-06-16,8,162,0.29230414244661196
2023-01-26,15,58,0.7862994644488005
2023-07-28,9,169,0.07227881914181877
2023-11-01,25,148,0.7471406380349296
2023-09-24,21,89,0.6989876902026483
2023-11-17,3,16,0.9310626810058223
2023-04-07,15,145,0.6410830062316608
2023-09-17,3,59,0.923897464482608
2023-06-30,20,185,0.2637160100362086
2023-06-17,24,121,0.23444531484486153
2023-05-31,17,177,0.04260653815401649
2023-03-14,6,139,0.47256066356363524
2023-06-02,25,24,0.3488143675741333
2023-06-19,6,200,0.7913101046544836
2023-08-18,23,54,0.7471932749160433
2023-11-07,15,50,0.0999625905664675
2023-07-20,21,144,0.15623947166488183
2023-07-26,19,71,0.06992213471285058
2023-05-07,4,134,0.6667369390287334
2023-02-06,12,199,0.021028458762913038
2023-02-13,3,38,0.6173359794840623
2023-01-29,11,46,0.931528904777363
2023-07-13,23,110,0.8082646394019685
2023-04-20,12,75,0.9073559819783352
2023-02-06,1,10,0.522658542053148
2023-08-14,8,5,0.9537763698818779
2023-10-31,9,163,0.8651734271985804
2023-11-07,4,103,0.9848246774305286
2023-07-11,19,139,0.5225889828805131
2023-03-15,5,54,0.8399021732598613
2023-06-14,17,171,0.8902554566478664
2023-12-22,4,119,0.9226883104777541
2023-05-06,6,114,0.8539330385489248
2023-07-21,14,54,0.36122742282868414
2023-04-09,21,2,0.6350774349219332
2023-06-07,14,197,0.9236201088072857
2023-01-03,19,3,0.2967163468520899
2023-05-20,20,72,0.18023362781788144
2023-12-21,13,31,0.9883999119001146
2023-03-18,4,130,0.8094030964007248
2023-07-30,18,17,0.5487629486098646
2023-10-02,18,57,0.7035850196839494
2023-10-08,6,44,0.18482007758091068
2023-10-05,7,157,0.8632026174657838
2023-11-02,3,14,0.2876199885653925
2023-09-18,19,81,0.7029080911443651
2023-10-06,15,38,0.8528294810123552
2023-03-02,25,136,0.5898485942032056
2023-06-28,13,127,0.3076112111717222
2023-06-24,11,75,0.44278187981939277
2023-10-19,6,187,0.5641598056673174
2023-06-06,14,97,0.35261117085962124
2023-07-10,14,42,0.4004860101625529
2023-11-16,18,11,0.9336826485517283
2023-08-05,22,35,0.7358453734623343
2023-06-12,23,167,0.8711018992131822
2023-02-17,10,192,0.842919408473555
2023-04-08,2,12,0.48801317876546635
2023-07-25,20,121,0.08451916271702808
2023-09-22,23,132,0.3704651228324215
2023-05-13,7,120,0.19211611941958306
2023-07-15,6,95,0.8961870441417279
2023-03-15,8,135,0.5695885035032371
2023-05-21,16,88,0.5854713068623892
2023-05-27,14,143,0.045096795509832255
2023-06-08,20,51,0.9634748200983861
2023-02-21,25,81,0.3327543870270815
2023-06-25,12,130,0.31563981096007543
2023-09-26,19,83,0.2600057279686142
2023-10-13,15,94,0.2728176728193571
2023-07-30,23,5,0.940101105955073
2023-07-13,7,1,0.27376946065884156
2023-06-23,4,155,0.6242494173307568
2023-11-25,22,135,0.12198644759296284
2023-08-22,21,138,0.8746497670348753
2023-06-22,24,155,0.24273502919401568
2023-03-15,13,29,0.3491671705720928
2023-05-18,22,85,0.03882464112883821
2023-02-26,5,123,0.16845974613809567
2023-06-07,4,144,0.7163751334413735
2023-01-17,4,70,0.5299603649940984
2023-03-31,14,44,0.18385967913347345
2023-02-27,4,72,0.7121793814585153
2023-07-11,11,174,0.9484986715469461
2023-05-03,8,42,0.2119859984690371
2023-04-30,20,167,0.25979905614467347
2023-03-05,12,115,0.7015823980962042
2023-04-18,24,8,0.571207812127967
2023-12-05,24,134,0.108285351002266
2023-03-22,4,117,0.3764440552497167
2023-03-28,6,21,0.9656329936106216
2023-12-25,22,7,0.8361004526730018
2023-09-15,17,136,0.1492089770886712
2023-03-17,17,33,0.32973445812194313
2023-01-19,20,173,0.8212968638221075
2023-09-15,4,110,0.432403974166092
2023-05-20,19,155,0.455978793570588
2023-08-02,20,41,0.06898616412541048
2023-04-05,24,114,0.9198334532926586
2023-10-09,25,123,0.952992561307218
2023-01-26,16,75,0.6628975977022454
2023-10-03,15,82,0.6732410970507562
2023-03-18,5,122,0.7227113130542631
2023-01-26,25,79,0.5077948036854625
2023-02-25,20,44,0.27443713843354867
2023-05-10,7,22,0.8650953388723525
2023-04-18,19,91,0.5823317358665042
2023-03-24,21,53,0.7101296159925345
2023-01-19,1,175,0.07439684285146997
2023-10-24,22,132,0.6117148104004071
2023-10-29,7,172,0.42258933097728224
2023-11-10,22,153,0.9786485974373744
2023-11-27,8,65,0.6762344024482352
2023-09-04,19,15,0.13179014724250893
2023-06-18,9,176,0.5867872295894947
2023-02-04,11,105,0.8497246963612874
2023-08-25,19,185,0.9390899446146559
2023-07-12,4,95,0.852870172039584
2023-10-22,19,65,0.39967773662181116
2023-07-23,15,78,0.7259204102621516
2023-09-08,4,91,0.9335701092848288
2023-12-08,11,31,0.4406534856147024
2023-10-04,22,143,0.48377734111298165
2023-05-11,10,46,0.5252559103618128
2023-11-26,22,43,0.2698353477599784
2023-03-11,22,175,0.2974941943146139
2023-05-21,19,102,0.729336419667803
2023-11-29,25,42,0.6322183723161955
2023-09-30,7,91,0.6820236469411205
2023-03-19,22,81,0.8072564210869854
2023-10-12,10,172,0.09511871814840711
2023-05-24,8,91,0.7464860535175419
2023-11-12,14,86,0.8370379150159807
2023-02-11,11,76,0.3469065704254206
2023-05-05,9,86,0.2989284959988592
2023-06-14,13,109,0.11097653353168313
2023-10-29,1,154,0.6081421877909314
2023-02-12,14,122,0.9452530048367604
2023-10-07,20,125,0.43786027322188914
2023-03-01,17,57,0.3496845486489243
2023-09-21,16,156,0.356191578548234
2023-05-08,8,40,0.8070474288428339
2023-11-08,17,74,0.09859734888510241
2023-06-29,9,33,0.1115965459174475
2023-09-23,1,39,0.1181503044295601
2023-10-05,24,24,0.8792550480615127
2023-11-18,25,14,0.28576930832758896
2023-06-05,4,186,0.9861307293346826
2023-06-23,21,170,0.8171766650441553
2023-05-05,20,194,0.09336301557000037
2023-10-08,25,16,0.36572004716735174
2023-02-13,25,8,0.9408155512026002
2023-08-17,15,109,0.2531875022251807
2023-10-13,2,79,0.1497392508765305
2023-01-03,8,94,0.04721289744153789
2023-01-28,23,43,0.9872131463121171
2023-01-29,1,55,0.8071540085815067
2023-07-25,1,55,0.7120423679805599
2023-02-15,15,186,0.0463749877917059
2023-04-30,7,109,0.9073090431996594
2023-11-22,25,62,0.06009504917127517
2023-03-11,14,177,0.04776893893227163
2023-11-16,7,20,0.8877469501122509
2023-11-23,9,51,0.49967972749203005
2023-10-24,2,33,0.3038912693970638
2023-03-26,8,149,0.7475290031913762
2023-02-05,6,192,0.179316510404388
2023-04-30,23,184,0.4804029853978945
2023-01-05,2,155,0.8007409604119602
2023-04-19,20,112,0.03448869921503683
2023-07-31,17,112,0.16828129456374685
2023-09-22,13,105,0.20386369682396266
2023-12-12,20,194,0.9274254772698319
2023-09-20,18,172,0.10288947360815714
2023-04-15,11,197,0.4493568108050061
2023-03-23,11,168,0.040133951528808165
2023-06-04,4,76,0.90563927356175
2023-03-22,23,163,0.767712471460882
2023-04-03,13,92,0.10388688681146507
2023-01-02,12,140,0.07441825098992727
2023-11-08,12,118,0.04426947514282953
2023-03-02,21,62,0.41917197075047186
2023-10-01,6,182,0.6876139708672353
2023-12-11,16,64,0.22695614512078965
2023-06-12,6,33,0.8484685587772102
2023-10-24,5,141,0.4555803451017426
2023-12-09,21,33,0.3883929915154162
2023-09-11,15,100,0.21648437617659932
2023-10-30,23,27,0.0037122232367932106
2023-04-29,3,109,0.35469175612719317
2023-08-16,17,117,0.7334479388428463
2023-05-03,9,177,0.35875906035623806
2023-03-02,12,140,0.573830178639344
2023-06-11,3,159,0.8777417868306439
2023-05-07,1,129,0.521237796769545
2023-02-04,7,146,0.030344870596226148
2023-11-06,5,143,0.9947201470422404
2023-05-14,5,170,0.27310446020050794
2023-01-11,11,151,0.7511209806991098
2023-11-12,3,157,0.7455388528257445
2023-08-09,22,172,0.7101874092941372
2023-07-26,5,89,0.8351758026980716
2023-09-17,15,121,0.7562071242329222
2023-08-13,3,145,0.40801317334757004
2023-01-02,14,182,0.9931317700413376
2023-07-31,16,148,0.6652370971371366
2023-11-21,24,86,0.9661681742942828
2023-06-28,11,19,0.813144159980436
2023-07-21,2,37,0.6536644902279953
2023-08-20,22,34,0.3238377220559081
2023-11-08,25,173,0.5050675595935612
2023-08-24,10,145,0.5286213306570637
2023-01-19,23,7,0.36166297000573355
2023-11-13,7,173,0.8141467092736113
2023-02-19,24,74,0.9751834082715269
2023-11-09,14,63,0.9024388463014492
2023-06-17,17,33,0.5232496028028925
2023-06-12,23,18,0.2915220242030241
2023-05-17,23,175,0.7940168635539427
2023-06-28,14,126,0.6640403565410389
2023-10-10,18,92,0.811817593831508
2023-02-17,22,5,0.5177599886846639
2023-09-06,5,104,0.6238973621395488
2023-11-26,20,60,0.9013317093216823
2023-12-03,21,4,0.5314922839234268
2023-11-14,12,63,0.8950869771253168
2023-02-06,17,49,0.25329485436607935
2023-02-18,8,187,0.5369605868512026
2023-06-23,18,96,0.016388675780037554
2023-07-25,21,139,0.8265998762503496
2023-12-06,13,81,0.9308157793317395
2023-05-31,25,49,0.7540770036184246
2023-10-02,21,94,0.47484112650560006
2023-06-28,23,186,0.28933713780610804
2023-04-13,22,11,0.8596814807224582
2023-12-20,19,38,0.21672161029181258
2023-09-30,8,22,0.3197996467800074
2023-06-30,3,46,0.06022695373698228
2023-04-27,19,40,0.14086594892569237
2023-10-16,11,200,0.9596036695763676
2023-09-07,11,129,0.16011114035237428
2023-03-25,24,74,0.3634250360883874
2023-03-15,5,27,0.013028726173822891
2023-08-18,18,68,0.5445362092625801
2023-04-09,6,50,0.4829756939026906
2023-02-05,24,179,0.3678206393439908
2023-04-20,4,70,0.8897880770315423
2023-07-26,1,114,0.9368467552233148
2023-11-13,9,131,0.5724564464097615
2023-05-17,19,40,0.20522516028159798
2023-07-17,18,47,0.3669528512432426
2023-01-03,13,176,0.9811434343221415
2023-08-02,3,107,0.64518520619222
2023-04-07,12,142,0.9171710522155339
2023-11-28,16,8,0.2952031605499835
2023-05-04,17,61,0.1688114566347707
2023-11-25,20,95,0.9388040333045519
2023-01-23,18,40,0.623616615798535
2023-02-07,11,152,0.7485207175950855
2023-02-16,6,66,0.8200358956263727
2023-06-06,18,164,0.586647438534322
2023-03-06,2,144,0.927102631644009
2023-03-16,1,77,0.8510409446595502
2023-04-14,10,65,0.24324204270369887
2023-04-04,2,74,0.4212529847790172
2023-10-21,13,115,0.25932044599174564
2023-07-15,14,1,0.5454002517755645
2023-03-05,16,33,0.4030804525103464
2023-02-12,24,54,0.47840756272735807
2023-01-24,16,15,0.5562881082622789
2023-05-09,1,106,0.025242433295762035
2023-04-09,18,191,0.39694984619849205
2023-04-06,10,52,0.07627866569031383
2023-07-18,13,36,0.6510619700846293
2023-04-07,8,59,0.6936798041609126
2023-06-12,7,173,0.19160289681648168
2023-04-29,3,37,0.17102629770739874
2023-12-17,21,128,0.6540770475115771
2023-04-21,17,68,0.607383228966449
2023-03-21,5,56,0.922638631223465
2023-05-19,12,161,0.5046027512459922
2023-11-19,15,71,0.14902605408293812
2023-01-16,7,102,0.5706404392121401
2023-08-25,24,164,0.3511569633879621
2023-07-28,12,162,0.9787484953427189
2023-08-21,2,63,0.2580585058258019
2023-04-10,16,180,0.5879241536758592
2023-07-17,1,157,0.46558641467945294
2023-11-28,19,175,0.20662786650197562
2023-07-24,21,22,0.6437291544811375
2023-02-10,7,169,0.8371529087923583
2023-09-12,23,160,0.8287892254459123
2023-12-01,15,52,0.20533033666660927
2023-03-02,18,108,0.4552027931690361
2023-04-15,19,15,0.47372334478043165
2023-02-05,17,68,0.8234363901068279
2023-01-31,22,92,0.4043121528300817
2023-10-15,9,66,0.8075828044768263
2023-09-06,14,189,0.022918788097091025
2023-03-07,22,166,0.267912389793873
2023-05-27,8,133,0.026673085378496775
2023-02-03,20,198,0.9615636886674932
2023-07-05,10,184,0.05024228093260408
2023-02-20,6,114,0.5894742064112333
2023-07-30,11,74,0.07960434871481814
2023-06-10,6,100,0.019696908266594648
2023-06-12,5,52,0.7966006090275688
2023-09-09,2,111,0.4889263041878402
2023-11-16,21,174,0.4803313664925135
2023-03-26,21,141,0.4194339377016618
2023-04-05,23,188,0.3256561365184749
2023-11-17,5,161,0.22471324396418169
2023-11-10,18,42,0.582236671205539
2023-09-11,20,110,0.9023700798078543
2023-02-27,16,146,0.050538579587431465
2023-11-24,13,31,0.07140885980047562
2023-09-29,7,50,0.5053913405000998
2023-08-28,22,160,0.18358658808238648
2023-06-19,23,198,0.6306896422577932
2023-04-17,24,10,0.8396822186346439
2023-05-03,13,63,0.6688286468177777
2023-08-11,10,18,0.0642937016691355
2023-02-25,6,178,0.03913567596921086
2023-04-03,7,23,0.9673593459338643
2023-02-05,15,145,0.09308915014389763
2023-03-30,17,186,0.9146848973954741
2023-09-24,6,195,0.5142957596986061
2023-08-17,11,148,0.9666277653216423
2023-11-17,21,153,0.30681307765259946
2023-09-12,6,165,0.27469422971379087
2023-04-21,7,117,0.8682064141463124
2023-10-09,8,68,0.5474697505155076
2023-06-22,15,180,0.03475186374967454
2023-08-07,17,160,0.5138986253186606
2023-08-05,1,71,0.5705376278029234
2023-03-31,1,35,0.8183486248806447
2023-02-25,12,70,0.5579037051091476
2023-12-01,20,165,0.8817287330870229
2023-12-05,10,164,0.4264435143774622
2023-04-06,21,100,0.5690219390073038
2023-10-08,3,59,0.43901131673560156
2023-04-15,1,16,0.935592527429795
2023-12-29,2,173,0.14859204362785616
2023-04-26,19,118,0.9494541766960153
2023-03-08,19,96,0.9354276119702203
2023-07-05,11,58,0.8268584179890788
2023-09-10,14,193,0.22886558188910344
2023-02-27,25,57,0.608730233853954
2023-10-19,11,174,0.21571205128843107
2023-05-30,1,67,0.19442480046167743
2023-12-19,9,182,0.41908420961181725
2023-09-10,19,94,0.8264804484707962
2023-08-02,8,138,0.923345761623692
2023-10-25,12,68,0.7089826486905334
2023-06-02,25,9,0.23022557778831532
2023-09-13,4,133,0.7871352833884203
2023-01-16,14,147,0.6629413001063853
2023-09-22,18,184,0.6785370217585563
2023-03-27,20,35,0.05782057807123919
2023-11-26,5,110,0.2667972818355788
2023-04-07,23,92,0.9095523905558224
2023-12-17,7,4,0.5699295491355176
2023-11-12,10,31,0.9735895942220947
2023-04-23,24,134,0.13287464136001415
2023-07-14,3,200,0.4458500557195677
2023-05-15,17,67,0.33036312606342066
2023-12-13,1,196,0.7273778050208332
2023-01-18,6,94,0.8141699888586569
2023-10-02,15,119,0.50221176951576
2023-07-08,20,148,0.6745195655193592
2023-01-01,13,160,0.7345003330865668
2023-03-15,22,29,0.8806041192248023
2023-01-24,16,31,0.0025453053997713804
2023-01-19,20,158,0.9662249170186537
2023-12-06,6,48,0.6636830929423079
2023-10-21,16,82,0.39792596387377377
2023-12-31,23,18,0.29395553501389793
2023-02-05,11,8,0.6927459405226036
2023-03-06,16,152,0.293454153468404
2023-01-11,25,21,0.1575097981990944
2023-10-02,18,170,0.9725793321880255
2023-11-20,2,146,0.19646989936671488
2023-11-20,18,8,0.8429939308758515
2023-08-05,13,196,0.5558229028181123
2023-05-30,4,64,0.11130100069982274
2023-02-10,16,185,0.6219344876766363
2023-12-24,6,130,0.7014353287443927
2023-06-24,1,29,0.8278011038989009
2023-12-09,24,150,0.4038134783808943
2023-05-15,4,102,0.7054347702455934
2023-09-03,5,154,0.35395481634304393
2023-05-27,7,159,0.3818450068988375
2023-08-03,21,108,0.505794718211141
2023-05-18,8,124,0.9387490899964875
2023-02-20,12,99,0.4463324742251148
2023-11-08,6,113,0.30771953251252593
2023-09-17,7,100,0.15745406406873752
2023-05-29,24,60,0.8063447365580443
2023-10-25,2,32,0.1408425269892961
2023-01-14,15,28,0.19797133231584674
2023-06-22,21,176,0.5930298082602634
2023-06-21,25,40,0.749797678486223
2023-05-29,15,163,0.9574098549200993
2023-03-28,23,75,0.49718994890540713
2023-05-30,8,20,0.8988158399814129
2023-07-29,17,50,0.710222259448633
2023-12-12,4,199,0.16533585511359739
2023-05-04,21,81,0.5254179813753359
2023-12-29,5,61,0.5041290042790492
2023-06-08,13,135,0.13190894989954383
2023-01-05,5,181,0.6965307880081913
2023-02-03,17,45,0.3409509947209566
2023-01-17,20,107,0.7750450093538099
2023-10-13,15,71,0.5205527831370013
2023-10-27,4,170,0.3999448115856661
2023-07-21,12,35,0.3413223283315935
2023-08-21,15,147,0.22174632359253044
2023-05-31,1,145,0.7660836177764033
2023-03-22,5,114,0.9333613994413685
2023-05-15,8,189,0.12520120429161474
2023-12-30,18,149,0.03327453525221524
2023-07-04,20,109,0.37933374980639845
2023-11-11,8,16,0.2228006095490741
2023-03-11,23,89,0.030747069054693488
2023-05-16,13,182,0.8114253708779601
2023-01-18,3,19,0.8251544828476546
2023-05-14,7,12,0.10375662656084383
2023-03-07,8,20,0.4729013108704817
2023-03-26,22,80,0.634814582065555
2023-02-23,11,106,0.5084228538203428
2023-09-06,4,41,0.571986602317215
2023-01-06,24,185,0.6534103040605821
2023-01-21,20,133,0.8528741885321414
2023-11-25,24,60,0.6223377981420989
2023-07-28,23,183,0.3549312860565328
2023-11-16,4,127,0.05793879820713066
2023-01-14,22,8,0.009668443253407655
2023-01-16,15,98,0.5241442831679097
2023-07-06,16,99,0.9024521750398744
2023-11-15,16,181,0.973635316448838
2023-11-17,10,89,0.5100911954440099
2023-12-09,24,133,0.5685186687651376
2023-08-27,15,12,0.19524802526367657
2023-03-23,5,80,0.006089688377976965
2023-01-11,11,170,0.6814963196146108
2023-09-22,3,27,0.6133486047732668
2023-03-27,15,123,0.7922287289938711
2023-12-03,16,117,0.4475480848068837
2023-03-15,1,35,0.6021118668127415
2023-10-15,19,16,0.23975810417230015
2023-04-13,9,131,0.6518707276431133
2023-12-02,16,180,0.9538126394721437
2023-02-02,5,18,0.16050487663448054
2023-06-08,14,117,0.9143879052514075
2023-05-01,13,176,0.9898576835732852
2023-09-26,11,39,0.9839149324522293
2023-06-18,25,122,0.6227325195892892
2023-12-22,7,192,0.24550575460917856
2023-12-18,16,108,0.5650709541766712
2023-11-17,6,87,0.7992355682447815
2023-06-24,2,147,0.35911459208696206
2023-12-28,21,119,0.7030467997254075
2023-03-10,12,168,0.9694006532008685
2023-04-22,23,178,0.5044287455471045
2023-06-15,23,44,0.24457236417124584
2023-12-04,22,62,0.4130160351859474
2023-12-09,12,156,0.49702707379656064
2023-09-16,11,14,0.014662807521180543
2023-09-19,16,168,0.9926032103796746
2023-04-07,21,188,0.34171086392545014
2023-12-21,22,104,0.18569496558851872
2023-06-13,13,55,0.36583525919471105
2023-10-08,5,110,0.7455450306041934
2023-10-22,17,31,0.2202814635102026
2023-02-21,23,56,0.5409826295617615
2023-08-11,3,106,0.7886466468037473
2023-05-02,19,82,0.328536505452788
2023-03-04,13,137,0.25458182147235275
2023-01-01,16,91,0.4953963816082769
2023-10-21,2,160,0.8883484988566239
2023-06-24,16,3,0.3859721858765892
2023-10-20,25,106,0.9784986031814146
2023-06-30,7,13,0.7165450257056963
2023-11-20,1,146,0.3297701932137853
2023-07-27,25,126,0.42573257591400304
2023-05-16,15,146,0.32638265619022966
2023-10-26,5,50,0.6871324346910945
2023-07-25,3,114,0.5401925803426941
2023-05-19,19,96,0.07842905994400906
2023-03-22,17,3,0.33440822307083795
2023-03-13,11,102,0.13865778047195165
2023-01-26,8,24,0.015160762610245127
2023-08-25,18,189,0.9439735232764395
2023-02-18,13,16,0.9815009381392614
2023-06-30,10,30,0.2034292582127234
2023-04-07,2,51,0.005599685116643771
2023-07-15,5,135,0.4680650293741927
2023-09-24,19,175,0.9839369093346536
2023-05-22,10,19,0.27358226521913487
2023-07-30,25,196,0.9096202602481748
2023-12-13,24,59,0.22276447890139617
2023-03-29,8,130,0.6369120069719211
2023-01-17,7,183,0.05213596037792534
2023-10-18,9,66,0.26247937610716077
2023-01-31,5,93,0.8659494939006643
2023-06-23,21,20,0.197765600005827
2023-11-26,3,14,0.06150448791495022
2023-09-23,9,72,0.4312024354622336
2023-09-24,6,167,0.4330580126216731
2023-09-19,23,107,0.33613539737591647
2023-03-01,3,104,0.6996932159752433
2023-05-17,9,119,0.5782645519053408
2023-09-25,17,167,0.1097781710483775
2023-05-06,22,183,0.5893855908271375
2023-10-21,13,165,0.08631776643530731
2023-12-24,3,30,0.5784998065501392
2023-01-29,5,90,0.3080550297796172
2023-09-28,4,71,0.6114082678024207
2023-10-25,18,131,0.13907210536248038
2023-05-19,18,70,0.10214187633805716
2023-06-13,21,85,0.33013434530745955
2023-10-13,23,10,0.8647814104556334
2023-07-26,11,159,0.9726165884390566
2023-01-20,18,196,0.931721336152367
2023-06-06,21,31,0.3960891561148401
2023-09-24,7,175,0.6028274572158252
2023-12-08,16,57,0.5338513769217916
2023-09-03,3,140,0.5429797874341011
2023-02-03,16,34,0.8357404457750776
2023-04-18,11,20,0.7046156905770704
2023-09-07,5,109,0.2664517757834238
2023-07-05,16,184,0.3978195741432936
2023-06-02,11,91,0.9156547508065391
2023-05-30,24,11,0.8950976685051801
2023-11-18,21,1,0.575159201541332
2023-05-04,5,144,0.07779741128164208
2023-04-20,21,17,0.5780573077351137
2023-05-20,18,12,0.14833536690007998
2023-12-05,2,19,0.3514446932582863
2023-01-31,17,174,0.8494501825343161
2023-11-12,13,125,0.49198602753313636
2023-09-23,14,191,0.07049383639159446
2023-02-05,14,74,0.10754853331336589
2023-01-16,15,1,0.9736511154836621
2023-06-02,13,82,0.5367308239555642
2023-07-12,20,70,0.556465066029552
2023-12-09,2,190,0.4366005249906998
2023-03-18,12,40,0.7554330195878994
2023-05-28,21,59,0.8239173474911312
2023-05-18,7,115,0.8666984023456061
2023-02-21,21,186,0.3201567817523506
2023-05-18,5,41,0.7052328047118366
2023-05-20,11,42,0.6714347010216937
2023-09-15,5,43,0.7336321276542592
2023-10-20,13,159,0.6239722737181486
2023-12-28,4,168,0.934519710484821
2023-09-24,11,195,0.2012539118002128
2023-03-15,14,59,0.3580622333206288
2023-12-23,22,191,0.01373183566530567
2023-06-28,5,97,0.9050493199252585
2023-01-13,20,50,0.2253648611671143
2023-04-10,19,172,0.14791190875093563
2023-11-29,16,56,0.16711660627443803
2023-11-10,4,151,0.7821197195498271
2023-04-10,24,145,0.5318019641921681
2023-01-09,1,55,0.8328640213423681
2023-12-23,23,60,0.2667079333009742
2023-11-04,11,123,0.6032024620391213
2023-04-19,7,156,0.21083125856764218
2023-05-21,4,32,0.38968632962143224
2023-07-16,16,6,0.09277438727688803
2023-02-01,7,26,0.3501796869122019
2023-05-26,5,28,0.7401323398229445
2023-05-28,1,6,0.18344888051827657
2023-04-04,20,90,0.09864520460255399
2023-04-16,10,126,0.526085416006618
2023-12-11,5,59,0.5510916417004056
2023-06-06,25,125,0.9286997522015452
2023-12-01,7,167,0.9116143449768414
2023-12-02,4,72,0.1270451227042052
2023-12-17,5,71,0.07493201597610777
2023-02-16,19,110,0.5971120244487153
2023-08-13,14,91,0.3023766607018624
2023-06-01,17,93,0.3544255897980231
2023-06-21,13,60,0.4737104607459859
2023-04-02,4,88,0.37880645679260583
2023-05-31,15,6,0.3679017709442206
2023-11-09,22,195,0.3633608271169043
2023-11-30,2,6,0.3616947438925344
2023-07-20,14,129,0.510563357045948
2023-10-24,24,56,0.8062821333622572
2023-03-21,3,19,0.5546692078101957
2023-05-14,9,109,0.09519196078702985
2023-05-29,11,79,0.7071740707268482
2023-04-07,17,178,0.8534355709447681
2023-02-21,7,115,0.7766923446802044
2023-06-14,7,50,0.04126343917115527
2023-01-13,25,10,0.5196589546965706
2023-05-18,17,20,0.6626504148718562
2023-06-16,22,20,0.06876521038785521
2023-02-10,6,9,0.8559010206995828
2023-08-09,2,174,0.07239305404573582
2023-08-11,20,74,0.9543354915812188
2023-10-23,25,58,0.5054937429090686
2023-06-06,21,7,0.18490459876290388
2023-06-06,2,43,0.9864640856185088
2023-06-02,4,29,0.6732510854607027
2023-12-03,13,158,0.2580832015629707
2023-11-05,11,67,0.16365737866383445
2023-07-21,13,167,0.09169475258065196
2023-12-20,2,174,0.9938434653094945
2023-01-10,23,189,0.5707398606395788
2023-03-23,4,172,0.671603097399413
2023-12-17,12,61,0.8513693888345077
2023-07-18,17,108,0.14759272021684622
2023-07-12,16,124,0.6419434176424943
2023-03-24,19,52,0.4639119622323309
2023-05-17,7,169,0.9174185801136658
2023-07-24,4,24,0.3195286433966992
2023-10-20,12,104,0.7917687964152358
2023-11-10,2,111,0.07699386636828065
2023-09-20,8,28,0.14418379151944605
2023-12-31,7,43,0.02209849270962494
2023-03-18,20,137,0.29410551268018137
2023-07-02,24,40,0.15362176985728437
2023-12-22,20,94,0.9706244989075792
2023-03-14,25,89,0.2567872532000942
2023-10-23,16,106,0.32538352271650794
2023-09-06,12,120,0.45834789136282383
2023-07-31,9,179,0.1884913638952973
2023-06-23,1,36,0.25544683625570297
2023-07-20,12,150,0.018921096739719645
2023-07-24,7,197,0.8669519883471128
2023-03-10,2,27,0.9493142447941264
2023-03-11,10,93,0.03293689587148252
2023-07-23,16,90,0.5773601807793185
2023-07-08,2,9,0.2696122223586349
2023-12-14,10,200,0.10744434067318931
2023-04-22,17,140,0.7441273311271837
2023-04-08,22,93,0.26347709546937015
2023-08-20,7,1,0.7938565159297659
2023-12-23,8,166,0.16232695486533233
2023-06-02,14,171,0.8495720460438995
2023-02-06,25,172,0.13954144898113607
2023-11-24,19,34,0.2516450986622423
2023-05-12,10,74,0.8666500210745638
2023-07-20,17,131,0.7394308520925955
2023-11-29,9,190,0.97875462242401
2023-09-20,6,16,0.35154211772290833
2023-06-07,17,199,0.8925527803300433
2023-10-02,17,28,0.1843802354640699
2023-05-30,24,64,0.7765479272856447
2023-06-10,17,103,0.5615409816675685
2023-09-14,23,84,0.09646198012075335
2023-06-11,13,141,0.22919984646794533
2023-11-24,9,161,0.7515889916548661
2023-12-16,16,10,0.8095445135433368
2023-01-14,11,60,0.33327556256597
2023-10-30,22,35,0.15269514651883287
2023-10-23,23,91,0.8331986021581453
2023-09-30,9,161,0.8052815928706344
2023-06-27,7,37,0.8042948684953415
2023-01-23,18,22,0.9390133578249719
2023-11-11,17,128,0.63843819936576
2023-02-01,16,47,0.7492571481648226
2023-05-04,9,119,0.3686543214994459
2023-06-29,3,169,0.7378592770623532
2023-03-04,17,126,0.7020462127868085
2023-01-26,1,140,0.7873389078167223
2023-08-06,14,154,0.6050289611669782
2023-04-09,22,160,0.5490860505901372
2023-10-02,20,64,0.2535441616578369
2023-07-21,18,109,0.4925198459647774
2023-09-15,15,155,0.8953817642184321
2023-06-06,23,97,0.8246201782034659
2023-10-01,25,110,0.29040482166790604
2023-07-02,5,181,0.4817105028177703
2023-05-19,19,102,0.22318862379764626
2023-01-03,16,49,0.6486764439370444
2023-02-19,7,80,0.2731728965224002
2023-09-12,14,184,0.6908241955242911
2023-09-26,21,85,0.7600331835428052
2023-10-15,21,81,0.5844556737432218
2023-05-25,22,190,0.12304295878083327
2023-12-25,17,20,0.413807023201186
2023-04-11,4,54,0.6799736181167282
2023-05-21,6,7,0.1979150755721154
2023-04-01,14,124,0.4264983960383797
2023-12-25,11,172,0.9251479848075346
2023-11-10,3,114,0.029164550351449825
2023-04-04,14,22,0.1634617666364372
2023-09-07,2,174,0.2653792956100952
2023-11-13,24,84,0.2770154965128018
2023-09-15,6,92,0.09885289763568761
2023-03-04,12,193,0.5383756975988048
2023-01-04,24,43,0.2348164424394984
2023-04-01,23,54,0.6783263756689007
2023-07-27,13,56,0.23539587779347626
2023-05-29,18,165,0.6186363334673471
2023-11-13,25,33,0.7043388666004303
2023-02-08,8,8,0.8120754878687381
2023-03-13,13,155,0.5607495625257188
2023-05-04,24,16,0.7912668449395268
2023-01-19,25,63,0.1084503518276273
2023-02-09,14,87,0.6631836634825247
2023-03-06,4,16,0.3072245569847071
2023-03-11,24,93,0.0518770822366208
2023-03-23,3,104,0.3595464425478022
2023-02-27,17,72,0.7337145809737863
2023-04-25,13,122,0.6187945194427342
2023-05-26,11,126,0.3877547328903408
2023-08-17,20,24,0.2819935999172968
2023-10-20,15,44,0.022940800963748176
2023-01-28,5,133,0.9522519135225535
2023-12-02,19,162,0.44328092934229946
2023-05-26,17,188,0.4054117334692616
2023-03-13,14,83,0.6128305573947813
2023-01-15,2,91,0.9588717803580086
2023-06-26,6,183,0.12315808830082631
2023-10-19,8,39,0.8881034233382906
2023-10-25,20,127,0.40737603430021196
2023-10-31,7,13,0.6078614425230069
2023-12-29,2,98,0.8088042687319859
2023-05-03,8,47,0.7435387305160968
2023-07-01,12,106,0.7052940470042525
2023-01-29,3,84,0.49961575759810295
2023-04-21,7,134,0.3258108121086384
2023-02-08,2,137,0.8905498738760315
2023-02-27,9,155,0.9319770979290131
2023-10-20,20,47,0.998375602169809
2023-08-10,21,108,0.3801168205083155
2023-01-23,15,181,0.11594053246346603
2023-01-03,19,142,0.31953128804554853
2023-12-09,10,120,0.44034903946395154
2023-04-24,23,42,0.3134978280120445
2023-11-04,25,119,0.7924837710042146
2023-07-31,8,108,0.8825828358401289
2023-09-23,4,52,0.5278000347491851
2023-07-18,22,29,0.9410800251780956
2023-06-22,18,185,0.6022875079960467
2023-03-15,11,134,0.25781564625336373
2023-06-22,15,199,0.12607449960530415
2023-10-28,25,38,0.4086651027423355
2023-05-01,21,143,0.7806030087096865
2023-03-01,22,149,0.3935667826093563
2023-12-18,11,109,0.21838833950458247
2023-06-09,25,79,0.8087517536321155
2023-01-18,2,79,0.35287150511227205
2023-04-14,23,61,0.8332656028014648
2023-08-14,11,198,0.04364330973170294
2023-06-27,5,61,0.8513537700475149
2023-09-30,16,17,0.37872396259711716
2023-03-12,9,36,0.6814292726711733
2023-09-11,18,174,0.9834941593427191
2023-08-05,14,38,0.9227687781114163
2023-04-25,11,122,0.3417802471801048
2023-12-24,9,27,0.8099650988653724
2023-11-09,11,197,0.7287055422637896
2023-07-05,17,196,0.9824386728178494
2023-07-13,9,14,0.4848972301937985
2023-03-11,12,58,0.6198698563657673
2023-08-30,25,98,0.8612066591428414
2023-05-15,8,188,0.061930868057349264
2023-10-10,2,189,0.8608906138517722
2023-09-11,1,194,0.9908716710967599
2023-02-28,13,175,0.11569438562364609
2023-11-15,8,103,0.2579287578414641
2023-11-20,10,181,0.4556440651537451
2023-01-21,6,107,0.7518147231665642
2023-03-14,20,41,0.779746623481193
2023-04-22,8,161,0.2741409882244259
2023-07-28,19,68,0.9166126624619289
2023-01-15,9,15,0.7956714393043277
2023-01-31,20,163,0.81537664656986
2023-07-11,2,192,0.9962861554270943
2023-06-08,8,117,0.8484766362110752
2023-05-29,20,191,0.5163708805191012
2023-02-04,9,163,0.41029450396635225
2023-03-06,3,194,0.9628059162367779
2023-05-20,17,76,0.2910530733352774
2023-11-19,22,45,0.06247614702634152
2023-07-22,25,163,0.25400592217049156
2023-06-24,16,154,0.22917332610605567
2023-02-02,22,158,0.1387965231481897
2023-04-11,3,136,0.48932777671030214
2023-05-15,17,31,0.11986537145695109
2023-04-19,23,54,0.4344504496295335
2023-05-27,23,67,0.3848188685013969
2023-05-28,3,135,0.23037037094253576
2023-08-31,16,198,0.12153377792446052
2023-12-19,5,147,0.015135381814565196
2023-03-29,8,57,0.06066531146405829
2023-10-21,5,151,0.42387284813002046
2023-12-28,1,166,0.5296532958565108
2023-02-03,8,59,0.3059669979820151
2023-12-08,2,41,0.3568067359311189
2023-07-31,5,133,0.48023004055408125
2023-10-13,22,43,0.2738955231056167
2023-04-18,18,21,0.3471891631909765
2023-02-02,21,47,0.31029698759873625
2023-09-07,19,124,0.784115332308638
2023-11-07,1,184,0.67291146336034
2023-05-17,20,25,0.7563712570654184
2023-05-24,16,112,0.1073289096867589
2023-06-03,3,100,0.3063372714033513
2023-07-11,18,117,0.8561174296450034
2023-11-16,24,2,0.7033736110753063
2023-02-26,1,142,0.13939146986522144
2023-08-20,19,166,0.7852461809243829
2023-11-28,2,101,0.3351360018614352
2023-11-04,15,103,0.36253871992619935
2023-02-18,25,173,0.7941613293339574
2023-11-13,18,100,0.3609112795239594
2023-10-08,15,38,0.2550596171629257
2023-05-23,24,44,0.5513872446205184
2023-02-19,21,178,0.2947157853932324
2023-12-13,18,41,0.6077415047361588
2023-12-31,2,144,0.03825143526952168
2023-01-07,17,28,0.6367513501744099
2023-11-03,18,38,0.0524616987850407
2023-05-10,1,185,0.37045269363602673
2023-12-19,13,115,0.9339007143714624
2023-03-31,21,29,0.11911537241840575
2023-10-16,17,184,0.3997995131878408
2023-06-08,11,31,0.5665255739837332
2023-11-05,24,177,0.14785366229567964
2023-12-27,25,33,0.13090426537825173
2023-01-24,2,10,0.06864593943892938
2023-11-16,17,146,0.4505522196117099
2023-03-09,16,133,0.5616865084346334
2023-10-17,17,125,0.8911521395895591
2023-06-25,25,67,0.4840204061531178
2023-12-11,7,56,0.42938677228860234
2023-04-09,21,195,0.2592821103176295
2023-10-12,2,4,0.9840465037388896
2023-04-27,23,143,0.31334816541187926
2023-10-20,22,57,0.9312747237694544
2023-12-31,24,21,0.5341331243602908
2023-07-29,3,145,0.23674372040681346
2023-03-28,22,156,0.2126846074505927
2023-06-12,4,110,0.6859404910007812
2023-08-24,7,163,0.13780236072370433
2023-02-14,14,54,0.9778302187113308
2023-05-04,6,90,0.468435918773502
2023-04-18,3,145,0.7106033147896885
2023-12-11,16,23,0.9803462254155909
2023-08-06,4,159,0.7486825303128013
2023-04-25,18,56,0.28473110443636684
2023-01-04,15,13,0.5612268781729707
2023-06-04,18,118,0.2497948533901645
2023-09-15,15,151,0.14724672121127713
2023-02-06,16,145,0.5795741073690306
2023-10-30,6,65,0.4828026356107631
2023-12-19,8,13,0.8099229380184203
2023-10-16,16,66,0.7033522118707023
2023-04-03,16,13,0.35736944648271685
2023-06-19,6,43,0.35278778798216615
2023-12-14,21,100,0.7589885828961724
2023-03-09,15,127,0.43252741273983664
2023-12-01,21,3,0.6668941344286272
2023-04-18,23,185,0.66259505167781
2023-03-30,5,116,0.37300468505741546
2023-12-09,1,96,0.625416946865785
2023-04-07,18,50,0.0007341720025269005
2023-05-21,1,101,0.52615432829082
2023-11-12,20,14,0.1800383435488937
2023-08-08,2,85,0.198502590380371
2023-09-28,23,193,0.6889114025574622
2023-01-08,15,191,0.5140105230664657
2023-10-29,20,58,0.014906943309203502
2023-04-06,24,142,0.3769833029590527
2023-10-20,12,80,0.7779817547930281
2023-03-19,1,4,0.2025352369443607
2023-02-07,17,88,0.8586293594320791
2023-02-26,11,41,0.6140661330579024
2023-02-18,1,94,0.5725732928364542
2023-06-26,11,63,0.19634027501115792
2023-04-02,10,25,0.04769587060136926
2023-04-23,18,100,0.7199481950367659
2023-11-27,6,46,0.4877827023963399
2023-05-29,15,2,0.8750428769289502
2023-02-15,21,83,0.6121922200576462
2023-05-07,4,161,0.7130098903890274
2023-03-31,20,30,0.9385755936833425
2023-06-16,22,2,0.9334072324233755
2023-03-27,15,116,0.2651290562505252
2023-10-09,3,122,0.08592579882271323
2023-02-06,11,170,0.8659927993125734
2023-09-21,8,24,0.5967923471656505
2023-10-14,7,134,0.6900822462128198
2023-03-04,4,61,0.5098494204818647
2023-02-10,13,156,0.4009490700953141
2023-09-02,19,112,0.3537310500519113
2023-03-25,22,97,0.8254437651567355
2023-06-27,6,130,0.53268653984477
2023-01-18,18,131,0.10022883824106621
2023-05-13,18,72,0.7545067469556227
2023-04-21,12,167,0.10700873768996766
2023-07-04,3,176,0.552826853866362
2023-10-07,12,164,0.03920872887326032
2023-07-28,2,6,0.9114269345673143
2023-08-08,15,153,0.6912468579246015
2023-10-18,5,119,0.6089606740672168
2023-10-21,6,92,0.48086550529224925
2023-09-09,10,42,0.259332143770184
2023-06-24,14,69,0.29232512593720206
2023-12-18,13,189,0.5565075798017456
2023-10-09,2,183,0.7299312382835603
2023-10-27,23,178,0.5514962003569525
2023-05-07,9,22,0.6904253526060299
2023-10-26,3,129,0.08477517873811025
2023-10-23,14,170,0.3626582531098287
2023-06-21,2,147,0.1454505155685375
2023-08-20,24,187,0.840958729115049
2023-10-18,6,137,0.6016308501372941
2023-11-25,14,77,0.10029912986667344
2023-10-07,14,126,0.48866407243069343
2023-02-08,15,71,0.7380055465528534
2023-04-18,14,8,0.44929948141545406
2023-05-15,20,142,0.6995701676409449
2023-08-26,4,126,0.8542243370469593
2023-04-25,18,7,0.03755301101692854
2023-01-24,11,116,0.26630163358062864
2023-02-07,18,170,0.6817259358362604
2023-04-10,17,69,0.3823965220768335
2023-06-30,6,177,0.3809497106280467
2023-03-10,7,105,0.5210072611793702
2023-08-01,25,153,0.17244707550149807
2023-08-30,15,96,0.6254177417692829
2023-05-26,4,142,0.32484885105954797
2023-07-17,1,192,0.06943761255292746
2023-07-26,22,181,0.6305735146077955
2023-02-07,23,127,0.7115393109388582
2023-01-24,18,70,0.9350758482573782
2023-06-01,17,72,0.47996695270995315
2023-05-04,24,155,0.20964054956604594
2023-06-22,21,22,0.5733328092292276
2023-12-02,14,92,0.7754103146567333
2023-08-13,22,171,0.10431362238784425
2023-08-09,6,54,0.953496059206627
2023-10-21,23,106,0.09310633084049191
2023-03-31,22,117,0.09759359612961793
2023-06-13,1,24,0.7119392821969631
2023-06-04,5,3,0.932067557012636
2023-06-17,9,151,0.01733533654057673
2023-07-22,6,194,0.9017951159690291
2023-12-08,11,26,0.8185327267866926
2023-05-05,3,57,0.6764428043657493
2023-09-15,12,84,0.22233967301692348
2023-12-01,8,106,0.17206696821412615
2023-04-03,17,72,0.5351970823220731
2023-08-01,17,42,0.39362063840828854
2023-01-10,16,111,0.27925131439397943
2023-12-17,13,77,0.21793969081550424
2023-10-02,3,195,0.14787808003267022
2023-05-30,14,15,0.16401109741898523
2023-10-29,3,184,0.5895222010746491
2023-11-04,4,193,0.05450752330541897
2023-06-29,8,41,0.5047480436075348
2023-07-27,25,178,0.6574789509674874
2023-09-09,16,42,0.8825142808398779
2023-01-15,6,96,0.42585186283242094
2023-04-25,1,21,0.9698561120179565
2023-08-13,3,83,0.9474027399970743
2023-05-04,21,106,0.2652770189447121
2023-01-03,20,187,0.19861146096922944
2023-01-01,1,111,0.050052638103461056
2023-06-12,22,134,0.8736047310723281
2023-10-19,6,22,0.8504050862387925
2023-03-11,14,38,0.36086523801133175
2023-06-12,1,74,0.8318589348120816
2023-11-21,18,73,0.2538599859516807
2023-06-02,2,58,0.25179203774086834
2023-08-25,19,84,0.2958707529498975
2023-01-14,1,123,0.12105695572231401
2023-08-30,6,187,0.02997382795731207
2023-03-05,22,116,0.8456752087572724
2023-09-03,17,42,0.35176295951673886
2023-11-20,14,94,0.621754721458013
2023-10-30,1,173,0.6794296722048794
2023-04-21,22,119,0.7587990048742159
2023-07-12,3,8,0.6850027526493906
2023-11-09,19,197,0.8436390532713697
2023-01-11,21,57,0.8478357063553127
2023-01-26,10,98,0.4761046101227512
2023-03-25,13,50,0.7957544809711008
2023-06-17,8,82,0.04524119265181936
2023-05-17,12,95,0.6117299938977677
2023-06-12,8,102,0.8460761596877389
2023-04-21,8,62,0.22626085736990564
2023-10-06,3,75,0.6335760024095296
2023-04-03,12,103,0.4428538941908359
2023-12-21,1,56,0.3388391463206859
2023-08-21,9,158,0.8348043508797692
2023-09-29,3,53,0.2634403129426337
2023-04-05,1,69,0.4298818096369649
2023-02-04,23,45,0.8440939167930542
2023-05-14,23,165,0.38309264628501194
2023-01-01,5,54,0.517648763688753
2023-07-25,17,78,0.9374649677177741
2023-10-03,13,180,0.3898859554832389
2023-09-12,20,76,0.5464315138673024
2023-06-17,11,65,0.06816157491945019
2023-05-11,19,73,0.44834341101909425
2023-04-30,9,157,0.5889751474552106
2023-11-04,1,122,0.08673105565971362
2023-04-27,13,72,0.6656995411365724
2023-12-13,19,38,0.23089112283890834
2023-08-22,11,104,0.5704002285998692
2023-08-17,7,193,0.07766135156302434
2023-02-26,4,90,0.7913769515358687
2023-05-03,20,72,0.28447405602437237
2023-04-08,9,21,0.34278085455475105
2023-03-16,1,183,0.407071941277793
2023-10-07,5,16,0.15889523709757825
2023-11-29,13,76,0.7031335230483066
2023-05-19,22,124,0.845760672298602
2023-11-27,4,196,0.41586071584330486
2023-07-16,22,161,0.23799368568303148
2023-05-29,25,40,0.586619407805311
2023-01-13,20,157,0.6588155412845897
2023-06-30,25,161,0.009670287805871647
2023-02-15,24,117,0.9472630000593086
2023-09-24,17,160,0.3893267972144976
2023-11-17,8,74,0.363547006293339
2023-12-19,14,37,0.12810221622989215
2023-03-23,4,184,0.49363258695710743
2023-08-10,11,110,0.5602019511306805
2023-11-15,8,88,0.1701940648357364
2023-09-25,25,119,0.9051710004593525
2023-07-05,13,186,0.30506938587377563
2023-09-07,10,195,0.5848965958918908
2023-07-25,24,49,0.5374252094839843
2023-01-07,5,78,0.34809956065994363
2023-11-05,14,97,0.17512316272819706
2023-10-24,25,33,0.807196344593677
2023-11-14,11,170,0.5998709909074694
2023-07-04,6,76,0.3538578180079748
2023-06-15,20,169,0.895859827060339
2023-04-16,7,153,0.5723620629726883
2023-01-17,24,114,0.6549741682218329
2023-05-17,21,138,0.40445170435609756
2023-04-10,14,194,0.603168604455808
2023-06-17,25,20,0.6121346121107878
2023-08-03,24,33,0.8238593753457264
2023-05-29,3,150,0.7060338952045145
2023-05-17,2,60,0.16561809641731684
2023-11-04,22,118,0.7337983258827776
2023-03-29,1,195,0.4753705393734664
2023-04-16,4,200,0.24651266568679475
2023-04-28,10,50,0.6819484485231488
2023-05-18,25,157,0.4196470584708324
2023-02-23,4,101,0.7852678239716795
2023-05-30,14,190,0.389344231413
2023-06-22,8,185,0.6194131090913079
2023-12-19,23,37,0.9062726217708378
2023-10-08,6,125,0.8373456263223785
2023-12-04,24,137,0.9876934225310072
2023-05-28,4,191,0.774221999239748
2023-07-02,19,158,0.6503306761589953
2023-12-05,7,44,0.861158563605957
2023-03-22,15,174,0.43253026779978576
2023-10-22,4,90,0.5094855074863833
2023-02-05,14,182,0.5577629264769313
2023-12-08,1,159,0.2062154279543884
2023-12-11,7,65,0.8722757084570566
2023-04-11,3,64,0.7217878416818712
2023-08-31,2,144,0.6898980672098519
2023-06-10,15,83,0.040787610999431845
2023-12-10,8,98,0.4773419442324105
2023-12-26,11,32,0.21474957145289386
2023-09-30,5,43,0.913342193297977
2023-02-08,18,88,0.6419680544686172
2023-03-08,24,101,0.44834998392526915
2023-06-12,6,56,0.5525107509200652
2023-10-05,24,190,0.3824965846488416
2023-06-27,20,157,0.7295484424875961
2023-08-22,24,190,0.9910820463762825
2023-11-15,4,174,0.23428582923200902
2023-09-30,11,103,0.42068052225163477
2023-08-06,4,136,0.799966259703968
2023-10-22,9,59,0.9424003836530092
2023-08-16,6,42,0.40090035520277245
2023-02-22,2,38,0.1402341914502251
2023-07-01,10,157,0.3368463617016818
2023-11-15,15,70,0.8817001976929604
2023-02-01,21,123,0.46005517584028677
2023-02-03,4,31,0.36447737672177094
2023-09-25,10,169,0.13796994060411538
2023-07-13,22,167,0.947480952682368
2023-02-17,14,190,0.2959706969703355
2023-10-03,25,178,0.6004923649831555
2023-05-07,14,151,0.11759846665089013
2023-12-26,20,8,0.7875266747342988
2023-08-01,14,103,0.5334317390502551
2023-10-31,18,88,0.5666490824753297
2023-09-13,16,18,0.02497028445877214
2023-02-05,22,83,0.18485802522004557
2023-09-28,1,46,0.8000901092164646
2023-05-06,5,53,0.46888268557024926
2023-06-14,3,175,0.5848222768916799
2023-10-06,13,119,0.8910237774118543
2023-10-18,12,143,0.6973856329204584
2023-07-22,17,188,0.6574541618481079
2023-02-21,23,9,0.12081408972453456
2023-06-26,19,106,0.4256513382802768
2023-07-13,14,88,0.11665555686207019
2023-12-20,25,12,0.1862199813005796
2023-07-02,15,36,0.7489747763153493
2023-11-10,20,30,0.5271169408739033
2023-08-22,16,138,0.692392880891762
2023-04-25,3,118,0.025555654995795374
2023-08-05,6,123,0.967650467466675
2023-07-24,13,87,0.6384211035551463
2023-03-01,13,23,0.6633689917665567
2023-04-12,21,25,0.5512412039825565
2023-10-05,6,167,0.21071876165964143
2023-09-03,13,153,0.24763687378778343
2023-10-15,3,127,0.08166831315309686
2023-08-27,18,67,0.9953876656202589
2023-01-27,21,63,0.8461659898948516
2023-01-12,14,9,0.45041786747373114
2023-04-21,8,43,0.1694165207346251
2023-07-03,13,82,0.28720393169446645
2023-06-20,8,129,0.8180644510584351
2023-05-22,16,67,0.7718499012504594
2023-12-24,8,164,0.16567061342310707
2023-02-03,16,61,0.8002658962285681
2023-09-10,22,35,0.8139799895866499
2023-07-11,17,162,0.7631705679557431
2023-06-07,3,72,0.8147963569372443
2023-12-26,24,159,0.2155788518413918
2023-02-07,11,133,0.4654716128584112
2023-09-08,8,96,0.9686295474425087
2023-12-09,21,181,0.02058633893578643
2023-07-14,17,61,0.15460573937677347
2023-06-06,22,23,0.9399038878654372
2023-07-12,12,49,0.7766268701445257
2023-01-24,3,31,0.23039418865963646
2023-06-17,21,47,0.3468862404370927
2023-10-11,12,85,0.3445878168824722
2023-07-04,10,91,0.48029484389624777
2023-04-21,18,53,0.9757713571156316
2023-08-05,5,35,0.8419116734885994
2023-04-24,10,84,0.8758000217963626
2023-05-21,4,50,0.8822048643826663
2023-06-27,8,11,0.37254607825996655
2023-11-25,14,52,0.08307728102329648
2023-03-25,19,165,0.36717122999644236
2023-03-07,13,161,0.6810253391811313
2023-11-17,15,28,0.10799859247717092
2023-08-14,4,132,0.3647148931378529
2023-08-01,3,189,0.600138695609383
2023-09-01,8,189,0.8130328881687544
2023-02-07,12,145,0.86421456181367
2023-05-03,23,22,0.6489291757839567
2023-08-14,18,196,0.052903872202589186
2023-06-11,17,58,0.20560206743166765
2023-10-11,23,142,0.491573935850535
2023-03-17,5,92,0.6915096393810394
2023-10-31,4,153,0.2992874044412902
2023-07-04,15,37,0.043427837242876355
2023-04-13,21,173,0.9115795412494736
2023-05-25,7,167,0.8097540724069736
2023-12-13,18,18,0.27019914377628795
2023-01-21,23,50,0.5481450082299967
2023-12-13,14,159,0.5874836019359512
2023-06-12,22,23,0.29369114715292544
2023-02-11,3,127,0.6218814782206834
2023-10-20,18,8,0.23492210982097406
2023-04-06,1,96,0.12109094174927282
2023-09-30,19,144,0.9403787408395529
2023-12-14,7,86,0.16520046694200707
2023-12-03,13,141,0.7691912989676917
2023-04-26,1,141,0.4537081233647494
2023-04-23,20,9,0.9649993506723207
2023-08-09,5,167,0.2273763646322119
2023-03-27,22,89,0.5504730339931899
2023-09-08,17,54,0.00084242347362673
2023-01-03,24,197,0.41402097549947714
2023-08-09,1,192,0.15102088836239802
2023-08-10,2,185,0.8197598916674358
2023-10-19,7,134,0.9875148387961715
2023-09-30,23,98,0.8274081320323845
2023-06-13,18,160,0.3701439719084789
2023-05-27,12,94,0.18585704577915396
2023-02-25,10,80,0.8606260908657449
2023-09-14,10,160,0.7755225330689253
2023-01-26,11,164,0.6547007863475166
2023-06-20,12,35,0.09263858546260217
2023-03-17,13,3,0.07081782888133825
2023-12-05,2,63,0.6168139854642232
2023-10-23,16,175,0.3833679192555408
2023-11-11,11,49,0.08128176337470117
2023-09-10,25,132,0.9707184293198102
2023-06-04,3,183,0.4510312038523546
2023-08-10,14,128,0.4606606455916551
2023-01-16,21,181,0.2878293701558109
2023-10-04,23,180,0.9308223918721292
2023-06-09,1,179,0.90784480595695
2023-04-14,2,118,0.948132033632763
2023-12-26,14,75,0.4612675133342883
2023-02-21,5,149,0.28960125956887117
2023-06-05,15,47,0.5864527079892792
2023-03-08,8,43,0.576093097513413
2023-08-16,21,40,0.17288749541083448
2023-04-09,9,11,0.9738080319975981
2023-10-18,4,45,0.653788687128708
2023-06-13,5,196,0.28923765842178994
2023-09-15,2,158,0.8506101300978736
2023-10-11,12,185,0.5794689723290409
2023-02-20,12,179,0.3575400547215295
2023-10-09,8,164,0.5724230875314422
2023-08-19,11,170,0.24443590514403668
2023-09-24,10,141,0.7096962914552088
2023-09-06,2,80,0.4925031161302157
2023-08-08,17,141,0.8912249478168448
2023-03-17,2,86,0.19367407174523588
2023-07-03,25,148,0.46624388604788425
2023-08-05,16,134,0.2876695949686521
2023-01-31,2,170,0.4284414563155199
2023-02-07,14,200,0.5331600858658102
2023-06-26,20,19,0.7433684642818885
2023-10-25,11,150,0.35736841828341326
2023-02-19,13,5,0.653575489532859
2023-08-13,17,5,0.8269979390305271
2023-03-30,15,105,0.12148303964066787
2023-05-12,8,34,0.539562918854661
2023-04-10,8,116,0.9411142485639187
2023-10-16,21,30,0.6964981869607496
2023-02-09,2,4,0.7685989013471958
2023-01-14,4,75,0.9170398432259076
2023-09-10,12,190,0.34122560479523445
2023-10-30,3,170,0.8164173014669367
2023-01-29,5,50,0.3016316856548794
2023-03-23,14,63,0.032402077124719986
2023-08-17,6,100,0.8719170643196787
2023-12-21,19,145,0.21510664543724944
2023-06-22,15,193,0.2083522690877052
2023-07-16,23,142,0.8152077403224414
2023-07-24,20,135,0.4621847810612103
2023-01-08,25,134,0.256301364186478
2023-02-23,10,13,0.7632869550212134
2023-06-27,4,35,0.8958308027878813
2023-11-20,25,134,0.1094340177775589
2023-02-05,14,143,0.7016391368662305
2023-05-19,21,95,0.7804743041010599
2023-01-24,15,194,0.351988677521475
2023-11-20,13,174,0.5594649549157084
2023-05-19,3,146,0.6946438660576947
2023-07-30,25,89,0.6840062500287954
2023-10-20,8,100,0.34737697121022615
2023-03-11,10,149,0.8192722872551401
2023-03-26,16,107,0.24306517273586847
2023-10-15,6,182,0.6870824788220204
2023-10-02,15,101,0.6805118814387879
2023-08-09,10,85,0.6983352482736243
2023-03-18,21,78,0.8719763285466888
2023-07-09,21,165,0.4399277074728194
2023-02-17,10,31,0.9296097693248132
2023-01-02,19,95,0.689487343903514
2023-10-04,7,106,0.9057538139540203
2023-01-09,3,83,0.9864300437525421
2023-01-09,13,181,0.12152624055389483
2023-06-08,24,94,0.8915072429414596
2023-02-11,22,120,0.21033919927372002
2023-05-09,12,130,0.7685223752433958
2023-01-10,21,5,0.20333293412313047
2023-10-19,6,121,0.13385066465052764
2023-03-04,20,121,0.40256815495873755
2023-05-29,18,69,0.8028028213797284
2023-01-15,2,196,0.9162914591169989
2023-02-17,3,168,0.8911916182209757
2023-07-01,11,105,0.22745587218341234
2023-09-22,17,10,0.9836467242934621
2023-08-02,20,70,0.38011855860524835
2023-11-17,19,35,0.5635451678469395
2023-06-09,10,174,0.47573738542076494
2023-04-22,15,41,0.9942935928009247
2023-09-28,18,88,0.9147084092061113
2023-12-12,9,199,0.9734585091571488
2023-09-21,22,195,0.6128022455884701
2023-08-07,2,67,0.15357831928374333
2023-07-30,22,175,0.25807267898957886
2023-03-31,15,69,0.5821177460960673
2023-12-02,6,131,0.6929229660831665
2023-09-24,17,74,0.7302585507020067
2023-12-23,22,186,0.8447868319262172
2023-06-23,8,102,0.5946693244378527
2023-12-11,5,191,0.8944379778424631
2023-10-15,23,139,0.19307525189710928
2023-03-20,2,61,0.12288038796888645
2023-02-24,18,129,0.7902181738791405
2023-02-13,15,53,0.2786648866670447
2023-05-12,4,18,0.963739488005003
2023-04-29,1,197,0.7251144536348569
2023-04-10,5,58,0.5583423580076528
2023-03-01,7,164,0.6282568047764645
2023-10-19,13,161,0.0346347887398214
2023-07-26,14,168,0.6786386264068551
2023-09-26,12,96,0.9308014092575855
2023-08-19,16,140,0.22857809443430854
2023-09-25,23,57,0.8766902017229237
2023-01-03,17,23,0.29386714812791104
2023-02-18,12,19,0.8080972263316951
2023-09-06,10,12,0.24116970411208205
2023-10-01,14,145,0.41936888093615465
2023-01-17,17,143,0.5335443548860815
2023-11-17,21,162,0.5549211148403312
2023-06-18,18,36,0.9937687660802456
2023-03-10,5,128,0.7466875416971159
2023-07-17,14,127,0.6190553218561557
2023-10-29,24,148,0.2065075671022688
2023-03-14,4,154,0.0076257620909093715
2023-08-27,8,132,0.2059826103648188
2023-08-29,22,122,0.017381751806511136
2023-12-27,14,24,0.610643190135284
2023-11-13,14,143,0.5715712887330591
2023-09-28,6,177,0.9317960656488401
2023-07-17,20,147,0.7461535435718284
2023-03-16,7,133,0.6091106175775738
2023-08-22,3,8,0.013670077760288057
2023-11-21,4,27,0.26981621283960044
2023-05-18,10,58,0.338870419014893
2023-03-17,6,111,0.9609601034245714
2023-08-31,20,166,0.4458407413748633
2023-02-10,12,119,0.3653672381354319
2023-01-05,18,106,0.004509604087716612
2023-03-13,2,164,0.5896864494478885
2023-06-30,12,36,0.6575921556973424
2023-02-07,5,79,0.2055140073471624
2023-07-22,21,141,0.09288078500648866
2023-09-06,22,88,0.1825701933326246
2023-01-23,12,34,0.3449491743066325
2023-01-01,2,6,0.5313839913602837
2023-06-26,24,197,0.7240077161671529
2023-01-10,8,113,0.877007671419719
2023-02-09,25,92,0.43327986909108873
2023-08-19,3,184,0.6442936141738232
2023-10-28,23,41,0.5420526483936341
2023-07-30,11,171,0.025232134111487614
2023-05-21,22,16,0.880937231832257
2023-12-18,16,156,0.41511915714716885
2023-08-10,13,11,0.2048040279188975
2023-08-16,12,68,0.3945199271825254
2023-03-04,19,159,0.5354115961988675
2023-03-05,2,177,0.31283453670622685
2023-01-10,6,89,0.9046104481819324
2023-02-09,3,71,0.8254967234134983
2023-04-15,14,68,0.005000050084923657
2023-03-14,18,168,0.7725347966190418
2023-09-21,22,125,0.1652573279026759
2023-11-08,6,39,0.5801589946097936
2023-06-24,14,86,0.24734445731535404
2023-02-04,8,171,0.7724784658360173
2023-08-10,21,165,0.15394424524313177
2023-12-20,4,196,0.07974577145791573
2023-01-28,9,181,0.9976386408613956
2023-12-11,20,31,0.017982164226636232
2023-01-13,15,185,0.4287615349964128
2023-05-17,18,125,0.5524854575851331
2023-06-23,14,62,0.02523585129048722
2023-03-02,13,31,0.3924808220808248
2023-03-19,8,54,0.47965552544203716
2023-06-20,1,163,0.9222313167927593
2023-03-15,25,102,0.5180274210104995
2023-05-26,8,142,0.18280398158135802
2023-07-05,2,128,0.9370672996434265
2023-07-28,18,93,0.4529615284327818
2023-04-10,24,197,0.9776595571995106
2023-11-23,7,124,0.5255835943212959
2023-07-07,17,190,0.4365711911817308
2023-03-02,18,177,0.4986309282094109
2023-02-21,8,142,0.9227531999241394
2023-09-11,21,29,0.1923492257540611
2023-07-27,22,79,0.007703872701623871
2023-07-22,11,31,0.9873871379301418
2023-11-22,3,16,0.6576195940210416
2023-01-21,11,100,0.22939751883502324
2023-06-11,17,39,0.8512650286941541
2023-04-21,14,17,0.09379744696353942
2023-08-24,12,150,0.23686721688270884
2023-03-01,13,23,0.05475741047879601
2023-06-10,20,16,0.07761750154341185
2023-10-08,13,66,0.8646947371152732
2023-08-26,11,23,0.4380133898174561
2023-03-26,13,102,0.09406235460864831
2023-12-13,17,120,0.22170574144627797
2023-08-25,15,115,0.21339135282511856
2023-04-13,12,135,0.6038125813354079
2023-04-13,14,128,0.37402243449871087
2023-02-16,1,22,0.6669126763356429
2023-01-22,7,137,0.4314696348344442
2023-10-13,3,63,0.6770712274994931
2023-06-10,11,144,0.25206424437564934
2023-09-03,3,43,0.4329058470839726
2023-08-30,4,198,0.9403539811506075
2023-03-21,24,118,0.29997919122873706
2023-08-15,19,150,0.6977162991801865
2023-10-05,23,76,0.5682194779028098
2023-05-01,11,183,0.13700288096945046
2023-09-21,11,91,0.5470703675635509
2023-09-20,8,168,0.5127483960761599
2023-07-29,13,134,0.1170583419750213
2023-11-22,14,33,0.20305748322378325
2023-05-29,20,178,0.20272817902984508
2023-03-19,24,35,0.1982239533882123
2023-08-31,2,36,0.9108408946710296
2023-04-25,5,35,0.5429841469247919
2023-02-23,19,49,0.9089940584121449
2023-08-24,17,107,0.9877105292741606
2023-08-15,2,123,0.4719298328358612
2023-05-10,6,78,0.4875640734435489
2023-09-01,12,130,0.28099271144623394
2023-03-19,24,176,0.7874503014246169
2023-09-09,15,94,0.7870104703056998
2023-05-13,16,146,0.8964735017666585
2023-02-03,2,125,0.22547835001486927
2023-06-25,25,160,0.005787614497184013
2023-03-03,13,197,0.6207661747529756
2023-05-05,3,139,0.8695686307546263
2023-03-08,21,23,0.2035352061348913
2023-03-07,4,13,0.1489127218984878
2023-03-13,13,75,0.4823219438361951
2023-07-06,8,49,0.34988152557849317
2023-03-20,22,130,0.34780770046634635
2023-04-30,13,181,0.475185416459867
2023-09-21,5,157,0.009746019749992008
2023-05-15,7,74,0.03469576638332117
2023-09-04,25,123,0.9978207624830562
2023-04-15,14,92,0.3186143436115869
2023-05-30,21,177,0.2417650620909093
2023-07-29,11,19,0.022309504851045547
2023-08-20,19,47,0.3608793510485926
2023-04-22,20,36,0.5421243750161933
2023-03-01,20,20,0.9327117984400205
2023-02-25,6,50,0.6841466809889187
2023-09-02,15,168,0.49570567187444514
2023-09-21,15,159,0.9308897751667785
2023-05-04,9,89,0.5172074571679565
2023-03-02,4,50,0.6125506292722451
2023-09-11,10,139,0.4846046557706516
2023-07-10,14,31,0.3345674080853125
2023-09-19,1,189,0.5317146627227113
2023-07-28,22,57,0.04372489577635208
2023-07-07,3,73,0.22478541945858277
2023-07-03,25,9,0.08398781180591874
2023-10-17,4,167,0.8983655895141123
2023-09-11,11,177,0.536336217770728
2023-09-05,2,92,0.8622674353918343
2023-10-21,21,70,0.14812572685801062
2023-12-23,10,129,0.01810585393846076
2023-03-21,3,184,0.15608141394198072
2023-12-09,14,181,0.48398091637325846
2023-04-05,16,185,0.7416374309214223
2023-01-01,20,44,0.1888537298444979
2023-04-21,16,21,0.25460486418790107
2023-08-16,10,159,0.9707560490197064
2023-09-10,22,45,0.46081946850083777
2023-02-09,25,145,0.07299213476216104
2023-04-12,7,27,0.775140702416411
2023-05-20,23,140,0.19560603345308836
2023-03-21,12,86,0.6658162093707327
2023-12-12,22,184,0.9074409988341253
2023-12-11,23,175,0.38988383574101004
2023-12-09,15,82,0.8805988757384761
2023-03-21,23,90,0.6018551214587435
2023-10-20,22,145,0.6559756835631121
2023-01-09,21,66,0.1353159381241701
2023-09-04,8,92,0.6502333934384364
2023-07-19,10,196,0.8532172783938669
2023-10-27,13,104,0.8319100892050241
2023-01-15,15,31,0.4159326866694433
2023-12-06,16,159,0.3497072636877384
2023-02-20,25,9,0.21789292174290487
2023-05-29,17,3,0.9982413598946158
2023-06-18,19,40,0.9179785897769103
2023-08-26,4,60,0.5169852751003076
2023-04-02,24,159,0.7743244315308253
2023-08-17,16,190,0.21423280006034984
2023-09-23,21,32,0.00392229929038479
2023-05-06,18,151,0.15397425679611854
2023-10-02,10,41,0.4845095227341486
2023-12-23,19,16,0.8575820146799367
2023-07-24,25,119,0.12995034217563117
2023-04-27,4,129,0.30561945746519503
2023-11-07,7,53,0.8755596520898954
2023-02-22,20,22,0.6620978425867589
2023-05-16,23,97,0.90241418821389
2023-10-12,9,14,0.06950038661947089
2023-10-12,22,91,0.40792636966840123
2023-11-12,10,5,0.8439306228488154
2023-11-06,7,46,0.23942376253698472
2023-03-09,2,80,0.7622995261399279
2023-10-24,22,74,0.9587353743501408
2023-05-01,21,168,0.4686946736306128
2023-04-18,4,182,0.021102043519440006
2023-06-21,25,157,0.7359226463209669
2023-10-29,23,63,0.17907536603579444
2023-01-28,13,176,0.7261907343428307
2023-07-31,20,36,0.22551644188218212
2023-09-01,23,158,0.4670730115484999
2023-05-18,22,35,0.3411824632963375
2023-11-18,7,118,0.7887167718877144
2023-06-17,12,145,0.3831600694490529
2023-08-26,1,37,0.9006255828797228
2023-05-22,23,94,0.7085779145885754
2023-04-18,12,170,0.898719696010818
2023-12-13,15,153,0.19383600162089165
2023-02-17,8,2,0.305765701680518
2023-06-19,12,162,0.7238101126304171
2023-08-30,5,164,0.5830182041361818
2023-04-07,24,69,0.13120837158276166
2023-02-28,6,140,0.11814683005695925
2023-01-06,4,22,0.8276370496500801
2023-01-17,12,157,0.7027118646284183
2023-06-04,8,172,0.29742445651073524
2023-10-01,10,9,0.3005851137041534
2023-09-23,1,17,0.9386067796228905
2023-06-10,24,37,0.5524579190521903
2023-02-21,18,192,0.40069868347523363
2023-09-11,24,51,0.3421606234401535
2023-05-01,14,158,0.5873973480854465
2023-07-06,8,183,0.32779251420366706
2023-07-08,23,83,0.2672417203292615
2023-06-08,7,65,0.48709706057971724
2023-10-29,21,77,0.9917192729668943
2023-01-23,21,78,0.022446916133630035
2023-01-29,15,123,0.5502939341669708
2023-05-16,12,166,0.44977888590856874
2023-10-01,6,37,0.5155402104328961
2023-12-28,24,146,0.018237789475034516
2023-03-28,19,74,0.6142592258033062
2023-02-28,14,164,0.19542633642478646
2023-02-14,2,118,0.5339970694571562
2023-12-24,18,101,0.7803895696396678
2023-12-22,19,11,0.9966836883471847
2023-04-17,15,30,0.39057721966959447
2023-11-01,5,110,0.08608697823999467
2023-02-13,24,41,0.9177334537741004
2023-01-25,13,166,0.8030485022738487
2023-11-30,4,200,0.9940326285220328
2023-01-16,16,153,0.8748416568577382
2023-10-12,16,198,0.964421690583548
2023-10-04,3,113,0.41903344573410206
2023-11-18,4,124,0.2108478062206407
2023-08-27,3,51,0.2401770512029281
2023-03-09,20,4,0.005412512769094713
2023-07-17,17,80,0.1550224374236513
2023-07-03,1,108,0.9751968098908348
2023-06-12,23,3,0.07941257177094252
2023-04-15,1,88,0.5813585220482579
2023-05-03,3,124,0.14660382156769103
2023-08-10,18,52,0.4482208521407537
2023-09-23,16,165,0.39159125594879474
2023-05-24,16,38,0.5782761952371323
2023-04-26,20,60,0.9466781250615334
2023-03-29,23,149,0.07426967478692836
2023-01-15,3,30,0.09157995213176362
2023-04-06,13,9,0.5623239248425417
2023-03-01,9,46,0.2546739232428349
2023-11-21,23,72,0.703881543211354
2023-12-03,22,138,0.26452914353859003
2023-06-30,18,47,0.3503649690773605
2023-04-30,6,154,0.3120898662904136
2023-02-11,5,23,0.8854380027563997
2023-10-27,4,178,0.734642276158488
2023-03-16,25,79,0.193604824942599
2023-07-19,6,146,0.8091792583759866
2023-03-06,3,15,0.08283553624349405
2023-05-08,7,115,0.9776137424973728
2023-04-29,25,119,0.5060486407296145
2023-11-27,9,192,0.955342290600719
2023-10-21,21,54,0.07056082341716041
2023-08-09,8,23,0.40807636209639286
2023-10-15,4,118,0.051299150412885686
2023-12-04,8,72,0.19963592188413182
2023-10-27,2,104,0.6337370875045916
2023-07-15,13,3,0.8413164408985511
2023-10-15,15,153,0.45709797365014493
2023-08-06,23,128,0.4282146336285122
2023-07-27,22,182,0.4575289392137709
2023-01-10,10,141,0.6764066908199174
2023-02-08,6,52,0.15278539262745605
2023-04-03,23,123,0.6614308120080474
2023-09-27,19,2,0.9024243593673762
2023-11-17,20,105,0.5123795882519092
2023-02-27,4,168,0.9322424426498602
2023-11-28,19,59,0.34199234391186584
2023-08-01,24,140,0.05636630125079167
2023-04-30,19,139,0.8707220698064677
2023-06-19,7,70,0.8306203021992399
2023-03-25,14,79,0.507573270789711
2023-11-19,9,149,0.5805306791230325
2023-12-15,17,148,0.3421744180183188
2023-08-16,24,109,0.11151987666303098
2023-05-27,25,112,0.18127484453371656
2023-10-18,15,48,0.2530630850451482
2023-10-09,1,180,0.3368411305553374
2023-07-17,11,1,0.3939829495004574
2023-06-16,17,176,0.48906254289442264
2023-10-09,20,193,0.0013775871163268505
2023-08-10,13,5,0.382979636354321
2023-12-02,12,149,0.5460019385842289
2023-12-03,17,167,0.9971446074367889
2023-06-30,15,90,0.828709713894314
2023-06-10,14,12,0.7832707381930771
2023-03-19,23,177,0.6594927528949446
2023-01-25,17,34,0.32065505048490384
2023-10-20,5,183,0.17384266804326154
2023-05-29,9,6,0.9126368016907938
2023-10-06,15,28,0.6348248740572181
2023-05-20,17,34,0.21613897034869334
2023-01-19,6,73,0.9568500136105236
2023-11-24,3,168,0.08272325041533757
2023-01-17,24,164,0.06551107353075059
2023-11-19,4,161,0.41544573255446704
2023-07-07,18,27,0.7021552082842402
2023-11-01,11,40,0.6267263133091302
2023-01-16,19,92,0.8374721633752
2023-08-26,16,128,0.620160446433548
2023-03-30,8,122,0.37291687542486085
2023-07-26,8,141,0.4887710580558118
2023-08-10,7,185,0.13151339176190846
2023-06-24,4,100,0.09356027452589044
2023-06-10,19,69,0.05421437583300104
2023-07-11,23,24,0.32494398438829963
2023-01-11,1,177,0.5711464785393655
2023-10-20,12,49,0.4553702395964818
2023-02-21,1,135,0.00468085553163422
2023-05-23,17,179,0.7872708486073562
2023-05-26,25,17,0.5936373269639795
2023-04-11,12,183,0.34460528847448957
2023-03-29,22,83,0.18273108989594533
2023-04-06,15,56,0.4623966361179429
2023-11-26,6,61,0.2528442977166122
2023-02-23,22,104,0.6551533884991861
2023-10-25,11,175,0.7422221196177917
2023-03-28,12,68,0.4909485105590238
2023-03-08,12,133,0.39573740934123536
2023-06-05,9,3,0.3816690027891453
2023-12-26,22,149,0.13263560879511138
2023-01-01,15,178,0.03316935479398453
2023-06-05,23,11,0.6781509441602659
2023-10-28,13,187,0.7735709671201662
2023-06-20,18,23,0.9255959353733444
2023-06-06,25,114,0.8424628786572763
2023-03-24,12,185,0.7816811341038699
2023-09-26,5,197,0.9290966293841673
2023-12-24,13,34,0.9290076072739407
2023-12-27,14,21,0.6398507731099575
2023-09-06,3,55,0.32907452557507655
2023-06-30,2,55,0.755882294032044
2023-06-21,12,92,0.4688699633531691
2023-09-23,17,90,0.27573073648361923
2023-10-24,16,104,0.620159597618875
2023-10-15,15,93,0.036611111681587816
2023-08-04,9,108,0.9203358630261547
2023-01-22,8,85,0.5711510623620157
2023-06-02,9,44,0.7321424790562686
2023-10-10,1,95,0.22761709825935772
2023-10-16,19,154,0.43487300352511504
2023-09-18,24,125,0.19120533000509943
2023-11-28,21,181,0.5026574378714813
2023-11-05,24,65,0.33708322926938505
2023-08-07,7,47,0.8117378412195997
2023-04-30,21,113,0.23768607951184773
2023-06-26,15,134,0.8080725378458815
2023-04-05,21,196,0.21304936222841198
2023-10-03,22,84,0.23505963469393687
2023-08-05,10,122,0.2576158562031279
2023-06-13,17,73,0.5361993400018652
2023-03-26,21,131,0.6601207212695788
2023-09-01,4,66,0.05923374580976237
2023-11-21,8,171,0.7283118717050654
2023-06-23,25,24,0.8627939245824164
2023-10-26,3,70,0.6158146696268573
2023-05-25,18,155,0.2716892189952196
2023-04-19,6,87,0.9687723010378803
2023-11-30,17,58,0.48350790476280137
2023-04-24,21,189,0.9233334413512032
2023-08-10,11,179,0.4343273551544433
2023-05-09,8,93,0.4343747955121202
2023-02-05,25,1,0.5929188023687042
2023-03-01,22,131,0.43544506163372365
2023-04-30,11,24,0.7275661985357309
2023-04-16,15,113,0.04629502002766528
2023-04-24,17,114,0.7576319712755065
2023-11-25,22,134,0.5313964088957667
2023-07-27,7,9,0.16516577364975482
2023-01-02,18,17,0.3980236850829515
2023-03-10,6,52,0.3287080517762704
2023-09-21,23,177,0.8835583613790357
2023-09-19,5,162,0.3664385769717906
2023-10-29,13,151,0.7761862033119478
2023-05-21,13,132,0.5110038336494144
2023-07-02,12,18,0.7641817572933145
2023-04-29,19,14,0.15413779607029154
2023-02-18,2,161,0.9120148440209661
2023-12-11,12,69,0.7645390658972677
2023-08-19,21,40,0.4669663320851105
2023-05-17,2,149,0.8378027322634237
2023-06-23,5,44,0.7164578276477079
2023-11-16,6,158,0.8402417447815594
2023-11-04,11,94,0.028962477756712457
2023-12-26,13,8,0.5786588396355
2023-10-06,2,109,0.003924641913345184
2023-12-30,20,64,0.4807463630909645
2023-03-07,24,1,0.7432857762431859
2023-02-20,19,175,0.6548270841572595
2023-12-25,4,5,0.21871322442018293
2023-04-19,21,31,0.45648683434028003
2023-08-12,17,21,0.5959278525216746
2023-07-24,6,181,0.2987881566085975
2023-11-01,21,180,0.07050907192086353
2023-03-02,16,128,0.013847668602611662
2023-12-03,8,66,0.25446374197601285
2023-12-05,8,135,0.4505915462802198
2023-04-11,22,196,0.6572551857035691
2023-01-08,9,145,0.06373159635095182
2023-06-21,4,165,0.8967932347234328
2023-05-13,23,54,0.9353847126809061
2023-03-27,3,108,0.21997439078689163
2023-06-24,21,89,0.19192506364927087
2023-02-28,12,185,0.8380080743677643
2023-02-21,23,114,0.6561761869573595
2023-04-17,1,39,0.5675861997245003
2023-06-24,4,89,0.16871689229434716
2023-04-04,19,38,0.7392371166599923
2023-05-02,10,171,0.5795110659586094
2023-08-01,6,86,0.47312460886897634
2023-08-25,23,33,0.7081340841578245
2023-04-22,14,155,0.5525779652312252
2023-11-24,3,178,0.5892064546372013
2023-08-01,13,70,0.2021240320097496
2023-08-14,24,147,0.6082901093974155
2023-04-22,6,67,0.37501526822326015
2023-09-21,22,109,0.6943386646026551
2023-02-23,3,160,0.41300318876937103
2023-05-30,22,128,0.07540325561383343
2023-12-10,20,42,0.3112266376916317
2023-09-17,23,56,0.05463652057665869
2023-01-31,15,84,0.5082755471152847
2023-09-23,19,89,0.20636918556821704
2023-07-03,4,15,0.5261684146775506
2023-08-25,6,149,0.3138276736342481
2023-08-24,16,48,0.4152575792981358
2023-11-02,17,80,0.6957394129283314
2023-11-05,22,15,0.7403301393138496
2023-11-27,12,74,0.3956571609376225
2023-09-07,25,173,0.5709781602709623
2023-10-04,25,39,0.537463139306781
2023-12-08,6,131,0.7519837848498359
2023-02-16,14,113,0.876412565820144
2023-11-28,9,139,0.7535191344073816
2023-06-07,5,117,0.4380986044697188
2023-12-12,10,24,0.15179806985179223
2023-08-07,19,149,0.5445347213811434
2023-09-17,18,40,0.6262326934059346
2023-08-27,18,33,0.4448936897870104
2023-01-09,19,200,0.9125876190362623
2023-07-21,20,141,0.37534277935677707
2023-09-30,23,191,0.21391346144228773
2023-04-27,11,16,0.3569716901125739
2023-06-02,17,95,0.8942613668391631
2023-08-05,19,119,0.3835718977603121
2023-04-14,15,192,0.7686613426528534
2023-12-14,7,45,0.34219200238344416
2023-10-07,23,39,0.38061599019236625
2023-04-24,22,141,0.6417809918443331
2023-08-27,18,36,0.19501212743475305
2023-02-22,11,43,0.6725061666768887
2023-04-06,18,15,0.6771752075927441
2023-09-29,17,185,0.7923385392203471
2023-07-20,25,47,0.2963382082614655
2023-04-09,7,68,0.9663706907158323
2023-02-02,10,192,0.97219538663556
2023-08-17,22,129,0.5415277231870581
2023-04-01,5,180,0.9134318030482043
2023-08-09,3,86,0.37605392867645704
2023-12-16,22,181,0.2515043652930954
2023-12-08,12,155,0.7460917392436864
2023-01-26,10,176,0.38073280846855795
2023-02-05,12,167,0.9486107314628789
2023-10-13,10,177,0.1281248220711546
2023-07-21,19,96,0.9340463681487385
2023-07-10,10,165,0.6274896046601208
2023-08-28,10,128,0.7324421141217586
2023-08-22,22,185,0.40372766440051977
2023-10-05,25,119,0.13657687393762497
2023-04-27,17,75,0.6476615733080673
2023-09-28,23,58,0.49821842928491444
2023-03-31,5,76,0.6060170437848817
2023-04-02,13,199,0.24355505756348828
2023-08-09,25,84,0.7470443110998849
2023-04-03,9,118,0.05452824096527964
2023-03-01,20,128,0.06573626733315918
2023-11-26,8,74,0.028908301604307796
2023-11-04,14,55,0.03760562722261129
2023-12-07,6,34,0.16582072924126068
2023-10-27,18,136,0.36827667916300466
2023-10-21,22,133,0.4492512390712299
2023-09-19,7,186,0.779859158543591
2023-03-25,19,22,0.17365012616042375
2023-10-19,20,94,0.5663248721945734
2023-12-23,7,82,0.032936751157908395
2023-06-30,21,9,0.27114223244938407
2023-02-11,8,148,0.8750264639680341
2023-06-08,19,99,0.17783164133103901
2023-03-13,14,39,0.6588224205466906
2023-01-15,25,81,0.37075870656649035
2023-09-11,20,161,0.7610021373891744
2023-05-06,18,112,0.04244496954098198
2023-11-25,16,181,0.06543702434419296
2023-09-24,5,164,0.2507620377415404
2023-03-19,10,101,0.5239051982622346
2023-10-09,20,135,0.3343276382680993
2023-10-07,18,4,0.8630778256182429
2023-07-23,12,55,0.22326338439840487
2023-11-26,1,40,0.31505343639597194
2023-01-17,10,168,0.6913067517082677
2023-03-27,1,62,0.02641201495078782
2023-11-30,16,196,0.729363369527336
2023-01-23,10,74,0.37392353903255426
2023-10-21,11,129,0.3801582621790237
2023-09-09,16,166,0.6055266468142443
2023-04-26,5,84,0.6798757155392061
2023-02-16,17,151,0.0801293059940138
2023-12-13,4,143,0.019749682851623485
2023-11-22,11,96,0.4106519460349205
2023-06-24,12,117,0.747355223776498
2023-07-28,23,129,0.21216538798708617
2023-04-08,17,49,0.5324818156270709
2023-01-05,24,135,0.34363591508710467
2023-03-07,18,142,0.3720517345594542
2023-08-04,23,199,0.8225716634413387
2023-04-14,21,23,0.056501464215252484
2023-10-13,15,109,0.9460444524496242
2023-02-13,19,183,0.4903133263944839
2023-06-19,8,78,0.05693714003107864
2023-11-01,16,187,0.10963136853662758
2023-02-28,5,16,0.7079325501886352
2023-09-20,10,88,0.9396177525362187
2023-09-09,4,150,0.6551100198274269
2023-04-19,25,136,0.6097630793156701
2023-11-19,19,104,0.5625331086700494
2023-02-03,16,131,0.91152296860522
2023-04-07,14,81,0.8576844874267874
2023-12-06,6,113,0.35622664746204036
2023-07-06,9,104,0.5228617604561911
2023-09-21,5,76,0.5234955010235408
2023-01-08,14,102,0.28270256213208655
2023-04-08,22,43,0.6141990226879822
2023-08-26,1,99,0.2638085775866379
2023-08-12,5,134,0.2565728171669296
2023-06-13,5,28,0.2698685192522553
2023-11-15,12,114,0.8093203769522735
2023-07-23,8,116,0.5159485667570287
2023-02-11,13,89,0.8826404371136941
2023-01-05,18,33,0.4270997111009347
2023-09-07,8,153,0.9541864143392885
2023-06-18,3,63,0.3538262723459943
2023-12-06,4,4,0.11058693287840338
2023-11-10,19,35,0.7284547815995295
2023-09-24,3,64,0.8458083691149835
2023-03-20,19,13,0.22322283215468475
2023-09-28,7,162,0.7103145367894071
2023-04-06,21,175,0.8653656038332789
2023-09-11,11,37,0.5374890605118398
2023-07-15,25,97,0.12057145311932771
2023-08-19,21,68,0.10539677526939284
2023-06-02,17,73,0.24403125566545392
2023-06-06,8,72,0.7712992826616519
2023-04-10,14,38,0.4355827399294384
2023-02-05,4,77,0.3390320921971949
2023-06-26,4,50,0.6058713468537756
2023-04-05,19,104,0.8590059699907281
2023-10-15,3,127,0.452577243175457
2023-06-02,14,173,0.7820594829182126
2023-03-24,11,163,0.908807598846714
2023-05-03,13,143,0.20878165629330725
2023-12-20,15,44,0.5753809058990856
2023-05-15,20,46,0.6486342227756685
2023-08-13,5,73,0.5450468160726
2023-12-05,17,160,0.8584848912528795
2023-10-31,22,89,0.3955258080463956
2023-12-19,17,116,0.394295169975298
2023-04-07,18,62,0.48869223124535655
2023-11-26,9,185,0.7767119744600709
2023-07-04,10,105,0.6931202539907755
2023-02-06,19,87,0.6293499290974679
2023-10-26,24,159,0.8628063629747637
2023-10-12,2,102,0.5720015201404348
2023-07-31,18,157,0.29326925953548233
2023-03-04,11,185,0.28429277227661764
2023-03-21,17,100,0.5031791937316045
2023-09-25,18,40,0.4509273984640263
2023-01-07,16,36,0.5429596622113962
2023-12-31,5,19,0.9129833009228217
2023-10-14,13,49,0.18753207244032855
2023-05-02,5,56,0.17029620844258886
2023-02-12,7,77,0.32517653086609155
2023-02-09,9,158,0.6557630550405392
2023-07-18,4,58,0.6585523827802467
2023-12-28,5,118,0.3474779503192805
2023-10-19,3,90,0.8743762020310396
2023-07-11,2,184,0.9535299590847878
2023-05-28,5,1,0.4900104659442893
2023-01-10,24,8,0.8196217805305845
2023-12-08,2,89,0.7606660887522597
2023-05-04,8,168,0.4130107154648248
2023-04-08,21,56,0.07427278970928719
2023-10-20,18,117,0.4492621315369849
2023-05-01,22,54,0.8783193984427069
2023-07-02,16,55,0.09435040827467289
2023-09-26,14,167,0.7413440456375726
2023-03-03,16,149,0.8068786895984877
2023-05-29,13,188,0.3949667097693377
2023-12-11,15,168,0.673844537214672
2023-05-09,24,54,0.06333436438820916
2023-01-02,6,87,0.3065473508922836
2023-07-14,14,143,0.35276328769485876
2023-04-03,16,127,0.9901002329040364
2023-02-09,3,145,0.17292442948573272
2023-07-05,16,154,0.43535280727465153
2023-03-11,10,148,0.6268559286369304
2023-10-20,18,54,0.6342569699021088
2023-09-24,17,199,0.5001623060440223
2023-04-24,19,119,0.13060557327652045
2023-01-30,21,60,0.8574358595364142
2023-07-08,10,128,0.6691367789710485
2023-02-06,13,169,0.21750337861662972
2023-12-30,16,120,0.6241203093673517
2023-05-27,19,16,0.13366008306986776
2023-01-14,11,120,0.2651967060682614
2023-06-10,15,74,0.7120723369727039
2023-04-09,17,37,0.7229162003640583
2023-08-06,1,181,0.5635364671992925
2023-08-07,4,27,0.7477937918139134
2023-06-25,11,127,0.840212954999555
2023-05-29,6,169,0.9891555885776941
2023-06-29,24,124,0.6103685909018279
2023-08-27,11,161,0.3091078496501952
2023-03-03,15,158,0.49200684215136115
2023-02-09,22,185,0.6104311400603428
2023-06-26,13,50,0.051428935671851916
2023-01-17,23,90,0.10323251246858456
2023-08-28,8,40,0.046798739930733024
2023-07-07,12,169,0.9535860789864338
2023-05-21,3,61,0.2061324647755124
2023-05-02,21,172,0.32237894281393664
2023-06-14,21,116,0.21106533636700442
2023-08-11,10,77,0.8287099593997855
2023-10-21,14,11,0.974333211403212
2023-07-17,16,115,0.7594665546072482
2023-06-18,6,160,0.20886445627146155
2023-11-02,8,125,0.4082429435163726
2023-09-11,25,151,0.4411091524281807
2023-03-31,9,189,0.36640234633746194
2023-06-30,3,193,0.10463188120885913
2023-11-15,9,9,0.19254014693801214
2023-08-01,5,58,0.39522128337691287
2023-03-02,14,64,0.3655659503817902
2023-08-14,2,181,0.914463457157808
2023-10-03,9,190,0.40624030643231923
2023-03-10,20,140,0.5832772487442817
2023-01-11,3,28,0.3362455888284839
2023-10-02,4,118,0.15404599832955101
2023-10-16,22,124,0.73234462069399
2023-06-30,3,112,0.9470547954267688
2023-04-10,20,180,0.7436114305541058
2023-04-06,20,77,0.8274692343451602
2023-11-14,13,140,0.1060436808158921
2023-09-11,25,52,0.6627320092456678
2023-02-03,11,33,0.10382534429905776
2023-03-12,4,34,0.6798642097810027
2023-08-06,16,19,0.2776671472232638
2023-11-17,15,41,0.546856207617895
2023-08-02,7,102,0.3905316429862492
2023-12-31,15,120,0.015158274304337693
2023-01-16,8,175,0.7774483151706058
2023-11-26,11,87,0.5593632055171843
2023-02-14,12,189,0.4323418949900131
2023-04-10,21,159,0.4583064400684448
2023-07-04,3,180,0.4023151903382861
2023-03-23,22,176,0.4601641564270549
2023-10-01,11,66,0.8073436075835702
2023-03-03,6,155,0.23070789475493736
2023-06-30,4,169,0.3958315822953091
2023-01-26,14,18,0.744249906802422
2023-12-30,20,20,0.4369051221477298
2023-12-04,6,8,0.7276279249957024
2023-10-07,25,183,0.04183174009557444
2023-07-03,4,111,0.03314097828650675
2023-01-07,22,135,0.22302926038803494
2023-05-28,2,111,0.35868547740157797
2023-07-28,9,110,0.25229335875186354
2023-06-16,23,68,0.4056390000063197
2023-07-03,22,184,0.6268874480734129
2023-07-23,14,149,0.5586818542363395
2023-11-06,7,118,0.9746638870479162
2023-05-22,14,73,0.41219946206106484
2023-02-13,5,146,0.026891174225898484
2023-12-13,3,131,0.7321438454533783
2023-08-12,8,136,0.6088376925180773
2023-12-26,20,78,0.7085427097692603
2023-07-13,13,77,0.9773255584348677
2023-11-28,16,184,0.9745639532255994
2023-11-26,25,147,0.15604522552615396
2023-07-09,20,147,0.006201494505948202
2023-10-18,25,132,0.631528809403066
2023-10-15,14,125,0.2247348953929864
2023-02-08,22,63,0.9475055219468114
2023-11-01,10,50,0.15490925644138098
2023-10-03,12,120,0.9774051873773771
2023-07-08,19,183,0.7953404916705495
2023-02-15,5,22,0.3829732470369257
2023-05-27,15,51,0.24544910379538465
2023-04-22,1,147,0.5029664525583728
2023-02-05,3,151,0.7012060218750353
2023-01-07,4,58,0.23662206325117985
2023-04-08,10,56,0.7156474591286461
2023-09-03,25,152,0.647004273808824
2023-02-11,5,102,0.3175690292425387
2023-11-14,2,48,0.6509675007974031
2023-04-27,21,25,0.8924820196979428
2023-04-25,18,118,0.6338482187590049
2023-07-26,10,54,0.49794159219272627
2023-06-14,11,182,0.019009948616803718
2023-09-29,18,122,0.2281128122802638
2023-03-05,21,153,0.6502312521299807
2023-10-16,17,78,0.5159332655208481
2023-06-25,9,136,0.5929871613388865
2023-12-20,16,61,0.3019087254117022
2023-12-08,21,149,0.8000406358273089
2023-07-16,12,182,0.0571119015728182
2023-07-05,15,199,0.5750083986684686
2023-02-19,4,178,0.240930390088818
2023-12-30,25,1,0.7188829622816374
2023-09-27,14,94,0.9549453851014296
2023-03-09,2,42,0.1832790370034092
2023-08-22,5,127,0.062098200279310345
2023-06-29,1,69,0.45444410973761995
2023-04-30,1,77,0.6241924887505421
2023-07-27,6,40,0.19718846792310862
2023-08-01,3,191,0.4754490325092018
2023-07-19,3,146,0.6561874358837064
2023-01-30,9,186,0.889061505243232
2023-02-17,1,168,0.7880859072925912
2023-07-06,16,148,0.12730444640575989
2023-09-18,23,192,0.7200111115986382
2023-10-08,20,148,0.16868508754151723
2023-03-06,19,117,0.32378986513276187
2023-01-11,22,52,0.6252554944358457
2023-07-11,20,109,0.8576354198919306
2023-06-28,20,175,0.42816165609033296
2023-05-29,22,65,0.4800644007597651
2023-06-02,16,136,0.6295824983202344
2023-01-22,6,94,0.23616379574951984
2023-04-19,8,86,0.7020560102914823
2023-06-26,21,110,0.052717867150613884
2023-05-21,20,34,0.40844307932919266
2023-06-18,13,163,0.9442133819710721
2023-02-11,17,83,0.7416734355810407
2023-06-24,17,151,0.5686338525384922
2023-01-01,1,165,0.17103567866202618
2023-07-13,20,94,0.551171575319866
2023-02-07,24,83,0.3785048209901334
2023-06-20,15,97,0.864650658745906
2023-10-23,6,64,0.05256609501562548
2023-05-27,9,193,0.6785520865022023
2023-11-02,17,155,0.6049372072998789
2023-10-02,25,26,0.26614639469701196
2023-05-03,20,160,0.5327485911280209
2023-03-27,6,18,0.342833051266357
2023-06-20,17,13,0.2766575142443479
2023-11-20,22,96,0.5613143162235351
2023-07-02,7,121,0.15517107725246082
2023-02-18,1,15,0.2636165599542789
2023-10-17,3,16,0.4391815071603429
2023-06-19,10,39,0.2921396973028758
2023-08-30,1,95,0.5642422978844565
2023-03-29,14,159,0.6302759796654224
2023-11-03,8,152,0.2819214768843178
2023-07-03,3,13,0.430917427571074
2023-07-01,12,140,0.27953609708597904
2023-05-20,20,142,0.9047374461828349
2023-09-10,14,9,0.925019086074116
2023-05-22,21,158,0.40269059666432094
2023-10-31,24,42,0.6264495963669735
2023-10-08,9,17,0.3314574869202763
2023-10-23,17,132,0.8795614209660734
2023-12-06,21,12,0.5768003377549097
2023-08-04,12,84,0.06576176406065237
2023-05-20,6,62,0.5935215750491911
2023-01-10,23,198,0.21615573591483983
2023-12-30,12,186,0.1339546364169536
2023-10-22,22,55,0.20391810048144032
2023-08-24,2,143,0.07989864332255203
2023-09-17,21,189,0.21396301586368127
2023-05-19,9,122,0.5542126937820765
2023-10-25,2,93,0.10964987381876479
2023-09-25,5,178,0.5086645276069028
2023-07-25,2,50,0.19283902041738998
2023-03-05,21,172,0.4435725974937038
2023-04-14,4,74,0.26599946477500647
2023-05-02,18,194,0.944115132506758
2023-06-21,1,43,0.09793073379196804
2023-01-25,2,198,0.8670299207234577
2023-02-19,11,129,0.35170983878325957
2023-11-27,14,22,0.8441228532930759
2023-12-22,24,27,0.9469614522604125
2023-12-21,1,160,0.39762149193741236
2023-12-24,10,15,0.6805742360588991
2023-05-16,24,175,0.26759862405904666
2023-03-28,9,107,0.35873088264146147
2023-02-07,14,73,0.45892250768092013
2023-03-23,13,154,0.944540051764169
2023-06-13,19,45,0.13187563627802246
2023-04-22,4,100,0.888863182918287
2023-02-04,25,9,0.5356838431286728
2023-01-14,14,139,0.6520613838812162
2023-10-20,11,180,0.19261564280378618
2023-09-23,3,171,0.07031110042023803
2023-01-20,20,11,0.06577459428062671
2023-01-12,5,36,0.9048569698940975
2023-10-10,7,113,0.7735733538217955
2023-03-23,11,86,0.5252763403679813
2023-03-13,8,187,0.9934597235119484
2023-09-02,7,111,0.9992031931230368
2023-07-13,13,87,0.9389140590206911
2023-09-28,2,24,0.26205447905840096
2023-06-06,7,39,0.7358269731675081
2023-12-19,20,176,0.9545966673366911
2023-06-10,13,10,0.4329090136297722
2023-05-30,18,154,0.9163133307845671
2023-10-27,14,181,0.38470118352523086
2023-10-09,18,82,0.4537635433702244
2023-08-01,23,29,0.17732812610822013
2023-07-07,17,98,0.6839816034027484
2023-06-26,14,138,0.42734886772680525
2023-08-18,21,92,0.31592793236427696
2023-11-19,15,194,0.42055881735746214
2023-02-13,19,163,0.02800271475930627
2023-03-30,22,35,0.09582018486567767
2023-05-01,17,89,0.9150983513052361
2023-06-19,22,14,0.08832800420284259
2023-09-10,21,25,0.7179410932063858
2023-05-10,19,56,0.29624428000761793
2023-02-11,18,120,0.1851884100506106
2023-01-08,6,138,0.634116858336628
2023-11-08,14,127,0.7494009930650204
2023-06-08,5,75,0.845036755474874
2023-03-06,16,76,0.6080703545447232
2023-10-09,16,85,0.44010229626436526
2023-03-22,14,60,0.6335364015747429
2023-01-28,21,102,0.15453785287748012
2023-11-19,2,30,0.5234236763316913
2023-07-16,7,45,0.3041639165004564
2023-02-03,11,30,0.6668547077860861
2023-05-10,12,189,0.8872911581013213
2023-06-12,3,29,0.21542901710869045
2023-12-08,19,180,0.6714659678183135
2023-01-29,24,15,0.8843190155220555
2023-08-15,16,60,0.9264874246362953
2023-06-19,1,131,0.414767726386577
2023-11-10,1,181,0.27170965519441936
2023-11-14,10,170,0.7319404310087114
2023-12-17,4,129,0.1919540194707865
2023-03-29,8,45,0.35187483196019265
2023-04-13,8,27,0.5757318937187499
2023-06-15,16,36,0.9978196493834568
2023-03-22,16,116,0.22789693508039732
2023-01-07,24,40,0.987843615582181
2023-01-28,13,44,0.35742098014727697
2023-04-13,6,71,0.6910254248918148
2023-09-29,20,58,0.13661563159954937
2023-09-18,5,51,0.573566438780843
2023-03-11,16,78,0.271711019241627
2023-10-13,13,197,0.1409600706285945
2023-10-09,1,162,0.8310529314340526
2023-12-01,8,112,0.3399770821219019
2023-10-12,21,110,0.713834568948595
2023-07-26,5,147,0.4598938749215794
2023-12-20,23,35,0.21675068172905776
2023-01-21,8,29,0.875417950001179
2023-04-14,15,115,0.7626714466116529
2023-12-09,25,125,0.40813198672822193
2023-09-24,9,1,0.785188253715346
2023-09-01,9,109,0.8178320062889984
2023-06-14,6,97,0.5495110708874179
2023-12-25,11,90,0.6380839865673106
2023-10-25,19,66,0.1947895362470411
2023-03-22,1,132,0.4380049181209664
2023-08-10,23,148,0.13576153081804887
2023-09-14,18,109,0.22631554534657305
2023-04-15,9,117,0.9733237981629829
2023-02-27,24,190,0.4185117406159422
2023-03-06,25,195,0.48652750578819337
2023-06-16,24,139,0.8200464491039979
2023-01-01,19,158,0.0009999260272273158
2023-06-18,10,95,0.5719962344708464
2023-09-01,22,12,0.8394699564057371
2023-12-09,25,147,0.18739568241851867
2023-08-10,12,182,0.5547445463902777
2023-07-13,10,101,0.47106618727708827
2023-11-13,19,141,0.9061351891414112
2023-08-06,11,133,0.4362528309290158
2023-09-09,9,124,0.6862484900381967
2023-11-02,2,161,0.9118400253096003
2023-05-19,9,50,0.831106496305418
2023-02-17,24,175,0.49366447585605067
2023-06-21,3,106,0.8520314212837585
2023-06-14,2,123,0.3019651215782122
2023-10-31,3,90,0.3526002678356466
2023-01-26,7,82,0.11914345455150033
2023-05-20,1,22,0.8826235453908585
2023-12-20,3,151,0.8675318538486054
2023-06-23,18,152,0.3845571913467304
2023-06-17,7,192,0.7518701308534358
2023-09-17,19,62,0.8341285422117195
2023-01-04,23,120,0.6591158257821962
2023-10-16,10,177,0.9027049548589374
2023-01-30,18,16,0.16633713863705113
2023-05-27,6,73,0.32107382773962045
2023-09-26,7,94,0.6456844015512732
2023-11-17,15,133,0.6763947729977423
2023-06-13,21,47,0.38773867961926256
2023-10-06,19,138,0.43714812377887236
2023-12-01,13,62,0.8586827023006367
2023-10-03,4,29,0.755026236071561
2023-05-30,7,95,0.9330484540171724
2023-03-11,1,178,0.801772622284572
2023-01-21,25,17,0.4068235207621529
2023-10-21,17,190,0.984404375823516
2023-05-22,3,48,0.6726162748344223
2023-01-24,1,73,0.7759563157633625
2023-04-15,1,160,0.3252317851122257
2023-09-22,11,187,0.31920573848109146
2023-07-26,17,102,0.8368916034475843
2023-06-16,23,118,0.38717256083690765
2023-07-13,4,196,0.19327654769254787
2023-03-31,1,56,0.06369234307591087
2023-01-29,12,179,0.6634845393420679
2023-08-21,17,154,0.3045127187957364
2023-11-26,5,13,0.5721086934860262
2023-01-26,15,131,0.6765038388807909
2023-05-11,25,151,0.6504951894985544
2023-11-24,11,87,0.1617998332963111
2023-07-06,22,5,0.34611243948935333
2023-07-06,8,143,0.9518735622485047
2023-10-04,18,10,0.938469845860517
2023-07-09,19,7,0.7103653240152518
2023-07-18,22,92,0.12344655488386613
2023-02-24,7,151,0.9216364062826364
2023-02-27,9,40,0.39399439998294616
2023-12-02,14,24,0.9871395081479085
2023-08-10,7,197,0.7588228580169661
2023-06-04,3,102,0.9467308264257456
2023-06-05,4,94,0.08879033295389771
2023-02-27,15,9,0.21156542172262027
2023-12-15,1,142,0.8223284703195369
2023-05-01,10,142,0.8032762113256037
2023-10-28,12,74,0.8429719026889128
2023-01-08,6,105,0.08060841730897894
2023-01-25,7,15,0.8196924340158458
2023-10-08,6,168,0.1844128653936955
2023-02-21,13,47,0.2654899415800752
2023-07-26,9,119,0.6123044342048929
2023-01-04,21,170,0.47661603888396886
2023-11-24,18,192,0.4768054053060691
2023-02-14,25,176,0.4149152697084595
2023-10-31,16,167,0.7187803528295542
2023-06-12,9,111,0.46299089714010855
2023-06-10,13,9,0.5185181380114424
2023-05-17,25,154,0.4348176907141934
2023-03-22,5,182,0.01136387417956286
2023-02-12,11,180,0.6397508335912613
2023-10-24,2,146,0.0028205629325436243
2023-03-10,19,175,0.46643267180795267
2023-07-13,13,17,0.9695768121979815
2023-04-13,23,51,0.4509723845859055
2023-11-27,12,190,0.6458526090223186
2023-02-16,14,6,0.7546143643421281
2023-11-17,5,40,0.26448512834255444
2023-12-12,4,111,0.5662796009117285
2023-12-21,24,134,0.8860076199588351
2023-12-16,12,199,0.8045135589334926
2023-02-10,3,1,0.8333599962782643
2023-02-05,23,101,0.04974299068209831
2023-04-28,4,132,0.6446219928540589
2023-05-23,20,24,0.4988867375947388
2023-08-28,3,84,0.22930686290509938
2023-07-12,3,156,0.45771622957204283
2023-02-04,21,40,0.16893001210813274
2023-07-26,3,49,0.9972588833045852
2023-10-17,20,65,0.07100839691088068
2023-06-11,17,76,0.8260330011488023
2023-11-20,15,160,0.5029511009887958
2023-10-28,12,105,0.9960341417314642
2023-05-05,20,69,0.46081250586872147
2023-09-20,3,158,0.5891116757085877
2023-02-04,11,142,0.996562138470003
2023-12-07,17,19,0.9466195088930708
2023-06-30,22,152,0.12486681526400523
2023-04-18,3,70,0.9818382262414534
2023-10-25,18,169,0.3375757314860405
2023-09-19,4,39,0.13056888860016747
2023-09-20,13,97,0.5035632131288292
2023-11-14,7,117,0.6140130515843113
2023-07-17,11,135,0.3407060265585726
2023-04-05,18,120,0.7421037895728397
2023-12-08,20,56,0.6916747644951131
2023-10-23,3,40,0.42604909590072204
2023-08-18,18,120,0.9140675053714642
2023-01-15,18,44,0.8174777115958184
2023-12-04,4,196,0.9816274734943408
2023-12-24,25,73,0.9087234144909632
2023-03-19,17,32,0.18853077917455807
2023-08-31,14,72,0.6320453553856188
2023-05-15,6,149,0.20621694638316768
2023-10-01,12,200,0.4610329815115406
2023-12-17,21,130,0.9032360746581438
2023-03-28,5,72,0.4037976293512415
2023-01-28,21,75,0.9717219275343821
2023-03-21,7,126,0.6049377745965265
2023-01-15,18,64,0.32668461668610815
2023-11-02,18,63,0.4786542888288411
2023-10-29,25,30,0.6130766186492204
2023-07-21,17,149,0.8106429447041693
2023-03-03,20,90,0.6333788370994026
2023-01-09,23,10,0.3545384399395608
2023-09-24,15,131,0.48316504693314355
2023-12-20,13,110,0.734202415363235
2023-05-30,6,97,0.6656968487161462
2023-04-01,19,61,0.14606438822558865
2023-04-21,7,35,0.845314831346952
2023-12-15,14,112,0.4876388786361635
2023-08-05,20,168,0.43755747913767795
2023-04-07,12,125,0.5413527230384425
2023-05-05,2,153,0.14966634840749637
2023-06-25,21,98,0.4073049345463011
2023-07-06,16,87,0.8239598830759173
2023-11-23,14,53,0.8257790423510569
2023-09-10,24,84,0.21434426621854785
2023-09-14,6,153,0.013657278287063979
2023-11-11,9,156,0.1821500188413422
2023-08-22,2,104,0.642943931307981
2023-08-04,13,2,0.2891508488840331
2023-06-17,17,156,0.4720701354961251
2023-08-24,23,40,0.9223451196478859
2023-01-06,15,184,0.7091184217644103
2023-12-29,17,19,0.46311141125423083
2023-03-09,9,132,0.17391555877120113
2023-11-09,23,159,0.05107395799658587
2023-04-01,18,169,0.9430094242420649
2023-09-08,6,23,0.11882283731724186
2023-12-17,22,50,0.6692388870832289
2023-06-25,2,88,0.09690344014536767
2023-06-06,21,105,0.6458771063062405
2023-10-06,24,164,0.8496267625413877
2023-05-08,8,134,0.5415059728486219
2023-07-01,13,13,0.446881156094765
2023-09-03,16,121,0.8983345528161868
2023-08-23,25,27,0.5000165036937084
2023-01-03,24,191,0.31541772733790463
2023-12-27,2,122,0.22333056988072708
2023-08-10,24,129,0.8609377523400414
2023-06-07,19,1,0.23527080695686176
2023-05-25,22,68,0.04421578347257504
2023-06-01,21,64,0.666101885970221
2023-01-01,13,34,0.38101169994075856
2023-08-04,8,106,0.7618067885764992
2023-11-05,8,67,0.2131775548036019
2023-03-24,23,145,0.0530450752828322
2023-03-05,20,40,0.6949203087114845
2023-09-21,12,111,0.7507030201174142
2023-08-14,14,167,0.9441111990201688
2023-02-12,22,84,0.5691208868011092
2023-04-28,6,131,0.9693340260657846
2023-05-07,16,98,0.13263610338106513
2023-06-07,22,117,0.9093399919864062
2023-02-14,11,171,0.5819328727827617
2023-06-22,19,192,0.6991876846422149
2023-03-20,16,161,0.912888342423095
2023-04-02,14,93,0.020842029617794022
2023-04-06,23,187,0.9512428181694446
2023-10-26,6,60,0.7123616716976033
2023-04-06,6,123,0.9879687522359066
2023-01-24,2,9,0.7138345298883334
2023-09-15,24,14,0.5954758347353523
2023-02-23,7,56,0.7854617892363487
2023-10-06,11,60,0.1915868654393651
2023-03-21,4,78,0.026676879465518555
2023-12-01,14,106,0.7948453844450588
2023-07-24,14,164,0.4223812303621861
2023-05-23,4,108,0.47109395833017564
2023-09-07,1,7,0.9049739010522496
2023-01-15,12,40,0.8158468435945633
2023-08-04,17,141,0.18621989166719866
2023-02-10,21,40,0.20505555908507056
2023-02-11,9,189,0.8630063334236133
2023-09-10,15,110,0.906029404263809
2023-06-24,24,182,0.10500024860243717
2023-05-31,1,86,0.5463125079620177
2023-09-03,20,54,0.568794839915485
2023-11-26,3,56,0.2676162231525965
2023-12-14,22,122,0.3278029808134296
2023-11-09,21,127,0.26684666875075613
2023-09-17,20,145,0.8503580895696916
2023-06-28,8,54,0.7730315379245858
2023-03-29,22,67,0.048158411630488174
2023-05-15,17,168,0.9669082864220646
2023-04-22,4,7,0.3513758419172933
2023-01-12,4,36,0.6410633570534947
2023-06-17,24,136,0.7529181835894916
2023-04-10,12,127,0.00343516299169766
2023-03-26,11,143,0.8970682459540561
2023-03-12,12,57,0.1274404710912772
2023-10-30,7,116,0.4614131510592179
2023-08-05,7,160,0.10055488035944626
2023-08-15,18,143,0.5284440175869471
2023-10-06,9,50,0.4391721081007077
2023-01-25,2,193,0.4186647168482093
2023-04-02,10,176,0.959089833862098
2023-09-20,15,96,0.8362320687775842
2023-10-30,17,44,0.5957992362167369
2023-03-31,10,146,0.5946744787582748
2023-01-04,4,35,0.11749773717568568
2023-02-03,1,106,0.5728136724891995
2023-06-16,10,19,0.3713158331534302
2023-05-13,15,193,0.3621387313128617
2023-06-30,1,4,0.03536170291735108
2023-06-05,3,43,0.029080445855691917
2023-12-14,22,141,0.8444745285856227
2023-07-22,8,138,0.3200832861141544
2023-11-07,13,195,0.48008665220530966
2023-04-26,10,40,0.5186999265379503
2023-12-14,8,119,0.9732715701496639
2023-02-01,6,47,0.8858204583374779
2023-02-25,6,177,0.3349487879203179
2023-05-17,14,75,0.25743044680750193
2023-11-30,7,17,0.4717585879934234
2023-09-05,24,87,0.6200765218554922
2023-08-13,21,119,0.9542227353569273
2023-10-17,17,76,0.6849073516625978
2023-09-10,2,21,0.8939554989203388
2023-06-14,4,137,0.15984909285552995
2023-04-04,6,138,0.15431707768244673
2023-01-25,12,96,0.3229877530106168
2023-05-30,6,78,0.7348012189081906
2023-08-06,20,26,0.20635212960202365
2023-01-06,3,64,0.14193708530672877
2023-08-09,20,194,0.3543456589919005
2023-02-01,8,79,0.5431784664191025
2023-04-01,7,33,0.33928704142412847
2023-03-28,13,85,0.8548856869601056
2023-08-05,11,178,0.09860830177848923
2023-10-05,1,119,0.017817471074302427
2023-03-28,11,35,0.14981360900205576
2023-08-20,12,14,0.03736480605010728
2023-08-02,10,75,0.307916069479797
2023-07-21,11,156,0.6994379386711287
2023-07-04,22,33,0.445820698782197
2023-10-05,23,98,0.2645072733819984
2023-10-09,18,74,0.6929771833148951
2023-10-27,11,123,0.8093693957196778
2023-11-03,25,159,0.730995302442085
2023-05-26,23,182,0.7312010843621658
2023-02-13,23,11,0.9646680225559976
2023-07-18,1,200,0.15050810326283104
2023-12-01,12,17,0.4533034252242698
2023-05-18,17,22,0.7895993065674323
2023-02-17,15,153,0.9194831341580747
2023-07-17,17,160,0.9701624075686174
2023-08-27,12,148,0.10261101274501216
2023-06-09,21,118,0.6693726089638129
2023-03-24,2,162,0.2657458433119052
2023-04-14,7,127,0.05241772337089923
2023-06-24,24,192,0.35995655907358437
2023-04-21,25,64,0.39573153112880055
2023-11-28,19,37,0.17630468914012198
2023-03-27,25,59,0.11807276169415659
2023-04-05,1,14,0.5391203494897542
2023-01-04,21,48,0.5349537564042492
2023-03-14,13,141,0.9943807841002553
2023-03-02,24,38,0.5639735447064895
2023-03-05,11,195,0.6000577886937045
2023-11-29,13,135,0.7683492887925054
2023-06-20,4,156,0.9364634597960646
2023-12-01,9,127,0.84184107433103
2023-09-15,22,2,0.8325401797398545
2023-07-27,22,168,0.9145535678574906
2023-07-08,1,65,0.367948693808105
2023-05-31,8,97,0.8523363443840798
2023-10-24,10,122,0.8080873106677946
2023-01-21,16,49,0.5579700520812092
2023-02-10,2,136,0.8235505599114528
2023-03-18,10,128,0.10143236798323896
2023-12-21,25,169,0.7345514815006515
2023-06-28,25,130,0.851119709527691
2023-05-16,3,31,0.23605558465876897
2023-08-29,10,11,0.10794591614452098
2023-09-22,1,16,0.5891973781232542
2023-09-17,19,155,0.8937364774411944
2023-11-11,7,20,0.3527971885850464
2023-01-30,15,81,0.5320892450386672
2023-09-04,8,116,0.9169395058613229
2023-04-29,23,62,0.8326724898588869
2023-11-23,16,34,0.9076443837766597
2023-07-23,17,176,0.8279995813180909
2023-04-15,15,87,0.16229857116966062
2023-10-23,6,153,0.5724327839603935
2023-11-14,16,128,0.9590671075484514
2023-08-26,18,66,0.43855761422450257
2023-06-28,1,145,0.04160025190967065
2023-08-11,18,82,0.3466229544606034
2023-10-30,16,56,0.7475464287894071
2023-01-27,16,63,0.8790198996802474
2023-08-09,21,155,0.8396263558539232
2023-05-15,4,32,0.36014782800592815
2023-06-28,24,100,0.13516574219730593
2023-03-21,7,4,0.4464187296886458
2023-06-26,19,149,0.5509154286399425
2023-06-16,16,195,0.309179321470728
2023-04-10,8,166,0.1783959326186837
2023-01-25,10,58,0.5568065865458287
2023-01-01,15,23,0.16848399873469766
2023-04-04,17,43,0.026232279822289817
2023-08-08,6,150,0.7575885785961927
2023-05-29,25,121,0.507884213041556
2023-11-17,2,62,0.34748396925508407
2023-07-14,11,113,0.4999546029945182
2023-03-22,18,96,0.8639633269834068
2023-05-10,22,97,0.584224281832036
2023-12-17,15,89,0.7197947516340922
2023-08-20,9,29,0.9591417024714675
2023-11-15,14,117,0.606608151895428
2023-11-03,16,146,0.01899505935029755
2023-12-18,18,175,0.9786678380232281
2023-12-10,22,7,0.5567217048680522
2023-01-26,21,33,0.8070185013631235
2023-08-19,18,41,0.7648176685679734
2023-02-02,25,191,0.49953741673679075
2023-02-28,18,12,0.3225726732955603
2023-12-01,6,35,0.6416001384596934
2023-12-25,8,157,0.18024306306221471
2023-03-21,13,159,0.8662270294872396
2023-03-07,7,69,0.8137480138640962
2023-04-19,23,153,0.03084507188033303
2023-11-03,6,101,0.5948767981773331
2023-12-03,1,176,0.22837340211161838
2023-02-14,4,95,0.9663702067946973
2023-02-23,14,167,0.5883719976926339
2023-11-20,14,15,0.7895041420078516
2023-09-27,22,194,0.43100690339468606
2023-06-22,21,130,0.48918571468173644
2023-01-11,23,170,0.33860201726252914
2023-06-12,3,171,0.7179585128036412
2023-10-28,8,107,0.5997433998613206
2023-01-13,17,61,0.9247666210536868
2023-08-31,2,170,0.17262561520505137
2023-12-14,2,180,0.683540531946075
2023-07-16,23,126,0.13583191749987322
2023-05-08,5,161,0.49346460394989533
2023-09-05,11,180,0.14660192730007215
2023-03-01,19,40,0.059184692236972536
2023-07-06,22,191,0.30042774830456853
2023-10-07,25,168,0.3967734263824708
2023-12-06,25,140,0.4362976607956084
2023-08-04,21,19,0.807931740420887
2023-04-05,2,197,0.6431270817349055
2023-03-21,23,171,0.2928011872912809
2023-01-25,14,48,0.5887152265148374
2023-05-22,8,18,0.9716485909498016
2023-04-04,9,118,0.05293789740271149
2023-04-03,10,59,0.7970009465597465
2023-05-24,20,75,0.8858574075838848
2023-11-29,5,55,0.25919577535859006
2023-12-16,4,23,0.07509753704414712
2023-04-11,24,35,0.1210573421621628
2023-08-20,1,144,0.19879193499943104
2023-02-14,18,191,0.7548905561532416
2023-02-03,12,58,0.14995833080251375
2023-03-14,18,90,0.28912814105883833
2023-07-25,13,67,0.668050944751431
2023-06-21,9,173,0.2809120253204561
2023-11-29,15,64,0.4523789357675466
2023-11-07,25,5,0.4820046908294705
2023-02-03,10,56,0.6688956105912356
2023-01-25,4,58,0.3552720385335102
2023-08-10,8,197,0.0008014144147453495
2023-06-27,7,134,0.242130274544601
2023-05-29,12,131,0.3515423101110212
2023-03-13,21,130,0.7267784656060872
2023-07-29,10,88,0.2573294003603356
2023-12-19,7,111,0.6191432063794033
2023-04-15,25,172,0.5741612076208487
2023-01-16,20,117,0.039655169943663804
2023-10-27,20,165,0.08017165675011007
2023-11-14,19,141,0.01604780360830449
2023-05-23,12,128,0.6822324516854319
2023-06-26,1,162,0.6490419043521154
2023-02-03,1,79,0.7411298149069042
2023-07-16,21,70,0.02537152279030841
2023-03-21,7,150,0.2769798920537737
2023-11-02,18,23,0.7072674829936232
2023-08-17,4,52,0.19738214201629933
2023-02-26,1,29,0.7977829891502403
2023-08-27,14,84,0.1676011894728754
2023-06-25,22,69,0.7293558587679032
2023-08-23,5,22,0.4087435393097434
2023-06-24,9,73,0.1746044931270988
2023-11-21,7,96,0.5353990072026135
2023-12-30,8,34,0.873827369866797
2023-10-20,11,87,0.355200191177355
2023-01-26,24,42,0.23243518661945028
2023-12-05,3,171,0.8052790360570729
2023-02-14,6,198,0.7666082437884046
2023-10-31,3,132,0.1570025101774727
2023-06-25,15,81,0.4005088550394026
2023-08-21,7,185,0.9697507017505002
2023-05-05,15,121,0.7213510893611725
2023-09-08,20,187,0.31374224024159447
2023-10-15,19,71,0.5936384481620439
2023-01-29,10,144,0.6312069607463836
2023-03-23,25,115,0.6057435087395368
2023-08-17,10,143,0.7674715339233616
2023-10-09,7,171,0.9649995057762859
2023-12-12,15,105,0.793217650760855
2023-05-26,22,107,0.4094402817005006
2023-01-03,9,6,0.5628091863406235
2023-09-12,16,107,0.5227090291152788
2023-06-23,7,153,0.7595514065019179
2023-12-15,5,3,0.070228111554823
2023-05-25,7,88,0.8657201130538131
2023-06-01,9,38,0.6511736626776853
2023-05-26,22,184,0.8255107977572288
2023-01-26,11,1,0.18642937352241895
2023-01-29,9,100,0.6240378756679236
2023-12-28,24,51,0.588814311381254
2023-11-12,24,5,0.19264739736908987
2023-03-18,17,152,0.22447391350604606
2023-11-03,25,181,0.2634882282955058
2023-04-04,7,181,0.49087592288344084
2023-04-05,25,13,0.5747622764569339
2023-03-04,21,4,0.43666275338049143
2023-05-07,24,116,0.7005455351166469
2023-04-16,20,14,0.9079457618339664
2023-06-12,10,55,0.1569086057825808
2023-07-01,18,11,0.6323414384839728
2023-01-19,13,6,0.18342843021787014
2023-11-04,18,146,0.5825978477676744
2023-12-19,15,65,0.8434590421663989
2023-09-17,3,41,0.40752608417911473
2023-11-26,5,26,0.34894565169317093
2023-01-14,8,110,0.30955394678159565
2023-08-09,7,45,0.28664178262762396
2023-11-19,17,116,0.7814956314767724
2023-05-26,7,196,0.07790048941097671
2023-07-20,3,65,0.19970984675271397
2023-05-19,10,56,0.44299898711100005
2023-06-27,19,187,0.018791125692619204
2023-10-05,21,28,0.2179183702378018
2023-08-05,12,162,0.6062303214842785
2023-06-22,3,12,0.20032835159739104
2023-04-06,7,163,0.8583177842378987
2023-11-17,18,45,0.15659345942650726
2023-12-25,14,105,0.7379200913504197
2023-10-29,17,92,0.5095007873203892
2023-04-28,18,46,0.6408948175499667
2023-04-29,4,118,0.5792428451939026
2023-07-19,7,88,0.1680355306036848
2023-10-21,16,8,0.5486525040374105
2023-08-15,8,54,0.004972758848434955
2023-12-14,24,188,0.8941049912559712
2023-10-27,20,64,0.45153337957364925
2023-06-18,11,13,0.20378031952169828
2023-10-19,3,91,0.6325304637157334
2023-05-25,12,23,0.851961384462455
2023-08-13,9,147,0.1656379198727398
2023-12-17,7,30,0.18542625187554806
2023-07-17,6,60,0.25197850170337077
2023-12-04,6,192,0.2210596274390807
2023-01-22,5,6,0.5198058645800838
2023-11-20,13,125,0.7747910666318355
2023-12-01,23,184,0.9621558595699516
2023-12-14,1,131,0.47049484774606054
2023-03-14,17,98,0.2876993180901337
2023-10-06,6,52,0.2700502117513244
2023-04-25,14,172,0.5917286205315971
2023-09-20,19,49,0.4481974633918556
2023-08-27,20,104,0.6839349859933836
2023-11-10,17,128,0.4922536641035645
2023-01-07,7,46,0.4417037376373437
2023-05-10,17,140,0.34575297629511204
2023-12-26,5,148,0.15309320853381736
2023-02-07,20,187,0.11471646139749492
2023-04-13,13,64,0.7961923293976452
2023-02-27,9,143,0.7295900590468004
2023-09-11,24,160,0.8935840169080606
2023-01-19,4,65,0.9275179842867308
2023-03-07,19,17,0.9789292908379306
2023-03-04,4,131,0.41796596064716385
2023-11-04,7,136,0.10140514769643705
2023-04-08,13,194,0.5039474491843047
2023-11-19,9,81,0.4528928428161628
2023-09-28,22,91,0.18877819838629872
2023-04-07,1,169,0.43269345335066034
2023-04-14,7,41,0.24431442147832538
2023-11-07,18,103,0.9256456816017428
2023-08-24,18,78,0.33582593458337096
2023-03-09,8,174,0.22258417190141866
2023-09-17,23,10,0.17467763615312615
2023-12-05,18,67,0.9062624149884234
2023-07-13,25,182,0.1312323395781092
2023-09-20,3,47,0.7090944520721958
2023-08-11,19,179,0.9479623362484914
2023-09-20,17,193,0.16524273598270633
2023-05-14,15,60,0.1925885202056098
2023-07-23,9,14,0.41957893433898186
2023-02-17,20,19,0.4625985725880606
2023-01-30,1,52,0.3969380602583831
2023-07-17,1,131,0.4149880316554839
2023-06-10,12,156,0.7277134394818559
2023-01-24,5,154,0.31948485282475536
2023-10-12,25,76,0.4654733851388574
2023-02-10,24,171,0.4561984031784373
2023-02-15,10,150,0.4394203400255856
2023-09-07,18,160,0.9691240117143584
2023-02-05,16,37,0.8376935538696026
2023-12-01,13,190,0.8433508687165384
2023-12-14,8,136,0.2868934246638881
2023-05-02,25,113,0.033091521708337845
2023-02-27,17,55,0.48251305060973093
2023-12-14,11,159,0.3251199268670414
2023-04-27,14,178,0.43797021411440296
2023-09-26,12,98,0.6188776588666683
2023-07-12,17,110,0.8711873169940372
2023-12-12,17,186,0.0012612404397702726
2023-03-26,16,147,0.5600991984912566
2023-10-06,6,161,0.8191871650695264
2023-05-14,20,23,0.23626171078594382
2023-12-28,1,16,0.9128765903632848
2023-10-12,8,9,0.12920088110852201
2023-06-11,24,18,0.6193609400846026
2023-12-04,24,18,0.8324986461803363
2023-06-01,22,77,0.8751292944178294
2023-09-30,5,29,0.8165618849132451
2023-07-07,23,36,0.25351773646695774
2023-05-18,16,6,0.3840790315543474
2023-06-28,10,41,0.7390878358389621
2023-04-19,5,24,0.9950800407635366
2023-08-08,21,12,0.8195653965572914
2023-08-23,3,6,0.5276169767707724
2023-04-24,23,51,0.09097229334400736
2023-12-03,24,34,0.22799559579612128
2023-06-24,6,100,0.24856296803986078
2023-03-30,12,70,0.6213363323138729
2023-06-21,1,117,0.885089980671964
2023-07-01,20,20,0.7130024671993371
2023-05-14,18,130,0.0277751396779784
2023-01-05,25,4,0.7614460518748165
2023-03-05,10,108,0.3633119315601522
2023-06-17,4,153,0.1718900521146608
2023-05-19,15,50,0.03165258475847732
2023-07-04,25,147,0.24864592316545386
2023-02-20,24,99,0.5639174179380925
2023-08-12,8,47,0.3237093808408512
2023-03-16,9,146,0.7400088689663564
2023-07-30,16,166,0.6949920423056298
2023-12-26,3,125,0.2640981648259225
2023-04-02,14,96,0.5487570677733838
2023-07-30,11,61,0.014697598223127883
2023-08-30,5,175,0.22991973317438408
2023-10-04,17,187,0.4671580885086867
2023-04-10,22,97,0.9990202997552595
2023-06-13,25,8,0.06316033373067642
2023-10-23,18,125,0.05861163144483672
2023-07-25,11,125,0.06472139527200427
2023-05-22,13,154,0.11592677687823316
2023-07-15,15,36,0.1431567468121957
2023-10-17,3,54,0.5058130901693022
2023-10-05,24,167,0.4116580845642499
2023-04-06,12,146,0.5503298904893351
2023-08-06,10,143,0.7058584725459424
2023-11-17,11,60,0.7289341769224592
2023-06-15,8,83,0.12426348990776459
2023-10-17,18,109,0.012606341894843665
2023-07-03,25,94,0.5370628119753894
2023-11-11,21,46,0.894430114800488
2023-09-05,18,99,0.9718879297347407
2023-10-11,4,4,0.10147812060938888
2023-12-31,5,40,0.2916481191675411
2023-12-21,3,64,0.11695960205011102
2023-07-16,8,174,0.03602152300257422
2023-07-17,3,30,0.3954991237580606
2023-05-30,20,81,0.3596695543817401
2023-11-17,7,143,0.8497155162704644
2023-02-02,21,184,0.9646440857552169
2023-11-25,8,89,0.11936933573444775
2023-08-04,23,140,0.7626995313280249
2023-05-30,3,185,0.6269769358024149
2023-06-20,23,134,0.6547617309969984
2023-07-08,3,77,0.6779971205127483
2023-09-06,8,135,0.15341651592152927
2023-09-17,25,195,0.3321097992957177
2023-01-13,11,187,0.643425795010058
2023-03-25,7,91,0.5867684911790901
2023-10-07,19,167,0.2764003425615448
2023-06-04,12,99,0.047857679122514485
2023-10-11,8,143,0.33569495789065307
2023-05-16,17,100,0.4338120972561972
2023-03-26,4,74,0.0320307083605319
2023-01-18,2,37,0.32943517382658094
2023-11-13,22,152,0.2618564956561832
2023-11-25,24,3,0.5947570573596793
2023-12-06,23,131,0.7940401440472629
2023-03-09,12,122,0.7966577974318753
2023-01-25,4,13,0.2082720434010027
2023-01-31,7,196,0.8662817029558041
2023-07-11,24,31,0.3312661822153089
2023-02-05,7,156,0.7745672149109928
2023-12-12,25,80,0.24417321077414256
2023-07-01,5,164,0.8250231681123166
2023-11-29,22,116,0.13516152296441042
2023-02-11,10,9,0.14285126619785327
2023-07-03,6,93,0.007242093359871471
2023-04-25,10,126,0.02896576133182749
2023-06-09,10,178,0.6420373689726723
2023-07-11,3,51,0.16265221661765283
2023-10-01,12,70,0.7469511381162649
2023-03-13,13,157,0.11965394663362838
2023-01-13,8,121,0.5289485743608011
2023-11-19,12,40,0.9162058018928837
2023-05-14,4,168,0.3124321407649592
2023-04-04,24,43,0.31432089298993804
2023-07-10,11,148,0.6219603339878527
2023-05-27,17,24,0.5512821917176368
2023-04-24,13,45,0.34435424478996235
2023-09-10,15,107,0.7285171676193449
2023-11-16,16,33,0.08144787335776016
2023-01-30,20,15,0.33931915814896685
2023-04-06,1,117,0.6535904087759531
2023-08-22,20,177,0.3336416707490244
2023-12-18,15,34,0.946725597289662
2023-03-28,19,108,0.38419015011000446
2023-08-30,23,180,0.6204329149694832
2023-01-31,16,184,0.6687681346664647
2023-01-30,18,133,0.44590384377156855
2023-09-26,20,166,0.38095171423928953
2023-03-26,4,33,0.8488961962492811
2023-08-06,23,110,0.12933363028845735
2023-12-01,15,10,0.6015587974470026
2023-04-15,8,41,0.2977088322182233
2023-03-30,11,15,0.5753451282516695
2023-05-04,6,68,0.8702606593318712
2023-05-27,23,41,0.14305338279111002
2023-07-06,10,190,0.19099090075201952
2023-10-28,25,160,0.5828178304225922
2023-03-07,20,62,0.6909162430485425
2023-08-20,5,30,0.3068726751582761
2023-01-23,13,200,0.701900035723073
2023-10-15,10,14,0.02792396170831224
2023-03-03,11,161,0.021227310998103044
2023-03-15,17,102,0.48568389127508205
2023-05-30,25,83,0.979772807033088
2023-01-07,13,193,0.23746217573419337
2023-06-19,16,132,0.3215852895748038
2023-04-19,23,150,0.7024824017672421
2023-11-20,21,74,0.03836578460715645
2023-05-30,22,37,0.22167173896402514
2023-08-07,11,59,0.5918077492411968
2023-09-01,5,152,0.644633752634266
2023-04-30,10,157,0.19688706550803226
2023-01-01,25,156,0.7429560988390069
2023-05-08,13,187,0.5277420604171963
2023-04-02,6,158,0.5150182892910015
2023-01-01,19,128,0.8614181871028121
2023-07-03,1,116,0.4982572092126515
2023-12-14,4,41,0.9202800361088116
2023-07-03,7,150,0.3746317081095081
2023-02-03,6,189,0.5565157693259701
2023-01-30,2,38,0.6962410065977344
2023-07-23,12,153,0.006221980797767368
2023-07-16,13,26,0.8626365060703839
2023-12-19,11,187,0.3947843474876159
2023-06-23,13,194,0.6864239198989698
2023-12-03,23,52,0.5574511778726021
2023-08-04,18,196,0.023400249771857506
2023-12-03,23,179,0.8135191075657787
2023-02-08,24,71,0.16210776023819395
2023-10-15,18,142,0.6641993499013074
2023-07-22,21,180,0.7133501960807356
2023-07-11,2,1,0.15115654878216367
2023-01-12,19,187,0.5384046307392082
2023-05-04,8,104,0.3903922655993881
2023-02-05,19,195,0.6315968066160902
2023-02-07,1,55,0.36142164005706456
2023-09-10,2,178,0.061233929499843076
2023-10-26,8,194,0.3836357655546695
2023-04-29,5,188,0.9513730322580447
2023-09-06,22,133,0.5834900253368038
2023-07-06,1,51,0.4245627389525819
2023-06-16,14,57,0.5686751133709597
2023-08-17,5,144,0.5847231650625566
2023-12-10,15,174,0.9430689437860292
2023-12-11,9,58,0.5047951820599533
2023-08-13,13,11,0.06349852358943797
2023-04-11,22,47,0.9771547462281114
2023-11-22,9,2,0.4469138651863228
2023-08-07,7,124,0.8901051011746501
2023-11-30,18,186,0.7684001432276913
2023-01-14,8,159,0.2717909761361801
2023-10-16,9,200,0.22918342300767902
2023-08-10,17,158,0.6270444447902516
2023-07-14,12,41,0.3876721133014367
2023-11-16,16,77,0.4630852814299665
2023-09-02,23,170,0.6276854907917726
2023-02-23,21,163,0.5960178772824123
2023-03-30,10,166,0.8448835721883097
2023-05-16,21,30,0.9036106464182292
2023-07-02,17,110,0.15052600207496347
2023-02-16,12,140,0.8414742198799424
2023-05-01,21,97,0.8838101581343548
2023-10-04,10,149,0.37681766650592186
2023-06-21,16,194,0.5762835625182774
2023-11-14,1,61,0.9715863125894613
2023-11-02,10,12,0.6400747151214131
2023-02-21,3,79,0.9094713729987851
2023-10-21,14,19,0.7699591996599608
2023-11-19,17,118,0.3898817427797223
2023-01-13,9,95,0.47977647717019656
2023-03-25,11,90,0.0027757178413609918
2023-05-07,18,189,0.09616085787218687
2023-03-04,25,69,0.9740475253534938
2023-08-27,25,119,0.47833754897955527
2023-12-08,24,149,0.3884658700392064
2023-10-14,2,71,0.8244837562543152
2023-04-01,4,174,0.5383156649300233
2023-01-03,24,8,0.035158352049420194
2023-01-23,5,43,0.6185756910565506
2023-06-11,25,155,0.05560359804893367
2023-03-14,10,37,0.35752778301003985
2023-02-18,3,25,0.31580506294379496
2023-03-16,23,190,0.8554289129461327
2023-09-14,20,1,0.6296657208098309
2023-04-14,12,55,0.9576114809806561
2023-01-14,16,166,0.7534671719249543
2023-10-23,16,111,0.4026268007377696
2023-06-29,11,74,0.5332568014381528
2023-10-23,20,131,0.16561116202512094
2023-06-26,5,27,0.913950270535238
2023-08-25,12,95,0.5644397935288912
2023-05-07,8,199,0.04142618196919068
2023-08-20,24,81,0.35637229934381787
2023-02-24,15,121,0.22230275062447258
2023-11-07,22,2,0.6205677048399217
2023-08-15,12,105,0.47867924119230487
2023-10-17,25,58,0.5020572560656738
2023-09-06,2,115,0.5184235688037194
2023-02-17,16,6,0.7018278578220942
2023-07-27,13,131,0.5897932650229039
2023-05-14,7,103,0.9237938392381676
2023-07-06,21,137,0.6451129439627266
2023-06-04,22,59,0.5483925671681507
2023-10-21,14,154,0.14830386990905975
2023-12-29,2,186,0.8544447132635572
2023-12-21,19,106,0.8595017278981897
2023-10-10,18,115,0.507695990282424
2023-04-26,22,78,0.09684768233615193
2023-06-22,24,167,0.6700326364615965
2023-10-30,9,47,0.7734378268856943
2023-01-11,24,4,0.9861344731113791
2023-03-20,25,149,0.6680340145518898
2023-06-17,9,19,0.8554801666241556
2023-10-29,6,176,0.2984681250121973
2023-04-17,5,140,0.5047110872495135
2023-06-10,13,149,0.3910123717398195
2023-05-21,4,132,0.07431679530689406
2023-02-09,19,124,0.40642358097932285
2023-08-27,10,199,0.669034205547191
2023-12-31,12,151,0.26212215502085245
2023-08-26,4,183,0.26920227204338587
2023-06-04,7,10,0.3251230797173643
2023-02-04,10,153,0.18692232888235494
2023-07-14,17,101,0.365222066469297
2023-12-15,1,200,0.6244741065520816
2023-02-27,2,2,0.707297804381186
2023-02-03,22,94,0.8668662922286801
2023-04-23,20,117,0.5185197981245543
2023-12-20,11,184,0.1799777122799988
2023-07-02,4,90,0.23338412652882157
2023-04-26,17,54,0.5516255086332638
2023-01-27,17,135,0.8164457737874399
2023-09-19,5,119,0.5454492505841436
2023-10-13,4,22,0.07750517736038254
2023-04-28,23,145,0.7196299464808016
2023-12-28,19,148,0.2011748583903652
2023-09-18,19,111,0.3064076636906857
2023-07-05,25,15,0.9155776235429709
2023-04-22,23,179,0.6009767615526396
2023-11-02,15,37,0.711926766677559
2023-03-15,4,159,0.9821220000764675
2023-01-22,16,8,0.07163912588652355
2023-04-14,15,61,0.1745160938552237
2023-02-02,19,194,0.1581097824472063
2023-05-16,19,111,0.02395991376110085
2023-03-28,4,174,0.8980169175001044
2023-02-18,23,45,0.7096369994633416
2023-12-06,25,113,0.9594780343741942
2023-06-08,1,34,0.25704545745334717
2023-06-28,4,17,0.23856630869009554
2023-05-02,25,26,0.869604226117482
2023-06-12,1,154,0.6681152734644514
2023-11-13,12,81,0.8906470782191386
2023-08-24,10,23,0.3002360705093938
2023-11-22,19,23,0.7123750162408541
2023-08-30,23,60,0.1548671658603462
2023-01-06,11,160,0.3196150395285128
2023-04-07,20,181,0.34082723008657567
2023-04-26,19,78,0.14570298929342618
2023-08-14,16,116,0.23151775187396595
2023-03-28,22,84,0.6595528013392968
2023-01-30,24,125,0.914967092224204
2023-01-10,7,154,0.11357111004511822
2023-11-16,8,34,0.27773304599012383
2023-01-25,18,139,0.47185050638118886
2023-04-26,5,35,0.7387458173967545
2023-12-17,11,126,0.2725250905131421
2023-02-01,25,74,0.1164236816151869
2023-02-24,1,43,0.8888158847648596
2023-03-26,6,133,0.9270358595499291
2023-11-27,17,171,0.09497664682685825
2023-01-06,17,18,0.3498223483531816
2023-12-13,23,189,0.03401710350374354
2023-09-14,12,175,0.37554727476926064
2023-09-24,6,180,0.34751511540755686
2023-10-27,25,100,0.6070468300347956
2023-04-02,8,105,0.29843522488873286
2023-12-08,8,150,0.46319939251222175
2023-07-09,17,51,0.7536055217115863
2023-09-29,12,96,0.8958110883847764
2023-05-18,8,71,0.4533801435081919
2023-04-14,6,42,0.3324666838302087
2023-03-29,15,161,0.48056157334756266
2023-03-01,3,174,0.8001099477653533
2023-12-14,15,60,0.12992023613669446
2023-03-07,4,176,0.8577785719732027
2023-03-14,21,141,0.8189366602147813
2023-12-31,23,195,0.17144108770876587
2023-06-07,18,62,0.38858544154654795
2023-09-10,3,80,0.34433093995233743
2023-09-16,14,56,0.5129991634230582
2023-01-02,24,82,0.29941312194334435
2023-12-16,11,195,0.7012163203220448
2023-07-20,17,31,0.046082498403464234
2023-12-14,15,182,0.7343776142464454
2023-01-06,4,17,0.37393567791516824
2023-08-03,10,89,0.18634449018228483
2023-07-07,2,102,0.4513661358539379
2023-04-09,5,71,0.0020722462001692143
2023-04-05,24,83,0.05138533565203218
2023-12-14,15,129,0.8482505125251875
2023-08-14,18,200,0.7804701523831935
2023-04-28,16,14,0.5517132635582552
2023-12-07,18,55,0.44809496168273044
2023-02-08,9,189,0.02588453218034137
2023-12-22,14,14,0.25311303514199623
2023-05-08,5,108,0.6440834283006494
2023-05-10,18,189,0.4648689076084651
2023-01-28,22,187,0.3900532386293777
2023-09-01,5,149,0.44418314951635973
2023-01-17,25,195,0.5299354101608025
2023-04-28,1,137,0.6148364585839426
2023-12-08,14,115,0.5244078965007125
2023-03-24,23,91,0.9033566919732858
2023-08-31,25,33,0.6315202292494083
2023-06-27,17,33,0.014817467371950221
2023-05-07,9,78,0.4466309419683956
2023-09-07,11,21,0.9173666319969519
2023-08-11,2,71,0.7304670902796476
2023-12-28,7,173,0.008738522289917672
2023-03-09,15,60,0.06573767256833807
2023-11-19,2,137,0.2340711582845707
2023-09-16,4,174,0.878695907202497
2023-03-01,12,188,0.6479958218756968
2023-02-11,17,82,0.08624084384923669
2023-09-20,3,46,0.34565461109378204
2023-02-09,24,79,0.002482924823345556
2023-03-15,17,113,0.05773738337252676
2023-12-23,21,39,0.01738536010767744
2023-03-09,22,64,0.22719220672316687
2023-12-10,18,180,0.22022891199168337
2023-07-27,13,108,0.0664507583161108
2023-12-31,23,128,0.21288506339459012
2023-08-17,9,170,0.3596474228877147
2023-03-30,5,171,0.09262791309572127
2023-03-29,10,110,0.7293881489598559
2023-06-21,3,14,0.2133345391298882
2023-03-21,15,140,0.0064374932227598824
2023-05-31,25,65,0.4896991267709432
2023-11-13,15,140,0.7967384980160315
2023-03-26,8,154,0.9877737166134058
2023-04-29,3,133,0.38194025002226717
2023-11-23,19,32,0.3754817704316389
2023-12-27,17,192,0.42676446340703367
2023-03-12,18,47,0.0654973810164412
2023-03-31,19,19,0.17568399708489313
2023-01-27,6,48,0.6850275060211373
2023-01-15,12,147,0.5917640947234771
2023-10-18,9,56,0.14722364420772083
2023-08-27,4,170,0.6952236936580669
2023-09-28,4,61,0.6705441280734159
2023-03-05,13,107,0.2047358787559609
2023-12-09,18,8,0.7955759666227747
2023-12-27,11,38,0.4448045237338726
2023-05-31,25,25,0.04287832701007244
2023-07-29,6,2,0.9048142294189796
2023-02-15,22,49,0.939250400586506
2023-04-12,1,145,0.9677506075142123
2023-01-06,14,31,0.9117666009824305
2023-09-13,11,151,0.3352268003504222
2023-05-28,15,85,0.2847140355475528
2023-05-15,7,115,0.5395401210268903
2023-03-13,12,165,0.369719325311444
2023-07-24,10,190,0.496226595521404
2023-04-25,21,97,0.3576749874042534
2023-12-31,3,13,0.13237629897284742
2023-01-19,24,17,0.07009807433563187
2023-09-22,4,44,0.8443792882791901
2023-08-12,7,195,0.06826203074728598
2023-01-02,24,169,0.5995329742806033
2023-01-01,5,90,0.8960992224690791
2023-03-22,7,172,0.24995693618515014
2023-10-30,10,195,0.7774734047123412
2023-08-03,13,73,0.7789279804370958
2023-11-23,9,151,0.5178923451960771
2023-12-29,2,195,0.01073968794986857
2023-01-06,8,148,0.3535687542820125
2023-12-18,19,188,0.49495001978315645
2023-10-29,19,157,0.9586207937384401
2023-03-05,18,17,0.06891587339616789
2023-06-10,21,154,0.46031364189734414
2023-06-04,12,184,0.6758556906159573
2023-05-22,17,120,0.9653227512555902
2023-10-13,10,95,0.18728533686984072
2023-10-03,15,165,0.32372948717502326
2023-09-08,19,152,0.5084766278539979
2023-02-15,25,36,0.2225257650656901
2023-05-08,13,73,0.10746851206821684
2023-08-10,9,73,0.6180174210136258
2023-01-19,24,141,0.2310377716641021
2023-09-10,19,162,0.8700736361675538
2023-01-25,19,8,0.9921309253488041
2023-05-03,17,182,0.7338593786268178
2023-09-14,8,124,0.04572091424217106
2023-04-29,2,67,0.1562158675175086
2023-03-09,21,59,0.6172671117522622
2023-01-22,17,190,0.14288550992701732
2023-02-10,22,136,0.9321465976933756
2023-11-06,16,106,0.22102489522843705
2023-06-05,23,66,0.8416761746610449
2023-12-16,12,196,0.2094995139551069
2023-09-18,21,127,0.8231653268378596
2023-02-27,1,139,0.6531798783286469
2023-10-08,5,144,0.5322256034774818
2023-12-23,2,8,0.32079245936406575
2023-02-11,15,176,0.83090602070213
2023-09-16,11,143,0.08147561101715728
2023-04-13,12,127,0.3511298336021881
2023-04-18,24,47,0.876312666503674
2023-08-10,20,134,0.12290709788342347
2023-10-06,16,26,0.1980517163972778
2023-08-15,6,183,0.29459078949657647
2023-02-02,20,130,0.9308843862104565
2023-04-20,24,119,0.27969557269782286
2023-04-28,14,173,0.22128065055937685
2023-02-12,24,187,0.12897368869053838
2023-09-02,11,53,0.26597218222859376
2023-11-05,9,84,0.17491435143774015
2023-02-22,15,15,0.4262832844956943
2023-04-19,15,58,0.6896622996142738
2023-04-05,15,148,0.6082272190326846
2023-12-20,17,119,0.9268660985911568
2023-06-16,22,36,0.8258129040273448
2023-08-22,10,45,0.14886554453978396
2023-01-26,2,97,0.6529941464676259
2023-06-29,13,133,0.3308509973859255
2023-09-22,6,128,0.21930975196491953
2023-01-14,23,107,0.30020607010714373
2023-01-07,25,23,0.24242423587756212
2023-07-20,16,97,0.22310371499001436
2023-11-10,24,39,0.9142981896929224
2023-04-09,7,76,0.8707897973979606
2023-12-14,2,49,0.08526205323562241
2023-11-13,22,184,0.6013112062705027
2023-09-24,22,126,0.6245045557026208
2023-03-20,5,104,0.47922081376144166
2023-11-24,24,148,0.4586933218142689
2023-10-07,16,2,0.334912529579814
2023-09-04,6,102,0.8352802692475217
2023-08-04,13,38,0.23897135297912275
2023-03-26,18,65,0.0771225139658499
2023-09-06,14,78,0.6727898413838761
2023-03-16,17,46,0.43422484277278517
2023-04-14,5,135,0.7949892109472234
2023-04-26,21,195,0.28112782010188964
2023-12-08,18,157,0.10639143707948973
2023-05-07,15,65,0.743289725686337
2023-01-01,3,3,0.4017360560939761
2023-11-23,23,118,0.4213663471425536
2023-03-13,12,173,0.5071754209222127
2023-05-23,2,72,0.6289641988450545
2023-09-15,12,16,0.9532342852600522
2023-01-23,8,188,0.657054151702281
2023-09-04,4,5,0.5455033804006284
2023-05-11,22,119,0.5355092249532112
2023-05-10,16,32,0.20467421554951837
2023-12-25,9,150,0.24301911796444642
2023-06-23,1,60,0.909501844095783
2023-07-07,24,74,0.36850520200414916
2023-10-26,14,150,0.6313339617512891
2023-09-17,10,163,0.355095510640696
2023-04-06,13,79,0.7522027461416597
2023-04-01,14,81,0.051355325901499715
2023-12-28,10,15,0.368168118842059
2023-10-11,16,60,0.5426584751234653
2023-07-20,22,68,0.2741691464846694
2023-02-20,22,143,0.10356052906658464
2023-02-16,7,30,0.41189208678375966
2023-08-28,15,191,0.6222977058747678
2023-05-29,6,181,0.3366418870024679
2023-11-29,2,34,0.33341859534734397
2023-11-20,20,142,0.002341852521160259
2023-11-08,10,90,0.9283111520455025
2023-02-28,18,165,0.3141021970011578
2023-09-15,12,154,0.26612733495886387
2023-06-27,7,78,0.3601526142109923
2023-04-12,1,81,0.5548928973375867
2023-09-12,5,123,0.3794777316951149
2023-01-25,19,52,0.11489402951229788
2023-11-13,20,56,0.23944954959617304
2023-07-05,5,186,0.7900978970912739
2023-02-09,18,187,0.27355090022698036
2023-12-08,10,184,0.16032903731157266
2023-11-11,25,133,0.14192008929856026
2023-01-08,8,159,0.016191329057045345
2023-08-03,13,182,0.08716200197433965
2023-03-02,13,119,0.9413844490923521
2023-02-27,15,138,0.49294339727896386
2023-03-28,16,61,0.3812316549283812
2023-09-19,4,135,0.6359443694122959
2023-10-17,1,138,0.4910432639503861
2023-07-05,21,142,0.06325384955796709
2023-02-26,21,89,0.5517030512791492
2023-07-25,9,142,0.2622797656917061
2023-11-30,11,144,0.2216935479912424
2023-05-27,23,157,0.3012268767552978
2023-07-31,8,119,0.3571520854678941
2023-10-17,6,96,0.4104851857909967
2023-11-13,5,196,0.5583722544524146
2023-07-22,3,152,0.6039554703874177
2023-12-13,1,192,0.40704557911080697
2023-06-20,22,125,0.17501640087302395
2023-11-18,18,8,0.0801049988625826
2023-08-28,8,141,0.46935606360866866
2023-08-08,4,167,0.007830318441665929
2023-10-12,5,30,0.8150401667351542
2023-07-22,2,109,0.6673010155412528
2023-08-14,16,185,0.9611086260266607
2023-10-10,7,16,0.5138532059312504
2023-02-25,25,192,0.9228231610246778
2023-08-28,9,44,0.9321865078389321
2023-05-26,3,156,0.6567817294992889
2023-03-28,21,175,0.6765925625639991
2023-04-17,21,171,0.7367878238714927
2023-11-30,14,113,0.12092504797557879
2023-03-13,19,182,0.6355287546123315
2023-03-31,19,194,0.8115618984723347
2023-11-28,25,190,0.907840408296711
2023-09-15,15,192,0.8018950821441148
2023-08-01,25,103,0.04339369060325937
2023-11-23,25,98,0.1475391308065992
2023-07-16,21,112,0.30543686586785845
2023-06-24,12,132,0.7488100337341311
2023-12-30,17,199,0.24707070139364662
2023-02-02,20,111,0.37502446032205694
2023-07-15,23,48,0.5257086383140703
2023-03-31,5,52,0.029691701138461868
2023-09-23,17,8,0.4774541078408112
2023-01-08,23,31,0.7138354335264625
2023-05-20,6,129,0.9335095335452831
2023-05-11,22,63,0.5693794027814889
2023-11-26,9,65,0.022103489870076487
2023-07-24,20,22,0.3448532105653338
2023-07-06,23,47,0.37339031987262794
2023-08-12,11,134,0.857249119098652
2023-10-20,20,99,0.10686588375837935
2023-07-30,18,146,0.07088213766145168
2023-01-03,12,115,0.4142435361703718
2023-03-22,23,191,0.9025433109021512
2023-09-20,22,108,0.895390719406618
2023-04-25,5,121,0.5248203403826556
2023-09-05,9,74,0.6159152070331012
2023-06-13,2,27,0.930626261606593
2023-05-08,19,126,0.11948686459556734
2023-04-13,9,66,0.6544973432005418
2023-02-06,17,11,0.9001009738902997
2023-11-03,24,131,0.07638292260032487
2023-11-27,15,101,0.11464544681142896
2023-12-04,1,127,0.4384637763831488
2023-02-05,12,83,0.07739420383019735
2023-08-29,16,171,0.9560583823195529
2023-12-23,12,130,0.46693741446222203
2023-12-03,14,134,0.14396780026608846
2023-10-06,10,114,0.7404375606403525
2023-02-25,15,199,0.9812323883626587
2023-09-05,24,181,0.59730500533998
2023-08-02,11,3,0.04247831060919505
2023-03-31,21,139,0.3003107144255197
2023-09-16,11,187,0.7647413307630403
2023-09-10,1,15,0.571889283696176
2023-07-30,14,162,0.9743236494456426
2023-01-10,2,13,0.7483160542039577
2023-09-06,9,112,0.37623770384697763
2023-11-05,17,3,0.8809641705666009
2023-10-23,20,45,0.30257968143722414
2023-04-05,10,35,0.6349707629002067
2023-06-14,20,181,0.1240273121631591
2023-01-09,15,2,0.13327219900554088
2023-04-04,19,14,0.40830433238250574
2023-06-20,14,144,0.39614511341876824
2023-05-14,20,19,0.5040568848906058
2023-12-23,1,68,0.8529314693965945
2023-01-13,8,141,0.5662630384201053
2023-12-23,5,137,0.6970306001832064
2023-01-18,22,8,0.11168054073195066
2023-09-13,16,11,0.9334924432823061
2023-05-08,6,59,0.45476921294980854
2023-05-30,21,73,0.5733980028197779
2023-10-29,1,140,0.06686027176022202
2023-10-14,21,117,0.5064663282296722
2023-03-18,18,59,0.7426716517928171
2023-09-30,25,104,0.42592138850982497
2023-09-15,1,116,0.41908854020076447
2023-11-14,15,181,0.6618931998542062
2023-09-16,18,145,0.6325228581143977
2023-08-28,11,37,0.2926103621130628
2023-07-09,16,157,0.15957619443532767
2023-11-07,5,128,0.2978035976005533
2023-08-25,24,110,0.667009421160591
2023-07-08,15,198,0.7682524356719659
2023-08-23,23,117,0.2453137112960213
2023-02-01,5,162,0.7415810181026117
2023-01-23,25,46,0.000656717725070699
2023-12-08,2,11,0.3181696682795817
2023-05-28,16,136,0.201883630484346
2023-03-27,4,34,0.8745448348072483
2023-12-27,15,157,0.3530998120599359
2023-10-01,15,184,0.7221256468042601
2023-03-28,11,30,0.05404271396082083
2023-03-26,13,58,0.9735300217240505
2023-03-28,3,33,0.043900743105194984
2023-06-18,4,173,0.2615658716176612
2023-05-05,1,44,0.12762806464624588
2023-01-30,20,93,0.580663331938904
2023-03-07,16,53,0.14678714902783652
2023-03-17,10,98,0.8573027462213547
2023-03-24,24,163,0.25741381432875
2023-06-12,19,171,0.029922839146929836
2023-04-10,9,106,0.8392248952319501
2023-04-18,10,29,0.21666978371371837
2023-02-22,16,62,0.5248730599418204
2023-06-17,23,184,0.3756299429543306
2023-03-25,5,26,0.8303746082669815
2023-12-18,6,84,0.19599840898593557
2023-05-09,5,128,0.30241634006248896
2023-02-04,17,186,0.6373830067311052
2023-12-28,10,69,0.5355465390274917
2023-04-18,8,6,0.772427329835957
2023-09-26,4,115,0.06749100721199575
2023-11-11,14,133,0.22726994756407315
2023-06-22,9,164,0.560195518258662
2023-09-17,16,17,0.26897158471415505
2023-07-18,24,180,0.42532893482663536
2023-10-07,10,116,0.8129131757103075
2023-10-29,25,68,0.40656230853966213
2023-03-13,17,76,0.6160467211586722
2023-06-24,25,76,0.9581574253139947
2023-05-08,17,119,0.19397210695927425
2023-03-17,14,188,0.7471443276454783
2023-06-28,9,62,0.004919530858189858
2023-05-24,24,59,0.3328732416692145
2023-03-07,4,151,0.66961494110449
2023-09-10,17,166,0.6689657134425232
2023-01-03,11,1,0.838762753860273
2023-09-26,17,15,0.30802038445816515
2023-03-27,22,38,0.36305354573155924
2023-09-10,11,200,0.4548781153814262
2023-02-12,8,47,0.881305126648408
2023-08-27,21,182,0.9407950348050488
2023-08-20,3,113,0.10796210613118984
2023-10-20,15,111,0.5368047017379781
2023-04-02,18,139,0.6344270828969601
2023-04-17,17,179,0.7913932044025145
2023-12-06,13,134,0.10783443442240315
2023-11-14,6,185,0.8426896973035309
2023-07-30,14,195,0.8666820369051073
2023-08-05,22,62,0.5071474370418146
2023-01-31,19,195,0.015275551076798788
2023-09-26,10,7,0.5327317926406692
2023-10-07,21,9,0.7637339660264509
2023-11-24,24,53,0.2663016036816632
2023-11-26,22,99,0.9486042953756534
2023-03-17,25,68,0.8039492006035867
2023-02-14,10,50,0.3483792270428222
2023-12-20,1,151,0.9677758628935638
2023-09-21,10,8,0.3483843850157303
2023-02-07,14,74,0.7000841908525126
2023-01-08,20,51,0.07692122255587763
2023-05-04,8,63,0.8536063032601406
2023-02-04,21,116,0.35643044053707773
2023-05-03,4,38,0.4481522634869727
2023-03-06,17,137,0.6558273216302498
2023-09-07,23,13,0.5122295858027
2023-11-14,7,200,0.5212679065064018
2023-07-01,16,18,0.4921344978116833
2023-10-31,2,85,0.8366570582500391
2023-12-20,8,62,0.5041596320282525
2023-04-17,19,84,0.0680336770238067
2023-06-05,7,63,0.1682716256702813
2023-03-26,22,183,0.8687740543269488
2023-08-01,5,150,0.3468140235740782
2023-11-14,5,96,0.06579887241998694
2023-01-22,15,186,0.6573539432226206
2023-01-14,2,96,0.9933700384968756
2023-02-17,3,132,0.8407502013042737
2023-12-18,24,199,0.13244107001736305
2023-07-23,12,24,0.13574188042025948
2023-03-03,14,157,0.23667751115194946
2023-07-19,25,92,0.5946130752458365
2023-07-27,5,117,0.04113863837024856
2023-12-20,2,104,0.18715856882288062
2023-11-20,7,133,0.9936068037795497
2023-03-24,20,75,0.13242798792672994
2023-05-25,10,169,0.3173037518467714
2023-05-12,7,33,0.7273927039353918
2023-11-29,8,195,0.2742032654565426
2023-01-22,16,92,0.8001474760300998
2023-07-18,7,90,0.9142659256310444
2023-11-23,13,81,0.8994001911269158
2023-05-02,7,42,0.21458775895913762
2023-11-22,9,171,0.23086480066127169
2023-07-25,25,146,0.3409134671284806
2023-01-27,17,117,0.1126565079877353
2023-06-19,24,94,0.4200810949609285
2023-01-12,3,65,0.9849659458003915
2023-02-08,17,39,0.8496899300537217
2023-10-09,8,143,0.20572092528574992
2023-11-25,3,48,0.7088343885677095
2023-09-13,24,58,0.029053029280258102
2023-07-07,24,18,0.41264880429287043
2023-05-31,10,83,0.8930233172274774
2023-11-12,5,79,0.7007484240156774
2023-12-01,15,184,0.3222783396340061
2023-07-05,11,18,0.5395067331849521
2023-05-14,6,33,0.0954939312223192
2023-12-30,12,97,0.5600584465146445
2023-10-08,16,120,0.5895526606968655
2023-11-30,16,4,0.9326312732946779
2023-07-06,6,127,0.5903140584183674
2023-03-07,15,72,0.5087929855868896
2023-05-13,1,43,0.6505803621752883
2023-01-13,16,164,0.5398739799578718
2023-03-08,15,23,0.7265288913619136
2023-11-22,23,3,0.6473944969497202
2023-10-09,24,22,0.7342732058360109
2023-10-29,24,77,0.6060244780418018
2023-08-01,9,110,0.36990962563908525
2023-09-12,24,70,0.6838135562845902
2023-03-12,24,156,0.28208945126873064
2023-10-27,7,186,0.40431042536987194
2023-06-16,14,80,0.6812860543205809
2023-01-12,6,179,0.5916721349020027
2023-07-18,25,98,0.6419854248003691
2023-03-21,3,87,0.613383694073434
2023-05-05,10,52,0.12183837840123835
2023-05-11,3,188,0.15520849105668078
2023-06-23,22,103,0.283907183546089
2023-12-10,22,69,0.5672549474179492
2023-03-18,25,52,0.8493415270772822
2023-03-18,4,152,0.21719709486280636
2023-10-01,11,27,0.1812313008281663
2023-08-08,3,38,0.7121712512747269
2023-01-09,9,50,0.2875615774159336
2023-07-29,5,112,0.9982309160307727
2023-09-25,21,64,0.3222169879874591
2023-04-16,15,73,0.2309810143959964
2023-04-24,8,153,0.8675062058616684
2023-07-20,24,136,0.04742774437619124
2023-06-17,5,23,0.4727676352932474
2023-04-17,19,137,0.011020048448672548
2023-07-22,16,192,0.8304851024637225
2023-11-13,14,112,0.1625951654686597
2023-01-24,7,55,0.19658814053903007
2023-01-10,25,190,0.8769555729847702
2023-06-14,23,170,0.44815374576198275
2023-05-03,8,113,0.2015063988093787
2023-01-20,11,112,0.04594731579180633
2023-04-29,18,20,0.7301707897257202
2023-01-08,10,6,0.05693442162638096
2023-06-24,3,93,0.290920737270025
2023-01-06,20,143,0.942715154109605
2023-10-03,5,13,0.11194228255529237
2023-11-02,5,57,0.07531040488821983
2023-01-07,24,195,0.8789190934734596
2023-01-31,3,170,0.3993330003108134
2023-01-26,20,149,0.8421631577137945
2023-04-14,1,161,0.14148141511202794
2023-01-21,22,88,0.5847942408922968
2023-09-13,1,6,0.13010939465761362
2023-04-09,25,72,0.007737142729529745
2023-09-14,9,24,0.758636952832634
2023-06-02,23,66,0.3009033330765801
2023-11-28,5,99,0.19407174853798137
2023-11-15,1,7,0.1361016017476364
2023-08-17,5,56,0.7805330835822517
2023-03-30,25,167,0.5482538454861825
2023-06-10,9,47,0.5832250881827918
2023-06-01,12,76,0.40259264127327155
2023-12-26,20,129,0.07909750803807902
2023-10-25,12,8,0.576957181115367
2023-12-10,24,41,0.2984248586788807
2023-07-15,20,100,0.2576207355000155
2023-06-06,10,169,0.9576718256390049
2023-10-09,24,117,0.724544346021828
2023-10-09,4,102,0.24032697827838612
2023-06-17,17,97,0.38533864012774044
2023-03-23,4,61,0.04725683795842461
2023-06-05,12,56,0.3221886860749612
2023-08-13,13,155,0.17013638262208242
2023-10-08,21,13,0.3250652426066829
2023-01-08,8,59,0.6533099137932882
2023-05-15,18,127,0.7387785285361068
2023-05-05,17,179,0.38919048183788696
2023-06-07,25,81,0.6770708799824149
2023-10-05,13,77,0.15765757018996862
2023-11-12,12,102,0.9948286585671635
2023-05-27,7,155,0.7870342184871041
2023-04-02,25,100,0.5402943619600634
2023-04-04,5,134,0.3027411533940598
2023-09-03,12,189,0.9914880625980173
2023-12-01,14,109,0.24254455781068152
2023-06-22,19,54,0.5063001457034381
2023-03-05,9,78,0.7741717422032681
2023-03-20,9,200,0.9582977629846756
2023-12-12,10,66,0.4131928946509015
2023-07-13,9,55,0.1067685304193049
2023-12-05,19,172,0.4006935229801629
2023-07-29,7,163,0.029066459425043045
2023-07-12,20,85,0.7303257971378716
2023-03-31,20,74,0.6715447058299772
2023-06-09,7,183,0.7319467954026697
2023-03-04,4,16,0.7293934884751273
2023-12-12,1,88,0.7918828089651928
2023-05-24,4,125,0.3660352968591668
2023-03-23,7,16,0.043367644358713986
2023-12-09,15,127,0.44950868841915737
2023-01-10,22,29,0.8864845847359022
2023-06-21,9,165,0.7267026042420358
2023-02-27,11,37,0.8112764697216851
2023-11-06,25,161,0.7898098604350003
2023-02-27,8,79,0.2594836009861604
2023-12-29,3,147,0.31815958351519213
2023-10-18,15,108,0.4421118062314885
2023-11-25,5,120,0.8597648608933159
2023-01-29,15,19,0.8751342242938804
2023-09-08,13,123,0.5145946710138433
2023-06-06,22,132,0.9108674495490721
2023-06-08,2,99,0.7901296362879205
2023-03-03,7,41,0.7557828155158404
2023-07-17,24,113,0.4204045098293555
2023-02-10,9,116,0.6793548443217964
2023-12-06,14,64,0.8289946764424161
2023-11-24,5,140,0.5958994901460359
2023-02-18,1,91,0.7636909275092698
2023-04-04,24,107,0.1889012659558299
2023-09-17,12,192,0.3553414177851537
2023-09-27,19,145,0.8959483990930558
2023-06-11,23,35,0.20917721780321719
2023-12-03,24,142,0.6061038760273507
2023-08-08,21,140,0.4159273750242266
2023-04-02,12,106,0.8094987239471607
2023-07-07,21,29,0.9290491798202183
2023-06-17,1,177,0.11602947873063674
2023-01-30,24,167,0.8093060370492948
2023-09-15,9,32,0.9248732827782697
2023-06-02,22,130,0.892496079919153
2023-04-08,21,183,0.5110328896506731
2023-06-25,21,106,0.1493047811144037
2023-11-10,19,62,0.8526417389422593
2023-03-08,13,159,0.9588532270251943
2023-03-02,2,181,0.5901995939030233
2023-12-09,15,124,0.850367034282332
2023-05-31,19,32,0.5289008746953299
2023-01-28,25,186,0.3461150481805324
2023-07-13,12,24,0.12279840282494647
2023-01-27,10,38,0.40379466014719245
2023-10-06,20,163,0.7218458222616584
2023-12-27,21,72,0.9628803970037505
2023-06-03,14,2,0.8922177394050445
2023-07-25,25,194,0.9476327756102829
2023-06-13,16,89,0.5548168646451803
2023-09-10,25,125,0.29125849796984127
2023-05-20,9,75,0.665144390273075
2023-03-20,14,169,0.6198886474806276
2023-07-17,24,103,0.9935595691915547
2023-07-12,19,158,0.3220333739411664
2023-02-03,11,47,0.027094992208184343
2023-11-23,14,19,0.8485934740896506
2023-05-08,24,103,0.1223641163724477
2023-02-05,1,28,0.7354076369331376
2023-07-26,22,82,0.2900052635561897
2023-03-25,18,84,0.9571339880064429
2023-05-20,16,4,0.9932944105654071
2023-04-01,16,60,0.5142442077068214
2023-11-06,25,128,0.030142993957943176
2023-03-30,11,147,0.37136875612805675
2023-09-20,20,54,0.4090971813571065
2023-01-13,23,66,0.2762943154938351
2023-07-10,13,100,0.3073103690695087
2023-09-30,18,90,0.5105145347676882
2023-07-11,25,53,0.7773322351975548
2023-07-05,13,137,0.9947238140933308
2023-04-19,14,192,0.06008267670203138
2023-01-14,14,114,0.7703197449301451
2023-04-02,8,48,0.9365594046966448
2023-08-05,12,111,0.12379825607129202
2023-05-30,13,59,0.1840537712439868
2023-03-18,25,16,0.11195099292170796
2023-02-06,24,72,0.9329134657431716
2023-01-18,3,192,0.458403125982749
2023-12-10,10,37,0.7615634557473784
2023-10-24,3,171,0.871586882591167
2023-09-18,22,42,0.9648665761938212
2023-12-11,21,108,0.1423274555337085
2023-02-02,24,115,0.4149019033564135
2023-07-25,5,32,0.8304230387975636
2023-10-15,21,58,0.4425074735899518
2023-11-22,8,74,0.785529936089684
2023-07-22,9,38,0.9928487190334591
2023-09-03,2,39,0.6243466662163306
2023-02-17,3,130,0.08297918093693579
2023-02-28,3,175,0.9050621527469161
2023-12-29,5,109,0.47707510068586456
2023-01-17,20,31,0.3285663716394541
2023-03-15,10,173,0.9508551456644949
2023-07-02,11,143,0.60250427540374
2023-04-24,15,172,0.4580296271144261
2023-04-15,7,159,0.8555082102487961
2023-03-14,23,108,0.08492549894769463
2023-04-30,25,22,0.5993589105262266
2023-12-30,11,69,0.17813891306327845
2023-12-17,11,47,0.03436431813904306
2023-02-06,22,19,0.04842377169657808
2023-04-07,17,192,0.056558022252309104
2023-10-09,9,55,0.14316624841983006
2023-08-02,2,94,0.7664159863834423
2023-07-02,4,47,0.7368731888676432
2023-01-21,17,17,0.45042939898323686
2023-01-24,6,116,0.8427828601065779
2023-10-03,6,183,0.021089869495684588
2023-07-28,13,96,0.12961949586108523
2023-01-19,8,75,0.2238173531964307
2023-11-28,23,15,0.23636103264300623
2023-11-28,17,134,0.15528467917813382
2023-02-08,5,72,0.566185109051981
2023-04-01,12,51,0.01679718996341517
2023-08-20,18,118,0.5221411944800388
2023-05-16,16,9,0.7747172545378255
2023-07-07,21,62,0.6770039086349597
2023-01-27,21,132,0.9811964338067608
2023-11-02,11,26,0.3055355677588346
2023-07-21,24,173,0.4413630947114281
2023-02-25,11,36,0.41121824630229875
2023-01-28,2,99,0.2111631084158605
2023-02-13,7,61,0.6893443190424514
2023-02-06,15,109,0.9836223622939798
2023-05-14,18,65,0.33809460817606085
2023-04-30,4,165,0.5318638132744431
2023-10-10,10,135,0.8691021209248041
2023-01-14,8,180,0.8062178742640365
2023-04-08,11,178,0.7485756095607471
2023-11-26,6,105,0.4524219455071956
2023-03-06,3,91,0.47337161079321777
2023-04-13,11,187,0.47596339254482334
2023-04-10,9,168,0.6283273135226077
2023-06-19,21,165,0.29025066074727457
2023-05-18,19,176,0.32847476202482706
2023-11-12,6,80,0.18938865953038164
2023-01-17,8,94,0.887282025297971
2023-01-12,20,58,0.5204706364039973
2023-07-31,22,87,0.48713528893764
2023-10-10,3,124,0.7866505543900913
2023-04-14,17,99,0.12365263543302984
2023-10-18,8,88,0.561925212144711
2023-08-24,16,113,0.08421080330450847
