date,store_id,product_id,value
2023-08-06,21,92,0.4284745433415301
2023-03-07,17,169,0.6188235709913161
2023-04-01,22,17,0.22949557127597298
2023-01-24,18,74,0.30650964111469814
2023-04-28,25,75,0.7256420564174608
2023-11-12,1,144,0.017041616456448527
2023-05-24,17,53,0.47315017217184896
2023-08-21,16,22,0.0069059155946964434
2023-05-17,10,76,0.5818941024397943
2023-02-10,4,144,0.18040236268697796
2023-06-13,11,22,0.6226569888290268
2023-05-31,2,150,0.22431659914774726
2023-06-27,8,94,0.054790093502534165
2023-11-30,8,185,0.9125477268022375
2023-02-13,19,145,0.5919425187398656
2023-07-28,17,162,0.3380799806379011
2023-07-10,15,111,0.3676788702200571
2023-01-22,23,101,0.05661660989521078
2023-11-19,19,138,0.5971138793270923
2023-03-08,1,89,0.13331585515722344
2023-12-05,9,68,0.9117011628759931
2023-10-29,19,62,0.6362614663188981
2023-09-22,4,102,0.17595312041031363
2023-02-16,10,152,0.027477744332003673
2023-09-16,25,118,0.15383951748322133
2023-07-18,3,184,0.05673311750112853
2023-06-02,10,121,0.15939919542289915
2023-04-12,17,130,0.3043484639578615
2023-07-29,4,56,0.15081602985495346
2023-06-12,20,141,0.02788351985405224
2023-12-11,22,66,0.00016113291607877667
2023-05-02,1,154,0.3444327798773209
2023-01-18,10,110,0.5978584003685963
2023-04-18,14,176,0.7203611961102889
2023-07-02,1,62,0.9865175948117445
2023-01-17,2,143,0.004022746493724472
2023-12-16,14,143,0.24143763838051024
2023-08-26,18,106,0.307858805511263
2023-02-18,16,94,0.7143290219458002
2023-12-07,13,158,0.8298217508674351
2023-10-01,13,35,0.7446818907952749
2023-03-09,11,59,0.5499431539682273
2023-10-01,23,84,0.3134986474827479
2023-02-24,19,137,0.7812622707809227
2023-12-24,19,184,0.7036186807729268
2023-07-17,22,185,0.047747643833879416
2023-04-24,5,55,0.5803490196830391
2023-10-16,16,92,0.5421400734576073
2023-12-22,7,133,0.5418232795372512
2023-01-01,25,22,0.1380700090551824
2023-02-05,25,2,0.07677899164299928
2023-12-27,10,95,0.32210745945775554
2023-08-03,17,171,0.316724296324436
2023-02-12,1,77,0.019698120932778007
2023-07-08,15,154,0.8678828698723768
2023-10-26,4,84,0.6294217031260224
2023-11-12,14,161,0.5352281990382171
2023-11-16,20,158,0.6644538495693401
2023-09-13,6,32,0.45063705450896396
2023-12-25,12,77,0.6414851556781248
2023-04-20,15,2,0.8406224028908937
2023-04-29,9,197,0.4682364512836822
2023-09-21,25,121,0.4507617866097553
2023-09-25,10,189,0.8836424356023291
2023-10-21,23,85,0.654041675634447
2023-09-23,16,94,0.8257882176679321
2023-08-29,1,178,0.3158943819652673
2023-12-25,8,130,0.5726251560103042
2023-09-18,6,123,0.19338732714156504
2023-05-02,3,87,0.004711819125375993
2023-01-29,24,84,0.47457103756656527
2023-06-10,14,19,0.6256493218240391
2023-02-24,25,117,0.2925311264460396
2023-04-30,25,44,0.24914590194925545
2023-10-12,16,184,0.7646250916352768
2023-11-21,23,191,0.0732710181745343
2023-01-03,12,46,0.3356697881413786
2023-06-12,1,82,0.2790959615397174
2023-04-27,23,144,0.3311984294633603
2023-07-24,3,100,0.47625367748058367
2023-08-04,11,133,0.7599978128798499
2023-06-23,2,35,0.14366452727987677
2023-12-24,9,95,0.18983234673002325
2023-07-30,18,86,0.03441063568922986
2023-10-19,9,117,0.7356108800406987
2023-01-12,20,195,0.4905041151832671
2023-03-02,18,87,0.6852230695654867
2023-02-23,10,63,0.4627019618852809
2023-09-01,10,199,0.6408515406471691
2023-09-13,1,140,0.6771957324312885
2023-10-11,21,116,0.8354395555840396
2023-03-19,5,195,0.24952629954906747
2023-05-17,1,75,0.888428517131005
2023-02-11,22,11,0.1163114495287475
2023-02-26,13,45,0.7322119297341955
2023-12-05,19,38,0.037147580547583936
2023-03-25,20,38,0.2893342636235873
2023-03-20,17,17,0.03500904641177904
2023-05-02,19,199,0.6740644362658402
2023-10-04,18,14,0.42488670781184734
2023-06-24,17,49,0.8608408168987955
2023-03-01,21,123,0.6613323385960026
2023-08-21,15,9,0.06708791040009254
2023-08-25,10,52,0.4393887402956429
2023-04-07,22,71,0.8055808764722687
2023-05-22,5,46,0.32860061987631584
2023-03-24,3,200,0.06521422734153703
2023-09-10,13,93,0.42417065021304834
2023-12-14,7,94,0.9804984311929963
2023-07-06,22,200,0.07892713217001868
2023-09-25,1,27,0.9663440782769818
2023-01-22,11,47,0.6274338138914828
2023-04-19,12,110,0.30896970325014284
2023-09-13,9,161,0.3065033188072722
2023-04-28,5,140,0.36407167540581853
2023-06-21,8,61,0.5031966265318496
2023-02-06,18,198,0.6296024312849808
2023-04-17,15,195,0.33170846063404913
2023-05-14,5,81,0.416601018214418
2023-01-21,5,75,0.36452282386246393
2023-09-11,6,126,0.9366070780662022
2023-11-16,23,98,0.9991501228713935
2023-12-30,14,110,0.6204531442331306
2023-09-04,8,44,0.8655730914929414
2023-01-06,2,121,0.6684238101653167
2023-09-21,15,158,0.5503607987912743
2023-06-10,13,76,0.83747993599745
2023-08-26,7,64,0.3391608448143295
2023-10-27,2,23,0.04301596869665403
2023-09-21,5,145,0.05394246925304402
2023-03-12,10,2,0.1141664305188318
2023-02-20,7,93,0.7584008563440016
2023-05-12,25,107,0.6460679719707513
2023-11-20,17,64,0.09860532442638581
2023-11-06,6,33,0.5427967053104437
2023-07-20,20,200,0.6004128342345864
2023-11-17,21,106,0.4190707298761033
2023-06-16,16,118,0.13141322932096766
2023-06-09,3,151,0.7945029543505677
2023-04-12,9,105,0.022257541047461804
2023-10-21,10,37,0.6032379897487317
2023-05-17,17,12,0.41821813350956016
2023-12-08,22,151,0.918303230499356
2023-07-24,15,31,0.05402322128252024
2023-01-04,6,144,0.49568399784731565
2023-02-20,16,131,0.7089607579927509
2023-08-29,3,88,0.06247966168841734
2023-11-27,13,81,0.3715914266453719
2023-04-25,25,176,0.14701054733387164
2023-01-06,15,112,0.7415575584559568
2023-02-02,5,86,0.14289720798197125
2023-07-24,10,120,0.7775184942001478
2023-02-24,1,23,0.4605405009424717
2023-10-19,8,175,0.8776089893867993
2023-05-17,13,119,0.8259513285817062
2023-01-12,23,21,0.0995341515026339
2023-11-23,15,77,0.29222979110173697
2023-10-16,7,142,0.9296586408653423
2023-10-27,15,167,0.08551663725260261
2023-04-09,8,184,0.5177403105732324
2023-01-19,24,101,0.7964262645663596
2023-09-05,2,135,0.9417945226635132
2023-04-27,18,87,0.536212555339552
2023-09-15,2,163,0.5633631201368894
2023-11-03,16,70,0.8078642322161991
2023-06-10,11,13,0.07144779721280492
2023-07-04,2,48,0.33577989353002735
2023-12-26,6,136,0.09503719211648087
2023-10-24,11,105,0.32024104643608386
2023-11-09,3,45,0.9586912551322767
2023-09-24,3,108,0.40340452401452986
2023-01-06,12,176,0.8819805750010576
2023-07-07,7,72,0.22245412356839844
2023-08-04,19,18,0.012882215698429067
2023-03-07,2,109,0.0901549072187251
2023-05-25,12,175,0.2137685121006101
2023-09-23,23,161,0.6301799083693002
2023-12-27,4,71,0.4453382601903637
2023-03-27,7,182,0.15650471985864567
2023-08-09,10,158,0.3854201917135538
2023-12-03,21,145,0.21513527136391597
2023-04-24,19,130,0.1454881524955075
2023-07-09,6,57,0.20169879887690312
2023-02-21,14,77,0.9876028059478357
2023-10-16,24,69,0.9347781935050968
2023-12-05,7,136,0.5538558945918793
2023-12-14,19,136,0.9814677567827808
2023-09-21,21,24,0.6181522890776513
2023-02-03,25,78,0.0007562661968724127
2023-03-09,10,162,0.9556491105617966
2023-12-31,15,99,0.4269236089498941
2023-03-25,13,185,0.01108601830600875
2023-04-05,12,38,0.43681154532722777
2023-12-08,24,116,0.8724126975410121
2023-05-18,5,39,0.3588647156099404
2023-10-09,19,151,0.727487527304252
2023-09-18,25,181,0.8579593276489995
2023-02-07,3,54,0.24894352688962218
2023-10-10,7,11,0.25311086576204456
2023-04-30,15,187,0.19681809398085737
2023-01-09,13,31,0.46817834079538556
2023-12-05,2,157,0.03649598483065031
2023-05-02,8,107,0.6300920200425403
2023-09-03,9,90,0.5817710063766537
2023-10-02,14,119,0.7829533421540801
2023-07-17,7,169,0.22290846406619524
2023-11-05,10,50,0.7613393069880985
2023-02-08,19,178,0.5503836856164935
2023-10-04,23,184,0.3496229207837749
2023-02-05,22,188,0.3252577430933459
2023-07-06,18,59,0.9996791760303547
2023-06-06,22,29,0.7305035516867564
2023-10-23,7,30,0.4554336353841869
2023-06-15,17,138,0.8368557206797806
2023-07-15,18,161,0.10197360255218291
2023-03-07,23,59,0.6161274675431789
2023-01-19,25,90,0.8609588491885485
2023-12-27,7,90,0.7894846318165676
2023-04-12,15,30,0.856451256236631
2023-12-03,24,144,0.244921921438902
2023-08-14,10,145,0.5317173972490752
2023-04-09,22,46,0.25910550695364243
2023-06-02,5,80,0.5172551479826467
2023-08-31,1,11,0.868449973728594
2023-03-23,23,96,0.22347592995077115
2023-10-13,7,70,0.8843737048553852
2023-03-06,13,129,0.13940793616479152
2023-08-20,2,54,0.25184446528845117
2023-01-27,11,67,0.29691147518373784
2023-04-03,20,5,0.9413489231107692
2023-04-13,11,195,0.3247264217527085
2023-10-04,7,149,0.19744020731676437
2023-07-05,16,159,0.28644631788719654
2023-05-29,23,102,0.7935217844358681
2023-01-06,16,15,0.952855114105721
2023-06-05,23,164,0.5885253007497019
2023-10-21,14,128,0.3801954287008459
2023-05-16,1,15,0.963523477600516
2023-11-25,16,160,0.1880870411762937
2023-06-09,4,67,0.4288660630999155
2023-11-16,18,132,0.8994472041395273
2023-10-13,25,87,0.261506026037149
2023-05-24,11,182,0.22362066381908263
2023-06-10,22,168,0.9893921714071531
2023-04-15,15,153,0.7134005409361318
2023-07-06,5,54,0.08486138771059926
2023-10-08,23,94,0.11916780412941963
2023-03-11,3,69,0.8523098134024072
2023-01-03,24,35,0.0004582352501367737
2023-07-14,14,71,0.2917038716236271
2023-07-31,20,49,0.3841749507684086
2023-02-03,8,167,0.9126535400103346
2023-02-08,14,61,0.975448690890468
2023-01-01,10,120,0.9545635609303126
2023-11-24,7,88,0.5381255611681423
2023-07-17,16,137,0.48488277998171214
2023-02-24,7,77,0.06213225491338081
2023-09-12,4,107,0.087187812055604
2023-01-01,20,114,0.1689833968816835
2023-10-13,11,52,0.5587120960894655
2023-03-24,14,43,0.05908731150664348
2023-10-07,3,150,0.7983490171421294
2023-06-25,20,5,0.43729788613368037
2023-12-25,25,124,0.5659734016373482
2023-11-07,11,29,0.1405023493752804
2023-02-25,22,108,0.8692092920886032
2023-02-18,24,20,0.5768955686865491
2023-05-06,7,200,0.5229778668269552
2023-10-22,11,134,0.39220408686826647
2023-10-27,14,25,0.03755504798518128
2023-02-23,1,100,0.6333550309637495
2023-11-18,1,10,0.72604751892125
2023-12-13,17,40,0.33453853021503366
2023-11-28,3,4,0.12833057474232956
2023-03-20,7,156,0.12108344479188748
2023-12-01,23,197,0.748525615291509
2023-04-15,25,114,0.47865782832186665
2023-08-30,14,129,0.5975116292720897
2023-10-23,19,193,0.21647337844391978
2023-05-22,8,178,0.8544484510454077
2023-12-03,14,89,0.8224078716346287
2023-12-08,22,157,0.5230308655273097
2023-11-07,10,23,0.5090969189611239
2023-02-08,5,139,0.32140992871683227
2023-05-04,5,168,0.42215556756351136
2023-01-20,9,173,0.37436390418916565
2023-05-06,20,62,0.17380806274833172
2023-12-13,4,34,0.5247317168688136
2023-07-03,18,17,0.7955030629471841
2023-02-20,22,130,0.842308278722121
2023-03-23,19,181,0.9248742110451127
2023-05-07,14,158,0.9584955363723165
2023-04-11,21,197,0.13230658204422185
2023-01-09,24,27,0.7832845347869928
2023-07-14,11,54,0.916729841180288
2023-06-08,22,19,0.3016583812831646
2023-12-28,22,9,0.0022190864670684762
2023-06-27,19,86,0.38538483901610454
2023-12-31,19,23,0.4136306219352537
2023-02-24,24,149,0.5228868207165824
2023-07-24,11,147,0.2962952628860205
2023-05-08,5,194,0.6178659295080403
2023-01-17,17,170,0.34935306033276536
2023-03-26,15,55,0.30381150460472406
2023-02-17,8,21,0.947104112669066
2023-07-22,19,117,0.30379467802164606
2023-06-30,5,52,0.17814826779679238
2023-03-07,11,7,0.4385418428969293
2023-12-06,18,55,0.7692597034285579
2023-06-17,21,30,0.15595513914283587
2023-07-24,17,136,0.4106980173347553
2023-11-19,13,58,0.9814698204579311
2023-10-22,17,152,0.16434281909702353
2023-03-01,13,145,0.6472402176562654
2023-02-03,14,30,0.3242094937324924
2023-03-05,3,172,0.4345211101675496
2023-03-03,16,23,0.12015703458891747
2023-11-30,23,120,0.21788596367745783
2023-11-13,3,73,0.6053778446456335
2023-11-07,17,63,0.7389667486729277
2023-10-23,15,46,0.515137164392694
2023-05-30,12,48,0.8195226977829194
2023-07-10,9,38,0.9202516023594186
2023-10-27,21,53,0.9386511268748591
2023-01-06,25,91,0.8063498397368452
2023-01-24,3,96,0.09049022659092465
2023-09-26,7,74,0.9443035968426214
2023-06-08,4,2,0.2711161688279127
2023-12-24,4,132,0.25489773036649765
2023-04-24,9,186,0.18959666238889872
2023-05-08,6,112,0.6662195452874077
2023-07-25,19,102,0.37391910807995044
2023-04-05,24,50,0.9425974011157707
2023-06-21,6,195,0.7293548665035233
2023-02-12,5,57,0.46713103968346426
2023-05-16,23,154,0.6381539005411265
2023-12-25,19,130,0.2906998204213499
2023-06-29,20,92,0.884353482766246
2023-08-11,11,53,0.19530042499112743
2023-01-08,16,178,0.840939540305949
2023-07-24,1,84,0.8631826614921057
2023-02-06,7,35,0.14931006992169737
2023-02-07,14,92,0.852418094424139
2023-11-07,8,72,0.43198019357434436
2023-07-24,3,35,0.7518078562227308
2023-01-21,4,155,0.8411248057565232
2023-09-25,17,110,0.5951837079282801
2023-05-07,16,63,0.5664731622723462
2023-03-05,8,77,0.6487732637945559
2023-02-07,15,95,0.5642170815713424
2023-09-12,8,130,0.04666596613680474
2023-05-06,6,108,0.7514948553837895
2023-08-07,12,184,0.9898588641719099
2023-07-25,24,172,0.6263550998633506
2023-02-01,6,28,0.16445863435194574
2023-03-04,7,33,0.246433919735348
2023-08-22,4,169,0.9813513345725112
2023-04-19,10,8,0.08221829201488429
2023-05-06,15,56,0.2971337731803353
2023-11-19,1,51,0.9152410411576876
2023-10-21,17,52,0.7331177371322253
2023-06-20,23,10,0.7306290191017606
2023-02-25,10,131,0.21790228111889276
2023-03-11,9,142,0.8565292111532398
2023-10-01,18,62,0.46705696046082856
2023-08-06,2,182,0.150019745565786
2023-06-15,6,45,0.7344854514173911
2023-06-23,15,78,0.1441407678624137
2023-05-20,7,80,0.6325402406673838
2023-03-16,20,169,0.35575822730834283
2023-11-06,3,24,0.43721117556050015
2023-12-31,18,147,0.3267942441325691
2023-02-20,21,112,0.8974240288601176
2023-01-30,10,76,0.42060092486674516
2023-06-22,12,136,0.4497519882665225
2023-01-27,4,55,0.17940585491269945
2023-04-07,4,100,0.11780144262701198
2023-06-18,10,3,0.3231570631420202
2023-11-03,13,53,0.4450349587926773
2023-02-02,8,80,0.3394705620050482
2023-01-28,3,66,0.008809890768934125
2023-05-09,16,116,0.13472651495864962
2023-05-25,1,184,0.9311020192926539
2023-03-16,20,163,0.7558732362980921
2023-03-19,2,159,0.07616059583810875
2023-11-21,15,38,0.8702528089741641
2023-02-11,2,143,0.1584050429547763
2023-07-07,21,191,0.16291456864258136
2023-05-17,16,52,0.603921854821787
2023-06-17,21,99,0.128410570013465
2023-02-23,15,144,0.8545992750180985
2023-04-04,5,187,0.2647187565543053
2023-10-03,5,165,0.7719684509705759
2023-08-09,18,72,0.3030705643391446
2023-04-04,3,61,0.38894437037345875
2023-12-18,14,115,0.22909102466642117
2023-10-24,5,169,0.2796736275023355
2023-03-07,23,163,0.1671061616501558
2023-03-04,4,151,0.5047014945529339
2023-05-07,8,75,0.06562210739257734
2023-08-15,13,196,0.7712731151936304
2023-02-13,1,61,0.21698437265789117
2023-10-10,23,65,0.03185633820038214
2023-02-11,8,72,0.9521375818586567
2023-07-08,14,47,0.9048174428983218
2023-08-18,4,86,0.3929008060584356
2023-10-13,7,134,0.3947525108160499
2023-04-19,12,28,0.2131932202292216
2023-02-01,10,111,0.5094444229355958
2023-10-21,1,114,0.4506967182061683
2023-02-27,19,84,0.6817917694095983
2023-02-24,10,164,0.4543100841692834
2023-06-07,1,103,0.14002697239594752
2023-03-28,2,86,0.3855576928544078
2023-12-12,19,184,0.5188467660200257
2023-06-17,2,123,0.6652009389780256
2023-08-30,23,50,0.0945760773969605
2023-01-20,2,118,0.11043480587457488
2023-04-24,15,150,0.2029308949971581
2023-12-15,6,2,0.8789284795346116
2023-02-13,16,165,0.7362283733842527
2023-12-16,3,191,0.7177537091824611
2023-01-05,8,198,0.24100006870065116
2023-07-28,21,62,0.7654932258201296
2023-07-23,5,162,0.22823520214316395
2023-10-21,2,5,0.9697738002481029
2023-04-25,24,176,0.1651738291632131
2023-06-18,3,141,0.5690172632137118
2023-01-05,4,160,0.2793954188297266
2023-10-26,12,49,0.4539244678505643
2023-11-14,20,45,0.6890655125897056
2023-03-17,7,6,0.47431451993869367
2023-03-18,20,8,0.7728026927109102
2023-02-04,10,169,0.7470048596715857
2023-03-20,2,21,0.38075346706026436
2023-02-18,22,174,0.021409910869659488
2023-06-10,25,189,0.616669095539398
2023-03-22,16,22,0.024410884457492732
2023-09-06,5,89,0.5375888538183865
2023-01-27,9,108,0.6055526645291904
2023-07-07,22,133,0.29507183456167585
2023-10-07,8,106,0.09763415730303748
2023-06-09,12,74,0.449455374208352
2023-11-29,5,21,0.39774279472444984
2023-05-13,7,16,0.2901457096452221
2023-06-22,10,161,0.9287699069484406
2023-07-21,5,85,0.07348147046697595
2023-04-12,16,58,0.3322485201717823
2023-06-13,12,175,0.9646647845103438
2023-03-27,24,6,0.7629557464014636
2023-12-05,10,36,0.23928713641003407
2023-11-26,25,5,0.5185771591882534
2023-10-26,11,168,0.8328792075339368
2023-09-15,14,113,0.27076091477763764
2023-07-07,21,95,0.3588913933438319
2023-07-15,3,142,0.5758060767303383
2023-11-25,1,53,0.9189457770587057
2023-07-10,13,176,0.7462704573964305
2023-09-24,4,190,0.8938372270052349
2023-05-11,6,90,0.4737774857193414
2023-01-04,8,105,0.07743052652325133
2023-03-02,23,29,0.5764440383110578
2023-08-17,25,75,0.03485271265266665
2023-11-06,22,76,0.8795134275902285
2023-09-05,24,83,0.6892950734521934
2023-07-08,7,145,0.05998603195598362
2023-10-16,14,166,0.1348822175956702
2023-09-22,21,110,0.4864354042482778
2023-02-11,13,122,0.9559020828055116
2023-10-14,25,106,0.6563371416369798
2023-01-02,5,111,0.8718300157674741
2023-12-03,8,89,0.8519336246383723
2023-01-27,3,41,0.6930375716419303
2023-01-26,5,181,0.993002022759193
2023-04-03,2,147,0.05666566359618608
2023-05-20,22,96,0.4117904928339138
2023-12-09,20,139,0.6787750174917423
2023-12-28,21,183,0.6968691529380271
2023-04-02,7,105,0.6723894671154033
2023-05-30,11,9,0.4267214258062645
2023-01-06,24,18,0.5928566098879681
2023-05-24,11,28,0.6500225040479853
2023-04-18,22,99,0.0456228893410332
2023-07-21,24,138,0.30950035761745176
2023-09-12,3,142,0.24408155027919898
2023-07-22,23,44,0.028954386581525937
2023-04-06,5,72,0.283256147721339
2023-02-18,14,104,0.8397282108651025
2023-08-25,10,73,0.8660923358323029
2023-04-10,6,184,0.8536243426953949
2023-05-09,16,170,0.7704298912146169
2023-05-10,2,111,0.5554493892024188
2023-10-05,24,90,0.9256523688460992
2023-09-14,19,41,0.421722133063691
2023-11-21,6,5,0.29487285336091407
2023-06-20,12,190,0.9938677142429526
2023-04-24,25,116,0.29717424819871163
2023-02-23,8,1,0.9858096886490545
2023-10-14,17,2,0.9853898235855647
2023-04-05,18,46,0.09854413444398069
2023-03-05,6,123,0.7791701883926988
2023-04-07,13,7,0.06947705119771708
2023-12-29,11,65,0.12349585788147743
2023-09-21,5,28,0.8373666864601221
2023-12-09,2,11,0.3528485045176143
2023-06-08,12,29,0.48091209886765374
2023-03-01,24,49,0.6468983059179276
2023-03-31,14,85,0.6153440869419969
2023-05-08,20,126,0.9102456317773603
2023-01-31,7,141,0.6652047256830865
2023-07-23,12,150,0.873649321737422
2023-05-04,23,4,0.6511827274891054
2023-01-08,13,53,0.9460165948876088
2023-03-30,15,103,0.1274870667501261
2023-05-09,7,195,0.890125184363361
2023-07-18,19,130,0.3692812541019961
2023-01-14,13,61,0.7516712730215083
2023-01-20,2,86,0.3516289238292033
2023-05-04,24,33,0.48847708644175236
2023-06-18,8,68,0.8901381160376888
2023-11-03,6,60,0.14328613527406975
2023-09-05,24,177,0.6756565948850713
2023-03-02,25,20,0.945010518062675
2023-09-02,20,187,0.13880165156533975
2023-03-07,3,10,0.24316332086556247
2023-02-12,4,191,0.02666228988610242
2023-03-20,17,78,0.14789059404215865
2023-05-22,18,182,0.46789280443593484
2023-01-04,8,44,0.24944146079663565
2023-11-16,11,186,0.7844016115728388
2023-12-21,24,24,0.7643902450509001
2023-10-27,12,29,0.6173980532833526
2023-10-23,18,140,0.47413918134878286
2023-08-25,13,122,0.2389866541748502
2023-08-13,8,151,0.6834387302150567
2023-01-23,2,19,0.33499855085216135
2023-05-07,16,125,0.4263684565249285
2023-03-12,9,143,0.43787600763813794
2023-10-25,2,79,0.2891865164261396
2023-07-02,6,74,0.6189039049048929
2023-11-10,23,187,0.74669851746919
2023-12-26,4,144,0.7343171291177363
2023-02-22,3,137,0.5571027955770969
2023-07-26,23,178,0.8465999551195226
2023-12-26,8,1,0.2601759281032304
2023-05-17,5,100,0.24138709391463842
2023-09-02,9,163,0.21105595349911943
2023-05-07,20,59,0.13348061193356975
2023-12-04,21,86,0.7391098668141775
2023-04-20,6,42,0.3828240930442688
2023-11-06,21,138,0.8402406746799592
2023-07-01,8,155,0.49091497539506834
2023-02-05,16,82,0.4113971173961736
2023-03-13,19,85,0.553342829073865
2023-08-03,18,149,0.27414455802424165
2023-12-24,4,156,0.7378348174682253
2023-02-24,8,50,0.2696852283227308
2023-12-23,13,92,0.5633077408112837
2023-04-04,23,58,0.8473217450727074
2023-11-06,13,76,0.4324034372805037
2023-01-31,23,79,0.5308975896193077
2023-10-13,11,79,0.8235588284075883
2023-11-03,3,151,0.8823863736761991
2023-06-07,11,36,0.5763315907180632
2023-07-23,20,1,0.14959712727292052
2023-08-14,12,108,0.709879859207121
2023-03-06,5,138,0.1635900053526913
2023-11-29,10,157,0.8703611931882709
2023-03-17,6,88,0.006165887932832015
2023-02-25,15,180,0.4368271552357079
2023-10-16,17,152,0.038526407027645426
2023-06-03,3,41,0.28120156275802355
2023-12-22,5,72,0.7560818373660546
2023-10-28,4,67,0.7268146128108101
2023-01-25,14,149,0.37813158738893515
2023-05-31,19,11,0.912515261997451
2023-07-18,9,7,0.9652013757265422
2023-04-10,1,101,0.18336683698467726
2023-04-25,13,134,0.7591773536810801
2023-07-09,20,23,0.6932927879338096
2023-11-19,18,7,0.39038198712032357
2023-07-07,23,198,0.918632147998763
2023-10-28,6,69,0.5751321461639862
2023-07-22,16,54,0.4621864606960362
2023-09-15,3,102,0.2865140459108476
2023-05-20,20,131,0.9240702421795217
2023-06-26,11,142,0.42890856618408013
2023-01-07,19,57,0.3859645429346844
2023-06-06,25,190,0.8869307529394147
2023-01-26,3,134,0.8867560151584103
2023-12-03,16,32,0.7428240586549794
2023-08-31,2,149,0.8940446476986142
2023-09-15,2,20,0.8228353444707386
2023-12-26,17,190,0.6731602004774206
2023-09-19,8,130,0.7604600309120488
2023-04-10,4,100,0.41976827836699726
2023-08-25,13,6,0.15702251632908382
2023-08-25,14,147,0.3100646863670613
2023-11-19,4,8,0.3420723578170859
2023-04-02,3,63,0.6865951469986017
2023-09-05,12,102,0.8926405519175962
2023-11-24,14,139,0.7462520628228954
2023-07-24,21,48,0.8929440535342307
2023-10-20,21,172,0.4865124698610078
2023-10-10,2,95,0.6832635239131905
2023-03-26,1,26,0.31282967329988765
2023-01-16,5,94,0.9512803648262204
2023-10-31,1,188,0.4972506363915975
2023-01-08,15,128,0.9048399350141769
2023-10-16,5,92,0.5755545003418441
2023-07-11,20,99,0.7718430623646952
2023-11-26,3,148,0.06887645355711858
2023-08-02,20,69,0.34239806086027136
2023-05-02,6,40,0.7159865423671736
2023-06-05,16,198,0.6489895774959239
2023-05-29,10,72,0.8525505977895588
2023-06-29,24,181,0.13675938148702582
2023-07-26,13,89,0.3268719475221511
2023-10-19,19,36,0.009063423434273465
2023-08-07,1,160,0.2037940953520624
2023-04-03,12,118,0.5452500037180978
2023-11-26,21,69,0.8163069079143509
2023-05-17,14,43,0.6206074677231441
2023-09-06,25,168,0.20284709276139778
2023-12-18,23,185,0.8106548753029831
2023-01-22,20,137,0.4649875642533552
2023-12-27,13,190,0.7928043654864902
2023-06-20,18,7,0.49412455294398216
2023-10-12,5,198,0.818863378667668
2023-01-30,11,75,0.6251799603218795
2023-12-05,11,182,0.018963335867927755
2023-03-01,10,108,0.3622051931307305
2023-02-21,1,165,0.05397213260671074
2023-12-25,7,181,0.607779571707163
2023-07-29,24,13,0.35575383919573755
2023-02-01,15,113,0.3989860941240211
2023-05-20,7,173,0.8338561133923387
2023-05-20,12,77,0.7194599096767923
2023-10-30,16,70,0.755910419713346
2023-10-23,15,54,0.8056970223923826
2023-12-14,7,100,0.762958678994254
2023-03-13,22,51,0.18022626643887463
2023-12-13,2,97,0.6756617379660333
2023-02-12,12,68,0.23352337560369063
2023-05-16,14,131,0.6281019624998737
2023-03-08,5,192,0.06183314459857259
2023-02-22,15,103,0.3214401515830859
2023-05-06,24,168,0.9064237891536561
2023-10-04,10,17,0.8984294207686355
2023-04-29,6,136,0.7739149204606598
2023-04-14,17,6,0.1823391364002842
2023-04-04,1,36,0.9048847138023891
2023-06-10,20,188,0.7807319954168855
2023-12-19,19,82,0.7892355455282668
2023-01-04,24,49,0.9886012986201995
2023-05-09,10,46,0.2401650757415854
2023-03-07,25,163,0.07672216833389034
2023-03-07,12,121,0.22277655459703583
2023-02-07,16,142,0.9131794330896187
2023-08-06,23,104,0.7220651062439188
2023-09-05,21,156,0.3981657621561877
2023-02-20,1,47,0.44490856291228875
2023-01-09,6,146,0.3541773517564788
2023-02-10,20,106,0.4292254467687212
2023-01-29,15,34,0.2354595547806011
2023-10-27,16,109,0.7755724008189044
2023-12-04,5,42,0.49768337331842916
2023-10-24,19,122,0.12392575789159
2023-04-22,6,134,0.4964879133548542
2023-07-30,4,38,0.04763647513021385
2023-11-20,24,46,0.7010560988724875
2023-09-08,4,152,0.4741681533004183
2023-02-20,12,43,0.17717889505760565
2023-01-12,25,33,0.13638788366584498
2023-05-29,6,177,0.4223413685299201
2023-12-11,18,144,0.5381760871576242
2023-05-30,22,118,0.27039366474793525
2023-10-18,9,47,0.22283297050439155
2023-09-18,8,67,0.3526516011813873
2023-07-10,22,46,0.30442987277648903
2023-10-14,7,66,0.04761106817392857
2023-02-01,24,80,0.12853537008161398
2023-11-23,9,36,0.47378886658110464
2023-04-12,11,162,0.8439502287028071
2023-05-15,13,171,0.8775985223072041
2023-06-04,1,137,0.015682040228308214
2023-03-28,21,3,0.5437398121346174
2023-08-18,25,191,0.07868451301003976
2023-01-07,10,187,0.8663703745927487
2023-08-24,20,6,0.8496914670869024
2023-03-03,21,130,0.08852806139149505
2023-05-16,9,153,0.5615088195709486
2023-01-18,25,164,0.08614764541684017
2023-05-03,7,63,0.6212011017119494
2023-12-01,9,69,0.15248053888751378
2023-02-23,8,102,0.6879183154092547
2023-04-16,25,145,0.583667065860424
2023-09-12,15,12,0.3084217114794834
2023-06-26,18,116,0.36082497247404477
2023-07-13,24,81,0.3971027905172183
2023-02-07,25,58,0.7638141337645027
2023-09-08,15,163,0.9147620449575065
2023-04-01,14,148,0.3418194349446222
2023-02-08,1,38,0.7083614606851021
2023-10-13,8,121,0.6187149462698077
2023-02-05,8,78,0.7608351939217998
2023-12-13,14,47,0.35194037225145935
2023-11-25,3,67,0.2295716743397579
2023-01-22,9,197,0.9932173911292089
2023-07-06,2,72,0.06190523643057677
2023-08-03,18,74,0.524894432271465
2023-08-31,12,171,0.6307062449872255
2023-04-26,7,182,0.6984881316772495
2023-09-20,6,24,0.796464597574182
2023-11-12,7,40,0.12714314818841244
2023-10-06,22,96,0.5873741942282251
2023-05-03,8,194,0.01638549497130226
2023-10-18,13,112,0.8194411641763546
2023-05-11,14,91,0.9965479953454837
2023-10-05,3,66,0.5680069755745719
2023-12-24,10,155,0.5379615044864016
2023-07-10,5,149,0.052365663061501255
2023-02-09,1,101,0.7126253870097934
2023-06-15,4,133,0.241524073544504
2023-07-12,5,1,0.042631937236348394
2023-01-16,10,26,0.8217575554900207
2023-01-20,15,63,0.400232031282165
2023-08-23,17,59,0.1316363416332934
2023-10-06,19,107,0.05746025357189177
2023-01-10,12,186,0.464008344040691
2023-06-21,14,174,0.8622855850126747
2023-09-05,10,90,0.5232215099087973
2023-05-02,12,104,0.4950203153326038
2023-12-30,9,200,0.7254890666664453
2023-11-22,10,152,0.12445032598687777
2023-09-20,6,173,0.001385499324603523
2023-06-30,7,58,0.333742911125272
2023-05-16,21,82,0.8767327486770969
2023-04-01,19,41,0.6488563086425869
2023-11-07,15,33,0.7152025465986683
2023-09-04,16,139,0.9233115139954354
2023-07-04,20,167,0.04139725644205894
2023-07-10,3,147,0.3034084053155093
2023-03-09,22,70,0.5552029608112323
2023-11-08,8,105,0.6708707195320726
2023-11-04,1,136,0.7193101031723326
2023-07-06,2,151,0.3912755582643528
2023-08-28,19,16,0.47330599509612237
2023-05-16,18,77,0.37805779954461194
2023-12-11,20,16,0.41342691708837387
2023-07-02,11,105,0.00837849057753437
2023-01-29,19,161,0.5630954778384958
2023-01-08,23,187,0.44714494415838013
2023-06-03,1,55,0.6332056679285459
2023-04-03,21,129,0.45286016838987786
2023-02-10,7,97,0.6095085111095301
2023-03-20,3,139,0.8796476664800954
2023-06-25,16,199,0.7298120524138098
2023-08-18,23,30,0.38505661758364573
2023-03-17,3,97,0.40486719460820597
2023-02-24,12,107,0.22879392580473257
2023-12-10,14,164,0.6935881181302112
2023-07-06,24,111,0.6214326526873069
2023-03-22,7,76,0.8769138131928518
2023-03-30,12,109,0.23957816557781575
2023-05-05,23,39,0.6974741739719759
2023-08-14,16,74,0.47604834939993634
2023-11-11,21,187,0.6804579361627895
2023-03-01,10,174,0.33330559348703337
2023-05-10,7,137,0.802501608513257
2023-07-13,9,105,0.35778981364809415
2023-03-28,22,36,0.07734219086572114
2023-07-15,23,130,0.11696097219882395
2023-07-04,8,17,0.650158469445084
2023-06-20,12,142,0.2109431959508543
2023-02-04,13,71,0.8261066440234882
2023-05-30,7,86,0.7645797793091286
2023-08-22,1,62,0.8412319313233853
2023-01-21,5,6,0.4264999805439462
2023-04-16,17,188,0.7493939304805562
2023-05-06,10,89,0.2545930126117376
2023-10-27,15,29,0.6213528960648216
2023-10-14,16,185,0.5983171248098214
2023-01-19,1,200,0.13877341158244239
2023-02-11,17,118,0.583208743151483
2023-01-14,12,131,0.9326859354002823
2023-08-01,1,196,0.5792307075116461
2023-12-12,24,101,0.00016469215157499661
2023-10-21,12,114,0.010516031305653595
2023-05-27,19,24,0.5383363281751309
2023-03-08,19,96,0.024158873234260025
2023-08-21,8,183,0.22101886750977073
2023-12-05,12,115,0.8965609248977957
2023-03-14,17,123,0.9853417245390454
2023-09-30,15,129,0.7889961780411453
2023-05-20,10,94,0.7815903038858044
2023-11-18,3,98,0.7879994272538892
2023-04-13,16,143,0.9484312250071579
2023-10-17,12,70,0.4043224671451813
2023-07-03,9,180,0.8614926780713953
2023-12-16,7,19,0.3589642408983865
2023-02-16,14,175,0.7813400787791277
2023-12-20,4,110,0.4815648909749488
2023-03-19,10,21,0.5521273394630025
2023-05-25,12,104,0.6278909837794392
2023-03-04,21,176,0.7595035087871241
2023-12-12,10,141,0.8222748646235202
2023-10-28,8,63,0.2268634974192686
2023-06-14,6,74,0.5307576250399734
2023-10-19,12,20,0.230910471240642
2023-05-04,20,139,0.932149917109845
2023-01-21,19,175,0.6018709579167894
2023-04-21,14,136,0.5349164823362046
2023-09-13,20,131,0.8877736722223836
2023-09-21,7,43,0.19584566263574243
2023-01-26,25,137,0.16185376721636135
2023-09-04,7,22,0.6162019477196159
2023-10-06,21,77,0.22022227532941663
2023-06-07,4,69,0.6267619464170953
2023-04-23,1,88,0.833649994522663
2023-09-22,5,96,0.089251048009371
2023-02-27,5,119,0.029794423447124463
2023-01-26,5,8,0.1846136389310694
2023-05-08,21,52,0.7016317531620907
2023-02-01,7,166,0.614477931232889
2023-03-04,6,45,0.13187618734189233
2023-09-04,2,162,0.07017897846609888
2023-10-21,6,28,0.2574628252632243
2023-06-02,8,24,0.3204938699184273
2023-02-20,2,74,0.6076578743081191
2023-02-25,1,13,0.3566727996313481
2023-11-03,2,72,0.2152069871882013
2023-03-14,14,131,0.4602132606242374
2023-04-28,19,121,0.21317006915736414
2023-12-17,4,47,0.3908667110647186
2023-04-21,22,25,0.36691606561660706
2023-08-15,9,21,0.6568008705282228
2023-10-16,6,184,0.5537752367842373
2023-09-12,16,53,0.764189733258946
2023-07-17,21,74,0.14179401561499683
2023-06-12,8,47,0.1206008999344168
2023-10-27,21,186,0.15797808564162907
2023-01-14,14,60,0.3603306849406528
2023-01-27,9,68,0.8155667232591245
2023-10-25,14,183,0.6059444216385185
2023-07-23,17,173,0.13126537543091332
2023-07-22,2,13,0.5544784616091152
2023-07-31,9,24,0.5682128253012947
2023-12-04,11,67,0.6215130799286566
2023-08-23,3,196,0.15547633551602424
2023-05-12,15,172,0.043284889790684566
2023-08-08,24,46,0.5445871536167106
2023-10-27,10,72,0.41422490214665686
2023-09-29,3,56,0.8655226845246562
2023-09-07,6,137,0.10703555717913216
2023-03-20,12,83,0.7554396031723617
2023-07-25,2,181,0.6200160029111402
2023-08-10,9,5,0.3001569641342118
2023-05-11,20,45,0.7326961257176842
2023-02-09,1,129,0.7147628071996288
2023-05-12,5,41,0.5927196720342643
2023-01-14,12,180,0.007639421722765327
2023-10-22,16,119,0.5271654676111819
2023-08-23,11,42,0.2789988110994699
2023-10-08,15,103,0.1808202744005657
2023-01-12,25,71,0.7147501260438394
2023-12-16,21,114,0.7627312145876981
2023-07-03,19,86,0.44399128799482923
2023-07-30,12,99,0.4151696411236864
2023-01-27,7,132,0.8145300982860997
2023-01-07,11,192,0.5814956845347387
2023-06-18,2,199,0.6034433946787536
2023-07-22,15,65,0.6570851869547558
2023-07-19,22,67,0.7020242380896
2023-08-02,7,183,0.8056611345330829
2023-05-22,8,5,0.48852638422883876
2023-10-01,20,58,0.16691415832371503
2023-12-27,19,135,0.6613127818371453
2023-09-03,24,164,0.09740390730025916
2023-12-12,10,108,0.9331385606163319
2023-10-11,25,39,0.2276001636674353
2023-07-22,25,105,0.000882469827986343
2023-12-25,2,12,0.3159844408091793
2023-10-16,23,16,0.47688726492780786
2023-08-14,17,88,0.14138807289267308
2023-06-19,19,24,0.33303278417725635
2023-02-20,4,154,0.33401267146665103
2023-03-24,8,128,0.4160322201591832
2023-04-02,10,3,0.7459998182574494
2023-01-08,15,54,0.8920548223674098
2023-06-08,21,98,0.1149643997897758
2023-04-13,21,22,0.4565926999659041
2023-06-26,10,167,0.27597072349036966
2023-01-21,10,87,0.1815344353290379
2023-02-28,6,47,0.6938436893233849
2023-01-13,1,159,0.23129409344803042
2023-08-31,21,82,0.15263207012870306
2023-04-22,20,48,0.7780858665851598
2023-04-25,9,1,0.7425187083723517
2023-01-27,24,198,0.3435453080647569
2023-03-15,3,168,0.44584162262370997
2023-12-11,9,158,0.923955666901307
2023-01-14,14,85,0.5027955715404641
2023-11-27,22,100,0.35910883987563114
2023-07-24,17,110,0.5892975486611722
2023-04-09,9,72,0.18322680818757353
2023-04-11,6,162,0.16912783886233007
2023-02-22,10,46,0.8137788660894562
2023-01-02,8,64,0.9416016330585582
2023-02-18,4,6,0.5346440308315673
2023-08-06,15,196,0.4559101934913675
2023-12-01,21,79,0.7638669754118512
2023-02-16,18,183,0.7909572378464073
2023-04-28,13,41,0.9514802430749004
2023-08-24,16,185,0.05920595081924296
2023-09-14,4,93,0.3533156002216451
2023-01-06,23,40,0.3847287594889477
2023-07-18,7,150,0.4111999643300909
2023-02-07,2,62,0.15770985678911598
2023-10-18,7,97,0.49507574524004927
2023-12-08,23,125,0.8650999054289891
2023-05-24,21,64,0.33149355848202844
2023-12-13,24,178,0.6449323429183588
2023-06-16,14,167,0.5880088761277514
2023-07-17,16,155,0.06244189940502398
2023-10-14,18,134,0.3804368497009045
2023-02-28,16,183,0.39409516676928824
2023-02-18,21,66,0.014429233845959066
2023-11-11,6,139,0.8610166278711332
2023-05-21,25,13,0.6120452984989617
2023-10-27,15,132,0.0405251784506524
2023-03-24,5,158,0.47426931056381827
2023-08-18,24,67,0.4554225367554796
2023-12-08,8,16,0.6425744943979756
2023-07-10,4,141,0.8765861702588706
2023-02-11,15,151,0.5739045905511054
2023-10-14,21,171,0.13764486870799653
2023-04-08,5,107,0.6773256921102402
2023-01-25,8,121,0.8470630602217364
2023-04-29,17,136,0.19950942514729753
2023-02-27,19,108,0.6204798004436366
2023-02-09,13,18,0.596497537114415
2023-10-06,18,4,0.8194102228575795
2023-10-29,20,156,0.49965427370321114
2023-05-18,3,187,0.7870403441015755
2023-11-12,17,114,0.8405976141091882
2023-10-22,6,182,0.17497020167983857
2023-10-12,13,77,0.04198510922645893
2023-01-14,13,6,0.4388903752917791
2023-10-09,19,39,0.5267019340135924
2023-02-22,21,118,0.965909221467967
2023-04-03,14,74,0.9003513818468655
2023-05-01,4,117,0.43392946420271283
2023-04-14,9,3,0.7568767713845445
2023-03-11,6,39,0.8793534696811276
2023-09-16,12,168,0.8974275921669734
2023-12-08,8,83,0.1115420025987246
2023-06-09,4,167,0.25631257299025834
2023-11-26,15,192,0.7120418451810885
2023-04-14,14,17,0.9531637721013779
2023-06-18,9,92,0.3586079116501827
2023-08-27,9,102,0.4694356139534297
2023-11-30,13,181,0.058284379040776546
2023-03-31,8,176,0.5205071819612239
2023-04-30,14,145,0.7259715238650308
2023-11-25,14,122,0.6429700599570574
2023-03-19,14,17,0.7874606303956506
2023-06-11,11,38,0.8941913004695687
2023-05-06,13,92,0.3193381502582433
2023-01-10,2,20,0.7114053246758159
2023-12-20,21,14,0.7257855540279555
2023-09-12,8,101,0.9249561886113661
2023-03-07,15,151,0.6424955469529833
2023-01-25,1,47,0.7617578263645255
2023-05-07,12,146,0.8435304147270933
2023-03-27,22,4,0.8672947431613401
2023-07-31,22,163,0.21511791602126673
2023-08-10,13,39,0.15970133133057585
2023-08-05,4,115,0.20442418465857415
2023-12-11,17,192,0.2617833412924646
2023-12-17,19,147,0.03529279025115417
2023-05-27,21,139,0.2880366808743753
2023-01-19,9,141,0.7932577936321499
2023-09-04,7,51,0.17036918500983267
2023-01-22,22,123,0.38020570573628076
2023-09-25,17,173,0.17559491127182503
2023-11-26,23,14,0.46295886899790284
2023-01-01,24,138,0.21080610237231379
2023-07-30,11,183,0.37786715821936956
2023-12-29,24,69,0.3285690742768207
2023-12-10,22,175,0.69829834805076
2023-03-28,18,95,0.5342412679218272
2023-09-09,25,69,0.09184999083294687
2023-02-14,6,41,0.6365962301196054
2023-09-30,12,180,0.9547506213689054
2023-03-29,1,107,0.036494255189626124
2023-08-10,3,117,0.19613250751033773
2023-09-22,15,96,0.8550776111139221
2023-11-24,5,137,0.3237237339527351
2023-10-13,15,98,0.024573294780762756
2023-03-27,13,39,0.9336325027347852
2023-01-09,10,97,0.8521967186388428
2023-05-25,1,89,0.9936607985314685
2023-04-20,20,106,0.8411605153266583
2023-02-28,7,111,0.9949592227150238
2023-06-17,4,159,0.03404433967867093
2023-02-26,6,118,0.012707115352513676
2023-08-10,17,47,0.5588933747914937
2023-06-04,1,34,0.19945401529940554
2023-05-05,13,167,0.6406990873310584
2023-01-16,2,10,0.13424006686832413
2023-10-17,2,55,0.7992945328883001
2023-10-08,2,108,0.7932989793976338
2023-08-30,18,144,0.3761111688599714
2023-09-22,19,191,0.213114749079496
2023-01-29,9,115,0.3338944553081925
2023-01-13,5,115,0.7613860035162683
2023-07-30,4,141,0.5519461440894554
2023-12-08,2,51,0.9884663394407456
2023-12-15,12,60,0.4025849491493112
2023-10-24,15,4,0.5261245336627559
2023-09-29,22,178,0.7830642934225874
2023-11-28,10,147,0.3965927942912927
2023-06-13,15,190,0.12757106066811963
2023-12-02,7,126,0.7920669481459833
2023-05-21,10,82,0.7265199089071256
2023-05-30,21,22,0.11610334787587284
2023-08-21,11,129,0.30304809182226755
2023-07-25,16,156,0.8113852354651722
2023-09-03,15,118,0.4914703004200116
2023-11-29,22,88,0.036173722719885504
2023-04-07,18,35,0.8767974156546096
2023-02-25,21,45,0.45935441487756723
2023-01-09,11,4,0.5116073328339203
2023-10-20,12,8,0.9298498055268986
2023-12-27,22,70,0.006873353252203618
2023-04-26,7,191,0.6433212103863687
2023-04-19,1,182,0.4780584759609805
2023-10-08,4,182,0.27870384934096015
2023-01-24,7,161,0.3466442691203232
2023-09-02,6,154,0.2042548381627235
2023-07-28,23,78,0.031053594296853837
2023-08-20,16,78,0.9706232078148953
2023-04-07,14,144,0.9279551946665037
2023-07-06,4,171,0.5074535238142872
2023-10-18,18,55,0.5895716030977594
2023-10-06,17,5,0.9034996536577594
2023-08-10,23,32,0.7584565158597893
2023-02-01,11,148,0.8604607065587183
2023-07-17,12,151,0.3587218288046612
2023-12-07,24,38,0.6179030802335521
2023-10-03,8,92,0.4592793022119972
2023-05-30,11,200,0.6159136589362472
2023-01-19,20,60,0.8262357605006738
2023-09-21,8,38,0.1743610682996397
2023-06-16,9,157,0.3160965738748177
2023-02-26,13,62,0.9705637322954087
2023-03-15,4,102,0.652435675037366
2023-01-09,3,27,0.5189459419049021
2023-11-06,8,15,0.6684641892189374
2023-10-12,9,196,0.44223657525429705
2023-01-29,3,50,0.29145207498434267
2023-07-11,1,130,0.690690381860285
2023-10-04,5,71,0.9146100309973646
2023-09-23,11,7,0.7034889126872773
2023-12-31,1,116,0.47912943956936127
2023-01-20,13,50,0.8586307945173564
2023-02-25,7,61,0.6983365486767931
2023-11-16,10,173,0.1026867974297514
2023-03-07,6,57,0.7101503965953286
2023-01-19,2,186,0.7489952677038301
2023-06-24,14,173,0.6846381364565404
2023-02-20,10,19,0.5100894086459313
2023-08-23,18,105,0.32469185569884207
2023-08-27,2,49,0.3411796855686585
2023-06-14,21,144,0.7120483452316975
2023-05-15,21,32,0.529320382165684
2023-10-23,17,164,0.42673452978815685
2023-12-27,10,184,0.5311677356168715
2023-10-01,4,195,0.5923082091650427
2023-09-26,13,23,0.8212443468966485
2023-05-13,5,195,0.7651996964803205
2023-08-12,15,96,0.8836392623936599
2023-10-02,7,181,0.24348426481257224
2023-12-31,5,178,0.3898145211123162
2023-03-27,15,34,0.4405984717269943
2023-12-16,22,125,0.5360460220794991
2023-08-19,20,68,0.14372189071221553
2023-12-16,18,134,0.6345765475216799
2023-07-05,8,180,0.7346835724322353
2023-12-20,18,127,0.49283477461224456
2023-04-26,12,17,0.8892891230542282
2023-07-07,23,152,0.6814294928242829
2023-08-16,20,80,0.31233064352191753
2023-11-21,16,6,0.6779803930128052
2023-07-27,22,28,0.6919879494886043
2023-09-21,5,200,0.39304227307000794
2023-10-05,2,65,0.06578641659386752
2023-02-12,19,80,0.2822523443195639
2023-03-02,6,48,0.2568023734364243
2023-02-28,9,42,0.1229170217458625
2023-03-12,6,74,0.16609619439942946
2023-07-13,16,130,0.24085819964725352
2023-07-21,19,190,0.5206194608289798
2023-10-29,21,9,0.4706346696819713
2023-03-12,21,66,0.8856990877029778
2023-09-05,16,154,0.2791728503433094
2023-12-26,3,75,0.41690998763835474
2023-05-15,7,59,0.138174767239861
2023-10-10,10,171,0.20330892231080988
2023-01-10,15,115,0.1669099785545387
2023-06-03,12,128,0.05482890156326403
2023-06-15,25,55,0.9921163905010969
2023-12-28,5,145,0.8100101703309497
2023-12-07,9,103,0.23896774219468653
2023-11-13,18,149,0.2363716786814024
2023-12-27,16,48,0.9518756650616924
2023-01-06,24,36,0.6322455039531083
2023-04-18,16,137,0.5677946809329729
2023-12-28,22,197,0.021185048140638374
2023-05-28,6,188,0.9412992619544188
2023-04-14,7,55,0.25343150806482606
2023-10-17,22,143,0.7505524132481457
2023-01-19,1,90,0.39006439794957015
2023-06-14,16,153,0.793597620793877
2023-01-01,22,159,0.12438771704681706
2023-07-24,12,72,0.3452554301913787
2023-07-09,13,121,0.7314272979076422
2023-06-23,9,164,0.8878109299659886
2023-12-07,10,114,0.8441652582914172
2023-04-04,13,69,0.568664298054621
2023-08-07,22,143,0.8680850667301272
2023-12-17,4,191,0.12652335652144908
2023-03-05,10,49,0.5197876651053581
2023-01-09,9,8,0.0709584720683033
2023-05-27,10,123,0.782884556082709
2023-07-01,5,196,0.7717415948619107
2023-10-30,9,179,0.8578257230218312
2023-11-05,1,123,0.5924851118141033
2023-07-26,25,40,0.4498890500776861
2023-01-01,6,126,0.5484105691771964
2023-04-24,15,181,0.3040337424003664
2023-08-12,16,84,0.36583664127947346
2023-10-20,5,99,0.06131487455010931
2023-08-05,19,141,0.8064101232111512
2023-02-11,5,49,0.4563365080750269
2023-12-06,13,55,0.5425009010318618
2023-07-25,12,74,0.6282815743204081
2023-10-23,1,103,0.25095400853329497
2023-05-08,17,115,0.5974542309334678
2023-05-17,1,197,0.9233859033066858
2023-12-12,1,69,0.5508082244247403
2023-01-04,1,174,0.28943922728989335
2023-07-01,23,74,0.42753045833119296
2023-02-19,7,114,0.07127813031955188
2023-09-18,6,190,0.500080288373355
2023-06-03,20,66,0.6919409388224879
2023-07-25,4,30,0.9717606473837797
2023-02-28,9,80,0.5459979715484742
2023-01-26,24,198,0.6553649035830099
2023-08-21,11,120,0.45910023573174397
2023-12-05,11,69,0.9619885836267432
2023-08-18,12,33,0.8618046839869486
2023-11-29,19,80,0.7268672037058189
2023-09-26,15,79,0.22691124121492712
2023-08-25,9,185,0.42378487622023264
2023-03-27,1,30,0.8634609417401012
2023-01-02,2,52,0.6102813500647052
2023-07-01,15,18,0.9835577102661244
2023-06-02,23,125,0.3938880261890271
2023-07-17,19,17,0.23435163234523237
2023-05-17,9,56,0.41024891012095166
2023-11-22,13,191,0.16045582666913916
2023-05-24,15,11,0.841219646347199
2023-09-29,25,13,0.5745507817925163
2023-01-16,19,37,0.2667060133802207
2023-11-10,3,66,0.9331748850038529
2023-06-27,2,167,0.1262127847157033
2023-09-25,23,5,0.41543039570547435
2023-10-30,2,156,0.734366305379422
2023-03-06,22,133,0.9604801328640503
2023-05-14,7,99,0.44557385063382804
2023-08-11,25,186,0.3465389765581406
2023-09-28,3,68,0.062158846020190506
2023-10-20,10,118,0.464158613148662
2023-03-08,10,2,0.8908775071580894
2023-12-10,21,54,0.9385012773894434
2023-02-01,16,194,0.02999996336837818
2023-06-27,7,8,0.7563732159110664
2023-02-13,2,9,0.20320030266770228
2023-12-21,19,32,0.36923079845888795
2023-02-04,25,97,0.9358261151281543
2023-04-12,10,171,0.4580786755632147
2023-12-06,22,56,0.9873030401243518
2023-07-29,1,28,0.09279191437810252
2023-09-13,23,124,0.37662526357502213
2023-09-22,7,198,0.5220809300717096
2023-10-11,11,183,0.07633179167217485
2023-12-24,2,157,0.7855348243173567
2023-09-20,20,83,0.5226115123591885
2023-03-01,23,189,0.4819670798842104
2023-11-19,4,35,0.6218236038183508
2023-12-24,6,86,0.004616824239270234
2023-05-06,5,9,0.3160199438884672
2023-12-25,23,88,0.23965773638082133
2023-10-04,25,58,0.32936561721962176
2023-02-14,20,43,0.21894964705133813
2023-05-07,4,141,0.2286769691883822
2023-08-13,6,162,0.135038740804602
2023-11-20,2,115,0.7954385404132248
2023-06-09,22,38,0.6022241343777035
2023-02-19,8,109,0.1728257149986252
2023-01-21,4,61,0.04940482370215982
2023-09-10,22,173,0.9288120744900787
2023-02-16,1,34,0.0016235458424225246
2023-01-26,18,126,0.9516194008520319
2023-11-03,2,103,0.9968395672417809
2023-04-01,21,6,0.067121850007133
2023-07-25,14,34,0.8064141569788613
2023-06-17,1,61,0.9007329798080244
2023-03-20,21,30,0.6468948041306775
2023-10-17,5,75,0.9498685786623128
2023-08-13,21,120,0.777725175410068
2023-01-09,13,136,0.12388071209504348
2023-04-05,20,198,0.0929322383053619
2023-03-17,22,72,0.21599124091511634
2023-01-30,17,141,0.44230136822143595
2023-09-11,3,12,0.63436603632938
2023-05-08,22,85,0.5930928244143925
2023-08-03,4,191,0.358874760822141
2023-12-04,17,81,0.23916635792023766
2023-08-17,16,157,0.5601626669603396
2023-09-14,20,178,0.3523831242248173
2023-09-27,20,113,0.9881027457056725
2023-12-21,24,32,0.3825143539679837
2023-12-02,1,89,0.8355231379653387
2023-11-07,20,32,0.9825736804683851
2023-06-06,15,77,0.33908901824034876
2023-09-28,4,84,0.46549606881329186
2023-11-02,3,158,0.7747281525169329
2023-07-11,18,22,0.7004216491603474
2023-05-27,21,187,0.31091737733604186
2023-02-13,12,16,0.37340137652436356
2023-12-01,24,33,0.6018838638238143
2023-10-05,25,177,0.4123296942330862
2023-06-19,21,91,0.4037759741264304
2023-11-02,20,124,0.7519112393441792
2023-01-27,20,51,0.25223897106532556
2023-08-18,1,187,0.3740970457909667
2023-09-09,21,106,0.7573991544869576
2023-08-04,7,182,0.010190704380891091
2023-08-09,21,189,0.20109700659383767
2023-07-31,11,135,0.6866420297952709
2023-09-04,3,37,0.8729463326073853
2023-03-07,2,148,0.6895400697455139
2023-05-26,23,173,0.6504123418322634
2023-05-20,13,139,0.3103896547601185
2023-06-03,9,143,0.3051761826746975
2023-07-05,24,149,0.2008214760967153
2023-05-09,9,61,0.18874640915519514
2023-04-26,14,142,0.597516895714689
2023-01-04,6,39,0.3201613649115719
2023-03-16,7,18,0.8100145465009084
2023-03-13,14,200,0.24670525886468941
2023-10-18,1,183,0.5965685962304212
2023-03-07,20,160,0.9203612204660794
2023-01-23,15,64,0.8992664942897025
2023-11-23,3,99,0.39624194575983895
2023-05-30,20,137,0.14054447756281196
2023-06-26,21,186,0.8194727829406782
2023-11-01,4,171,0.9191998476859996
2023-12-04,10,61,0.07692088315292045
2023-01-14,12,84,0.1048545999583852
2023-06-07,23,125,0.10254442267935815
2023-08-28,4,65,0.4692861409541723
2023-11-06,8,170,0.6212787712907952
2023-06-02,23,150,0.8119941129441642
2023-12-14,14,83,0.10535757431670734
2023-08-31,5,124,0.16542923278374966
2023-08-24,7,24,0.8522319235402954
2023-05-16,8,146,0.29708348823892117
2023-10-01,18,20,0.9047891399714365
2023-12-08,21,70,0.006717278096531554
2023-03-01,25,176,0.12266127193374954
2023-10-04,7,24,0.2785988566743034
2023-03-18,17,117,0.9475624273194999
2023-03-07,14,43,0.8011557746271233
2023-01-01,1,42,0.12094013306897633
2023-02-27,10,9,0.7540184818213238
2023-07-09,2,41,0.330241636522668
2023-12-17,18,153,0.7788022879343772
2023-02-25,21,162,0.30024478657324005
2023-12-30,4,85,0.31619299053849004
2023-03-30,24,8,0.3213085443564825
2023-08-21,8,189,0.26212352499278235
2023-01-24,9,195,0.6993694406201187
2023-09-25,11,184,0.23245736956931562
2023-12-01,18,55,0.5134821198892855
2023-12-23,21,24,0.518357475610765
2023-03-06,21,42,0.4898397644537328
2023-10-18,11,81,0.23436979398638347
2023-05-26,15,85,0.8516500732397057
2023-08-23,20,25,0.16969142138722126
2023-11-14,14,3,0.5249842093874407
2023-03-06,17,94,0.6671973179960148
2023-03-16,23,118,0.437587133594765
2023-11-03,21,85,0.682118021538686
2023-10-23,7,12,0.8990020806254073
2023-11-13,24,15,0.6929438120065502
2023-08-11,19,130,0.6237464617448103
2023-08-21,5,112,0.45707042307453305
2023-03-09,22,10,0.9339184428197149
2023-09-19,3,62,0.6164921913972216
2023-07-19,16,200,0.5805684035930513
2023-12-23,25,15,0.35349981148658716
2023-05-10,7,50,0.1957557681020593
2023-09-07,14,154,0.5541221330123854
2023-06-28,11,113,0.19750628736055587
2023-05-12,4,8,0.21611036581296317
2023-01-31,23,117,0.53550207069201
2023-02-15,6,20,0.09092092660538043
2023-04-23,1,147,0.5507437296403167
2023-12-16,22,198,0.5907172551307505
2023-06-26,8,49,0.7438168923306782
2023-10-23,23,48,0.8218141073935077
2023-10-01,11,89,0.04019102403171937
2023-04-18,17,125,0.9711450828464977
2023-06-17,7,189,0.8418783150596931
2023-01-19,20,57,0.08442002258633241
2023-09-13,24,35,0.3279648011787346
2023-10-08,1,190,0.3620529034920211
2023-02-28,15,129,0.022271678403002593
2023-07-10,24,94,0.24369957585837243
2023-12-21,21,58,0.9938380371963738
2023-11-05,16,102,0.5686697800237995
2023-06-14,10,163,0.9001274890105747
2023-03-22,23,48,0.6261858899172753
2023-11-04,17,73,0.2999047168416945
2023-01-30,25,32,0.0232066991225921
2023-05-04,16,79,0.17814783065771833
2023-11-22,25,73,0.7200877921766573
2023-12-17,25,4,0.4924564272978026
2023-01-18,21,77,0.5238309161267525
2023-04-24,13,178,0.1984259206789568
2023-10-08,6,137,0.809305395134795
2023-09-18,25,97,0.759972306001187
2023-04-20,8,124,0.5745079214824439
2023-04-08,4,1,0.13427653869184708
2023-10-24,15,103,0.09947605328148756
2023-12-06,14,141,0.9346137964744003
2023-01-17,18,71,0.4852013193669671
2023-06-10,10,22,0.8659138890634771
2023-06-24,12,111,0.6384376232452657
2023-06-09,3,14,0.39646317342137294
2023-04-18,16,94,0.8780932711287128
2023-08-10,21,18,0.7961223237496807
2023-03-19,6,166,0.7752818368173011
2023-10-20,10,76,0.7320571209522793
2023-07-17,2,114,0.08697307897248463
2023-06-29,6,106,0.759467644653464
2023-08-28,2,166,0.33022086236946235
2023-08-13,3,86,0.369778041867038
2023-07-09,23,116,0.5884585696373937
2023-11-19,6,2,0.033610711598516696
2023-04-26,11,87,0.8145429417614359
2023-07-05,9,56,0.5201503591501487
2023-08-25,13,146,0.8533164274031946
2023-04-27,24,56,0.5613926022071243
2023-08-02,8,161,0.35711837554798564
2023-03-07,23,59,0.05159141702139991
2023-03-13,18,149,0.09224306364965018
2023-09-14,20,65,0.882784315960275
2023-11-06,22,21,0.5961157273570664
2023-05-03,8,18,0.005686266994289202
2023-07-22,20,83,0.27129348278424326
2023-02-26,22,182,0.16498595831594176
2023-03-30,11,105,0.9176176686269023
2023-06-17,18,200,0.5960307069253704
2023-09-10,15,161,0.7867849008766442
2023-06-16,25,111,0.21769011927116144
2023-07-18,25,192,0.10370823574321952
2023-06-02,14,146,0.5451757826843581
2023-03-24,22,123,0.5672431105474244
2023-12-10,9,31,0.45349775451619045
2023-02-14,9,112,0.5704339719986857
2023-03-27,24,37,0.9608278569066004
2023-07-28,11,16,0.30480762114908544
2023-11-16,2,11,0.28067259116442134
2023-08-16,12,19,0.0023790706267320383
2023-05-10,4,21,0.8914752812358481
2023-04-05,22,161,0.70162868138186
2023-06-18,11,64,0.15159934289223764
2023-01-02,9,184,0.7780560526531372
2023-10-11,12,180,0.8492662959491251
2023-12-19,11,13,0.4319479072307473
2023-12-07,12,136,0.758597293302877
2023-11-16,21,1,0.5172934475191007
2023-10-15,8,16,0.8382797787980869
2023-07-01,12,166,0.9088953813124779
2023-06-09,3,66,0.42212725005402474
2023-09-10,24,95,0.6360980031915344
2023-02-28,1,81,0.529538197600406
2023-07-14,9,53,0.4342669181667065
2023-04-14,4,18,0.7653962079784357
2023-01-13,6,157,0.7092042847666534
2023-11-29,22,89,0.5612950917553406
2023-09-27,3,49,0.513451333371346
2023-12-13,15,1,0.6489809335181146
2023-06-18,6,166,0.42605693576597936
2023-10-01,24,188,0.3380779300711595
2023-06-27,20,194,0.07994263729454465
2023-03-25,4,200,0.18128301446945128
2023-06-03,21,62,0.19326648562581183
2023-09-18,20,196,0.7327085653600293
2023-10-12,1,180,0.8702517590115528
2023-03-11,16,132,0.6399715787862891
2023-06-27,15,26,0.6816410944079595
2023-01-17,15,153,0.17588232509759127
2023-05-06,2,41,0.9604836649871131
2023-03-25,2,91,0.7602734486420603
2023-01-14,17,152,0.586845243925929
2023-10-07,18,102,0.6542348289826092
2023-01-22,25,81,0.9390763562288604
2023-12-30,25,168,0.6924224269256765
2023-05-04,22,145,0.10778581691804834
2023-09-13,25,94,0.34398792604667305
2023-12-08,24,53,0.9833876541666776
2023-02-11,15,152,0.03414878979474634
2023-06-18,9,194,0.49820790664013614
2023-08-01,2,163,0.5929500290160893
2023-01-27,16,54,0.8506734116086399
2023-03-21,19,103,0.10280774664750325
2023-09-10,8,174,0.21207409898537422
2023-01-09,23,19,0.8863367908116772
2023-02-14,4,195,0.48540940910673824
2023-09-05,17,141,0.8148853796270209
2023-11-02,21,38,0.9950302355780172
2023-12-26,2,2,0.09863023828256934
2023-10-09,18,100,0.4514282965900578
2023-02-27,22,89,0.7402828540747927
2023-12-07,15,158,0.6159771633003986
2023-06-14,1,153,0.6837556062912664
2023-11-27,7,176,0.6278894170484796
2023-08-09,12,168,0.6106025109772731
2023-08-17,3,149,0.6485402569298861
2023-07-14,6,148,0.6729052440476264
2023-11-21,24,34,0.12041517471048613
2023-01-22,15,52,0.4622132319187684
2023-05-16,5,27,0.2238008691454737
2023-04-16,15,20,0.6064478758417465
2023-11-28,13,107,0.6353502587341906
2023-05-02,13,173,0.9120329795649563
2023-02-07,6,66,0.5098040757595259
2023-08-23,5,123,0.496693882517238
2023-04-27,3,176,0.12181632262421671
2023-03-14,9,52,0.8534515758076531
2023-03-03,13,101,0.1361948858654345
2023-07-20,24,60,0.9365741011748553
2023-03-06,23,101,0.6931357382657611
2023-06-28,17,17,0.5621324723693761
2023-04-30,1,191,0.3946973516773844
2023-06-30,21,38,0.3869405242986145
2023-06-14,8,67,0.3478716298667974
2023-01-29,13,28,0.11777874055368576
2023-08-20,17,87,0.19666831573323507
2023-06-17,9,44,0.6255347803198894
2023-01-05,14,157,0.6852364436605651
2023-07-14,20,189,0.3771083721284457
2023-09-30,16,121,0.7222293096251531
2023-07-20,7,133,0.48238299602736556
2023-09-26,8,144,0.7294198591739249
2023-05-25,18,190,0.14102064242834167
2023-11-20,11,121,0.8050841858591187
2023-01-28,20,174,0.7557367437500334
2023-05-04,20,143,0.09533958119515706
2023-10-02,8,38,0.08119085684648775
2023-02-23,14,25,0.17022999607982703
2023-05-06,10,194,0.48605297978334294
2023-04-06,6,55,0.12222001869365207
2023-07-08,24,36,0.7208530010155993
2023-06-08,17,116,0.11210752975456018
2023-06-16,4,172,0.25146309225968944
2023-11-12,14,185,0.5086487055749526
2023-06-12,6,193,0.38923846766998915
2023-01-25,13,167,0.494311679840866
2023-05-06,8,84,0.387810688310099
2023-05-22,17,170,0.22820633509055277
2023-12-18,10,4,0.5653018630690125
2023-05-05,16,198,0.004461648629138226
2023-06-09,11,49,0.14519795951574743
2023-06-23,19,116,0.3179755351457104
2023-01-07,4,51,0.3566316464332251
2023-12-23,8,97,0.8583188726752248
2023-11-17,14,172,0.6716024227619921
2023-10-06,9,162,0.8964422204794289
2023-04-06,14,129,0.727888117374464
2023-03-26,9,25,0.673889394070259
2023-09-08,8,72,0.003542330872505217
2023-03-18,5,150,0.5359991513373709
2023-09-12,17,185,0.049853533376003845
2023-09-03,18,77,0.7365918882546244
2023-08-27,11,171,0.3457905322054905
2023-01-08,24,69,0.7913358740020184
2023-07-19,23,148,0.5818719033258125
2023-10-25,7,194,0.39949513698894723
2023-05-25,18,169,0.20181838357006066
2023-05-03,19,100,0.36551267960661415
2023-09-29,22,95,0.41145228678815915
2023-02-10,25,62,0.1742868660656688
2023-10-06,20,85,0.05197209017368554
2023-02-08,20,163,0.15154221138186463
2023-01-03,20,161,0.12815717738228827
2023-03-02,20,37,0.8977025214542304
2023-10-25,19,136,0.49313675806256785
2023-07-11,8,187,0.414236501461377
2023-09-30,18,191,0.900136645481106
2023-01-10,3,6,0.5873232971007358
2023-12-28,24,125,0.8891819726406216
2023-11-18,21,172,0.8726345870970307
2023-06-25,12,106,0.15335041379700576
2023-05-03,24,44,0.8749249690724057
2023-11-06,14,164,0.8075081529569427
2023-09-29,4,192,0.3361352552467175
2023-02-03,14,111,0.5418863609812903
2023-07-15,16,29,0.12255056013392607
2023-11-24,13,115,0.06395187655097478
2023-07-05,1,187,0.2607127205540569
2023-03-19,4,121,0.35095111207149754
2023-05-02,2,116,0.24211329757439626
2023-08-14,11,4,0.9418476309468744
2023-07-29,14,155,0.8200257643874701
2023-05-30,15,132,0.36797248859286
2023-04-15,24,16,0.712896105641088
2023-07-29,2,111,0.3452845442287664
2023-05-14,17,76,0.5393789787171266
2023-10-15,19,5,0.6465167640984543
2023-06-10,8,199,0.10483483778535863
2023-12-16,20,47,0.6286191282929582
2023-01-18,25,91,0.1850058299874633
2023-05-01,8,43,0.02921215261521648
2023-12-08,5,29,0.7053906343319455
2023-01-09,1,137,0.06437683645850811
2023-01-14,2,107,0.3317274386847331
2023-04-03,2,77,0.24012920973848284
2023-10-22,22,85,0.5383304966789576
2023-10-05,2,78,0.27595202447273115
2023-07-08,2,65,0.08810788089354249
2023-07-12,24,156,0.4048735232322497
2023-07-22,17,50,0.17777950746892468
2023-01-24,23,133,0.7269163602954392
2023-12-06,12,106,0.3344498284467746
2023-12-22,5,147,0.6869780017551429
2023-01-02,21,17,0.837250006874676
2023-12-21,24,107,0.692997527800803
2023-12-10,7,138,0.2586831099791127
2023-01-19,12,1,0.9804390132696151
2023-05-02,16,61,0.36896450247436496
2023-12-03,8,21,0.02057658055723577
2023-02-25,3,98,0.9795476852836316
2023-12-08,10,195,0.19008520184050903
2023-07-23,3,45,0.5246031432141655
2023-09-03,14,178,0.10369400645587312
2023-03-25,18,5,0.08878236490865721
2023-11-24,11,199,0.5529826715201519
2023-11-10,1,47,0.7408636799803785
2023-12-08,22,110,0.9854331162079603
2023-10-27,1,26,0.3102117682461121
2023-05-06,11,58,0.6554859907848833
2023-07-23,23,20,0.1992619343562554
2023-03-05,7,27,0.1504824151143641
2023-09-13,24,110,0.9440813010104278
2023-05-24,24,88,0.04229389914541881
2023-03-29,2,108,0.18602420365857475
2023-07-17,14,189,0.08850345409920735
2023-01-29,23,42,0.41648834440665294
2023-09-11,21,15,0.8619564467488393
2023-01-27,20,111,0.8487190607515003
2023-12-30,21,35,0.08927112134989235
2023-11-29,23,19,0.36757014706764557
2023-08-29,14,161,0.2723140466996986
2023-04-04,13,1,0.2791312803716248
2023-04-01,14,8,0.017403017463451742
2023-09-29,7,126,0.7830403011399644
2023-03-22,10,12,0.056176338828138994
2023-10-29,19,95,0.38879959295168076
2023-01-23,20,37,0.025583432040731657
2023-02-06,3,97,0.8122559937290151
2023-04-01,7,122,0.4441306076906838
2023-01-27,22,31,0.7653782717036753
2023-11-17,1,84,0.26426481249841804
2023-08-05,1,138,0.8546551037282428
2023-07-27,11,71,0.08694519901789954
2023-10-25,19,129,0.9539854168646852
2023-01-23,23,12,0.8876417299019983
2023-08-24,17,109,0.438360668849896
2023-06-11,2,148,0.7075741048174473
2023-08-16,25,57,0.6122517597441389
2023-06-01,18,108,0.08983770625359488
2023-08-20,6,154,0.7272894455097603
2023-07-04,1,85,0.14875033937346782
2023-12-15,19,107,0.4425429907816125
2023-09-10,20,199,0.621453903546015
2023-08-16,8,116,0.06196240276167442
2023-02-18,24,24,0.43361557579271004
2023-04-24,12,151,0.557499540771072
2023-04-21,10,57,0.6913457715671228
2023-03-03,10,190,0.2046552989831073
2023-09-15,2,161,0.11472809108062731
2023-10-24,4,107,0.012175696348191045
2023-12-20,8,74,0.9484493776643022
2023-07-25,1,184,0.8125310593959546
2023-12-15,7,106,0.7422536033261655
2023-02-03,13,184,0.4245129555952696
2023-01-23,3,70,0.8611578938322854
2023-11-15,4,149,0.3215894869500868
2023-12-03,6,45,0.7363792360464315
2023-01-09,19,65,0.5690349496621859
2023-07-25,6,94,0.42612279741976733
2023-12-10,21,81,0.483869002921852
2023-08-02,24,50,0.5048038194542623
2023-06-15,22,189,0.21897745619993625
2023-05-04,19,32,0.427137293647023
2023-06-02,4,132,0.15556082351036704
2023-10-18,17,145,0.21423084038893403
2023-12-25,20,140,0.24124201952419977
2023-12-04,9,139,0.8065486698636145
2023-11-11,22,104,0.19889616914457775
2023-06-18,23,168,0.8676401425805975
2023-06-28,3,151,0.5250450991970802
2023-06-12,14,184,0.3942981294421498
2023-10-22,22,191,0.7767443848053253
2023-03-11,10,124,0.7513303643865792
2023-06-17,14,149,0.06735021035224065
2023-03-20,1,189,0.4547394101239056
2023-08-10,3,60,0.03410440147616689
2023-02-05,9,2,0.5156643537243217
2023-06-21,19,101,0.5764927676896928
2023-01-28,5,38,0.3739847677530731
2023-02-11,17,61,0.7946738514549356
2023-11-21,16,100,0.7335361705743465
2023-05-09,2,177,0.9885562809868029
2023-01-12,18,11,0.11805967302684917
2023-05-12,21,159,0.23072031497822598
2023-09-03,20,68,0.7000352991724506
2023-11-07,2,55,0.9481250955565624
2023-01-12,1,7,0.3768728141497101
2023-05-21,2,80,0.2048675361586324
2023-02-16,4,189,0.63021126547983
2023-07-29,10,123,0.8654805536073029
2023-02-17,8,18,0.08666397794012559
2023-04-20,11,58,0.6456929088756322
2023-07-13,3,186,0.7353337307448922
2023-10-08,19,39,0.8010723010629216
2023-05-30,4,3,0.9832794839697734
2023-12-16,22,56,0.2813621656109757
2023-03-24,6,7,0.7287864543684116
2023-06-04,11,76,0.8839018918521963
2023-09-11,24,191,0.3681090835687849
2023-12-15,22,142,0.8794435505721102
2023-12-29,10,105,0.3678788899112675
2023-05-18,13,138,0.40356612884071963
2023-08-09,19,153,0.6723707268332391
2023-04-30,3,69,0.7217860911026889
2023-08-25,5,146,0.4457887079483157
2023-05-10,12,161,0.5487435715863115
2023-07-25,14,104,0.8849763182234377
2023-01-07,25,102,0.953357382693747
2023-07-28,1,73,0.06253064051931123
2023-05-12,11,57,0.0649167964068319
2023-08-17,7,139,0.20819275002020232
2023-03-02,22,101,0.9504394334125336
2023-01-23,20,132,0.6329832892775361
2023-08-18,22,1,0.8078437131233613
2023-02-02,11,38,0.13053713804530698
2023-09-15,7,94,0.036438901593533024
2023-03-28,21,46,0.06924342402311212
2023-01-18,5,125,0.8062726486982122
2023-05-26,17,57,0.947642048910597
2023-10-13,3,165,0.1649313553954913
2023-10-25,16,19,0.6621280157626407
2023-04-26,16,108,0.43912984067049365
2023-04-05,16,1,0.0165617897092335
2023-09-13,17,130,0.4017331178026444
2023-05-02,16,176,0.08557323178558374
2023-02-01,13,58,0.03467734222000407
2023-02-11,7,195,0.3729627074928955
2023-10-07,4,123,0.5889443658490034
2023-02-03,6,12,0.8731791865226545
2023-09-30,18,190,0.731658652493033
2023-06-10,14,188,0.4810112854560159
2023-12-03,1,100,0.7165274001544345
2023-08-27,9,154,0.9687399796619954
2023-09-04,11,113,0.21871455681258345
2023-09-11,5,40,0.006059174398311384
2023-07-25,16,29,0.7756586426709781
2023-08-25,19,5,0.10076748578318617
2023-11-20,20,57,0.44050501563182176
2023-10-31,16,186,0.5303153156498467
2023-02-19,3,145,0.8942742073750195
2023-07-06,2,137,0.6604538546920178
2023-04-28,3,77,0.6112399869016752
2023-03-13,21,143,0.9622341791363904
2023-02-04,19,184,0.23175831044656892
2023-08-16,18,154,0.4616070292627661
2023-01-23,3,196,0.2940355227402909
2023-02-23,16,8,0.2288029794586326
2023-11-30,6,156,0.1810724926666455
2023-10-18,24,194,0.35174842647925453
2023-08-01,5,45,0.09890627299389809
2023-03-09,9,48,0.10409788627997096
2023-08-15,18,151,0.5962360837023312
2023-01-14,16,35,0.5274306013694392
2023-03-09,9,10,0.5382002784583645
2023-12-10,23,42,0.038355996806752946
2023-03-26,1,89,0.5886207431238324
2023-07-06,6,122,0.39144128168266645
2023-05-12,12,177,0.21541781145157268
2023-03-06,8,98,0.3013693022917332
2023-08-12,1,178,0.02412698764714616
2023-12-19,13,53,0.8324406858068141
2023-03-04,7,55,0.6532009680937122
2023-06-22,10,47,0.5943186720554529
2023-08-05,13,29,0.6077160924757327
2023-04-28,2,20,0.5524342673223478
2023-05-09,8,187,0.7035873224504543
2023-06-02,4,149,0.5342031776937811
2023-04-10,5,169,0.6292017088900093
2023-08-17,10,70,0.2519193646740743
2023-11-25,18,131,0.5369341745549749
2023-10-05,25,28,0.5728691951118897
2023-11-30,6,63,0.2825865837538212
2023-08-03,2,144,0.9569200071029309
2023-10-04,8,88,0.16331622587382189
2023-04-02,10,66,0.5834457457925171
2023-10-15,13,152,0.050051873125599555
2023-05-23,21,156,0.9577787694854886
2023-11-21,11,3,0.9986802314552365
2023-06-27,17,120,0.4733474152355692
2023-05-25,15,38,0.03339396320047994
2023-11-08,20,15,0.486932834712517
2023-06-18,8,146,0.4262970045097255
2023-08-01,6,150,0.6950873134276401
2023-05-03,22,173,0.26866518831784214
2023-02-25,21,136,0.43681386322602556
2023-05-26,8,192,0.8089943592443744
2023-07-01,20,169,0.15933707823200383
2023-08-30,22,79,0.6414769609827972
2023-02-07,1,20,0.1789957080282888
2023-07-17,8,20,0.7734750133098015
2023-08-30,10,94,0.16441447176595902
2023-07-02,6,73,0.1345422639058318
2023-02-16,2,119,0.4177182527393881
2023-02-18,4,190,0.5333037708707452
2023-07-06,14,40,0.7236993126747742
2023-10-30,20,163,0.19733819519937934
2023-08-16,24,181,0.06220701636530557
2023-09-07,6,55,0.9543611430152776
2023-10-05,1,99,0.7540534272788318
2023-12-01,13,19,0.3190838273379025
2023-05-18,23,41,0.8956364038957744
2023-09-12,25,16,0.9986914729329431
2023-07-19,18,136,0.5612861657514019
2023-09-06,23,150,0.859995276513946
2023-01-01,8,193,0.5093177340678565
2023-07-25,2,20,0.5221010802686051
2023-02-05,4,40,0.6101530774259527
2023-06-03,15,162,0.3462927873577717
2023-08-26,20,120,0.46810071131014763
2023-09-14,20,133,0.7391571048471939
2023-06-29,5,51,0.4387025478952571
2023-09-11,9,35,0.08825084668062777
2023-02-04,10,130,0.9277142401742652
2023-08-12,1,32,0.774136274355349
2023-10-08,14,31,0.47179667531050606
2023-05-13,3,108,0.07490498720064753
2023-08-30,19,176,0.26649260585844414
2023-01-08,11,93,0.6147844200395745
2023-07-01,21,173,0.8231154062284872
2023-01-22,20,138,0.879025723338036
2023-12-16,17,27,0.28905469312174537
2023-11-25,3,61,0.04701935462539153
2023-05-28,17,29,0.9055863258770417
2023-10-21,15,48,0.8096917634195748
2023-10-13,16,120,0.44430215198405953
2023-10-29,1,79,0.34428597905139335
2023-07-14,20,17,0.7335768002689188
2023-03-08,1,69,0.7282327923191908
2023-03-16,12,165,0.7422617797169946
2023-04-09,5,159,0.2500799412185709
2023-01-14,15,148,0.21412343578289939
2023-10-19,2,180,0.3838116705476706
2023-01-19,11,176,0.7174027061155516
2023-12-06,7,170,0.39369969862023146
2023-08-31,15,146,0.16893479711700887
2023-03-15,24,158,0.4608918082881849
2023-04-21,3,8,0.1921679016603205
2023-09-16,21,100,0.9013807280335299
2023-04-09,12,1,0.48532262629834266
2023-12-19,23,116,0.2821150027698335
2023-12-22,25,128,0.7886585353205897
2023-02-23,5,68,0.5982438223075316
2023-12-12,16,57,0.5873590774938746
2023-08-02,25,37,0.369404871569442
2023-02-09,23,103,0.6028545704537832
2023-08-08,10,125,0.8031709048379526
2023-05-12,15,154,0.621556629279619
2023-04-05,22,113,0.07517958275869574
2023-01-27,8,55,0.6604693941019852
2023-11-16,1,99,0.7485239819548309
2023-03-01,7,27,0.6206191631755518
2023-10-31,19,197,0.88171580191521
2023-01-15,17,38,0.24946874270113018
2023-05-19,25,29,0.0077451540542515795
2023-11-30,8,28,0.9492819803147517
2023-08-31,16,88,0.5861341108882812
2023-03-18,1,132,0.5184539892878426
2023-10-28,12,104,0.6827444101696896
2023-10-07,13,56,0.09719272797154199
2023-11-09,3,81,0.637078892701325
2023-08-13,21,57,0.7394485058612601
2023-09-26,17,167,0.8034537137949113
2023-12-14,25,40,0.8556425740933681
2023-01-18,13,54,0.03687814311721893
2023-02-16,14,82,0.867207731373381
2023-12-07,11,82,0.3192438202620126
2023-03-31,3,138,0.3575322154119147
2023-09-17,23,8,0.4287406476771185
2023-01-23,18,52,0.029765796626130214
2023-10-12,19,72,0.3341634989734471
2023-10-15,21,69,0.11385143191482805
2023-10-05,20,166,0.5196749739929224
2023-02-26,14,97,0.9484883589579288
2023-06-18,3,131,0.2098506060249089
2023-02-03,4,74,0.6244085106456759
2023-01-28,16,48,0.5004462092168788
2023-05-29,12,32,0.7724444307173315
2023-01-09,20,77,0.36038747180509767
2023-06-14,11,146,0.9324886504112806
2023-09-12,14,68,0.7646907582734761
2023-09-01,2,173,0.9159732083622606
2023-11-26,22,20,0.8054374868082488
2023-09-11,3,174,0.21612065036112682
2023-12-04,5,70,0.20233100890355693
2023-08-25,25,179,0.19868645981539101
2023-10-29,23,25,0.9126882805129166
2023-02-26,1,178,0.040892872558495164
2023-07-19,1,81,0.6991803214439691
2023-11-08,23,48,0.613830735499157
2023-10-27,10,128,0.3426405104907776
2023-02-19,19,156,0.6884922970264894
2023-08-10,1,170,0.8144968793591539
2023-11-07,13,75,0.31384972478149775
2023-05-18,18,64,0.9798314862213308
2023-08-25,19,116,0.9126164237716914
2023-01-30,2,180,0.2653220509808337
2023-10-07,22,120,0.2149902466110657
2023-12-01,18,178,0.2279990128197389
2023-11-21,12,122,0.2545631199616063
2023-11-26,22,81,0.46482036904923874
2023-04-18,17,4,0.5560886347047098
2023-12-16,11,164,0.32768525160090034
2023-12-08,15,105,0.13560697695026647
2023-07-24,16,40,0.19201831897790234
2023-12-20,21,79,0.6285497237156398
2023-04-17,1,89,0.6305209466251024
2023-06-12,22,57,0.18221358051036907
2023-09-15,21,10,0.45849104459340384
2023-09-29,8,125,0.17726115139746745
2023-12-31,9,112,0.922058081221327
2023-12-08,22,5,0.9145166245931944
2023-10-21,13,101,0.34981989147538695
2023-01-22,4,7,0.23655389175566033
2023-09-15,24,35,0.804433981783337
2023-02-12,3,66,0.02720745673780489
2023-07-20,9,98,0.824760677613585
2023-12-13,11,68,0.4839960890276356
2023-08-11,10,94,0.595659662685816
2023-03-01,15,93,0.25683064049652427
2023-10-12,16,8,0.013609338278611549
2023-07-02,13,75,0.6391934966319293
2023-12-10,16,61,0.4897281327801858
2023-04-28,15,113,0.9164908125195979
2023-07-02,23,168,0.7651004334265356
2023-12-01,22,108,0.6664209379705873
2023-01-11,11,52,0.5453951798904861
2023-07-01,9,198,0.5821363863023619
2023-04-05,2,44,0.1552865125134707
2023-05-28,21,30,0.23550241457977206
2023-02-22,11,126,0.9149492916625005
2023-05-15,4,9,0.1416022180967561
2023-06-15,6,112,0.5303729755692475
2023-10-06,17,150,0.17871850245549648
2023-05-06,23,176,0.7206442392403405
2023-10-10,8,157,0.26261119799847654
2023-06-07,21,122,0.4320502984145358
2023-06-24,16,182,0.5809390178496998
2023-04-19,17,3,0.8064949946597049
2023-03-18,1,73,0.14788233795623706
2023-01-05,10,44,0.3985452062171867
2023-05-20,17,87,0.6341588227861028
2023-03-01,23,164,0.33742324388560396
2023-09-04,6,168,0.8435909525040001
2023-02-02,1,167,0.320279172333775
2023-07-16,5,95,0.1206430457845401
2023-05-13,5,85,0.04439996423184789
2023-01-24,9,155,0.5539940393411106
2023-06-05,22,181,0.10066160469996144
2023-08-13,3,92,0.3651977845906811
2023-12-18,4,167,0.4924798461330946
2023-10-16,22,5,0.22575133424973126
2023-09-08,1,192,0.948851556030506
2023-03-06,5,13,0.6927668164605666
2023-10-30,22,33,0.3316324392649074
2023-12-15,9,154,0.9783966265439806
2023-02-12,5,105,0.566864482887826
2023-03-07,10,23,0.5602897800673593
2023-02-19,6,66,0.40259722583821944
2023-03-03,14,162,0.9189406115670025
2023-08-03,17,121,0.36326984298557163
2023-06-17,13,195,0.2230320135096251
2023-06-17,21,122,0.6751795943621959
2023-07-29,15,190,0.31929969984093287
2023-09-07,25,65,0.9005368375147554
2023-09-11,15,35,0.06825290887734003
2023-10-17,7,28,0.9695754220569466
2023-12-27,11,105,0.8580606622127366
2023-09-10,25,76,0.6786783255217381
2023-05-30,17,88,0.6246712636355813
2023-04-05,21,181,0.023505017306436726
2023-09-03,16,9,0.055707451554689036
2023-02-05,9,56,0.42335125695317466
2023-05-11,16,71,0.6265510425125588
2023-08-05,3,49,0.680066692042903
2023-09-21,4,172,0.8900807562383005
2023-12-28,20,120,0.6653913681348541
2023-06-25,13,81,0.14022789149865023
2023-05-03,1,74,0.11188743499012921
2023-07-20,11,76,0.18087706059794129
2023-01-21,19,121,0.5337057653982327
2023-04-07,1,148,0.027181886370344577
2023-05-26,1,14,0.5583261368146561
2023-02-06,15,111,0.32060076028976836
2023-01-15,15,19,0.7999033475688632
2023-04-07,17,151,0.7169968080555698
2023-10-09,9,139,0.3483389279002925
2023-10-21,3,178,0.5410135449437327
2023-08-26,10,178,0.9504012804739949
2023-03-31,23,21,0.019397974540104945
2023-06-15,12,198,0.7281904717694164
2023-02-08,5,22,0.1907214732083612
2023-10-29,25,18,0.8167167796012657
2023-01-21,5,41,0.040195674360979705
2023-07-06,11,183,0.2428071091485291
2023-09-26,22,29,0.5431107433593325
2023-07-23,21,189,0.6307770100349785
2023-03-17,15,3,0.19751681414656141
2023-10-23,17,141,0.3251714219730433
2023-02-23,8,172,0.7598557057200864
2023-02-14,23,66,0.10036002919721299
2023-04-14,12,102,0.26860290794729536
2023-07-19,9,77,0.6278928457650836
2023-09-10,9,1,0.6905691630198949
2023-09-08,23,62,0.07861471594753977
2023-07-24,9,15,0.044420091697779385
2023-11-19,1,55,0.8194544315040803
2023-08-10,9,198,0.6133887100942419
2023-01-12,14,170,0.4252189386616755
2023-12-14,12,185,0.2620426232050843
2023-05-02,12,8,0.31973517294730514
2023-08-17,18,123,0.6859803327700278
2023-06-26,11,152,0.3290974441695902
2023-09-14,18,113,0.8256997304163007
2023-09-10,24,122,0.3190609809674637
2023-05-04,7,138,0.7410982162878046
2023-10-03,2,76,0.28939620725610216
2023-04-10,10,112,0.7461551910333939
2023-02-09,25,78,0.28124608107821214
2023-04-04,18,173,0.07382824135230992
2023-08-09,25,102,0.6493079932744946
2023-05-21,19,1,0.034802678864495284
2023-06-13,22,146,0.1624282869299074
2023-08-09,5,193,0.28739147441234125
2023-07-30,1,146,0.6562610268420935
2023-08-27,4,147,0.5751360316346656
2023-04-23,22,60,0.42997183906492087
2023-06-10,3,1,0.5624735448961891
2023-11-29,12,56,0.7440910889760745
2023-07-16,18,105,0.13813238624665647
2023-01-05,20,176,0.5297931545188643
2023-08-07,9,58,0.34826599891030974
2023-12-14,11,146,0.007962543213782203
2023-12-08,3,43,0.798689611378278
2023-10-29,17,151,0.8278082389302872
2023-10-07,16,176,0.6808250368331022
2023-06-14,25,192,0.8785369040730933
2023-06-04,15,102,0.30071367126976967
2023-07-22,6,140,0.04827810044642811
2023-12-29,17,182,0.0469530208556731
2023-09-14,14,20,0.9083565862667554
2023-05-18,7,120,0.14578393438349657
2023-11-14,4,137,0.20539022886408254
2023-02-11,3,16,0.7643887892294785
2023-11-11,12,128,0.038039856936311844
2023-06-10,22,172,0.7620111840785083
2023-10-19,10,183,0.23976880975828763
2023-07-08,25,36,0.5540831780706912
2023-11-25,22,98,0.4965925052489655
2023-10-30,6,66,0.28637050577457546
2023-05-12,7,198,0.8548832623049889
2023-09-23,22,199,0.48106366196997585
2023-04-05,19,188,0.5592419406398536
2023-07-15,19,69,0.3736472356971463
2023-03-21,25,149,0.8317038827463855
2023-09-23,4,73,0.02022093611045106
2023-04-29,25,139,0.14169275113918223
2023-05-18,18,129,0.9760044511794759
2023-08-22,3,166,0.598683752845264
2023-08-17,3,3,0.7751826877265501
2023-02-02,10,3,0.7500150458472689
2023-11-30,7,55,0.8824269813695325
2023-03-11,23,65,0.0482012080172336
2023-03-15,12,174,0.26761029164494865
2023-03-24,6,61,0.32537081167583526
2023-11-05,14,9,0.7287544549507714
2023-11-22,15,181,0.21798518103990427
2023-07-21,3,114,0.3027914269464309
2023-07-07,25,154,0.9113744844534933
2023-04-12,18,200,0.12962943991570208
2023-03-01,24,64,0.05380699201923922
2023-04-11,7,17,0.44496408609359894
2023-08-17,13,134,0.9323177027194833
2023-09-16,5,56,0.7093699817022924
2023-04-12,10,142,0.5138704889606943
2023-05-01,9,117,0.7727213922683046
2023-02-09,22,133,0.8634100495410475
2023-06-14,1,166,0.6847369990822268
2023-08-09,15,7,0.11416880258045814
2023-12-26,21,139,0.7670329164398538
2023-06-02,1,96,0.5547607202041338
2023-08-24,11,138,0.2676025112329373
2023-12-03,5,91,0.2307036838081662
2023-03-09,2,193,0.9922063539865421
2023-02-18,16,40,0.4316799991495055
2023-07-17,2,143,0.24854190958735634
2023-11-18,9,77,0.5998551717049189
2023-05-25,19,14,0.6250044018054273
2023-05-13,22,169,0.6194428115036597
2023-07-01,23,134,0.47577664173139267
2023-01-27,12,19,0.48163559111729426
2023-09-11,9,46,0.6103536854183866
2023-06-01,3,18,0.6135246076851032
2023-10-18,20,85,0.6693104905257752
2023-04-27,6,15,0.13941262665315324
2023-02-18,25,173,0.0697290717122343
2023-08-08,12,65,0.9341697461983133
2023-04-03,14,99,0.8929532679164449
2023-09-10,20,61,0.6102341734095879
2023-12-08,16,165,0.9927230553573116
2023-06-26,21,167,0.2927208122653765
2023-09-16,19,184,0.04671630179515596
2023-10-31,12,39,0.898606081333753
2023-01-26,7,186,0.7012918920689849
2023-03-30,5,30,0.2269447291381217
2023-12-27,25,24,0.7896696996266236
2023-02-09,11,107,0.4722114233742465
2023-08-10,6,120,0.8857095694125522
2023-12-24,3,57,0.4105697693755114
2023-03-05,5,124,0.6754158008805959
2023-06-20,1,92,0.09504406318568559
2023-09-26,16,174,0.6958531503223798
2023-12-22,1,40,0.26339269475046756
2023-10-02,20,124,0.7854265883559691
2023-02-11,18,160,0.09763209007793272
2023-11-01,12,33,0.9324442577539525
2023-09-05,7,139,0.39846817785303457
2023-12-02,8,90,0.5406469088663365
2023-04-11,7,14,0.23194784149533765
2023-06-22,2,2,0.40206517037876954
2023-06-11,12,93,0.14199961729886956
2023-05-09,17,182,0.999675903287777
2023-06-10,19,176,0.16934270922103056
2023-04-23,22,72,0.2805704500477523
2023-03-16,18,157,0.5122151832500195
2023-09-26,25,177,0.5606756195667985
2023-11-24,16,110,0.08782452079627912
2023-09-16,25,32,0.8318903485699389
2023-11-17,16,38,0.2922569806041293
2023-04-21,24,5,0.01595817003007416
2023-08-03,13,5,0.04671830389166409
2023-06-02,14,49,0.7753044876537492
2023-03-04,20,33,0.24567064322111887
2023-01-24,15,44,0.262042614726121
2023-03-07,23,194,0.5665545263272432
2023-07-22,23,53,0.46451181357733207
2023-08-02,16,80,0.39209141798275615
2023-02-19,18,94,0.7571429073815575
2023-01-14,4,149,0.9242731410886271
2023-12-31,8,98,0.8962995296595982
2023-08-07,8,30,0.5775422082859507
2023-04-17,13,174,0.8247680480903654
2023-05-31,16,35,0.15708887833012053
2023-11-05,13,145,0.077179933139229
2023-02-19,6,69,0.47050989997314974
2023-09-14,20,154,0.7395541228810649
2023-07-14,2,67,0.11428606054610191
2023-10-23,25,137,0.428239807649045
2023-04-05,4,24,0.0042780539924306416
2023-01-15,24,112,0.7176695762712293
2023-07-27,7,79,0.14247128758255512
2023-06-19,23,142,0.7101893046677257
2023-01-27,8,26,0.4704749179992608
2023-06-12,15,134,0.17032940029686716
2023-05-11,18,66,0.2712705026015053
2023-06-18,20,54,0.05835305850303574
2023-11-17,12,178,0.05483861715822913
2023-05-15,7,183,0.9740090553282941
2023-11-16,16,10,0.21722554353652057
2023-06-25,2,148,0.7817468440907613
2023-07-08,13,6,0.5608740256880607
2023-12-11,17,142,0.8092142448558197
2023-08-12,22,132,0.6226289064752709
2023-01-19,20,164,0.4513299198618651
2023-06-15,24,144,0.06280189647351797
2023-08-01,15,154,0.5921003564193988
2023-12-29,9,129,0.6980786799243214
2023-02-12,2,7,0.42280074255898037
2023-02-25,11,44,0.9603784354334328
2023-04-07,17,18,0.13013635410819457
2023-08-06,12,28,0.31691235340403945
2023-10-12,2,82,0.9398337723908313
2023-01-06,14,7,0.2236144777293252
2023-04-06,8,195,0.6405447601565522
2023-04-02,15,137,0.3520452270998998
2023-09-13,11,194,0.8051539292424152
2023-04-21,21,153,0.06686694225121881
2023-04-17,2,182,0.8158406745222151
2023-08-15,19,2,0.631866053880731
2023-09-03,17,131,0.06972616598301906
2023-02-06,20,187,0.5624534085763904
2023-12-27,2,7,0.43726634808913556
2023-02-18,17,63,0.8943818802491135
2023-05-24,7,190,0.17014324029266892
2023-07-11,1,140,0.7178281989887382
2023-07-02,6,18,0.4023216725397918
2023-11-29,12,157,0.9217878234148543
2023-06-10,6,160,0.2599059081434716
2023-04-21,11,143,0.05163532883848865
2023-12-21,21,144,0.16147558853107324
2023-06-06,2,104,0.1177922250611867
2023-06-08,17,115,0.43251775640439194
2023-03-26,8,119,0.4799837115673191
2023-09-13,19,174,0.8033275097149968
2023-11-07,7,67,0.019701003317209587
2023-05-20,12,173,0.30841326661118473
2023-11-19,14,75,0.31108879345128115
2023-07-23,19,129,0.6449216060274913
2023-05-03,3,86,0.19329427902262175
2023-02-02,18,29,0.8436351995495391
2023-02-12,22,188,0.9733870166813889
2023-01-18,16,62,0.9512563824394488
2023-10-21,23,118,0.5065461193883861
2023-01-17,20,153,0.21078523280200867
2023-10-10,24,10,0.15436096423311096
2023-03-14,15,66,0.27993376132803616
2023-12-18,1,31,0.7282260616016887
2023-08-24,19,137,0.40221582673927203
2023-12-01,12,23,0.5623413811327014
2023-05-05,15,10,0.3510797495272838
2023-12-16,13,165,0.42305815572227423
2023-08-06,25,15,0.8250190752755334
2023-09-30,14,50,0.5208843749798097
2023-12-13,15,57,0.4236603985178067
2023-10-11,2,159,0.5139672070494758
2023-08-28,5,165,0.26965980353113506
2023-05-14,25,41,0.40241913506523774
2023-08-21,14,29,0.777273899449049
2023-07-23,16,94,0.13100204791686232
2023-10-28,15,111,0.2912160970507731
2023-11-26,9,149,0.4684302713287978
2023-11-20,25,144,0.9331849710665397
2023-12-31,12,117,0.9792467844542622
2023-09-19,5,85,0.5815925367954319
2023-08-20,25,181,0.9174628431569264
2023-07-15,1,9,0.8996974276158624
2023-07-31,12,69,0.12842050569749008
2023-05-13,6,165,0.24979628546618604
2023-06-25,21,145,0.6122019610951654
2023-08-10,14,95,0.6994026482062409
2023-04-16,10,45,0.9497058432421405
2023-10-24,18,57,0.4386678372748255
2023-07-14,4,116,0.4492027143444618
2023-09-10,12,98,0.425790487938015
2023-06-25,23,57,0.10278922446215188
2023-02-11,3,96,0.22279683361435476
2023-07-18,2,109,0.7713392119123006
2023-09-05,6,28,0.5408835692617372
2023-08-31,3,8,0.7488768102073364
2023-09-28,11,125,0.45123466040480786
2023-01-13,14,103,0.6819360254595923
2023-07-01,2,65,0.19495122225055406
2023-04-19,8,112,0.9517642855807212
2023-07-21,10,57,0.5005260942395116
2023-09-13,19,44,0.8304991299074611
2023-05-02,5,25,0.7197883480059077
2023-09-01,16,26,0.15249738644457267
2023-03-07,25,188,0.14630857409269205
2023-10-18,17,42,0.7257852938188581
2023-12-28,23,7,0.9787262484785891
2023-01-03,8,161,0.21922352293566139
2023-05-06,23,40,0.4011960474219135
2023-06-22,16,104,0.38776452640836534
2023-08-27,6,40,0.6590256366026631
2023-09-12,7,184,0.7899535684164375
2023-02-19,3,170,0.2642793090858292
2023-08-03,10,200,0.5318694499823478
2023-02-23,15,7,0.1374845476438844
2023-03-05,2,58,0.10440728458238924
2023-11-05,12,8,0.8711883665691632
2023-07-27,20,51,0.7737631386690437
2023-01-09,23,121,0.3838827002857247
2023-11-18,15,36,0.8101066593740782
2023-04-10,13,66,0.15939799689320866
2023-03-01,14,146,0.027822653881964476
2023-06-08,13,96,0.9062736133475852
2023-10-08,1,75,0.2438765474778457
2023-01-06,10,47,0.16659554065228388
2023-06-28,21,55,0.22362972955520277
2023-10-11,15,169,0.6522524519585928
2023-11-07,5,20,0.007675302858048183
2023-11-27,20,156,0.38360961655505876
2023-10-27,24,54,0.0906172554560063
2023-01-29,7,3,0.6557106479650614
2023-01-03,12,12,0.318182098506523
2023-09-10,20,93,0.26846889549725683
2023-12-26,24,71,0.43850842038289506
2023-10-25,24,73,0.9461480968686775
2023-01-11,3,99,0.8797180663832134
2023-07-13,21,118,0.8044258688156839
2023-12-27,14,125,0.589555978418746
2023-03-20,11,153,0.2327765618349772
2023-08-21,21,162,0.05083736153264706
2023-01-28,10,52,0.2089584249964278
2023-02-14,24,173,0.848973071589146
2023-08-09,8,192,0.09707021906902935
2023-12-24,8,103,0.004468101285952764
2023-02-09,5,200,0.6542446451419537
2023-02-24,14,60,0.7892776264134097
2023-04-09,3,164,0.7698414604692211
2023-01-04,4,63,0.8714219484117113
2023-09-14,22,5,0.6346561354884522
2023-07-29,10,78,0.6528286311229828
2023-01-02,7,193,0.17806571702142726
2023-10-03,21,46,0.13400743742078614
2023-08-02,6,25,0.9431684240289262
2023-10-01,1,27,0.9906402487143515
2023-04-28,10,97,0.3052592143474776
2023-09-19,15,76,0.9204287314956714
2023-09-11,7,166,0.7842159213065173
2023-08-14,3,93,0.057850568735810515
2023-01-06,8,91,0.6281031907828223
2023-07-07,22,75,0.7842948421207135
2023-02-25,18,86,0.588208840047963
2023-06-06,21,164,0.27888202824020303
2023-05-18,1,103,0.8067363144651253
2023-11-26,14,39,0.6690445894062833
2023-11-29,7,78,0.47592898084412427
2023-04-04,22,132,0.8628554517589643
2023-06-18,1,12,0.2294722533070227
2023-09-05,14,185,0.06802305145698306
2023-01-26,4,52,0.3050249741502772
2023-10-04,2,109,0.37505425086007615
2023-04-16,12,41,0.21648762838303115
2023-09-08,11,47,0.05116688478765208
2023-05-06,1,187,0.24317770773306102
2023-10-18,10,139,0.736289142935791
2023-02-23,23,182,0.19375493968714175
2023-06-28,18,184,0.27796177335738803
2023-01-28,19,56,0.1579553451350112
2023-12-21,12,166,0.6626223371610817
2023-06-25,6,110,0.32765341401869696
2023-08-15,1,83,0.6435114526127337
2023-03-06,14,157,0.033116012477537926
2023-07-09,15,19,0.8023508707351521
2023-10-27,13,196,0.29931952132058803
2023-07-13,12,104,0.45034002555315267
2023-12-03,13,166,0.5950561635905072
2023-09-28,9,42,0.4126020982968177
2023-12-12,10,14,0.31942947704252966
2023-05-26,4,67,0.6690696615682176
2023-01-01,7,162,0.22813169655891374
2023-06-19,13,117,0.31104903705459486
2023-11-29,13,51,0.8928476738808842
2023-01-07,5,184,0.7431195860633574
2023-01-15,18,76,0.9707116594043552
2023-11-08,6,92,0.9847645338606468
2023-09-12,2,200,0.5063571899530747
2023-06-21,6,104,0.24335049414446697
2023-09-04,18,135,0.8794414055783045
2023-10-09,25,195,0.32197056191763096
2023-12-18,24,165,0.956645167793496
2023-02-24,11,186,0.5381667871046717
2023-01-01,15,192,0.8811881346778737
2023-05-18,17,184,0.7248921000514903
2023-11-12,25,61,0.00021155443480935787
2023-11-22,3,181,0.2420798352211856
2023-05-19,11,175,0.39173374742765676
2023-06-16,9,41,0.3969480325476329
2023-09-24,9,43,0.07827193408489275
2023-05-13,13,153,0.10411665003761261
2023-07-05,19,97,0.08555460848773055
2023-04-01,18,75,0.524373944385225
2023-09-24,20,52,0.21923141514170696
2023-03-12,23,6,0.412461764036671
2023-09-07,9,115,0.8687383867063162
2023-01-30,20,114,0.8621210177550486
2023-09-04,17,14,0.24769260574647645
2023-01-28,5,89,0.9118042871164053
2023-01-03,6,31,0.36490512194697033
2023-07-29,5,104,0.6936171713983943
2023-12-06,20,157,0.2629840128849673
2023-04-16,16,85,0.06248138016693183
2023-07-08,10,34,0.8250792321277354
2023-06-21,3,59,0.790868823162302
2023-09-11,14,179,0.6074140573387106
2023-12-21,21,31,0.4101294154803149
2023-08-14,14,100,0.017673878350324412
2023-10-21,22,19,0.065685133574104
2023-04-28,24,155,0.8779370480309514
2023-09-23,5,159,0.9011307426617093
2023-09-24,23,193,0.4407104168311614
2023-03-26,13,58,0.6733236309679866
2023-04-09,2,32,0.34634262944104965
2023-11-16,6,37,0.7558509619758735
2023-12-27,13,1,0.6212048931650908
2023-11-12,23,10,0.5416223370908021
2023-11-06,11,102,0.018420574448440585
2023-03-06,19,25,0.5451698678433943
2023-01-19,19,165,0.6869132583486153
2023-11-11,15,133,0.2005117885255533
2023-07-11,12,56,0.4605451048965026
2023-07-05,7,79,0.10934534214816105
2023-10-31,22,91,0.6852420366812766
2023-06-23,2,6,0.3520045585533196
2023-03-03,24,190,0.030423015547990095
2023-07-16,22,40,0.7752540950911275
2023-02-24,11,87,0.9114822718919143
2023-11-29,16,170,0.12720231329768528
2023-11-29,16,96,0.23274216461553332
2023-02-18,19,199,0.4024487667468625
2023-12-06,23,188,0.04823872446238309
2023-06-04,15,27,0.37460198005512146
2023-03-24,10,96,0.4719027505601845
2023-01-07,13,163,0.49696459249266745
2023-02-21,2,93,0.10953702108162422
2023-06-23,9,192,0.10628433248456082
2023-01-24,7,52,0.8737577919861398
2023-08-07,15,30,0.671475918408073
2023-05-05,23,130,0.25255625989006636
2023-10-08,17,87,0.82082015231786
2023-01-06,14,55,0.7536764213800794
2023-05-23,4,143,0.40783240982439906
2023-05-26,6,3,0.6865348391149824
2023-07-12,15,35,0.5816363135219198
2023-01-08,18,162,0.9651314156256879
2023-05-03,13,18,0.8808807777087437
2023-06-01,11,116,0.2895098263468785
2023-10-31,19,26,0.996621425698296
2023-05-04,3,11,0.36054400087393457
2023-07-19,2,159,0.2942316445430867
2023-08-05,7,101,0.018390969804515267
2023-03-05,18,155,0.6713613519596058
2023-03-21,4,103,0.32538494495150916
2023-04-27,11,64,0.08671925068311992
2023-12-20,13,140,0.5420427222271563
2023-10-11,21,70,0.11390765665506342
2023-05-26,22,136,0.563353860000827
2023-01-10,20,108,0.9436418687583583
2023-12-18,22,176,0.13836773943837954
2023-06-20,11,86,0.1990290977941085
2023-09-16,5,24,0.4494985488520993
2023-07-20,21,85,0.9804479893638
2023-06-13,19,197,0.04398451597954223
2023-07-10,6,152,0.41791148615736606
2023-08-03,23,47,0.063548998631481
2023-12-22,14,192,0.31969232373721335
2023-02-18,4,76,0.986943096702151
2023-04-11,16,155,0.8813510787315976
2023-12-12,2,30,0.5859848358819921
2023-04-25,22,81,0.534837520251652
2023-02-09,17,60,0.84448452917514
2023-06-06,16,17,0.9161773253257607
2023-09-14,4,112,0.3440075225282495
2023-09-14,23,57,0.8015411671771492
2023-02-08,4,113,0.03886222701347586
2023-12-12,15,169,0.09007247059166301
2023-06-01,13,52,0.9835374874228779
2023-02-13,23,193,0.07782718507110009
2023-03-24,5,41,0.5383000469626912
2023-01-31,1,52,0.9827245220151889
2023-10-20,22,120,0.6132959893822973
2023-02-20,4,189,0.4492226422566692
2023-04-22,15,127,0.7920795871123014
2023-03-18,15,183,0.6212789266126046
2023-03-01,10,38,0.41879782247683484
2023-10-02,12,180,0.3145228098035636
2023-02-23,19,176,0.9872894580795996
2023-01-26,3,18,0.006999570583314019
2023-09-18,6,153,0.3372283683004791
2023-02-12,21,146,0.2496596461062367
2023-07-01,16,76,0.5494283890072026
2023-01-02,12,4,0.8744076318503882
2023-06-11,3,55,0.7696191229264031
2023-08-30,18,164,0.3120616095838693
2023-11-14,21,99,0.33481485626317986
2023-12-16,13,78,0.24137157926270936
2023-06-07,11,191,0.4813944259772438
2023-08-23,14,165,0.339195591178339
2023-11-28,8,90,0.43597788445455454
2023-01-28,1,95,0.5477074044363258
2023-09-26,19,88,0.26009550063908893
2023-02-26,10,39,0.7623080651206792
2023-05-19,9,151,0.8698276105289167
2023-11-04,16,68,0.15238294410654352
2023-01-21,20,37,0.18297956904467516
2023-06-12,18,63,0.3547516813307149
2023-10-08,8,68,0.02708403703660156
2023-12-27,20,150,0.33468161665927776
2023-02-19,16,173,0.4581765999077947
2023-11-14,10,157,0.3520221067493696
2023-10-29,19,83,0.8081468461309543
2023-07-05,5,193,0.5280570315273161
2023-06-08,20,102,0.5391841481845652
2023-10-28,9,120,0.5591084023617919
2023-06-28,22,6,0.32189842355650344
2023-12-21,12,63,0.24784402163678265
2023-11-26,6,156,0.3262131342769582
2023-06-06,18,151,0.10620235706334546
2023-03-03,9,199,0.9709713214719895
2023-08-26,14,34,0.7779038865398409
2023-08-11,6,20,0.5214028499195384
2023-11-29,16,109,0.3839372689874154
2023-11-05,5,25,0.7661540334400998
2023-05-27,12,59,0.6077630216702303
2023-07-11,11,65,0.9959352500946107
2023-09-30,10,67,0.23115990436585176
2023-01-16,10,72,0.9642818508506317
2023-09-24,8,191,0.6147020445666214
2023-07-22,4,54,0.4451742376885831
2023-12-20,2,105,0.2146532196138876
2023-02-07,8,93,0.6176216099593743
2023-08-08,25,158,0.515590218830529
2023-06-25,11,160,0.7954811959512629
2023-08-31,19,72,0.7207474988993291
2023-01-01,14,138,0.3610934277455268
2023-03-25,18,112,0.09243971708729981
2023-06-09,9,189,0.4129788889407904
2023-02-24,7,34,0.09873868307520306
2023-06-06,2,66,0.6862042143274986
2023-09-16,14,84,0.1817664104546327
2023-02-02,12,104,0.24612301680832338
2023-05-28,5,118,0.015370256358277157
2023-11-06,15,115,0.7436116235569585
2023-05-12,12,8,0.6819737797962925
2023-10-06,13,56,0.766920138582858
2023-11-01,8,106,0.955587949857395
2023-09-25,5,46,0.3134289393717865
2023-03-07,22,166,0.6099291540732998
2023-01-23,17,172,0.46750031102682443
2023-07-24,10,80,0.5862435415699062
2023-07-31,5,49,0.5387511851968321
2023-03-04,12,109,0.03094998131655291
2023-03-26,21,132,0.13525471537529943
2023-12-20,18,150,0.14214228884540925
2023-05-24,18,42,0.5224136816567123
2023-03-13,7,47,0.9631540561837874
2023-04-10,23,69,0.4480998291651057
2023-08-10,5,183,0.8780381354175424
2023-09-02,11,62,0.6593035598954191
2023-02-20,2,198,0.0849322660675027
2023-06-08,9,112,0.1386279909184197
2023-12-14,5,81,0.2428707582994445
2023-07-02,1,50,0.25514050198255467
2023-08-07,3,54,0.47908193442080327
2023-05-07,14,95,0.06714366976929875
2023-06-21,6,168,0.10097788927406959
2023-07-20,16,16,0.4445690503960008
2023-09-13,18,85,0.6211164623021431
2023-03-29,18,51,0.5303178530624638
2023-01-04,4,164,0.4237828051647058
2023-02-21,13,78,0.4928473523310495
2023-07-22,7,40,0.6252094474063643
2023-07-05,15,171,0.8413158556384948
2023-03-05,25,162,0.9205201081573288
2023-07-07,2,162,0.44806083780293315
2023-03-16,1,63,0.7607031476927056
2023-09-12,7,162,0.3490737301455218
2023-08-09,11,60,0.4738896519551906
2023-06-16,10,153,0.32575187862599575
2023-02-08,20,25,0.04249093969028639
2023-06-12,11,180,0.1960275353772063
2023-12-17,12,88,0.3512928346999532
2023-07-11,7,179,0.4905995357740587
2023-04-20,18,148,0.4399475559316621
2023-02-19,21,189,0.14593870843370615
2023-08-31,1,117,0.17808723025162954
2023-01-27,21,179,0.9579152713551606
2023-02-14,22,187,0.4641302163578891
2023-05-10,6,114,0.171441537334719
2023-07-22,15,157,0.4169418853312816
2023-09-22,2,5,0.27204612216737833
2023-03-05,10,200,0.6171178239104562
2023-11-05,21,186,0.6307156076804703
2023-08-24,7,105,0.8720897121419221
2023-12-25,21,100,0.9957663350479141
2023-03-07,1,38,0.1277264326804023
2023-01-14,13,146,0.17034182154317967
2023-03-26,10,160,0.032718659849137355
2023-08-03,6,35,0.7716549414036579
2023-12-19,11,162,0.07615691780001865
2023-10-19,23,162,0.2834920803874096
2023-01-02,15,14,0.5486026821734528
2023-06-11,10,157,0.15827442054052343
2023-01-23,25,162,0.2848153012922473
2023-12-11,23,141,0.28780301704870137
2023-09-03,12,138,0.8699791521888317
2023-01-14,20,94,0.47983731025760956
2023-02-02,25,64,0.21748537883538788
2023-01-12,18,158,0.39688135520792733
2023-01-26,11,93,0.7462459279215018
2023-12-26,17,129,0.220093522486977
2023-06-29,20,169,0.7191363613296754
2023-08-05,7,43,0.3051865570436526
2023-09-27,6,44,0.1887745390078357
2023-01-15,4,28,0.2564409992467799
2023-06-29,18,113,0.8964125242499711
2023-05-09,1,138,0.47337128105812154
2023-03-25,2,88,0.9352317022840227
2023-09-30,16,142,0.7188507143942131
2023-02-05,17,5,0.27649784424246204
2023-06-21,17,136,0.45245963925232646
2023-02-25,25,6,0.7085693427283936
2023-09-06,1,72,0.42508396278589555
2023-04-02,18,59,0.6096651939589235
2023-12-19,21,49,0.2505777174800481
2023-09-24,8,72,0.18782936403707573
2023-10-09,9,9,0.2666236957752156
2023-12-28,7,72,0.7089242749007563
2023-05-17,19,118,0.05243086251561535
2023-09-21,10,75,0.26359498884763277
2023-05-31,10,81,0.6278806269856856
2023-05-04,7,155,0.8126546264717219
2023-06-07,20,154,0.8888102250733125
2023-07-02,20,52,0.515850379194138
2023-03-23,23,72,0.342439447393716
2023-03-22,10,84,0.04307821496861919
2023-05-28,14,4,0.6086651108399805
2023-03-19,11,59,0.8134805487901635
2023-07-08,17,81,0.17434697140016908
2023-11-06,7,119,0.3228737965998172
2023-01-16,23,86,0.5633546724080087
2023-10-27,12,92,0.910029103138874
2023-04-13,15,141,0.3736732388599562
2023-02-22,5,40,0.8861325995463749
2023-07-08,14,17,0.4631194922217383
2023-08-29,9,179,0.9779235830016013
2023-04-04,13,197,0.234580438187605
2023-08-11,7,19,0.9539373412255825
2023-12-03,12,44,0.554115362222901
2023-07-20,13,193,0.04202322853613816
2023-01-06,12,4,0.6026435753835422
2023-07-08,13,103,0.4081386358647804
2023-08-04,24,60,0.9211834700295922
2023-01-12,20,96,0.4166451618113898
2023-12-15,22,65,0.29357279360059274
2023-04-14,3,119,0.9818239426148694
2023-05-08,24,188,0.6818258038795106
2023-08-06,4,104,0.09801575867418022
2023-09-13,10,195,0.5920024780315077
2023-02-26,11,99,0.932405729612933
2023-02-14,16,29,0.41685905112408383
2023-07-02,22,30,0.044597209517264425
2023-05-06,1,85,0.1781677015017188
2023-05-08,24,143,0.5721785648544924
2023-09-20,13,45,0.220997880957279
2023-09-09,16,72,0.41700005419967334
2023-05-03,23,15,0.8986251660649208
2023-08-16,13,182,0.06572122111662926
2023-04-05,16,97,0.9521084985801122
2023-09-25,7,16,0.0607039016210319
2023-10-08,11,11,0.7389923871223714
2023-06-09,20,10,0.3182049397832607
2023-06-08,3,104,0.1702692418556484
2023-07-18,13,36,0.3329055004458138
2023-06-20,18,16,0.1081400793919488
2023-04-12,11,60,0.9819438812556356
2023-10-26,5,171,0.9479911780444085
2023-03-31,20,87,0.08168313635097779
2023-03-02,23,8,0.9145306878189581
2023-02-09,17,176,0.19907258533190453
2023-08-11,24,198,0.08040731786643163
2023-01-19,17,15,0.0037671931866819497
2023-11-15,13,46,0.43869136311752177
2023-08-21,2,27,0.518960043010626
2023-12-22,9,17,0.7583563254388309
2023-07-18,5,148,0.42068863678347435
2023-11-14,3,74,0.11996328139831447
2023-12-10,15,69,0.21430627476310782
2023-04-02,15,21,0.9404069039111743
2023-06-03,14,149,0.831908359347318
2023-07-24,17,134,0.8158224442456572
2023-11-10,20,174,0.34822133584660486
2023-02-18,10,198,0.03711175731800387
2023-04-09,2,71,0.8502069882941586
2023-11-06,17,136,0.6964125211632806
2023-02-22,14,141,0.31898172754127996
2023-07-10,24,17,0.9371534361273672
2023-06-06,8,69,0.6060983343534957
2023-09-30,12,178,0.20869092483787433
2023-03-01,15,159,0.44162866311976456
2023-02-02,8,156,0.35640355551290714
2023-11-16,5,91,0.7007134947685074
2023-11-30,18,105,0.042972252497340935
2023-06-03,1,20,0.48081910619408363
2023-10-01,2,65,0.10949695953568872
2023-10-13,9,175,0.42249062559680894
2023-06-10,16,170,0.08851736287906464
2023-05-08,18,144,0.34478844261517994
2023-03-21,24,58,0.18128388810977492
2023-12-15,19,186,0.20053561108068918
2023-05-10,7,18,0.6687820688836864
2023-10-11,9,90,0.5959904063224497
2023-06-27,18,63,0.3056396867652096
2023-09-30,12,75,0.4121906243668908
2023-05-04,10,3,0.34198954421690986
2023-06-06,22,32,0.464241829718973
2023-11-08,9,149,0.44319173398025535
2023-02-07,22,155,0.08690181340207026
2023-09-01,10,59,0.25966596395630215
2023-05-05,18,72,0.5795875274120765
2023-07-30,18,37,0.3033294968237976
2023-07-12,1,39,0.5150581549040224
2023-09-11,14,174,0.38464625581768264
2023-07-31,10,95,0.3323033271276762
2023-09-12,12,10,0.5207867382564234
2023-01-28,23,12,0.7419604841380145
2023-08-16,9,89,0.7149306415436134
2023-07-26,15,54,0.16104110638473568
2023-07-30,16,184,0.500486482266356
2023-07-27,15,12,0.17538932301437404
2023-05-25,11,145,0.42350353323823886
2023-10-04,20,162,0.9225173312616907
2023-07-16,4,26,0.4619459010302279
2023-07-19,21,100,0.20748075805537503
2023-03-05,2,14,0.21768060506375364
2023-06-12,19,54,0.6942430932046478
2023-04-15,1,197,0.5127317102604464
2023-02-05,6,166,0.2030766632981662
2023-10-23,4,119,0.4665277387892528
2023-12-13,12,47,0.7028667436091318
2023-05-24,16,140,0.321606055858245
2023-01-29,1,143,0.5447736864681765
2023-12-09,7,40,0.16988019948902655
2023-02-01,20,5,0.8848873582649767
2023-07-10,2,60,0.007172969203356638
2023-06-17,14,171,0.8735467381685561
2023-11-14,15,114,0.19605246047817193
2023-12-10,7,11,0.8408832600903665
2023-10-03,13,14,0.9329430599061479
2023-12-24,8,144,0.4162185798645125
2023-11-07,7,31,0.12098075698329458
2023-04-08,5,14,0.4618751858054395
2023-02-28,2,132,0.9980157795796583
2023-06-15,24,69,0.29641050657057844
2023-08-07,8,148,0.5320225629767605
2023-05-04,1,97,0.02022585478529504
2023-09-08,13,13,0.03885170378173397
2023-03-30,2,88,0.42362202732662824
2023-07-04,22,5,0.034021581966404035
2023-01-26,11,128,0.8601809632067081
2023-03-26,24,187,0.26978431043937867
2023-02-23,24,16,0.1862537140432382
2023-05-18,9,42,0.14073196076312833
2023-06-25,16,196,0.6171836324926243
2023-07-09,24,171,0.7376530202438372
2023-12-07,7,13,0.6625555029651659
2023-05-15,18,52,0.9719738856561165
2023-09-19,9,172,0.023243069708743458
2023-10-30,3,166,0.7679418274456346
2023-11-17,7,124,0.22971872902684254
2023-08-22,8,89,0.18516439749994484
2023-03-24,4,125,0.3088424157878802
2023-02-12,9,102,0.8558481995683949
2023-09-20,13,145,0.8641324104873259
2023-04-21,1,99,0.6098728638223927
2023-09-08,25,79,0.5782326807702396
2023-08-04,9,36,0.6346221311846126
2023-02-02,13,191,0.48090829923506706
2023-03-12,13,41,0.16602481362704358
2023-06-15,5,77,0.049750977616155434
2023-05-23,2,4,0.7891605504920046
2023-11-21,1,77,0.6757562350665959
2023-01-06,15,100,0.6251685080033895
2023-09-16,8,85,0.5850328123398201
2023-10-27,25,121,0.6139110593142026
2023-06-21,1,109,0.6842975401375357
2023-03-29,2,29,0.48067301379310445
2023-11-15,16,107,0.435772536267394
2023-04-12,17,12,0.4423331100167536
2023-03-24,18,12,0.6941059559693098
2023-04-29,18,116,0.6327122812453563
2023-12-31,11,69,0.9210030712318729
2023-02-14,4,86,0.16400221479364152
2023-10-20,2,29,0.11744487289828887
2023-06-20,16,1,0.24750191427249668
2023-10-25,17,144,0.8733730317868159
2023-03-07,2,72,0.6411600965427994
2023-03-03,15,49,0.09134985621238922
2023-06-19,21,178,0.12769854931669988
2023-10-22,3,28,0.26049194528960995
2023-02-20,19,128,0.8429068311454411
2023-03-02,16,143,0.4280999724537088
2023-03-17,1,124,0.7718172437480905
2023-11-14,12,164,0.4463278189704204
2023-01-23,1,139,0.10271308291593784
2023-12-05,24,16,0.3489558272511669
2023-02-14,15,199,0.49307586733352904
2023-03-05,13,141,0.7969191497269028
2023-01-02,22,33,0.33237744442830985
2023-10-04,5,16,0.26933554603675103
2023-09-11,8,183,0.9531595848396546
2023-06-03,1,183,0.6972865986313348
2023-08-15,16,100,0.6789448270210817
2023-11-12,11,94,0.43008299921714743
2023-08-21,14,29,0.286910586629496
2023-06-13,10,199,0.604935573073834
2023-01-05,7,182,0.8228444521348348
2023-02-02,17,162,0.9731399550593128
2023-07-09,8,189,0.6524025639583141
2023-07-10,6,28,0.12010281586791605
2023-11-07,25,22,0.14711376450181668
2023-10-03,12,57,0.36768729546846257
2023-05-09,7,100,0.7502939130193281
2023-09-25,16,195,0.9439596221589505
2023-09-14,2,197,0.09303195656907348
2023-07-03,1,5,0.11285883118672668
2023-01-16,6,140,0.19771057372625833
2023-12-10,20,145,0.4188241636366976
2023-10-03,12,42,0.9485801914859374
2023-02-27,22,158,0.9997859266265378
2023-02-16,14,150,0.23381635543141488
2023-12-12,14,193,0.22544869799930456
2023-02-16,2,192,0.8686010364759932
2023-06-05,10,73,0.6468392348366947
2023-10-19,9,178,0.9607970406782894
2023-06-07,17,187,0.7154052356401593
2023-07-12,25,114,0.12367225467662635
2023-10-10,9,17,0.3108395149802684
2023-10-30,14,183,0.935364278803827
2023-06-01,16,128,0.8816325030860563
2023-08-01,10,104,0.3679387921731694
2023-09-13,25,77,0.6137275728663162
2023-09-21,6,47,0.06881857345027553
2023-09-06,3,77,0.3040617829203184
2023-02-09,25,124,0.10475083686022857
2023-12-17,2,41,0.3996208804998367
2023-01-05,9,25,0.6792727287360764
2023-04-07,20,193,0.8805107180979296
2023-07-18,6,164,0.5932400914597968
2023-02-11,7,87,0.5303908282417701
2023-03-22,14,165,0.07573780666604524
2023-04-08,16,150,0.588815902730805
2023-02-02,1,89,0.4046125703866589
2023-01-10,24,45,0.6753431944568083
2023-05-09,5,25,0.8554576344681268
2023-06-04,13,184,0.24378906342774076
2023-10-05,3,47,0.17971294918386915
2023-08-27,5,76,0.7872904383178705
2023-03-03,17,94,0.36012910083594807
2023-11-15,12,88,0.9732014982343665
2023-05-15,8,50,0.062100466022967704
2023-09-11,1,98,0.136856370394854
2023-05-23,10,48,0.6313582378991193
2023-05-12,21,183,0.7014964589231928
2023-05-08,1,12,0.7735215814005763
2023-05-13,16,62,0.6213941099879974
2023-09-04,21,4,0.7621680280183184
2023-01-17,19,57,0.6623534888294089
2023-10-06,14,71,0.8697269333952914
2023-10-15,4,155,0.5317116753666474
2023-02-22,16,110,0.6464842532834424
2023-02-05,13,160,0.18756319296022672
2023-08-20,25,4,0.32357276625061127
2023-05-27,22,82,0.4288137316063605
2023-06-23,2,12,0.9707843317757526
2023-10-24,11,67,0.5353854581380032
2023-01-09,24,63,0.6365385631603637
2023-03-17,25,57,0.41017862159111895
2023-11-02,10,91,0.06527290370153316
2023-08-16,25,95,0.36557090353562594
2023-07-27,2,174,0.21065604343778832
2023-07-08,19,130,0.1937373154627542
2023-10-04,13,173,0.9947326934130017
2023-02-21,12,161,0.42710600242672137
2023-12-09,4,95,0.7791913602438968
2023-04-05,13,199,0.7231122917052584
2023-12-26,25,176,0.46288508454256494
2023-03-13,11,84,0.5798459622929231
2023-05-20,6,14,0.15853775122618396
2023-11-20,25,25,0.43573067026819057
2023-10-28,3,6,0.6327793559398922
2023-04-18,11,187,0.33720108118891823
2023-12-30,15,161,0.46304681573043216
2023-07-22,10,175,0.44575626811101254
2023-11-25,19,64,0.15240041222294531
2023-05-21,14,135,0.7681249183219605
2023-01-30,20,146,0.6327693654142454
2023-08-15,19,189,0.9783572409440294
2023-12-16,1,125,0.7131430347173012
2023-03-31,21,86,0.04231356323952573
2023-07-31,25,104,0.8199078254555768
2023-12-24,23,96,0.03940669261616636
2023-03-03,14,178,0.4729594323320492
2023-07-05,19,50,0.6893200511124941
2023-04-01,14,184,0.3134616233234875
2023-03-26,20,137,0.5590459714358242
2023-06-22,15,170,0.7694738377835203
2023-05-16,22,1,0.37892248652133564
2023-06-01,2,30,0.8017515141809283
2023-09-18,19,98,0.5628352563755451
2023-03-10,3,143,0.2686268933075139
2023-12-05,2,90,0.17792742069285028
2023-06-09,7,24,0.4850851764114278
2023-01-25,13,114,0.20995846362724135
2023-10-30,23,19,0.3124122326908858
2023-10-26,20,123,0.4678767463361594
2023-02-02,6,170,0.41811933191075334
2023-08-29,17,2,0.4035897710490355
2023-01-25,22,41,0.610874245864886
2023-10-06,6,127,0.09349302861396525
2023-03-27,13,85,0.8874613523168763
2023-03-08,12,149,0.6579710278820593
2023-02-18,15,50,0.4157910330315632
2023-06-03,12,78,0.12282533918031258
2023-11-11,22,13,0.24096181339064338
2023-09-10,14,85,0.08572490303783997
2023-08-16,1,81,0.4020323486257835
2023-08-20,15,151,0.8110775569832269
2023-02-04,15,139,0.37537325861355986
2023-04-30,17,45,0.08951478219874809
2023-09-25,13,58,0.38697965607294527
2023-12-16,12,122,0.07046067469704376
2023-12-25,8,176,0.4126595853017738
2023-01-23,4,3,0.8310463417516439
2023-10-05,4,15,0.3630093050533123
2023-03-01,13,13,0.7691705243541551
2023-12-17,2,149,0.4427772457489838
2023-12-02,10,67,0.43483638361708576
2023-10-24,21,56,0.21336642465412614
2023-04-10,20,154,0.24729981785776922
2023-04-07,21,13,0.16043548184158918
2023-08-25,22,54,0.8088671777621493
2023-03-28,20,91,0.7049438885435126
2023-03-28,23,83,0.30018018539392277
2023-03-04,23,129,0.39188047038628915
2023-02-03,11,122,0.6387907685156956
2023-03-17,24,200,0.9971587165431205
2023-03-12,9,62,0.7480863882921498
2023-03-19,10,39,0.04792176412240201
2023-02-02,2,41,0.5451805725976163
2023-07-01,17,184,0.6089047171931771
2023-09-29,25,187,0.7252277541522913
2023-03-07,23,135,0.9955014183970285
2023-10-02,6,157,0.21892869948272153
2023-10-07,7,110,0.6143210596696357
2023-08-06,22,115,0.1854162925645404
2023-09-23,11,79,0.6373165273858151
2023-04-30,9,82,0.5031359207560155
2023-09-22,5,44,0.33171498506208197
2023-07-02,24,70,0.8714624625338642
2023-05-03,12,154,0.9339232648642518
2023-01-13,15,49,0.6222510028069705
2023-12-24,1,46,0.975687316089389
2023-07-25,18,87,0.5209490520387522
2023-06-09,19,56,0.9387479249318761
2023-05-14,24,77,0.7284816120672153
2023-12-20,20,22,0.1515469006439849
2023-01-06,22,50,0.48985010684999375
2023-02-10,20,165,0.17383247403490454
2023-04-19,14,95,0.3949053071887493
2023-02-06,25,187,0.8611777388848321
2023-06-19,15,171,0.6549585189876593
2023-09-17,12,26,0.33979215579432076
2023-04-16,20,53,0.7248050407764991
2023-07-19,14,193,0.12820380453280122
2023-12-31,16,191,0.3732034020260403
2023-09-14,23,197,0.9904053712341867
2023-07-20,4,63,0.612438264793143
2023-05-26,20,2,0.5055706568510303
2023-09-14,9,126,0.33251935472897154
2023-12-31,18,67,0.8812002274548248
2023-09-02,12,32,0.32605352976559643
2023-02-06,24,49,0.6713982931703443
2023-09-08,14,176,0.3432988336373002
2023-01-16,12,128,0.9383710625574704
2023-10-08,13,154,0.382540299846175
2023-11-26,24,191,0.24590790226740022
2023-03-18,2,198,0.04699864818333177
2023-06-01,13,198,0.4152832978251567
2023-10-20,9,188,0.6425788693555348
2023-03-01,18,165,0.14151072184108793
2023-02-17,25,107,0.2303155336402437
2023-03-06,21,146,0.40165799902103416
2023-01-06,11,177,0.3097704752327456
2023-09-02,22,172,0.3842275600152376
2023-11-02,22,124,0.794833410074998
2023-03-26,11,188,0.42700662516811283
2023-01-13,6,38,0.39317433444411665
2023-12-11,1,171,0.47607798299748916
2023-11-21,19,189,0.7367362529753817
2023-02-05,14,140,0.99474805106439
2023-05-16,24,102,0.12157993929070732
2023-01-16,4,180,0.15797137393183236
2023-02-03,12,36,0.2908708630665452
2023-06-23,22,13,0.4998068978490664
2023-05-02,24,29,0.17510883106428055
2023-03-22,25,126,0.29023061266822014
2023-12-29,11,119,0.41846334259005624
2023-10-21,1,169,0.4785728464172183
2023-12-03,7,174,0.2876628394828802
2023-05-10,9,55,0.9762115263601446
2023-09-24,9,41,0.1617370641017295
2023-01-19,25,108,0.71770556654035
2023-10-21,23,200,0.09834758641117491
2023-02-05,25,175,0.2404747954600316
2023-03-11,6,130,0.7716514191919577
2023-01-18,24,144,0.11029466408104982
2023-03-22,10,113,0.2084804062078348
2023-10-29,24,61,0.34829430884466095
2023-11-28,17,58,0.8669289903179023
2023-02-16,6,62,0.8890362460813672
2023-12-17,18,178,0.7933028526708314
2023-12-04,12,21,0.2685079237783039
2023-12-29,17,82,0.12857836920434873
2023-11-21,9,109,0.8518518887725058
2023-08-09,16,177,0.7265997746987628
2023-09-14,7,130,0.9015715923687355
2023-12-12,1,31,0.37960925897095865
2023-04-04,1,51,0.07839782376563309
2023-07-30,2,146,0.4962954899237936
2023-05-10,12,64,0.25300084720327964
2023-08-11,7,76,0.6909266293504585
2023-10-26,8,88,0.06783448925703794
2023-12-21,13,197,0.23065142740212696
2023-07-06,12,48,0.3160424469948949
2023-01-03,10,115,0.9652403944984876
2023-10-17,11,63,0.9653217766424478
2023-03-05,10,171,0.3666211303529112
2023-12-22,18,102,0.9368500671502875
2023-07-03,5,168,0.7819679364388379
2023-11-20,16,146,0.8946666518356144
2023-06-29,9,4,0.6903490229984001
2023-07-14,4,164,0.9888339833740946
2023-09-10,6,163,0.9313005377572009
2023-04-06,4,52,0.3208740191407813
2023-06-23,19,133,0.1447822302447369
2023-11-05,14,153,0.6319592028118284
2023-12-24,17,28,0.07298785130274432
2023-08-24,2,45,0.29989674951670486
2023-09-16,24,130,0.9673227921428538
2023-11-11,17,73,0.4912484951940381
2023-02-23,1,10,0.6925001181877352
2023-11-20,8,83,0.3050035168828843
2023-03-11,13,154,0.022830864260846018
2023-07-26,2,28,0.9080357642323135
2023-03-20,20,86,0.8940622444507909
2023-05-25,25,97,0.6172939944615703
2023-06-29,15,108,0.2773945760482943
2023-06-04,13,123,0.7317649080383154
2023-01-21,1,82,0.7701232960466079
2023-04-16,10,144,0.639884810311886
2023-01-25,3,88,0.929346619812496
2023-05-18,12,187,0.15298348399033856
2023-09-25,4,129,0.5218340488139861
2023-02-07,13,125,0.9272565548269294
2023-11-08,7,79,0.6258758741429599
2023-01-02,12,25,0.787307140644916
2023-08-10,12,62,0.03825477616173456
2023-05-19,14,90,0.8768049890352271
2023-09-19,9,40,0.3787970448565099
2023-05-26,22,74,0.42247062666898594
2023-10-01,9,83,0.7012475957427567
2023-12-24,16,163,0.7681430148668725
2023-02-14,7,9,0.35503754432709145
2023-02-13,17,22,0.9026897714607969
2023-10-11,25,35,0.3918910085438494
2023-09-15,4,125,0.7439902388932096
2023-02-16,21,2,0.9045219253832577
2023-10-21,12,4,0.7955625013131407
2023-11-11,4,75,0.3798349704184103
2023-10-18,1,64,0.3459905246455204
2023-12-20,6,37,0.28123464187173886
2023-04-11,1,51,0.3164684369279178
2023-03-19,11,72,0.6402905382045319
2023-08-29,15,37,0.9285113344047674
2023-02-25,12,14,0.9232591456576121
2023-11-23,19,70,0.39671016700471085
2023-04-14,16,102,0.22518910045921714
2023-10-09,23,167,0.5984149977254192
2023-09-14,10,110,0.6352375597709511
2023-03-29,16,184,0.43536628597785587
2023-01-25,17,80,0.3784281835178829
2023-10-31,4,155,0.17318811542353174
2023-09-28,21,150,0.7651202706351408
2023-07-05,7,96,0.5881119994456453
2023-07-20,2,61,0.452554793145272
2023-06-28,7,102,0.5482047105760619
2023-01-26,13,52,0.5465023734572523
2023-03-04,17,23,0.038396144092943674
2023-07-19,6,133,0.79147826492584
2023-09-27,11,68,0.9506349953444653
2023-02-19,7,61,0.23899071003727923
2023-11-13,14,38,0.6266397716429064
2023-12-01,20,99,0.9204828123897743
2023-01-18,20,178,0.21553629200890434
2023-08-02,15,29,0.34886970845720655
2023-03-04,10,178,0.5645819030173592
2023-02-16,17,198,0.35029398315576
2023-08-02,11,139,0.8132404772061588
2023-10-06,3,68,0.7760138144074971
2023-08-18,11,136,0.7938706827276633
2023-04-13,9,27,0.5168837810607267
2023-07-21,2,30,0.6433185595184048
2023-09-30,18,26,0.901242548408882
2023-01-27,7,171,0.8491838060769294
2023-06-20,16,123,0.6515221014874355
2023-05-11,15,146,0.9068740634196917
2023-09-04,9,84,0.5982979223705092
2023-07-04,6,149,0.5783351721635228
2023-03-02,15,187,0.038612380525634205
2023-10-08,21,112,0.5539330792154596
2023-12-18,12,66,0.10991884222351189
2023-12-11,1,20,0.33504125576993327
2023-06-18,4,167,0.3726377707234768
2023-10-03,8,91,0.22554077303999998
2023-10-25,7,177,0.3358787387935678
2023-09-26,11,170,0.30134520294884437
2023-04-28,14,123,0.6888440944345192
2023-08-15,16,68,0.42912084558266717
2023-04-13,20,63,0.7663359494403138
2023-08-21,7,21,0.6563789627651887
2023-12-13,18,32,0.9624619464011076
2023-09-28,16,154,0.9780006095572404
2023-01-17,19,137,0.2791212388121903
2023-02-01,14,168,0.4782850792122886
2023-08-05,19,171,0.35918215558530253
2023-03-08,16,66,0.12353735838234525
2023-11-10,24,44,0.5679118037719414
2023-12-13,16,31,0.6610629109489013
2023-03-19,19,96,0.8721788732341874
2023-04-01,9,141,0.9956426278984707
2023-12-08,5,185,0.8357543922323006
2023-09-22,19,190,0.7884958338446258
2023-03-19,12,6,0.6459782314906372
2023-02-09,12,130,0.20654689972512685
2023-09-09,13,26,0.8201669445352305
2023-07-05,9,57,0.3752120564244027
2023-03-28,16,153,0.4019047320750533
2023-08-29,8,190,0.6757824749734606
2023-01-24,14,9,0.9879034687032728
2023-08-07,15,77,0.5679817292769592
2023-07-24,8,163,0.8140317523026742
2023-04-20,14,19,0.24497565113315733
2023-01-15,16,190,0.17036492285318716
2023-07-23,24,83,0.964159102663724
2023-11-05,1,124,0.09390784598677115
2023-05-15,3,4,0.8608881942332801
2023-01-20,16,87,0.7496614006644674
2023-03-01,10,38,0.19260362634680617
2023-04-30,20,121,0.29138814983051675
2023-12-20,10,182,0.19523056535666117
2023-09-23,2,62,0.24654355660817295
2023-08-08,1,151,0.1521822734457864
2023-07-15,5,109,0.3613089586961633
2023-08-24,9,103,0.1291348178887679
2023-09-01,20,9,0.22014079389618457
2023-10-29,2,75,0.24638311645223132
2023-02-04,14,123,0.9969987488532827
2023-07-02,7,25,0.22218031531291893
2023-03-24,10,138,0.5272728670225035
2023-08-11,5,133,0.18242293616900174
2023-06-27,3,6,0.7022017344434894
2023-04-04,16,124,0.3307912671868122
2023-11-30,4,85,0.10700277566622085
2023-12-23,23,76,0.7147308326943503
2023-05-10,15,94,0.7328893665766563
2023-03-28,24,45,0.777320792382387
2023-07-15,16,165,0.5248612366553144
2023-08-26,18,195,0.7972570591136879
2023-10-29,18,6,0.5612383639764299
2023-03-06,21,200,0.6614418893794597
2023-12-09,15,17,0.5826148027197472
2023-02-12,23,166,0.8587343951113476
2023-05-04,17,99,0.9398598536942233
2023-08-19,6,7,0.5746070623489358
2023-06-22,18,50,0.04048059560982287
2023-04-04,14,19,0.9254441115234056
2023-08-13,10,180,0.9450499521083872
2023-03-04,20,151,0.2915274654828588
2023-06-10,2,133,0.041782439088677736
2023-11-08,7,64,0.4151973381476547
2023-05-12,13,31,0.05664125151886035
2023-01-08,9,52,0.13461301116255397
2023-01-31,11,191,0.24920822941467713
2023-08-04,21,31,0.7769821235270286
2023-10-05,19,98,0.33139460785313635
2023-03-03,24,79,0.9567325059632285
2023-10-10,6,125,0.668161612885133
2023-06-27,2,32,0.5255710960689501
2023-02-28,2,101,0.06726824800548314
2023-02-16,3,75,0.3258409238092148
2023-06-05,12,119,0.33632645155241625
2023-03-12,14,67,0.98304443570389
2023-04-03,24,134,0.3243522169600921
2023-05-19,3,1,0.6640718500084831
2023-10-16,15,194,0.8028140298893766
2023-12-04,22,152,0.05446130352700085
2023-05-29,15,92,0.5133377169299879
2023-04-30,22,61,0.4920983063091746
2023-07-19,1,49,0.12651518560526476
2023-02-18,2,126,0.2487708537452893
2023-04-16,17,165,0.24149825612028053
2023-04-28,10,57,0.4160665929414563
2023-02-06,8,2,0.6634908914219094
2023-08-25,4,64,0.7892637085914969
2023-07-12,9,121,0.24517005208944953
2023-09-27,10,98,0.5374655132073779
2023-06-28,15,136,0.4734747765382893
2023-12-09,6,63,0.6957236831471842
2023-08-12,17,87,0.49246519903593167
2023-08-04,16,69,0.507753727270806
2023-08-26,5,179,0.9142396383020949
2023-05-31,17,12,0.26279241903748407
2023-07-02,24,149,0.39080722862594797
2023-08-03,6,182,0.7677649358207885
2023-04-12,10,25,0.55363691661519
2023-09-16,16,12,0.2454898022345683
2023-02-03,12,158,0.16088056631943282
2023-09-17,16,164,0.6611222723395626
2023-06-09,18,127,0.6942607382841256
2023-02-09,20,169,0.12468449287883299
2023-03-17,20,32,0.9987626961661334
2023-11-17,9,109,0.5169638736901975
2023-11-20,16,41,0.136345862801882
2023-05-10,15,125,0.8848585894488588
2023-12-15,10,171,0.20209400985731996
2023-06-23,6,99,0.9213804047405155
2023-12-31,23,10,0.13475826095769972
2023-02-21,25,164,0.11606020667234607
2023-06-20,11,15,0.3464396045856325
2023-08-29,20,186,0.07637877293398343
2023-05-03,6,191,0.49409864421512517
2023-10-09,17,97,0.8733980164768378
2023-02-18,5,133,0.13356909934945171
2023-01-11,11,128,0.4880993261408886
2023-03-04,25,151,0.7405547674505925
2023-09-17,13,158,0.3686935618704773
2023-03-07,21,82,0.7369587149659754
2023-07-12,23,174,0.7000284612472618
2023-07-15,23,74,0.8497438735686326
2023-02-25,17,196,0.08522864746845227
2023-09-30,21,105,0.2192084599827675
2023-05-13,7,37,0.5938340088994174
2023-09-19,12,165,0.3566892580989848
2023-12-05,15,36,0.3307968080004756
2023-11-14,25,153,0.47744211703375716
2023-10-11,9,105,0.9565347462598787
2023-12-19,15,23,0.29237356690433236
2023-07-27,8,34,0.30213855503238807
2023-09-07,16,199,0.6262684850709871
2023-11-10,20,150,0.830479254369771
2023-09-06,19,113,0.07253466865041291
2023-06-20,20,185,0.5013560134955881
2023-08-18,23,180,0.7717942221411671
2023-04-15,7,134,0.005292171389707057
2023-12-01,3,107,0.23855676639601986
2023-08-09,19,77,0.9245754541502041
2023-11-09,7,36,0.48850416869925883
2023-03-05,7,62,0.7623786552160744
2023-08-06,24,18,0.16888908344668108
2023-08-01,11,168,0.07296552749162633
2023-09-27,2,86,0.2731846233803019
2023-11-01,25,139,0.22816020172313112
2023-11-28,18,194,0.7258854717901922
2023-07-25,21,35,0.21864232263537842
2023-01-12,7,99,0.30555303573263404
2023-03-16,24,47,0.8261283119165901
2023-10-18,17,191,0.0522975578710434
2023-09-15,7,183,0.5942933015350611
2023-03-14,3,157,0.765984898561751
2023-10-07,6,44,0.2167260715545799
2023-11-24,9,173,0.18771670947584596
2023-09-02,19,96,0.5662743158896361
2023-09-06,18,12,0.24897182977301013
2023-05-01,6,50,0.8567782571128558
2023-03-19,20,4,0.4088031636661581
2023-03-12,5,139,0.8011169666967821
2023-12-20,4,191,0.6918851415251135
2023-09-15,5,196,0.9439943377906498
2023-10-04,11,164,0.7907306099622439
2023-06-10,17,137,0.06021588837592362
2023-06-14,4,103,0.9272450023257641
2023-03-14,16,43,0.169117854281853
2023-05-19,11,191,0.19408708195965296
2023-12-25,8,150,0.5358849417898904
2023-09-26,16,134,0.2618655296275407
2023-02-26,11,100,0.21812568191557313
2023-12-18,24,17,0.2776110695220577
2023-06-08,24,100,0.4157435402451599
2023-12-05,6,195,0.34728713653198096
2023-07-19,10,68,0.07951606454066318
2023-07-12,24,129,0.06299561835802403
2023-12-04,5,97,0.8828125865580021
2023-05-04,22,186,0.9993097792125931
2023-08-24,17,28,0.6161155740048744
2023-02-02,8,191,0.7647587153666598
2023-04-16,3,57,0.07253962891053167
2023-06-03,23,170,0.7875608417167608
2023-04-07,24,192,0.2647729491865689
2023-10-19,14,145,0.9381308797175321
2023-12-03,7,153,0.5853758585915462
2023-01-07,1,66,0.05583419990303995
2023-06-18,11,28,0.26124472964500367
2023-10-20,11,113,0.08467710767828696
2023-09-12,2,54,0.47621751463013917
2023-09-21,20,112,0.4523440918855923
2023-01-04,4,188,0.8953457942161389
2023-11-02,18,122,0.21374376482136603
2023-05-05,8,66,0.2439059576367486
2023-07-13,3,16,0.08535819712972637
2023-08-12,18,2,0.499051483799161
2023-01-30,12,56,0.13026530687215776
2023-05-16,3,80,0.541273591131605
2023-11-14,9,170,0.9841940328606522
2023-06-09,8,74,0.44356250932222585
2023-02-03,21,75,0.046365490336634396
2023-12-05,6,173,0.9210377138880943
2023-01-16,25,156,0.915073207624337
2023-11-08,11,73,0.5364697769379368
2023-05-06,14,78,0.5166698109628238
2023-07-13,2,44,0.3343002013327202
2023-11-20,8,78,0.43669557150478333
2023-02-15,21,95,0.3456383384405637
2023-10-17,12,192,0.5213198659332035
2023-07-31,7,92,0.018351900859928105
2023-01-14,19,72,0.08722908651751904
2023-10-30,24,116,0.1011796643777425
2023-05-25,2,17,0.3641817854466438
2023-05-12,24,64,0.7282918923320678
2023-04-11,19,147,0.11609993437531374
2023-08-02,22,174,0.34525230923264105
2023-11-04,24,15,0.341209329027535
2023-01-02,14,90,0.8455050427851396
2023-06-07,14,73,0.2664760503835316
2023-04-09,12,92,0.012066688391879632
2023-02-26,12,99,0.00046365710788665027
2023-11-22,10,166,0.7010973609097908
2023-11-04,11,58,0.06470324106518388
2023-11-30,9,190,0.07248909028035377
2023-12-11,21,134,0.9501320879177209
2023-07-29,6,99,0.3007525312155812
2023-04-30,16,133,0.9508634614289134
2023-11-29,23,93,0.9808884611986602
2023-11-01,7,21,0.4769678251356366
2023-02-08,15,49,0.5748723828525354
2023-03-07,11,47,0.5023877798493468
2023-06-02,1,58,0.7092857832212509
2023-03-27,24,70,0.5511331370825093
2023-11-24,4,184,0.3889540197512428
2023-09-16,2,11,0.4085521186170916
2023-04-15,13,132,0.35000738493052896
2023-03-22,7,110,0.48348164796342297
2023-03-04,18,155,0.19916652401436397
2023-12-11,8,146,0.5145970604632042
2023-08-27,23,52,0.07346388127776593
2023-02-28,18,60,0.6778827611097858
2023-12-15,14,96,0.9329588233930024
2023-12-06,13,173,0.12936962893651593
2023-08-27,4,191,0.8731781811700982
2023-05-20,24,169,0.18719298977695964
2023-05-14,13,131,0.14436634075649601
2023-04-30,2,144,0.09526163302359802
2023-03-20,4,105,0.6329306843975616
2023-08-24,24,49,0.08548014427560824
2023-01-31,11,18,0.860581250951708
2023-12-01,2,68,0.8335133845600562
2023-04-14,15,160,0.6463319820873101
2023-07-13,20,116,0.329213362289558
2023-12-29,5,126,0.7131164953972868
2023-11-08,18,127,0.33941508820500077
2023-09-22,21,70,0.9436326905468477
2023-01-23,3,24,0.8448151885552457
2023-06-05,13,189,0.415209498021916
2023-05-30,16,30,0.3275862408249146
2023-05-17,19,102,0.561435825649729
2023-05-12,19,135,0.2669395815432889
2023-11-27,11,148,0.23915282172203145
2023-10-25,2,150,0.37097645500880616
2023-07-23,16,199,0.5648691464183335
2023-04-21,15,158,0.3554107120307324
2023-12-29,11,88,0.5894665117679906
2023-08-30,9,16,0.1219725597402106
2023-04-18,11,35,0.11882165740704864
2023-03-03,19,70,0.3774313945394815
2023-08-31,4,116,0.5408213843616251
2023-09-23,9,97,0.19361386260734126
2023-03-07,4,110,0.5327788479184542
2023-01-24,11,40,0.5020912482117376
2023-11-12,17,191,0.8145938076431022
2023-04-05,20,172,0.6364772415056883
2023-01-30,6,141,0.5053796461552023
2023-10-08,25,162,0.6833681490935701
2023-08-21,6,11,0.9129356348389095
2023-08-23,22,94,0.6759444356013299
2023-04-13,14,27,0.11014143685091615
2023-02-22,13,52,0.8078053509744251
2023-07-20,2,10,0.3061693759849834
2023-05-18,11,115,0.8553712991488239
2023-04-03,4,24,0.2522437333648567
2023-03-19,11,82,0.25224538182225065
2023-04-01,15,4,0.16638559426202082
2023-01-11,9,128,0.3651189865471922
2023-09-28,25,68,0.11144800788380771
2023-10-18,15,170,0.8273831876971717
2023-11-22,12,159,0.7722231800976296
2023-01-29,23,89,0.9483779034443425
2023-12-24,2,65,0.5153320992685905
2023-08-26,11,47,0.7415036833570094
2023-05-04,18,29,0.2983680742424897
2023-10-04,5,31,0.31142342514576227
2023-03-24,23,155,0.01655069229606576
2023-01-11,22,46,0.3042641528745482
2023-02-21,14,177,0.3166960556112711
2023-02-02,13,126,0.9459195033549439
2023-06-19,18,155,0.12493419320509458
2023-10-20,5,133,0.7115736548387386
2023-08-07,22,21,0.8869614788898488
2023-11-13,6,17,0.19538886383416687
2023-01-14,20,44,0.9824349074406525
2023-06-13,22,167,0.10527643983411983
2023-01-23,4,142,0.8242820179142119
2023-11-26,22,158,0.09474961692758288
2023-11-21,20,90,0.39204894412674307
2023-10-27,13,39,0.8788462805685373
2023-03-20,17,65,0.1856221080556928
2023-04-06,6,85,0.12681792616848675
2023-07-30,19,25,0.2330243542486894
2023-07-05,4,192,0.8812591335092679
2023-02-26,9,16,0.10436780217248942
2023-12-29,7,138,0.5248987110398581
2023-10-23,24,148,0.19122451643747096
2023-08-23,1,94,0.8446060084023262
2023-05-18,22,136,0.018500169442122183
2023-09-18,22,91,0.18313591380999772
2023-12-03,2,54,0.07431896653887993
2023-01-27,8,163,0.9205507450350857
2023-08-16,16,7,0.5716296873682253
2023-02-11,16,68,0.15173245116240408
2023-12-19,12,144,0.19949603161572405
2023-07-29,12,83,0.22678021683919303
2023-10-25,16,58,0.001845123202035115
2023-11-02,22,117,0.9021292466691561
2023-06-23,4,196,0.6046871701065215
2023-02-03,11,173,0.8023583061035621
2023-11-20,14,36,0.03167639420342927
2023-01-24,17,79,0.8370242872762235
2023-06-02,15,170,0.264761877192621
2023-02-01,18,87,0.0861773629174436
2023-01-27,24,60,0.9959188510107948
2023-07-02,25,173,0.27326569654662525
2023-11-13,5,69,0.485787893575912
2023-01-19,19,122,0.9018249856734366
2023-09-21,21,112,0.49739909958292616
2023-01-17,7,13,0.05656410954956492
2023-11-01,2,13,0.9220601162540897
2023-12-17,15,67,0.20508218244334742
2023-09-19,24,4,0.5407998941472553
2023-10-28,19,36,0.40483042852049267
2023-11-11,24,109,0.12367028956675263
2023-09-11,22,176,0.865324430169847
2023-10-20,8,54,0.7488279109634649
2023-06-01,9,181,0.49636072276275434
2023-01-12,16,7,0.23613946155139331
2023-07-22,23,41,0.19871635315733194
2023-08-15,23,173,0.8673425139877858
2023-10-09,22,115,0.31366507980147795
2023-12-22,17,89,0.16284386211911395
2023-04-01,25,140,0.4612198469599932
2023-05-01,8,125,0.9209519539340488
2023-06-25,23,27,0.5350286127580155
2023-01-09,3,155,0.1902407816232139
2023-10-01,3,156,0.19542745832470576
2023-07-11,4,40,0.7858492204954115
2023-12-13,22,96,0.9316882282211094
2023-12-25,19,150,0.6405985378077468
2023-09-22,19,83,0.15029149963916089
2023-11-30,20,146,0.8301379368492645
2023-01-19,3,17,0.3812604726745902
2023-03-17,24,73,0.6897567464471777
2023-12-29,9,192,0.7630976246008886
2023-09-16,23,65,0.03693565053628589
2023-05-07,2,192,0.4525277406202566
2023-04-15,7,67,0.2568751199840602
2023-10-31,8,4,0.7983747446719432
2023-10-13,2,136,0.9591934074596788
2023-03-25,13,4,0.08203873076325019
2023-12-15,15,3,0.5175067558522696
2023-06-12,14,135,0.8899225358713164
2023-12-20,25,97,0.5773091901505785
2023-09-09,21,36,0.34287261120941803
2023-08-02,13,144,0.8043924944026768
2023-08-18,21,150,0.5931760232143408
2023-05-10,5,152,0.10632577370194407
2023-07-01,9,34,0.6209044097832889
2023-08-08,8,21,0.4429969683161672
2023-06-02,1,71,0.9179096788944139
2023-11-01,9,154,0.4625401203106704
2023-01-12,5,120,0.66068127326905
2023-10-18,12,123,0.34479299976847055
2023-05-19,22,190,0.9974240651024225
2023-11-05,21,82,0.47555441698095546
2023-02-27,23,87,0.4477120364294225
2023-09-27,7,35,0.5946067149264428
2023-10-11,9,18,0.3406806095314068
2023-07-05,19,128,0.9253853630268676
2023-12-11,9,46,0.6218124219831805
2023-03-06,9,104,0.03892723795654485
2023-05-06,5,107,0.012331075706070282
2023-07-07,15,132,0.5812804620940173
2023-08-05,5,76,0.773542581415404
2023-02-09,10,47,0.5633036727349271
2023-10-22,15,167,0.34182386141506316
2023-11-18,8,194,0.08412586912935649
2023-08-24,18,176,0.8280586583711335
2023-06-17,14,62,0.9632535957656094
2023-02-10,4,92,0.6900883328373496
2023-03-10,8,10,0.8054266714162301
2023-01-01,13,94,0.5473674500864735
2023-10-27,20,159,0.577845954359395
2023-12-21,25,136,0.9188011845036852
2023-01-24,3,133,0.2757561032162734
2023-02-05,10,105,0.1633395881475186
2023-01-10,10,51,0.4915654279428884
2023-09-29,15,121,0.8295422017742966
2023-07-13,6,52,0.1064840903649995
2023-02-18,25,57,0.31221920112224355
2023-06-16,22,98,0.5829388079436322
2023-10-19,3,113,0.8511606598690807
2023-09-17,10,179,0.21250327903190125
2023-10-26,6,195,0.5018038245548008
2023-02-13,9,7,0.862437517259
2023-08-24,8,197,0.6608027730462769
2023-06-30,15,180,0.39357856576591566
2023-01-29,16,100,0.06152343038120611
2023-04-24,20,145,0.7362197950873486
2023-11-12,20,84,0.8526101408510846
2023-03-18,20,4,0.5548398802186619
2023-12-06,5,197,0.016772772307237838
2023-06-09,5,189,0.25469364402078787
2023-10-29,1,137,0.4777752365896959
2023-01-07,7,62,0.7722022374175721
2023-02-22,16,142,0.8328808589396598
2023-11-05,19,58,0.348034165049785
2023-01-23,18,186,0.30014861776359136
2023-02-28,17,67,0.4209358065814225
2023-07-23,20,165,0.19419736559728995
2023-04-07,13,113,0.2933938103695619
2023-01-26,20,191,0.9529471184886158
2023-08-11,24,49,0.30131689086832814
2023-01-18,2,196,0.6827710312380703
2023-08-10,20,34,0.5837242624264174
2023-01-27,18,19,0.06402156815215343
2023-01-23,9,39,0.6733137270824558
2023-10-28,11,110,0.008501602907090233
2023-04-25,17,196,0.6654602794915349
2023-05-21,6,50,0.9301955346243966
2023-08-16,23,127,0.9475014295757275
2023-11-10,16,6,0.6835688172120887
2023-11-09,21,161,0.7483556390506829
2023-02-07,25,141,0.07204925084498814
2023-03-24,4,50,0.4997657995424417
2023-12-09,22,184,0.9335979600753821
2023-07-13,25,28,0.40694882856362014
2023-12-26,3,181,0.5302219201121158
2023-07-05,11,170,0.17617890813899995
2023-05-15,14,102,0.4544176717167253
2023-07-10,14,33,0.5370856632783523
2023-11-16,8,186,0.8445842799389109
2023-02-22,7,20,0.6316993245203552
2023-08-18,5,17,0.08182076437766694
2023-01-18,11,200,0.5747313866807835
2023-05-23,11,168,0.7022905935582682
2023-07-28,14,36,0.45939300925014537
2023-07-21,19,64,0.7539705761278598
2023-03-21,19,154,0.5226096003193632
2023-07-18,16,191,0.9715690501127511
2023-10-20,20,51,0.8075908684351534
2023-04-02,20,83,0.7980196297505472
2023-09-28,22,116,0.842391793155319
2023-12-06,3,186,0.3942281309682095
2023-05-25,23,180,0.01669172760589488
2023-05-06,4,7,0.20732303121913065
2023-03-02,21,89,0.7105459393510768
2023-10-27,10,124,0.5578787651307695
2023-10-02,11,187,0.4240842915492763
2023-03-30,12,143,0.22412647837849353
2023-05-05,8,155,0.4070523480330196
2023-09-21,6,142,0.4546785143530997
2023-10-22,11,124,0.385177658206889
2023-04-05,22,61,0.7925291865132957
2023-06-18,19,7,0.8823670122731163
2023-11-08,6,6,0.694667880721623
2023-05-17,4,132,0.7992064368500784
2023-05-10,13,187,0.8495222581277679
2023-12-30,25,49,0.8986084905586744
2023-02-01,5,30,0.5097225942054032
2023-07-14,25,140,0.5651407380162587
2023-10-04,4,100,0.3355845552626725
2023-05-25,20,99,0.9484804519721498
2023-09-11,19,104,0.789546488753809
2023-07-15,11,145,0.14440409391231557
2023-09-07,4,184,0.9160479649635414
2023-08-29,13,109,0.5315684835533399
2023-10-26,19,23,0.8925664477020679
2023-07-03,20,146,0.8668785421812755
2023-12-17,2,48,0.5025413344225803
2023-07-06,13,56,0.7770577275280212
2023-04-23,25,78,0.06968812706982053
2023-10-02,2,170,0.5724062268303459
2023-10-17,15,37,0.2686469613630823
2023-03-05,20,34,0.9542334676774457
2023-11-13,17,36,0.6147696080222363
2023-10-08,15,76,0.7618329367338915
2023-04-09,22,6,0.4882773880925686
2023-05-16,16,183,0.6314532288470645
2023-03-09,11,144,0.6400353003219141
2023-11-11,18,28,0.4249371635855377
2023-11-28,23,175,0.991887711814314
2023-05-10,1,177,0.21386263717212917
2023-03-14,2,140,0.42900787728214673
2023-03-05,4,39,0.722143643779806
2023-05-28,16,64,0.5628797149364273
2023-07-26,1,85,0.5629286548109986
2023-09-15,21,15,0.22980476033427244
2023-10-24,24,2,0.4564254105349317
2023-08-29,1,107,0.9892159331809776
2023-03-02,1,175,0.3101876702632419
2023-04-05,19,82,0.5916127719230457
2023-07-05,5,65,0.4213411744811154
2023-05-04,5,73,0.7233273084278858
2023-01-10,8,46,0.7368472073673388
2023-10-29,14,147,0.8177115298426884
2023-09-07,6,81,0.020230672097588887
2023-07-04,13,105,0.4943096410354023
2023-06-02,6,129,0.47885109349919774
2023-11-17,2,179,0.49617640800061313
2023-11-18,24,182,0.5169856944752088
2023-01-23,13,20,0.7247462071988214
2023-07-16,16,53,0.8911621251671207
2023-10-12,4,63,0.616130933928386
2023-12-14,15,181,0.22468144266653778
2023-03-21,12,25,0.5354948265432194
2023-01-07,25,174,0.008207006634820102
2023-06-16,14,177,0.48472926565638064
2023-02-22,2,56,0.15360886936887685
2023-08-28,7,86,0.15328635631197007
2023-07-16,22,96,0.8973463192454751
2023-10-09,16,186,0.6213589153080635
2023-02-23,3,181,0.972906054807402
2023-04-29,22,56,0.25355654961472585
2023-07-09,22,185,0.43673872062967434
2023-05-24,11,101,0.9304514261312009
2023-08-29,5,183,0.7330141190126153
2023-07-28,5,28,0.3679634398821855
2023-04-29,3,184,0.11075434101462878
2023-06-05,10,7,0.7470892289668984
2023-04-01,9,200,0.7381432769360212
2023-03-08,17,56,0.2927233510861196
2023-07-23,9,23,0.9563691608939803
2023-06-03,1,146,0.7952771042200363
2023-05-25,25,40,0.8792204107452839
2023-02-14,12,101,0.39127847570936003
2023-08-08,19,3,0.5846169627503158
2023-02-02,25,13,0.6422671511813866
2023-12-28,5,30,0.8405595120051582
2023-12-02,25,25,0.7176398917187495
2023-03-08,20,115,0.19222357725457084
2023-01-11,1,88,0.3345097926475725
2023-04-08,2,110,0.5138921279563555
2023-08-17,20,55,0.28008378624467734
2023-05-22,6,137,0.8274080721634255
2023-11-03,21,101,0.6755323001823712
2023-08-22,7,120,0.046793955647278174
2023-09-27,8,142,0.22240375429302117
2023-04-17,25,42,0.984884517442995
2023-04-18,21,103,0.445717338040553
2023-05-16,20,174,0.0002605034850083898
2023-02-14,4,174,0.8236287787274308
2023-10-17,21,12,0.10679070995158568
2023-01-16,9,171,0.5685391002516719
2023-09-05,19,176,0.13792396672440632
2023-10-18,24,179,0.44582005083082454
2023-07-27,21,60,0.3817394399166225
2023-06-07,7,101,0.28724958563502967
2023-10-29,20,22,0.5101239329656793
2023-05-28,15,16,0.49871135620847984
2023-07-08,15,81,0.5764736758484086
2023-05-21,14,24,0.11435281587777202
2023-05-09,18,79,0.9666320802396188
2023-07-28,1,177,0.7029274987727676
2023-11-10,2,153,0.43629675998225204
2023-11-23,1,64,0.5992779748939948
2023-08-04,12,119,0.818828906320264
2023-07-22,6,104,0.5180699357795276
2023-12-25,22,60,0.20686247144640724
2023-07-28,9,41,0.4407754741169442
2023-03-12,8,165,0.8477323026126972
2023-04-16,8,176,0.7982000411901344
2023-05-11,6,187,0.2634920915073208
2023-06-08,16,106,0.39309627785077483
2023-08-05,21,70,0.22845238916907507
2023-01-02,6,149,0.4378486619977071
2023-06-18,22,51,0.7416160469933065
2023-09-04,15,155,0.8880066541582852
2023-12-29,25,122,0.1023210196946438
2023-12-09,20,27,0.9824163394133044
2023-05-17,12,23,0.831401142316719
2023-06-24,18,12,0.31896022047847195
2023-11-05,1,67,0.31901387131933623
2023-04-13,12,144,0.939005143789598
2023-10-16,8,119,0.5642723137251298
2023-10-27,1,119,0.6742617385070634
2023-05-19,1,49,0.6248632928810772
2023-11-16,9,44,0.09761589241186264
2023-07-13,11,185,0.6864690524963131
2023-07-09,2,90,0.10254906446106604
2023-03-08,22,13,0.04739886641385893
2023-08-01,18,176,0.57910531344292
2023-10-02,8,18,0.6355226918188046
2023-09-22,4,78,0.59949221996245
2023-11-18,7,148,0.7085597807587438
2023-06-15,24,145,0.09418291473547258
2023-06-13,5,152,0.05360675886050181
2023-02-02,19,86,0.7986940252855265
2023-08-01,20,198,0.625483137972308
2023-08-01,25,118,0.26029474407089037
2023-08-31,15,153,0.9598057974098986
2023-10-03,18,20,0.26470869086735793
2023-09-01,8,90,0.4566853535049783
2023-01-22,6,11,0.9465571158568703
2023-03-19,2,188,0.6090153127463077
2023-06-29,14,50,0.34368588529080524
2023-06-19,20,36,0.041107880458238766
2023-07-02,12,42,0.9998125067736481
2023-06-20,16,48,0.8818652427077692
2023-03-07,2,42,0.2903899319283224
2023-09-27,3,98,0.4774557723666675
2023-09-15,18,69,0.7992003918797774
2023-12-13,21,41,0.5473251259988521
2023-06-23,24,153,0.10916734780686754
2023-03-08,3,167,0.9197875909770526
2023-07-10,21,75,0.3665980883498007
2023-12-06,12,129,0.6525422300585916
2023-03-16,20,101,0.13757059661192206
2023-12-24,19,53,0.6731410259754049
2023-01-25,20,19,0.3948192579741896
2023-06-03,23,196,0.3873846309436142
2023-09-04,11,159,0.5438064040714613
2023-09-19,18,82,0.10496274244973791
2023-10-27,18,78,0.500637139746674
2023-04-30,3,139,0.22174647868939867
2023-11-08,21,161,0.7248749253888807
2023-08-18,19,65,0.6516569497139283
2023-03-26,1,35,0.749510221107862
2023-07-12,2,19,0.3068335440135639
2023-09-19,2,113,0.0961680462287714
2023-07-09,18,18,0.761876623324194
2023-09-19,17,132,0.6461902208903811
2023-07-04,25,63,0.12578169755336566
2023-06-24,6,112,0.6846014428371938
2023-04-29,18,105,0.11879221706852727
2023-03-25,24,135,0.7089523485922492
2023-02-22,5,80,0.8064786386395856
2023-07-31,7,178,0.8447950908517466
2023-08-05,8,98,0.6712885730845544
2023-09-09,21,47,0.01571128073023853
2023-05-14,13,79,0.7299015172668968
2023-03-23,14,129,0.5262316135437803
2023-04-17,24,162,0.07550155664611002
2023-04-10,16,74,0.5119580067892359
2023-08-23,23,109,0.8652803358623236
2023-06-03,5,100,0.2370866305064977
2023-10-26,13,13,0.7300796660680539
2023-01-04,7,4,0.6002061657616059
2023-03-26,8,44,0.9420449781589308
2023-07-04,18,61,0.19239867934073418
2023-01-04,5,54,0.9283521095549424
2023-02-22,25,12,0.3967387932078823
2023-11-07,19,127,0.6784220400959259
2023-04-17,14,161,0.8580931463204546
2023-07-29,23,61,0.2853118616050838
2023-02-26,3,26,0.7630523856895073
2023-01-29,15,161,0.6050152231426387
2023-06-04,7,155,0.7203442256011737
2023-05-20,24,50,0.6587504020618201
2023-11-20,10,198,0.40667289154131847
2023-07-09,18,147,0.9501703555493968
2023-04-07,3,82,0.7771783549050627
2023-06-23,24,177,0.8740034211381188
2023-11-11,10,47,0.8411927611914001
2023-06-03,3,165,0.1813465573479508
2023-02-24,16,172,0.8195593853832333
2023-02-16,2,175,0.5460712982982434
2023-07-04,13,44,0.8610023497920812
2023-10-29,3,13,0.5860395324391738
2023-02-22,23,2,0.8721739823503143
2023-04-17,12,33,0.3414612859456714
2023-07-26,13,79,0.683487767267542
2023-02-28,23,168,0.37197211568031785
2023-01-13,2,22,0.9198311473045826
2023-04-16,19,39,0.9795047920402749
2023-11-12,1,62,0.680946912712872
2023-09-09,9,18,0.542388861713527
2023-12-02,5,167,0.02340311164460962
2023-10-14,21,103,0.31026421976382146
2023-08-04,2,109,0.9313025995743728
2023-08-18,9,81,0.2911409860777413
2023-09-24,10,117,0.974976093465041
2023-01-02,9,85,0.49074691879997123
2023-08-05,14,193,0.4892608068578138
2023-01-25,19,170,0.898237176309069
2023-06-17,21,141,0.6594433341691169
2023-09-07,12,75,0.11639930441391999
2023-11-01,16,27,0.10878427428195558
2023-09-14,19,21,0.7200842949619253
2023-06-09,19,45,0.26145369520167216
2023-12-26,25,154,0.7979172651682772
2023-03-11,10,76,0.5032533790724684
2023-02-21,24,12,0.47044210296066247
2023-09-20,24,57,0.3139761334804205
2023-12-12,6,47,0.25504894025247526
2023-09-11,23,163,0.5784936990975167
2023-02-22,8,192,0.6930806873304183
2023-11-04,9,107,0.33785088089808757
2023-11-08,24,188,0.6409080575345705
2023-12-18,10,92,0.7717757841981226
2023-05-15,19,10,0.8042002014953833
2023-07-29,11,61,0.8861773382622716
2023-07-31,4,191,0.1599571266889992
2023-07-27,24,12,0.9240763185665012
2023-04-22,23,97,0.2536108099367119
2023-06-07,15,52,0.013906029242730322
2023-02-05,22,170,0.3086162667541781
2023-01-31,1,137,0.12297636406859402
2023-04-23,14,81,0.6872908958246735
2023-05-19,6,61,0.08847842452672672
2023-08-03,3,143,0.9264047935615344
2023-01-20,13,81,0.49737646531999824
2023-09-06,1,43,0.4746810165157406
2023-02-21,3,31,0.3683603452468912
2023-03-13,23,117,0.8042984303949358
2023-04-08,19,8,0.47570214799983335
2023-05-03,24,121,0.6112900307911564
2023-01-29,8,105,0.7586451989482204
2023-04-16,21,169,0.33502689971727306
2023-07-26,23,190,0.08246638179573484
2023-04-03,9,146,0.7242146142697106
2023-01-01,21,168,0.26609153731072543
2023-10-21,3,90,0.9546884463839134
2023-12-25,14,22,0.5527249061374792
2023-08-06,1,84,0.003865278284601037
2023-02-25,9,160,0.8984209167962239
2023-12-30,4,22,0.652463385000391
2023-03-10,13,10,0.5514819255493394
2023-11-12,3,129,0.5137386542008414
2023-11-06,10,155,0.5950340226175109
2023-10-30,21,138,0.1566653124269709
2023-11-20,9,66,0.1869234605133403
2023-08-16,16,56,0.2652214206381953
2023-12-16,9,120,0.8150538356221352
2023-04-08,24,20,0.08947904344519275
2023-11-03,21,153,0.7906386552433518
2023-06-05,3,89,0.016415568950685744
2023-09-10,21,104,0.9172339159493271
2023-08-17,2,59,0.7149387504094217
2023-07-12,22,44,0.13497089482666447
2023-01-27,23,197,0.19537846586881102
2023-01-27,23,144,0.530122407177686
2023-10-04,20,59,0.06342137976418405
2023-06-11,17,172,0.04485502565297694
2023-07-07,16,132,0.2149286734925161
2023-07-13,18,142,0.2634632483363861
2023-12-16,13,142,0.6141802413347608
2023-06-01,8,101,0.3323188576551005
2023-03-22,11,19,0.5905284102872712
2023-04-10,15,159,0.3450793400073221
2023-05-09,18,23,0.9115321676007204
2023-05-06,6,8,0.4259867284396732
2023-05-17,1,181,0.4524149127174705
2023-02-15,5,78,0.28307782426468364
2023-03-25,4,196,0.094320804804363
2023-10-16,17,106,0.18861272655944195
2023-10-12,13,2,0.8222877136199622
2023-07-19,10,159,0.45857166803039795
2023-03-08,6,66,0.027117072100865558
2023-08-19,3,199,0.10964745835052936
2023-06-17,6,170,0.6410742653880327
2023-04-29,18,159,0.8089328403807147
2023-02-03,23,156,0.7859584922574974
2023-12-25,11,138,0.5865623674171799
2023-10-07,15,120,0.31253641266231746
2023-10-02,8,86,0.4158629246557325
2023-02-11,9,81,0.8691521583866172
2023-04-23,14,54,0.8195373854550145
2023-09-20,4,193,0.3769220879949391
2023-09-07,18,121,0.8139914617409839
2023-02-05,5,144,0.9673667803463423
2023-12-13,12,137,0.5593026224382632
2023-11-01,1,23,0.5669959374390938
2023-03-14,16,155,0.17122594115584056
2023-04-18,23,198,0.3410182330397957
2023-01-09,6,83,0.5773101548118731
2023-11-11,16,166,0.23056488980522094
2023-10-22,6,113,0.5071857063017096
2023-11-12,7,186,0.7506096155448934
2023-10-23,6,38,0.9050650959067844
2023-02-21,10,195,0.31160042923111275
2023-10-29,13,4,0.8960445324587458
2023-05-27,10,47,0.40817135054133213
2023-09-21,20,195,0.8242357016455686
2023-05-16,5,173,0.7471224488721836
2023-07-09,9,190,0.3394026336925243
2023-01-15,17,124,0.1926637149002952
2023-10-27,15,151,0.673570370735187
2023-06-01,5,122,0.5711872342353129
2023-04-01,22,128,0.7996289816559998
2023-01-12,12,63,0.8965403857508931
2023-09-24,17,2,0.2501527965932958
2023-02-28,16,73,0.031192385809196144
2023-06-14,25,39,0.9589331358379872
2023-01-23,6,49,0.8297771823186507
2023-12-18,8,80,0.012102477889558427
2023-12-12,4,154,0.17945701382091594
2023-11-23,11,105,0.15261860919315573
2023-03-15,10,40,0.25357743192940696
2023-08-27,18,107,0.389427205305228
2023-12-15,9,124,0.481348431206459
2023-01-23,12,174,0.4904717628203633
2023-07-11,23,126,0.7450646110917146
2023-02-25,4,159,0.5642664738094826
2023-05-04,16,59,0.0021309009114826027
2023-02-14,3,171,0.3759156267841052
2023-01-11,19,2,0.9743978318218973
2023-09-12,6,131,0.053077465357020626
2023-05-06,11,19,0.008112485778038692
2023-08-17,22,155,0.6234347175383773
2023-10-29,18,161,0.12258242605932868
2023-03-24,5,103,0.9875787871028061
2023-02-19,7,99,0.18737237250015715
2023-11-01,18,16,0.6138618144119535
2023-10-25,14,149,0.4181497364260802
2023-06-10,14,139,0.08994372924955263
2023-04-14,20,150,0.9455610380012244
2023-11-13,23,70,0.2777056559369917
2023-11-05,7,54,0.9496489243937287
2023-04-27,14,196,0.24231859307751813
2023-09-29,14,44,0.39704742543535265
2023-05-27,16,59,0.3519398417105779
2023-06-06,13,88,0.5414019555146887
2023-11-16,18,10,0.33791511947202735
2023-12-12,10,129,0.19824241274517307
2023-02-22,13,151,0.1609777772435511
2023-09-08,4,32,0.8108998415135412
2023-07-21,18,53,0.11036261441090522
2023-01-20,10,138,0.8389868856595605
2023-12-07,4,49,0.7705416149349431
2023-06-21,24,76,0.016919818106653772
2023-03-22,12,11,0.04543629869416854
2023-01-23,9,97,0.6557067195981815
2023-10-20,6,61,0.2390833847737509
2023-11-12,24,20,0.40916540787174305
2023-07-19,13,61,0.8844306817299794
2023-02-14,13,122,0.3643074990459385
2023-06-10,2,12,0.8995736269321183
2023-10-20,5,84,0.7600907203934674
2023-06-28,21,83,0.08391455773517442
2023-11-27,1,195,0.896853721400968
2023-08-26,9,44,0.945470035782044
2023-06-07,19,125,0.06615528107286539
2023-04-29,3,10,0.9341773310338318
2023-08-09,11,85,0.3195812278138618
2023-03-11,3,102,0.9653275543744261
2023-10-12,7,197,0.4095525063891131
2023-05-25,15,7,0.34339423834606553
2023-09-04,20,35,0.9991216495695942
2023-12-04,4,82,0.5543183279054271
2023-09-13,10,122,0.9585753783168764
2023-12-17,15,17,0.0745752309776444
2023-05-25,4,159,0.6193167220516684
2023-07-30,2,77,0.11121103469200722
2023-03-04,13,157,0.33388240368793165
2023-08-22,13,64,0.17207845847716252
2023-03-07,20,34,0.4656601345323511
2023-02-12,10,23,0.330923769569036
2023-01-05,18,102,0.6491455039347965
2023-07-10,15,65,0.026948633776097686
2023-04-05,7,11,0.2921439872760101
2023-09-04,16,42,0.04857226823692262
2023-05-21,19,36,0.6332613876135261
2023-05-30,8,16,0.08875332602504427
2023-04-15,16,110,0.8226070541551154
2023-01-14,15,103,0.06421016740170149
2023-11-01,1,32,0.0029908560617059043
2023-06-08,10,130,0.5824579656639197
2023-01-07,20,18,0.11977821131706423
2023-04-12,10,175,0.011734768825525932
2023-12-03,13,6,0.24891506476676917
2023-05-09,24,165,0.6942879326708945
2023-07-19,2,139,0.007841901142705665
2023-07-09,14,48,0.6930820779964468
2023-06-15,7,112,0.4457089295776159
2023-02-21,16,90,0.10740891159268273
2023-12-07,1,63,0.6906505033403068
2023-08-28,17,41,0.23249446791173467
2023-08-30,17,89,0.328888180372946
2023-01-25,8,192,0.17725185976609337
2023-07-15,3,139,0.4599969603169607
2023-12-29,4,82,0.8619092690713777
2023-08-11,8,56,0.9168821633073418
2023-11-27,15,156,0.301852527228913
2023-04-30,25,92,0.3900881101093614
2023-03-17,17,134,0.0329508651150171
2023-08-24,7,47,0.46477416122836523
2023-03-13,19,39,0.22776835357149128
2023-09-29,1,89,0.8744078078993666
2023-05-30,16,14,0.21713334939602125
2023-11-21,15,172,0.8931900380023875
2023-03-31,16,13,0.7166372951644236
2023-04-18,15,19,0.4440705604018952
2023-02-09,6,3,0.05518166432814686
2023-08-25,17,35,0.9874193982244198
2023-12-02,15,112,0.09195374527462852
2023-01-20,18,101,0.28427086337550345
2023-05-26,18,76,0.21269367156020347
2023-08-08,19,196,0.764329345880044
2023-06-14,14,50,0.5107858387450054
2023-08-03,5,154,0.45568333997632704
2023-10-14,10,196,0.1364997401308956
2023-07-22,8,148,0.10258166364483912
2023-10-20,23,162,0.802242512074603
2023-10-04,11,16,0.9364216309252481
2023-02-06,8,105,0.03238455088621528
2023-09-26,6,126,0.17433546327684868
2023-08-01,4,133,0.5023224703890875
2023-06-22,7,135,0.0895295130017052
2023-04-14,15,87,0.8536395855987542
2023-01-08,15,178,0.24884139755508317
2023-07-16,13,196,0.9259593946652167
2023-09-08,7,142,0.12072009621582636
2023-07-17,5,200,0.7392161134918801
2023-04-14,4,26,0.055863221638463134
2023-04-13,3,99,0.34934090627861003
2023-07-13,11,82,0.19351115414197906
2023-07-03,11,184,0.5164848039371325
2023-09-24,8,174,0.7990575506708679
2023-09-16,25,46,0.27938032922582434
2023-05-16,13,178,0.5573616948250807
2023-12-12,5,56,0.9652855974100192
2023-11-27,9,62,0.7046531995849198
2023-10-25,1,56,0.2514578209523931
2023-08-27,12,130,0.33267572790682387
2023-09-16,13,141,0.9868305423129434
2023-10-15,2,157,0.20054291522155854
2023-09-08,15,98,0.5630086981137322
2023-12-07,11,73,0.13706050827635108
2023-09-09,18,72,0.7695583276969784
2023-07-19,18,55,0.2675172634049189
2023-12-17,18,123,0.8239239484090266
2023-10-30,16,9,0.4249727465834833
2023-06-01,9,3,0.8737610478754692
2023-03-12,3,18,0.12840751696649721
2023-03-23,7,23,0.08837336513549499
2023-08-09,7,118,0.030637607313299564
2023-04-16,20,127,0.6984927337807183
2023-06-10,25,28,0.10657764852308749
2023-12-13,3,3,0.2954844160258019
2023-04-04,22,98,0.906061511771504
2023-08-23,17,118,0.6257803932546945
2023-07-19,13,26,0.6985493249498806
2023-04-27,11,156,0.3365536428068874
2023-11-25,1,147,0.69286998757833
2023-12-23,20,158,0.644982869406195
2023-04-11,3,77,0.5954032141921723
2023-09-13,20,184,0.05396168463334983
2023-12-19,8,53,0.822433160645428
2023-05-23,13,144,0.41068202187056624
2023-04-19,15,123,0.049236208281219884
2023-04-21,7,102,0.2148820770428702
2023-11-22,20,165,0.5891024413378116
2023-07-14,4,25,0.7459133163327238
2023-11-22,15,166,0.4188790186039557
2023-04-04,4,133,0.21591126167677355
2023-07-31,10,118,0.804631364142793
2023-12-14,20,70,0.3067813065030712
2023-09-08,12,68,0.8515937324881445
2023-03-01,21,58,0.9555476976669721
2023-12-04,1,33,0.3532659342196215
2023-10-02,14,169,0.8350552975937596
2023-03-07,23,117,0.7461489731372513
2023-01-13,24,197,0.7918354618788626
2023-12-08,7,168,0.8118470437190897
2023-11-21,6,31,0.04026739910902688
2023-04-09,1,70,0.8451151919248308
2023-01-19,19,74,0.9378360927553097
2023-06-20,13,163,0.5171730694949845
2023-09-22,22,38,0.3464266489377099
2023-05-10,13,189,0.043683628018067244
2023-10-24,6,39,0.9127996224565494
2023-09-03,7,71,0.9990087088076055
2023-07-12,18,163,0.6611262642713819
2023-10-28,11,23,0.5634828809367356
2023-03-22,16,105,0.10351711195088353
2023-01-06,12,125,0.03745831353532625
2023-09-24,10,197,0.24689734362970583
2023-09-08,9,157,0.31787903584335164
2023-01-24,14,51,0.1448491943729393
2023-06-26,8,81,0.12194839393126755
2023-11-24,21,24,0.1391606931869146
2023-03-03,5,21,0.8862691186349425
2023-10-10,23,200,0.8799574149672093
2023-11-10,12,1,0.3595316783575383
2023-02-04,1,39,0.0809597917391155
2023-12-20,23,35,0.7961651041866339
2023-05-02,17,149,0.9703035184916898
2023-06-19,2,69,0.7868873071761036
2023-12-17,2,108,0.4782774325334419
2023-04-06,24,176,0.9291465753157904
2023-11-29,9,87,0.26104177128862194
2023-08-23,24,160,0.6662183199820758
2023-06-16,21,106,0.044818075166661475
2023-09-23,12,58,0.644789413884902
2023-06-16,2,49,0.3250299998231514
2023-01-05,10,20,0.4342537204630489
2023-12-30,5,52,0.6303084972868506
2023-07-11,7,137,0.955112425348113
2023-04-13,16,30,0.8774969061017358
2023-06-26,19,63,0.4395492036897086
2023-07-31,4,5,0.603738059331443
2023-11-05,25,69,0.030821136744699995
2023-08-18,9,130,0.7049546573698122
2023-03-12,2,173,0.760215411571643
2023-07-15,15,73,0.515836431097029
2023-02-21,24,17,0.6730563000771372
2023-07-20,17,34,0.6734058703302012
2023-08-10,8,2,0.5197184022056115
2023-06-03,5,64,0.1875299936225242
2023-01-30,24,186,0.15756636990855455
2023-05-05,17,60,0.766202074425502
2023-05-21,1,68,0.9191489437878961
2023-12-29,22,49,0.4480956272283929
2023-04-14,15,154,0.3894148455759229
2023-04-24,15,57,0.5911128927120921
2023-10-01,25,8,0.41558777195159213
2023-02-06,9,145,0.9275912412477068
2023-11-19,13,3,0.8860146453831703
2023-01-21,21,23,0.3867866809036965
2023-06-02,20,79,0.850682098801309
2023-08-16,19,103,0.3130922483767471
2023-10-26,8,158,0.90875231291333
2023-03-16,21,134,0.7289094254633554
2023-04-05,22,189,0.36093338081899506
2023-05-28,18,39,0.9748326502932058
2023-02-06,7,15,0.9747411713486543
2023-06-14,7,73,0.8839672644646024
2023-08-29,14,83,0.9783425660777048
2023-11-28,19,20,0.09079915750948031
2023-01-16,23,179,0.9442121838607763
2023-05-30,10,25,0.32693984298320244
2023-12-30,22,97,0.2398284812417052
2023-05-07,17,163,0.4803346387859474
2023-01-15,16,142,0.832188092395614
2023-06-20,1,115,0.37277289021535265
2023-08-22,4,122,0.6211089167082889
2023-05-15,9,125,0.9530978987290623
2023-02-05,15,180,0.0846733762397297
2023-06-30,18,125,0.5565222014527079
2023-07-10,19,49,0.43469387674388127
2023-03-03,14,199,0.40900067228884474
2023-01-29,13,118,0.8010140702908504
2023-01-15,20,113,0.05778912225006749
2023-03-28,22,46,0.1799755121464779
2023-07-24,12,59,0.5310154548738166
2023-10-18,24,111,0.7307160631288727
2023-05-20,17,154,0.03364999675277691
2023-03-06,23,144,0.3960050415931641
2023-03-05,14,176,0.7580771455854086
2023-10-04,25,45,0.33170488788464636
2023-09-22,13,67,0.4884102090447343
2023-05-05,8,101,0.4932917451377835
2023-04-30,13,103,0.8338542491022033
2023-02-04,4,176,0.42904481000085926
2023-07-31,13,170,0.5343263275183832
2023-06-06,20,99,0.3307519859610225
2023-01-21,21,178,0.7488302165599834
2023-07-09,4,8,0.7479865150006405
2023-11-05,20,105,0.5723735123411171
2023-07-24,2,175,0.8728578378976597
2023-07-21,11,11,0.07652295927253572
2023-10-02,20,173,0.6477841863643489
2023-07-20,7,154,0.6705878132029501
2023-03-30,18,8,0.9590339709733483
2023-10-19,14,128,0.8666421708250198
2023-06-23,2,178,0.9239856090481751
2023-06-11,15,41,0.5842723479262404
2023-11-14,13,55,0.15024387022677788
2023-06-24,18,102,0.36040876796604593
2023-02-02,20,190,0.0701720794789793
2023-03-16,25,13,0.29798383511066784
2023-05-28,4,50,0.8025793821369236
2023-08-18,6,139,0.43105914868244066
2023-09-04,10,157,0.14802385528791162
2023-07-22,25,68,0.25867002884418877
2023-01-02,18,100,0.9315536739029031
2023-11-03,24,162,0.682934886755864
2023-03-12,21,28,0.11455154570603354
2023-03-10,14,144,0.4630039113428591
2023-04-09,8,182,0.828826590641506
2023-05-19,15,101,0.896229890839071
2023-03-29,11,173,0.806144284612855
2023-11-16,17,199,0.5452097292105489
2023-11-20,22,21,0.7241156882110694
2023-10-18,9,117,0.5761181343601612
2023-03-25,22,126,0.9159992522857408
2023-07-17,13,23,0.13303497540125675
2023-01-20,22,92,0.3955886506976911
2023-01-31,17,23,0.9456192791647633
2023-06-01,4,144,0.43927158768768093
2023-12-11,19,143,0.12151051815455405
2023-11-14,8,33,0.572195537311028
2023-02-20,12,84,0.6945095921038349
2023-09-26,9,81,0.580494207609309
2023-11-14,19,39,0.8045593972723849
2023-04-01,6,98,0.03164625545619615
2023-03-09,1,184,0.39745715187070274
2023-06-30,10,63,0.8975460384753512
2023-05-13,24,14,0.13832238294907473
2023-08-29,24,79,0.8226215192329774
2023-01-02,23,57,0.5576509655715324
2023-05-14,11,34,0.7889245482392839
2023-06-02,1,24,0.8115000621987167
2023-06-19,24,139,0.8027529905101136
2023-06-30,9,105,0.3777168818694049
2023-07-08,1,110,0.2945084691525881
2023-01-11,19,114,0.0833798308120447
2023-02-11,2,101,0.505262694781076
2023-12-12,14,82,0.04585860051419077
2023-05-15,1,178,0.4014703390089508
2023-11-24,14,171,0.10287843674824515
2023-11-07,7,107,0.3267440561953383
2023-08-05,9,105,0.13527478715682018
2023-12-23,18,159,0.7119166183764952
2023-08-22,25,89,0.18567587889664416
2023-05-29,10,61,0.6406616675702391
2023-11-07,2,24,0.7877236137799611
2023-05-21,24,150,0.05095365311017486
2023-12-12,17,43,0.935369970843258
2023-07-17,11,60,0.0864925882024632
2023-04-29,14,11,0.7125358945365217
2023-01-26,3,73,0.2907303609745846
2023-11-18,9,70,0.8235515058627061
2023-01-04,7,35,0.7683717172881881
2023-06-20,12,121,0.718113711899803
2023-03-17,2,77,0.9894931583877224
2023-03-07,15,89,0.551816092160241
2023-04-05,16,144,0.8696780522502925
2023-09-01,11,78,0.24318244366638453
2023-01-16,20,48,0.6540756530501003
2023-03-30,3,195,0.8584899151579476
2023-05-12,13,141,0.09400681388773025
2023-06-13,1,52,0.7689214599686722
2023-09-04,16,81,0.2826369751960185
2023-04-29,6,171,0.3157483652556011
2023-01-30,10,28,0.6569393755054576
2023-07-06,20,151,0.6247482539731369
2023-02-08,21,67,0.6611438569177887
2023-06-25,25,160,0.1787678165775478
2023-04-09,3,54,0.5362473343046279
2023-04-21,8,102,0.2066326194372765
2023-03-11,17,105,0.8771204848896453
2023-03-16,20,183,0.7689106292500413
2023-04-27,10,12,0.4549174202386562
2023-04-30,23,126,0.7303748486052553
2023-05-22,25,157,0.7511037711688926
2023-10-15,6,174,0.15902250899730097
2023-10-10,23,4,0.7322720289665553
2023-05-11,12,143,0.4108829848810752
2023-10-06,11,145,0.13408561469223168
2023-01-27,8,120,0.4193174943739798
2023-03-20,9,16,0.9260402701583313
2023-12-28,23,30,0.3425166245167963
2023-03-12,7,73,0.8060440905503337
2023-12-19,15,112,0.008019074134703374
2023-04-07,7,146,0.4213636604317895
2023-11-11,24,24,0.3646564840486092
2023-01-31,2,200,0.17343832641337698
2023-11-07,17,43,0.6138946523416206
2023-01-16,3,154,0.3020902900485596
2023-03-06,11,141,0.9859592255340158
2023-12-25,23,103,0.4953791416731038
2023-12-16,11,126,0.634874119189127
2023-04-03,19,108,0.840643743805631
2023-06-07,17,77,0.6961946066787487
2023-05-31,2,5,0.8678411236892419
2023-08-13,18,185,0.527297886145295
2023-08-06,9,197,0.47252110275291237
2023-03-14,10,197,0.4666900125544534
2023-08-29,11,148,0.9007801449087542
2023-01-11,18,23,0.8679881998528951
2023-02-01,6,12,0.09793136464516394
2023-06-27,18,87,0.2117756965674904
2023-01-07,5,99,0.711918088642909
2023-12-13,1,97,0.9179499834986942
2023-10-14,19,155,0.40265059256173297
2023-07-10,20,6,0.6823525270948941
2023-10-07,23,69,0.052472528495932425
2023-10-05,9,76,0.7742733274559198
2023-09-13,8,68,0.2774289039306993
2023-03-13,22,93,0.7431074950291201
2023-02-24,1,143,0.6872197055424659
2023-02-08,20,92,0.4669955656640393
2023-08-06,1,144,0.5906112984633636
2023-06-01,9,16,0.7284817220506581
2023-01-02,18,170,0.9419365137493511
2023-10-17,8,108,0.6534015715637893
2023-11-09,15,120,0.7661856687005918
2023-12-05,9,194,0.6557188807327217
2023-02-02,19,30,0.47750156144596756
2023-02-27,15,101,0.7404759471018112
2023-07-30,12,21,0.9497667844615008
2023-11-14,5,24,0.2756073523820035
2023-12-25,8,124,0.642420339022165
2023-04-30,8,77,0.43849312768518356
2023-02-12,18,25,0.7530620267942634
2023-07-19,17,108,0.903370799878139
2023-10-22,17,32,0.49460476209993975
2023-10-25,1,18,0.9694245272040636
2023-06-23,19,76,0.9727290096171443
2023-06-15,3,149,0.06558840890887219
2023-09-26,3,115,0.1495695459403048
2023-11-18,5,2,0.29343688442602034
2023-01-26,2,97,0.07229844580730849
2023-10-14,6,136,0.07184829927612257
2023-01-08,3,186,0.02298169329359223
2023-03-27,13,91,0.4154520572087872
2023-09-21,7,15,0.7634717450142918
2023-10-03,6,64,0.7200701130353342
2023-04-30,18,142,0.207643051014476
2023-05-31,12,71,0.5156398653218239
2023-11-13,2,139,0.7294924869776706
2023-02-28,24,20,0.2977116863993323
2023-07-18,19,108,0.03288166180311547
2023-10-11,21,105,0.24822823048255338
2023-11-24,5,142,0.9498957835001697
2023-03-22,7,109,0.48747546587350077
2023-12-28,18,114,0.0761205682026943
2023-12-01,9,17,0.6902210472490303
2023-10-01,23,55,0.48812838335450215
2023-11-24,20,61,0.40382971147732527
2023-11-22,3,73,0.5024260602282294
2023-07-23,9,194,0.6716745004564625
2023-03-30,7,85,0.21979476331184045
2023-01-29,4,18,0.9103728856987268
2023-03-25,16,142,0.7694065685569582
2023-11-11,21,102,0.5476596128914794
2023-07-09,18,15,0.15173363830654507
2023-02-17,14,145,0.48229108977465174
2023-07-01,13,36,0.6367966100959057
2023-04-02,8,50,0.33421543495261263
2023-04-13,20,105,0.2017365905944184
2023-07-21,24,76,0.9833577602467071
2023-08-21,9,196,0.35461311608743395
2023-11-29,24,156,0.4677948324622432
2023-06-21,22,99,0.8686271030443421
2023-03-03,24,144,0.7538283282023894
2023-07-31,2,82,0.7018973265944342
2023-02-20,9,42,0.26273552460827343
2023-09-28,15,67,0.8616581304807399
2023-11-13,19,81,0.4895260897730359
2023-09-19,7,162,0.45661527602302276
2023-07-27,21,194,0.1997612969558733
2023-04-03,11,74,0.7158916344838753
2023-12-04,4,195,0.935130021682166
2023-06-23,19,119,0.22306497075246356
2023-04-06,17,86,0.7651987228316661
2023-04-20,12,169,0.7223949894710878
2023-04-09,19,194,0.4881116997286965
2023-01-02,16,124,0.42145978987130894
2023-05-26,18,30,0.47957032726396587
2023-08-28,8,191,0.1724782071736336
2023-02-24,8,198,0.9462540406280305
2023-08-03,2,108,0.8077864735113424
2023-07-25,2,176,0.6342491086267406
2023-09-27,8,167,0.1581346062552199
2023-01-02,18,55,0.06421689666893637
2023-10-04,9,97,0.15045489535685275
2023-02-26,25,122,0.8866702302235554
2023-04-20,21,73,0.026049956010116282
2023-09-22,17,106,0.6753762831699684
2023-06-17,1,192,0.741921716819636
2023-02-12,13,145,0.1378850454546744
2023-02-25,3,102,0.7998257506245655
2023-04-23,13,188,0.43297190379910944
2023-08-17,16,131,0.5772187653924717
2023-03-11,22,52,0.16221658724437416
2023-07-20,11,125,0.5883461319670565
2023-03-23,20,165,0.348968512335861
2023-12-20,10,166,0.15087630897242055
2023-11-21,19,125,0.22482033882768226
2023-07-29,10,154,0.8838727020857083
2023-09-04,7,55,0.9878724733236445
2023-07-02,3,54,0.014465273461379824
2023-11-11,5,23,0.7507995204667528
2023-01-11,12,146,0.2785890202665783
2023-10-04,20,104,0.7894847319262278
2023-10-23,14,132,0.38752560014221993
2023-10-07,21,1,0.722327122155115
2023-01-12,17,31,0.6078628647680286
2023-10-17,11,166,0.8527056891253795
2023-12-15,10,68,0.031510347585419374
2023-06-20,15,152,0.663186656698204
2023-12-21,22,121,0.9057627341637409
2023-09-28,3,64,0.3424236005783968
2023-05-27,1,175,0.6500376589358393
2023-12-04,12,108,0.19179204803061323
2023-04-22,18,187,0.2251353746882031
2023-01-31,16,32,0.42192975650309705
2023-10-16,23,63,0.9333436637104268
2023-11-16,16,149,0.7539890750619341
2023-05-11,18,117,0.5191254118190397
2023-08-21,25,1,0.9157195776898445
2023-02-10,24,168,0.5006796347533587
2023-03-21,20,106,0.5877026979172992
2023-03-09,19,198,0.4914723619079
2023-11-05,14,87,0.49798469675552715
2023-02-01,1,116,0.9425610173648934
2023-06-17,21,54,0.15498112563572553
2023-07-07,14,186,0.4827897400801796
2023-12-12,12,85,0.00197045027365228
2023-12-08,7,193,0.7903350905657022
2023-01-03,18,190,0.21005495047963452
2023-10-05,8,154,0.4569204648558396
2023-11-05,5,70,0.6357014777622985
2023-07-15,4,56,0.1670074158832573
2023-08-02,10,146,0.6518381047366518
2023-10-07,5,43,0.01687928983999376
2023-12-29,4,65,0.7691454536260856
2023-03-22,8,69,0.539994047718758
2023-02-10,4,37,0.6291687810930775
2023-11-15,15,4,0.9637115845620329
2023-12-15,20,102,0.11792758163407802
2023-10-26,15,65,0.45714610617833285
2023-04-05,4,151,0.295423619446463
2023-05-04,18,48,0.06374011629524201
2023-03-24,16,147,0.05422419875085882
2023-07-26,7,122,0.31615973560639055
2023-07-04,21,148,0.7386599609126013
2023-10-19,17,8,0.4735732763646644
2023-11-04,11,58,0.6629022952856246
2023-07-26,4,22,0.5840459722043909
2023-10-18,16,152,0.08896948675641991
2023-08-28,18,136,0.08987354369875156
2023-07-02,20,152,0.9409014471283941
2023-10-01,4,138,0.9008783195413318
2023-12-21,16,124,0.8972280241559389
2023-12-21,10,182,0.9642333756098586
2023-04-08,16,147,0.1422363443132061
2023-08-25,6,32,0.41689490906829885
2023-08-03,16,140,0.7357047659400198
2023-10-25,9,184,0.8782433664632775
2023-01-24,25,28,0.7534705613497403
2023-03-26,2,116,0.7254645596069217
2023-08-18,23,178,0.9725016562078059
2023-11-25,2,84,0.40896659638051136
2023-01-27,6,31,0.9640786754888879
2023-08-29,9,149,0.16748454300436943
2023-11-28,11,71,0.6723006429741998
2023-12-20,10,114,0.6969341439615998
2023-04-04,15,53,0.221138950468045
2023-06-24,17,161,0.9475278122359472
2023-10-04,3,12,0.09058441116734539
2023-10-03,16,101,0.43067649666604935
2023-02-14,13,60,0.5724023450006549
2023-10-11,19,127,0.8882389322510064
2023-03-09,5,33,0.7692681144266269
2023-11-02,19,102,0.4662714420202009
2023-03-13,25,56,0.14757144840868708
2023-11-20,21,174,0.5077039823993162
2023-04-08,15,162,0.15082165939264724
2023-05-16,9,14,0.4953229802401049
2023-10-30,4,194,0.8218826872482284
2023-12-09,24,83,0.6669046571465134
2023-02-09,17,184,0.37593447951490044
2023-08-18,13,161,0.3679189122167711
2023-07-04,7,187,0.9063034715354382
2023-11-10,14,37,0.3477325594105083
2023-05-01,20,72,0.8840180874906153
2023-04-21,21,121,0.09790484931894361
2023-04-26,6,166,0.6042039205596974
2023-02-11,4,31,0.13773245343511498
2023-09-20,23,172,0.10545745751499958
2023-05-26,1,14,0.055723634345576034
2023-06-11,11,183,0.07900238344127264
2023-04-01,24,69,0.6134782216606295
2023-12-08,19,54,0.022027902273991873
2023-11-06,12,113,0.9954836039798898
2023-11-01,14,156,0.15812239255176008
2023-04-06,10,51,0.01493557353635222
2023-12-19,17,163,0.8105766542124251
2023-11-16,19,161,0.04576760875709229
2023-04-12,22,179,0.6651361738063888
2023-09-15,11,153,0.8241203131620212
2023-11-14,22,181,0.13370928507815683
2023-03-02,13,151,0.6010768100678653
2023-03-05,16,136,0.038210202097063495
2023-11-09,16,71,0.10565949029800559
2023-12-21,17,25,0.4084593820992246
2023-06-06,19,173,0.8740716723161879
2023-05-03,6,10,0.9784768181378212
2023-01-01,18,173,0.6640282358880892
2023-10-25,9,55,0.23097470352966654
2023-03-16,17,53,0.2740470116911662
2023-11-07,16,81,0.4698720579846616
2023-08-29,14,189,0.46366358474083536
2023-01-28,24,18,0.7090478322317165
2023-07-29,23,46,0.6815979338287637
2023-07-03,21,48,0.005112736398086071
2023-02-20,13,94,0.03154730200317446
2023-01-17,10,188,0.01814851778621196
2023-12-25,7,5,0.5906180899991914
2023-09-08,6,107,0.6093691352035648
2023-12-25,10,23,0.8153784327524739
2023-01-28,17,26,0.09410655044775684
2023-12-14,9,54,0.27501580093060773
2023-10-15,21,190,0.47657780113764814
2023-07-19,12,170,0.4144384300925056
2023-04-20,12,186,0.40969114005575136
2023-08-14,8,105,0.9704432352989119
2023-12-07,14,199,0.6816318380377425
2023-03-23,6,37,0.6813446306181739
2023-07-24,14,193,0.19655787804910896
2023-09-02,23,67,0.3864223864434846
2023-09-21,2,119,0.877533643683539
2023-08-06,10,166,0.6032220861261531
2023-09-02,16,61,0.06480885776553369
2023-01-22,21,18,0.5229502287774198
2023-01-06,25,117,0.015785721944464703
2023-08-22,25,28,0.649229550230571
2023-03-31,3,154,0.352290423328531
2023-09-19,9,96,0.9541783792617831
2023-07-18,7,24,0.7432591067450627
2023-04-25,10,169,0.5797966144170823
2023-10-21,16,177,0.3403480280117889
2023-03-17,9,147,0.29098851634543343
2023-11-18,6,127,0.02359883114322492
2023-11-11,15,121,0.5591283301861745
2023-05-15,19,97,0.20244806046800723
2023-12-20,16,182,0.26941567597075977
2023-03-02,25,39,0.595424601263165
2023-05-30,14,5,0.9036801529950871
2023-02-03,9,57,0.6764504376006726
2023-03-24,21,167,0.2481052821015407
2023-03-27,12,82,0.19766686361351826
2023-09-02,23,139,0.4328293938339235
2023-03-20,22,191,0.4553764632744859
2023-08-08,12,51,0.0926916161818554
2023-06-20,17,11,0.8783619039418762
2023-07-06,16,95,0.5845305452150061
2023-08-29,2,96,0.7501431653840097
2023-09-01,2,173,0.32683925185335727
2023-05-08,14,77,0.1441654038412019
2023-10-10,11,155,0.5278129703315966
2023-07-17,8,85,0.41346674097693337
2023-03-18,1,130,0.1873692172708562
2023-09-19,7,181,0.2882482227330546
2023-11-12,15,3,0.9019172427573501
2023-01-25,17,2,0.16596843046330167
2023-08-16,12,101,0.8056034213652239
2023-11-16,8,68,0.9207238505479542
2023-07-05,3,16,0.5380203576333306
2023-06-12,1,50,0.4811516619775865
2023-06-25,25,114,0.3876697083172663
2023-08-12,1,94,0.7887576127683963
2023-08-16,5,196,0.4313206879963698
2023-02-11,5,173,0.3654352458252217
2023-04-13,23,178,0.5744805605458462
2023-01-28,25,17,0.7503876831508437
2023-12-10,3,26,0.06554822552011652
2023-11-30,10,96,0.6531287426247662
2023-04-01,16,15,0.43374663301373606
2023-05-29,21,123,0.39249216460025593
2023-08-04,4,185,0.8145349154312717
2023-03-13,22,7,0.8465449538367288
2023-03-14,23,115,0.16656679638703897
2023-10-08,6,124,0.8137713911977659
2023-01-06,15,163,0.8706363414838606
2023-07-04,23,126,0.4990088581514136
2023-06-29,10,95,0.8476944986516867
2023-10-06,22,8,0.1889330012308742
2023-06-24,13,188,0.8732987008656891
2023-12-11,4,72,0.28674173191831176
2023-06-12,22,154,0.6038663717770765
2023-12-27,19,168,0.8189580603002214
2023-10-26,20,155,0.3432565501885393
2023-05-21,6,132,0.4910816333271961
2023-11-06,1,52,0.4062373568866343
2023-07-05,13,184,0.8506551639519047
2023-04-06,2,44,0.011363344916535567
2023-11-26,1,15,0.3067214053989248
2023-02-04,11,65,0.8314110568650649
2023-01-31,1,9,0.09977732655177829
2023-09-14,6,95,0.48421317285890686
2023-01-14,12,108,0.8837169899668791
2023-06-12,18,126,0.6347741065105796
2023-08-10,24,140,0.585424737565348
2023-06-01,11,74,0.3050276633130813
2023-02-26,1,36,0.19839019942749103
2023-03-13,23,59,0.28055633297719995
2023-03-25,2,150,0.7304395312898868
2023-09-25,22,80,0.839725487520664
2023-06-07,6,189,0.28905036709253995
2023-09-16,10,129,0.2324715455009545
2023-01-17,3,49,0.4588266434228109
2023-02-04,16,54,0.9938274890337907
2023-07-13,11,7,0.7851226285042294
2023-03-09,12,94,0.5204842577251715
2023-06-07,9,26,0.7551695375393426
2023-05-18,6,32,0.3149570386423144
2023-06-10,9,88,0.023341513621041976
2023-07-10,7,87,0.29438678570654786
2023-07-22,5,137,0.4927040428357413
2023-12-18,12,112,0.17176030083714577
2023-03-16,14,87,0.646436819160492
2023-11-16,6,35,0.580922511385977
2023-03-01,25,195,0.5918931467333967
2023-12-29,15,13,0.32947707013544325
2023-07-11,15,158,0.11768824411758849
2023-02-20,18,77,0.2790476579472938
2023-08-19,23,52,0.007133114348126468
2023-04-07,21,143,0.23029107066456855
2023-09-06,13,20,0.41056928078176136
2023-11-06,13,176,0.3743559467189811
2023-08-21,22,175,0.21211308186594446
2023-08-26,1,192,0.6157490354013665
2023-01-14,25,105,0.727574554525735
2023-03-14,14,43,0.9647894689583162
2023-04-21,2,84,0.053899306467880215
2023-10-01,23,9,0.3194452139773636
2023-04-06,9,157,0.9773911455803495
2023-07-31,12,96,0.38228393948320005
2023-02-03,24,190,0.49575255880433455
2023-06-08,25,101,0.4626336347365154
2023-07-13,13,12,0.02693942816215411
2023-02-18,6,126,0.8964039086563137
2023-08-05,1,27,0.8814607202700762
2023-09-15,18,176,0.7937074177612795
2023-10-02,19,99,0.7622503496129769
2023-05-26,14,101,0.4679439435262138
2023-03-30,22,112,0.6310777830508937
2023-12-15,9,95,0.9519702578516139
2023-11-22,18,1,0.6617338084963118
2023-08-03,21,65,0.5935392463300259
2023-06-08,25,169,0.9420710993409356
2023-06-07,9,1,0.6008769398288545
2023-07-11,10,87,0.9293658063813223
2023-11-22,5,60,0.864102201230995
2023-08-05,23,178,0.5992034979961943
2023-02-04,22,79,0.9448667201720422
2023-06-08,10,20,0.07599117575464898
2023-01-29,15,59,0.690419847366991
2023-05-20,19,106,0.3395598382177517
2023-06-21,6,200,0.954245499447905
2023-12-03,9,62,0.5987072163251651
2023-04-11,25,53,0.2355504912870786
2023-12-12,18,116,0.3381337035421368
2023-09-25,9,23,0.6154048056031362
2023-09-25,20,160,0.623812352125538
2023-03-11,23,110,0.3660363714407432
2023-10-13,19,158,0.5326520997872307
2023-07-31,3,102,0.7031230591365417
2023-02-14,6,16,0.9883911133223823
2023-11-27,22,110,0.9487947507764928
2023-07-09,11,49,0.7999229396211394
2023-05-27,12,139,0.40916950112616735
2023-05-10,9,3,0.935827353834771
2023-05-02,4,79,0.6594175372632058
2023-04-11,19,62,0.1719414181187665
2023-06-02,5,156,0.7720419356878688
2023-07-23,8,124,0.0901320072556171
2023-05-20,22,29,0.8820812314536013
2023-02-20,6,187,0.6259708690545872
2023-11-18,21,190,0.29161831822222506
2023-01-28,4,75,0.15306862953372558
2023-01-18,14,7,0.03251237845064936
2023-04-23,12,59,0.5658749749579335
2023-04-25,5,19,0.5928081710855847
2023-10-16,20,133,0.8128721634438235
2023-08-11,11,49,0.04263401874918049
2023-08-29,25,50,0.6693914179867384
2023-02-24,15,74,0.10488974600411416
2023-02-07,7,154,0.8585870199021591
2023-07-13,12,37,0.43788757725184213
2023-09-19,20,100,0.7196194016732125
2023-01-01,20,167,0.20365171706289276
2023-01-22,12,36,0.6912645966535331
2023-08-14,8,126,0.35703489304711855
2023-12-09,13,193,0.8830967039996884
2023-10-15,9,65,0.34121481872314396
2023-03-14,2,142,0.751377353953073
2023-03-20,10,81,0.6463123146589543
2023-05-13,24,12,0.234313618944327
2023-12-10,14,17,0.5612204906157476
2023-05-12,12,20,0.10220487010488044
2023-07-28,2,150,0.7504353264869871
2023-10-24,13,2,0.7206878909656942
2023-01-07,18,11,0.03749125354290228
2023-07-29,18,30,0.1488867945479082
2023-01-21,2,52,0.44538610657817723
2023-07-22,20,11,0.08954522126411046
2023-07-05,21,110,0.08030036870772816
2023-10-26,1,75,0.6918942312236879
2023-11-25,15,36,0.9977010489996232
2023-08-23,15,119,0.25501997809648436
2023-05-11,23,16,0.6755980485655078
2023-08-23,16,148,0.886846699158592
2023-06-02,11,20,0.8978864899773836
2023-01-29,1,162,0.5168129709629542
2023-04-29,16,64,0.6990615375442917
2023-10-12,8,119,0.28438502249309916
2023-02-12,13,19,0.10904501392558297
2023-11-30,10,71,0.10564273772359001
2023-08-27,20,25,0.04154005852764242
2023-07-01,7,101,0.7630896596202636
2023-08-02,20,169,0.30588664901460416
2023-08-29,14,136,0.6811668568839866
2023-11-05,12,126,0.36096684891696185
2023-09-04,3,25,0.3145920416806717
2023-05-30,16,166,0.2042558824152535
2023-08-14,18,187,0.30518860072524534
2023-09-01,18,169,0.7880106125951616
2023-12-04,17,195,0.9274394964330174
2023-11-20,19,94,0.7977341533941927
2023-11-08,4,116,0.1344777025136974
2023-01-11,21,34,0.9535371291086614
2023-01-28,16,14,0.05570251388267522
2023-05-11,6,113,0.7070893287428102
2023-08-20,12,3,0.7080090545065342
2023-08-08,9,66,0.354751763390705
2023-12-01,4,102,0.0011198534655499914
2023-07-05,10,153,0.9043425416180436
2023-08-12,9,3,0.6210325945872869
2023-10-06,22,11,0.901016833120448
2023-07-18,17,142,0.6823157755196418
2023-04-19,6,111,0.923654859328964
2023-11-10,18,181,0.05328789363410802
2023-03-22,19,196,0.3399920943495477
2023-09-29,5,158,0.20472338387052258
2023-08-28,2,25,0.8088259398655021
2023-07-17,14,33,0.47244390055775964
2023-10-11,8,163,0.08581515606692391
2023-11-18,25,15,0.035280638776029494
2023-02-26,17,166,0.9230276004179355
2023-04-12,25,116,0.40897444207189415
2023-02-26,8,149,0.7750795546680035
2023-12-23,4,49,0.5538401365678047
2023-02-02,22,124,0.6466411078992531
2023-09-26,24,8,0.9533581284183209
2023-01-17,4,189,0.8903538587010058
2023-08-18,5,79,0.18696986794041093
2023-08-22,1,46,0.17596985151612465
2023-11-14,21,68,0.4183682578901584
2023-07-31,19,5,0.09478287796008489
2023-11-21,7,142,0.7472500175283903
2023-10-30,22,171,0.1986100520965507
2023-01-18,24,32,0.11354348240108836
2023-06-01,23,170,0.7541661754167367
2023-09-04,22,200,0.13769316943434062
2023-02-04,15,128,0.8603456763028223
2023-09-13,6,105,0.8517822885770883
2023-12-15,8,35,0.12474235734065164
2023-01-20,23,196,0.08400600260503488
2023-05-18,12,112,0.5118065455987568
2023-05-02,14,24,0.9518267352266389
2023-05-10,16,158,0.22984096713385482
2023-11-07,24,110,0.3556365024688105
2023-10-02,13,90,0.7490016322165335
2023-03-18,9,181,0.9232856422612723
2023-12-10,23,29,0.38890459255720067
2023-05-07,17,180,0.6274585161204238
2023-05-14,11,61,0.32545290349616773
2023-05-30,18,49,0.32440365617187006
2023-07-04,11,18,0.3692063761947967
2023-04-08,23,83,0.35338206501602765
2023-11-12,18,33,0.7101339191928866
2023-08-24,2,30,0.2511707579633533
2023-06-14,6,146,0.6787023550012049
2023-06-04,5,15,0.5134001659153091
2023-02-26,12,107,0.3822646573427778
2023-01-29,19,144,0.14398509984510366
2023-07-17,4,172,0.464960256279745
2023-09-08,7,68,0.709263869177268
2023-02-13,1,113,0.6585134605016789
2023-10-14,23,161,0.7484061705512624
2023-11-25,2,116,0.019553366110770964
2023-02-05,5,19,0.8171801107161445
2023-11-04,11,187,0.0394112710309662
2023-02-14,13,20,0.014064961160016654
2023-08-06,12,181,0.6065699838172222
2023-10-04,3,90,0.9611180380355276
2023-04-11,22,45,0.4288121849051125
2023-07-31,6,86,0.8093034239761397
2023-09-01,10,10,0.9546141482547262
2023-04-26,14,165,0.48757327374810033
2023-06-09,14,21,0.22617778410336165
2023-07-06,18,94,0.4810550424323665
2023-09-23,20,86,0.9259351004717027
2023-02-07,11,167,0.7597179725028692
2023-09-10,20,1,0.11862626262955334
2023-04-10,13,70,0.9723056411750426
2023-11-18,24,55,0.395642443550439
2023-10-02,8,12,0.12682540565251244
2023-01-17,7,144,0.5795454819184409
2023-11-16,7,180,0.5506259673896141
2023-05-04,20,40,0.1837798047423309
2023-01-08,8,3,0.02120470038282829
2023-07-28,12,148,0.00477034662562148
2023-02-22,14,121,0.7561931038094305
2023-09-09,5,4,0.542009874859916
2023-01-07,10,127,0.7587012765612025
2023-01-15,19,68,0.9684832109990393
2023-12-30,14,90,0.4894757998846848
2023-02-08,3,156,0.9110924459329158
2023-12-28,4,18,0.23492101858978687
2023-03-10,5,42,0.7710253185445465
2023-09-16,9,19,0.7817599701009563
2023-04-06,7,4,0.3648012216339921
2023-01-01,10,126,0.7831284804500834
2023-01-05,19,126,0.14134843397145913
2023-05-03,5,27,0.9004103912375094
2023-03-11,1,116,0.5202607980798251
2023-06-27,20,15,0.8543544082558735
2023-12-08,10,138,0.43859528908989576
2023-09-30,19,78,0.9759236290874547
2023-04-21,1,17,0.5550939962610363
2023-10-28,5,46,0.8441329153397485
2023-03-07,17,77,0.7583394145418277
2023-12-02,8,123,0.8312816510170472
2023-09-16,14,140,0.9428580204282889
2023-03-24,12,185,0.7671761094323525
2023-01-03,21,72,0.19052880170726716
2023-03-21,9,123,0.7883518335187181
2023-10-19,9,80,0.3307606106523461
2023-01-19,8,134,0.8598784859101305
2023-04-26,17,74,0.251211326692105
2023-01-26,14,92,0.11952302587569241
2023-12-24,4,64,0.607596282038381
2023-08-09,10,66,0.5070561310660152
2023-10-03,23,149,0.33315888138739447
2023-12-11,20,94,0.07552753529326406
2023-02-18,1,20,0.5713460775582471
2023-11-23,7,116,0.5775998215264219
2023-08-09,18,90,0.7351127503196726
2023-01-29,11,32,0.19228986608711351
2023-03-25,10,159,0.6227565182074319
2023-02-19,20,47,0.2943228141286275
2023-06-01,18,136,0.19699732252821345
2023-04-30,19,137,0.5128824973425358
2023-11-14,10,158,0.389771046544244
2023-08-21,23,66,0.06263272638264195
2023-03-28,23,90,0.054047815231515695
2023-10-22,13,200,0.49154940455993634
2023-08-26,3,101,0.5301905181149547
2023-12-21,14,73,0.7394170194843196
2023-04-22,25,191,0.2779857470473379
2023-08-06,12,127,0.748661308648033
2023-08-09,20,168,0.11335281359268423
2023-09-27,2,57,0.03416133418672551
2023-03-05,10,153,0.41222578951271605
2023-02-20,13,29,0.9818127919050204
2023-10-09,13,162,0.420526023815294
2023-10-29,19,79,0.31021146140958145
2023-11-13,11,125,0.9805376124540016
2023-07-14,7,16,0.22651068269095898
2023-05-17,12,181,0.4882378205200574
2023-12-04,6,197,0.5168360268650329
2023-05-21,12,91,0.2198482779638864
2023-05-09,24,131,0.6806032944402594
2023-09-09,1,41,0.731687140277622
2023-06-26,20,154,0.8958042529128826
2023-04-01,8,174,0.5638089377319287
2023-01-06,3,84,0.35547321039973734
2023-07-12,10,177,0.578113939687966
2023-06-05,8,120,0.005421564538765855
2023-09-28,20,176,0.33668152058926315
2023-01-19,13,19,0.6426412903036669
2023-05-23,7,59,0.4831239767152268
2023-03-05,9,91,0.9044507249237088
2023-02-06,5,67,0.6057878757363296
2023-11-25,18,42,0.5498709986956621
2023-02-18,22,99,0.1838795200531903
2023-12-10,19,80,0.7866222483226021
2023-05-08,13,51,0.3492205016506451
2023-12-26,11,130,0.4901690658537663
2023-02-12,24,191,0.2396965228656659
2023-01-06,20,189,0.2649889158194655
2023-03-12,23,149,0.32317577633861494
2023-07-11,11,101,0.03912654288166717
2023-11-10,21,162,0.9697117551397647
2023-11-15,11,8,0.4968161083072288
2023-07-17,2,139,0.9150215375060884
2023-07-30,19,16,0.07066795860735742
2023-03-09,11,125,0.5543009138029098
2023-05-30,4,34,0.15720534934112396
2023-12-13,11,6,0.245614933573024
2023-03-01,2,134,0.42606822004009504
2023-06-22,15,81,0.0867593790630048
2023-06-10,4,141,0.8843272826461409
2023-05-22,8,50,0.37593115888678486
2023-07-13,8,109,0.028417973370920113
2023-07-11,1,4,0.8976277126917405
2023-10-15,24,121,0.4596792945105558
2023-10-30,17,40,0.5447738037516808
2023-06-21,6,197,0.5272072879790713
2023-01-31,20,27,0.49293195326697314
2023-02-25,20,57,0.8856188874390073
2023-06-25,6,190,0.2837776880542552
2023-09-16,20,186,0.7618422068446056
2023-08-10,16,5,0.6311942148174718
2023-09-17,25,20,0.8873522123732351
2023-03-06,5,144,0.5755281771433212
2023-09-29,15,3,0.38652782376899786
2023-06-03,8,169,0.9782428854608356
2023-04-02,24,68,0.47613000414741335
2023-02-26,1,172,0.9295555958909416
2023-04-11,15,56,0.5885033918104992
2023-01-06,12,5,0.035065657250177185
2023-04-13,10,68,0.1199926880559129
2023-08-31,15,167,0.061109220004589626
2023-03-24,24,78,0.2993770307258543
2023-12-27,8,148,0.21579952169033445
2023-08-22,20,48,0.16655849905811815
2023-04-10,4,167,0.6230471478614287
2023-02-08,7,155,0.2811344339458208
2023-01-01,19,11,0.09701431547801298
2023-05-13,7,80,0.8471622752180928
2023-08-09,19,99,0.8767545301098141
2023-11-18,3,118,0.3638672352104009
2023-06-15,5,50,0.6494510844468323
2023-05-19,7,105,0.5696864796839084
2023-12-29,13,192,0.5071199644927163
2023-01-03,18,163,0.6434174573947973
2023-03-29,1,39,0.5833488715500761
2023-02-01,23,53,0.6214144936667134
2023-12-31,11,128,0.846590005066873
2023-02-16,4,58,0.365019375349515
2023-09-27,20,147,0.4934987010364663
2023-01-17,3,18,0.0237234017282949
2023-07-23,1,180,0.6328818909715117
2023-01-07,19,129,0.035607259218581655
2023-03-09,3,21,0.1840776162976958
2023-07-05,8,118,0.5526773839866023
2023-09-23,3,185,0.3914883627350627
2023-08-02,16,63,0.05200253475895744
2023-03-27,5,56,0.7520528734922923
2023-01-06,21,133,0.10394785821042041
2023-07-08,22,14,0.3933926442989959
2023-05-11,12,196,0.032595667721169286
2023-02-22,3,150,0.5109426909907088
2023-06-28,16,126,0.30598466227017274
2023-02-16,2,81,0.9346844819231673
2023-07-25,5,127,0.17772206098311283
2023-12-25,10,62,0.12061964417067406
2023-10-23,9,51,0.9806760626820596
2023-08-29,20,172,0.8094094015462467
2023-01-17,11,112,0.6727578947250284
2023-11-30,23,64,0.23257495694350105
2023-12-06,17,187,0.3688632908559589
2023-07-31,19,67,0.360035288214117
2023-01-22,11,59,0.10725135121791785
2023-02-03,13,24,0.07574611698767897
2023-02-01,18,53,0.25878727058894213
2023-04-25,22,54,0.8771207195233662
2023-03-24,24,32,0.8474187612473542
2023-06-07,4,2,0.3600425182920265
2023-08-15,14,70,0.576872913022705
2023-10-01,2,163,0.42050657783724765
2023-12-04,23,111,0.2562065884625704
2023-09-05,19,25,0.880181617254135
2023-06-05,20,196,0.6525169570496463
2023-10-02,15,160,0.07116475798810873
2023-07-04,5,143,0.6120306630250691
2023-06-29,8,146,0.3147443089697588
2023-11-17,15,172,0.9346085087376801
2023-04-18,3,54,0.40887039436482275
2023-12-22,21,152,0.1145956497222601
2023-05-16,9,120,0.019818912645562903
2023-07-22,7,156,0.22773829858465544
2023-11-24,5,35,0.2579783363421547
2023-11-29,12,157,0.4260500989163506
2023-09-05,3,4,0.15677267508500425
2023-12-14,18,7,0.5173457000601842
2023-05-11,6,158,0.37964686933840286
2023-12-13,18,100,0.3126581594625596
2023-10-30,18,164,0.41189781107841994
2023-05-04,3,59,0.012048706905548379
2023-02-10,11,48,0.7658519301093959
2023-03-28,21,73,0.548801826330812
2023-01-29,22,76,0.20320041938153266
2023-02-21,13,5,0.28567134969954344
2023-05-04,8,73,0.40173631301485213
2023-01-24,3,90,0.5139821998077889
2023-02-02,17,53,0.8617189914207232
2023-09-09,8,76,0.05681342652226151
2023-07-29,23,58,0.1937318126010279
2023-03-17,24,12,0.4384856074663751
2023-12-19,24,90,0.21030374154785714
2023-01-10,12,66,0.4744127683552348
2023-06-17,1,37,0.24602389037442718
2023-09-16,13,39,0.745046743626056
2023-12-30,13,174,0.6487802855813378
2023-12-28,10,32,0.6194498984247541
2023-06-26,3,1,0.36740732788487884
2023-05-26,20,89,0.5891576914366545
2023-07-27,13,144,0.022243777965716305
2023-08-30,19,117,0.0686954458991843
2023-02-23,6,188,0.04772459085587355
2023-08-01,15,149,0.7037460351798616
2023-08-19,10,40,0.09604543567813295
2023-05-04,2,191,0.8361538093766204
2023-07-20,14,69,0.7637377558648206
2023-11-06,22,7,0.59012187551548
2023-05-22,16,11,0.9333737727023946
2023-03-22,13,15,0.13945926419590793
2023-12-21,12,158,0.5534930358543921
2023-07-09,25,182,0.7295086181593524
2023-09-25,25,159,0.8902561379428783
2023-10-27,1,166,0.6041968420832743
2023-05-13,16,88,0.9780642061017896
2023-10-02,8,36,0.5018101736308755
2023-04-24,25,91,0.4579295649747779
2023-11-27,2,7,0.15085083590216952
2023-05-27,19,28,0.22911864178882846
2023-05-19,3,124,0.561620453169784
2023-05-29,22,9,0.15002257622252035
2023-04-07,23,168,0.07649390994207572
2023-08-29,24,134,0.338302180441841
2023-03-21,25,28,0.6957677658984892
2023-03-16,9,136,0.22639040767064988
2023-03-09,21,74,0.8479856827982389
2023-06-09,9,175,0.7532718889337572
2023-11-21,22,52,0.6274945390017199
2023-04-26,12,26,0.4109482606379474
2023-12-17,3,77,0.2399214277512285
2023-09-28,7,161,0.2312703923666346
2023-01-01,13,147,0.7664507124450469
2023-05-23,20,105,0.5838442275935188
2023-03-18,25,19,0.5029183645433142
2023-04-11,18,194,0.9241648700577519
2023-11-28,9,15,0.16712575346999792
2023-05-15,22,63,0.18533655190687714
2023-03-16,14,135,0.9746359532538905
2023-04-13,16,27,0.3348125877993293
2023-11-20,15,74,0.9829701114702443
2023-11-15,6,140,0.9022993844131146
2023-03-05,23,184,0.28379563285225007
2023-07-11,17,163,0.6065561811393034
2023-04-26,14,116,0.7659976715385028
2023-04-10,11,194,0.535397061451339
2023-11-25,15,64,0.7544199567112565
2023-03-25,20,67,0.3946036025635261
2023-09-21,2,119,0.8306643207474274
2023-05-01,21,81,0.6277058173867882
2023-04-03,11,5,0.9352251400207138
2023-12-20,20,116,0.9358823460256824
2023-03-23,17,142,0.6059502713994247
2023-12-07,6,118,0.654412786201764
2023-09-15,5,76,0.488726289459271
2023-06-02,16,134,0.6000942363195897
2023-05-19,17,169,0.19843847692957517
2023-10-06,21,132,0.5326813692862968
2023-01-27,17,163,0.2182531425017139
2023-01-06,11,198,0.49666941350245675
2023-02-03,10,198,0.5606381883113072
2023-07-21,5,113,0.318496069650531
2023-10-13,18,172,0.7309330761512774
2023-11-08,1,98,0.9669421826317597
2023-02-21,11,52,0.05672692474124419
2023-06-13,8,112,0.11129847579262231
2023-02-07,6,7,0.31078034352411343
2023-08-30,17,5,0.337985993234578
2023-12-05,4,137,0.5521435786778287
2023-06-19,14,50,0.6012742521440918
2023-12-02,9,169,0.838228905313498
2023-10-19,23,156,0.5839998862173514
2023-03-15,12,70,0.4018365787862984
2023-12-28,18,48,0.22676206570632673
2023-07-08,4,173,0.07518039228803253
2023-02-10,24,117,0.06628875128053502
2023-08-09,14,162,0.9749888099918295
2023-01-19,22,86,0.6189537140834375
2023-09-18,23,5,0.13521258955932847
2023-08-29,5,49,0.9174486840266254
2023-05-18,21,82,0.8361133301751876
2023-09-30,2,161,0.5302818556810704
2023-10-17,19,172,0.3941310501667311
2023-07-10,18,41,0.04278986016366315
2023-08-15,21,189,0.7382666265183837
2023-10-16,19,135,0.4677570109660828
2023-07-31,16,70,0.549627555469869
2023-06-23,11,75,0.13622700079392336
2023-05-30,21,37,0.09406674018743721
2023-03-05,1,96,0.2733604971678325
2023-02-03,14,23,0.4315788983734947
2023-12-03,19,68,0.49652145862264785
2023-05-27,1,131,0.22897917937054835
2023-04-13,4,104,0.5268768084339039
2023-02-16,19,195,0.22769964686304323
2023-09-30,23,26,0.8950702225606217
2023-05-26,23,25,0.50321228080921
2023-04-26,10,26,0.1523059736090543
2023-09-15,3,118,0.24337115778725948
2023-04-14,25,180,0.09949242950824522
2023-02-24,17,165,0.8466718746029754
2023-02-04,23,52,0.49410591802086756
2023-02-06,19,175,0.6785409786507878
2023-04-01,25,27,0.8120489606635306
2023-11-05,21,73,0.0015069430898672076
2023-08-31,4,149,0.29354641710429374
2023-01-02,10,187,0.08362990999047992
2023-08-03,22,131,0.816191085770901
2023-08-27,16,144,0.19111590129747158
2023-07-24,20,186,0.5421604675321045
2023-06-16,18,103,0.744634506322286
2023-12-27,4,3,0.0801306894101197
2023-08-19,5,76,0.23716049885790347
2023-12-20,18,11,0.6869814497234666
2023-05-16,6,134,0.2564727824148748
2023-11-17,12,87,0.5067275669421543
2023-10-29,4,170,0.8259446669421736
2023-01-21,13,28,0.7683650505501974
2023-06-09,3,6,0.34474725454146793
2023-02-27,24,152,0.2238665679801699
2023-08-20,15,149,0.4690233394038519
2023-07-21,6,48,0.9805391592052197
2023-09-18,12,2,0.4780801746230482
2023-02-04,16,185,0.16907673281190083
2023-10-03,14,182,0.9751555228801639
2023-05-20,1,78,0.9539400913963395
2023-06-21,23,115,0.5696848152987886
2023-10-16,12,11,0.3753623854499757
2023-02-26,18,125,0.4730430789045813
2023-10-02,20,87,0.48395282687567187
2023-08-07,20,43,0.7834462936522903
2023-03-15,10,45,0.10625544707299583
2023-03-24,19,131,0.047472568542184956
2023-01-17,22,62,0.7288604965963145
2023-12-27,17,68,0.764949853521619
2023-12-10,5,154,0.02798733809098608
2023-02-24,1,157,0.6906400166803073
2023-05-31,13,59,0.11319442871524799
2023-12-20,13,82,0.3260554189543424
2023-09-03,4,34,0.5972660617054324
2023-03-25,11,69,0.3847273027404887
2023-12-22,23,159,0.9908528635223851
2023-01-11,12,96,0.8330499821821206
2023-08-04,17,117,0.9415817555125029
2023-03-07,24,122,0.7053485307654999
2023-10-20,24,50,0.6488519474156513
2023-07-15,21,28,0.6051988866995966
2023-11-27,7,19,0.8667243948360772
2023-06-17,12,79,0.7340497017158818
2023-01-22,7,184,0.253164440374127
2023-06-10,10,194,0.5502767980197846
2023-04-24,2,116,0.18399416167943783
2023-12-12,17,73,0.4783049917601311
2023-03-11,3,103,0.13467204716343462
2023-01-08,21,181,0.01746681851399179
2023-08-19,22,192,0.8754762590881697
2023-04-07,24,53,0.2612288651250939
2023-04-20,18,18,0.03064899445177882
2023-01-02,25,71,0.29238506566141687
2023-11-06,4,187,0.4262361069627101
2023-12-13,22,180,0.540233060985169
2023-08-27,16,149,0.2410783356478583
2023-07-06,17,176,0.9098807859812683
2023-10-26,19,58,0.11334700245270979
2023-11-15,19,127,0.6423861295942221
2023-08-27,24,7,0.6597859837679886
2023-04-03,2,57,0.8120240256014108
2023-03-03,17,89,0.6288446778661831
2023-12-06,22,141,0.35533685836701967
2023-05-16,8,111,0.550235160878933
2023-09-09,14,113,0.0810483959437468
2023-01-03,15,150,0.1592173844401068
2023-01-10,21,170,0.5364494664850105
2023-01-09,16,89,0.2814782423251454
2023-08-13,25,118,0.12338429323541533
2023-04-27,12,53,0.8818432827595296
2023-03-24,22,190,0.23679582697308765
2023-12-22,21,157,0.984759813265997
2023-11-20,9,136,0.6819516090730314
2023-11-05,8,3,0.8191598136485995
2023-04-19,10,42,0.09930335732789997
2023-06-15,13,48,0.2815037023492407
2023-12-19,6,159,0.3125014880801923
2023-11-13,16,8,0.6122573328650297
2023-01-07,13,173,0.8497765913615103
2023-12-07,19,9,0.4209967648099461
2023-09-08,8,5,0.8124799838930497
2023-06-05,16,110,0.5566170731147273
2023-10-19,24,133,0.634531317489131
2023-05-14,12,38,0.22373676194437375
2023-02-21,11,19,0.7677724683696694
2023-12-22,5,93,0.37698820142643363
2023-11-12,19,37,0.8590744168185549
2023-06-26,4,144,0.00024370945922014275
2023-05-31,16,79,0.19210553202539904
2023-08-12,1,151,0.36234231700712594
2023-01-27,22,187,0.2709856688263176
2023-07-25,3,70,0.3064301782155405
2023-07-04,7,91,0.9117160901693997
2023-08-14,12,111,0.0751610265062409
2023-02-22,14,94,0.5008706103771835
2023-04-07,18,112,0.038751952806653
2023-09-19,10,121,0.5136797028738999
2023-04-03,15,146,0.7991404400212158
2023-03-30,23,87,0.35162212099061096
2023-07-09,18,187,0.1251341098829617
2023-12-10,10,120,0.13625846993580937
2023-05-26,24,53,0.1184712128889287
2023-04-01,14,101,0.7638917452840588
2023-07-13,9,200,0.32754203821319317
2023-03-21,7,159,0.21843680699648904
2023-04-23,5,15,0.5944909752503535
2023-07-31,10,111,0.3111380769296289
2023-01-11,17,103,0.428559956925043
2023-03-08,13,187,0.2614031665403631
2023-02-27,1,83,0.27771722754042416
2023-10-07,22,11,0.34702205990194834
2023-10-04,18,175,0.5530978864779553
2023-12-28,10,98,0.9082706998852755
2023-10-28,23,94,0.7944827780538982
2023-07-29,25,123,0.6230853504059883
2023-05-14,11,133,0.7067206326632083
2023-01-26,15,174,0.2213955706675622
2023-03-06,9,182,0.6665385668428712
2023-08-21,4,129,0.32769914717611237
2023-12-12,8,60,0.4949342566903243
2023-09-11,12,175,0.7295309831722815
2023-12-13,18,143,0.7650482820489467
2023-05-02,5,10,0.38270718828354566
2023-02-23,7,173,0.07258103362477841
2023-06-09,8,32,0.021713936126147915
2023-02-26,19,146,0.22334601783241004
2023-04-09,16,188,0.7251855078247494
2023-07-30,21,84,0.8299005817319959
2023-05-25,21,32,0.7545784826386119
2023-12-29,12,143,0.8304518387132347
2023-04-07,4,183,0.20133281617797538
2023-06-26,17,60,0.597229032906403
2023-07-19,7,135,0.5676199198200447
2023-12-29,3,126,0.7223633182360764
2023-11-21,24,87,0.8121917784055984
2023-05-14,20,42,0.8795003734035125
2023-02-14,8,162,0.7847040933463599
2023-08-25,5,15,0.039349333467677106
2023-08-18,11,111,0.9342806978480813
2023-05-28,12,142,0.7763673578177613
2023-10-29,9,88,0.33372627428832913
2023-11-01,19,94,0.499147842718901
2023-02-12,4,93,0.8755694860118255
2023-03-09,3,190,0.363716196810531
2023-10-05,4,22,0.2914387404144203
2023-10-11,11,120,0.77214033646869
2023-08-28,16,136,0.33140505835680234
2023-01-25,19,65,0.37717444912802456
2023-03-10,3,182,0.9149988528006144
2023-05-31,9,19,0.730083324971612
2023-08-23,21,17,0.012264180666491709
2023-07-25,14,162,0.7226904513631169
2023-01-27,18,138,0.5444633888066088
2023-01-15,11,41,0.26092099636661614
2023-06-07,23,167,0.14649125257528695
2023-10-07,4,148,0.4086480041143774
2023-09-29,9,73,0.4324940759735819
2023-03-21,14,148,0.6131221481363415
2023-08-13,8,50,0.17821826677368113
2023-11-04,11,63,0.05071219050423026
2023-09-18,18,85,0.33003432298058244
2023-04-12,21,74,0.28106875948291177
2023-04-30,24,71,0.9872393665543526
2023-08-07,23,62,0.05767196352049042
2023-03-24,12,158,0.8262500120474996
2023-05-18,17,45,0.7590712935881513
2023-11-22,14,200,0.37237543392086403
2023-02-02,10,166,0.7726339466901241
2023-08-29,5,192,0.1379884614195631
2023-09-20,21,117,0.00988713269441266
2023-10-28,4,2,0.33824071208210016
2023-10-04,21,58,0.5842471370093663
2023-08-13,21,104,0.6480883753848411
2023-01-08,2,116,0.962992103574891
2023-01-04,5,152,0.9869566923729561
2023-02-21,5,114,0.6541307647912975
2023-05-04,15,178,0.07888254213389934
2023-06-02,14,132,0.8791053214639987
2023-06-15,2,94,0.815189995509673
2023-01-26,16,29,0.2666354066364679
2023-12-17,6,65,0.40138041492927445
2023-03-01,6,86,0.4565745262687726
2023-05-06,2,64,0.8296185751991164
2023-12-28,5,113,0.9565433112484746
2023-03-19,25,174,0.5003825404498016
2023-10-10,21,181,0.4586539286641593
2023-03-05,19,71,0.046174171515680595
2023-10-16,21,59,0.37950820841425226
2023-05-09,15,21,0.8725065587778779
2023-02-01,12,109,0.27259337642526393
2023-02-23,4,20,0.4388680073554653
2023-07-27,20,15,0.6400478120423942
2023-07-31,24,4,0.6136407336789345
2023-05-29,24,156,0.5584753548912058
2023-02-17,9,147,0.45003309661551594
2023-08-09,16,172,0.6758523984908862
2023-01-29,15,83,0.4348191561462027
2023-09-16,15,49,0.3827871689611002
2023-08-15,19,54,0.35568732552102156
2023-07-30,1,129,0.06152205477832062
2023-02-16,18,135,0.4333755737821676
2023-03-28,11,12,0.33291017112403065
2023-02-17,21,66,0.6004469174586992
2023-10-25,23,156,0.25558893909341074
2023-09-23,2,134,0.6002696972897986
2023-07-10,10,171,0.1947716478984466
2023-05-30,3,199,0.5328643209859847
2023-09-01,4,5,0.19984578373920892
2023-08-22,12,42,0.4845451944977729
2023-12-17,18,21,0.7634378120323964
2023-03-05,2,105,0.512654423628207
2023-07-30,4,63,0.6074754865386469
2023-01-13,20,78,0.9666108288862855
2023-11-06,23,30,0.9910563925982095
2023-08-20,13,32,0.1450690577012218
2023-12-06,22,186,0.2982401794823285
2023-05-25,8,138,0.9200220313419613
2023-09-15,20,199,0.24083823836000773
2023-02-25,4,133,0.946912570221822
2023-10-01,11,52,0.46913147686634504
2023-01-26,6,30,0.2776708095813014
2023-08-17,25,148,0.40284303106631625
2023-03-12,19,126,0.9191621513082024
2023-12-26,3,32,0.07920299976088085
2023-02-21,14,128,0.25435429151537037
2023-11-07,20,197,0.5230243888714129
2023-06-17,5,185,0.8609497288356166
2023-09-03,13,21,0.9523815321401725
2023-04-25,12,137,0.8492741962184559
2023-05-16,18,46,0.8128925233085498
2023-01-27,20,1,0.5764673910825893
2023-01-04,5,104,0.5711415084774627
2023-06-14,18,79,0.31428135908985266
2023-10-21,11,199,0.820808665210011
2023-01-04,18,179,0.6940426075615623
2023-10-04,18,186,0.018853409861355974
2023-10-15,1,56,0.6429436133344507
2023-02-11,22,145,0.6891571140600665
2023-07-23,24,3,0.8108600714507602
2023-02-22,17,146,0.4538611795834061
2023-04-21,9,116,0.5690666434966714
2023-09-30,3,134,0.3715969370231712
2023-09-14,5,184,0.7001277621182501
2023-12-03,18,62,0.5366456585326134
2023-11-04,9,110,0.18147590881279874
2023-09-01,14,73,0.20505233002474976
2023-04-19,8,57,0.2541243073964716
2023-09-26,23,180,0.025427173339440334
2023-03-22,15,23,0.516170175728844
2023-12-10,18,67,0.840529975063546
2023-03-25,14,131,0.6670924994607355
2023-01-15,12,185,0.28897456134686306
2023-02-12,9,24,0.377049534190249
2023-02-01,2,124,0.8877620146253575
2023-02-17,19,19,0.9382237211275026
2023-03-03,19,170,0.9676710064336785
2023-10-06,25,60,0.12591655508798993
2023-09-01,22,134,0.6052124483662135
2023-09-30,15,148,0.23916565221592767
2023-04-04,3,189,0.2314800813751442
2023-11-30,16,43,0.4517441870298661
2023-12-12,18,33,0.7270178608703519
2023-10-12,18,131,0.2705993389816289
2023-07-01,22,155,0.47805348846960183
2023-07-11,8,22,0.18827734553886744
2023-12-25,21,25,0.42721186870220895
2023-01-09,15,16,0.5657473517336935
2023-10-28,23,167,0.5965639151465525
2023-09-12,16,8,0.4945422178608402
2023-08-12,2,197,0.2994587433587631
2023-05-18,6,32,0.12566954794249185
2023-04-22,5,18,0.25026673246241815
2023-09-18,25,41,0.04093349725157125
2023-11-30,24,34,0.5820712294242762
2023-09-04,23,153,0.9140646505842741
2023-03-22,4,72,0.302477176964694
2023-09-19,4,186,0.6856089951764359
2023-01-06,25,6,0.24787986250071814
2023-07-12,17,58,0.4296035576167041
2023-04-24,12,80,0.3756803422662708
2023-06-02,23,7,0.9036916261542912
2023-06-15,6,87,0.27691010801991456
2023-11-27,11,109,0.6517477740853159
2023-12-25,5,97,0.7521546884763318
2023-04-25,11,119,0.3900177564814662
2023-05-29,1,6,0.1164187078110337
2023-05-12,8,134,0.6501763894318767
2023-03-07,4,101,0.8172736068970776
2023-06-15,5,95,0.27207617347471036
2023-10-12,9,88,0.03497227574533701
2023-04-26,1,163,0.2567493621479561
2023-01-19,25,53,0.6079978505356471
2023-06-01,6,73,0.24196501261241932
2023-11-02,6,75,0.882192322809678
2023-10-07,7,19,0.06243936874614742
2023-02-26,12,165,0.12417294337574569
2023-04-22,24,97,0.18619178818257043
2023-06-29,14,122,0.45351216421687546
2023-08-27,9,172,0.472534576218145
2023-03-09,1,157,0.10101650233169901
2023-02-20,9,152,0.09864720574051533
2023-07-12,25,152,0.7719037412758256
2023-03-12,10,73,0.17425486859382633
2023-11-22,7,7,0.8004702590401136
2023-01-03,23,16,0.2131992942823373
2023-04-24,25,2,0.09717537276878496
2023-04-02,1,10,0.2633105586204296
2023-03-27,24,180,0.33094370387634575
2023-12-24,12,136,0.5794960526026356
2023-04-16,15,128,0.5452154583771253
2023-03-01,2,137,0.5955449118708795
2023-06-14,12,160,0.4429003177085643
2023-09-12,2,45,0.2946778249355684
2023-11-05,21,107,0.47997652259801216
2023-03-30,3,83,0.9853657947352794
2023-02-13,17,80,0.466178301203401
2023-05-16,10,128,0.7302131892375906
2023-12-05,8,150,0.3086910506890985
2023-02-25,21,27,0.2011023705591508
2023-05-19,14,119,0.8900913446413481
2023-11-22,7,132,0.18080434701277237
2023-06-16,4,15,0.38651024616737406
2023-11-18,22,7,0.032320529244440954
2023-06-23,2,175,0.7160606443442997
2023-11-12,2,23,0.5223934105772949
2023-07-17,16,145,0.9231387662476447
2023-04-09,13,77,0.7964856846227581
2023-12-23,11,95,0.6187494094596522
2023-01-30,17,159,0.6160390119125821
2023-04-22,17,166,0.9677910795298245
2023-02-26,3,160,0.770352730025979
2023-10-16,25,160,0.9275751606456781
2023-07-10,14,106,0.5829742604941767
2023-09-25,11,79,0.7201663470599856
2023-11-15,12,2,0.0565789427457537
2023-01-06,14,88,0.993458622529779
2023-04-20,15,128,0.8922791774287594
2023-08-15,18,110,0.9982686201755088
2023-04-27,25,8,0.515243511502359
2023-03-05,13,196,0.5953175560184857
2023-01-18,25,28,0.6157278384789084
2023-02-17,12,48,0.0445762361853288
2023-03-29,21,37,0.4191640826674703
2023-06-18,15,3,0.5687016632101959
2023-05-11,9,139,0.5875672591338077
2023-05-19,20,135,0.6596594851042045
2023-05-24,12,116,0.39456006770996066
2023-08-12,12,197,0.6371562419861063
2023-04-24,9,167,0.2853702769976294
2023-12-18,20,34,0.16765764684870832
2023-08-02,6,139,0.2969578635620428
2023-12-17,3,197,0.9700697262529023
2023-05-06,3,189,0.19907946275594923
2023-05-27,15,80,0.21226177765575271
2023-09-26,2,9,0.9506019261622946
2023-10-12,6,157,0.3199397588270556
2023-07-17,4,51,0.2799459243155321
2023-03-07,12,20,0.10268317455276987
2023-03-20,22,51,0.44804525335526824
2023-05-09,18,35,0.13041763248128524
2023-07-11,1,115,0.9018873031922081
2023-11-21,1,75,0.058635481641767684
2023-01-08,10,84,0.01063188235789525
2023-05-07,6,59,0.44264645366318467
2023-06-28,21,141,0.623446811849822
2023-04-01,16,83,0.42559413815966285
2023-04-05,12,142,0.5441957557417189
2023-09-25,24,49,0.663150089302997
2023-06-06,18,100,0.9816682964224646
2023-07-15,4,75,0.6125273801932113
2023-09-15,22,66,0.6746638871498312
2023-05-19,19,49,0.4349381168449339
2023-05-15,21,150,0.18318097320698723
2023-08-05,20,11,0.27997490646234213
2023-10-18,14,162,0.41759692285739114
2023-01-31,24,195,0.14172983835286346
2023-01-26,3,193,0.9222492830237733
2023-04-14,19,164,0.2925083216785389
2023-03-04,13,43,0.9760685544803479
2023-06-21,5,23,0.5819153561257798
2023-01-15,17,119,0.08179660526550914
2023-04-12,7,37,0.9558266300457094
2023-10-03,3,90,0.11103502165276102
2023-12-01,24,180,0.009619595584821727
2023-09-08,24,69,0.5283649184367294
2023-09-18,22,5,0.8689998611237352
2023-05-25,4,44,0.8942116894446727
2023-07-09,19,91,0.4573131100390839
2023-02-19,25,171,0.9452685042827582
2023-11-26,21,197,0.2127460573675557
2023-06-06,19,117,0.2593926893110269
2023-12-03,12,173,0.30443794204216246
2023-02-27,13,172,0.766076617201045
2023-08-24,23,117,0.4886691166467364
2023-12-04,5,168,0.4765868589976877
2023-10-18,17,122,0.6740154863656469
2023-02-12,15,158,0.3199237112448903
2023-02-27,17,94,0.1357807889390239
2023-07-25,4,33,0.31182781697922657
2023-07-27,8,63,0.154471340510427
2023-10-10,22,5,0.4343945364772448
2023-07-07,15,198,0.5882186801549724
2023-02-01,20,145,0.2779833830346822
2023-07-27,15,36,0.014857455432764843
2023-12-22,15,77,0.9703973698643179
2023-09-20,17,26,0.11487176627120055
2023-02-20,5,89,0.6310077697404672
2023-02-02,1,26,0.1447906379609114
2023-09-13,3,73,0.031054066230693733
2023-06-16,9,90,0.88030016438012
2023-04-07,12,51,0.7992431740429669
2023-08-16,17,126,0.6028612500520844
2023-09-05,14,24,0.9312154475494296
2023-03-14,2,197,0.6413567277061475
2023-01-20,25,10,0.14253757139558854
2023-09-02,17,12,0.015945937957521195
2023-06-03,2,50,0.6137175764928711
2023-05-02,20,184,0.0056174717682268005
2023-07-03,21,139,0.1939270468386799
2023-09-18,19,196,0.3938375758432694
2023-06-21,21,13,0.2524716083565427
2023-08-06,5,55,0.12168242826568176
2023-09-13,10,48,0.8912789684705698
2023-08-15,18,30,0.8271345481337963
2023-07-20,6,56,0.2674778028230169
2023-04-21,17,68,0.6387119480451111
2023-02-01,21,40,0.6826864218064429
2023-06-04,10,56,0.35662126118619897
2023-03-06,6,79,0.04189320180889056
2023-10-06,13,107,0.5114280764870582
2023-11-07,5,200,0.3859499609318108
2023-12-06,20,157,0.30630993293402686
2023-02-09,3,111,0.9008415119751685
2023-08-21,15,153,0.019520106562044837
2023-10-31,13,29,0.38171260806194507
2023-02-01,22,40,0.5103797144503602
2023-05-13,3,125,0.016537730356680713
2023-05-26,12,93,0.8589911072827914
2023-07-30,9,187,0.6603412980530351
2023-06-29,20,176,0.29053535264203445
2023-11-23,22,111,0.8808095696528421
2023-04-17,14,89,0.4468149624804947
2023-01-27,23,151,0.6027643705435646
2023-05-29,10,168,0.7935430806375298
2023-07-08,15,60,0.09541525200287926
2023-06-08,24,14,0.4790327502262528
2023-12-09,12,128,0.5940461316731943
2023-03-22,11,200,0.566170101071507
2023-05-18,24,123,0.4095878374524905
2023-05-24,18,98,0.7528159783995559
2023-12-31,14,92,0.7142510027985141
2023-12-18,8,142,0.3879948711950807
2023-05-17,13,73,0.5785119299588728
2023-12-20,19,47,0.0009039864297661904
2023-04-27,7,167,0.8309167375417854
2023-04-13,10,127,0.09783144656686804
2023-05-03,2,123,0.9696392031660079
2023-02-04,15,137,0.04932339245375794
2023-12-07,1,173,0.8576270734748264
2023-05-24,9,34,0.6823654513173976
2023-05-31,24,134,0.6496663636306409
2023-07-01,3,152,0.5693375934612254
2023-08-06,5,195,0.8235956600273989
2023-06-05,16,21,0.44949854220818075
2023-07-07,4,106,0.04509967818842375
2023-11-29,7,78,0.5435959248131831
2023-03-26,16,8,0.22853590404484925
2023-10-03,6,118,0.44617563320922893
2023-04-18,2,71,0.4686872944093917
2023-01-03,19,33,0.30266610719556764
2023-12-01,10,103,0.3728666875517824
2023-08-06,8,39,0.21165544926379476
2023-06-10,15,118,0.8134525565102155
2023-01-04,11,25,0.8725407124971218
2023-01-29,4,190,0.3083978260726584
2023-05-16,20,10,0.03154237865708276
2023-10-25,1,8,0.6956564567883328
2023-08-21,14,121,0.7457862130943347
2023-11-19,2,100,0.33061768655116774
2023-11-26,6,142,0.40193086233480346
2023-10-24,18,103,0.8482835085082903
2023-04-12,6,138,0.6979949468620866
2023-10-13,22,98,0.14558496097350648
2023-09-01,13,29,0.3278291385778387
2023-09-03,22,86,0.9657144979336049
2023-05-01,11,11,0.053625455149176604
2023-11-07,19,191,0.9118110897297708
2023-08-03,24,97,0.8574763729721585
2023-06-18,3,120,0.05129299554759503
2023-12-04,22,96,0.7312931217364514
2023-02-15,25,45,0.025715359900110313
2023-11-06,5,3,0.9129491111693979
2023-03-21,20,76,0.3728858497854083
2023-09-02,10,127,0.2328232742196228
2023-01-05,3,23,0.3840411232056522
2023-10-21,2,152,0.34401294717872677
2023-12-10,23,132,0.7726366699368808
2023-04-26,12,139,0.36848023566778854
2023-01-15,17,5,0.3889033041756368
2023-12-14,4,15,0.46747499564558015
2023-04-03,23,147,0.43384252560477066
2023-06-14,8,133,0.7290102465980881
2023-06-22,24,34,0.8169554966488615
2023-02-10,2,170,0.1686904004990738
2023-08-05,13,198,0.09207546974558756
2023-06-06,24,191,0.19647167980919222
2023-06-09,5,188,0.4691448979744782
2023-02-03,2,98,0.49143059226867847
2023-10-30,17,159,0.5268503423909772
2023-11-07,11,30,0.8790099969804965
2023-12-12,12,1,0.07121065550631822
2023-12-16,12,42,0.7614254551819025
2023-10-06,23,81,0.5767046187192306
2023-06-24,2,22,0.7598913856335514
2023-11-09,3,35,0.41500414453313195
2023-04-24,8,172,0.2700435077473775
2023-08-31,18,138,0.8892562744830456
2023-11-02,14,118,0.7335660946343192
2023-10-02,2,190,0.24819858836190578
2023-06-26,2,94,0.7080285931184338
2023-09-27,15,73,0.11008924012762178
2023-10-22,21,33,0.5907671674569752
2023-01-22,2,83,0.9776103652064813
2023-05-19,24,7,0.537225897184224
2023-09-26,22,194,0.07699690159629835
2023-06-19,7,95,0.01367369846765143
2023-10-12,17,45,0.48395598804673634
2023-11-01,8,84,0.10595061840015318
2023-10-29,13,182,0.5843326379677989
2023-12-06,8,99,0.4199821804807101
2023-01-16,3,56,0.30023227243186357
2023-07-30,17,180,0.8304172971918946
2023-04-05,13,94,0.7376029842178841
2023-05-13,1,64,0.6208884492228245
2023-07-27,7,61,0.6076679569839419
2023-12-31,20,160,0.4857963902035577
2023-07-02,25,133,0.5219477201450983
2023-03-12,22,105,0.9729034076140004
2023-02-16,20,77,0.21125536309990456
2023-05-09,24,154,0.239525046057259
2023-01-23,9,152,0.7740882702273554
2023-09-20,13,133,0.046306036323970456
2023-04-12,18,75,0.2719994935404132
2023-08-01,22,102,0.051957299418293856
2023-08-23,23,97,0.5449802462593516
2023-11-08,1,195,0.6411332728249586
2023-12-08,10,126,0.5507267435900446
2023-06-17,23,181,0.49948440673178396
2023-06-04,17,92,0.774158762762253
2023-11-27,15,122,0.10794064416743843
2023-10-15,6,9,0.42076665861473084
2023-08-27,24,154,0.6767814881745303
2023-07-24,3,143,0.08970935095459553
2023-03-30,17,33,0.4242689629201677
2023-08-13,6,146,0.4227443124897975
2023-05-17,5,112,0.49771089436980465
2023-07-17,23,13,0.06417533810128973
2023-11-22,15,120,0.8088742135852466
2023-11-21,14,147,0.6680917781666373
2023-06-29,23,77,0.5605771033325379
2023-04-10,25,3,0.6294610458939214
2023-08-14,24,84,0.30121150847356115
2023-10-24,1,84,0.8040867701327715
2023-12-02,21,87,0.28652427173342443
2023-07-19,3,163,0.6082937445124909
2023-10-26,9,67,0.7555722968845809
2023-09-15,10,68,0.4910093642053427
2023-03-11,2,100,0.7774804931306408
2023-12-04,21,185,0.7067267012868739
2023-04-20,24,16,0.14344369309065474
2023-11-24,3,190,0.32189406933983133
2023-01-23,16,132,0.7118154504980544
2023-06-19,5,70,0.9965750590274364
2023-10-17,17,61,0.27474645203999315
2023-04-02,12,91,0.14142080798242085
2023-04-18,7,51,0.8898683125098609
2023-03-29,18,2,0.2735348572576455
2023-08-10,21,24,0.4311567750823392
2023-05-19,10,175,0.15090931870762225
2023-01-24,21,9,0.6634049049465983
2023-01-06,4,43,0.8169261730641176
2023-02-05,25,91,0.8334773936086749
2023-12-16,6,87,0.7520325469513925
2023-08-08,10,9,0.5693650457691708
2023-03-11,21,14,0.3860812563358599
2023-01-02,12,51,0.9147324585000637
2023-07-10,3,131,0.8588354675624617
2023-10-26,17,71,0.6979566937088146
2023-01-20,21,126,0.4321773686312611
2023-10-14,24,197,0.7395341457826776
2023-12-14,9,111,0.8408537428554532
2023-06-29,15,172,0.929171091843577
2023-10-22,10,109,0.48242103351853305
2023-03-03,3,193,0.2964740720739567
2023-10-25,3,124,0.46425910019116223
2023-01-31,9,46,0.3700549260327006
2023-08-09,19,49,0.7178069121077348
2023-02-07,4,49,0.9110814007935806
2023-05-29,24,151,0.6819663050467076
2023-03-22,16,115,0.29914586915952124
2023-04-05,15,58,0.002454824610946149
2023-01-02,14,11,0.7249531840504788
2023-11-04,13,159,0.11202370936231576
2023-08-06,3,83,0.5703906703099504
2023-12-24,21,43,0.3897741454671845
2023-08-02,24,2,0.17420045718072952
2023-07-23,16,77,0.9780849422584422
2023-12-25,15,167,0.6765906168229245
2023-12-17,12,59,0.2997879321171145
2023-06-02,22,20,0.5979220215629478
2023-05-31,8,109,0.5136265385667901
2023-05-30,13,126,0.9752049577372267
2023-06-29,18,197,0.6967637787910164
2023-03-16,14,200,0.6209636495208926
2023-08-05,7,60,0.7100241580842696
2023-09-20,20,40,0.9993917857554327
2023-09-08,22,170,0.13958059371514808
2023-09-04,7,18,0.5694642004977309
2023-10-25,9,151,0.538478770887739
2023-06-01,16,38,0.539442116861017
2023-12-17,4,101,0.2372001570573118
2023-05-26,13,84,0.02813605152005949
2023-12-03,12,188,0.9777546363642527
2023-05-10,12,26,0.2996932475828744
2023-11-03,2,72,0.15334159653019974
2023-02-05,10,54,0.3458331705857326
2023-06-10,20,109,0.10241313877689384
2023-07-12,5,147,0.9579674128017512
2023-05-21,25,42,0.8320196722155451
2023-10-26,18,50,0.6599105124262619
2023-01-01,23,93,0.18186492760716
2023-03-14,18,72,0.07251028116734581
2023-05-20,12,148,0.23850302330211381
2023-03-28,16,68,0.04964921858922777
2023-10-25,21,39,0.8453176093840098
2023-12-03,6,72,0.9481249226224016
2023-07-19,14,40,0.6205569051043532
2023-11-30,12,62,0.8452236308933327
2023-01-28,7,100,0.28467565978048714
2023-03-11,18,188,0.6910013414357162
2023-04-17,23,190,0.1568703498261531
2023-07-24,10,171,0.19692510921453565
2023-10-21,9,68,0.02833351458528477
2023-12-18,5,62,0.5284862860114511
2023-03-05,3,41,0.7163296860309945
2023-06-07,12,159,0.08528822196040087
2023-04-25,20,141,0.3917663497446494
2023-04-09,19,157,0.44159072087305495
2023-05-11,25,110,0.04263168220825231
2023-05-31,13,86,0.20949039111492684
2023-04-11,5,180,0.19487135862437355
2023-04-26,1,181,0.39196898926438184
2023-05-02,23,87,0.8882999736629845
2023-02-05,9,102,0.7421796274717664
2023-09-03,12,108,0.1347167289921698
2023-11-06,10,117,0.4745301728294007
2023-08-12,22,132,0.9817114727513738
2023-12-20,7,156,0.1613285717301982
2023-03-24,15,50,0.28312669014888237
2023-01-11,23,96,0.5683307872119138
2023-10-17,24,101,0.19652478572547583
2023-05-30,24,1,0.6570769108493146
2023-09-01,7,70,0.35509146344762144
2023-09-04,23,188,0.05150225385416973
2023-11-17,15,128,0.6936442631490654
2023-09-07,23,55,0.3622805841500779
2023-09-05,21,38,0.8832612739668056
2023-07-08,6,89,0.2964547561194498
2023-04-07,9,78,0.8929872816157933
2023-10-24,23,173,0.5093508830734872
2023-10-01,11,150,0.8080063602416472
2023-10-01,21,14,0.006687514101298198
2023-08-24,3,57,0.8789752555991561
2023-06-09,22,103,0.6318982147980262
2023-07-18,10,185,0.5558660748980682
2023-01-02,9,111,0.6722638736354496
2023-11-16,14,199,0.17949842398181504
2023-02-11,20,133,0.9136857672284274
2023-01-21,21,100,0.13100375032112932
2023-07-05,2,161,0.13590652764231548
2023-08-14,19,145,0.09631712317841112
2023-08-22,25,189,0.8325414854172399
2023-09-17,1,8,0.7415653834178745
2023-06-02,16,162,0.7559086653681956
2023-03-18,8,77,0.4054491363148651
2023-01-16,25,198,0.2941567937174201
2023-04-24,11,54,0.34779671556915404
2023-11-16,24,156,0.18226392625402887
2023-02-22,4,114,0.9703337139211297
2023-04-18,18,112,0.512651225577938
2023-01-30,6,129,0.8693357747683372
2023-09-01,19,27,0.30683050530129286
2023-02-11,6,107,0.9978842587917468
2023-01-25,6,175,0.5584950751377799
2023-04-24,9,57,0.2555624038815538
2023-05-21,3,132,0.23513687747598022
2023-07-15,2,133,0.2725501242954552
2023-10-04,5,123,0.9852356834561394
2023-05-27,13,45,0.09091104205668377
2023-10-06,17,191,0.9491951461778454
2023-04-11,5,50,0.6567070957445866
2023-08-09,3,161,0.5350023346496118
2023-06-04,16,39,0.8929613198363269
2023-03-11,23,177,0.5361701137973413
2023-03-21,9,195,0.4717890785405334
2023-04-01,7,110,0.09594540478040658
2023-10-10,10,95,0.7813516988432646
2023-06-06,2,200,0.9185467969691133
2023-10-11,1,87,0.6458823887435525
2023-11-04,2,92,0.17418698936803934
2023-06-10,15,118,0.32918481538987987
2023-06-26,1,65,0.4306618636867613
2023-12-06,21,42,0.025577499344808463
2023-10-05,3,149,0.4627054737428755
2023-08-23,18,124,0.54160830252062
2023-10-06,5,108,0.10058217985150397
2023-07-15,22,190,0.9673944161688411
2023-01-25,3,23,0.8570158328151883
2023-08-05,9,114,0.10533180978440226
2023-06-05,5,120,0.9020075108163605
2023-06-09,16,13,0.17380236932767268
2023-04-18,13,146,0.9097267362298307
2023-02-21,20,79,0.009266904077584459
2023-06-22,7,173,0.6655616013093404
2023-09-20,6,10,0.14133651300249572
2023-06-16,6,164,0.8859561696985535
2023-08-25,22,82,0.3862732001412329
2023-05-19,9,182,0.05128520603432485
2023-01-06,13,140,0.031782152918868656
2023-12-20,7,186,0.8391083253843238
2023-06-01,16,17,0.5181458988551464
2023-11-20,14,11,0.527773833855854
2023-06-04,9,180,0.5177728139174099
2023-11-09,3,90,0.05512099855601604
2023-01-11,11,156,0.13077624782133035
2023-10-03,24,84,0.30886608854164666
2023-12-11,7,83,0.3469461485195773
2023-01-19,23,175,0.04599226507263432
2023-10-31,19,49,0.2675520314319343
2023-02-04,11,20,0.2762799755926093
2023-04-12,14,195,0.9633330308657472
2023-11-26,19,25,0.9958622409729254
2023-06-23,12,14,0.22375588873863284
2023-11-05,21,48,0.6454228017945336
2023-05-12,11,36,0.8492797227052846
2023-09-01,14,197,0.04817050863613548
2023-07-03,19,179,0.11275931846407194
2023-03-28,6,36,0.5746899915185034
2023-01-27,9,110,0.2651550351150065
2023-02-04,6,186,0.30209551621157416
2023-08-17,6,169,0.46177481630149575
2023-08-08,3,33,0.010598675731665841
2023-08-05,22,63,0.16402841506068933
2023-12-22,11,176,0.10391148756892077
2023-06-21,4,125,0.1039936075570852
2023-06-11,1,59,0.7186645072483118
2023-09-16,10,63,0.9895238618542419
2023-03-08,25,91,0.22647777118014445
2023-09-14,10,11,0.006918020432154726
2023-09-04,12,89,0.5719888934898734
2023-12-20,7,108,0.7402252281948986
2023-11-17,9,150,0.8401558109301792
2023-07-24,24,35,0.6314967090485661
2023-11-23,11,112,0.4161860797046828
2023-01-08,11,96,0.30281628393578675
2023-06-17,8,171,0.6867896817328959
2023-03-14,25,86,0.8984987963041854
2023-09-23,10,170,0.33894645093595555
2023-11-26,17,166,0.25316775881810216
2023-07-13,6,8,0.9532982274540718
2023-10-13,8,10,0.37381246930106804
2023-04-14,6,50,0.83159755233296
2023-04-05,3,122,0.6587026645277824
2023-02-27,8,153,0.861726236887104
2023-12-04,22,192,0.9480097359223452
2023-07-20,25,44,0.051034492873775594
2023-08-21,23,146,0.8023976263581244
2023-01-15,10,22,0.1740421182168035
2023-10-20,23,112,0.8995265377989239
2023-04-03,13,49,0.2673124864040296
2023-08-02,19,113,0.7794979886609569
2023-07-20,7,18,0.9539247784838998
2023-11-16,21,1,0.7208533774718684
2023-03-20,15,186,0.6711679292209085
2023-01-03,21,128,0.9065201217694876
2023-07-07,18,143,0.4690366130737008
2023-11-18,12,83,0.17094002856490553
2023-01-15,2,51,0.7544789528369015
2023-05-30,3,69,0.6682777462899507
2023-03-16,1,12,0.15658544365320737
2023-10-02,2,180,0.5124069881094987
2023-10-24,18,3,0.5436729008112317
2023-01-16,11,27,0.3543759954595377
2023-07-25,21,92,0.7214974725097879
2023-03-20,8,71,0.6256623603068274
2023-09-09,10,172,0.8639720596358711
2023-02-08,11,73,0.8380306497836054
2023-01-17,10,65,0.6695604254715709
2023-07-08,25,55,0.11366554735363621
2023-11-04,22,89,0.8252815921309561
2023-05-07,16,34,0.029961524950320007
2023-04-23,25,107,0.20926928068477801
2023-08-23,13,142,0.5510777031563825
2023-07-20,17,28,0.7180627551017551
2023-06-20,20,131,0.8326936990842618
2023-06-27,12,40,0.9964393010448286
2023-11-23,16,148,0.8817935816932017
2023-07-29,23,83,0.9557724436294959
2023-08-03,10,21,0.5443849091881093
2023-12-19,20,152,0.44092353024533926
2023-06-16,24,3,0.3876344321591655
2023-04-29,8,12,0.6322086169632065
2023-07-23,20,95,0.7524391998032021
2023-07-31,3,6,0.09128454890187243
2023-02-07,25,51,0.8264467771393814
2023-03-12,13,94,0.3959169704001678
2023-06-27,9,103,0.7515605580514559
2023-08-23,14,65,0.8817318618435709
2023-05-13,7,22,0.37376783900842436
2023-12-16,12,144,0.0017809166387691144
2023-12-22,15,85,0.3611820182109656
2023-06-22,18,20,0.13404314758188074
2023-02-18,3,145,0.04380972510060499
2023-12-11,7,60,0.9855898159649599
2023-08-08,25,190,0.13645412845417593
2023-06-27,24,126,0.21296401752704985
2023-06-21,24,87,0.9877001901558452
2023-09-02,17,15,0.15994497146777753
2023-12-26,9,186,0.393490409338636
2023-02-09,12,23,0.0009344734255565257
2023-10-10,4,55,0.681324859641532
2023-07-21,17,54,0.010031158123864459
2023-11-01,4,11,0.01917455777527255
2023-08-16,2,164,0.30144815449055307
2023-09-07,13,159,0.15655646677427904
2023-09-24,11,35,0.6071577025946993
2023-11-21,12,170,0.8754394492925835
2023-12-26,1,163,0.3370040797752948
2023-07-23,3,99,0.07308806479091512
2023-12-20,14,186,0.13041407417656614
2023-11-18,20,71,0.08578089997260319
2023-03-17,14,142,0.4450906073319878
2023-12-12,4,140,0.2192994871543651
2023-11-14,25,39,0.09434541168223354
2023-01-15,19,194,0.41086504544507607
2023-12-28,25,94,0.07949575971837541
2023-11-12,21,61,0.8568322963356725
2023-09-15,7,136,0.7250558407277308
2023-06-27,23,109,0.6833294140709425
2023-04-09,12,175,0.03872850168996533
2023-01-28,23,104,0.785675981949119
2023-05-04,21,179,0.08070735198006451
2023-04-18,8,169,0.8053681705148574
2023-01-03,18,173,0.13402524323331544
2023-09-15,21,36,0.10809693400833353
2023-05-19,13,176,0.480696106804513
2023-05-23,21,116,0.2507507214018132
2023-11-03,3,140,0.1899849365990317
2023-03-27,6,146,0.45551250060779847
2023-10-16,9,35,0.8790301881259657
2023-04-25,19,6,0.4767328599740084
2023-06-27,23,75,0.5963365703877338
2023-05-31,25,39,0.28403023596230015
2023-10-06,17,128,0.837478919369429
2023-04-13,9,126,0.2365307468023048
2023-05-29,21,93,0.19895034874778106
2023-06-13,8,54,0.45809170013458134
2023-08-26,15,55,0.8631033476908748
2023-07-09,16,194,0.18845350902249336
2023-07-05,20,168,0.5919179283774447
2023-05-01,13,104,0.02164975901515831
2023-09-12,10,168,0.8681467453768895
2023-01-14,12,151,0.24726895818634465
2023-08-02,25,123,0.8634301670224672
2023-06-07,25,162,0.5447077532850156
2023-09-23,1,30,0.34092659877081666
2023-07-15,20,105,0.8609934943997145
2023-03-05,21,29,0.297573553679785
2023-10-12,15,5,0.22344700336572743
2023-12-18,8,39,0.36572370613448035
2023-12-04,4,43,0.6635388633320334
2023-09-14,20,70,0.19779467534469286
2023-11-09,3,70,0.7227854851007135
2023-04-25,25,63,0.5711373907608713
2023-01-30,17,103,0.872941686355517
2023-03-09,3,80,0.45039157548780206
2023-12-05,25,187,0.7861033069630055
2023-05-12,22,125,0.6907876642444432
2023-07-22,14,4,0.8959667981918942
2023-10-28,1,44,0.3217462248474594
2023-11-02,14,145,0.12461867479098176
2023-11-23,8,53,0.5299436369014906
2023-07-15,18,132,0.06643273877495581
2023-06-11,4,157,0.3341928715102198
2023-09-24,13,144,0.2177031526045342
2023-04-19,5,29,0.05584105604658529
2023-03-26,6,171,0.8109272319664703
2023-12-12,2,25,0.3836765378197299
2023-10-22,1,25,0.6124212084160279
2023-01-18,16,74,0.2256228717070453
2023-05-17,8,190,0.7485773959731667
2023-03-07,6,134,0.6150734781020666
2023-04-06,13,157,0.5037925530600955
2023-06-07,11,70,0.6242555739706527
2023-09-09,7,102,0.38075399318646086
2023-07-11,9,99,0.9341193164595355
2023-11-12,3,77,0.8755894606347204
2023-07-07,21,71,0.28904229102221524
2023-10-10,17,141,0.6586306781117268
2023-03-18,19,52,0.2945014355423403
2023-02-19,23,8,0.7514737276714246
2023-12-26,17,181,0.9591221258373002
2023-11-04,5,39,0.4255141172438742
2023-07-16,16,199,0.3880183019562783
2023-05-17,5,182,0.06057168196757423
2023-01-09,16,12,0.05347722843159086
2023-02-15,5,157,0.06641579746001314
2023-08-01,3,175,0.17844743644100858
2023-11-07,25,131,0.7630604214397495
2023-03-24,3,55,0.6182714056551275
2023-05-11,22,124,0.905660037053722
2023-09-11,13,109,0.17634662694999537
2023-02-28,18,21,0.8490372174123705
2023-10-31,6,157,0.5669292117793908
2023-07-19,6,15,0.2986115958879957
2023-01-03,5,186,0.7171806242003537
2023-10-26,8,59,0.7262127211716282
2023-10-16,17,52,0.008785803640015355
2023-09-29,25,5,0.6965289480027942
2023-07-17,7,151,0.9437948506835655
2023-02-20,19,153,0.7912413925314025
2023-06-24,10,185,0.037263668219222335
2023-11-03,6,152,0.7219214416990224
2023-08-25,20,34,0.09118141444430505
2023-12-08,18,117,0.8302425768827408
2023-10-21,3,13,0.4127652417344567
2023-02-02,24,48,0.9268231380194111
2023-08-29,8,105,0.30483805459232816
2023-05-17,18,57,0.022390075225060202
2023-08-09,2,199,0.13410150164571544
2023-04-03,21,62,0.9894277258633092
2023-03-03,8,32,0.13390252613696985
2023-10-09,24,172,0.49820412467451825
2023-09-06,4,118,0.45451017685643513
2023-11-09,14,46,0.28706487275538217
2023-11-18,25,66,0.25935074306298367
2023-10-21,7,182,0.1645810988336166
2023-04-05,23,73,0.9326029289061687
2023-04-03,7,106,0.9920196084037142
2023-04-26,13,124,0.6296754233004518
2023-08-09,19,53,0.028278807709889664
2023-05-15,25,172,0.6747626606287239
2023-10-20,10,147,0.09583909942848423
2023-03-11,18,7,0.7923822795064335
2023-06-07,20,119,0.1806517031057543
2023-08-30,24,146,0.617225511880568
2023-03-09,23,64,0.8443716554298616
2023-06-04,15,179,0.0850628211415746
2023-08-14,20,130,0.45126473140189294
2023-10-18,16,66,0.27330246118406176
2023-07-09,22,75,0.2974977155211034
2023-02-04,15,88,0.23752058693922273
2023-06-23,4,188,0.7546023035323065
2023-05-30,15,33,0.09239388724288367
2023-12-18,18,59,0.3512685716181707
2023-09-30,2,66,0.6186174975864918
2023-05-16,4,29,0.7412780898623134
2023-07-24,23,84,0.6257786410551754
2023-03-21,17,148,0.4250253378372254
2023-05-30,1,147,0.5674381023306789
2023-09-20,10,199,0.058061952332890354
2023-03-15,22,178,0.3438043309471154
2023-08-31,10,146,0.9170338559577571
2023-05-29,21,191,0.49929123351778903
2023-03-11,23,11,0.04717032564525003
2023-02-12,18,171,0.9707901315761039
2023-04-08,1,90,0.6079711283695087
2023-06-02,14,61,0.37853848872186646
2023-05-24,14,64,0.00043808534837375124
2023-03-07,12,113,0.43199769173342384
2023-08-14,2,94,0.2657162657017632
2023-11-08,13,14,0.2319650603253216
2023-08-23,11,195,0.7692599188356377
2023-11-15,17,128,0.9795027915483703
2023-08-15,15,66,0.17851007368788752
2023-02-03,13,135,0.8728522156751993
2023-05-10,4,193,0.6887871454910324
2023-05-14,4,170,0.8238404066675107
2023-08-04,1,169,0.5158159263649941
2023-12-18,22,106,0.8891874821749234
2023-02-13,23,110,0.40255937962104715
2023-12-24,18,173,0.549301626982664
2023-05-01,4,39,0.7922906933273265
2023-04-14,9,50,0.48599333046293847
2023-08-19,18,17,0.6962744353760629
2023-04-14,15,138,0.9680562405424601
2023-01-20,19,86,0.5303585851294476
2023-02-18,4,146,0.4061432397526896
2023-11-11,25,55,0.6272480891577361
2023-04-30,3,177,0.005591908889760133
2023-12-01,24,5,0.8738920991518251
2023-07-21,16,2,0.33514439231271675
2023-10-02,17,80,0.24931898030764899
2023-11-26,25,79,0.5272485552430602
2023-04-20,21,195,0.18858875724834445
2023-08-22,8,8,0.7569616668549389
2023-10-18,10,66,0.27748243729500766
2023-03-24,15,54,0.7371725424204679
2023-05-09,18,58,0.8677150252980884
2023-08-04,23,180,0.1431837216865237
2023-11-23,6,60,0.7160755213143501
2023-10-07,6,160,0.04800886307276575
2023-06-13,5,28,0.12784064959531516
2023-11-25,16,136,0.14348717407142286
2023-06-18,1,132,0.4812017375139851
2023-06-08,17,146,0.4374593362664081
2023-02-12,6,100,0.9346176708447634
2023-07-18,18,142,0.053394393975346066
2023-03-14,6,32,0.6858196804522009
2023-05-17,8,189,0.4296854414407639
2023-10-20,22,100,0.9486762998536503
2023-12-16,25,2,0.20131494687213525
2023-08-30,12,44,0.03365617782841002
2023-01-03,23,8,0.3914499029370653
2023-11-10,25,181,0.6168569869280284
2023-04-20,8,179,0.5574055588999264
2023-11-16,13,135,0.24975835400585567
2023-10-27,20,46,0.017021126396007613
2023-07-21,9,59,0.2920171714593389
2023-02-07,4,5,0.2757943574587268
2023-02-11,11,47,0.12234050254880069
2023-06-29,20,21,0.9989462573582562
2023-03-30,15,183,0.5333172634196077
2023-09-02,25,57,0.49583500563298954
2023-12-16,15,35,0.2549319738468252
2023-11-15,10,18,0.28133209991936536
2023-03-11,7,122,0.898819031759282
2023-11-06,20,163,0.7129510124045115
2023-05-04,5,64,0.7818217295829576
2023-03-20,10,196,0.8933333205069852
2023-07-15,9,178,0.0046749405418047285
2023-04-05,17,44,0.4075572239233659
2023-10-10,22,144,0.8867812138571772
2023-07-02,25,86,0.861259006064659
2023-09-29,14,30,0.5547000654701733
2023-12-25,11,40,0.6175603802049789
2023-05-17,20,181,0.9026583021291569
2023-07-11,21,174,0.13135109860531047
2023-04-20,24,75,0.7761229152158822
2023-08-25,14,91,0.6598627988905943
2023-06-13,10,124,0.2602171276918459
2023-10-08,13,156,0.27103223417085687
2023-09-14,4,149,0.4901108044307183
2023-01-23,4,9,0.3871594916940888
2023-09-22,2,74,0.4295913803112741
2023-10-13,16,26,0.6824615304209277
2023-06-10,23,67,0.37170762930572554
2023-05-03,1,12,0.279381168771483
2023-03-03,1,162,0.08772113742447751
2023-01-24,25,91,0.9528322060691359
2023-06-19,10,84,0.6695854772232115
2023-01-15,15,81,0.3332918930924972
2023-05-06,10,179,0.4879561141197848
2023-10-10,3,160,0.13289052341095853
2023-10-11,20,56,0.6050233766272253
2023-02-14,15,78,0.8930623349726625
2023-11-05,19,83,0.4654332314670053
2023-01-13,8,150,0.8673250940553892
2023-04-02,8,80,0.5167675654635417
2023-06-28,12,166,0.7218122632563923
2023-01-13,23,194,0.2886385347921965
2023-02-17,21,172,0.10633576916130905
2023-02-23,11,200,0.8836369051399244
2023-07-07,9,60,0.24805363370863798
2023-08-21,12,60,0.20881286882060546
2023-03-30,1,165,0.6061546455859356
2023-08-17,1,197,0.07947563858373397
2023-02-24,4,177,0.42248316940285935
2023-08-05,14,183,0.15198036007894722
2023-11-26,22,99,0.6737638250056908
2023-10-01,18,75,0.6939812905376623
2023-12-02,2,29,0.09384106026257077
2023-02-02,23,1,0.8767001200375663
2023-07-19,19,157,0.5288497451852462
2023-09-01,23,151,0.3351721185253529
2023-05-18,16,89,0.1636568167256015
2023-02-10,5,10,0.9460537413411306
2023-01-15,8,158,0.5165861791993936
2023-12-24,16,94,0.16026255154620017
2023-06-02,24,85,0.12068120716598296
2023-05-02,16,182,0.47035295253264586
2023-12-24,15,122,0.05791040773787692
2023-11-23,18,100,0.23810340924225715
2023-08-17,23,155,0.7652901068380378
2023-11-25,6,195,0.3614304255991718
2023-07-24,3,88,0.7132117706409333
2023-05-27,8,39,0.3597818257947123
2023-05-29,6,178,0.8897847831072055
2023-01-01,13,86,0.544818927048838
2023-12-25,17,172,0.7510539283248032
2023-11-07,9,197,0.1353988882024879
2023-12-25,7,39,0.14363261478308553
2023-10-18,11,102,0.20209214131258257
2023-11-08,13,198,0.15827817155641044
2023-01-28,4,32,0.08545229976528579
2023-01-13,18,184,0.036140710944666976
2023-12-26,25,149,0.7823803993318795
2023-10-24,25,74,0.5101002713071678
2023-05-11,2,184,0.043266118014790744
2023-11-09,24,162,0.8410363309702888
2023-03-19,13,149,0.32266783571383295
2023-09-13,24,51,0.6018216909356914
2023-03-06,6,151,0.5164054538155304
2023-11-09,19,192,0.5297858075959008
2023-08-28,24,91,0.7769533001729361
2023-03-27,17,36,0.5043082187492496
2023-06-19,12,61,0.5285345563724383
2023-11-18,25,96,0.09861593602871255
2023-07-26,2,108,0.5575128773434045
2023-07-25,5,66,0.2632953986086627
2023-12-22,17,87,0.9488982348355159
2023-10-06,16,163,0.8524294615323597
2023-01-04,12,89,0.9090149538721319
2023-08-04,24,117,0.30376142512492
2023-05-09,11,78,0.5457461394105468
2023-02-14,24,40,0.3053160710289593
2023-08-15,23,26,0.6829012134698257
2023-05-05,15,116,0.9416864564025728
2023-03-25,17,17,0.008138837948806099
2023-05-18,1,35,0.26221586421192233
2023-11-22,4,4,0.14899940748135776
2023-01-28,17,53,0.4540427902349582
2023-07-05,14,149,0.832142804435345
2023-07-08,21,40,0.5505652946729305
2023-08-18,24,82,0.08608301865222312
2023-02-10,21,32,0.7780324343172034
2023-05-11,10,146,0.7572306620622395
2023-06-23,19,170,0.1473748987241802
2023-04-17,5,128,0.23373043585919773
2023-11-11,23,16,0.48283301624748953
2023-06-05,7,180,0.10572128960398774
2023-09-08,2,5,0.08710179724080003
2023-05-08,23,99,0.5582585322135818
2023-03-13,6,97,0.6195321950850874
2023-04-29,11,167,0.3653655173806605
2023-11-20,5,163,0.9130264700142043
2023-05-13,9,173,0.33374798100587244
2023-08-08,13,163,0.3812134118300812
2023-06-25,14,60,0.5287430890065132
2023-11-22,9,14,0.26312421138846764
2023-10-24,10,113,0.17755642744406952
2023-10-27,14,181,0.9609455849455122
2023-08-24,4,169,0.8631137383085303
2023-06-15,21,174,0.5301526785291732
2023-10-16,8,40,0.809687876666612
2023-07-09,18,3,0.19461798888364124
2023-06-29,1,24,0.9688069018252999
2023-08-27,12,101,0.4809935175427027
2023-01-15,20,137,0.00020323224644047677
2023-04-12,2,68,0.9708723589055591
2023-09-09,4,54,0.15353997941192532
2023-02-03,10,105,0.019993336349138247
2023-12-14,10,131,0.11613644749139429
2023-09-25,25,159,0.8057235733123181
2023-10-07,15,190,0.7069298123221721
2023-10-06,15,55,0.4776099505380059
2023-03-10,18,137,0.5416961363178462
2023-12-08,8,103,0.22418562991973168
2023-08-26,6,168,0.940808065777603
2023-08-10,16,87,0.939287841918345
2023-03-02,8,23,0.8287643744786419
2023-11-03,1,150,0.053016828041165476
2023-09-19,24,122,0.20959420024478148
2023-10-15,14,44,0.2444214976225969
2023-01-21,13,164,0.851218072914013
2023-03-21,11,189,0.6820448690758761
2023-11-01,16,8,0.5385060031096559
2023-12-07,3,84,0.448802636267544
2023-04-01,13,96,0.6164340269148922
2023-08-15,3,74,0.22626168042632733
2023-08-07,9,153,0.9291167639511593
2023-01-29,15,43,0.2873075088018643
2023-09-24,14,145,0.42987256065205426
2023-11-05,13,178,0.047135616210550846
2023-04-30,21,112,0.2778381683754939
2023-02-28,1,23,0.19206944629382217
2023-01-03,14,13,0.7897147963864117
2023-10-23,20,28,0.7122710932945724
2023-02-27,21,74,0.5239235234674983
2023-01-01,16,6,0.7819086777605738
2023-07-02,18,22,0.957750723728638
2023-01-05,18,35,0.828251775073092
2023-01-21,5,106,0.609512343340744
2023-07-08,18,186,0.7635766208823986
2023-07-11,5,161,0.3713426973459506
2023-07-22,20,4,0.08751393076080138
2023-06-01,13,143,0.8127277385541576
2023-09-21,15,191,0.8812192393520283
2023-05-11,13,7,0.3984618611496342
2023-02-21,11,181,0.5470567298164092
2023-02-22,5,135,0.6821399726673308
2023-09-25,11,34,0.6104560867547798
2023-03-03,1,76,0.42470146473814285
2023-05-18,14,10,0.6507170126225321
2023-12-18,4,158,0.24845593069052496
2023-11-27,14,112,0.14780036635552385
2023-08-11,21,26,0.6005310904590482
2023-10-24,2,40,0.7806706538032104
2023-09-09,6,152,0.34663345033433035
2023-11-27,17,68,0.916821740659087
2023-03-01,16,11,0.9193371549193226
2023-09-21,12,33,0.6642896931886658
2023-02-23,24,65,0.41761061200999894
2023-04-04,12,156,0.9727984234844802
2023-08-13,22,19,0.9854348744044242
2023-04-13,24,41,0.7939641763710268
2023-02-05,20,77,0.28787725606842696
2023-06-04,17,107,0.9761458306858514
2023-04-09,5,166,0.1653752839839503
2023-12-04,25,75,0.9942245965174036
2023-09-06,8,199,0.7575662326066865
2023-04-28,10,109,0.33755049162144624
2023-07-05,3,21,0.02193559271309331
2023-01-10,6,97,0.5517103036890966
2023-08-09,20,99,0.8070374190903782
2023-09-26,19,127,0.8122397750480032
2023-03-24,19,167,0.7265372554467835
2023-11-13,10,142,0.40525072788407823
2023-07-14,3,112,0.2965025150887134
2023-11-27,7,74,0.681222101318815
2023-05-07,20,137,0.8257960573348552
2023-01-10,6,37,0.15381904280730485
2023-01-27,12,142,0.7864220527756303
2023-04-03,12,14,0.9409547490235582
2023-09-30,1,67,0.6589056385226202
2023-01-22,25,171,0.4300903718024994
2023-07-18,11,35,0.06313946909930901
2023-08-22,13,67,0.2676898462061478
2023-11-27,24,63,0.9265814618119493
2023-04-15,18,53,0.7302773716888233
2023-03-25,22,149,0.6193790843025009
2023-03-22,14,3,0.9950950206540848
2023-06-18,21,182,0.7725603160615314
2023-09-30,15,110,0.2622181107163276
2023-02-01,16,170,0.29155987445339837
2023-01-18,23,169,0.010654612553391063
2023-05-31,17,159,0.788414477442884
2023-12-03,13,133,0.7494604401899131
2023-12-31,10,139,0.8503937645082218
2023-04-14,13,133,0.5187147025652923
2023-07-16,10,38,0.4143303676637764
2023-08-07,19,17,0.7692961071974417
2023-03-27,9,68,0.6366894320581467
2023-04-12,7,116,0.6405324019922523
2023-07-30,21,38,0.7813265147727956
2023-12-26,21,136,0.922663233265099
2023-03-08,20,13,0.1826304626008043
2023-04-15,5,128,0.8099894380612197
2023-07-13,3,146,0.6679865995968028
2023-09-24,25,39,0.9264849546575451
2023-02-16,22,164,0.877832282515647
2023-12-17,23,84,0.7963638052625645
2023-05-09,22,111,0.6875196653245224
2023-02-10,24,64,0.7672864762742446
2023-01-26,25,158,0.49779441804610935
2023-07-15,25,102,0.47608014655930475
2023-09-04,11,141,0.28382490477804434
2023-07-27,11,158,0.0005290484277178376
2023-10-31,10,135,0.3355357861900149
2023-05-01,22,179,0.754316658533424
2023-06-04,2,29,0.9253993005197957
2023-03-24,15,166,0.625896161261969
2023-10-07,24,17,0.18263303042210344
2023-04-17,10,24,0.757329877561012
2023-11-05,5,109,0.3638407735613449
2023-11-06,13,81,0.887192766853247
2023-09-02,20,76,0.18060537770222684
2023-07-29,12,130,0.017786937362880728
2023-10-02,15,1,0.06121373880894376
2023-09-20,17,15,0.7055452310662134
2023-10-05,14,85,0.5665956374869298
2023-05-31,23,120,0.5289191332241998
2023-07-21,23,165,0.4826807608519984
2023-05-29,18,178,0.26958795828499327
2023-02-05,24,152,0.9923851734214608
2023-04-17,3,119,0.45641619951552115
2023-10-08,10,25,0.24295767351656816
2023-03-27,6,114,0.7347953280870423
2023-02-14,12,80,0.4707843377026345
2023-08-28,19,191,0.8941358419790102
2023-07-10,6,77,0.8346387651594913
2023-08-21,24,32,0.01424453854050367
2023-08-04,16,173,0.5905807862438044
2023-10-07,22,178,0.511328699106406
2023-04-20,12,112,0.6803591682264357
2023-07-02,10,71,0.8163315245822147
2023-04-24,15,116,0.37094989451802607
2023-07-02,21,178,0.2964693811775678
2023-07-24,17,149,0.8905216916298523
2023-05-20,3,167,0.4390689043212752
2023-07-14,4,12,0.5713926531416753
2023-01-28,1,30,0.04875287252935989
2023-07-07,17,110,0.5940255216191712
2023-12-20,18,56,0.321744714823441
2023-01-02,24,96,0.5916958301000276
2023-06-09,2,139,0.4215946602735541
2023-04-29,7,102,0.3708745480378335
2023-09-15,16,153,0.126370975216893
2023-12-08,16,39,0.24825037020710794
2023-01-06,16,129,0.11745240130115564
2023-06-27,24,192,0.2660707927525915
2023-06-30,7,65,0.038092651958148926
2023-06-17,10,56,0.4917983680524274
2023-12-18,12,80,0.26065582014138766
2023-11-23,20,92,0.3867039157870814
2023-04-10,14,80,0.3853251839791013
2023-04-20,15,114,0.2369476839363408
2023-01-06,22,10,0.8227055465928161
2023-09-16,12,127,0.47231847897365065
2023-12-13,6,134,0.8085075094971335
2023-01-17,6,124,0.3435247167206795
2023-05-01,14,181,0.7223650451535809
2023-03-13,9,181,0.8766415274235692
2023-12-16,18,6,0.552374399900796
2023-08-08,10,19,0.03806992643965168
2023-08-26,25,50,0.014623953811121804
2023-09-24,21,164,0.7840701588043908
2023-01-20,25,129,0.5653224176055244
2023-08-22,15,39,0.4424076556108838
2023-05-15,2,2,0.8068328755427813
2023-05-07,12,135,0.6718406039645548
2023-07-03,5,33,0.17535931169623742
2023-02-28,11,43,0.48578858320696783
2023-02-25,5,131,0.9078540416636637
2023-08-15,25,35,0.2195152357119985
2023-01-27,3,38,0.09236476043715347
2023-01-14,25,106,0.43928819015148723
2023-12-02,6,97,0.6792375888536267
2023-11-27,20,124,0.9120348913379178
2023-07-27,15,141,0.64707808033575
2023-05-22,1,103,0.660069898677493
2023-10-26,11,96,0.13141298098636423
2023-02-05,24,13,0.5000341358445684
2023-01-05,4,141,0.5595910148553946
2023-06-25,11,72,0.16169534171220523
2023-03-19,11,144,0.26673599799238257
2023-09-04,3,147,0.9776414734509812
2023-07-24,13,66,0.9206287171504366
2023-06-28,16,106,0.8240092606013658
2023-01-30,25,154,0.7368476865144153
2023-02-01,23,45,0.07301714068324217
2023-02-12,16,38,0.8892966580233735
2023-03-23,16,163,0.156963436975033
2023-10-15,21,127,0.8404597396612568
2023-07-20,1,126,0.08972922337356282
2023-09-28,23,10,0.9647176374840583
2023-06-26,15,122,0.6959482642531045
2023-10-28,10,102,0.019529470422401718
2023-11-23,24,176,0.11341548641384813
2023-05-10,18,134,0.11310953308972338
2023-11-06,6,64,0.5026721020400241
2023-12-01,5,120,0.4755023273194703
2023-03-08,9,104,0.932082397845522
2023-07-08,12,22,0.13625804470042713
2023-08-24,23,149,0.8335228245990967
2023-07-21,5,193,0.18040552131959298
2023-09-08,6,74,0.7231909479330293
2023-12-04,23,52,0.9443661250383231
2023-03-14,24,196,0.6819244458592727
2023-03-02,23,173,0.09675401388723137
2023-02-25,17,185,0.6214989902891433
2023-01-13,16,71,0.7160668324263575
2023-07-28,17,61,0.6117793566063277
2023-04-06,3,72,0.6251030395701692
2023-03-22,11,108,0.9416806914665291
2023-09-12,22,1,0.22199620042517587
2023-01-23,20,67,0.8527733672054675
2023-01-05,2,86,0.8775622486871167
2023-09-25,9,37,0.8933269407215627
2023-05-05,19,186,0.8740428187339809
2023-11-02,19,200,0.33985496502667867
2023-12-07,16,63,0.7748177999611741
2023-10-24,2,35,0.7098042668912575
2023-08-11,21,6,0.7338016807716069
2023-03-31,8,183,0.8244982440186837
2023-06-26,7,99,0.2683660627193134
2023-07-14,24,18,0.8654878637001261
2023-12-31,10,12,0.709611038455231
2023-06-20,25,52,0.017305346604277627
2023-01-30,16,88,0.9902368879037209
2023-06-11,8,70,0.22174481964916015
2023-07-11,19,63,0.4511545953016347
2023-01-08,22,104,0.21253516475676493
2023-11-17,9,15,0.6327862984539394
2023-05-19,4,70,0.1618092685024678
2023-01-10,6,18,0.33853531913574053
2023-05-20,4,126,0.2960296092022283
2023-11-09,14,140,0.6391415139055584
2023-04-17,10,118,0.8735293840518473
2023-12-31,16,48,0.3325738322634626
2023-04-16,2,49,0.0677777408799688
2023-01-22,10,40,0.25204202695450384
2023-08-03,19,164,0.7623307714665717
2023-07-06,5,77,0.06510396227733228
2023-12-04,13,35,0.01355743076317073
2023-05-19,9,102,0.39707665439590867
2023-12-19,19,146,0.006033356123881117
2023-05-19,24,151,0.1119898129055299
2023-10-02,15,123,0.9246937731325268
2023-04-11,19,179,0.8882695368096238
2023-09-12,21,136,0.6634527430213248
2023-05-19,25,192,0.5997661644567868
2023-08-28,16,160,0.45887540477571787
2023-08-30,14,133,0.8358188498034907
2023-06-16,9,109,0.13263725210117971
2023-05-02,1,123,0.011614213394078532
2023-06-23,25,42,0.38688458953102056
2023-03-28,2,129,0.08327953673522204
2023-09-09,3,56,0.18192995260054845
2023-05-18,19,106,0.45584344320577685
2023-02-02,3,127,0.9212612482175117
2023-09-19,20,57,0.6073480553402527
2023-06-26,15,181,0.8321196215245064
2023-09-28,1,74,0.10642485206080066
2023-06-01,22,142,0.8490331571599533
2023-10-07,12,147,0.6674444021384351
2023-05-20,12,64,0.45430269333994966
2023-11-27,22,19,0.4201244595879735
2023-05-25,24,106,0.5104135955897173
2023-02-11,22,27,0.28714581611459844
2023-12-02,18,69,0.3645400342762576
2023-09-25,10,30,0.37087910442616046
2023-02-25,21,100,0.18400914262694423
2023-02-21,5,172,0.34787540440272413
2023-12-23,17,137,0.7210138490219921
2023-09-04,11,21,0.970607733927346
2023-01-29,6,77,0.5617867809403612
2023-04-13,13,72,0.23172918638889006
2023-06-06,14,176,0.688656611001289
2023-04-07,23,147,0.1711087385422273
2023-12-26,8,97,0.8089828645151406
2023-12-30,17,113,0.3764085668469569
2023-03-30,6,164,0.1011236727393161
2023-07-07,12,151,0.7816685064558243
2023-06-17,12,194,0.29529468059706
2023-09-18,23,181,0.19603073164152474
2023-04-11,13,167,0.5097728368308233
2023-07-14,24,84,0.42535054241798065
2023-03-07,19,94,0.4656270476844335
2023-06-15,7,139,0.43057927338782964
2023-11-24,12,171,0.4259610462261737
2023-06-28,12,49,0.3599745882826636
2023-01-17,1,132,0.5628233211931457
2023-11-13,16,191,0.24136248406549776
2023-11-23,12,145,0.9568708356584255
2023-08-27,23,127,0.08003868744539466
2023-05-23,1,19,0.9393337986935552
2023-08-15,12,142,0.741223801007957
2023-03-25,19,180,0.9246008505282146
2023-05-02,23,81,0.9383168478734001
2023-12-26,7,186,0.49878522352834787
2023-05-09,12,65,0.8840595391154455
2023-08-18,14,183,0.29169997346838783
2023-02-28,5,195,0.5275785397373948
2023-06-04,14,89,0.07209948580787862
2023-02-26,21,74,0.6951818491755265
2023-12-27,1,105,0.7159380926904733
2023-12-06,18,106,0.34793579375998474
2023-02-03,19,161,0.42947800296686844
2023-08-12,22,190,0.21917709096540094
2023-08-07,14,163,0.7538312329529502
2023-07-12,15,106,0.003102943922494772
2023-09-06,25,49,0.02565481657994484
2023-07-13,8,9,0.7794276929460202
2023-02-11,10,61,0.5709862550099603
2023-07-28,23,72,0.519078248060858
2023-06-19,3,63,0.9068905767652564
2023-08-24,13,44,0.657202283405596
2023-12-26,18,99,0.2793208841372038
2023-04-10,2,182,0.10206839858930816
2023-02-18,11,121,0.8199354970757885
2023-01-22,2,26,0.7932281525453498
2023-04-20,2,141,0.37160508648330604
2023-11-24,23,50,0.650087702376088
2023-05-21,4,130,0.6363040652107285
2023-10-27,6,183,0.6138455407707861
2023-07-17,7,139,0.367869126907566
2023-08-03,15,56,0.5210688027269013
2023-02-06,21,55,0.12421104260523264
2023-03-06,10,136,0.37580342782673704
2023-06-08,10,95,0.427060163321212
2023-05-24,17,199,0.7526186159963287
2023-10-14,19,58,0.03580227191320062
2023-12-01,22,4,0.8158411774891003
2023-01-28,24,167,0.07623435301090176
2023-02-11,5,111,0.2237850545419865
2023-03-24,25,161,0.8221553462759519
2023-07-17,16,110,0.002256474217176563
2023-06-29,3,181,0.6263862499120142
2023-01-07,17,3,0.3901028274658812
2023-01-01,18,167,0.9591856390630358
2023-04-16,17,25,0.534152247245283
2023-10-29,11,143,0.781398902047126
2023-09-23,8,8,0.59441372851909
2023-03-23,14,118,0.736830728119383
2023-09-02,9,144,0.1033355995015034
2023-08-31,23,46,0.9569942419876264
2023-05-12,22,105,0.770666940505315
2023-09-01,18,166,0.3469003954733346
2023-07-02,10,23,0.22403300467462828
2023-01-01,17,110,0.19090192552160534
2023-06-25,20,33,0.4153150111129794
2023-02-26,23,51,0.3116114510154546
2023-02-17,16,101,0.4054218571110443
2023-11-03,20,116,0.7395416744257375
2023-01-02,17,3,0.21415154016177018
2023-03-18,24,56,0.7755583591261869
2023-02-05,21,24,0.7522721675802716
2023-09-23,15,199,0.18092334380043373
2023-03-03,10,123,0.07948013026793599
2023-07-08,16,95,0.9835938804892691
2023-05-08,1,165,0.35120397667245784
2023-10-04,22,179,0.8769799843655125
2023-07-20,15,113,0.369234497030658
2023-11-17,2,22,0.3909602957359555
2023-05-10,11,35,0.2833400376589922
2023-01-11,17,200,0.26624049103523384
2023-09-04,4,30,0.4052501802905528
2023-11-14,22,45,0.8396753952594137
2023-10-13,4,19,0.7828481239905766
2023-12-08,19,18,0.1395709753246095
2023-11-18,13,125,0.7712085003832783
2023-03-30,5,138,0.15370024568971763
2023-05-15,6,185,0.09600155449030023
2023-09-06,2,188,0.8272398785405611
2023-08-07,13,198,0.3239494362613936
2023-06-05,8,117,0.1739924921865229
2023-05-19,16,64,0.5234372520030528
2023-11-13,9,21,0.8371601681493009
2023-02-11,2,50,0.21229613241335965
2023-10-15,21,38,0.7006918254984822
2023-11-15,9,59,0.6547326772564454
2023-06-12,22,143,0.8607228068334684
2023-05-28,13,17,0.025910732161364747
2023-07-17,18,56,0.010004922617946943
2023-01-03,16,173,0.2263051770787614
2023-07-04,5,77,0.8036278551996254
2023-12-11,20,20,0.6232106275495798
2023-08-13,24,116,0.6033551626642928
2023-03-23,17,198,0.5638553699610965
2023-09-24,17,153,0.4737231372373033
2023-09-22,1,159,0.5276661898936501
2023-09-06,1,3,0.7789719770175805
2023-11-19,2,95,0.3075492682628681
2023-03-10,1,82,0.08053270967383885
2023-07-19,12,152,0.29639537434718366
2023-04-18,6,123,0.08870758007359225
2023-12-14,23,20,0.9993527810625114
2023-12-03,18,104,0.06836900697505255
2023-01-13,15,118,0.34424176285138686
2023-08-04,8,81,0.5557130806915606
2023-04-19,3,10,0.5678948281127575
2023-04-22,21,137,0.23060539419722326
2023-02-28,16,112,0.631436750026632
2023-08-27,20,58,0.9057634819564874
2023-05-18,5,51,0.12734925714869816
2023-04-03,8,126,0.2358844906045069
2023-12-28,11,117,0.9819038400593662
2023-06-11,10,58,0.18962427368590817
2023-10-31,1,6,0.6197818866670562
2023-07-04,9,81,0.908982993477677
2023-02-09,25,89,0.9876724475365297
2023-06-11,18,60,0.6168503482629356
2023-09-06,9,97,0.10993368552689287
2023-12-11,2,149,0.04420356444139417
2023-11-21,6,26,0.35709831708345596
2023-09-20,11,38,0.3767826152870971
2023-04-15,9,91,0.31192786837972264
2023-08-06,6,140,0.3573282269200344
2023-04-10,17,129,0.21566770140216718
2023-04-21,13,81,0.7485035439330515
2023-11-08,9,45,0.5453682802715382
2023-06-10,14,50,0.05323164497270627
2023-06-20,12,196,0.5399516358318885
2023-09-09,23,55,0.27365315149046954
2023-11-27,9,187,0.7694976229742128
2023-04-05,5,173,0.8118071448220514
2023-08-10,17,157,0.839071362563448
2023-07-11,20,182,0.6610039842873094
2023-09-15,16,80,0.6312896099319402
2023-09-18,17,109,0.9756608209707465
2023-12-16,6,71,0.3673587534733723
2023-04-14,15,117,0.4210078167471736
2023-10-14,11,31,0.8722736891262104
2023-04-07,6,86,0.061317105937265026
2023-04-15,18,3,0.9825017363220635
2023-07-27,21,126,0.7789741603536502
2023-08-07,22,6,0.02367775894607904
2023-07-17,24,76,0.6679318372743847
2023-12-09,20,136,0.26709174650036216
2023-01-13,3,104,0.053403349849831416
2023-03-08,13,124,0.7291832535629843
2023-05-23,16,135,0.8692907283992848
2023-09-12,15,30,0.7334004032717402
2023-01-01,6,70,0.6777448089764312
2023-11-22,11,196,0.8691526915260931
2023-10-29,24,50,0.9023778748346873
2023-01-10,8,114,0.9583314431235955
2023-10-24,22,197,0.9873265729455268
2023-11-05,20,156,0.14718761702847072
2023-07-15,11,148,0.7293848953836729
2023-07-11,14,176,0.5977781698319302
2023-12-09,21,119,0.06857397577384516
2023-11-09,11,121,0.12970674060725462
2023-10-19,25,91,0.9551588958392792
2023-01-06,8,59,0.41490900266137665
2023-06-09,1,121,0.20529986172763082
2023-02-22,8,25,0.951364826796936
2023-01-03,15,92,0.9349648295461438
2023-05-10,6,1,0.04537715039231194
2023-12-22,13,144,0.7977233444366081
2023-04-05,20,45,0.6455977375460606
2023-01-05,10,194,0.33802079459073886
2023-06-24,22,198,0.14638910050803366
2023-01-11,5,146,0.8448840037477612
2023-10-22,13,122,0.30286987586671354
2023-03-18,6,13,0.3312933311966254
2023-01-16,24,44,0.056494116459521404
2023-05-26,13,191,0.1373829079644716
2023-02-16,6,195,0.7376794657339484
2023-01-09,9,113,0.8071289827516925
2023-05-01,18,55,0.8648908076142032
2023-06-21,3,24,0.8497745785804681
2023-05-30,9,130,0.7868041070716948
2023-06-15,2,49,0.3226054973256234
2023-04-22,4,103,0.21335632816452255
2023-07-29,9,127,0.46721916649797035
2023-05-03,7,76,0.9268305792421235
2023-02-03,12,71,0.1504125270062553
2023-01-08,21,53,0.6747160856331699
2023-04-03,7,164,0.15556041758534433
2023-11-21,11,50,0.47192993323435284
2023-09-19,11,116,0.5762659376290138
2023-06-06,23,60,0.2757007285646643
2023-01-20,20,125,0.47876502582962777
2023-05-05,8,146,0.990527634675341
2023-03-13,16,84,0.8515489990754483
2023-05-30,10,200,0.08851864049513003
2023-02-28,11,19,0.24052565753119282
2023-01-03,5,20,0.6282315086405827
2023-07-15,7,87,0.45676351151607475
2023-03-30,15,154,0.617673623454997
2023-03-18,20,78,0.08741775330130708
2023-06-11,15,117,0.8907544677596522
2023-04-15,25,195,0.7299667558997979
2023-04-30,1,115,0.866004273707009
2023-02-01,15,104,0.1256356381618805
2023-10-01,11,89,0.05174833347379992
2023-07-26,7,95,0.09401675932838527
2023-05-27,22,140,0.1498600101093629
2023-09-26,11,102,0.22145338883899413
2023-07-13,25,45,0.828366761208057
2023-11-17,9,28,0.1522943493998239
2023-11-07,13,76,0.5704160972596569
2023-05-22,2,90,0.024780019005272824
2023-12-02,15,89,0.8890550277153333
2023-02-27,2,165,0.890116426441049
2023-03-11,12,73,0.7879905483511168
2023-03-26,10,98,0.897849828898517
2023-05-17,21,156,0.24688905564351127
2023-11-25,6,69,0.21719799621668812
2023-10-26,4,54,0.35235597128561913
2023-06-30,14,20,0.740330374072894
2023-10-06,3,6,0.29684672562571535
2023-09-14,14,25,0.2557261919421905
2023-12-13,17,160,0.06614157183747083
2023-07-30,18,43,0.8402928743913437
2023-03-03,3,16,0.36416945925437916
2023-03-25,21,115,0.2507199914858934
2023-01-19,15,158,0.9346488423849775
2023-06-18,12,104,0.08437511637422601
2023-03-05,12,100,0.34176956999578334
2023-04-18,24,19,0.05510882609846468
2023-01-28,25,160,0.6891520621672586
2023-02-20,15,143,0.7354541952988103
2023-09-04,14,84,0.02134665058396301
2023-10-21,20,26,0.37560893131649864
2023-06-14,15,188,0.8760016624045789
2023-02-26,24,151,0.5622758096742166
2023-01-25,8,136,0.7395633562683318
2023-08-18,2,56,0.29871784480462893
2023-10-14,11,174,0.16554836008206597
2023-09-16,9,28,0.6565708319137542
2023-02-06,5,175,0.7977135425464842
2023-11-12,16,62,0.48088796149647495
2023-10-06,7,64,0.45943221658955447
2023-12-02,4,157,0.5825160177923532
2023-03-15,22,123,0.5623157408948529
2023-05-26,11,200,0.8189323297870661
2023-10-03,5,111,0.0795129832041982
2023-06-27,15,18,0.4529968203352207
2023-10-30,6,26,0.057221586726473705
2023-01-28,9,154,0.3193147087924427
2023-10-01,5,124,0.35497244431293007
2023-08-14,8,143,0.7793019861984738
2023-09-19,17,182,0.2629550707898386
2023-06-27,17,134,0.5032036074680689
2023-12-26,22,168,0.3361486918929606
2023-10-28,22,33,0.6410003300497685
2023-03-23,6,134,0.897195719166939
2023-06-03,8,195,0.2774681530622378
2023-07-04,4,17,0.661853189437948
2023-01-04,19,191,0.154750002423665
2023-02-08,25,131,0.3873361477245507
2023-02-02,12,48,0.055450045331212006
2023-01-18,16,12,0.6406577357306273
2023-01-14,19,87,0.7935918296675374
2023-03-07,7,122,0.31887399687368145
2023-06-05,14,40,0.2340609652124659
2023-08-26,11,183,0.5333252779518325
2023-01-30,20,19,0.5990039217510416
2023-12-31,1,66,0.27204896675116885
2023-09-25,8,49,0.13715556406420415
2023-12-13,12,134,0.03408080652462109
2023-02-20,12,15,0.541874465312735
2023-11-17,5,81,0.20576674024744024
2023-12-18,5,157,0.15049696771100385
2023-06-27,24,82,0.8709966910637228
2023-04-09,19,158,0.8708843918665452
2023-03-15,10,141,0.871273776211102
2023-12-05,9,91,0.6774648566536738
2023-11-29,16,20,0.6046778349421961
2023-02-16,2,157,0.12990471143473858
2023-07-15,24,65,0.11441356150217397
2023-06-19,22,47,0.06463506189637158
2023-10-05,15,17,0.9490413277532416
2023-06-02,3,45,0.36500472638578274
2023-12-04,8,22,0.8147739221733836
2023-03-06,1,164,0.5831096400737029
2023-01-31,9,95,0.0013971437415143395
2023-06-12,20,49,0.8907998285542498
2023-04-09,5,34,0.34040718198890874
2023-03-25,21,77,0.8758741874064635
2023-07-17,18,85,0.4069548450142334
2023-09-04,9,160,0.7242782726325749
2023-10-16,21,54,0.8988046439437318
2023-06-19,13,113,0.8688879678022249
2023-08-10,22,94,0.06861027616418613
2023-02-02,24,182,0.1912707465248794
2023-06-03,12,42,0.4132436237407042
2023-10-21,15,102,0.1820706805566218
2023-04-22,18,88,0.7443365531073648
2023-01-13,6,75,0.3735897160360633
2023-08-23,19,109,0.06540248768579837
2023-02-27,3,58,0.9320502384602755
2023-01-18,7,158,0.4321420220307912
2023-10-03,4,116,0.2787392887874214
2023-07-11,6,57,0.7503874294814529
2023-09-18,18,7,0.2850654205092241
2023-11-08,13,66,0.15226097956935747
2023-06-10,21,165,0.5199419047092033
2023-05-17,8,24,0.7437294497688656
2023-08-12,23,57,0.01995803362714388
2023-05-01,24,110,0.3662524505396306
2023-12-25,21,152,0.5720401036506394
2023-04-11,7,194,0.03588289486639229
2023-10-08,5,181,0.022406151217125525
2023-02-17,3,19,0.8335143574793231
2023-05-30,1,95,0.1859319385331588
2023-11-29,23,53,0.6234951431985504
2023-01-23,15,161,0.4331479404359857
2023-06-02,21,120,0.5786960232043711
2023-04-07,3,76,0.42786599746641996
2023-09-10,20,135,0.44430813716975426
2023-02-15,24,137,0.57382669950271
2023-10-07,12,17,0.256459530647433
2023-07-31,6,181,0.7695124241268619
2023-05-07,11,94,0.5611713477100732
2023-06-18,14,100,0.3070069203790433
2023-05-10,22,112,0.8545725467033023
2023-10-21,12,104,0.238835147400543
2023-07-07,5,100,0.07410925033692406
2023-01-01,3,151,0.4218615807967121
2023-06-10,7,73,0.730269980584422
2023-04-22,7,7,0.5007148975367688
2023-03-25,20,150,0.9339422459188681
2023-11-05,13,115,0.45436540523144386
2023-05-24,23,169,0.4469568057629918
2023-11-04,22,157,0.8083141316902361
2023-07-11,6,66,0.4790957880162723
2023-04-13,21,174,0.18603849427393104
2023-11-16,12,19,0.04006657414371795
2023-07-03,18,82,0.7750140119715802
2023-10-21,20,175,0.246746857793687
2023-07-01,7,76,0.38890515185744323
2023-12-27,16,90,0.5261409195117973
2023-11-17,12,49,0.7465257019020907
2023-09-02,11,156,0.9678964025051723
2023-09-10,24,161,0.6100587408584863
2023-05-18,7,167,0.2162924463262912
2023-07-07,9,59,0.9237413559139068
2023-02-21,21,174,0.615176960680978
2023-01-25,4,35,0.8456035055051483
2023-11-04,18,156,0.9674231436867903
2023-02-06,11,186,0.01075209819252898
2023-08-16,18,149,0.914225291502109
2023-05-07,11,67,0.5096601906619974
2023-08-13,21,73,0.6087476986504722
2023-02-02,15,169,0.9607975502492523
2023-07-01,21,195,0.2462459254483973
2023-09-23,16,38,0.5361570644388837
2023-02-04,1,183,0.5861778078051906
2023-06-20,21,99,0.3522559765314658
2023-07-31,20,84,0.2074466257998051
2023-12-22,10,101,0.37523440910753225
2023-01-10,25,135,0.016691297701915464
2023-04-01,10,13,0.7286612719973407
2023-03-10,20,101,0.22136741019124717
2023-07-05,6,86,0.28917183716147343
2023-01-08,6,37,0.02762645683426712
2023-11-13,3,21,0.7618097018631708
2023-06-10,13,113,0.40628900810895974
2023-05-14,20,185,0.9421854789983446
2023-07-29,3,166,0.2984280087269683
2023-02-01,19,109,0.8150166326848437
2023-11-06,24,151,0.5891351962215664
2023-05-02,6,119,0.35416846930893664
2023-02-01,22,5,0.3354598789795502
2023-07-23,7,194,0.8179601954483644
2023-11-27,4,58,0.4093971149852865
2023-08-20,3,28,0.036308292902388795
2023-08-03,3,173,0.3891359942836321
2023-08-12,18,175,0.5660356925477121
2023-01-18,5,110,0.16966889515793948
2023-09-07,17,2,0.23039949658886671
2023-07-19,7,99,0.05354659055292266
2023-09-10,1,130,0.3284358668273245
2023-12-14,17,103,0.14295583684723245
2023-01-23,5,62,0.17096779020789965
2023-03-16,12,126,0.9034109891362385
2023-02-25,20,136,0.15596136202418442
2023-05-28,16,157,0.6666231548500823
2023-05-04,10,30,0.25669891469134876
2023-03-24,11,196,0.7027910522839709
2023-11-30,7,77,0.7506726790694661
2023-03-03,12,127,0.5123932032358556
2023-02-26,20,112,0.6525168406932814
2023-02-05,9,8,0.25053296035997263
2023-09-03,8,158,0.6529816713622694
2023-05-30,18,81,0.2621768654365064
2023-04-02,15,186,0.6890692399177947
2023-06-11,14,169,0.13997725993054366
2023-09-10,24,11,0.7622212605698374
2023-03-09,2,4,0.9226660424659746
2023-05-10,11,42,0.9530479453459479
2023-04-28,12,51,0.276412290827202
2023-02-28,14,64,0.4627593141845453
2023-10-30,12,34,0.9369406289556942
2023-03-14,23,93,0.3035699669070906
2023-11-12,1,166,0.12364657593646855
2023-06-11,25,64,0.35986436338469474
2023-06-29,22,27,0.4213578074986045
2023-12-02,14,183,0.1474700971464007
2023-11-14,20,84,0.0073133968673418925
2023-10-25,21,198,0.19838021688046803
2023-04-25,5,168,0.9808032776174778
2023-02-23,9,30,0.1490395527673618
2023-07-15,1,169,0.06590165450590246
2023-08-04,8,124,0.04198714430197914
2023-09-24,18,12,0.5502595418749648
2023-11-21,13,44,0.22117809456058357
2023-07-29,22,59,0.26026165935414036
2023-12-02,23,76,0.11061991359386947
2023-04-06,2,173,0.09392607373439288
2023-11-30,20,72,0.7924380985771093
2023-12-23,16,156,0.8846690703647936
2023-06-14,16,116,0.7928536112389971
2023-04-07,1,190,0.3759871683253818
2023-10-10,5,199,0.6095186336420588
2023-02-21,9,147,0.8768926503597139
2023-09-18,21,84,0.905772779579655
2023-10-17,16,70,0.9098027895102792
2023-03-17,10,146,0.9525330132105805
2023-08-17,15,67,0.2786728588434021
2023-10-25,25,105,0.16452723448458517
2023-12-20,23,58,0.1582364451995607
2023-01-10,7,104,0.5876523929908865
2023-01-18,13,77,0.6991319678676619
2023-09-07,25,165,0.6154443273868377
2023-12-16,24,179,0.5386620510968494
2023-07-06,23,38,0.24706707723260835
2023-04-29,21,67,0.9165753012026765
2023-10-13,13,182,0.8658089009036684
2023-03-15,2,22,0.4744566161226973
2023-11-26,3,178,0.6118928028112587
2023-07-17,22,136,0.21698830996654073
2023-04-30,16,28,0.8813819720778613
2023-11-06,9,134,0.20639647554906626
2023-11-17,15,177,0.1217855129316665
2023-01-10,16,182,0.6333129260674923
2023-01-11,6,53,0.9182394140797037
2023-06-26,23,188,0.622780146444851
2023-06-29,9,199,0.40163501871842155
2023-07-22,17,65,0.5957050937285935
2023-01-11,1,140,0.8543438804848826
2023-06-23,3,17,0.2325175101596012
2023-02-13,23,37,0.9352654282174391
2023-08-23,17,35,0.4029536114834129
2023-09-02,4,32,0.37509983693753146
2023-08-03,16,172,0.8339688456995403
2023-02-22,3,184,0.6198297225594351
2023-09-08,1,172,0.3810087968704604
2023-02-05,10,41,0.04471059519481979
2023-06-19,21,171,0.07585272078370087
2023-07-28,12,36,0.43357390965264997
2023-02-17,24,18,0.2559393496941408
2023-05-26,19,142,0.21783430868333797
2023-11-29,5,38,0.16276328538616358
2023-11-19,9,91,0.4938799358206778
2023-01-11,12,187,0.499757746375321
2023-08-27,10,26,0.7773620125829702
2023-05-12,6,176,0.8992014129184078
2023-01-12,15,196,0.9638865905771508
2023-05-30,10,123,0.1491740811697677
2023-03-10,8,153,0.14954397016440102
2023-05-20,13,25,0.8098381533481992
2023-11-21,8,57,0.38160033748388644
2023-09-20,21,173,0.4676226758433928
2023-10-21,23,92,0.973522402232797
2023-06-11,22,46,0.5810183966620125
2023-07-25,16,165,0.3879520931789887
2023-05-11,1,180,0.6245691152294364
2023-10-28,19,192,0.6415008108344706
2023-01-24,23,200,0.6749343042577439
2023-04-30,9,156,0.8567986106697104
2023-01-24,9,123,0.8449907525744433
2023-10-15,17,69,0.40290777340312545
2023-12-22,12,29,0.8845729231578625
2023-01-18,20,45,0.23322163839251497
2023-09-14,9,171,0.263317154888706
2023-12-26,15,16,0.5820686037143277
2023-04-15,13,162,0.4282920204374089
2023-06-29,18,169,0.8906930361925258
2023-08-14,5,144,0.2736917639510351
2023-08-30,20,56,0.28876896741238367
2023-10-10,5,25,0.12950196692946203
2023-04-17,16,197,0.8579640042795402
2023-07-20,1,25,0.4454004162648598
2023-10-19,8,115,0.9443660118855807
2023-10-30,7,18,0.7010877447589897
2023-07-17,8,30,0.8150030197495254
2023-01-03,10,35,0.5242116520329715
2023-05-12,24,61,0.8049539970449173
2023-11-02,20,104,0.5125303085986774
2023-01-19,24,81,0.9287259504912337
2023-10-15,13,179,0.5863018273606883
2023-11-28,9,172,0.5293315864891884
2023-08-01,16,179,0.5709079219908569
2023-05-15,9,173,0.8092257119505921
2023-04-14,18,51,0.617302924153065
2023-05-12,10,166,0.30350663829737146
2023-12-10,2,84,0.8783188197272156
2023-06-11,9,45,0.027894224191209016
2023-02-19,11,40,0.23780387867180264
2023-09-03,19,69,0.17073277646818552
2023-05-26,15,74,0.5122320230400207
2023-08-27,25,60,0.35031199899382515
2023-01-23,6,170,0.5696956621194484
2023-09-03,8,115,0.39525231843891495
2023-07-08,3,131,0.45762410361184314
2023-01-16,1,148,0.6359001317724711
2023-12-29,8,1,0.5663269362896929
2023-05-15,5,3,0.8906253536047426
2023-08-10,8,114,0.5209720146307987
2023-11-28,22,113,0.5215567419467568
2023-03-10,3,24,0.7559055289416727
2023-08-09,7,186,0.3024256444326672
2023-02-28,11,6,0.395563308334418
2023-07-21,3,122,0.9424055508523395
2023-06-17,12,100,0.31452025605934486
2023-09-07,19,69,0.5848982098219468
2023-07-02,23,156,0.7140686135799501
2023-10-14,22,4,0.014414819369453102
2023-04-30,1,70,0.7868283333712888
2023-09-09,8,166,0.5880321258529434
2023-05-03,23,2,0.9195344113185719
2023-07-11,14,69,0.21900802025727029
2023-03-26,11,8,0.9047791443289728
2023-12-10,6,98,0.19551666364787457
2023-04-01,13,150,0.6538368299504294
2023-02-12,4,148,0.6723283916479438
2023-02-06,13,166,0.7294543443957242
2023-02-21,13,172,0.5658660033752895
2023-02-16,6,188,0.2704091837839785
2023-04-26,8,115,0.08635097260475366
2023-02-10,15,57,0.8757281125773116
2023-06-12,13,135,0.6826451312333954
2023-09-12,1,152,0.9770093505499768
2023-02-28,24,141,0.9422608954280897
2023-03-24,23,68,0.9112982698449373
2023-02-23,2,48,0.4882775405955956
2023-06-09,25,138,0.4697592676810045
2023-07-26,17,60,0.4890948037949874
2023-04-19,24,43,0.1391298067321356
2023-07-20,16,71,0.8172097462900972
2023-03-09,6,126,0.21468671965335773
2023-06-11,14,11,0.9509242452056132
2023-01-08,4,106,0.5538471882631304
2023-07-18,17,179,0.7309799987708544
2023-05-12,12,183,0.8868873575174667
2023-12-29,15,63,0.579512788960714
2023-11-21,5,69,0.37801340521048343
2023-11-04,4,65,0.8176707099830159
2023-04-22,9,20,0.8051404576127159
2023-04-25,22,51,0.15183513588960118
2023-07-28,17,51,0.8503997185982441
2023-05-21,3,46,0.8408909779639583
2023-02-06,2,21,0.40294179189688817
2023-11-26,15,143,0.5503725366828901
2023-11-24,25,8,0.9886359110284401
2023-02-08,23,132,0.3389951771051666
2023-01-05,3,30,0.22889261194115063
2023-06-02,15,64,0.5115980906455295
2023-01-26,23,15,0.847002828659613
2023-10-26,19,193,0.3557517628200685
2023-02-12,24,110,0.3580915801919631
2023-04-07,17,190,0.4865396304441061
2023-09-13,19,113,0.2875662260591263
2023-11-26,3,189,0.7767498889964533
2023-02-21,16,36,0.10644195357802233
2023-03-05,10,172,0.6427317042442349
2023-02-11,11,91,0.8797252174857464
2023-05-10,21,196,0.5166170393254266
2023-07-02,16,92,0.93696393503254
2023-12-14,25,35,0.3384455816206643
2023-08-06,3,156,0.015794117857316214
2023-03-16,25,117,0.814748357559203
2023-03-15,4,189,0.6609107040162264
2023-10-23,5,198,0.6025119756041327
2023-03-01,11,58,0.8588443191783299
2023-06-15,14,26,0.9234725129279333
2023-04-20,20,162,0.7069786280219871
2023-10-01,6,69,0.7379011080008997
2023-04-28,4,4,0.1901375383376923
2023-06-18,21,55,0.12083576987335565
2023-03-31,19,172,0.21623295380746654
2023-01-24,22,75,0.7014504403289288
2023-12-04,23,115,0.9498960223216271
2023-07-07,22,45,0.3046645393069515
2023-01-09,3,162,0.2071909596977355
2023-03-22,20,191,0.6368551865651335
2023-08-14,12,178,0.610182344031287
2023-05-02,10,44,0.8949100854537335
2023-04-01,13,25,0.8954306733435428
2023-01-10,2,135,0.7200007366093384
2023-01-05,1,22,0.5818340059623901
2023-11-20,25,1,0.4524980633315826
2023-03-08,17,41,0.38108872659184134
2023-01-10,19,83,0.7294678265964657
2023-01-06,20,130,0.9560578744476244
2023-05-26,18,51,0.8577487115863114
2023-05-28,7,84,0.4918794910095112
2023-04-25,7,181,0.5286322524186507
2023-06-30,2,144,0.461688383081561
2023-08-01,4,168,0.19306225844149205
2023-05-21,14,103,0.7019228351213701
2023-08-22,21,127,0.7580326746460957
2023-12-21,24,118,0.8514324010834269
2023-10-15,3,38,0.45127459172872975
2023-06-11,22,141,0.6797637122493396
2023-04-07,8,141,0.5386260912372961
2023-01-03,17,87,0.5159913208744008
2023-11-07,6,117,0.46462754798724404
2023-06-09,15,75,0.7776058576087147
2023-11-09,2,174,0.5505909383965019
2023-11-07,3,188,0.8970606309726108
2023-07-02,10,174,0.9847228242510907
2023-07-31,20,125,0.18992140703724814
2023-02-01,14,41,0.8463621426431425
2023-01-10,15,27,0.05812919915527448
2023-02-05,18,125,0.974639490968309
2023-08-12,13,152,0.2550119704752354
2023-12-22,11,152,0.783744464118412
2023-05-27,21,149,0.8361712022879711
2023-06-07,6,72,0.6492220636139033
2023-02-12,8,128,0.40296522723826733
2023-05-13,24,11,0.535159003767517
2023-05-31,5,42,0.3211831707322299
2023-05-08,10,86,0.8658214587993327
2023-06-22,5,31,0.8366859950038084
2023-04-08,19,163,0.2852183158466022
2023-06-29,12,162,0.7824008505243691
2023-02-01,10,129,0.28190922304461086
2023-10-04,20,46,0.4905762862508417
2023-05-30,5,36,0.2543706718706521
2023-09-27,10,104,0.732757936440141
2023-02-05,18,199,0.42654075283728987
2023-05-06,11,116,0.17467334390741152
2023-07-24,1,16,0.550136343515688
2023-04-14,5,125,0.40128135941797516
2023-08-25,4,181,0.4868089333350778
2023-07-02,3,9,0.5550128859964654
2023-07-10,17,15,0.9555277937760647
2023-08-08,1,104,0.8185216496433337
2023-01-04,9,20,0.263300117933579
2023-04-23,9,129,0.41849765270379446
2023-10-23,9,37,0.996357035276904
2023-09-26,20,24,0.1125363449768545
2023-05-21,2,158,0.6479299113487461
2023-02-26,13,24,0.43561050076659424
2023-11-15,17,194,0.45013742670348544
2023-08-15,1,188,0.21953776363404953
2023-06-16,16,60,0.05305136212924544
2023-09-19,9,25,0.5802707595634895
2023-01-11,14,139,0.44717523579223317
2023-10-19,17,128,0.6253442333555979
2023-02-22,1,142,0.7089259055089664
2023-05-25,22,133,0.09749275282122571
2023-07-26,20,154,0.5941017488435569
2023-11-18,17,46,0.7595676569447795
2023-02-02,10,157,0.8098741167594805
2023-04-10,4,3,0.27153956100987575
2023-09-29,4,75,0.9889573356407473
2023-07-01,25,14,0.2053304679020982
2023-09-10,25,21,0.5963068528052938
2023-05-16,23,82,0.9699374467200369
2023-09-04,21,4,0.899467540344357
2023-08-31,2,45,0.5819900135595814
2023-02-07,11,129,0.2611349272098088
2023-08-05,23,4,0.061400487224660294
2023-07-05,1,25,0.6592631342320557
2023-04-03,12,91,0.4882764622398468
2023-01-08,3,158,0.519549591546184
2023-08-12,25,39,0.25244144727260476
2023-07-06,8,167,0.23598744630006518
2023-07-03,6,26,0.7085627969218382
2023-10-21,21,167,0.6378150747233033
2023-09-17,16,134,0.75510447910154
2023-11-23,25,177,0.28712823888099315
2023-10-21,21,114,0.7642500714266464
2023-07-05,21,52,0.09001482206864087
2023-12-25,23,106,0.9761833615788298
2023-10-20,16,149,0.4799576734782188
2023-03-09,7,57,0.5018338552552376
2023-07-15,13,184,0.002731007807654562
2023-08-07,17,71,0.2923660912068383
2023-12-18,19,180,0.8020804292380895
2023-11-01,24,99,0.6572995473811238
2023-12-21,4,167,0.7321078608302024
2023-02-12,17,86,0.053030432958775964
2023-07-13,19,186,0.04913076605595812
2023-08-08,11,122,0.31844281557748966
2023-04-28,3,113,0.11753535885974176
2023-12-31,20,109,0.8442200673887673
2023-05-08,3,142,0.3230395763588515
2023-08-15,20,151,0.08833716137673742
2023-08-12,8,98,0.2373971266961632
2023-04-21,11,137,0.16020401501535686
2023-05-13,9,125,0.11594608255243766
2023-12-08,11,34,0.15295690351192592
2023-11-22,19,198,0.3120523148143325
2023-06-02,9,183,0.30800692892788295
2023-08-01,4,21,0.4040855615055192
2023-08-03,12,185,0.7713529328822762
2023-01-11,13,134,0.2865579574076075
2023-07-06,22,98,0.5762038950186888
2023-05-22,19,175,0.5709100545713853
2023-12-19,21,84,0.4572315262479283
2023-11-24,25,58,0.07134661649380447
2023-06-11,5,190,0.6224642100308037
2023-09-18,4,24,0.342557836802971
2023-04-02,2,98,0.06121163212561054
2023-02-09,15,175,0.819524702949587
2023-06-11,23,43,0.28842969403682084
2023-12-09,6,184,0.5649485756682161
2023-06-09,10,185,0.5403072307054269
2023-02-21,17,126,0.07547285630958767
2023-09-23,13,137,0.4557893772793713
2023-12-14,20,112,0.004232881616610729
2023-03-30,11,195,0.06418802988004801
2023-01-25,12,155,0.9792763807673107
2023-06-28,1,158,0.17047778861058738
2023-11-09,13,45,0.4810847946310548
2023-05-22,19,83,0.5428016730065822
2023-11-18,18,138,0.9562361181647505
2023-11-23,4,139,0.5423666755883902
2023-11-14,20,111,0.5049056024280627
2023-11-09,10,174,0.6623448900109391
2023-02-02,19,30,0.6779882407281623
2023-02-27,8,187,0.16716648432899284
2023-08-04,14,87,0.3044798910469595
2023-07-17,7,78,0.6331679334161212
2023-08-29,25,149,0.3781324769376395
2023-12-23,18,156,0.9177932183973183
2023-04-25,19,151,0.5298124170479294
2023-02-07,14,1,0.7741676200655886
2023-02-22,6,68,0.4694888510437091
2023-08-01,4,110,0.24650616398647252
2023-12-04,11,98,0.7936090911656034
2023-05-13,1,129,0.09171354205303617
2023-03-02,4,107,0.1946562743326773
2023-05-25,1,24,0.1726286962229262
2023-07-05,10,155,0.5066717604657982
2023-07-12,16,103,0.7686204581572917
2023-06-19,5,152,0.6964378679936976
2023-01-03,19,134,0.8118679866126473
2023-03-05,10,1,0.45038181421067247
2023-02-07,15,199,0.5977925356602207
2023-09-16,11,199,0.3976932184561687
2023-08-26,21,76,0.12973967339195147
2023-05-29,7,25,0.8004265227312255
2023-03-25,23,166,0.8439819717443121
2023-08-04,22,151,0.8118554191054101
2023-04-22,3,93,0.7941280844513127
2023-01-19,3,146,0.7413537977296458
2023-01-16,5,37,0.4265094964886149
2023-08-16,4,95,0.4832477666762437
2023-10-27,13,80,0.8750491639164895
2023-11-07,19,55,0.10814872548696775
2023-01-10,2,70,0.7262640403738203
2023-04-10,8,116,0.35211492735215677
2023-02-11,8,105,0.46496845580237456
2023-06-26,13,155,0.5594212792380922
2023-05-17,16,183,0.24615579190098758
2023-01-12,14,14,0.5643263521841934
2023-08-27,13,3,0.3745543189403089
2023-08-21,3,114,0.24402443920524353
2023-08-02,25,186,0.5745369288519878
2023-12-15,13,85,0.5479269961538268
2023-09-24,10,79,0.3058897218364872
2023-03-06,25,5,0.026439906974296434
2023-05-23,10,119,0.09279389654604597
2023-02-13,13,122,0.7545524964332949
2023-01-10,22,180,0.6856459321913232
2023-01-21,5,55,0.3071737322638298
2023-08-12,11,99,0.5854355478523822
2023-01-17,7,47,0.4519994147435019
2023-02-12,3,195,0.030336322563430218
2023-11-21,6,153,0.325109910913444
2023-03-01,12,142,0.5900225955881209
2023-10-04,11,151,0.1831346049104573
2023-09-22,23,9,0.535464114811802
2023-11-08,4,48,0.45524688189237095
2023-05-06,24,105,0.04195242188813464
2023-09-02,22,26,0.5786010857391422
2023-08-17,2,58,0.6550610162762389
2023-10-07,25,96,0.2605230106358106
2023-10-30,25,99,0.7584730871051861
2023-09-01,15,24,0.8403610231283679
2023-03-09,8,94,0.21364719403337085
2023-09-05,1,39,0.815027956714991
2023-09-26,9,135,0.5252206238869346
2023-12-16,13,111,0.07737898757428618
2023-01-03,23,35,0.2028848080457325
2023-06-17,22,166,0.4974358554706426
2023-09-02,16,21,0.4245471189790002
2023-09-23,9,119,0.32978419711893825
2023-12-18,1,112,0.8154347916323996
2023-12-22,12,141,0.7633111248425727
2023-01-13,7,37,0.05717559653395299
2023-04-12,14,123,0.8134717606798381
2023-12-12,18,36,0.5277124954458475
2023-07-04,5,76,0.30579083966908693
2023-10-20,1,49,0.2780736044714348
2023-04-09,9,150,0.46558891231832533
2023-03-11,16,159,0.3602184729011785
2023-01-22,11,175,0.5914452560253468
2023-12-16,17,84,0.41346377888932573
2023-01-11,22,16,0.0871574354323077
2023-09-30,2,91,0.36874632067556723
2023-03-01,17,18,0.2608734493554091
2023-12-04,9,41,0.8952581781857544
2023-07-20,15,91,0.5535830622690391
2023-01-05,20,63,0.5264104948833613
2023-04-21,11,24,0.5258804061095194
2023-07-28,25,66,0.45574476797452035
2023-03-20,9,184,0.4855488374050858
2023-12-15,16,3,0.528628178422996
2023-09-21,14,198,0.6066963940128606
2023-02-14,25,137,0.14031405245219075
2023-09-09,14,74,0.35108215937882914
2023-11-03,19,34,0.547733084521786
2023-06-14,2,1,0.2836226618988148
2023-04-24,17,54,0.6209503191644336
2023-02-06,12,122,0.9373979932824866
2023-10-29,8,10,0.8162778337994862
2023-10-13,24,50,0.5530369049977518
2023-03-20,15,191,0.27206715624174094
2023-06-21,14,78,0.7323213101006314
2023-01-15,5,57,0.016116119468414625
2023-03-18,7,51,0.12319276811448354
2023-10-26,19,87,0.29213009401638035
2023-02-24,15,32,0.4080935509601661
2023-05-10,19,16,0.47274082896917724
2023-09-17,7,104,0.6427264958637808
2023-01-09,24,139,0.8111192313284634
2023-06-15,22,86,0.8251108409406213
2023-07-12,2,50,0.6666637596385631
2023-12-08,8,101,0.9037956972989145
2023-05-03,18,92,0.908794358427534
2023-07-02,25,147,0.518409341685294
2023-05-18,15,118,0.0866543702231809
2023-04-22,11,153,0.2011362353964602
2023-12-12,2,117,0.6605823774218726
2023-05-01,9,104,0.19276693105185594
2023-04-25,13,152,0.7242517470613641
2023-07-02,22,141,0.22887190861220486
2023-10-15,18,101,0.8864176258559325
2023-11-05,16,107,0.25294672563854403
2023-09-20,24,46,0.99245636405468
2023-09-30,23,9,0.7802034109604651
2023-08-03,22,147,0.8133451086481368
2023-01-24,12,62,0.17834358021998076
2023-01-16,1,62,0.21667835234343202
2023-07-03,14,3,0.6682432254652168
2023-12-06,12,74,0.6122813870697804
2023-06-02,13,176,0.2228519870321124
2023-01-24,11,119,0.9080692581315425
2023-02-26,4,161,0.33068207722371434
2023-08-30,1,48,0.4980739963435111
2023-01-22,5,161,0.5196799290651722
2023-04-15,5,194,0.09579210794670101
2023-10-19,18,15,0.29045546959877555
2023-08-25,25,84,0.8143200252082744
2023-01-03,17,31,0.6925398606499399
2023-05-18,17,137,0.15532632982708128
2023-03-25,18,160,0.07698799888308971
2023-09-06,25,81,0.6559825089813959
2023-03-30,15,85,0.7588620875906189
2023-10-14,16,151,0.5100865731799401
2023-02-28,10,5,0.5245024193293566
2023-11-21,12,91,0.772806887343954
2023-11-11,25,123,0.4696894166223552
2023-04-25,25,165,0.024569747075185333
2023-10-27,21,157,0.527439876341212
2023-04-06,14,9,0.797302545904177
2023-08-10,18,65,0.8549555900944396
2023-12-01,21,93,0.20837478019677924
2023-12-05,16,191,0.6941795443625397
2023-11-18,17,93,0.9769912856947599
2023-12-01,21,165,0.22354297806298462
2023-11-24,18,94,0.3893204378462669
2023-07-09,16,194,0.46884380997193975
2023-05-30,14,121,0.5301198843320185
2023-06-19,9,15,0.9615741718635695
2023-02-11,9,193,0.9904351431089212
2023-12-29,15,131,0.41319053346704515
2023-08-03,15,174,0.7697751682694387
2023-11-24,22,128,0.844759972275016
2023-09-17,19,57,0.5717809263286969
2023-02-06,23,98,0.7843180127144508
2023-02-10,19,128,0.4394138517241005
2023-12-14,18,50,0.7350647089713321
2023-12-06,14,39,0.4379825702235164
2023-08-30,10,171,0.918667502137127
2023-05-14,2,103,0.325748101681974
2023-03-22,21,133,0.7715046859888703
2023-09-12,5,72,0.9235694316038916
2023-07-17,23,72,0.636684523805096
2023-10-31,5,122,0.3378931984536997
2023-11-12,21,74,0.510767310643546
2023-09-28,12,141,0.061719399473543546
2023-08-15,18,158,0.6933812709650853
2023-06-24,19,95,0.22758042116495536
2023-12-01,7,97,0.4561774857628038
2023-10-01,10,112,0.7012829615921883
2023-07-24,15,57,0.9284017224050125
2023-02-24,14,29,0.895352506204962
2023-03-31,4,191,0.3893823088834746
2023-03-20,20,120,0.5365250732378487
2023-04-10,11,71,0.029126193792836874
2023-01-19,8,198,0.9808174467336486
2023-07-04,5,115,0.042599639532637235
2023-05-09,24,107,0.763671478284855
2023-07-31,25,194,0.9202346482511085
2023-01-01,4,23,0.5217761279741753
2023-06-09,10,47,0.9711075303574531
2023-09-30,11,89,0.33669212971945994
2023-01-26,7,101,0.964217123825776
2023-07-12,11,50,0.7109633502953937
2023-08-11,9,87,0.5388412676226306
2023-10-26,2,55,0.3817022140048829
2023-04-22,13,129,0.884885229607134
2023-06-01,2,159,0.027686300616007853
2023-07-25,9,173,0.21060517559303193
2023-03-27,14,71,0.23018764006693093
2023-11-20,21,123,0.9610517677966659
2023-11-26,4,117,0.46136416337657427
2023-10-06,6,43,0.7184732245469844
2023-09-05,18,2,0.07208572607755204
2023-03-01,11,91,0.07788478293927759
2023-07-31,16,150,0.8009440129793733
2023-04-22,9,138,0.3360233519396989
2023-06-17,11,182,0.7082908531284472
2023-05-24,3,88,0.6213931285424464
2023-08-31,11,79,0.6507769253394693
2023-11-19,20,10,0.15932382128887934
2023-08-01,23,112,0.2763458946617049
2023-01-19,4,104,0.27369746376854653
2023-05-22,17,103,0.8942205490279759
2023-10-10,4,174,0.7303514861104516
2023-03-06,22,30,0.38440417519279524
2023-08-16,6,43,0.7129605270781062
2023-11-26,11,72,0.9793786738805077
2023-01-28,22,89,0.37955305693613395
2023-09-06,12,150,0.13051164402252324
2023-07-06,20,100,0.9485798306192934
2023-12-03,8,60,0.03561869720406108
2023-11-06,11,113,0.9488751465104971
2023-12-08,11,91,0.19196098790280225
2023-02-09,19,91,0.19380587307674013
2023-05-21,23,193,0.9992770055907078
2023-11-09,22,141,0.7108131153030249
2023-08-24,8,131,0.6094799372488451
2023-05-07,10,95,0.2208203997840097
2023-01-26,3,7,0.13676590807025724
2023-01-26,3,20,0.3612038362302602
2023-06-02,8,27,0.04105699847328048
2023-01-17,11,145,0.04308644037331755
2023-02-20,21,185,0.736377698101166
2023-03-14,19,199,0.27676174825346533
2023-06-30,1,72,0.9189185541626916
2023-03-20,4,138,0.13467837760123857
2023-02-11,5,192,0.012663027243917213
2023-08-03,20,43,0.5826032836391971
2023-06-12,3,83,0.5047375977622396
2023-11-05,7,9,0.6762259265267256
2023-06-03,21,35,0.2925318708058833
2023-07-19,7,19,0.6090349279096471
2023-07-11,4,35,0.2833335834035383
2023-08-09,20,59,0.27501411229225736
2023-03-13,21,141,0.07954891467636604
2023-07-06,15,191,0.5959456000733634
2023-10-15,24,100,0.11890177551459935
2023-09-18,22,154,0.5367021472922783
2023-06-17,3,36,0.6599352390128908
2023-09-03,6,165,0.1635608364568113
2023-03-31,12,11,0.22595113487244567
2023-12-12,25,43,0.07656797777412316
2023-05-08,13,117,0.5444859033399115
2023-08-22,11,44,0.28799650521698716
2023-03-14,8,98,0.653130787087708
2023-04-27,9,148,0.5774838994911887
2023-11-13,6,58,0.564638446053369
2023-01-30,23,190,0.1709087028325874
2023-06-09,16,43,0.06592805057742157
2023-07-28,13,13,0.6598441812890352
2023-08-28,18,163,0.8284715028325089
2023-08-04,11,14,0.1247909787688748
2023-07-07,3,194,0.15399805413584322
2023-07-20,7,33,0.8546028979456963
2023-04-17,19,72,0.9342056509739134
2023-10-29,13,9,0.3529975490727123
2023-04-14,7,117,0.6451491772456668
2023-01-18,15,93,0.8602003096518214
2023-03-21,8,75,0.5458999911820328
2023-11-05,14,155,0.4862407351118013
2023-03-31,5,128,0.6293319297966206
2023-06-16,13,109,0.8694984192858021
2023-12-31,8,17,0.9135329842305552
2023-03-13,13,73,0.6010665925520643
2023-01-19,14,35,0.4861734398500457
2023-08-21,5,27,0.3632600300866392
2023-09-12,2,172,0.9552165039058442
2023-03-24,15,79,0.3205930295404411
2023-07-04,21,44,0.8782089696559635
2023-10-13,15,53,0.7704876052888333
2023-05-22,9,46,0.40023299580054783
2023-02-25,19,71,0.333038693991184
2023-01-16,23,117,0.7757751337407269
2023-12-28,17,185,0.40700624004488783
2023-07-03,19,8,0.38693440880221275
2023-06-12,23,6,0.8526244333920364
2023-02-22,13,162,0.34402942087675015
2023-07-30,19,177,0.2722287205998484
2023-09-16,10,145,0.6780206489779323
2023-11-20,22,134,0.35486550235353076
2023-12-19,6,72,0.22806772010268295
2023-06-19,3,155,0.9423166618907552
2023-05-23,3,59,0.5810354149269957
2023-09-05,15,17,0.5197445790023808
2023-11-04,23,48,0.2017179374993241
2023-05-26,14,83,0.911314068964069
2023-06-03,23,95,0.6751606796652795
2023-12-15,11,3,0.04218194129568231
2023-12-06,18,173,0.8101334209557233
2023-05-21,22,69,0.18279792623815916
2023-05-21,17,55,0.4319356369099657
2023-05-07,4,126,0.025939728999537448
2023-12-13,21,50,0.07082916926887373
2023-09-27,4,147,0.07297453617376315
2023-12-21,9,73,0.8101087255436894
2023-04-08,16,130,0.1944083928844378
2023-01-03,15,69,0.4012641948198663
2023-10-07,21,156,0.1814632449686251
2023-11-19,10,12,0.14710754351711064
2023-02-22,12,84,0.08963901613802017
2023-05-11,1,19,0.7144721078693039
2023-07-25,14,41,0.33289184515758097
2023-11-09,18,123,0.07389297454895394
2023-06-07,1,103,0.021752567994280714
2023-07-23,20,3,0.32538096178014986
2023-04-20,3,134,0.28342290340694476
2023-06-20,21,38,0.5709095757809759
2023-09-04,1,105,0.9683956128026356
2023-09-24,13,12,0.6710079954013157
2023-12-17,5,118,0.338108786054639
2023-10-14,13,9,0.18451806695430262
2023-10-25,5,196,0.025247073707763246
2023-06-12,21,192,0.1814525976376281
2023-10-27,18,115,0.4816461531059807
2023-12-02,12,83,0.2754034853386752
2023-07-20,1,77,0.23540515388942862
2023-04-11,10,88,0.20930616752873377
2023-08-10,14,175,0.1903475913736118
2023-01-03,16,116,0.19251895405802733
2023-10-02,2,89,0.0671663407900619
2023-06-18,15,33,0.9805512597040814
2023-12-21,21,176,0.030515888554358606
2023-10-04,11,66,0.7404746873989205
2023-04-10,3,17,0.8729421178726174
2023-02-15,15,21,0.4716423482346124
2023-01-10,14,105,0.8994628276131533
2023-12-22,4,59,0.252939580688202
2023-12-13,11,42,0.5111821811999014
2023-05-15,13,16,0.39994706900301036
2023-01-27,22,9,0.16669929555385032
2023-11-08,12,88,0.04411755075595658
2023-05-14,13,73,0.729493543874871
2023-10-27,25,163,0.3429652371499743
2023-10-01,3,19,0.9795694336724772
2023-01-29,9,189,0.8132121263326543
2023-10-31,3,109,0.9457544966322273
2023-09-29,17,169,0.24439314154256253
2023-01-20,16,191,0.7876689364474492
2023-11-15,25,137,0.5649472262656549
2023-10-26,5,47,0.5792287254952259
2023-05-31,22,28,0.2541192035144131
2023-10-07,4,159,0.4476025126272183
2023-06-19,6,78,0.5026280134392768
2023-05-28,7,13,0.9149012129999152
2023-02-06,7,88,0.5818528184400404
2023-08-19,6,69,0.027653428770000765
2023-05-17,4,117,0.5828458652534377
2023-09-03,22,169,0.555327602917432
2023-03-26,10,155,0.041550301664299294
2023-05-06,12,58,0.30742388737334336
2023-03-26,3,168,0.8443233658107382
2023-03-17,2,36,0.4342185715859943
2023-11-07,3,6,0.01997746442649495
2023-04-27,16,48,0.5619320915912422
2023-08-17,22,38,0.23303999666691766
2023-08-14,9,84,0.7434794242348277
2023-10-31,10,46,0.23914366755247518
2023-03-26,16,137,0.6545347034325266
2023-05-27,23,124,0.873695859041357
2023-10-15,22,89,0.7889341688913031
2023-08-07,23,199,0.9865725566325406
2023-09-16,20,156,0.36431570813066927
2023-05-25,2,23,0.8817646810100488
2023-05-08,19,33,0.9436462197295122
2023-04-30,3,69,0.5583389255362317
2023-05-06,4,104,0.522014171755016
2023-05-28,15,162,0.013765621193059796
2023-06-29,9,99,0.35038595401172723
2023-08-26,25,3,0.29974248041303886
2023-09-10,19,61,0.7793262461744479
2023-06-17,4,105,0.21548338161039238
2023-06-17,3,137,0.4214722074627185
2023-05-20,1,89,0.20019294901055584
2023-07-18,15,5,0.5618912818882207
2023-12-12,20,194,0.8348822005058266
2023-03-28,7,102,0.002564288683403637
2023-01-20,20,39,0.7939934886204371
2023-05-20,14,15,0.7106409860021728
2023-05-19,12,164,0.8767917510861116
2023-10-22,10,167,0.47834877627670636
2023-11-26,12,23,0.17821623571371947
2023-02-08,22,163,0.7727201394165293
2023-08-15,12,136,0.06784588972001593
2023-11-13,6,38,0.8772361430468517
2023-01-28,5,179,0.6563275720662336
2023-03-03,8,65,0.7190087761875985
2023-06-02,1,169,0.23038896445315515
2023-01-02,1,150,0.031525687927209556
2023-07-04,23,153,0.16662050789995764
2023-06-05,20,28,0.3290104010653603
2023-06-09,15,87,0.7447658192211869
2023-10-08,19,5,0.2202256349734265
2023-06-24,9,16,0.8232600034934431
2023-10-02,2,84,0.9835914913206727
2023-10-12,8,34,0.2533958472194596
2023-08-16,14,64,0.1827397905361977
2023-05-10,4,89,0.42362989249186334
2023-08-25,11,169,0.12422265190087134
2023-12-15,22,135,0.5538323018740612
2023-03-05,11,130,0.07098010808010857
2023-06-24,6,181,0.21519281562652093
2023-04-27,23,104,0.26879018999080617
2023-04-10,14,113,0.2945060483314694
2023-04-12,20,166,0.7395724110821593
2023-06-03,10,139,0.8172214737459058
2023-10-13,13,139,0.35743667553617586
2023-02-25,24,77,0.05359659103209069
2023-07-29,6,84,0.9202731670064186
2023-02-21,19,9,0.16757015378681384
2023-11-15,25,175,0.7957391840327828
2023-03-15,13,29,0.26383425922500436
2023-12-30,25,15,0.5036298517933677
2023-12-13,12,54,0.2813768851867796
2023-10-06,7,147,0.43537229359565177
2023-03-12,22,46,0.26603533636928345
2023-06-09,3,10,0.6844112432512464
2023-10-13,16,178,0.4116735559218119
2023-05-03,12,127,0.9911370574696716
2023-02-02,15,123,0.9700147878608069
2023-02-10,17,73,0.33429355060866295
2023-07-29,11,133,0.728517560466367
2023-09-26,1,15,0.34958586468240616
2023-07-20,3,110,0.25417724710185075
2023-10-11,3,54,0.5540432238285794
2023-11-11,9,131,0.961286372803921
2023-01-09,8,200,0.024095011733133775
2023-01-29,16,14,0.0398294666756186
2023-03-26,21,193,0.5945226478917128
2023-05-27,18,173,0.1308641266003031
2023-01-31,19,189,0.5188701536972175
2023-03-08,22,60,0.9039530589432901
2023-04-12,15,163,0.8275833134733002
2023-08-29,11,149,0.06490458963281387
2023-12-27,19,196,0.7375783645415577
2023-09-18,19,101,0.39000040737205266
2023-07-16,16,147,0.9040874261793931
2023-01-22,20,58,0.08681313368701882
2023-12-12,1,69,0.10716812308610868
2023-08-25,5,89,0.6120659308878873
2023-03-30,11,139,0.3656333029308543
2023-02-14,18,97,0.027988221712491268
2023-06-01,8,23,0.07477732789830682
2023-08-31,21,80,0.9046233951255769
2023-03-18,9,161,0.44776578971791703
2023-07-06,18,96,0.9980546818107601
2023-01-31,12,56,0.9540776687724205
2023-10-09,22,75,0.15496564011291736
2023-08-02,20,78,0.9885470213507996
2023-07-17,11,5,0.8682075367852918
2023-08-22,13,152,0.14591251992127596
2023-03-08,4,34,0.9436802609088156
2023-03-26,18,190,0.9615065801031144
2023-07-05,10,198,0.2845211838422872
2023-09-13,16,176,0.7492626391471766
2023-10-02,21,188,0.5850087533671247
2023-09-21,11,18,0.7665496882090151
2023-05-16,10,83,0.7014424196243698
2023-08-05,13,194,0.39961606270044636
2023-11-10,20,107,0.8589776699630427
2023-06-23,3,10,0.3755362123549133
2023-12-05,24,88,0.2013476763754285
2023-11-20,13,84,0.6647556786424202
2023-06-14,7,2,0.8157444587890684
2023-10-16,24,67,0.5464272672902233
2023-11-27,23,41,0.5081842952187675
2023-08-04,15,164,0.1091725832134085
2023-09-24,20,167,0.1157874717351558
2023-05-07,16,200,0.8537049216559689
2023-05-25,18,177,0.435873704499136
2023-11-18,11,73,0.5631762304584081
2023-11-07,3,111,0.2883363472719075
2023-10-04,16,6,0.19048556941242667
2023-12-02,10,184,0.40283345421473893
2023-04-25,19,3,0.03387143434938489
2023-09-06,14,103,0.7712632618638827
2023-10-17,4,159,0.6332715538210577
2023-12-20,23,13,0.08956677536651814
2023-08-28,12,181,0.8502467170077034
2023-06-18,5,198,0.23751297928050807
2023-02-22,4,144,0.24682288678844366
2023-11-24,8,160,0.6747498011613352
2023-04-05,11,154,0.8027858546049115
2023-11-29,12,140,0.8439379236766713
2023-11-26,22,124,0.7069610528988387
2023-01-26,4,138,0.8997958961508302
2023-07-21,22,95,0.5793239756145052
2023-12-15,18,85,0.9936394353350833
2023-05-24,13,117,0.2653759642959742
2023-05-01,13,150,0.025623782787265847
2023-08-04,4,3,0.15883082569760387
2023-11-22,25,41,0.7388140533568057
2023-05-05,21,55,0.5017648715001244
2023-02-12,3,142,0.02735592365924866
2023-11-22,5,46,0.7178934238667828
2023-08-12,7,13,0.32326194180039347
2023-02-11,5,104,0.1662721943591544
2023-06-12,17,153,0.6281915993601619
2023-02-05,22,25,0.4510718857780195
2023-01-28,24,140,0.4617117384361348
2023-10-20,23,90,0.10954050263907122
2023-12-30,25,29,0.4969095665846076
2023-12-28,9,40,0.034783065213679576
2023-01-23,16,30,0.0007112227190934073
2023-10-26,22,47,0.28734840087504476
2023-09-21,19,47,0.1342322051016065
2023-11-04,11,126,0.7521394717207581
2023-06-24,12,39,0.6826204333790694
2023-11-22,1,141,0.9167448280754293
2023-04-05,21,52,0.287309329766832
2023-06-09,20,70,0.4181990397439339
2023-03-28,3,26,0.2301806172323918
2023-08-04,21,107,0.9190305229249373
2023-09-02,1,127,0.9402682327815123
2023-07-25,15,88,0.7372910369814526
2023-02-02,3,28,0.8560121679526353
2023-07-19,16,198,0.610048611222039
2023-12-01,22,24,0.3371855132988577
2023-07-14,20,12,0.8137162646536744
2023-05-19,10,53,0.4669709170916031
2023-01-17,7,55,0.4582875820432327
2023-09-03,13,94,0.27591245786479834
2023-10-05,2,13,0.8714298095597931
2023-04-18,20,154,0.0503443772949701
2023-01-03,22,25,0.08452669626233456
2023-10-10,4,64,0.9281522288160521
2023-12-15,14,67,0.17730123045310675
2023-12-04,14,126,0.3044458072664078
2023-08-23,18,20,0.001653364576904237
2023-03-21,23,164,0.08069872082545615
2023-05-26,23,67,0.3104714343231445
2023-07-20,1,188,0.2172812955569038
2023-06-06,11,156,0.2000395775853957
2023-01-10,21,142,0.26127130974643253
2023-05-27,7,127,0.42181932207034156
2023-08-22,5,51,0.5007743740903461
2023-03-17,18,61,0.7174979620085166
2023-12-09,13,40,0.42340191864796073
2023-09-26,18,105,0.8376673049224401
2023-10-25,6,181,0.4235178238013202
2023-01-20,19,102,0.5079828973626906
2023-01-09,18,180,0.11358136370583138
2023-11-01,24,1,0.20063292898035323
2023-07-19,6,187,0.39327013613621076
2023-11-30,25,83,0.8693529262225206
2023-10-20,22,21,0.8550564355910872
2023-01-14,19,120,0.3112868133170239
2023-06-13,24,17,0.8396951770827245
2023-01-10,7,137,0.13943335784911137
2023-05-18,2,144,0.10450298783685719
2023-04-26,3,46,0.12946216130197485
2023-11-19,15,46,0.7912752702633895
2023-03-21,14,85,0.89252645994889
2023-12-15,20,163,0.04502478322381098
2023-06-21,2,177,0.5623596007142123
2023-08-31,4,160,0.22922550337771008
2023-09-03,4,18,0.4581734274793289
2023-12-06,6,27,0.24008347569361232
2023-10-26,2,151,0.42704261887592665
2023-07-16,17,150,0.32401909024358266
2023-10-11,24,98,0.39564644981031916
2023-03-04,2,71,0.7652228380862389
2023-04-20,17,112,0.6902797780619091
2023-05-18,21,176,0.14512159156849613
2023-03-23,16,170,0.48274913051609303
2023-12-01,10,135,0.7917386598246932
2023-09-12,11,178,0.39210758131347057
2023-03-10,1,133,0.03501351428799249
2023-07-16,19,22,0.21704816343881084
2023-09-03,16,98,0.28305726725192837
2023-07-24,16,13,0.6130892314566528
2023-04-05,2,151,0.3804236036528639
2023-07-02,12,57,0.43375181505408755
2023-06-29,17,88,0.7742295243352737
2023-01-18,4,100,0.03045119179810185
2023-11-01,5,114,0.023969000487843006
2023-03-21,23,66,0.2571952486578982
2023-06-27,9,142,0.29290595522219254
2023-04-08,9,39,0.7576879867892999
2023-03-24,10,101,0.27667297912235755
2023-05-15,5,108,0.242303403768515
2023-04-16,10,139,0.5290139499127939
2023-01-08,10,163,0.0736211006514681
2023-10-14,12,109,0.2892419023795332
2023-10-16,22,170,0.027608471131967183
2023-07-10,23,167,0.2962085962737915
2023-08-15,15,178,0.9817897899955478
2023-10-03,3,90,0.8701156051553036
2023-11-13,8,63,0.915824016748937
2023-01-02,9,172,0.7687482479851881
2023-10-05,5,106,0.5287973327035742
2023-07-30,9,51,0.9411886740253189
2023-01-09,16,103,0.5258384608750387
2023-06-15,23,24,0.3635685446518081
2023-01-03,25,47,0.06980475722078483
2023-01-23,24,137,0.6900929187506147
2023-04-05,17,113,0.501493490483082
2023-03-25,11,136,0.4984702256126995
2023-10-10,13,136,0.10427529035370453
2023-03-19,16,176,0.58233894030034
2023-01-02,5,12,0.8959353655639731
2023-09-07,14,110,0.480784040542629
2023-08-22,14,172,0.9160343556555893
2023-01-15,16,112,0.09894999141256944
2023-06-29,17,134,0.6845213677943164
2023-07-11,12,96,0.6664708029921655
2023-06-17,7,105,0.7758674972363089
2023-05-08,17,89,0.6484347298012558
2023-08-14,15,138,0.6574423091363569
2023-10-07,14,194,0.8356627040444147
2023-07-08,6,83,0.6788099711668162
2023-06-03,18,158,0.5079071613308807
2023-04-08,1,137,0.9958228232551415
2023-10-30,8,43,0.5608921886678605
2023-08-17,19,57,0.060281263988024025
2023-01-09,18,95,0.022444790911143597
2023-11-07,20,136,0.7893567269364331
2023-03-27,16,155,0.11866567741139633
2023-02-23,16,110,0.21454754534759257
2023-05-21,12,56,0.09748319340473321
2023-07-22,20,193,0.21086959940481098
2023-12-16,19,20,0.8401159020225568
2023-02-26,22,101,0.839832555742908
2023-06-30,13,176,0.18752089157391894
2023-12-25,23,117,0.8004867969436811
2023-08-19,18,58,0.6232077043385157
2023-11-20,3,52,0.5372200834549615
2023-06-04,10,76,0.43675923559784213
2023-12-20,12,200,0.38835843983751206
2023-07-15,14,88,0.43045257349827204
2023-11-26,10,154,0.8443075042262462
2023-12-04,17,66,0.9113564954647644
2023-12-05,17,88,0.2262037380856894
2023-11-16,19,154,0.7904028329455266
2023-11-14,9,97,0.6264695895132695
2023-01-24,22,47,0.7099355229393152
2023-11-30,3,44,0.7230488659103982
2023-05-11,1,114,0.9469447078862139
2023-07-10,2,70,0.7119836328530085
2023-11-22,23,46,0.3445574264599559
2023-11-16,14,124,0.3106074875977508
2023-09-17,15,8,0.8973071302214214
2023-03-28,16,44,0.025049107239478507
2023-04-20,2,68,0.9413912594641388
2023-09-22,5,119,0.8469905446705751
2023-11-08,15,157,0.24637842534164123
2023-12-24,12,114,0.13358322165125702
2023-04-05,12,112,0.8068264927777139
2023-05-15,5,133,0.7465622759007771
2023-02-01,24,66,0.5128676714279123
2023-05-28,14,114,0.47945091310379795
2023-05-15,2,177,0.5258862163053174
2023-05-28,14,5,0.7248149904915795
2023-02-04,25,106,0.7025585839785567
2023-02-03,3,105,0.7096072320707006
2023-06-26,12,1,0.6900641408438696
2023-09-25,8,32,0.08113677469509839
2023-01-14,9,147,0.9362303913523887
2023-02-12,23,53,0.46201893712814335
2023-12-16,9,3,0.6560839671428059
2023-12-23,23,10,0.046323642552664746
2023-08-19,19,141,0.5325172077127946
2023-06-05,1,178,0.6216844741776286
2023-08-19,3,153,0.4029347027337268
2023-11-01,9,191,0.4903437835898806
2023-07-15,4,1,0.04313011233913622
2023-11-21,8,32,0.8893198799272625
2023-08-20,3,75,0.7059318473226308
2023-07-17,8,3,0.45220015331533026
2023-09-11,14,7,0.628691094675837
2023-01-03,10,30,0.4500734444068474
2023-10-25,11,166,0.3056337500234354
2023-04-28,24,151,0.8451502557234598
2023-03-20,3,119,0.9022602508940945
2023-10-16,5,197,0.032135892988751635
2023-11-28,1,41,0.48422145965895547
2023-01-04,6,7,0.09657413528638259
2023-02-09,2,41,0.9589012970706924
2023-01-27,11,200,0.18520864274418147
2023-07-15,7,187,0.39268855012565695
2023-11-24,16,73,0.07115390612443773
2023-06-05,14,196,0.7898494780309739
2023-10-30,20,64,0.6502865900539884
2023-01-08,4,144,0.06930340946902003
2023-03-23,1,56,0.235360510812762
2023-01-28,6,94,0.4376515662018644
2023-12-16,14,132,0.2684183177654491
2023-07-06,8,101,0.7144884099000385
2023-05-11,15,87,0.369049592907729
2023-10-02,14,94,0.9795299006527783
2023-06-22,15,52,0.12887903793686206
2023-08-14,9,143,0.9808508013739581
2023-07-31,13,8,0.7813389696570281
2023-01-26,1,115,0.30056483384286625
2023-05-12,4,154,0.27607784531178137
2023-05-15,10,41,0.540276861538395
2023-12-22,19,164,0.9983032979900932
2023-04-19,13,16,0.4950183572399708
2023-08-28,9,134,0.9268148231772904
2023-12-04,4,193,0.657964936009052
2023-09-05,25,179,0.8538263149164584
2023-08-01,22,169,0.4418466106733445
2023-11-17,2,67,0.3002249177591143
2023-08-14,6,52,0.07427317390207921
2023-07-11,20,64,0.8293066826467088
2023-10-10,22,36,0.26014663159309503
2023-03-11,15,163,0.8537973460041324
2023-08-23,2,108,0.1676100606096157
2023-12-25,6,153,0.5092834211558465
2023-08-19,13,73,0.9971216594535864
2023-02-20,24,51,0.8167594585048682
2023-02-21,25,166,0.0004888996869764073
2023-01-09,24,192,0.37026290673656326
2023-03-20,9,71,0.02463708592214575
2023-02-03,22,109,0.017698244585601985
2023-08-23,14,154,0.030524041564948923
2023-01-01,1,91,0.9590590302768884
2023-08-04,12,48,0.06677263196575611
2023-06-02,23,163,0.7260990456280377
2023-05-16,5,177,0.35048626686425943
2023-03-15,3,64,0.4787135591384326
2023-10-17,24,53,0.3806764029162669
2023-03-04,14,39,0.7101673011463513
2023-11-08,1,175,0.8489531859084181
2023-11-11,9,172,0.6804449869731761
2023-01-25,5,90,0.6465608032096379
2023-09-24,13,98,0.09401884934536009
2023-09-18,11,10,0.38718846632167336
2023-06-01,8,155,0.6373060105929208
2023-01-11,1,187,0.1565932738232475
2023-03-04,22,125,0.03675733819057936
2023-11-05,22,143,0.8283469657749797
2023-12-12,2,172,0.966867038049302
2023-09-29,7,163,0.9966388947340427
2023-07-23,21,94,0.0010771324235718804
2023-12-08,3,197,0.3537086663084471
2023-02-02,11,80,0.3185191133632057
2023-05-07,2,68,0.12212824163964375
2023-09-04,18,140,0.35899160125702856
2023-07-31,24,50,0.09452536786775811
2023-11-01,16,54,0.4469454425706272
2023-09-22,25,24,0.37307745043783047
2023-10-10,23,117,0.6828054680547274
2023-09-17,23,31,0.0030193536749860694
2023-09-24,14,46,0.0976417618332277
2023-11-18,9,162,0.3892467296829628
2023-07-02,6,38,0.8802522707076187
2023-04-21,19,65,0.16854728106113537
2023-12-02,20,134,0.5753248650063928
2023-09-12,7,156,0.8174190020363034
2023-11-11,22,158,0.004872273244743597
2023-06-07,21,48,0.3637733541157844
2023-03-13,20,1,0.8182740835059583
2023-03-15,8,8,0.8437384091236221
2023-04-28,13,21,0.3806717580109896
2023-08-15,9,129,0.7067270552417216
2023-12-03,17,57,0.9005054078881168
2023-04-04,20,149,0.932401474101804
2023-08-10,9,28,0.8986965026056072
2023-04-28,25,46,0.2822185644191364
2023-05-14,18,119,0.8312536799346126
2023-04-25,23,79,0.8567645928917685
2023-02-15,8,104,0.31882661056290706
2023-05-31,5,116,0.6285535758788842
2023-12-01,2,165,0.7856280820708313
2023-01-24,19,199,0.34548604255525517
2023-05-12,21,126,0.10489142883104374
2023-09-12,3,55,0.4903873778574007
2023-09-16,25,66,0.861545504362073
2023-02-23,2,26,0.45466141653255543
2023-10-01,15,14,0.3854472145383634
2023-12-04,1,64,0.7150847590604231
2023-06-30,1,58,0.6296192050919466
2023-08-27,15,121,0.1947489823169245
2023-11-24,24,56,0.2761587048408308
2023-06-26,4,125,0.9422733496933376
2023-03-09,1,13,0.8803002603202957
2023-03-07,22,199,0.9863018445895868
2023-08-05,2,39,0.048834440851515004
2023-01-06,20,74,0.562432777433504
2023-08-24,11,163,0.494384968349049
2023-08-16,17,178,0.9864038356481369
2023-02-04,23,46,0.3082858481734907
2023-05-25,18,193,0.5496480873638677
2023-09-21,10,69,0.8501953966988254
2023-05-02,1,12,0.395412882568843
2023-03-25,14,124,0.01741407981751697
2023-01-26,2,157,0.5554252300837996
2023-01-16,14,190,0.4678599656711908
2023-02-07,11,60,0.8636458107705736
2023-10-21,19,48,0.4879727063690662
2023-06-14,19,115,0.5819549767268486
2023-08-18,14,164,0.8661872864861329
2023-03-29,20,27,0.29006205539443897
2023-04-15,2,88,0.7172380489004555
2023-11-02,20,152,0.6795191902160459
2023-11-17,10,7,0.8748078194686043
2023-10-04,13,169,0.8790372135370973
2023-03-21,21,123,0.7714520638037865
2023-06-09,20,170,0.884542265154941
2023-04-04,19,52,0.9162532734396868
2023-07-14,4,152,0.07799021452831079
2023-09-30,14,47,0.4479795320450687
2023-04-21,16,38,0.30889777837904675
2023-05-23,4,198,0.9114958674505005
2023-01-20,11,194,0.2205511221889116
2023-02-04,19,120,0.018630229864723957
2023-05-17,19,92,0.28767224398479474
2023-08-05,14,53,0.7185576702752167
2023-11-02,20,2,0.8095399204560731
2023-03-12,22,17,0.6469139286645114
2023-07-31,24,78,0.9590797332862955
2023-09-28,18,77,0.7217609180231527
2023-05-08,13,149,0.41815552176942095
2023-05-09,20,156,0.5771079976756657
2023-11-11,20,146,0.5920726260426782
2023-10-07,1,138,0.9813451128414751
2023-09-16,14,200,0.41317235127027263
2023-02-23,7,84,0.04011764581995769
2023-05-13,8,77,0.7562551937502512
2023-05-02,24,193,0.3251112675019525
2023-04-27,5,176,0.7048821291812706
2023-08-20,12,82,0.15126927828903902
2023-02-11,18,166,0.7161088318708237
2023-08-26,13,132,0.6520523170528097
2023-08-01,4,16,0.6251013022767355
2023-04-11,2,104,0.7279865266259687
2023-10-29,15,196,0.5661510154338909
2023-04-18,19,89,0.6325816354407183
2023-03-30,14,190,0.1635466722287604
2023-11-22,14,151,0.06786955303273001
2023-09-25,10,108,0.9141087208833436
2023-02-12,17,42,0.9321905383376536
2023-01-18,4,28,0.128122734666393
2023-01-24,2,75,0.3377175980231456
2023-04-12,6,143,0.6869924215217038
2023-08-01,13,71,0.307689749616999
2023-11-24,4,57,0.004574393132357413
2023-09-05,25,117,0.08429228822760193
2023-06-05,4,35,0.7191510702712643
2023-09-19,17,162,0.4924335686626453
2023-08-18,1,54,0.38447829225269325
2023-11-14,12,36,0.8306923928703992
2023-01-29,14,88,0.35917327941359656
2023-01-31,16,148,0.6716013130423688
2023-07-07,3,122,0.25508716430337963
2023-11-15,3,45,0.18974167292336153
2023-05-08,17,7,0.8202104624314449
2023-12-22,20,102,0.804447552581612
2023-06-14,1,85,0.8833778754503607
2023-06-28,20,37,0.05850849789620505
2023-01-19,13,138,0.9476964499114532
2023-02-15,5,130,0.12033387400194773
2023-10-12,6,161,0.31696977604484045
2023-09-28,14,170,0.7839024077482042
2023-01-07,7,77,0.1567130896988369
2023-01-07,6,120,0.6829891805841148
2023-08-30,24,132,0.17434305034172004
2023-06-29,1,167,0.27732605411398414
2023-09-15,19,140,0.14634502106963443
2023-08-09,19,140,0.5384844357929505
2023-08-08,11,123,0.9685021732782843
2023-06-23,2,198,0.5559119277207581
2023-08-04,22,118,0.7262839829125786
2023-06-23,8,37,0.3556784548955211
2023-01-09,7,165,0.3936518442450724
2023-10-22,13,112,0.2798383466685861
2023-08-08,11,26,0.5892258260677834
2023-03-20,24,187,0.40044384740823924
2023-02-25,3,98,0.10232889963192748
2023-08-31,5,83,0.28978342805414514
2023-07-24,21,35,0.7862013026200919
2023-11-20,6,58,0.10967051042787879
2023-03-10,9,197,0.3922459309671854
2023-06-26,18,162,0.29789244670223436
2023-09-18,1,80,0.31860078799890346
2023-10-21,13,152,0.04899199185903935
2023-09-16,2,148,0.42749836080773895
2023-11-05,6,145,0.60121470441525
2023-11-26,25,116,0.5470800613420607
2023-08-25,12,187,0.23267487292027222
2023-07-21,2,128,0.8060389889182297
2023-02-01,24,41,0.511837712297522
2023-12-15,9,174,0.40642807444945184
2023-02-22,10,49,0.15800154739938566
2023-06-03,18,5,0.22361423652523904
2023-12-27,22,78,0.10050917370543788
2023-06-02,13,20,0.024920329573593136
2023-05-22,5,192,0.4411826229125154
2023-06-28,14,24,0.08005874684876313
2023-02-25,8,40,0.9026114012810916
2023-06-24,7,61,0.5596586871073427
2023-06-11,23,88,0.8079819910745069
2023-01-26,20,163,0.8494151067780145
2023-03-02,5,46,0.10790952595521308
2023-12-25,13,2,0.8714307941341255
2023-06-16,13,183,0.05280832197832275
2023-01-09,14,138,0.9730954862260813
2023-07-22,25,165,0.37821268469097735
2023-07-29,21,12,0.39672178076430087
2023-08-08,15,112,0.7960486528095261
2023-09-09,3,176,0.31515847594731383
2023-01-30,16,87,0.18067978707396393
2023-02-10,8,67,0.9611470363686623
2023-08-26,7,185,0.7318834362174441
2023-04-13,2,145,0.5206810528465419
2023-11-04,8,142,0.9813560210330875
2023-07-06,13,39,0.4858936525538373
2023-04-20,25,190,0.23151572207602344
2023-08-24,25,35,0.7028057553886766
2023-05-09,16,200,0.9033915626301726
2023-01-18,12,185,0.7873023943132013
2023-02-26,19,9,0.5321299693785578
2023-09-24,4,41,0.0005794953292524996
2023-06-04,10,1,0.5378264951402868
2023-04-07,11,150,0.6145450070112907
2023-09-23,22,7,0.3870193493269327
2023-03-25,6,199,0.020502110551679054
2023-05-30,2,129,0.9294481817367921
2023-06-06,11,45,0.16889661596522743
2023-11-25,25,135,0.3754669559075128
2023-08-06,25,5,0.978553736407017
2023-01-28,14,160,0.3616538688247676
2023-06-29,14,27,0.5956795109084073
2023-11-27,8,149,0.05492743944436196
2023-07-12,24,89,0.4592328076329182
2023-06-20,13,70,0.7155000085442211
2023-03-28,1,71,0.9572402763834621
2023-07-30,17,142,0.6728768229694132
2023-09-25,15,89,0.3818365377997497
2023-08-11,5,1,0.41439133935615446
2023-02-11,20,90,0.23980218510877926
2023-08-04,23,44,0.2362022031051988
2023-09-25,1,79,0.8489411304888603
2023-08-01,22,50,0.13155457683919136
2023-04-02,22,13,0.720155007761165
2023-06-21,17,187,0.38440052243104306
2023-09-13,5,113,0.19727819134196678
2023-01-20,21,86,0.55989536011696
2023-02-25,17,94,0.5501518581107375
2023-01-30,4,100,0.2557722639295723
2023-04-18,8,199,0.2612220974352527
2023-05-19,7,46,0.2987523216835817
2023-05-26,19,168,0.2629073229776244
2023-01-21,25,78,0.7740612984102231
2023-09-04,12,113,0.32986660511192545
2023-01-18,23,93,0.6428852751557279
2023-01-09,14,49,0.00561802174704884
2023-04-11,4,146,0.7338374312768703
2023-08-24,1,193,0.36592699481828006
2023-03-30,9,125,0.38727859388288144
2023-06-08,21,101,0.2081474061765719
2023-11-13,5,168,0.7743217406628713
2023-11-30,22,154,0.9985745200300133
2023-10-19,9,166,0.50865057729886
2023-08-07,12,168,0.055760298764224725
2023-12-07,13,161,0.6648927799306183
2023-04-13,8,117,0.3770702818810099
2023-02-17,20,122,0.3582969151242186
2023-06-14,22,6,0.7523153313348957
2023-12-18,23,112,0.34857392727376113
2023-08-22,3,108,0.19189756734584484
2023-09-15,5,118,0.41364983591410287
2023-03-14,9,115,0.09760858141264428
2023-11-04,24,60,0.6788303157710391
2023-07-31,2,85,0.7637280677183044
2023-07-08,13,31,0.7272979739487389
2023-04-20,11,6,0.7649131545045584
2023-08-07,22,78,0.7902437508373625
2023-01-06,18,170,0.6720890303510979
2023-03-01,24,177,0.37566227899906357
2023-08-09,5,84,0.654919617835777
2023-04-17,7,192,0.4735208116350509
2023-09-27,25,76,0.8290660348766322
2023-05-03,18,23,0.22282208050704633
2023-07-19,10,189,0.9643108296872596
2023-09-15,22,141,0.6519445144413829
2023-12-01,13,170,0.42970482504687435
2023-02-28,1,4,0.2721429294386629
2023-02-16,21,119,0.6654436542043437
2023-02-04,23,191,0.9459084761202219
2023-12-28,6,120,0.8109306251540087
2023-06-08,6,174,0.01626241094378822
2023-10-22,9,149,0.2884264615764841
2023-04-03,20,18,0.0002922506527132107
2023-06-30,25,81,0.9505809844904902
2023-09-21,21,48,0.4142296142828249
2023-09-08,10,190,0.7900835230851063
2023-07-25,10,143,0.333734034525927
2023-03-11,18,143,0.17350382884336812
2023-06-03,21,169,0.06601136061687041
2023-11-11,14,63,0.9390390438671048
2023-11-24,7,111,0.1340095281301763
2023-08-19,16,87,0.2682894181487543
2023-08-13,8,40,0.5471588869166618
2023-12-06,6,53,0.7239007998802856
2023-11-21,5,60,0.8463003306854341
2023-12-07,22,52,0.19883608320775747
2023-08-21,1,151,0.14559248984768958
2023-09-18,18,177,0.7139426135401679
2023-01-27,6,158,0.7232456953870335
2023-11-26,2,20,0.7221155739029921
2023-08-30,22,155,0.061015609731754794
2023-07-01,22,137,0.5801982101491412
2023-01-21,12,126,0.4821517882182873
2023-10-20,8,131,0.8349476686595976
2023-07-07,14,65,0.4532310096076533
2023-01-11,25,86,0.6450044123130151
2023-01-07,23,130,0.34665473487233234
2023-07-28,9,94,0.9213647802639114
2023-12-02,14,104,0.568814514681289
2023-05-07,21,88,0.45157800924350755
2023-04-07,18,95,0.1014656760231405
2023-10-07,9,154,0.941697244191729
2023-09-22,2,60,0.788253634190987
2023-04-21,7,19,0.9331391747656809
2023-05-10,14,10,0.20918046795909317
2023-10-09,8,140,0.3317360811025388
2023-03-04,17,147,0.11045171106726703
2023-02-15,11,175,0.23247245385691617
2023-03-12,2,116,0.5832274006223921
2023-06-28,6,175,0.8133612916173587
2023-04-30,3,142,0.28352933172950223
2023-12-03,18,109,0.8194351479107543
2023-01-15,5,140,0.5958059829215189
2023-03-01,2,18,0.7015217165265523
2023-12-26,18,179,0.13906203604578415
2023-02-08,5,27,0.5603279518154617
2023-09-06,7,48,0.18021613170880724
2023-08-31,15,140,0.32382526583074045
2023-10-30,12,155,0.9696305820280626
2023-07-10,25,84,0.917019577865979
2023-10-31,20,193,0.9795280806877099
2023-05-24,25,169,0.9745406708709483
2023-11-24,11,77,0.8294169420685231
2023-04-17,2,140,0.7122964386574923
2023-09-06,13,66,0.3140673254202301
2023-06-15,17,61,0.0742678934719393
2023-03-29,20,70,0.3852905787615748
2023-09-21,19,76,0.3374491371700705
2023-08-28,18,57,0.5236065301749924
2023-02-22,24,127,0.794896165546068
2023-10-26,19,176,0.08113159879897736
2023-05-11,3,102,0.9000044874366315
2023-03-05,12,106,0.6088494209745997
2023-12-03,16,181,0.5412487072942136
2023-03-18,10,161,0.9574664552047497
2023-05-03,8,49,0.47522357946831806
2023-05-30,6,66,0.08699309786003684
2023-09-26,4,42,0.06383962277745892
2023-01-30,23,191,0.7649991626247334
2023-01-04,22,196,0.8961067334171477
2023-04-08,6,129,0.49513344098779
2023-09-21,18,92,0.1635182850676602
2023-04-27,23,103,0.620166935000541
2023-10-25,10,128,0.2020044193015409
2023-07-04,22,2,0.4360011133268167
2023-08-17,22,38,0.9867618333092012
2023-06-07,7,86,0.6939059400899641
2023-11-26,13,145,0.22928513754965707
2023-11-14,20,41,0.5516182112626495
2023-02-08,19,156,0.8444178272561805
2023-11-21,4,97,0.9159991123492375
2023-02-28,15,164,0.45107043049997686
2023-01-27,2,18,0.9746075944927619
2023-03-15,13,83,0.4873510940998078
2023-06-11,4,42,0.41469816622216615
2023-11-14,6,171,0.6415851507410749
2023-09-21,9,80,0.8211669621197359
2023-11-10,6,16,0.33571440844807354
2023-10-17,8,40,0.1931403811676642
2023-05-12,12,133,0.9144142708527531
2023-01-22,16,198,0.5945609331684141
2023-01-24,16,137,0.1950535692278017
2023-12-20,3,124,0.1397954450915322
2023-06-11,18,200,0.9206254978283159
2023-10-25,12,119,0.11841913166577711
2023-02-04,14,118,0.35504217943545957
2023-09-28,20,74,0.370824154923165
2023-03-01,15,195,0.3359118918709778
2023-09-23,8,186,0.6474134092241398
2023-11-26,4,154,0.9557767490578747
2023-09-11,13,121,0.972496617690243
2023-04-19,9,99,0.30177070451070653
2023-02-01,20,110,0.8651882918765122
2023-11-05,4,132,0.529920684242166
2023-08-21,25,99,0.05084070351225278
2023-02-22,8,55,0.03935647573983203
2023-08-31,2,95,0.4970504603692224
2023-08-03,24,109,0.31709196508837134
2023-01-06,7,194,0.5563070944757138
2023-12-26,11,34,0.28473217322074595
2023-01-26,15,183,0.6196700398282287
2023-11-29,16,133,0.46556412375805045
2023-03-15,24,152,0.44526150812777165
2023-02-16,7,83,0.7452084009934536
2023-01-16,24,62,0.8496859570773994
2023-05-04,25,42,0.2980778664353534
2023-03-29,8,45,0.7123192680852114
2023-11-13,1,139,0.49075105977909583
2023-04-14,1,18,0.13090163774900387
2023-10-11,17,31,0.6773208798598104
2023-04-07,8,126,0.5586674852677896
2023-06-26,4,123,0.7598302653827981
2023-06-17,25,119,0.8300617267653547
2023-04-29,5,16,0.837305364401928
2023-11-30,3,32,0.21767222513872952
2023-04-23,3,94,0.8502195370567684
2023-02-27,10,144,0.3737785821551114
2023-10-18,17,124,0.8695974375248405
2023-03-04,2,71,0.05646725328058089
2023-02-21,18,163,0.1431999044543738
2023-08-21,25,118,0.33664461160428716
2023-04-15,9,42,0.824623217336988
2023-04-20,14,191,0.9839505846309764
2023-01-05,21,55,0.3363024600503409
2023-03-11,17,11,0.011684638478598686
2023-06-19,23,158,0.05495148916530934
2023-04-30,24,80,0.6070533651748975
2023-07-17,16,176,0.09675835786861053
2023-02-16,16,134,0.9389611347630098
2023-03-30,24,165,0.3924705418834413
2023-01-13,10,193,0.43613988366970236
2023-11-10,11,81,0.3473805476910916
2023-10-22,16,116,0.30335212977182824
2023-08-23,18,38,0.012107015374065444
2023-01-29,24,84,0.9410604611473985
2023-08-11,4,172,0.7393824300974445
2023-08-26,2,134,0.8024798405054442
2023-08-09,18,21,0.05569598793445896
2023-02-23,16,37,0.4889491925848014
2023-08-21,13,138,0.16604049921044473
2023-12-09,4,117,0.06610797265204071
2023-02-10,23,184,0.7063359420942152
2023-07-27,4,101,0.2697693788422447
2023-12-06,18,112,0.42363319533164745
2023-11-14,8,106,0.28245901099202686
2023-01-08,18,45,0.4057443607923156
2023-11-01,8,169,0.17874341803006832
2023-08-26,1,179,0.3293239727027856
2023-10-13,19,48,0.2983026557833426
2023-02-09,23,33,0.46879157871941357
2023-06-09,3,103,0.4602272962834779
2023-04-27,14,145,0.40599718726357126
2023-05-14,21,21,0.8162745198244058
2023-07-21,3,101,0.38248666659613295
2023-02-27,18,108,0.3719374444346285
2023-05-13,18,131,0.2363960841821784
2023-12-20,8,31,0.7780556370652789
2023-05-22,19,90,0.3192927631408138
2023-09-01,2,42,0.18911055444162084
2023-05-30,13,86,0.8062633791875191
2023-05-13,9,8,0.9045644196705883
2023-12-11,23,177,0.9465225273796708
2023-12-23,23,47,0.19662372363161307
2023-10-19,8,16,0.8198665954432452
2023-08-14,25,6,0.1466477733642748
2023-12-17,24,159,0.8711120894624329
2023-12-10,23,100,0.4098673474286335
2023-05-06,15,139,0.08735021013646538
2023-10-28,6,164,0.9599487539764329
2023-05-19,25,78,0.32725584795582097
2023-05-12,9,80,0.1686480904089731
2023-06-04,1,192,0.22293577878079363
2023-04-18,20,157,0.6155948420598817
2023-06-05,24,114,0.7004875244432401
2023-10-14,9,111,0.08341496642312884
2023-04-22,12,147,0.34172795420641033
2023-11-07,2,23,0.4037136106645107
2023-02-28,16,192,0.9189443485282386
2023-07-26,24,150,0.625081621053313
2023-03-10,7,159,0.010645321160669075
2023-04-28,3,103,0.13466376965047433
2023-12-16,3,36,0.8974825619136132
2023-11-04,6,32,0.82598510419969
2023-02-09,13,131,0.6002730995436439
2023-04-30,15,26,0.8801870634217488
2023-12-13,1,171,0.5515999518614679
2023-04-13,6,98,0.6913095657466385
2023-04-04,19,52,0.252963309524204
2023-09-17,24,32,0.16694998897059432
2023-04-24,7,124,0.1624106984852447
2023-03-04,13,101,0.27620646272587346
2023-01-24,1,177,0.28141808906649446
2023-04-10,19,187,0.27560165482503307
2023-03-16,16,96,0.9637563487885195
2023-10-15,15,197,0.785889737142863
2023-11-09,8,186,0.7762498031211089
2023-02-13,20,199,0.09332175988411895
2023-05-10,15,135,0.436804732973221
2023-12-24,7,149,0.12104966573589049
2023-10-16,3,193,0.711434041756881
2023-05-05,25,162,0.7179629497187207
2023-11-28,9,160,0.964579195500431
2023-03-06,13,197,0.8766992392091421
2023-11-05,20,165,0.41683374294118325
2023-02-13,11,35,0.6797662395671684
2023-10-19,4,56,0.33122264791911904
2023-05-16,21,14,0.868932995256009
2023-04-28,6,62,0.5138421967338248
2023-11-12,18,122,0.3797412879325168
2023-05-11,12,59,0.9131183323031569
2023-12-16,3,47,0.25660519518665814
2023-04-27,12,40,0.9685278678468261
2023-06-21,25,170,0.9383739982206764
2023-03-28,10,136,0.9070721826783726
2023-09-21,4,171,0.9915295094809357
2023-05-29,23,68,0.1330182393491658
2023-07-10,9,72,0.09252315057494853
2023-07-12,18,100,0.35956536218052026
2023-04-02,10,172,0.4189359343331448
2023-10-29,25,187,0.09299315882920822
2023-08-31,20,130,0.17014395923678416
2023-08-09,14,130,0.5381132482775184
2023-08-04,25,114,0.8689017757690088
2023-06-01,3,11,0.3307169652006704
2023-03-10,6,189,0.3618436488027196
2023-05-30,17,199,0.706547544831468
2023-02-22,22,158,0.11774984744735817
2023-09-10,23,36,0.32428774195451626
2023-01-31,18,57,0.1572673878358798
2023-06-25,25,42,0.1707357491139193
2023-07-04,18,124,0.8189410324406107
2023-05-18,22,108,0.7933454707556158
2023-06-11,22,2,0.18671050132509392
2023-12-21,9,92,0.5977625187109997
2023-09-23,24,142,0.24407014462079635
2023-04-16,10,53,0.31939131941120613
2023-03-03,25,111,0.691718053216247
2023-05-03,6,177,0.24204133673625217
2023-06-03,20,62,0.003251312600779155
2023-12-12,19,158,0.4802780182149785
2023-08-10,23,5,0.39690999648741976
2023-07-03,1,12,0.6716128490475836
2023-03-26,22,130,0.6720165065017262
2023-12-17,20,104,0.5576278241311358
2023-02-21,9,90,0.02979418525475641
2023-02-18,14,109,0.06126473000100274
2023-03-05,19,87,0.8148394092870767
2023-08-20,8,45,0.9784897758295784
2023-03-19,21,137,0.45981661356106474
2023-04-01,10,96,0.5256288762436493
2023-12-22,14,170,0.2039664293339667
2023-12-21,11,2,0.9333009287335233
2023-12-29,19,163,0.701778350837076
2023-10-01,14,39,0.5597982593967824
2023-12-22,11,198,0.6284401773655868
2023-03-15,1,192,0.4848511209119464
2023-04-29,18,74,0.292713034384794
2023-03-18,19,78,0.4581562211637432
2023-05-04,2,29,0.9156812029758631
2023-05-10,5,173,0.18948828855368594
2023-07-31,3,129,0.4434855402192269
2023-04-05,22,121,0.45989869450983656
2023-01-23,11,180,0.23197525315556733
2023-05-11,8,64,0.6895007490674976
2023-03-19,12,93,0.4014031188361832
2023-03-20,17,38,0.0023929718123248955
2023-03-31,15,105,0.36312068878742343
2023-02-10,12,142,0.28691655542371286
2023-07-02,11,81,0.552773517673784
2023-06-26,25,101,0.6616037975847054
2023-01-16,5,79,0.8256403954932958
2023-01-01,25,52,0.9674032696620624
2023-05-18,6,113,0.9992657077071443
2023-04-24,10,89,0.02988199932247171
2023-03-02,24,19,0.8856529829637232
2023-03-12,5,97,0.25599570464233246
2023-12-22,10,189,0.9382626515990141
2023-04-11,9,56,0.06345202723149213
2023-10-16,18,59,0.652586580148073
2023-11-03,2,196,0.9069118779500743
2023-10-17,8,123,0.34267718662718905
2023-06-01,12,106,0.3021606257412599
2023-02-08,2,40,0.47273717165357154
2023-03-17,11,71,0.68070004339372
2023-10-03,14,12,0.4400051729287049
2023-11-24,14,82,0.09556393295473387
2023-01-11,16,81,0.925507099390175
2023-05-17,18,65,0.11587696422938654
2023-03-15,23,16,0.08865972016178647
2023-03-29,14,141,0.5162083531614498
2023-05-02,5,151,0.4867601983600732
2023-04-27,8,75,0.1640238613350844
2023-10-30,17,64,0.9546339999496368
2023-08-01,3,160,0.30358529546526647
2023-12-24,21,14,0.34877838142790885
2023-10-31,12,98,0.5397809223930052
2023-04-30,20,51,0.07271305867386135
2023-12-21,17,156,0.04942446918597565
2023-01-18,24,1,0.9020212603135781
2023-07-18,18,35,0.3269974473494013
2023-06-11,13,21,0.9827706074691931
2023-07-19,22,116,0.8434190536409883
2023-09-02,18,54,0.23638661462508248
2023-05-27,17,25,0.379838973771062
2023-04-05,22,112,0.3089071570493016
2023-01-05,16,57,0.23683397327521538
2023-10-16,12,11,0.9245525636844596
2023-03-29,21,185,0.02930935394612799
2023-09-29,7,26,0.7629826382834545
2023-05-08,8,159,0.9717290368924834
2023-12-29,12,83,0.6315846758201121
2023-07-10,2,1,0.5433781448523624
2023-09-23,7,49,0.4853920471184635
2023-11-07,1,145,0.34104698542322376
2023-01-28,24,92,0.8244799079451104
2023-09-27,23,82,0.13491660472183342
2023-03-29,25,55,0.6865532924761646
2023-10-03,17,125,0.6853602348117662
2023-07-23,12,43,0.6668059161742614
2023-06-25,15,182,0.04337882163455331
2023-04-25,2,49,0.7271185264001356
2023-12-24,3,117,0.8288471395099244
2023-10-02,22,105,0.24034610165885872
2023-02-09,7,156,0.3292124117873353
2023-06-15,21,69,0.0879419864989921
2023-10-30,8,189,0.07952561532072833
2023-08-25,24,87,0.3496104510453244
2023-09-20,16,183,0.7498096847497664
2023-12-11,16,181,0.5702855945815529
2023-03-04,1,58,0.6378998684739164
2023-04-26,14,39,0.8863067050157776
2023-10-20,4,36,0.8644985279483711
2023-08-06,10,168,0.4896544689858211
2023-07-16,9,104,0.019292089442584426
2023-03-30,15,103,0.9574471791229424
2023-05-11,4,192,0.8887507451767299
2023-06-29,13,90,0.572029687391774
2023-06-09,21,195,0.39941003089868055
2023-07-02,22,163,0.6371568848157859
2023-01-28,17,103,0.5716434326247152
2023-05-26,7,103,0.5729863164822728
2023-04-11,21,130,0.7344037049542603
2023-12-14,19,54,0.264439382594545
2023-08-15,2,167,0.8318086186907567
2023-12-14,7,52,0.23565255991100598
2023-08-19,23,44,0.3089044959118371
2023-04-30,20,165,0.4749602763665557
2023-05-30,21,183,0.32165884642204035
2023-06-11,11,31,0.8501182870175371
2023-04-14,22,84,0.4409473072974128
2023-05-03,12,10,0.5803956659791382
2023-05-04,2,60,0.3848223322952381
2023-09-16,19,79,0.36546113429377247
2023-06-05,17,159,0.683538795290899
2023-11-11,16,113,0.9727811028990755
2023-12-15,2,167,0.8985586746718518
2023-12-16,10,134,0.08861421123573854
2023-12-22,16,6,0.3023528498997554
2023-10-21,12,187,0.6969662187295036
2023-07-08,14,198,0.897496937434978
2023-05-25,17,2,0.13255611914229593
2023-11-10,8,81,0.8012688977574411
2023-04-24,8,147,0.29023626561229
2023-11-06,9,80,0.09840532193126861
2023-12-16,23,159,0.7414985975080582
2023-11-08,6,21,0.16818440217172237
2023-10-19,1,143,0.7188253513873906
2023-07-06,5,24,0.0360325575178565
2023-10-30,1,112,0.3308212137496127
2023-10-17,7,192,0.16430960258919158
2023-12-26,16,24,0.9425573693920825
2023-07-21,10,185,0.7090240389091198
2023-12-31,10,100,0.791063728876208
2023-01-18,19,56,0.5781558514611007
2023-10-02,6,51,0.012293878572799732
2023-02-25,8,29,0.02892016063570302
2023-03-10,22,149,0.949840119467302
2023-02-02,16,188,0.2759761984004587
2023-02-21,23,166,0.07907591675645997
2023-11-23,13,169,0.531952163841201
2023-11-15,11,113,0.324255369220125
2023-04-12,19,113,0.657976561781303
2023-09-16,3,9,0.22777524636460367
2023-09-10,17,191,0.46341817547553954
2023-07-03,17,57,0.11770596111344789
2023-04-08,1,30,0.9254739376253784
2023-07-05,25,152,0.9415442816361501
2023-04-04,4,155,0.6325526544872608
2023-09-07,19,15,0.35372571705278444
2023-07-23,3,20,0.04483583363679655
2023-03-06,13,133,0.5114192101812424
2023-02-19,24,143,0.180041609568118
2023-02-04,20,167,0.29933442604530125
2023-03-07,1,24,0.17482321853692007
2023-07-05,25,175,0.6166392710589803
2023-06-26,18,152,0.335379953022637
2023-01-29,12,90,0.1155582168600836
2023-07-28,3,78,0.39489797649359937
2023-02-07,3,12,0.4210205350698796
2023-08-29,6,116,0.3946293121540456
2023-04-11,22,93,0.9380651302827328
2023-11-02,16,16,0.2938934094875223
2023-04-17,24,84,0.010350143681539414
2023-04-12,4,96,0.19190049081775173
2023-03-13,9,67,0.9806056505872287
2023-02-03,15,76,0.006407584474599992
2023-05-03,11,36,0.20384647174153103
2023-07-31,7,63,0.1633999324952219
2023-07-24,6,12,0.94021083790069
2023-06-16,1,29,0.7877962792499654
2023-12-18,22,127,0.5765230909535783
2023-01-09,1,179,0.39217895379819334
2023-08-03,23,12,0.40476927436172494
2023-04-12,5,27,0.787331734888912
2023-01-05,19,171,0.3601660583011723
2023-12-27,12,79,0.561901957128305
2023-07-17,21,67,0.6405129673319299
2023-12-20,24,54,0.23145215939810238
2023-10-25,21,4,0.5174553052690447
2023-05-30,5,199,0.19851540564588055
2023-12-15,18,31,0.7187894290817802
2023-12-09,3,170,0.5188975462818141
2023-11-20,16,158,0.5706408954339243
2023-11-26,17,113,0.6624188176733383
2023-04-29,4,36,0.3085602194845922
2023-03-18,25,112,0.7083554023063514
2023-12-15,13,193,0.4883652423983319
2023-09-23,19,30,0.7441237559783399
2023-09-10,24,14,0.5848859331187785
2023-09-28,12,183,0.009316202759738879
2023-12-12,19,25,0.8992525462065936
2023-01-28,6,69,0.5743486065505112
2023-04-23,16,190,0.0683982648175866
2023-08-21,16,104,0.9801803220004721
2023-08-29,20,111,0.7846308943084638
2023-01-24,4,160,0.4315386071418956
2023-12-06,2,93,0.6843277509303909
2023-05-02,6,129,0.698016000145658
2023-11-05,4,34,0.16705642439865553
2023-07-28,22,198,0.1909286516161749
2023-04-30,4,42,0.2668384126807498
2023-08-03,7,119,0.24515270879722972
2023-06-19,12,110,0.5124904788326015
2023-09-12,8,126,0.7030941661206866
2023-03-17,23,62,0.6959654660307131
2023-07-31,19,147,0.3239400508410354
2023-08-31,12,79,0.3666645302847802
2023-07-30,11,178,0.1590241490497658
2023-06-03,13,36,0.8445609774494112
2023-08-12,9,73,0.1369358251776217
2023-03-23,3,100,0.795734889904458
2023-09-01,20,98,0.7334543255501837
2023-07-21,12,40,0.9786662960790937
2023-03-20,1,60,0.86127174666991
2023-08-26,19,97,0.9437603631540291
2023-07-24,21,49,0.24051060521621137
2023-09-01,18,75,0.4573778269904556
2023-06-10,9,158,0.30004861003752026
2023-03-07,9,90,0.06756324858748741
2023-08-21,19,172,0.25543054323592207
2023-11-30,1,67,0.579146948397476
2023-04-18,2,106,0.9979004237090177
2023-05-07,15,88,0.07560342468264714
2023-09-02,18,155,0.2622988935063588
2023-12-14,3,114,0.3294845367074186
2023-03-15,22,125,0.3856314814140738
2023-05-29,24,58,0.3444592360089105
2023-11-10,10,123,0.4277513377192622
2023-06-08,8,117,0.8638026304657787
2023-06-21,12,200,0.6729395199874249
2023-04-18,9,122,0.08166509448606063
2023-07-13,7,54,0.01307843536892217
2023-06-03,8,99,0.8451307442847952
2023-11-27,7,41,0.8876736390864227
2023-04-20,16,112,0.15848559338752444
2023-06-22,4,115,0.18143898743305065
2023-07-03,15,78,0.47701120358950744
2023-01-03,12,103,0.08460251443987588
2023-04-13,1,179,0.8698471883821757
2023-04-27,5,30,0.33065116686868234
2023-07-24,20,69,0.08450068283728263
2023-09-11,1,123,0.9892406888890993
2023-11-02,5,68,0.5219498881041812
2023-01-11,5,59,0.6128711520820433
2023-12-10,24,61,0.5830268483520169
2023-06-12,2,164,0.889499301678248
2023-01-19,23,148,0.5376809463390922
2023-11-03,22,135,0.16379947229496306
2023-07-19,2,6,0.019623994857952298
2023-04-09,19,117,0.09221781732010592
2023-04-20,22,83,0.9063331896863476
2023-03-18,13,3,0.36256884383256827
2023-07-10,2,100,0.2008430962068697
2023-03-24,8,148,0.2130957038701481
2023-10-31,24,141,0.35312881377225847
2023-08-04,24,100,0.22521607613698524
2023-06-08,10,172,0.7223596902460122
2023-11-17,14,122,0.5596274076752089
2023-11-08,19,102,0.4630948242735409
2023-10-08,11,57,0.012344654882037731
2023-05-23,6,79,0.9546697949996928
2023-08-06,18,64,0.7015337217641865
2023-01-22,8,50,0.9174622236678113
2023-10-31,7,94,0.116806874400467
2023-03-12,1,187,0.3500289781670911
2023-04-07,22,193,0.49255606588365297
2023-01-28,1,137,0.8996982560220971
2023-11-24,17,155,0.7949285399226848
2023-10-11,3,120,0.13703292431008496
2023-07-17,10,54,0.943824674840127
2023-08-24,7,153,0.9743501798915197
2023-11-20,21,80,0.01351690937120309
2023-11-07,12,74,0.9526443281151845
2023-09-30,19,163,0.8230233572248429
2023-09-12,24,138,0.3154666621355563
2023-07-12,13,44,0.1549697647062751
2023-08-06,11,102,0.8831690916338311
2023-01-22,9,56,0.013285153006844741
2023-10-23,23,10,0.8911222485607767
2023-05-02,6,34,0.34255015892855456
2023-12-11,7,190,0.6702242073128033
2023-02-16,5,44,0.9320303865169035
2023-06-01,15,19,0.625289871114236
2023-06-14,18,97,0.6730845188660455
2023-10-05,10,87,0.9741239531052343
2023-10-31,12,117,0.6077383210766673
2023-05-22,8,96,0.4676934040933971
2023-03-06,4,130,0.39085834441565825
2023-08-04,7,14,0.06342393224554277
2023-04-21,2,74,0.047827787498111896
2023-06-16,19,48,0.8597252093112743
2023-06-09,12,74,0.3844941448359157
2023-11-10,6,149,0.6196833276046532
2023-01-05,3,197,0.4430591999678011
2023-12-11,20,141,0.25905563779923746
2023-04-14,23,16,0.7534292887395997
2023-07-11,8,41,0.020776471342294767
2023-10-21,8,80,0.78490918153729
2023-07-13,12,76,0.2058185289013249
2023-09-17,3,62,0.04912295434747527
2023-08-15,22,56,0.548564238122531
2023-10-25,25,165,0.8931003373752531
2023-12-23,25,33,0.5555724187411252
2023-05-10,23,169,0.5454105361540075
2023-01-23,13,154,0.4959500218343724
2023-05-21,17,164,0.6510569342687083
2023-06-03,22,107,0.8666549652404658
2023-08-15,8,2,0.05452284892224879
2023-10-19,12,194,0.7991516316152123
2023-09-05,18,171,0.8704970012731894
2023-12-09,14,59,0.18652556066911552
2023-07-26,13,193,0.6399272809733955
2023-06-10,14,105,0.2807896749345066
2023-08-01,10,7,0.7378941322110096
2023-08-27,13,144,0.8297618658536476
2023-03-29,24,163,0.35131732801197146
2023-07-17,11,12,0.234517421398034
2023-11-15,10,90,0.9288785241758765
2023-08-18,13,144,0.9665470366590228
2023-12-19,24,162,0.8477933008481859
2023-08-09,22,20,0.5055492294013708
2023-10-06,19,53,0.12898754369484977
2023-05-13,22,125,0.6679706089623023
2023-08-26,4,176,0.9858002935084654
2023-01-18,15,129,0.9284330211633388
2023-11-25,7,6,0.5732842609152695
2023-05-06,3,20,0.1621069054248233
2023-05-24,8,90,0.9047125662964093
2023-03-09,22,20,0.8346337300581752
2023-05-07,5,104,0.9893903050186944
2023-02-01,18,90,0.5042704083889812
2023-10-22,16,163,0.04419521871455423
2023-04-15,18,167,0.4380193537847412
2023-09-07,9,92,0.43740772960887353
2023-04-21,2,90,0.6016566812568375
2023-05-10,5,19,0.6113915260342256
2023-08-29,4,19,0.708679534694382
2023-09-17,12,180,0.04630204045533082
2023-01-07,13,167,0.7711419959267112
2023-06-10,22,200,0.8519678717025917
2023-09-30,5,53,0.4856956881975718
2023-01-01,14,78,0.9381654311487224
2023-04-03,10,114,0.1931206853330526
2023-05-26,19,168,0.1530129164006523
2023-01-13,10,87,0.18106591546706974
2023-03-09,2,184,0.2444227491784191
2023-06-16,8,154,0.12331658379316135
2023-12-21,23,200,0.14004466774188484
2023-03-18,7,105,0.09070174804937703
2023-05-10,15,99,0.31428082112779376
2023-12-06,14,181,0.9905472898739415
2023-02-03,25,14,0.16344378622290923
2023-05-03,2,60,0.7918214233366422
2023-12-29,11,185,0.21922148598492708
2023-11-05,2,87,0.3588727907437158
2023-11-22,11,120,0.20605867505709075
2023-03-20,15,75,0.14650366682592952
2023-08-10,24,119,0.23201848236332145
2023-03-12,24,151,0.8611916945333492
2023-07-04,25,190,0.23454412252789336
2023-03-30,14,10,0.8865289868598432
2023-12-10,6,64,0.8293850800018009
2023-07-29,9,156,0.9297493156875171
2023-01-02,16,115,0.5898103241897127
2023-10-20,5,28,0.678530033756464
2023-07-01,2,139,0.05691122079367894
2023-04-14,10,103,0.4023960098481143
2023-05-20,24,57,0.9132710472395168
2023-02-19,23,68,0.014595179092923183
2023-10-03,17,176,0.2408695386465206
2023-08-25,13,45,0.8264285784105979
2023-07-01,25,81,0.15492078406496856
2023-02-08,17,49,0.6681421292753349
2023-02-17,20,39,0.1970118473406075
2023-07-20,9,117,0.9005960331624995
2023-01-23,16,197,0.9491259229334861
2023-03-23,10,195,0.9888634494420672
2023-04-05,7,157,0.026654285271505707
2023-09-17,24,22,0.19059159038458073
2023-11-20,6,192,0.5479658695135067
2023-07-04,9,133,0.007352656570857374
2023-08-29,12,98,0.08844185909428137
2023-03-08,22,195,0.5151513674465912
2023-09-29,23,13,0.23747140097562258
2023-09-09,12,94,0.11091171350233697
2023-06-19,5,172,0.2773345297740347
2023-02-04,20,80,0.30775111029581226
2023-12-03,2,82,0.09609815011551781
2023-09-24,16,15,0.5183909808817355
2023-10-27,4,68,0.08285899731633817
2023-05-07,21,27,0.3831418439739801
2023-07-18,23,161,0.3170195644630167
2023-06-04,2,13,0.21219780179593806
2023-12-05,3,17,0.4270043486851688
2023-02-10,12,31,0.16936320950092076
2023-04-29,13,40,0.40596927683707196
2023-05-22,20,1,0.18414282274372473
2023-12-09,2,130,0.00839394045546682
2023-09-05,18,184,0.10849159002572761
2023-12-14,13,183,0.929207347636321
2023-01-28,12,83,0.6747510687402312
2023-09-26,12,161,0.4754589789528496
2023-01-17,8,95,0.018849314621775526
2023-01-05,5,141,0.035388939947929465
2023-04-27,15,108,0.3760941285647964
2023-01-09,21,39,0.8081218632036804
2023-11-27,15,88,0.6525047198889983
2023-01-09,1,72,0.36206595068660996
2023-07-02,14,31,0.4302707538435082
2023-05-06,20,25,0.15520241012210034
2023-03-08,17,196,0.8010118758444191
2023-12-02,8,147,0.2987644165358009
2023-06-07,24,168,0.1347489424623911
2023-11-22,6,26,0.9549887313535586
2023-09-03,19,198,0.13629473039850448
2023-05-21,19,96,0.6942127956139948
2023-03-13,16,95,0.18229894838532412
2023-11-16,20,65,0.7201401456696471
2023-03-23,8,26,0.6097362561501937
2023-03-03,9,2,0.49379709291072016
2023-06-22,9,114,0.004766533300772369
2023-10-19,24,141,0.3608674356064888
2023-07-14,7,22,0.5873226699267667
2023-04-20,8,196,0.7448239758782523
2023-09-16,15,65,0.05407125143644065
2023-10-17,14,40,0.769861747350891
2023-07-02,4,137,0.007314836170649208
2023-10-22,7,83,0.9895148784193895
2023-05-28,3,92,0.03673216530039025
2023-04-13,12,174,0.9644977996048888
2023-05-19,14,6,0.6560461671265124
2023-07-04,4,2,0.5713089358974857
2023-10-07,2,25,0.435851162850887
2023-11-11,22,19,0.43870415670141627
2023-03-15,17,123,0.5358812849909449
2023-08-22,20,136,0.8475236756351895
2023-11-01,3,122,0.595559412720328
2023-08-13,21,51,0.6981723374556773
2023-06-04,1,159,0.7604097201728653
2023-08-29,7,33,0.28523568284847833
2023-04-23,20,155,0.05019410437701777
2023-07-13,9,146,0.7207551389860782
2023-12-20,22,36,0.34974473949502927
2023-09-28,19,136,0.1096212609553624
2023-11-08,7,67,0.6462103847370241
2023-07-05,16,131,0.11988888105990847
2023-04-05,25,89,0.981528516381936
2023-02-11,17,94,0.8830774791343224
2023-10-12,23,104,0.8880223620853185
2023-02-26,19,110,0.4706352391019514
2023-05-02,11,14,0.17644943137705205
2023-07-02,15,13,0.9250303923788956
2023-03-27,3,36,0.4990970621529284
2023-05-26,10,23,0.4714512253552723
2023-12-12,24,64,0.2018258373730616
2023-05-16,7,172,0.22500446348306757
2023-03-27,13,53,0.1766349597887118
2023-04-13,12,151,0.6069386204179278
2023-06-16,12,181,0.8809781443161573
2023-04-24,16,141,0.39949234825789137
2023-08-18,8,63,0.5746552220763589
2023-01-06,6,100,0.279154329781223
2023-03-26,23,46,0.2786982217042697
2023-02-12,24,92,0.42996800858444684
2023-03-25,1,171,0.7766744430726145
2023-05-03,20,74,0.0316026529908936
2023-02-04,23,32,0.7267530072959493
2023-08-17,21,180,0.13008767247260966
2023-03-04,25,96,0.06565207452274291
2023-08-02,4,147,0.12224520807766093
2023-06-14,15,86,0.5102282807192304
2023-08-04,20,175,0.24079758125002215
2023-03-21,7,24,0.654378398243111
2023-02-21,12,23,0.13147230974249668
2023-01-14,14,113,0.19959570928530856
2023-09-12,16,147,0.9316221381948884
2023-12-24,23,101,0.42838573331491037
2023-08-03,18,53,0.7282274146044736
2023-10-20,7,43,0.9335770347600364
2023-09-11,6,39,0.9433499252770013
2023-07-27,9,142,0.07494891233652001
2023-05-05,1,169,0.6602989595869442
2023-01-12,5,83,0.48928585686147774
2023-06-05,1,16,0.7796241532544737
2023-12-18,11,130,0.8371005810302733
2023-12-01,3,141,0.6428357105691751
2023-01-22,15,119,0.36293028039502284
2023-11-05,17,170,0.8971845492754856
2023-12-03,9,137,0.1483517095042476
2023-11-02,11,147,0.8827499619350401
2023-12-31,14,24,0.373400473997619
2023-01-27,2,64,0.3678781868909782
2023-11-15,12,117,0.5783799632392727
2023-01-19,20,18,0.7626099392889861
2023-10-11,19,148,0.6399220366964383
2023-10-01,14,151,0.8132760802041068
2023-12-14,14,72,0.5597958380964559
2023-08-26,5,150,0.22152253112591502
2023-05-15,1,26,0.3477767664951803
2023-10-06,6,162,0.5956652356759912
2023-09-09,11,21,0.006700585597047115
2023-09-12,2,126,0.35633915911825853
2023-01-23,24,104,0.8507746151323927
2023-07-15,12,117,0.7266137016167573
2023-12-01,20,80,0.08560697900367675
2023-07-08,13,25,0.7286851644203394
2023-07-17,7,191,0.597855574439113
2023-12-23,2,91,0.3156016247783373
2023-11-08,4,163,0.8510109183370737
2023-10-05,25,44,0.9727708099090222
2023-05-25,16,41,0.4559201811788125
2023-04-09,23,118,0.4745314715106327
2023-10-06,4,18,0.22025249520443002
2023-08-25,20,164,0.6306094309734659
2023-01-14,8,157,0.7313437920940242
2023-12-17,16,199,0.9045784347239534
2023-09-27,4,97,0.11170183918831011
2023-05-07,14,33,0.5620834473095525
2023-12-03,18,74,0.3467708544636888
2023-07-11,18,102,0.6971023087020881
2023-08-05,18,61,0.02268245184576223
2023-03-14,17,124,0.028385821419449786
2023-06-09,16,101,0.2852117551850397
2023-06-14,22,74,0.14833964987232073
2023-09-26,2,146,0.7206738867267184
2023-03-16,2,129,0.9303836517048599
2023-12-10,19,82,0.6660726521284194
2023-05-24,2,54,0.9377887479262106
2023-07-29,18,49,0.22608436053717407
2023-10-01,6,22,0.6232869788982801
2023-10-13,9,153,0.8857000913138355
2023-08-04,6,136,0.9057856807861526
2023-06-12,13,28,0.3128471198230235
2023-07-04,24,104,0.6389164687263954
2023-06-28,14,188,0.7630356272602082
2023-11-18,12,192,0.27206217380304154
2023-11-27,23,36,0.9824752898524927
2023-03-31,4,62,0.6917536884370915
2023-05-06,1,59,0.08792315939974993
2023-01-25,11,181,0.33403745974163346
2023-05-24,14,73,0.5135075986369285
2023-02-16,16,20,0.9097357908443708
2023-07-07,21,138,0.299979811942939
2023-12-26,22,24,0.5478211878218988
2023-12-08,22,191,0.36326269975098713
2023-04-27,3,26,0.6236390742394751
2023-04-14,21,46,0.3400980213180683
2023-02-04,16,54,0.7156411259398576
2023-07-09,21,75,0.9614700166911686
2023-11-27,16,26,0.3877927355139422
2023-11-28,7,138,0.3327509481422266
2023-02-11,18,103,0.060041935657831225
2023-12-31,3,65,0.20032383399859877
2023-05-09,3,155,0.561696813076819
2023-07-24,25,144,0.07101200335013136
2023-01-21,22,128,0.10093359292334214
2023-09-03,21,29,0.7692559011351782
2023-12-08,7,152,0.6113546335371906
2023-05-12,9,187,0.7100152533886573
2023-09-09,23,158,0.7905589988091383
2023-08-03,12,196,0.1587066749154845
2023-10-23,10,134,0.5279415134119191
2023-04-18,13,128,0.9777350142444285
2023-01-29,5,80,0.04559307267274659
2023-06-13,4,103,0.1734845082621691
2023-09-25,13,98,0.17034588990324384
2023-11-27,21,25,0.6140950109307658
2023-11-03,1,27,0.8915298719103087
2023-08-26,25,77,0.9649186457711253
2023-09-12,20,111,0.30709689840213306
2023-10-10,6,20,0.0649424131032682
2023-03-29,21,98,0.9938385878818187
2023-04-02,3,24,0.7344548831240384
2023-07-21,22,157,0.03982911056214278
2023-05-08,7,131,0.08473966969987923
2023-08-01,18,200,0.8938810305110171
2023-06-09,18,193,0.5516008965284139
2023-11-15,17,121,0.20471146603116808
2023-07-15,17,44,0.8970538274907628
2023-09-08,23,166,0.8327277979182978
2023-09-11,3,110,0.6936340775164962
2023-04-20,12,87,0.7563801589260112
2023-03-13,21,123,0.15557309965893917
2023-10-09,20,24,0.2403802158270082
2023-05-12,16,176,0.4425535679998671
2023-08-01,17,74,0.7472663302162759
2023-02-09,2,19,0.43111304311187304
2023-09-28,7,157,0.019194816276221993
2023-10-13,5,193,0.5859351898163856
2023-07-23,8,147,0.5257010517309884
2023-05-05,17,135,0.7157382312752675
2023-01-22,7,168,0.10515181202833002
2023-02-05,21,175,0.030055969254619286
2023-11-04,13,124,0.7608484752877113
2023-05-13,17,133,0.3603488364808052
2023-10-14,9,105,0.20189314239705924
2023-08-31,16,111,0.8390181031284811
2023-10-21,6,117,0.10292950223384179
2023-03-27,1,184,0.9941493963317303
2023-12-24,16,78,0.7330587857215836
2023-03-01,16,16,0.9640919175259515
2023-01-28,19,133,0.8674316383165684
2023-08-24,10,190,0.20301837877710716
2023-06-14,7,61,0.8626938793614733
2023-04-19,20,17,0.922527839186059
2023-03-03,15,24,0.9695620361106947
2023-07-02,5,146,0.2950312659539486
2023-01-13,12,26,0.09106003459137335
2023-03-16,13,146,0.4790669299217424
2023-05-16,7,53,0.8593040831549709
2023-07-14,4,131,0.5004843639016746
2023-05-26,11,130,0.15062010843189222
2023-03-30,2,64,0.8679669080489286
2023-11-01,12,133,0.3511791160389385
2023-12-03,3,59,0.4334728085236902
2023-01-14,19,38,0.32829550532430374
2023-11-12,20,166,0.7891525832809366
2023-01-12,1,97,0.7789177129569621
2023-09-17,10,74,0.9740328098706353
2023-01-14,23,139,0.1998462390737027
2023-05-27,11,148,0.05761942127440012
2023-10-18,19,135,0.036502278241279384
2023-03-16,23,134,0.6477547661300402
2023-01-14,5,177,0.30029090723974117
2023-10-01,21,141,0.04117462553115048
2023-08-07,20,119,0.5206053907917915
2023-11-08,9,49,0.252224675300047
2023-05-24,1,116,0.4836727025539087
2023-02-05,12,109,0.314047930368904
2023-01-01,16,47,0.057664191129235376
2023-10-23,15,52,0.5856760224058449
2023-08-01,1,182,0.22132927486346066
2023-01-22,1,170,0.13941612661046554
2023-11-14,1,24,0.06633305083689056
2023-08-12,16,99,0.3625250370649452
2023-11-30,3,24,0.4004176863654396
2023-06-30,22,149,0.49667674642745296
2023-02-26,19,148,0.942543344850509
2023-02-21,23,126,0.028099494862836805
2023-12-02,9,47,0.7208598492917045
2023-05-12,21,118,0.3990310474009858
2023-05-21,8,21,0.20206398611297094
2023-05-18,17,74,0.32916438478226184
2023-10-29,4,9,0.3149471846020937
2023-05-01,8,38,0.7920642447765316
2023-01-22,8,12,0.4155676807968439
2023-12-29,8,104,0.4369572588831254
2023-06-07,1,13,0.3306029263258844
2023-12-28,2,108,0.04220528921478328
2023-02-18,5,9,0.6846739991579235
2023-10-12,1,158,0.9135947793856959
2023-10-07,2,8,0.5321977253146918
2023-05-17,2,180,0.7183740614113542
2023-03-23,12,154,0.7388577425520622
2023-06-12,18,81,0.3703272619826682
2023-07-17,22,185,0.8123718989223194
2023-01-19,24,167,0.1974858219484832
2023-04-04,5,173,0.6920074261221831
2023-06-09,6,53,0.4639555600439601
2023-08-02,18,89,0.6952733152311266
2023-05-27,23,5,0.7996646027963088
2023-01-17,21,114,0.9665105375238754
2023-05-26,18,21,0.9027074315053726
2023-01-08,7,7,0.5964381426371975
2023-09-17,9,5,0.268421381282394
2023-04-13,20,107,0.35807912329254055
2023-12-16,8,169,0.9218118139574385
2023-02-06,4,53,0.2782262223779147
2023-11-03,13,107,0.29695780163921703
2023-08-13,16,61,0.7793268259871863
2023-12-18,12,51,0.46193301278535503
2023-12-19,25,119,0.017268624118912834
2023-04-23,9,111,0.4812941219595642
2023-04-10,14,95,0.5842006744653571
2023-05-06,20,185,0.19449953110654705
2023-01-29,17,84,0.26907181831854254
2023-08-27,13,61,0.8499728239507992
2023-03-29,2,149,0.4913852429015476
2023-03-24,4,47,0.4529873416418422
2023-04-15,4,129,0.6769095680978271
2023-06-28,20,142,0.3204543267004375
2023-11-30,23,99,0.36694285446666686
2023-04-14,15,62,0.36799980634594165
2023-05-31,18,137,0.8327816156371161
2023-03-11,1,166,0.07707519090676984
2023-04-04,18,18,0.30717159489438683
2023-09-25,1,85,0.6888696566510298
2023-10-29,3,127,0.9147245812368667
2023-12-17,10,169,0.895718131341306
2023-02-13,12,56,0.5299827683680735
2023-01-15,9,84,0.8504094804071297
2023-02-24,2,28,0.3391634575650656
2023-06-14,19,191,0.16166710581091037
2023-07-18,23,74,0.9798625155019686
2023-01-10,6,23,0.5448946586554819
2023-07-18,5,71,0.3023743008662799
2023-08-06,25,33,0.718763398365703
2023-07-19,16,157,0.22950572906994837
2023-10-06,1,121,0.07093942369695594
2023-07-16,20,187,0.8177512903521562
2023-10-11,16,63,0.7679281850184742
2023-11-26,24,16,0.3774427910956839
2023-07-14,13,103,0.44303655330908
2023-02-14,8,161,0.651119800452717
2023-11-24,13,143,0.3318166761843817
2023-04-20,22,199,0.10844194611621516
2023-08-13,6,50,0.7321573372869798
2023-06-17,14,32,0.36307975962937156
2023-01-14,11,100,0.25805779544126195
2023-02-16,24,192,0.26939097950186996
2023-02-24,19,114,0.20952098768184302
2023-03-04,1,196,0.5196561985884229
2023-05-05,19,164,0.8160662410798302
2023-09-04,16,60,0.5609581530725246
2023-03-20,4,52,0.5732514030880828
2023-01-31,12,165,0.011383374482091368
2023-03-27,25,91,0.17876191406869535
2023-07-21,19,126,0.6932842127717103
2023-12-29,18,48,0.3151250609096664
2023-06-21,4,170,0.37927514804245255
2023-01-25,5,193,0.05858479532260541
2023-06-08,19,179,0.34699179361535526
2023-06-16,2,45,0.3841771762358297
2023-04-25,19,73,0.513059351139322
2023-12-24,19,54,0.9166707837790078
2023-08-12,11,136,0.376299981236923
2023-12-16,2,106,0.31397143103217806
2023-02-08,6,9,0.1334348275845576
2023-07-16,14,4,0.3844351746480822
2023-11-23,25,17,0.0801861528262201
2023-11-02,9,142,0.30520585518947874
2023-03-26,12,64,0.9624170116759068
2023-07-07,10,26,0.19405824045130304
2023-05-12,5,194,0.14838139851595
2023-11-05,12,113,0.7955798371460825
2023-07-19,24,20,0.6229610687097845
2023-10-23,4,59,0.0551220280835244
2023-11-08,12,120,0.6387255945529526
2023-07-15,14,77,0.367855668291479
2023-08-14,16,131,0.15985358974731256
2023-08-02,16,38,0.9414595495687329
2023-09-17,3,173,0.6230942710571356
2023-04-18,20,143,0.16678763399501262
2023-03-23,16,71,0.12166577868267237
2023-09-14,16,73,0.6695604977471065
2023-01-15,10,160,0.32263598316127895
2023-10-13,10,76,0.7811406959878279
2023-11-09,13,120,0.057166477015910044
2023-02-24,6,98,0.6297521832789779
2023-05-31,20,169,0.9075914989909878
2023-12-05,25,111,0.3807261304808417
2023-03-09,1,115,0.5919789979796539
2023-06-18,25,51,0.5739187832949447
2023-06-13,16,116,0.5487586971520622
2023-09-08,8,197,0.38981873278979173
2023-08-05,14,188,0.5149155215081924
2023-09-25,3,4,0.0779006808411673
2023-05-08,5,182,0.4162585274953393
2023-12-12,18,90,0.5666052352749696
2023-12-27,18,76,0.9876817194234356
2023-06-20,9,106,0.39389797018202244
2023-03-10,15,122,0.21565878673315286
2023-03-09,7,106,0.8874509865180521
2023-11-10,6,143,0.09438966729337572
2023-02-08,23,10,0.25887997688389464
2023-05-29,9,197,0.4399183833826914
2023-01-24,1,99,0.2753000277023393
2023-07-02,8,56,0.44563605184718247
2023-09-13,6,68,0.040362569616418265
2023-07-25,5,198,0.15849964892751311
2023-10-14,8,46,0.13126552870924235
2023-10-22,15,25,0.8341150633492025
2023-04-30,18,147,0.5188646762331255
2023-10-16,15,190,0.5638356942821325
2023-10-21,8,172,0.30901209197400403
2023-07-29,7,161,0.24260408411290435
2023-01-20,17,42,0.28145969889836686
2023-12-19,25,144,0.9013905235483938
2023-03-23,14,60,0.7840209962575574
2023-01-15,7,72,0.5079698456139435
2023-05-04,21,13,0.6781470629788277
2023-03-04,13,89,0.613333819302348
2023-03-21,8,16,0.6409108512288791
2023-03-02,16,95,0.534891734314817
2023-01-16,25,139,0.5189895964504034
2023-06-21,23,11,0.24979276747448853
2023-01-19,3,152,0.7692570602407076
2023-07-23,1,63,0.11668314870848095
2023-03-10,3,73,0.44796276665277246
2023-08-17,19,17,0.7219544177168792
2023-09-18,12,112,0.2874073728573052
2023-12-17,19,3,0.8429333086867167
2023-03-05,25,29,0.46744721306792414
2023-09-09,18,118,0.7190720686548938
2023-09-17,8,133,0.618644146014482
2023-08-03,21,161,0.6788768062755169
2023-07-13,14,166,0.4391708561014911
2023-07-04,16,25,0.5293398734308187
2023-07-15,7,84,0.7786346310011063
2023-03-31,24,31,0.3381309162089795
2023-07-31,5,93,0.1725603402301812
2023-12-17,4,100,0.9352979303349702
2023-08-10,24,32,0.0860441100560746
2023-07-08,5,151,0.5809794349679739
2023-11-18,6,18,0.12046804123681665
2023-04-27,20,189,0.11126814114017625
2023-10-11,18,12,0.44480589787135605
2023-01-16,25,142,0.4943514909535437
2023-11-15,9,52,0.5063212125617234
2023-09-05,15,29,0.6604155098859359
2023-09-12,17,177,0.890268136857586
2023-08-08,9,182,0.5403405460601556
2023-11-30,20,125,0.46369993871406756
2023-07-23,8,45,0.07355791500973408
2023-12-11,25,114,0.9601781678968627
2023-02-25,9,15,0.33239043840790017
2023-11-20,5,28,0.7539864970250096
2023-02-20,1,28,0.07267167908067929
2023-09-07,7,131,0.4680087537141737
2023-09-01,18,140,0.5512318529673668
2023-10-10,24,66,0.2690400026441053
2023-01-13,25,58,0.0032314767825728508
2023-12-23,18,59,0.4027313580988434
2023-09-19,18,164,0.0737451228024385
2023-07-30,18,75,0.5318168965281783
2023-12-01,2,29,0.7906250090071381
2023-11-11,12,166,0.474559338264136
2023-06-04,18,69,0.9584706678339622
2023-12-08,16,153,0.3181300609583845
2023-09-18,8,54,0.7513161784357846
2023-09-28,9,53,0.9587955551946109
2023-07-23,10,91,0.628269665742414
2023-12-25,11,174,0.5178626087743817
2023-12-10,24,165,0.4733193426176129
2023-02-27,1,122,0.48397608303651185
2023-11-10,22,171,0.5694523358082415
2023-12-19,22,162,0.4246695182024557
2023-09-20,8,19,0.3539328049025978
2023-05-11,22,84,0.16522690100524573
2023-01-03,19,57,0.1990744482654795
2023-05-12,21,89,0.3430274529659456
2023-12-31,23,46,0.5147824042212084
2023-11-23,13,96,0.16048888474170642
2023-12-09,23,157,0.9637416406330014
2023-09-12,7,52,0.7404742314025079
2023-02-20,23,163,0.23678585357530413
2023-08-27,1,147,0.604773681404308
2023-02-08,25,188,0.9162149959954817
2023-01-21,11,68,0.8420859243370344
2023-12-14,12,143,0.27390628516472926
2023-04-06,16,137,0.9814516051668213
2023-12-20,10,129,0.3899518693391586
2023-06-03,19,196,0.35600153061108597
2023-03-26,13,193,0.6055932696310242
2023-07-05,23,109,0.6260382720756347
2023-10-24,14,90,0.738595629127446
2023-08-12,20,176,0.7121165871429614
2023-02-17,2,141,0.9220921959156576
2023-10-20,24,179,0.5044722415914691
2023-06-22,6,132,0.6830616920751753
2023-05-17,4,198,0.04942841754228422
2023-03-07,7,80,0.3442745264422451
2023-05-16,20,62,0.6344920877533141
2023-03-02,3,141,0.959368954878106
2023-09-26,25,47,0.8698031941676081
2023-06-22,8,70,0.16525514544660447
2023-02-12,15,121,0.8092850602701134
2023-06-26,24,116,0.5451676180262368
2023-04-12,22,127,0.7153474130106869
2023-10-29,6,176,0.04817698463504627
2023-09-08,5,188,0.35111658172641735
2023-02-18,8,116,0.49919564829239427
2023-06-01,24,1,0.30485714326955315
2023-06-14,19,60,0.5470242392344198
2023-07-19,9,134,0.9434701310028327
2023-07-16,20,97,0.9005977678560085
2023-10-10,9,186,0.2595166394336752
2023-04-15,20,29,0.565204488620779
2023-08-30,4,148,0.33485503209873757
2023-03-12,13,105,0.25971226215927357
2023-10-24,1,129,0.4722612210509237
2023-07-27,12,75,0.8266621092896939
2023-12-28,7,1,0.08551989566067875
2023-04-19,6,5,0.7791568051937566
2023-06-07,14,121,0.6463747599717571
2023-10-05,12,46,0.947091080573498
2023-03-28,17,190,0.7689727441736344
2023-07-09,4,27,0.8349885919359832
2023-12-09,13,109,0.18232370926224972
2023-05-15,1,115,0.3794331230733531
2023-10-23,16,93,0.08453422145909584
2023-07-11,21,121,0.3809568341312498
2023-02-06,6,68,0.8169207703638337
2023-03-22,18,95,0.8038523777570636
2023-03-27,11,80,0.46081483877923834
2023-08-16,2,156,0.3515531657561697
2023-05-30,23,151,0.795671388969764
2023-12-18,22,26,0.02014788324543748
2023-12-14,9,132,0.9543655149759913
2023-10-29,4,23,0.0173461365887827
2023-02-21,24,83,0.3627689849229907
2023-11-30,20,125,0.2843258828384846
2023-05-24,8,164,0.7559358453559762
2023-12-15,5,170,0.3668188371769511
2023-04-04,3,187,0.9674136860392685
2023-03-30,25,103,0.026397983719693485
2023-03-05,1,158,0.270679803849288
2023-05-09,8,76,0.26203946938295575
2023-08-11,12,138,0.8918631566986998
2023-10-02,10,127,0.3274629197103347
2023-02-05,17,27,0.42115932304869486
2023-05-26,24,200,0.1670079989454969
2023-05-28,10,34,0.20549402472175948
2023-02-26,24,139,0.3472263151473034
2023-02-10,4,197,0.5965534191671231
2023-01-18,25,186,0.06984088922766285
2023-06-19,21,22,0.8097793767177416
2023-02-16,12,80,0.41549464695414984
2023-07-31,22,14,0.9666936059630885
2023-03-21,15,54,0.8028227705577069
2023-01-03,19,168,0.4086398185613016
2023-09-29,4,89,0.7187283612048848
2023-08-03,9,85,0.6597759130229518
2023-05-19,15,168,0.6277783103537
2023-11-15,22,196,0.3268199829103515
2023-10-17,19,65,0.1271192039284197
2023-08-29,13,56,0.7050648351835602
2023-04-11,17,77,0.10873325175899617
2023-01-30,2,32,0.01494565018078664
2023-04-07,16,104,0.6825751534052634
2023-06-08,6,64,0.9517527509161156
2023-06-04,3,43,0.9752556883575465
2023-07-11,4,198,0.74326351135832
2023-02-19,22,40,0.30222113990752275
2023-05-23,2,71,0.013509526275702344
2023-04-02,6,83,0.9073428949003622
2023-09-10,10,9,0.11276515837470735
2023-12-08,12,197,0.1384032256865434
2023-08-26,4,194,0.6791353910522553
2023-01-21,22,89,0.6467385413173192
2023-05-05,9,117,0.8157469147971222
2023-08-01,19,46,0.6952815960092352
2023-09-01,15,90,0.1839128804935538
2023-07-22,25,195,0.7766114129300109
2023-12-08,17,123,0.39506823226379706
2023-01-25,7,31,0.13846226490863134
2023-04-28,4,160,0.87139518501281
2023-05-01,24,141,0.8344150954727568
2023-04-26,24,62,0.023151438190150864
2023-12-11,1,140,0.017620883711829682
2023-08-29,7,168,0.5579808183847691
2023-12-24,7,145,0.4539328622868495
2023-04-05,21,80,0.6019813526953768
2023-04-26,9,153,0.8818847539981071
2023-03-14,8,6,0.6900730517482748
2023-08-09,5,121,0.942206978298982
2023-05-21,5,72,0.9953233999086406
2023-09-14,9,7,0.5219051245237777
2023-05-11,12,96,0.09329622625209011
2023-11-24,10,183,0.09670380446788485
2023-10-19,1,50,0.7553509679870181
2023-11-06,1,180,0.4200570154356863
2023-08-17,5,32,0.5289473214093363
2023-02-05,22,99,0.9215850324163152
2023-11-17,4,69,0.4560136121078946
2023-02-05,25,89,0.8036519155666156
2023-04-02,19,13,0.14567210171136347
2023-08-22,7,174,0.6907459385618113
2023-05-02,3,42,0.1844049468345592
2023-05-02,18,13,0.02149464681904234
2023-10-19,2,166,0.7110214098026506
2023-02-10,3,100,0.11245650718585676
2023-08-12,6,47,0.4293460955477574
2023-01-07,22,48,0.036087316178540996
2023-06-29,15,175,0.3848373360888365
2023-03-15,1,61,0.17796647093012075
2023-06-08,5,134,0.168700211463661
2023-12-14,18,99,0.24776115646806351
2023-05-15,24,131,0.3934944330699155
2023-11-21,5,13,0.9885074275342839
2023-07-12,2,156,0.8406997102212695
2023-05-29,19,90,0.8553014557582491
2023-01-31,3,99,0.8029831655981856
2023-08-09,2,6,0.45230019209034933
2023-11-04,7,188,0.524359653005278
2023-07-28,18,199,0.15127872421564004
2023-03-10,14,18,0.8942722996031749
2023-11-25,11,83,0.6250161250967751
2023-11-18,22,79,0.7887600582586471
2023-10-29,3,186,0.7092549529801385
2023-05-03,17,194,0.8830114784476275
2023-08-05,22,91,0.782222169184916
2023-02-14,24,101,0.541350547327687
2023-05-18,5,2,0.2946341211214881
2023-01-26,17,97,0.9232163388851049
2023-04-16,14,169,0.8797964970532705
2023-02-12,25,152,0.7422572595871945
2023-11-23,12,93,0.5665737533615266
2023-09-15,21,96,0.8889719062187512
2023-07-29,24,128,0.03600653810952137
2023-12-10,9,149,0.41796890524058794
2023-10-01,10,183,0.30814825135400536
2023-09-13,22,78,0.22583792645587475
2023-08-28,9,158,0.931696673060733
2023-10-01,20,116,0.04616860195787942
2023-05-09,11,168,0.08155220339937919
2023-08-01,19,183,0.3512244827308155
2023-01-06,1,87,0.5010295668895091
2023-04-11,19,173,0.3930439315014794
2023-04-17,17,22,0.435137073831278
2023-02-22,2,188,0.7238137756521933
2023-10-16,25,135,0.9481105710485482
2023-07-09,24,179,0.6161851310530119
2023-01-07,14,162,0.9627747567204483
2023-10-24,16,92,0.9586029071047627
2023-06-25,22,4,0.14977777362437994
2023-02-24,6,192,0.4708274644351875
2023-11-16,21,191,0.9563246697118329
2023-07-23,12,115,0.004726000323852064
2023-12-10,8,44,0.5712407948275484
2023-01-30,21,103,0.5941174520118144
2023-03-08,16,172,0.6185377819389205
2023-12-30,14,116,0.2047095816844816
2023-07-24,15,152,0.15414548369045467
2023-10-18,8,127,0.3841379936014755
2023-05-28,17,175,0.9694727018828674
2023-08-27,23,169,0.19732268192243496
2023-05-23,6,87,0.03220473438718818
2023-02-22,9,117,0.5337714384433374
2023-06-11,19,12,0.5033302252429601
2023-04-22,3,177,0.4530057665564634
2023-03-11,13,3,0.5715486802531928
2023-02-01,11,50,0.6306365829482375
2023-05-18,20,113,0.15379383728035978
2023-06-14,7,21,0.5337683155065854
2023-01-28,18,149,0.35440543158641036
2023-01-18,1,197,0.9587971360616983
2023-05-21,8,114,0.26896940266673774
2023-02-18,6,98,0.8796837094160227
2023-09-19,19,39,0.5280599636925712
2023-01-14,13,14,0.39358783881098036
2023-08-22,12,130,0.2230481122944461
2023-02-11,9,165,0.227337944214678
2023-01-28,17,111,0.962082630497735
2023-11-22,24,125,0.24234332791481838
2023-08-19,2,43,0.752455137132399
2023-08-15,16,194,0.45154974942239445
2023-06-28,13,86,0.5751352826297552
2023-04-10,14,56,0.10166388017661576
2023-10-17,6,78,0.9389358522395882
2023-01-23,1,13,0.9357406725396981
2023-02-25,19,165,0.927474530065948
2023-12-06,3,174,0.4338500832940544
2023-10-01,20,33,0.7348670816878327
2023-11-27,3,99,0.3777419051197899
2023-03-25,16,176,0.6062989101080182
2023-09-14,23,89,0.38193268028561167
2023-01-20,14,79,0.15457129640198397
2023-06-13,16,82,0.31175123910704483
2023-04-19,8,71,0.8300478767933491
2023-06-21,7,150,0.4448463168367879
2023-01-27,13,173,0.42644613550293053
2023-02-09,12,155,0.2033242403386103
2023-01-26,9,71,0.6244118702091356
2023-04-09,22,43,0.9651943859070947
2023-07-23,24,100,0.6636776454834519
2023-01-26,18,108,0.7339878249144881
2023-11-09,7,140,0.9108893980449214
2023-02-19,20,118,0.7183010545606023
2023-10-07,18,53,0.08153192715962643
2023-10-20,8,119,0.24061518892241962
2023-08-03,1,151,0.20856260418127492
2023-05-15,1,176,0.9112309208256075
2023-07-05,1,58,0.06882287097521633
2023-02-18,18,144,0.8784631358959967
2023-08-28,12,21,0.8254135151370765
2023-12-10,19,59,0.6091925446768661
2023-02-26,5,18,0.987073073621881
2023-10-12,16,165,0.9330783699487527
2023-12-05,21,67,0.9980316113648258
2023-10-04,25,158,0.48791644628090225
2023-10-13,19,115,0.8353105265658264
2023-08-24,8,189,0.12582315205605965
2023-04-20,7,68,0.9973783160179635
2023-05-25,18,171,0.6317187896062554
2023-09-30,25,44,0.837100414353172
2023-10-10,20,22,0.08292039062670065
2023-07-30,1,153,0.8377518304029379
2023-01-05,18,128,0.9397743046504192
2023-01-03,10,2,0.772394042807782
2023-06-14,9,53,0.2420100622817748
2023-01-01,12,84,0.5155427890521539
2023-04-05,6,140,0.11092581757819275
2023-12-07,18,136,0.7098096395624848
2023-11-12,15,102,0.8962476106872231
2023-01-19,17,98,0.04204434263138923
2023-02-10,24,59,0.22668091751492914
2023-02-03,6,116,0.07872281884048482
2023-01-07,20,50,0.9950531178973275
2023-11-17,10,36,0.5945666243833542
2023-08-28,8,151,0.9207887963895651
2023-02-01,24,4,0.8579240415764775
2023-01-23,10,10,0.6483430330118987
2023-11-13,22,118,0.6481275224285734
2023-09-10,13,74,0.25107578335079184
2023-01-13,9,169,0.9448319821774736
2023-04-27,13,39,0.6822989443394544
2023-09-19,16,70,0.5903078301719453
2023-10-09,6,133,0.7093664040709085
2023-07-21,12,143,0.7356627514128469
2023-07-30,14,85,0.9846228627745781
2023-08-04,8,122,0.5605050403892908
2023-04-20,5,173,0.037063889397322636
2023-06-09,24,22,0.21934641043937964
2023-02-27,4,81,0.11321245880382447
2023-01-07,10,177,0.041538182737046236
2023-09-18,10,70,0.2734885468023178
2023-11-14,7,152,0.2512304619940755
2023-05-18,1,166,0.4857183118882319
2023-01-09,6,196,0.5463645700645995
2023-02-07,16,91,0.8330758455144173
2023-02-04,2,50,0.8195942804045575
2023-05-05,9,67,0.26773920808146845
2023-01-12,10,30,0.46394250389720915
2023-06-01,1,114,0.2129734444467195
2023-11-29,21,35,0.058146526700373125
2023-01-31,22,131,0.9094295534379168
2023-08-04,17,82,0.1509537923762454
2023-03-24,2,89,0.7682909887154915
2023-09-06,25,29,0.7588399222771279
2023-10-15,8,83,0.13912302206453864
2023-09-10,16,33,0.4512933791747955
2023-06-07,1,92,0.5809034161490405
2023-01-20,23,47,0.18879318675621648
2023-11-18,8,96,0.16647167164905297
2023-07-06,19,185,0.35427213766801224
2023-12-06,17,132,0.579633185502976
2023-03-31,14,80,0.600684492752472
2023-03-12,13,45,0.8972039963370652
2023-08-23,3,60,0.20058169816615068
2023-03-02,5,137,0.2527083337552315
2023-08-30,22,11,0.518670143129549
2023-11-17,2,172,0.39837444092752394
2023-04-20,20,182,0.05234801355888452
2023-07-31,7,180,0.20570479595111557
2023-01-13,23,98,0.22998351476474221
2023-10-08,19,153,0.8771463663266492
2023-11-24,4,50,0.49133389392705973
2023-08-10,24,21,0.6693599535653144
2023-10-30,14,11,0.5996044119585725
2023-01-11,10,151,0.055470161313666
2023-06-18,25,122,0.8290087851175348
2023-11-20,10,75,0.2676670040204757
2023-02-10,7,184,0.8302371596463631
2023-11-17,23,128,0.30185709260496274
2023-06-25,6,45,0.5947597441077539
2023-02-28,21,17,0.005310362159655968
2023-10-31,18,156,0.5132884683963258
2023-03-20,9,166,0.12720536786178283
2023-09-12,2,139,0.9275878584975821
2023-07-13,22,122,0.5977878414864588
2023-03-24,9,102,0.6574236559795374
2023-01-07,23,108,0.06960123581792166
2023-01-31,17,200,0.6098155838332373
2023-04-27,13,79,0.027625239361956044
2023-06-28,15,132,0.038851985464167904
2023-10-02,3,65,0.32837705913052617
2023-10-12,5,98,0.5790017861152154
2023-12-07,3,70,0.14439263230675192
2023-02-08,25,56,0.17710534745828166
2023-09-24,4,183,0.5763832528529444
2023-02-23,12,91,0.9404065207932544
2023-11-03,5,114,0.3564340352525148
2023-02-22,9,72,0.2836417242906045
2023-04-18,8,195,0.8507896216901296
2023-05-02,11,134,0.07216329317363379
2023-06-16,25,93,0.5462175340584482
2023-08-14,4,61,0.1674466412485115
2023-05-11,5,100,0.05772458483920517
2023-05-28,13,44,0.4115363960460654
2023-04-01,21,74,0.39571728391370753
2023-03-10,12,157,0.06780580608950659
2023-12-30,1,142,0.15688379451873413
2023-10-08,12,175,0.7690557421417515
2023-08-14,2,60,0.953904500667528
2023-07-14,1,113,0.35304094857006574
2023-09-24,7,92,0.2562738735588801
2023-08-06,5,65,0.529802371667099
2023-08-21,7,71,0.21631983760556506
2023-05-05,3,175,0.244407476746758
2023-11-12,22,129,0.6944727092764472
2023-12-28,1,33,0.5355608997806274
2023-11-02,6,82,0.82092040160674
2023-03-30,8,105,0.8479675969508194
2023-12-09,4,174,0.033593865189322836
2023-08-11,12,93,0.5647179172254903
2023-01-20,14,68,0.5399068629510847
2023-07-08,6,86,0.9222520582765296
2023-04-26,6,29,0.9842456289471838
2023-08-19,17,95,0.6374735874976
2023-09-04,10,154,0.21274008024489122
2023-03-28,5,62,0.6547560974564017
2023-02-24,15,162,0.8890412449092256
2023-11-01,20,134,0.11017148843150126
2023-07-18,24,99,0.3132600587694512
2023-11-02,16,103,0.33413930441487427
2023-02-15,1,105,0.6873420101412503
2023-04-11,18,8,0.6677297375858797
2023-11-05,8,143,0.36103527498487364
2023-04-28,13,144,0.9641156429399869
2023-10-29,5,131,0.3394717106069213
2023-03-13,20,163,0.452998645301825
2023-10-13,6,180,0.1960906270911953
2023-10-24,9,131,0.3156748426442332
2023-07-04,24,50,0.6269963924882263
2023-07-27,17,157,0.9698068835084929
2023-03-07,7,127,0.7058687792836985
2023-03-13,14,96,0.788347521718493
2023-07-13,12,115,0.43281557168449136
2023-07-17,11,31,0.5733949928814864
2023-12-13,4,188,0.47706359025256273
2023-07-06,3,161,0.3745555976685825
2023-09-23,18,108,0.2686851135083955
2023-04-23,20,32,0.2164312108942137
2023-07-09,22,187,0.1963419971960374
2023-01-17,15,166,0.3026810757717454
2023-12-25,6,53,0.7653303844836001
2023-02-06,6,31,0.5939995806007241
2023-05-29,19,85,0.33078941686180985
2023-12-17,3,27,0.029869279017945338
2023-06-11,16,152,0.09208911142861531
2023-05-10,11,62,0.7792247432767592
2023-08-14,6,161,0.5788518073025737
2023-09-24,14,62,0.6705491485178757
2023-06-27,22,150,0.7302075289078502
2023-11-06,24,57,0.17931012237275046
2023-11-21,5,136,0.7857894546073504
2023-11-11,16,14,0.20039627164647156
2023-09-25,14,199,0.48300861919554217
2023-09-09,3,9,0.22604941419662583
2023-08-18,13,159,0.6272234814602975
2023-08-03,7,144,0.843063725290307
2023-11-05,7,115,0.5044930947989126
2023-05-13,11,9,0.2964116622890348
2023-10-07,16,32,0.45453438673406366
2023-06-28,7,10,0.6294649508329977
2023-12-22,17,34,0.43412178518774003
2023-01-13,4,16,0.517694339526213
2023-03-02,9,123,0.19828444179638893
2023-03-06,7,198,0.3952440005214347
2023-07-18,8,92,0.4567026205151805
2023-05-17,4,105,0.7414002325952369
2023-04-15,1,34,0.6759772940899811
2023-12-24,8,155,0.2338195334561547
2023-02-11,22,139,0.2746927449661102
2023-07-20,7,134,0.5550010608348603
2023-05-17,3,161,0.3483783684099794
2023-07-31,4,54,0.7703071115901221
2023-04-28,23,175,0.17456135933703587
2023-02-12,1,80,0.8278151851076625
2023-01-20,3,193,0.07130340589893236
2023-05-16,19,99,0.8266141469097487
2023-07-16,15,58,0.6714077363552536
2023-06-21,6,147,0.520608563741061
2023-05-08,3,52,0.02881956201065161
2023-06-30,14,64,0.6661291099737207
2023-12-09,11,92,0.4414980918351171
2023-12-12,19,188,0.23384116467213367
2023-04-10,17,110,0.626307533206411
2023-03-01,24,113,0.008275535529670752
2023-10-03,5,72,0.8170025364035951
2023-04-19,23,132,0.29939791615035494
2023-10-12,12,75,0.6760220899490471
2023-02-12,7,101,0.848040620346765
2023-08-05,16,146,0.5470365964635137
2023-07-21,6,67,0.3976618608355095
2023-12-27,8,167,0.4861502020917392
2023-03-10,3,172,0.03430405484820054
2023-12-31,8,155,0.6027199217427133
2023-04-23,12,150,0.36771937256080556
2023-03-12,8,36,0.33304341130978243
2023-12-29,21,113,0.7268126334865588
2023-08-27,17,75,0.893442844392917
2023-10-22,20,118,0.13444007498271837
2023-03-13,4,196,0.4601363917038449
2023-03-22,14,131,0.0011346911744243293
2023-03-16,5,158,0.1502675505803298
2023-06-07,14,111,0.19549071950846864
2023-07-17,1,32,0.9578342812449526
2023-10-05,12,143,0.5810527130975333
2023-04-28,15,146,0.329680871664903
2023-10-20,22,131,0.6410927773473959
2023-05-04,14,28,0.8782828830522206
2023-12-23,8,54,0.9355262857285666
2023-11-12,25,168,0.31935958176214696
2023-05-12,20,174,0.32421028743027747
2023-03-26,3,155,0.27775222113709563
2023-06-28,18,104,0.938841842519621
2023-03-26,11,133,0.40548547220672804
2023-05-23,3,70,0.6429499127861351
2023-01-08,24,78,0.2808558531086448
2023-03-26,2,26,0.7485428719167088
2023-12-24,1,31,0.9327412038010575
2023-09-22,1,19,0.9528507044912707
2023-11-30,1,14,0.939600384848307
2023-01-16,5,79,0.3873372691335957
2023-11-22,4,185,0.9658459182945986
2023-06-17,6,148,0.9525715419748926
2023-03-11,18,48,0.37467423431937275
2023-10-07,14,95,0.47206993530893304
2023-03-04,5,166,0.41667675417388306
2023-12-16,21,192,0.15338908499500192
2023-05-04,1,69,0.35737042103459493
2023-03-06,3,70,0.7011212652088464
2023-06-19,21,9,0.2024129355515084
2023-11-04,6,41,0.4358050249142078
2023-01-30,9,180,0.48484366177740623
2023-07-24,7,199,0.3370222349328449
2023-05-29,20,101,0.6467672752984035
2023-01-27,13,101,0.4148566916385795
2023-07-26,13,149,0.9188724322304659
2023-05-29,7,33,0.5542638728124762
2023-02-12,10,184,0.1857290713846439
2023-01-31,17,46,0.84011867127169
2023-07-15,5,57,0.15775497429238983
2023-02-08,15,156,0.8865757640893406
2023-02-14,9,49,0.45839114148560467
2023-03-04,22,169,0.858309415557652
2023-03-03,20,136,0.9824921862873107
2023-08-29,23,121,0.5250319099020938
2023-04-22,14,61,0.4439157661861681
2023-04-12,10,159,0.4450394080160006
2023-06-24,24,39,0.4099163959608646
2023-11-21,17,184,0.45325165914443943
2023-05-10,8,200,0.09442675965677239
2023-09-18,4,1,0.5854144273447194
2023-06-21,8,57,0.2671807944721325
2023-04-28,19,75,0.19211397608252267
2023-10-20,16,54,0.4424238394182525
2023-12-05,7,156,0.10614141314047554
2023-07-13,22,118,0.7008991560820454
2023-08-13,8,1,0.968377472041207
2023-05-31,21,109,0.7516989797533644
2023-01-31,15,92,0.3775561343993271
2023-10-27,24,91,0.9631439592163391
2023-06-18,15,192,0.4073145794296533
2023-03-02,11,97,0.13191373246205762
2023-08-28,24,86,0.10701629096802567
2023-07-02,14,27,0.7348280627166776
2023-10-31,22,71,0.16433900470240403
2023-01-01,10,174,0.3102804561280166
2023-01-17,17,135,0.4495575442009706
2023-01-13,22,69,0.8117297167109879
2023-02-12,13,132,0.7724993767815812
2023-04-16,3,73,0.5047492252430406
2023-08-29,7,116,0.8880935411237788
2023-11-22,20,34,0.9083563197574301
2023-10-12,16,172,0.8550593271791446
2023-06-09,15,196,0.900081754464889
2023-02-15,23,165,0.07069394080545299
2023-07-02,14,63,0.7730267053150095
2023-06-19,9,103,0.33503786163266247
2023-11-06,3,162,0.198120803247808
2023-05-06,4,39,0.5935331452454146
2023-04-28,24,14,0.1517422516539806
2023-02-03,11,46,0.5062268776616362
2023-06-16,16,136,0.7796629925749254
2023-10-09,1,80,0.8814891771592152
2023-05-22,16,64,0.1721760724049003
2023-05-01,9,118,0.1138524771296231
2023-04-10,24,6,0.40414292550115416
2023-11-20,12,23,0.6277990022709329
2023-05-16,7,6,0.3429125783480719
2023-02-14,21,174,0.12587883512297426
2023-08-01,4,54,0.47476950265140627
2023-10-09,23,162,0.31903095850685004
2023-01-28,11,40,0.7939130975954143
2023-10-11,22,2,0.324993795521749
2023-07-14,20,58,0.24372439382769584
2023-07-14,5,67,0.5167296747783305
2023-01-05,15,5,0.7999283649210213
2023-03-05,6,42,0.7969504309908736
2023-07-14,5,14,0.9841387044073834
2023-03-11,1,176,0.15588510290143065
2023-10-28,23,135,0.29447764648531627
2023-07-19,6,40,0.5866631928768267
2023-04-29,4,187,0.6116378510523718
2023-07-09,21,37,0.21364227976952088
2023-07-14,25,16,0.24878012118268222
2023-12-23,22,49,0.8265462388193756
2023-10-27,9,39,0.9308024454170954
2023-10-16,3,128,0.12029996800548914
2023-02-14,16,149,0.012014569663249541
2023-07-08,21,167,0.7559477474701917
2023-10-30,2,5,0.8866666332335642
2023-12-31,9,179,0.5973672479090433
2023-11-26,2,96,0.23572158519460096
2023-01-12,25,177,0.5930141309597333
2023-06-05,23,196,0.9390668983818236
2023-01-21,5,94,0.47193730451093197
2023-05-27,15,20,0.5082009472036341
2023-03-19,24,139,0.3129393502686495
2023-10-19,20,183,0.9051660576418971
2023-03-11,19,182,0.630640370142305
2023-02-09,21,190,0.020150605079345296
2023-07-20,10,129,0.9030511192041745
2023-01-05,23,130,0.9910145631193217
2023-03-27,1,178,0.4649403516344317
2023-12-09,25,67,0.6796424817615536
2023-10-23,10,153,0.5755118407130378
2023-09-13,15,21,0.5137209545513274
2023-09-21,1,96,0.7434101644235278
2023-05-22,3,184,0.3528093294992356
2023-07-19,19,28,0.840216056159982
2023-05-02,3,88,0.20216779422966324
2023-04-09,6,179,0.5228423647703748
2023-05-26,19,173,0.26219440529444005
2023-04-25,16,193,0.5059231442443958
2023-04-07,2,149,0.5353536514643737
2023-06-17,1,155,0.2824327449784364
2023-11-29,13,63,0.671181242215889
2023-12-02,8,120,0.20609150970677415
2023-08-16,8,34,0.09157351558050553
2023-03-27,16,42,0.4932292166016782
2023-12-27,4,158,0.9855057169637296
2023-07-14,16,99,0.11855712914157801
2023-10-24,8,71,0.917517792690299
2023-03-23,20,28,0.7636013252340199
2023-05-12,14,86,0.486446336890913
2023-01-11,9,33,0.15047061682384877
2023-05-01,4,108,0.012075330077922941
2023-11-20,12,136,0.4708181510928343
2023-04-29,22,47,0.46091238240242993
2023-03-20,14,176,0.8677337056107315
2023-07-06,7,24,0.130880096829318
2023-02-28,10,154,0.21050053693029547
2023-12-04,18,130,0.8702808813856975
2023-07-25,7,132,0.6798359575576939
2023-11-15,22,149,0.867799867468149
2023-11-01,16,128,0.775636581245806
2023-04-11,18,199,0.6287631054566646
2023-12-11,25,103,0.10465154472963101
2023-01-15,1,150,0.9800909391417915
2023-12-06,17,113,0.6086338157176616
2023-04-11,3,44,0.46552633996888004
2023-06-15,16,95,0.9788807587823559
2023-12-21,8,142,0.5786201939732396
2023-03-23,18,9,0.8117474234081503
2023-03-29,19,56,0.6282777843654304
2023-04-03,12,181,0.07258822386113473
2023-01-25,16,32,0.24610702489711445
2023-05-18,14,6,0.3340965490820157
2023-10-03,23,87,0.20863808155842944
2023-06-03,12,179,0.6918764139987238
2023-09-18,15,186,0.7176371662234023
2023-04-19,15,59,0.20606492258389386
2023-09-03,20,199,0.6706046698149297
2023-09-07,11,127,0.7765186651509068
2023-01-02,11,23,0.8649057284372329
2023-02-18,3,148,0.21273095664179786
2023-04-11,22,176,0.42929784697053164
2023-08-11,22,169,0.8744849024736217
2023-03-05,13,88,0.6594511576156228
2023-10-27,20,15,0.4224886054095509
2023-12-11,7,50,0.06950846636351304
2023-07-13,2,84,0.1668060951478998
2023-08-29,16,199,0.8482679331148565
2023-03-31,18,123,0.24980102485319688
2023-01-28,24,77,0.7726235947504713
2023-10-21,6,113,0.02994612043664624
2023-01-19,5,90,0.8980485370015955
2023-11-06,24,98,0.9327174395073116
2023-01-09,2,42,0.42382102218032613
2023-07-01,18,115,0.6795753494852034
2023-05-19,16,144,0.8270175633889797
2023-09-16,18,85,0.0815455035817172
2023-02-09,5,156,0.6437540164073603
2023-02-27,12,118,0.8788339304915795
2023-03-13,23,13,0.9606262763285508
2023-02-11,20,189,0.42575761526121025
2023-09-27,3,26,0.08875453798415012
2023-09-17,19,197,0.6282102285873296
2023-11-16,16,129,0.5179497459287266
2023-07-08,12,52,0.789556681323642
2023-01-12,19,135,0.3368360717376172
2023-02-18,10,169,0.15840690828746262
2023-12-04,12,25,0.07515424411357297
2023-02-23,9,65,0.037463748204760394
2023-04-08,23,34,0.5710326943243395
2023-01-27,11,30,0.7466724222719321
2023-04-06,17,44,0.05843549026205819
2023-01-14,17,22,0.8398022386816274
2023-10-29,21,176,0.43382754215082486
2023-01-13,20,185,0.8480543789319772
2023-01-27,24,166,0.4201138818128889
2023-08-14,15,40,0.0697371703666061
2023-03-18,16,178,0.7602176563482836
2023-11-10,5,200,0.2418280573170114
2023-09-26,16,23,0.8665886915829905
2023-06-29,5,175,0.49267986444678413
2023-12-09,9,143,0.8253925769473527
2023-05-02,22,93,0.05876834881935411
2023-01-30,25,121,0.5468052350503239
2023-03-03,25,55,0.5336937836818566
2023-02-26,7,35,0.8038258598604278
2023-10-13,9,187,0.97954473243611
2023-05-09,10,11,0.7863583202503778
2023-07-30,2,101,0.6325722368527579
2023-03-28,23,95,0.7974255659713068
2023-04-08,18,95,0.9718469471056007
2023-05-11,5,169,0.32145806996850446
2023-10-24,5,76,0.8857222388822843
2023-01-21,6,74,0.2777083677994321
2023-11-28,20,164,0.7966016677036472
2023-05-02,17,93,0.5799115256276716
2023-09-27,9,191,0.08337375658211965
2023-05-29,22,6,0.5131039563259953
2023-08-30,5,146,0.033360336574502436
2023-06-23,24,183,0.1336288836429681
2023-07-15,12,119,0.7451694184597701
2023-02-15,25,155,0.7957262152425708
2023-10-31,14,131,0.41180899083784983
2023-01-28,21,124,0.49414467943910045
2023-03-29,7,129,0.49031613421202136
2023-05-05,5,71,0.3899072528483557
2023-10-19,17,199,0.5409741668583453
