date,store_id,product_id,value
2023-09-30,17,121,0.8108880137683439
2023-07-22,14,7,0.6812910085456532
2023-02-28,14,190,0.8140958223988565
2023-09-23,7,9,0.9222093441313809
2023-03-25,24,52,0.6591449457586355
2023-09-18,9,176,0.08469080308609189
2023-12-04,11,71,0.030263878545944256
2023-06-14,2,141,0.6630359328835431
2023-08-15,5,177,0.17749751265607283
2023-03-23,21,164,0.49077924706654985
2023-04-15,16,192,0.5443106152456121
2023-05-29,17,62,0.23875676268758128
2023-12-25,16,192,0.17688854535792975
2023-04-30,17,25,0.3788570857618593
2023-11-09,11,4,0.61984254473982
2023-09-25,15,76,0.6776252677198826
2023-06-23,7,197,0.20622231893314413
2023-07-16,8,37,0.3404938314461835
2023-10-26,7,65,0.7209018226134449
2023-04-28,16,81,0.6646892444234331
2023-05-06,2,169,0.046546465352501065
2023-09-22,15,25,0.037121868430835314
2023-01-13,10,52,0.19547575157829
2023-10-16,20,90,0.3773992674812071
2023-02-23,9,141,0.13014637593564993
2023-05-27,2,85,0.38724926598858833
2023-07-29,19,158,0.4683291759160775
2023-03-06,11,128,0.9991706799096266
2023-05-03,18,87,0.20162972429444226
2023-01-05,21,26,0.806673175343597
2023-07-13,4,58,0.15566721227292757
2023-04-24,19,110,0.606487934847259
2023-05-15,12,193,0.3338464892438877
2023-07-29,17,8,0.894361694928401
2023-08-15,7,138,0.5291335586755737
2023-10-04,6,111,0.09129797322819055
2023-05-21,9,103,0.15210747634324828
2023-10-16,10,132,0.7726452834628651
2023-02-27,14,56,0.9303306879242742
2023-05-02,18,177,0.9310987574417263
2023-10-23,23,18,0.5828479900890066
2023-02-04,20,29,0.11681142200682249
2023-06-03,17,144,0.19782579928149158
2023-11-20,22,9,0.4916172626667934
2023-11-30,8,15,0.5753741982031775
2023-06-01,11,73,0.591968739842327
2023-09-28,18,179,0.07412906147761145
2023-07-28,19,80,0.7774009393284048
2023-03-29,7,110,0.02197057321308693
2023-09-22,17,93,0.0956354393096377
2023-11-05,13,33,0.6873777917200514
2023-02-13,24,57,0.25768363805835226
2023-06-23,19,117,0.6674516247728087
2023-07-19,17,5,0.7345234984308887
2023-10-18,10,30,0.6946876485611624
2023-06-02,2,103,0.08970247160173161
2023-06-06,9,3,0.8929968448011348
2023-02-13,10,195,0.0751626255673139
2023-01-30,1,78,0.43590504012099196
2023-03-04,5,146,0.02860412829116854
2023-09-08,20,188,0.3712941731561893
2023-08-11,14,112,0.5099007292661435
2023-05-23,7,74,0.5516044126493428
2023-09-08,22,194,0.9676500978415525
2023-10-17,4,43,0.9061346801150445
2023-02-14,5,74,0.60925550414383
2023-01-01,24,9,0.9795226054245076
2023-08-05,18,143,0.7659583865464399
2023-04-28,23,181,0.5070083156237408
2023-05-05,17,116,0.31267037984392176
2023-05-03,6,136,0.9379823789750431
2023-05-23,20,78,0.911506132718872
2023-04-28,24,191,0.6850022840888834
2023-06-21,18,153,0.9450928920494447
2023-10-17,11,4,0.14118963299596876
2023-10-19,18,89,0.002788058864599652
2023-09-10,22,111,0.18117006519495038
2023-01-07,22,126,0.10906579821700069
2023-06-25,20,88,0.4273134375156207
2023-03-08,17,174,0.5000767532626038
2023-01-15,22,196,0.8137340277563421
2023-01-17,17,16,0.2743234481760283
2023-10-23,8,50,0.18547843488895832
2023-10-06,25,29,0.24862745236721295
2023-08-10,16,185,0.49379870438070383
2023-11-13,3,160,0.2014723085375878
2023-02-22,12,102,0.6513254045997199
2023-09-04,21,65,0.821183389220191
2023-05-09,5,111,0.2765178745179422
2023-06-21,8,158,0.5450193738142166
2023-01-06,18,118,0.5162875573480611
2023-10-24,13,142,0.9884750027274749
2023-01-07,11,105,0.7611310176183017
2023-06-19,6,100,0.2535398091955301
2023-07-03,1,134,0.3740084538938272
2023-10-17,14,64,0.988947155928185
2023-09-02,4,95,0.762543017166106
2023-02-12,14,67,0.5525039019826955
2023-09-12,23,116,0.48760285069865716
2023-08-05,12,66,0.3539742445713482
2023-11-24,23,190,0.4221842981348668
2023-08-01,21,33,0.04197548333854695
2023-10-31,10,170,0.01515243392285981
2023-03-20,19,87,0.39371956806151387
2023-06-04,25,167,0.32643366597144063
2023-10-31,18,24,0.14955924135294774
2023-07-10,9,180,0.9395323303370863
2023-06-20,25,56,0.4686280204313632
2023-12-12,25,120,0.3866957534958839
2023-06-07,23,179,0.5162749521487933
2023-10-21,22,72,0.4760615152689036
2023-06-21,12,42,0.35585526466424455
2023-04-07,3,146,0.7813591051024679
2023-07-31,7,188,0.46309236996594383
2023-12-08,25,147,0.05780613206996699
2023-10-01,18,43,0.10898980228022848
2023-12-18,21,40,0.5152613683903541
2023-10-03,23,52,0.2817146460045078
2023-08-05,18,28,0.7742178435347086
2023-01-25,5,189,0.029741889227541507
2023-03-17,5,79,0.1409138572593468
2023-09-19,2,164,0.34384420313569575
2023-11-15,8,151,0.36682785489806014
2023-01-31,4,165,0.519146809521471
2023-02-16,25,61,0.4573563268137778
2023-09-28,21,54,0.10804515073749632
2023-09-30,5,114,0.6970262999091178
2023-02-04,8,131,0.7551464593625983
2023-11-02,8,135,0.8533130320983735
2023-04-14,22,128,0.2540119067107811
2023-02-09,11,187,0.04731138692146708
2023-01-12,6,186,0.15586621994286431
2023-12-17,5,132,0.793172231791601
2023-10-06,8,17,0.49917511494362266
2023-09-08,11,142,0.3516849777289792
2023-11-07,4,125,0.7981813850974868
2023-07-27,14,150,0.19908838789628303
2023-05-04,1,151,0.8652544325598862
2023-01-30,17,40,0.6225160874088126
2023-04-11,25,111,0.7577715279580572
2023-03-10,5,177,0.8108072173233508
2023-11-21,9,122,0.6323159150498583
2023-08-30,7,35,0.607661891196122
2023-11-17,11,117,0.009517693138406336
2023-02-04,12,25,0.38156232568715187
2023-03-11,25,135,0.07015129163980438
2023-06-03,11,141,0.7146926905707156
2023-09-21,23,26,0.5620528487064934
2023-03-02,14,62,0.8519510128245055
2023-07-02,11,192,0.6106126771598513
2023-10-23,20,166,0.7567020070671896
2023-02-02,19,162,0.30669143326175996
2023-06-21,3,180,0.8629364883264471
2023-02-05,15,4,0.030850962036819585
2023-01-14,8,125,0.9267224776454145
2023-08-27,15,69,0.10679940768184149
2023-10-31,16,200,0.17581826237516207
2023-12-03,9,63,0.8854763748783847
2023-09-27,25,40,0.23253742511692344
2023-02-25,8,55,0.7268400714284547
2023-11-23,18,88,0.5066628481933417
2023-02-12,20,85,0.6901508198925447
2023-07-16,7,143,0.7158120815151828
2023-01-20,4,66,0.7863048589215444
2023-08-16,22,38,0.6994964481718428
2023-07-07,23,38,0.1457014288077817
2023-10-04,1,187,0.8315939606346964
2023-08-25,12,115,0.9158986401714095
2023-10-08,24,83,0.18930209533442865
2023-03-28,13,94,0.030004480187961535
2023-09-17,18,23,0.6163332858962907
2023-01-29,10,148,0.8087608215625864
2023-04-16,17,68,0.9040824165543876
2023-06-23,25,5,0.05957712543889726
2023-04-28,9,186,0.5607282511647603
2023-11-24,17,143,0.2346426487025317
2023-11-14,16,44,0.8036114887527886
2023-07-24,12,45,0.9757816350005059
2023-11-26,25,21,0.8014870996957387
2023-04-21,7,131,0.19188722563520244
2023-11-10,9,45,0.5469518396928623
2023-04-19,9,170,0.36743182954950626
2023-11-29,17,126,0.31826606467403873
2023-03-31,8,154,0.19503276026866223
2023-04-10,6,129,0.187369661093722
2023-12-04,6,25,0.8086655923277636
2023-12-25,16,61,0.18909318008164244
2023-03-31,15,51,0.1461973406152216
2023-11-01,1,90,0.7031662332293216
2023-01-08,21,193,0.7198885693512277
2023-03-22,7,53,0.460148887329913
2023-05-17,10,78,0.3608886803445974
2023-09-21,24,58,0.16367462281547596
2023-04-28,2,56,0.4926658945891703
2023-08-03,25,3,0.32133203315684766
2023-02-03,10,93,0.7087475961228978
2023-11-29,6,134,0.0012097466476719276
2023-04-15,3,66,0.13690380229789778
2023-08-09,18,6,0.1045296979534932
2023-06-11,6,132,0.7820030857998663
2023-06-05,13,159,0.4031939718619334
2023-06-15,9,30,0.7239424138352036
2023-10-10,25,103,0.6520291439587053
2023-10-25,5,86,0.07962999288494332
2023-11-26,25,120,0.05458334399653131
2023-03-06,6,54,0.38803486868102155
2023-01-10,25,70,0.012260480045347744
2023-10-05,3,13,0.8329577903996146
2023-12-09,22,28,0.4750492649870912
2023-06-04,24,130,0.7064988897254624
2023-10-13,2,23,0.582047815517181
2023-12-02,7,105,0.6252667330430972
2023-12-20,8,77,0.8928741476991704
2023-04-28,8,154,0.7468952409947868
2023-03-06,21,53,0.3077237877717859
2023-12-17,3,82,0.8632048743028983
2023-02-20,17,97,0.5919528311001954
2023-07-20,23,122,0.03776527208861291
2023-11-19,18,69,0.45235588743393484
2023-01-27,12,112,0.3025335101971245
2023-05-31,10,62,0.5049321866532676
2023-03-15,15,195,0.9076166820702786
2023-05-14,12,15,0.23577201253115165
2023-06-24,24,22,0.05855845187783881
2023-10-13,16,107,0.32883069169444645
2023-11-30,16,4,0.19678228054940716
2023-04-01,25,161,0.7761246539591287
2023-03-13,24,108,0.11648048495485575
2023-04-05,2,81,0.946935364446996
2023-03-13,13,85,0.9432843304226243
2023-12-10,5,94,0.3758392142241527
2023-09-25,3,98,0.15428348741515552
2023-12-10,1,95,0.7809645820693473
2023-10-06,10,88,0.2276989750624122
2023-12-03,11,15,0.3674725349361999
2023-08-20,11,11,0.29074705888046404
2023-10-12,13,85,0.6670362901792191
2023-10-14,1,200,0.7397629823531297
2023-04-04,4,61,0.9867100987533248
2023-03-13,16,92,0.08495468476641477
2023-12-17,20,167,0.02178712842172026
2023-07-26,2,144,0.1237262458394669
2023-09-11,23,162,0.7124397540954156
2023-04-09,13,166,0.3699618295864997
2023-12-04,2,152,0.7983310532062848
2023-01-10,20,55,0.8623870465063074
2023-09-28,23,58,0.7172832061183498
2023-02-28,5,105,0.6614307475218053
2023-05-17,4,132,0.4063219406289993
2023-01-14,2,58,0.5973712008911766
2023-10-13,12,187,0.004773303525921202
2023-07-01,18,75,0.20971508236159286
2023-11-18,20,117,0.04804748265090353
2023-03-15,6,107,0.2831138511965198
2023-12-18,20,21,0.31912789066487335
2023-08-08,1,190,0.5897468508774752
2023-06-03,21,135,0.4827002430408859
2023-12-15,19,12,0.3209532743558
2023-04-14,20,167,0.631506473151393
2023-03-02,15,37,0.23707937913222554
2023-11-28,17,68,0.04251114741015549
2023-09-05,16,176,0.5318478041385921
2023-02-24,2,32,0.37894945666607593
2023-03-18,2,188,0.12006203416001182
2023-07-19,12,192,0.41791341263760196
2023-10-17,5,31,0.7719746930069624
2023-06-14,22,159,0.47169869359633354
2023-07-04,2,72,0.8196185916569437
2023-02-05,2,176,0.25696344652114333
2023-06-29,4,130,0.6568546700757958
2023-03-09,18,110,0.06361382699190132
2023-09-06,1,121,0.2220704654163903
2023-11-08,18,189,0.4247541683048405
2023-04-12,2,33,0.14250986706054047
2023-10-26,2,60,0.8211117358373281
2023-11-16,6,64,0.40067391864979274
2023-03-11,18,37,0.2559842876469075
2023-08-01,8,195,0.31807617529429355
2023-04-24,2,14,0.880469341880227
2023-04-15,14,17,0.16224099646557644
2023-06-06,24,21,0.3712131429246427
2023-08-10,13,72,0.08983383923640587
2023-06-28,5,162,0.1952476543459043
2023-08-06,11,190,0.38556109732525046
2023-12-11,2,93,0.680253340767562
2023-04-09,22,144,0.6718306322317452
2023-06-02,10,155,0.6456169494182245
2023-03-23,8,137,0.04621272392499054
2023-12-31,9,33,0.12136606221544088
2023-01-02,15,40,0.29790314341088175
2023-12-21,20,37,0.7357513633597752
2023-05-08,10,80,0.5432362937695414
2023-02-24,22,83,0.9455824962701115
2023-04-08,17,53,0.7789782942386723
2023-09-14,5,44,0.48919166066772957
2023-12-23,2,84,0.36622985117421203
2023-01-21,13,123,0.6810362492885407
2023-11-14,16,64,0.5110864139192256
2023-08-02,20,94,0.398885074758655
2023-05-10,3,113,0.2162957732147811
2023-05-01,12,63,0.4078726486110077
2023-09-02,11,102,0.9485341145200141
2023-10-23,22,49,0.00501347870939739
2023-03-23,12,157,0.8497359140525742
2023-12-27,7,107,0.8481333120701734
2023-12-24,19,187,0.7565981625576608
2023-03-10,3,51,0.0078861403343371
2023-08-23,17,98,0.5283747011871212
2023-03-28,17,79,0.7552188736526024
2023-07-30,21,34,0.8438301702845119
2023-09-17,2,38,0.7621020132779208
2023-01-07,23,177,0.04247358468792284
2023-01-10,7,181,0.5393229052611299
2023-03-18,22,188,0.8146570437511792
2023-06-10,10,170,0.5883063519618574
2023-09-20,5,36,0.8879251691353076
2023-05-09,5,91,0.7104499795054415
2023-08-25,10,177,0.8909599581067629
2023-12-30,11,67,0.9556630935456614
2023-07-02,24,160,0.6895048075119664
2023-01-26,22,179,0.12961218403696984
2023-03-25,3,45,0.6088197715242938
2023-11-02,25,13,0.5566255595475246
2023-02-04,25,177,0.9547502708238094
2023-01-02,19,151,0.7245285433041602
2023-06-24,11,56,0.15569768005447426
2023-06-18,13,26,0.26903854233805413
2023-04-19,3,16,0.9719143878032647
2023-12-26,22,134,0.17511476092726141
2023-10-26,24,177,0.7102428634448154
2023-09-07,7,65,0.8446374191495473
2023-11-14,1,9,0.07612024335734557
2023-09-15,13,95,0.51261328802243
2023-07-10,1,111,0.49287630521545267
2023-04-21,9,180,0.17205849507008564
2023-10-09,19,136,0.42432696455220886
2023-01-03,19,158,0.6124612233400972
2023-06-05,16,118,0.6285110848584616
2023-08-01,16,54,0.5087882248917647
2023-08-21,20,2,0.38089482805086583
2023-12-30,15,151,0.06255020157449742
2023-07-15,20,97,0.768296514900638
2023-01-16,5,80,0.019399918260180615
2023-12-05,1,69,0.12132970975037871
2023-06-19,22,146,0.42502920403687716
2023-12-25,3,118,0.7508846444081481
2023-05-20,6,153,0.9078065450361138
2023-04-17,1,61,0.6008205513073755
2023-02-27,1,37,0.2657722866929221
2023-02-04,10,148,0.800614837805643
2023-06-08,22,170,0.5442060017231385
2023-06-28,13,56,0.2489015552132855
2023-03-30,8,77,0.5951409321227557
2023-09-12,2,86,0.41291460764662924
2023-01-10,25,41,0.8955480341300996
2023-04-06,8,149,0.1126718049788531
2023-02-04,7,54,0.46920397229581934
2023-12-15,20,160,0.8481017374451674
2023-08-21,21,97,0.7321439595286244
2023-04-25,4,144,0.532104956603435
2023-11-28,5,93,0.17898365113270132
2023-05-25,6,159,0.19957753685794466
2023-05-04,18,84,0.5289908561815536
2023-01-06,25,1,0.869981308464932
2023-06-07,5,146,0.9974773033029742
2023-01-11,17,94,0.6149522203008095
2023-02-21,4,93,0.524057972285107
2023-08-29,24,44,0.5033360567357834
2023-09-27,22,47,0.2035674294539973
2023-03-15,1,63,0.19204652278566026
2023-09-10,23,149,0.12751728456126787
2023-07-11,16,189,0.6456233417456473
2023-10-29,8,188,0.029282351195348943
2023-10-28,4,175,0.7212402092496477
2023-11-13,10,160,0.4819770104955584
2023-09-08,16,147,0.635627625678448
2023-12-24,3,122,0.09670619298889094
2023-05-17,16,167,0.31527090780790923
2023-09-22,13,122,0.3109370436070572
2023-12-07,4,192,0.2784273680733018
2023-09-23,8,33,0.9603469389630984
2023-04-11,21,66,0.7895074884727804
2023-05-09,21,72,0.3826723229824638
2023-04-23,9,178,0.6702557420007738
2023-01-29,20,76,0.9042032949647595
2023-04-04,18,3,0.9461193381088846
2023-12-28,25,179,0.9266887281668622
2023-08-04,17,63,0.23254565132074612
2023-09-09,5,71,0.3054108738763863
2023-01-04,13,79,0.3604051420648803
2023-01-18,6,184,0.5995762930689919
2023-09-10,8,67,0.14437437945405673
2023-06-14,5,122,0.3245831928440246
2023-08-23,4,30,0.11382704142531408
2023-12-21,5,109,0.4971008505972193
2023-02-01,20,141,0.5068132328865238
2023-07-22,3,135,0.7695766642190021
2023-11-17,21,92,0.8910376564363998
2023-01-05,7,24,0.8415580501833737
2023-11-11,25,155,0.12393546117998944
2023-01-09,10,127,0.41808297090846325
2023-07-17,22,192,0.6053748601602088
2023-03-29,8,145,0.10001469936441587
2023-10-04,7,73,0.17299754839789727
2023-07-28,15,85,0.5516822794922198
2023-10-04,19,72,0.8837497434881758
2023-10-02,22,149,0.6161413765379736
2023-03-11,20,85,0.4456147128123229
2023-10-19,8,194,0.2513069111987182
2023-03-23,10,88,0.4287143586776607
2023-10-16,24,41,0.6582367043938162
2023-04-10,5,68,0.9583077078951161
2023-04-28,2,175,0.5151594189515238
2023-07-30,6,200,0.9341488802982303
2023-10-14,14,40,0.9631436195229461
2023-08-04,10,7,0.6204986684022261
2023-03-05,17,15,0.06577473431438485
2023-10-17,14,99,0.771604759418878
2023-08-05,21,59,0.9828134841230213
2023-02-24,3,17,0.3724536975014654
2023-09-16,11,25,0.6427137991176237
2023-10-13,21,64,0.6924698878577218
2023-12-07,15,103,0.586096291768272
2023-07-01,5,23,0.8656635838146541
2023-03-25,3,193,0.9132092882592157
2023-11-19,23,147,0.6063517497011395
2023-06-08,7,129,0.605413396557393
2023-10-01,22,52,0.6944268273877727
2023-06-23,24,37,0.3751388375117528
2023-02-17,6,53,0.4117621901590848
2023-08-18,10,138,0.047151625815915144
2023-04-15,6,3,0.08379515537970528
2023-05-13,8,181,0.943767866850449
2023-07-19,20,19,0.4503426266465085
2023-10-28,21,30,0.4001927826558922
2023-01-09,16,148,0.7978933041022851
2023-08-23,13,183,0.9048178227046589
2023-06-01,14,113,0.013871303697492343
2023-07-30,13,197,0.2602759363287389
2023-12-28,3,142,0.08133111677744809
2023-06-05,10,13,0.19264850470906725
2023-07-24,25,109,0.20544876619305208
2023-12-08,25,112,0.6221433485881264
2023-01-05,17,178,0.3198089486512583
2023-07-26,20,98,0.9198373373341288
2023-08-17,3,70,0.07266241601504897
2023-01-10,9,85,0.8694475903114464
2023-10-25,22,125,0.09596805981398226
2023-01-06,9,1,0.3667000207670307
2023-07-16,8,64,0.32349715835873116
2023-11-17,21,23,0.5745633854166122
2023-04-01,5,159,0.2861064548322375
2023-02-06,23,159,0.47532700513180026
2023-12-08,8,4,0.38848463909363984
2023-07-15,1,164,0.42604192049803624
2023-03-21,15,114,0.5148838109038297
2023-06-11,7,120,0.8960429819107402
2023-09-21,8,135,0.5239491922962559
2023-09-30,15,121,0.928408657494495
2023-05-17,25,17,0.8943075650626827
2023-11-23,19,7,0.6036001514732676
2023-09-28,21,158,0.6528167075017978
2023-12-05,11,126,0.21656682360626855
2023-12-20,15,58,0.7352557946153704
2023-10-28,6,78,0.6490928971134988
2023-02-08,21,163,0.6564369973033527
2023-11-24,12,83,0.9954304437643103
2023-05-28,16,106,0.4893070656031836
2023-09-18,18,22,0.7467197198660126
2023-07-12,25,65,0.8565767544113133
2023-06-10,23,62,0.8227715906626921
2023-01-18,5,32,0.13022358188783123
2023-05-01,12,34,0.3508032595580779
2023-08-05,12,148,0.3824756379622557
2023-09-22,1,44,0.9938412111439515
2023-08-22,4,104,0.010522820836554758
2023-12-04,5,91,0.009203704364246557
2023-07-20,10,167,0.3818808349541367
2023-05-05,2,66,0.7651729926997053
2023-05-22,14,26,0.19390826333296196
2023-02-15,1,143,0.10812411373676034
2023-10-12,1,93,0.3435928085687654
2023-03-26,22,164,0.4188179678988193
2023-04-23,22,187,0.31434817180456187
2023-10-18,3,56,0.5015978414244537
2023-12-08,24,8,0.7237535617982189
2023-06-05,14,78,0.311786979176339
2023-01-20,23,173,0.8815150899637821
2023-11-02,9,162,0.889139740223034
2023-11-30,6,108,0.0031904426368869476
2023-08-21,11,186,0.3640349407946878
2023-11-14,12,134,0.6955792030422777
2023-06-19,15,82,0.2749347554098561
2023-01-18,15,170,0.8673617539137066
2023-01-11,17,79,0.1563096536545856
2023-04-01,12,78,0.006294693214657698
2023-08-20,23,79,0.16609326493486776
2023-11-03,18,110,0.9608579495632577
2023-05-17,24,97,0.5033388742818953
2023-12-26,10,120,0.3430241817677444
2023-08-06,20,100,0.013686377608308375
2023-08-01,12,6,0.4180286876175472
2023-05-29,11,60,0.06619457067961798
2023-10-09,5,109,0.03754521723892401
2023-07-23,18,158,0.7277889176632917
2023-03-02,3,48,0.8267029434314775
2023-02-08,5,107,0.512011547367819
2023-02-23,24,120,0.5014268680747059
2023-10-31,18,200,0.44862007780871727
2023-08-23,18,191,0.2632795441839464
2023-01-07,12,160,0.8878217000431349
2023-07-12,20,61,0.6039586987516185
2023-06-05,8,39,0.5048412492796901
2023-10-18,5,22,0.3877087176057127
2023-09-07,17,199,0.872868419787148
2023-09-23,19,130,0.9392974937744079
2023-06-03,2,177,0.816319103490782
2023-02-28,2,133,0.283922025810288
2023-06-29,3,34,0.5750839615343865
2023-01-25,4,71,0.4020233992303073
2023-04-19,21,82,0.363608804514126
2023-11-24,14,112,0.9761725471030084
2023-12-05,20,126,0.65801884646111
2023-03-18,11,186,0.5863160407042213
2023-12-20,24,9,0.7518360595118402
2023-08-04,23,104,0.5039943599144511
2023-03-25,15,12,0.9998474360262966
2023-07-07,3,165,0.8333858544360834
2023-12-18,20,196,0.7544566302865806
2023-01-15,6,154,0.2247179900785502
2023-07-08,20,171,0.9932212032385721
2023-12-23,22,172,0.28541553455497803
2023-03-09,11,16,0.24960515024092111
2023-11-12,24,3,0.678380189753051
2023-10-08,15,31,0.6684637990791433
2023-08-16,1,46,0.0088346760866721
2023-06-03,24,50,0.8246662872909105
2023-05-21,3,51,0.9574019448848003
2023-09-24,3,132,0.13547690908153087
2023-03-27,25,10,0.958949628334245
2023-02-10,16,119,0.2112098858813457
2023-12-04,19,129,0.08776840582195411
2023-04-15,3,28,0.7219580096985144
2023-03-03,22,157,0.9038287583338757
2023-03-20,3,32,0.9446298483994264
2023-05-30,24,96,0.5814181222896041
2023-05-11,7,84,0.7941474984796054
2023-12-03,15,84,0.051988900731301246
2023-10-21,9,187,0.7873455151608142
2023-12-24,9,27,0.15617682424329205
2023-12-03,20,120,0.13325192225600346
2023-07-02,20,187,0.08044914961925853
2023-11-18,25,126,0.5049441763309658
2023-08-17,6,81,0.8588295648790418
2023-05-24,2,170,0.7118188213855067
2023-05-05,25,141,0.27534892745721995
2023-02-03,24,78,0.7391243136974633
2023-11-19,7,170,0.8903551903694613
2023-04-26,25,87,0.9905684572787489
2023-12-22,9,129,0.4526837895552277
2023-06-17,21,169,0.3808180144637483
2023-01-28,2,71,0.06513762707350934
2023-11-23,8,136,0.5253975587077927
2023-02-03,15,34,0.9177349445945612
2023-03-09,6,132,0.11824537775400434
2023-01-16,19,169,0.14613435976417655
2023-12-21,20,18,0.6328430457246191
2023-04-07,13,197,0.4013791216854349
2023-02-11,13,6,0.3259847784378729
2023-05-11,4,118,0.3541186528023996
2023-08-17,9,154,0.2908247359474886
2023-06-01,6,21,0.5889052505091293
2023-02-27,5,43,0.6779353602756435
2023-09-24,14,176,0.6284877441149856
2023-04-18,25,101,0.5628690818077402
2023-06-22,2,172,0.6953895864867603
2023-12-09,4,198,0.6204850434199956
2023-01-03,14,190,0.4170387972037892
2023-11-23,9,171,0.6067332406847766
2023-05-28,12,176,0.814750572924829
2023-12-22,16,159,0.04686668707303865
2023-10-27,7,164,0.046860939730952844
2023-11-06,13,78,0.3001391007455504
2023-10-31,5,160,0.24247870412467032
2023-12-27,1,56,0.474187969409971
2023-04-03,19,95,0.23654293404980364
2023-05-29,20,181,0.7925891335867086
2023-05-28,22,142,0.6485499547732373
2023-08-07,7,4,0.8611157948000427
2023-04-26,8,121,0.8822524104614323
2023-12-19,1,68,0.24547998649978797
2023-03-10,4,162,0.8344119459641711
2023-02-09,21,35,0.5049647746428291
2023-02-05,21,57,0.2414896509705975
2023-08-17,16,33,0.9384275955296686
2023-11-14,6,93,0.6643608333498429
2023-08-08,1,100,0.8427485932058796
2023-01-06,16,60,0.16839487445564683
2023-11-25,11,65,0.9399618425103113
2023-10-10,22,96,0.5733232108741508
2023-09-01,13,39,0.7182687761030284
2023-04-25,21,165,0.2996355632748523
2023-10-02,7,150,0.814208984379433
2023-02-06,7,175,0.3797235205653623
2023-03-05,18,197,0.4023461030242149
2023-10-01,24,36,0.44481223367135847
2023-04-12,22,172,0.7862378214893158
2023-08-06,6,65,0.2269165740614857
2023-08-08,10,112,0.15630855088139328
2023-08-14,1,88,0.03326192025696573
2023-02-22,3,52,0.5884190785509695
2023-03-04,5,158,0.4537716435548408
2023-04-22,10,158,0.00923613547623936
2023-03-20,1,58,0.9930675394315694
2023-08-21,20,74,0.20317083196710217
2023-11-20,9,42,0.1697084293860962
2023-12-17,21,117,0.4975732577270946
2023-06-09,23,153,0.046870708997888255
2023-11-04,9,144,0.5874530095635077
2023-12-04,14,40,0.05219392884860996
2023-09-06,7,127,0.8090603506720238
2023-10-02,16,108,0.9884533321206377
2023-10-20,15,10,0.2991156925601557
2023-03-09,23,52,0.8011967550920609
2023-06-13,19,194,0.49801602626687824
2023-01-12,2,39,0.7935323479578422
2023-05-16,22,186,0.17246299869434056
2023-01-27,13,197,0.7114933604452621
2023-02-28,11,50,0.6339725423663563
2023-09-14,25,170,0.8350698848276995
2023-02-08,22,26,0.0595466298002677
2023-03-06,3,84,0.7384623691921032
2023-06-20,21,44,0.9719750009073971
2023-07-28,10,190,0.3966977210834475
2023-02-03,11,163,0.19780474498463363
2023-03-29,13,126,0.6581528955218648
2023-04-23,1,117,0.5609239465737714
2023-12-24,2,57,0.13907011284905657
2023-05-14,10,65,0.644650330333985
2023-09-17,17,64,0.40892303967203303
2023-09-05,18,83,0.8930256861084612
2023-01-10,8,104,0.31998382040648465
2023-10-06,20,72,0.21324831454945004
2023-12-12,23,103,0.22571984932127065
2023-02-21,24,3,0.623887549765636
2023-02-08,14,135,0.5295960705724833
2023-03-15,7,156,0.7514356026819212
2023-10-05,4,3,0.1016288862232323
2023-09-24,16,60,0.11230723334018777
2023-10-04,6,43,0.34206557329766063
2023-12-22,21,59,0.6769993955300183
2023-10-07,25,141,0.31947978580593883
2023-12-28,15,116,0.5041316947475091
2023-08-09,18,46,0.7270951906911207
2023-05-06,18,90,0.07232652114578186
2023-02-12,10,106,0.42467056278029847
2023-11-27,6,23,0.11855056813417042
2023-10-14,19,79,0.8918394488331808
2023-10-26,14,81,0.6312475254952371
2023-06-22,22,93,0.6988290613415324
2023-12-09,20,7,0.25934192113221144
2023-05-13,10,81,0.19892627200855284
2023-02-02,1,163,0.2816823951611668
2023-11-26,18,180,0.7874391394228454
2023-06-13,3,170,0.09153491095735711
2023-06-21,5,149,0.13469879465649715
2023-08-25,22,103,0.0036614648194699395
2023-10-10,21,31,0.6861708698815804
2023-10-21,12,103,0.5504974788550494
2023-12-19,3,181,0.4023360304721799
2023-06-08,12,119,0.6507900437821013
2023-09-30,3,61,0.3242933222309353
2023-11-18,9,196,0.293200016777022
2023-02-12,24,47,0.619825446116985
2023-07-01,23,144,0.46958064518550247
2023-04-08,2,192,0.607851273830384
2023-02-28,12,26,0.053497760904286706
2023-05-13,7,110,0.6742603075744033
2023-02-05,18,188,0.2750502136364148
2023-05-05,16,192,0.9314217897149283
2023-09-20,18,52,0.3914880467815174
2023-10-07,4,94,0.8280476330347311
2023-09-11,11,151,0.976464191034555
2023-11-05,9,170,0.4699890755994818
2023-09-19,15,17,0.3986482291190667
2023-08-08,16,170,0.5779045278467926
2023-08-22,4,40,0.16935450165728727
2023-01-04,1,116,0.06418947633165861
2023-07-04,15,97,0.2644861516057365
2023-03-11,16,171,0.4232454486042211
2023-09-14,9,56,0.373789033927191
2023-11-21,23,31,0.370400330102035
2023-01-20,4,22,0.8657846791259721
2023-08-17,15,75,0.9036888719414311
2023-03-11,13,28,0.03044862472445009
2023-01-03,15,148,0.21730036056442736
2023-05-24,3,159,0.08274121987897542
2023-01-11,25,65,0.6341693526271369
2023-01-23,10,85,0.7477878766809223
2023-07-14,14,35,0.08794770390159001
2023-05-29,19,49,0.023601577754539416
2023-03-23,7,76,0.9789841010802725
2023-06-08,4,37,0.2480584975886615
2023-05-06,22,142,0.7058674663867421
2023-12-12,6,93,0.07094501124374863
2023-04-20,21,44,0.283797071178264
2023-02-02,2,18,0.909320999690566
2023-03-26,23,98,0.3872369626319214
2023-11-24,5,134,0.31148235007528213
2023-09-10,4,7,0.24320587389894655
2023-02-20,3,133,0.768389197567623
2023-10-27,25,100,0.9843192289872597
2023-10-08,21,200,0.6478068187721392
2023-12-14,3,150,0.6382627452626181
2023-05-21,9,94,0.5740146278750163
2023-05-09,20,3,0.1656131476955629
2023-07-01,14,23,0.9756938155580688
2023-05-21,25,124,0.9670122244836027
2023-02-09,21,20,0.2829967271178533
2023-05-13,2,63,0.7056797986041199
2023-09-10,24,27,0.7260827826510056
2023-06-24,10,166,0.21359427336866188
2023-12-29,19,96,0.5741569295367763
2023-03-20,11,159,0.05006974507066364
2023-07-26,9,47,0.502753154446238
2023-06-25,3,50,0.07713529405529329
2023-08-27,10,38,0.8394185741032443
2023-02-13,15,18,0.42333445283739835
2023-12-25,10,172,0.37520226069855545
2023-07-11,25,174,0.6687828312904868
2023-04-05,24,28,0.06008270737648902
2023-07-02,15,19,0.20456297091112396
2023-01-05,4,145,0.42269902237498214
2023-02-27,25,54,0.3124593859816812
2023-05-27,19,69,0.04456566374997617
2023-11-02,3,199,0.519317358578328
2023-12-16,14,60,0.6274287779167301
2023-12-18,18,170,0.4014546966132666
2023-01-09,16,164,0.9139937439793966
2023-09-15,13,105,0.39208077667406593
2023-09-21,24,200,0.11225414878611073
2023-02-28,9,165,0.4089469133185638
2023-07-30,12,197,0.23066650743760053
2023-10-27,8,192,0.8936259389404995
2023-01-13,19,169,0.24276823706957695
2023-02-23,7,119,0.5346781280746078
2023-01-15,12,144,0.2495034469408448
2023-01-23,22,29,0.4578284750109578
2023-02-02,13,34,0.24728343968953392
2023-04-28,25,189,0.5441227734657478
2023-02-23,23,35,0.6012197756389224
2023-05-08,13,34,0.4145826198950082
2023-02-25,5,101,0.42216875078013605
2023-12-08,15,86,0.4144875663955677
2023-06-26,5,9,0.38631510528256374
2023-04-17,2,79,0.23871585968980769
2023-10-29,15,55,0.7526101210216494
2023-07-17,2,82,0.048073239902268194
2023-12-28,19,4,0.4115337284161079
2023-04-20,2,175,0.6795828398443188
2023-12-12,15,153,0.21230201825759432
2023-08-30,16,101,0.4220929535515102
2023-11-11,5,43,0.10935864549505325
2023-01-02,9,80,0.08875584322615848
2023-05-29,13,102,0.8311387937868925
2023-06-26,17,57,0.391302812454838
2023-03-02,2,30,0.7423942481643169
2023-06-08,21,169,0.34708151216397964
2023-10-17,14,81,0.02379173366652898
2023-01-30,21,132,0.06823053467010676
2023-09-15,5,156,0.417892516397968
2023-05-17,5,164,0.17832786373191556
2023-08-22,15,6,0.97955432210669
2023-10-17,20,198,0.7350672268180181
2023-06-27,7,61,0.6588941746263066
2023-10-12,3,121,0.7966264929396836
2023-07-10,7,170,0.46926128808602585
2023-05-10,12,42,0.4561492443662628
2023-07-28,9,180,0.4756220568016988
2023-10-30,5,37,0.34310455305328036
2023-09-30,13,52,0.4565362566950407
2023-09-30,3,104,0.025566373934138742
2023-08-05,14,59,0.5837040105486823
2023-11-17,16,41,0.7661316179713873
2023-01-16,10,198,0.10862792230410301
2023-02-11,21,158,0.5337673940417257
2023-01-06,19,187,0.048138881220158636
2023-02-13,6,152,0.4081879360770676
2023-07-19,12,73,0.19409774613562059
2023-06-27,22,165,0.9876425368860339
2023-04-28,24,101,0.9873680117485174
2023-10-05,12,20,0.9691872624303098
2023-01-24,24,179,0.813178874347508
2023-01-29,17,86,0.7279754166393267
2023-01-06,3,118,0.44059987337992057
2023-08-09,12,109,0.335484830864601
2023-11-14,10,161,0.5927566649115302
2023-05-15,10,185,0.7619434681928001
2023-01-31,1,195,0.3759372763116263
2023-03-04,22,197,0.3968282793824912
2023-12-08,12,33,0.11234733214187165
2023-10-08,23,97,0.19570727295156065
2023-03-29,1,173,0.3633398405300283
2023-09-30,13,158,0.724534617017376
2023-07-25,10,114,0.16309818620961636
2023-09-29,2,44,0.6106639575066378
2023-11-08,19,11,0.01174094322661412
2023-12-21,15,158,0.5886543584805364
2023-04-07,3,115,0.896500877875773
2023-08-01,13,64,0.02575188139967244
2023-07-30,8,10,0.5805419785361121
2023-04-03,17,11,0.8429395823616481
2023-07-28,5,60,0.3355432761957119
2023-05-03,10,41,0.9358371122002824
2023-09-17,15,158,0.6121879906333838
2023-06-15,1,58,0.08738331144338962
2023-06-01,16,93,0.2444682467467677
2023-10-04,9,52,0.5476660055732269
2023-01-30,11,116,0.4778972942326727
2023-08-01,1,121,0.04784657628914757
2023-09-03,10,93,0.18660544681352353
2023-12-01,13,34,0.09069706602761596
2023-08-16,18,127,0.9251028439268227
2023-08-26,24,26,0.3823295774874689
2023-04-07,17,81,0.9167384336953753
2023-06-30,25,57,0.26737474667107997
2023-12-05,8,69,0.1402790492896674
2023-09-04,22,26,0.07295305882120162
2023-03-25,11,153,0.521907821767232
2023-08-28,6,99,0.8521374496041069
2023-12-07,10,130,0.24817611439610487
2023-08-20,9,111,0.506797384570635
2023-11-27,1,61,0.5360004830051568
2023-06-01,12,166,0.2461261667628275
2023-01-26,2,12,0.2490877234023432
2023-10-30,24,51,0.28260553632965213
2023-03-22,5,114,0.5175825254236297
2023-06-02,15,20,0.04530632426472636
2023-06-19,2,64,0.5659623468890405
2023-11-07,6,174,0.8875033448883184
2023-10-04,13,53,0.48677746172643444
2023-03-02,20,62,0.16366943025264002
2023-07-30,19,174,0.34181878998991266
2023-09-12,25,101,0.17939241017455698
2023-07-14,5,141,0.1458600743323305
2023-01-12,10,20,0.5663870330652799
2023-07-23,22,108,0.520191611556058
2023-01-17,6,42,0.7845388850430707
2023-09-09,9,119,0.22245372576126365
2023-12-28,20,106,0.37484827051263436
2023-02-08,5,161,0.4169834201241285
2023-05-21,15,149,0.7117659519357805
2023-11-21,5,200,0.06466772513869545
2023-02-01,7,1,0.021148022338720707
2023-01-24,23,119,0.4051104531677663
2023-07-09,15,46,0.7764704180939361
2023-10-27,22,114,0.2979974032798828
2023-06-02,2,160,0.04912998854426587
2023-06-27,7,134,0.8202336570206054
2023-03-06,23,59,0.19032801703602498
2023-05-17,20,191,0.22563451120141909
2023-07-13,20,85,0.4432986555581706
2023-02-21,1,155,0.5573861257362205
2023-05-24,15,47,0.9610562677693085
2023-04-11,7,125,0.8678485729880555
2023-10-29,10,106,0.3783289892752626
2023-03-12,17,166,0.35073156434375874
2023-05-22,16,136,0.7291504794979597
2023-10-07,7,130,0.5751959976069209
2023-02-10,16,55,0.3344963518655537
2023-08-31,19,2,0.3814389552783948
2023-03-22,13,67,0.38858183708780614
2023-08-10,24,157,0.354162651631705
2023-06-09,23,87,0.019783432367264875
2023-01-26,23,73,0.5329976960471948
2023-10-29,11,1,0.357148119356811
2023-08-23,10,146,0.5843690593824131
2023-07-19,18,27,0.2828513185804191
2023-04-02,5,20,0.5994516528822104
2023-08-08,25,17,0.8708238548635737
2023-12-22,25,23,0.799518801228489
2023-01-16,8,187,0.11147902473239946
2023-08-13,14,7,0.9031762759775297
2023-05-28,15,48,0.6295619341287307
2023-03-20,20,79,0.3263889622939541
2023-12-18,2,24,0.4960744059864072
2023-12-31,3,157,0.9518545870759809
2023-06-08,10,82,0.44666283384905836
2023-05-24,6,53,0.5980410390874762
2023-02-18,13,161,0.8438252225231452
2023-02-08,21,54,0.03411234191352108
2023-11-28,18,110,0.9183025916846482
2023-04-02,11,105,0.8083846466504624
2023-12-23,12,144,0.0636877573385648
2023-02-25,9,167,0.9444366888811893
2023-11-05,7,157,0.3709706762071958
2023-08-18,2,19,0.464059244763557
2023-03-31,22,57,0.8343529689330909
2023-12-21,7,119,0.14871653256544115
2023-06-05,25,157,0.032449810360637876
2023-12-08,21,64,0.21089345241821789
2023-01-13,3,48,0.21819499327623104
2023-11-22,20,128,0.5834668774003683
2023-02-06,18,113,0.9920428350362847
2023-04-16,20,100,0.17561598837757575
2023-08-04,6,50,0.6326823942083829
2023-02-07,18,62,0.7049055925332546
2023-01-21,14,11,0.27700920853329947
2023-03-12,4,102,0.4262138202381309
2023-09-17,22,198,0.8894846518541877
2023-02-16,15,180,0.4314919991190498
2023-04-14,1,91,0.13735110276159257
2023-11-04,2,178,0.30333697469920196
2023-07-23,10,198,0.4908264359147565
2023-03-27,23,75,0.5068886524246267
2023-12-22,17,86,0.7755976856844863
2023-11-04,25,164,0.38541115676248006
2023-01-01,14,28,0.02584847982265659
2023-09-01,9,123,0.2928131981004758
2023-04-07,24,90,0.36957876713498483
2023-08-09,6,65,0.17044747582602193
2023-02-14,12,25,0.9431624218473625
2023-02-08,24,95,0.021300838376884346
2023-12-01,23,113,0.02188142632530654
2023-09-15,24,23,0.7086933680822687
2023-03-22,8,132,0.8662485310079447
2023-02-08,24,6,0.275588692570775
2023-12-27,25,129,0.7041190427731471
2023-05-16,18,131,0.4198926766733867
2023-10-11,8,4,0.4126962949319115
2023-10-17,1,77,0.8353704237746621
2023-01-02,19,192,0.0724365029262466
2023-03-19,21,20,0.8173217896392133
2023-02-01,17,91,0.5726174793018868
2023-02-09,11,9,0.8350213504278688
2023-03-26,6,112,0.29341525517987543
2023-03-23,19,51,0.0800510515276468
2023-10-20,8,135,0.013439735302614997
2023-04-17,24,32,0.279716271760139
2023-07-17,18,114,0.6989580892455296
2023-01-15,14,133,0.14105204307241126
2023-07-04,23,10,0.3293339390970079
2023-12-29,6,42,0.22539556318817477
2023-08-16,12,196,0.5776833155848557
2023-03-05,7,17,0.8776279216985522
2023-10-04,14,183,0.5753871552640468
2023-10-14,9,195,0.7582980854156126
2023-11-27,18,137,0.20716540908381686
2023-03-03,19,153,0.5834100998180751
2023-08-20,8,19,0.8712084358152966
2023-03-16,6,163,0.7152212276426589
2023-11-14,2,73,0.3824234211940468
2023-12-02,2,21,0.8403936588708533
2023-11-30,15,158,0.9699803734680189
2023-12-05,6,44,0.6014962750214575
2023-05-20,5,169,0.4714735013446446
2023-10-16,11,68,0.0892518807911975
2023-10-23,11,194,0.5980444237984203
2023-11-13,19,20,0.555629432972318
2023-03-26,17,108,0.4847537398071481
2023-06-14,15,121,0.49482427435716525
2023-10-12,10,115,0.5322404806549537
2023-11-22,5,195,0.14698185661994412
2023-05-01,16,41,0.4831027459814806
2023-02-21,16,61,0.895256087554487
2023-01-15,6,152,0.19434400533399332
2023-06-21,22,85,0.4118530985011081
2023-08-01,16,196,0.19773167984950257
2023-03-08,25,59,0.2820445107948042
2023-05-05,2,104,0.590000422534782
2023-04-12,3,79,0.632501842485339
2023-04-07,11,81,0.517429574666197
2023-03-08,16,55,0.18707305081094283
2023-01-06,19,63,0.8903021289465659
2023-07-25,15,162,0.1480324196133962
2023-06-20,11,99,0.3100844668774506
2023-05-15,22,143,0.6934822405982166
2023-09-12,14,9,0.6249830037775423
2023-04-01,21,198,0.08770089608654075
2023-06-20,8,135,0.5180066275999923
2023-11-22,25,166,0.7690947390349749
2023-01-09,20,172,0.9083829118426423
2023-05-23,22,139,0.9968351136400663
2023-06-27,14,134,0.12595370535185446
2023-12-20,16,1,0.6644561488207448
2023-03-07,1,115,0.431478917388615
2023-07-22,3,117,0.6869921808888955
2023-03-09,20,78,0.3193528842002201
2023-01-25,12,151,0.2350994509772979
2023-05-26,22,67,0.9605123626481267
2023-07-15,1,69,0.3925026744736555
2023-05-13,16,77,0.5470528250424572
2023-12-20,17,64,0.7275647898400547
2023-12-11,2,41,0.47019322170781874
2023-07-14,1,72,0.21885875057132764
2023-07-05,18,85,0.1642479906422204
2023-09-09,20,168,0.27405349016378466
2023-07-29,15,29,0.8673639336337577
2023-11-13,24,102,0.6009760947346209
2023-11-01,14,103,0.11690324137695307
2023-03-19,4,178,0.957885419289138
2023-08-18,8,22,0.9898602968404137
2023-05-11,11,176,0.691218868920738
2023-03-21,12,35,0.29031104349439885
2023-06-28,25,195,0.08213704535955846
2023-03-18,9,34,0.7918701906130426
2023-06-16,13,22,0.47051408467841116
2023-10-13,22,153,0.5332011727715377
2023-09-07,9,167,0.3546858979265888
2023-01-08,21,61,0.33378616064752187
2023-03-27,24,58,0.38280974642521004
2023-01-15,20,168,0.21030213798593822
2023-01-21,3,166,0.7547469462427407
2023-09-27,21,186,0.5259723186057055
2023-12-13,24,188,0.7321167202115961
2023-09-14,22,97,0.6193384260509163
2023-12-08,22,13,0.9619992568668584
2023-11-07,2,6,0.5718073877557598
2023-09-24,12,198,0.5568902747161768
2023-12-10,9,14,0.36213586412264753
2023-10-05,11,137,0.3736262556005391
2023-08-31,9,148,0.38339825047703024
2023-01-13,18,196,0.6557684166738977
2023-08-12,1,3,0.12618356851631773
2023-07-19,16,92,0.9315502772310862
2023-11-23,23,48,0.7566983562233437
2023-01-27,14,62,0.2993035663211717
2023-10-02,21,90,0.006309974270312657
2023-10-19,24,144,0.9944184185240775
2023-02-09,2,29,0.444775750373653
2023-05-21,9,166,0.6227452800548177
2023-01-08,3,70,0.7393842597773391
2023-10-15,23,46,0.1055341747097922
2023-03-27,16,167,0.4259058075178269
2023-10-19,7,65,0.05747999473280474
2023-02-07,10,93,0.47155751770847365
2023-02-10,18,199,0.010447846461472121
2023-10-09,15,162,0.48315711637584335
2023-12-21,20,162,0.9625379434773607
2023-10-11,16,80,0.40955478176466975
2023-03-11,7,123,0.28784321903078924
2023-01-19,7,140,0.9249188875034431
2023-12-13,20,140,0.08884565294527558
2023-08-03,16,26,0.3458025538856888
2023-06-06,3,70,0.6912064078776672
2023-12-01,18,99,0.5094464036299974
2023-11-21,3,135,0.3335418578309114
2023-02-11,9,78,0.8661871831212236
2023-09-15,13,6,0.18668534482081245
2023-04-06,4,60,0.7855128653406266
2023-11-04,9,34,0.8008935479930922
2023-05-12,12,183,0.15441074317282655
2023-08-11,5,93,0.7219477415482857
2023-05-11,9,61,0.3838512821304375
2023-12-13,7,39,0.42217961501915735
2023-05-25,11,90,0.31997720863111423
2023-10-05,6,26,0.314200821958205
2023-04-18,3,92,0.8670329102676878
2023-07-10,12,9,0.12773127726001066
2023-10-17,21,94,0.11579821734004225
2023-12-28,2,113,0.8566318943108241
2023-02-04,8,48,0.04606980297247021
2023-07-20,3,137,0.6047514900457888
2023-06-23,12,59,0.25521793976323803
2023-01-19,22,123,0.7442565692978057
2023-09-20,11,168,0.26524966124648974
2023-12-29,25,193,0.6312080610188624
2023-07-12,11,166,0.6360451178725365
2023-01-19,20,8,0.6356447884663705
2023-04-18,8,23,0.31079678339006955
2023-02-16,20,172,0.29152965962979993
2023-01-15,1,105,0.03924569329303962
2023-03-14,12,180,0.10522022237758344
2023-11-17,1,184,0.004135490123414742
2023-07-03,23,196,0.2521193212232258
2023-05-23,17,13,0.7895789253299812
2023-07-01,13,45,0.5282419562936789
2023-08-05,3,104,0.9526105547853595
2023-11-22,4,188,0.5412110633531283
2023-10-29,6,31,0.10024650350675701
2023-06-17,1,186,0.3790148080891337
2023-01-17,13,40,0.9586518302365783
2023-09-03,9,9,0.018828092738558677
2023-07-09,5,125,0.22575657370684876
2023-05-15,19,184,0.47218656483370225
2023-06-26,2,42,0.1325321096016071
2023-11-08,8,168,0.4275052835773958
2023-03-19,24,27,0.89806303458684
2023-07-13,25,134,0.8080055267715673
2023-06-02,2,165,0.5051709879566604
2023-01-18,17,13,0.45879703234956604
2023-08-17,10,180,0.5346426363362655
2023-08-19,4,72,0.1720256365942191
2023-02-03,13,64,0.8648484332855104
2023-06-04,2,118,0.9453551274116773
2023-02-20,20,55,0.3455000964522751
2023-09-13,13,199,0.2538447310694387
2023-05-26,9,175,0.3904451208029468
2023-02-10,20,124,0.9361467496794926
2023-12-04,10,72,0.6917012138481073
2023-11-02,5,98,0.11991433870221702
2023-08-27,23,168,0.878143751885449
2023-12-13,2,50,0.48123515803484296
2023-03-31,15,4,0.9519303112397811
2023-08-09,22,145,0.8851004226109866
2023-09-01,16,4,0.14542631071988832
2023-01-27,14,162,0.7922023380207598
2023-04-28,10,76,0.020795291046373898
2023-04-21,25,61,0.34093497190966615
2023-11-05,6,53,0.36052278388647596
2023-05-19,12,133,0.1744599715104973
2023-01-17,18,172,0.828947328941897
2023-01-08,2,9,0.6983947951155
2023-02-22,1,139,0.12563344814217492
2023-01-08,5,41,0.25850594629111356
2023-11-26,22,30,0.8714286627643364
2023-12-07,22,113,0.7655525060300683
2023-09-27,3,134,0.8798576749962109
2023-04-09,15,8,0.8641675361529971
2023-07-23,8,100,0.7915816738108953
2023-04-11,5,79,0.012084451760012382
2023-06-04,16,53,0.46060625736073946
2023-05-30,8,47,0.9925855577488691
2023-09-01,24,160,0.06745751205022288
2023-10-29,18,161,0.2086324422605299
2023-08-12,6,96,0.7931626200409835
2023-03-15,23,197,0.5878595257931964
2023-02-13,8,103,0.3549622234342146
2023-10-11,8,57,0.036144556617116574
2023-02-24,21,52,0.35749028193241084
2023-03-15,8,135,0.41532199045608176
2023-08-25,8,2,0.04403774330998678
2023-06-29,7,122,0.9471046943917313
2023-06-13,6,163,0.09330105344949047
2023-09-23,6,150,0.11601644461165084
2023-06-30,17,130,0.3510552274656118
2023-09-03,14,101,0.15044889804992223
2023-06-27,6,24,0.06707473918694984
2023-01-12,14,29,0.32368505204985987
2023-06-20,16,39,0.02325659653937784
2023-02-02,24,117,0.4452324062616094
2023-07-29,10,52,0.4914609290180375
2023-12-21,11,8,0.4540436785259627
2023-04-07,12,82,0.1959624751475405
2023-05-22,11,97,0.5974490689488078
2023-02-09,21,91,0.10759602339917174
2023-10-18,23,59,0.24022035450656232
2023-07-24,25,31,0.339205025195525
2023-07-22,11,182,0.49429097899573815
2023-07-07,21,121,0.2580324568861967
2023-04-08,1,102,0.6462635328961323
2023-02-27,2,11,0.36373710332007203
2023-07-25,8,154,0.5127966405334455
2023-03-15,1,110,0.18939763841520163
2023-11-16,17,23,0.8326777208076098
2023-01-12,6,180,0.6374959071980605
2023-12-22,7,103,0.059462679098003735
2023-06-29,10,170,0.9591982615307367
2023-11-08,1,28,0.3267115805406353
2023-06-13,20,19,0.05766951154949218
2023-03-29,3,38,0.21494189520708795
2023-08-05,20,130,0.2566097449680388
2023-04-11,9,4,0.9069640029321622
2023-12-04,22,82,0.04442274988881789
2023-08-09,15,162,0.23442420439765976
2023-11-19,14,175,0.8671734115056482
2023-07-27,9,42,0.250354958472667
2023-10-23,8,25,0.803582097585197
2023-03-14,17,10,0.7278174231543898
2023-07-10,10,95,0.6880945756709315
2023-12-25,23,163,0.10105352945225876
2023-09-15,5,35,0.023084463133533406
2023-10-29,21,79,0.23835638475774645
2023-12-23,9,167,0.7956608653211564
2023-08-04,13,17,0.8695051914680311
2023-11-04,19,102,0.12276285535518672
2023-02-11,12,132,0.6817326306373476
2023-12-09,12,37,0.07865851503597188
2023-08-18,22,155,0.6374382700652189
2023-11-21,25,61,0.17100858495023863
2023-04-07,13,1,0.12727059748782577
2023-12-12,10,5,0.598729916236255
2023-01-13,22,182,0.07617067999265559
2023-07-22,18,181,0.11810242186073772
2023-09-01,18,149,0.5956652180913139
2023-12-25,17,105,0.6529639406347119
2023-07-07,9,155,0.9413154870155278
2023-10-26,6,139,0.4233875209948226
2023-09-24,11,55,0.8781648141691712
2023-07-27,20,44,0.9966003014572425
2023-12-04,25,77,0.549701928109177
2023-12-02,2,88,0.6984389266838654
2023-01-12,3,38,0.749490308610673
2023-10-07,20,57,0.7998369396396353
2023-05-19,12,194,0.7543557535283941
2023-04-07,18,66,0.14820287189296943
2023-09-20,5,161,0.521274255412179
2023-07-25,9,167,0.1392403571717994
2023-07-29,12,167,0.08165263101565101
2023-10-01,8,177,0.04800172426213578
2023-05-23,5,120,0.3177603698074769
2023-10-30,7,71,0.36112699260859227
2023-04-14,21,141,0.32802121805409934
2023-08-20,14,20,0.17511682077357482
2023-02-21,23,63,0.19092726083475797
2023-12-09,8,130,0.46673102644369946
2023-12-12,9,191,0.9654786060213214
2023-10-29,12,193,0.8049045181669324
2023-07-06,20,29,0.39071862503245136
2023-11-25,3,76,0.9640279645609728
2023-11-01,7,86,0.8995152892276707
2023-05-07,22,24,0.5171433065859171
2023-02-09,2,135,0.6531910813013417
2023-05-24,22,18,0.12167956419345227
2023-12-05,6,159,0.7150794991173433
2023-02-17,18,92,0.27086067399323044
2023-03-29,20,86,0.20358807258201594
2023-07-23,7,178,0.040960797328077225
2023-02-26,18,44,0.5871408808670372
2023-01-08,24,63,0.43236294076234905
2023-05-09,4,110,0.7360118109246135
2023-01-29,10,62,0.2380621328711382
2023-06-11,1,147,0.8138008633315921
2023-01-16,4,64,0.1828199420871094
2023-09-06,19,46,0.5721000875445933
2023-09-09,5,169,0.11605742358046245
2023-04-18,5,78,0.33127063161503334
2023-09-03,17,98,0.35541215574082186
2023-12-29,24,188,0.07678295218205977
2023-11-22,7,174,0.13314301141859797
2023-03-14,16,101,0.9409064357990493
2023-05-31,24,154,0.9346541498538035
2023-08-14,19,37,0.7150062888381149
2023-10-26,4,51,0.23474403826427648
2023-12-02,22,116,0.04948781389048329
2023-02-05,25,86,0.43618732525404813
2023-07-08,9,189,0.576222922552274
2023-07-11,19,40,0.3122567786389622
2023-04-19,23,38,0.7072333299343891
2023-05-06,23,185,0.3593196706104944
2023-02-03,15,114,0.34648629940590536
2023-08-19,6,111,0.06441701204412231
2023-06-20,19,124,0.11839160387318437
2023-02-22,9,97,0.5403629150035031
2023-02-22,4,14,0.553850220726087
2023-10-23,25,94,0.23527221194300463
2023-03-04,20,181,0.6963196609608925
2023-04-11,17,114,0.22449200736954222
2023-02-20,13,141,0.9391656188806963
2023-02-17,8,163,0.7476019965144018
2023-10-26,10,76,0.4676947964033352
2023-08-08,16,188,0.3600982682547398
2023-05-24,13,170,0.10260033958810078
2023-04-25,19,8,0.2377806966564896
2023-12-13,1,31,0.26381546970292347
2023-02-16,15,159,0.7861513542347061
2023-07-23,13,75,0.6954660384934832
2023-09-24,19,162,0.7617591595127937
2023-07-05,10,80,0.9905036903828043
2023-02-18,24,23,0.6152398008281537
2023-10-31,24,86,0.5615051104781833
2023-01-18,5,180,0.7462743634472737
2023-01-29,11,132,0.7887388083793195
2023-04-17,20,136,0.6931358931671706
2023-11-18,6,119,0.3174124374666607
2023-05-19,24,36,0.6236412453345397
2023-03-01,11,29,0.9868978425827802
2023-10-14,14,111,0.38197810908555174
2023-05-15,2,184,0.582380259567403
2023-07-15,21,23,0.3637785864549483
2023-11-27,5,151,0.9407304133243447
2023-11-05,16,171,0.8205632008912235
2023-04-24,7,116,0.5773681460253264
2023-09-03,19,92,0.3647888770422546
2023-08-29,7,172,0.8519321439215538
2023-01-31,12,86,0.2719637777460868
2023-10-04,10,183,0.5819005902627961
2023-12-17,4,129,0.40076870223054595
2023-12-27,4,144,0.028609691500595225
2023-08-18,23,105,0.21790237861385786
2023-07-31,13,149,0.5991908773985223
2023-03-24,8,90,0.9234932162742296
2023-01-07,13,45,0.7853845389897572
2023-05-28,5,63,0.9187067505528294
2023-01-07,7,8,0.3550128153369899
2023-06-02,25,114,0.1681271999058953
2023-06-23,22,163,0.856109439966441
2023-06-08,19,101,0.8260583398752458
2023-08-31,16,96,0.4862862437426728
2023-04-23,2,162,0.9847196406267744
2023-12-24,13,156,0.3539812333736061
2023-06-12,16,10,0.24278871183164263
2023-11-03,21,27,0.3496700931269978
2023-06-07,20,91,0.8405537182358136
2023-01-01,4,100,0.006301985217067485
2023-06-25,7,17,0.012599272833337949
2023-10-21,24,104,0.3940865170330725
2023-10-08,16,171,0.19295860726701286
2023-05-20,20,20,0.9485038582586408
2023-01-04,1,55,0.4389492617690379
2023-12-10,6,34,0.14294529497622455
2023-03-31,6,170,0.5961871865200262
2023-02-05,25,71,0.4934737144510658
2023-06-21,18,21,0.756072255620345
2023-01-28,18,199,0.2757991121622818
2023-05-04,9,86,0.5733130464402413
2023-08-10,9,181,0.2976915853917905
2023-04-24,25,85,0.0052439006845954594
2023-03-02,20,108,0.34694502901309543
2023-09-22,11,41,0.9125326678557362
2023-10-31,18,159,0.5514061588447218
2023-01-22,7,192,0.009212143862056377
2023-07-22,13,147,0.9185109689349145
2023-04-19,16,139,0.0837300823504521
2023-07-08,4,50,0.1417614496550189
2023-11-28,17,9,0.9536961898623953
2023-11-04,2,127,0.8965669967919613
2023-03-17,10,80,0.49767992709899045
2023-06-07,19,70,0.17304376054299941
2023-09-19,14,182,0.225646715013068
2023-10-08,12,77,0.515298031599622
2023-04-10,18,100,0.9943668890159351
2023-09-30,18,164,0.026382905958840963
2023-06-13,24,127,0.4967616659598383
2023-10-18,2,52,0.06794152865174041
2023-06-28,7,133,0.5689353853569489
2023-11-29,22,55,0.7622556619921516
2023-11-17,15,110,0.4315560586874496
2023-01-01,7,96,0.01825079420668052
2023-06-15,5,10,0.5629122988463203
2023-08-14,15,123,0.3247412541503367
2023-02-24,3,180,0.32413533760180935
2023-03-21,25,17,0.7685691061008174
2023-01-22,12,51,0.12535438211911165
2023-11-01,8,103,0.32440326628052607
2023-02-12,21,194,0.5898113060694388
2023-12-31,24,45,0.28904198417391513
2023-01-19,8,181,0.26948983808753746
2023-08-26,7,126,0.08714540434294371
2023-02-05,15,181,0.1975234750522492
2023-02-27,17,74,0.9713172388510493
2023-02-20,15,163,0.4443885929931318
2023-02-16,8,73,0.6966572240120825
2023-12-01,7,130,0.8893096393246995
2023-04-22,12,193,0.3160655438312847
2023-10-01,12,69,0.6576721106970066
2023-10-26,2,58,0.7949571398339915
2023-09-26,6,187,0.689923461027903
2023-03-14,12,102,0.9982929775103825
2023-10-24,11,116,0.014673995014205965
2023-11-06,17,120,0.21942523457960228
2023-09-10,9,54,0.02718176608281908
2023-02-18,18,158,0.2037773135443992
2023-01-06,17,150,0.22385220387562355
2023-07-20,8,115,0.27387342971268724
2023-06-15,3,199,0.05348216067821099
2023-11-07,9,177,0.9007051738913919
2023-01-06,21,49,0.6309019865778362
2023-02-06,14,147,0.3793316280132265
2023-08-14,25,8,0.20134043120173573
2023-04-25,1,19,0.5178954073477059
2023-07-06,16,65,0.13324073782577484
2023-06-11,7,74,0.23879340475853528
2023-02-01,22,160,0.4231830543136943
2023-10-23,16,65,0.3958623097863755
2023-12-26,8,187,0.15443296719744837
2023-03-07,6,170,0.8070282199363429
2023-03-29,15,51,0.4643631314899356
2023-01-15,12,136,0.5471221715494634
2023-11-27,17,3,0.9233259270882737
2023-05-12,25,122,0.5717387110791835
2023-07-01,20,78,0.5622186108409697
2023-08-09,8,62,0.1399356164999297
2023-08-20,2,124,0.9129276080423625
2023-06-07,5,118,0.37433945172630256
2023-03-07,20,151,0.6736444454257854
2023-01-24,24,58,0.21759204297418588
2023-12-01,2,54,0.36803926661694286
2023-04-26,19,37,0.47324086441394664
2023-05-31,19,197,0.16435265509371444
2023-08-27,7,84,0.41817779675647837
2023-07-12,19,67,0.9810956257504022
2023-10-12,25,78,0.14897666960418632
2023-08-22,4,19,0.5986493248782951
2023-02-18,2,121,0.07695264472843111
2023-02-09,2,168,0.04587859552587881
2023-04-03,1,167,0.07654259027763466
2023-11-02,22,199,0.9566688097346923
2023-12-15,7,178,0.9299902298692925
2023-06-07,20,41,0.7604662532414547
2023-02-24,21,129,0.28904383020512503
2023-04-27,8,146,0.9137929180102614
2023-03-22,15,198,0.611659476056751
2023-12-20,22,183,0.975557897730227
2023-10-16,4,126,0.5121825577661527
2023-09-24,23,168,0.5587076419357211
2023-06-16,16,188,0.46559928819850693
2023-12-10,3,106,0.36925066623302705
2023-02-26,16,21,0.2505986148476099
2023-12-04,11,78,0.6833871220486094
2023-06-07,6,16,0.39632183889907435
2023-09-15,8,118,0.7291507770744142
2023-10-22,17,90,0.9270008230558071
2023-12-17,21,77,0.7647922145008033
2023-09-23,25,113,0.0016064871906218414
2023-12-23,6,132,0.45721798614565623
2023-03-28,19,25,0.7856459978079012
2023-01-16,6,59,0.41310168936416725
2023-06-18,4,30,0.6631152410531346
2023-02-14,12,42,0.37015988902906893
2023-07-28,12,160,0.7690244435444693
2023-01-07,17,137,0.869378478437726
2023-10-01,2,95,0.5731763620043867
2023-06-27,2,185,0.5995447825895558
2023-06-06,25,108,0.0064336065142395205
2023-12-07,18,148,0.17213161337548455
2023-05-08,20,173,0.1669678882275445
2023-11-12,5,38,0.7261750545112033
2023-12-14,8,200,0.26868859407920953
2023-11-21,13,200,0.33844177774557205
2023-07-01,6,147,0.25138643574796626
2023-07-10,4,138,0.33839503388188874
2023-06-03,1,197,0.33943930845952786
2023-02-12,17,199,0.9327746709645736
2023-09-01,11,143,0.018318152199158555
2023-11-06,15,90,0.06902757484989142
2023-04-21,21,178,0.8080863539761469
2023-05-02,7,20,0.8854328111115922
2023-04-01,9,31,0.9577090953074883
2023-08-31,12,15,0.369269343291348
2023-08-01,5,61,0.0876037026370764
2023-11-11,14,24,0.8798024729292285
2023-04-17,25,197,0.48351009004107004
2023-01-07,23,89,0.29324599133167784
2023-08-16,11,192,0.12060901241112099
2023-08-04,19,47,0.023963570957818203
2023-07-14,12,73,0.8271269420236266
2023-10-05,20,65,0.028062626052148487
2023-02-23,15,179,0.6905848314110743
2023-10-02,5,187,0.8356748359925401
2023-05-26,16,144,0.8421508069935822
2023-08-13,8,147,0.43478040694588016
2023-06-02,25,148,0.5003925986732026
2023-01-30,7,6,0.7647277042018108
2023-03-01,21,180,0.7473633044420654
2023-02-03,1,36,0.464165919915122
2023-07-16,7,101,0.2129484334242332
2023-12-30,17,86,0.21163556776944115
2023-05-08,17,20,0.6323622682984121
2023-04-05,21,126,0.6864719177512048
2023-06-21,1,13,0.6360845572404364
2023-05-28,14,197,0.6288228400809934
2023-11-07,21,62,0.9489168743424158
2023-12-24,6,184,0.9133187070850265
2023-03-24,14,181,0.5113892193257061
2023-04-23,11,123,0.8074324840623557
2023-05-18,4,197,0.3419478022449539
2023-12-15,13,89,0.17859715844618895
2023-11-08,19,2,0.3857263387379849
2023-10-18,25,45,0.41791216670378184
2023-09-01,16,108,0.6135798194576294
2023-02-20,13,35,0.2122089416409949
2023-07-12,5,77,0.08811932114662846
2023-01-14,19,165,0.7373240760881411
2023-11-28,16,153,0.46476903560845517
2023-02-04,25,175,0.7101461186064119
2023-11-17,15,64,0.5145196079372311
2023-11-14,18,154,0.3027537696861282
2023-04-13,25,41,0.40309307991690413
2023-09-23,20,63,0.49623021928062605
2023-09-21,17,169,0.07488505993280992
2023-02-18,23,43,0.9080862733697407
2023-09-23,11,7,0.17284094567890962
2023-11-05,22,11,0.7271541398895743
2023-03-07,24,6,0.7713126635516446
2023-07-27,17,109,0.755975844346141
2023-06-11,19,53,0.6425585654018495
2023-06-05,23,135,0.7245900088092769
2023-03-29,5,169,0.1414660220948073
2023-07-19,12,17,0.41212073843820796
2023-10-30,14,171,0.7018503831161189
2023-02-07,16,186,0.070527212306571
2023-10-06,2,91,0.4458706796088504
2023-07-29,1,145,0.03434994688879167
2023-01-27,7,43,0.8701654849599743
2023-07-31,11,42,0.19115317907716123
2023-09-19,11,73,0.5215513329751162
2023-10-27,18,25,0.41102495617925117
2023-03-16,22,162,0.2179707122190624
2023-10-26,9,126,0.5100974307126879
2023-11-27,23,129,0.5993758033601808
2023-08-07,7,106,0.8539137677242892
2023-01-10,1,48,0.5276494754764787
2023-11-27,7,27,0.7740962949036284
2023-07-01,6,40,0.08288337008003355
2023-09-28,14,109,0.2058737784653244
2023-03-09,25,168,0.3246493139529676
2023-08-22,13,34,0.1546157473666493
2023-12-21,23,181,0.8315191358691445
2023-04-20,1,191,0.17865504491314976
2023-12-16,10,182,0.9361420431502013
2023-04-30,19,45,0.503049470978196
2023-11-20,8,152,0.060087543954341904
2023-12-19,15,51,0.2733585766452612
2023-08-18,19,148,0.09352015464624741
2023-07-03,20,163,0.3781587185889599
2023-11-13,21,124,0.36291992930870387
2023-10-31,9,162,0.20645809262441595
2023-08-16,22,4,0.43749674866789645
2023-04-29,11,195,0.15063302984843718
2023-07-21,20,110,0.11593965007478779
2023-12-17,6,61,0.7212938185665119
2023-08-08,3,84,0.17645336179089488
2023-10-27,16,95,0.2562630051859197
2023-07-05,10,89,0.6265551963940935
2023-09-05,9,31,0.41543278583824406
2023-03-31,24,50,0.8078724761561898
2023-08-30,5,12,0.5833754161932015
2023-05-23,7,47,0.06439616884987043
2023-09-19,18,64,0.938681727728686
2023-04-17,16,87,0.6126070121592201
2023-05-05,15,43,0.6519604246756093
2023-08-31,20,50,0.4520729129035965
2023-09-25,9,168,0.0867081312892295
2023-07-20,25,93,0.13750894363794464
2023-03-21,9,69,0.04066625607321739
2023-07-01,8,152,0.34994311474443285
2023-11-08,18,4,0.18804977979612425
2023-12-09,3,37,0.3923840052844747
2023-02-10,24,74,0.5499164837676692
2023-01-02,5,190,0.10351285629661522
2023-06-05,25,71,0.8710312873773227
2023-12-02,6,149,0.18214943480050305
2023-05-01,8,59,0.9961879143841761
2023-03-20,13,32,0.18191777363319306
2023-08-16,5,40,0.09298585684202698
2023-02-26,11,137,0.6971682805141264
2023-04-13,6,99,0.43409429902148844
2023-03-12,25,58,0.6748685704519497
2023-06-17,11,60,0.5574016488316668
2023-02-24,11,40,0.1520729423173337
2023-02-23,19,143,0.06661624874628291
2023-12-11,10,160,0.5685428418123881
2023-12-31,11,1,0.6769816720369755
2023-05-26,7,75,0.4324556740390888
2023-02-19,15,14,0.43383348646293696
2023-06-12,24,182,0.9539544897413028
2023-08-08,8,160,0.12116811524315074
2023-12-28,11,125,0.8221284048847046
2023-01-02,10,171,0.5175792579743326
2023-04-28,24,9,0.3775184566565368
2023-08-08,15,8,0.19557720136903511
2023-02-18,3,25,0.053758123785311085
2023-10-21,2,39,0.7888197141082018
2023-04-15,2,91,0.6091618389259582
2023-12-23,14,102,0.054131823722904815
2023-03-12,21,132,0.6420296597352891
2023-10-14,4,160,0.987787807464007
2023-04-23,16,1,0.018434286199119798
2023-04-27,14,119,0.47356969728994736
2023-03-16,19,103,0.2766463560135042
2023-07-30,7,115,0.03689725965541113
2023-08-03,25,166,0.9091757010458438
2023-07-21,19,30,0.20394233675444084
2023-08-03,16,93,0.01799829118309315
2023-02-05,10,95,0.8768689318313874
2023-01-29,18,66,0.13217771273701107
2023-12-07,14,87,0.10733133549083418
2023-09-07,17,145,0.8413159248108414
2023-04-20,25,23,0.8349230156743118
2023-07-26,5,84,0.5968237348486908
2023-10-20,8,103,0.9832896708034885
2023-08-04,11,29,0.28494503397721804
2023-02-16,14,44,0.5152582642642339
2023-07-01,4,26,0.12339501082259752
2023-04-30,23,110,0.19060953602482655
2023-08-10,6,140,0.27573159408086256
2023-01-13,1,162,0.7595487722478679
2023-07-06,9,43,0.2360988253929882
2023-06-17,23,121,0.46408261599878164
2023-12-03,13,162,0.24043539936473302
2023-07-18,21,106,0.12069914933639259
2023-10-31,6,166,0.5853704637534332
2023-04-19,8,72,0.24054764407317797
2023-08-28,22,158,0.26272728172241266
2023-07-10,25,166,0.7629315059438981
2023-05-05,14,16,0.5597658662716588
2023-02-16,15,111,0.31322160873865856
2023-04-08,17,200,0.6731799657294494
2023-12-19,14,79,0.4333890176857974
2023-02-16,21,2,0.9839309693972697
2023-05-12,10,82,0.16119679534600162
2023-05-16,11,15,0.7184078916959142
2023-11-30,1,196,0.040667305047717206
2023-04-13,9,119,0.6940828500156092
2023-10-30,6,136,0.6665479798718228
2023-06-14,21,174,0.24269993927542088
2023-02-28,1,3,0.3336957143975484
2023-09-02,20,189,0.47368246500541644
2023-05-02,18,41,0.5438180400859923
2023-09-08,5,175,0.42031102267436415
2023-10-01,22,178,0.9158659130807878
2023-12-10,17,112,0.6092175514066388
2023-10-06,7,51,0.3835642595802581
2023-03-14,1,132,0.3576069572603273
2023-04-28,8,150,0.5727699533809001
2023-06-03,18,152,0.025377707390378035
2023-12-20,24,182,0.37662691858074093
2023-09-29,6,198,0.24741945625193862
2023-09-15,19,36,0.4941556949955308
2023-03-30,16,44,0.20343770667279193
2023-11-13,20,163,0.5875398118164469
2023-05-20,15,25,0.29073692131509754
2023-02-26,15,14,0.5832202899963255
2023-01-07,19,63,0.3892308643653821
2023-01-03,8,11,0.2837795606456732
2023-08-17,15,122,0.5517700307871627
2023-10-27,21,136,0.6705653747643957
2023-08-28,18,167,0.829187232558952
2023-10-26,15,160,0.36275184489607515
2023-03-19,8,131,0.010954279521257382
2023-10-18,13,58,0.9294361130337231
2023-08-20,22,119,0.946123809289794
2023-12-09,7,16,0.23121591021753196
2023-11-19,1,59,0.7593354876067011
2023-01-06,6,92,0.5307114729669988
2023-12-23,22,4,0.8529397130621972
2023-04-22,1,76,0.7828951707980186
2023-01-06,22,123,0.28055246481742857
2023-02-07,3,200,0.17763887160758485
2023-10-11,23,156,0.5574624517891573
2023-07-13,18,30,0.0613537104976416
2023-08-28,9,143,0.173106853872525
2023-02-19,20,105,0.599901892642074
2023-07-20,14,60,0.6669648387428507
2023-04-15,9,191,0.33928331857282434
2023-07-05,12,119,0.7399015067778881
2023-04-08,16,45,0.1900512677297862
2023-12-22,13,32,0.9292177436338727
2023-02-17,4,160,0.25345991514461863
2023-06-03,22,47,0.9081414794173768
2023-01-29,13,75,0.8395059939319429
2023-05-15,4,143,0.9203997909089531
2023-07-03,11,55,0.9954787446294658
2023-05-09,2,63,0.2754162452789819
2023-06-07,19,139,0.3383180512221333
2023-08-20,17,35,0.432223260563671
2023-01-11,5,45,0.9125273777021846
2023-07-03,19,120,0.01144392634597835
2023-12-10,11,195,0.18103297595202128
2023-09-18,18,163,0.7050574029315873
2023-07-14,24,99,0.11516922868227653
2023-06-26,12,77,0.819784003157464
2023-07-18,5,125,0.22588137288419396
2023-08-08,19,1,0.14775897484329503
2023-03-19,14,162,0.904403393039451
2023-10-24,9,172,0.9226315844106575
2023-11-30,1,149,0.12285476569296816
2023-03-09,23,121,0.1543307916089044
2023-05-17,21,94,0.3096991335955859
2023-09-05,1,193,0.7665297000061395
2023-02-03,2,170,0.8144898691258406
2023-01-14,8,56,0.9874942251285699
2023-11-20,19,43,0.4598185925300561
2023-08-31,5,169,0.5529397115105475
2023-06-15,24,167,0.3656635363916707
2023-05-24,20,60,0.8508793684161968
2023-07-20,2,123,0.7525690290409989
2023-08-05,1,21,0.16655126901698325
2023-03-20,24,117,0.8576585992508149
2023-01-04,25,23,0.26133346922378475
2023-03-26,6,129,0.7693110267894924
2023-12-20,20,87,0.7872839639430662
2023-09-02,13,174,0.9353051698509335
2023-04-25,15,47,0.8271370459926971
2023-08-11,19,3,0.4162209646400189
2023-06-02,20,11,0.2034329036075696
2023-04-14,25,88,0.45280688928422863
2023-08-06,7,97,0.6428611992713034
2023-01-07,2,37,0.7455924440495235
2023-04-08,16,187,0.1216250379206748
2023-03-01,21,110,0.8879668922024087
2023-12-24,4,102,0.35783250502632735
2023-11-28,22,36,0.38012567584451373
2023-06-25,9,77,0.8169856069552388
2023-01-15,25,157,0.5144750232621416
2023-01-31,7,115,0.8239603357325658
2023-06-08,9,93,0.6177618925358537
2023-07-03,13,12,0.49660149063887604
2023-08-22,20,153,0.7276381729983871
2023-07-19,20,176,0.1741643342433058
2023-01-08,23,53,0.08743110119878827
2023-01-26,13,125,0.26611492797190994
2023-10-09,7,44,0.2786842972672835
2023-05-28,5,51,0.05000850085663888
2023-06-07,16,142,0.26997994004899706
2023-10-04,16,160,0.12639094925629712
2023-02-02,4,33,0.36310641325776283
2023-03-21,3,165,0.8999971438585921
2023-05-30,25,156,0.4130587573796095
2023-11-27,21,70,0.015749706729521473
2023-04-17,1,46,0.029295702549484992
2023-04-03,21,183,0.945404404894024
2023-06-01,20,109,0.20092041006139105
2023-10-14,2,7,0.08039589160015825
2023-11-24,11,71,0.3387662594997267
2023-08-09,25,45,0.42801879528221787
2023-05-15,18,14,0.7180657625370175
2023-12-10,14,8,0.418516874234359
2023-12-16,11,78,0.6157471031075813
2023-05-02,14,107,0.12558624257255757
2023-08-01,20,70,0.48113696280026863
2023-07-25,5,104,0.3622068034813539
2023-01-05,14,93,0.8823016578991838
2023-12-31,14,102,0.09654175794086728
2023-08-25,25,116,0.2970141531726542
2023-10-25,22,120,0.18652683426196504
2023-03-27,12,115,0.9681131510562588
2023-05-10,5,55,0.6697979715929372
2023-09-05,4,135,0.11831814369584903
2023-10-23,17,63,0.9077484852563594
2023-12-20,17,192,0.887331343672186
2023-07-05,22,166,0.03786434060438426
2023-03-20,8,135,0.14931291236131095
2023-11-16,12,84,0.9526409371098966
2023-08-27,2,136,0.7494690823393222
2023-04-18,14,31,0.005366494061636473
2023-11-22,8,66,0.7066139358441181
2023-09-03,25,22,0.7620082947260055
2023-06-13,1,110,0.020404937812375068
2023-11-13,16,120,0.5169617342087797
2023-08-26,8,4,0.10558386250929486
2023-02-12,7,188,0.9024301594505918
2023-01-08,9,71,0.504595825467738
2023-06-22,18,140,0.1012193292110416
2023-08-12,7,190,0.28141199597418676
2023-06-29,7,152,0.6931712271301848
2023-02-28,24,175,0.8969134701627202
2023-02-03,14,107,0.45055341788612324
2023-11-29,1,184,0.5519820873836073
2023-02-03,9,49,0.895669415575958
2023-08-16,22,130,0.5854520302698689
2023-01-28,17,98,0.033150159492939535
2023-10-13,7,6,0.2424802021029382
2023-03-28,9,151,0.1609872808844126
2023-02-07,12,153,0.4206751221072734
2023-10-26,19,120,0.3446102437192652
2023-11-09,8,186,0.8773148992163259
2023-08-15,11,117,0.8685886244587155
2023-09-18,24,130,0.6884160624829254
2023-03-22,12,52,0.869789480243254
2023-11-24,15,53,0.08673060304549762
2023-05-17,2,152,0.23591312453062585
2023-08-21,14,37,0.9875231573219024
2023-08-01,24,189,0.8686394450872047
2023-10-28,1,31,0.47793696681619824
2023-08-03,22,49,0.7553403757938619
2023-11-18,13,47,0.21689666642401617
2023-09-17,4,188,0.05368419903029886
2023-03-16,17,54,0.2749132195260827
2023-11-22,22,88,0.6420227139143646
2023-03-08,6,151,0.7844976129110975
2023-05-11,15,61,0.6815109460867019
2023-04-22,1,140,0.8538383683312448
2023-08-29,9,195,0.6284821148440716
2023-07-30,17,179,0.9153661044783777
2023-01-26,23,140,0.83675652079134
2023-08-12,21,7,0.005505888301958306
2023-03-29,14,40,0.678659656848091
2023-02-15,7,77,0.3407173106066802
2023-10-14,19,18,0.26156031775596045
2023-11-01,21,184,0.5199757744886744
2023-12-25,4,75,0.09012935909685404
2023-04-07,21,177,0.7478240446829982
2023-03-02,16,71,0.5774510171523641
2023-07-12,22,156,0.5277280493949645
2023-04-25,8,14,0.574681775977742
2023-07-31,7,14,0.2235337436552819
2023-02-03,7,132,0.5866401729374021
2023-03-01,18,18,0.9834647730257907
2023-04-05,9,83,0.18029334834238664
2023-09-02,6,83,0.10726483225324468
2023-10-05,18,44,0.929587858336825
2023-07-30,22,191,0.8627865006347254
2023-03-05,19,1,0.9600627334781128
2023-06-06,5,124,0.898651149490525
2023-07-27,16,15,0.13533916494921372
2023-02-03,14,142,0.7465737366516062
2023-06-28,15,170,0.6571230966590432
2023-11-28,23,41,0.8337393926863035
2023-10-18,14,197,0.5592935452779899
2023-06-18,12,48,0.19778895845652056
2023-11-24,25,106,0.28365556202321374
2023-01-28,9,162,0.7471641011517592
2023-02-25,9,91,0.1736969784598973
2023-10-28,15,156,0.43235211145203956
2023-03-06,1,154,0.8497824069924432
2023-10-01,18,131,0.3290551454987206
2023-06-16,24,4,0.35489097933507385
2023-08-16,4,24,0.3226875536326419
2023-01-18,9,187,0.6655083012759115
2023-10-10,18,86,0.7418093250710801
2023-07-20,1,54,0.161339758117919
2023-08-19,22,91,0.8361588513618922
2023-04-30,20,142,0.5967407641476407
2023-10-03,13,26,0.6635271221041845
2023-01-20,6,9,0.6484497313638882
2023-10-23,6,72,0.2728044874030501
2023-11-24,19,194,0.5467055293553548
2023-08-19,25,43,0.530313392627397
2023-03-01,18,30,0.6385098880975616
2023-10-22,19,109,0.3178689922730725
2023-06-18,2,171,0.28876499139080103
2023-11-06,15,3,0.09266973477781004
2023-11-10,22,102,0.814220443702808
2023-10-04,13,27,0.8836549143754258
2023-08-17,2,42,0.13136414999851642
2023-11-21,10,182,0.03011110136557693
2023-04-19,11,161,0.7190397447574493
2023-01-02,14,140,0.9959839212798973
2023-12-21,19,72,0.8455814333049929
2023-07-19,13,3,0.7658142312007418
2023-12-27,12,27,0.31622618616599596
2023-09-21,20,10,0.8322810407541021
2023-01-28,6,150,0.20666872569795836
2023-10-06,1,175,0.8207455515079256
2023-01-12,25,178,0.8664043113493843
2023-06-25,24,28,0.1773791370249561
2023-07-07,3,84,0.12182504784138926
2023-12-18,16,179,0.5209287437012566
2023-11-20,19,12,0.501262489273382
2023-04-19,2,112,0.8739631657219572
2023-10-06,19,137,0.16411281462362914
2023-07-21,20,135,0.3906258554847811
2023-06-28,6,132,0.7725490890582657
2023-12-10,19,195,0.4834416326906503
2023-10-11,12,197,0.7447015851363517
2023-07-20,24,90,0.5607954571030279
2023-08-07,14,6,0.36011115553951745
2023-02-06,25,149,0.9789054154084422
2023-11-10,9,166,0.19442173160244758
2023-07-26,1,132,0.3000733280222959
2023-08-26,18,94,0.7319208058866299
2023-01-24,19,76,0.710023330668905
2023-09-06,2,173,0.2361826626667609
2023-10-09,7,116,0.860722536659464
2023-08-22,3,149,0.7930714672968413
2023-01-07,8,5,0.963098018107001
2023-09-04,14,96,0.654203865114482
2023-12-31,22,161,0.22236648812150506
2023-07-18,15,138,0.7110862791341963
2023-09-02,24,113,0.2499147617490025
2023-02-16,23,23,0.14454972017107048
2023-03-10,22,79,0.9565131576107873
2023-01-12,22,94,0.7913949119933311
2023-02-02,17,158,0.8170714535612437
2023-04-13,14,178,0.39300912968015067
2023-02-16,7,45,0.31613351414477975
2023-04-20,2,15,0.11786754995771853
2023-07-31,6,69,0.3170910850925126
2023-01-01,12,18,0.2641762191373842
2023-09-05,18,152,0.9278172086169725
2023-01-07,16,94,0.7949592790868613
2023-06-10,4,156,0.676431893013982
2023-10-10,17,194,0.4304708226478744
2023-12-14,7,94,0.804425364601292
2023-09-09,23,91,0.6900217780294507
2023-10-18,4,97,0.3059252874781493
2023-08-17,19,62,0.9258264332401182
2023-08-09,22,137,0.8416570692953074
2023-01-06,25,121,0.32127107641088715
2023-01-11,12,115,0.7817553331342701
2023-05-06,10,70,0.01519768712934133
2023-03-14,22,103,0.9926484790097361
2023-03-15,3,54,0.18207224947007183
2023-06-08,23,15,0.8799266001522872
2023-08-10,12,167,0.5435607024229977
2023-08-04,15,107,0.5484073742436457
2023-07-19,20,192,0.17223320563694278
2023-10-04,9,179,0.9655041983966434
2023-04-03,3,101,0.19549111301580058
2023-01-04,8,87,0.19939264620157104
2023-05-04,22,127,0.6930686585101101
2023-09-03,9,76,0.5142765787030315
2023-04-16,17,47,0.2262361737715043
2023-01-30,18,148,0.07130228825332297
2023-03-25,1,71,0.9931425419341566
2023-11-24,1,179,0.7242001556249529
2023-03-10,10,102,0.8262408653568485
2023-12-24,3,110,0.6484640816465036
2023-01-06,24,135,0.7297532572391663
2023-12-25,19,116,0.6312460376808332
2023-05-31,7,80,0.21451206016009872
2023-10-21,25,8,0.9806752682708707
2023-09-23,23,53,0.6310823751165338
2023-09-15,6,8,0.9922332220067578
2023-04-05,8,122,0.09886971905301989
2023-01-31,18,104,0.7243835061020041
2023-07-31,25,128,0.6099557016987494
2023-08-30,3,182,0.768519237638737
2023-08-10,17,54,0.5115629152681888
2023-05-18,6,54,0.3438053094167065
2023-04-26,2,63,0.301700068674713
2023-09-28,12,182,0.15370215276542276
2023-01-11,13,193,0.8758668115470721
2023-11-10,16,113,0.38422850483714444
2023-04-04,16,67,0.42783778527779504
2023-08-30,5,200,0.42141361290825075
2023-11-09,17,126,0.9822671943197785
2023-10-30,10,114,0.7370625358442269
2023-09-03,20,56,0.200703731879323
2023-10-23,5,159,0.14841125100439667
2023-01-20,1,103,0.021082392530091143
2023-12-01,9,94,0.7981414787249231
2023-07-29,11,54,0.2338539494323565
2023-10-01,6,55,0.12692883938641675
2023-03-10,14,47,0.1962305616803277
2023-02-08,10,108,0.46998317826517144
2023-09-11,9,93,0.5229673585670047
2023-11-13,22,78,0.07508723457015964
2023-09-09,11,64,0.19735629701273782
2023-05-10,19,193,0.2783554244281854
2023-11-14,25,68,0.062661970566947
2023-07-14,5,150,0.1884916085839986
2023-12-11,19,42,0.8418098563681197
2023-10-02,3,142,0.7304790530076992
2023-03-27,24,140,0.26963502910711423
2023-03-16,5,193,0.7282975700962621
2023-02-28,22,70,0.45691484273367233
2023-02-26,13,72,0.09898464294770604
2023-04-14,11,154,0.6762661974572216
2023-03-03,15,35,0.8938319398868189
2023-03-24,24,56,0.0718123021991468
2023-09-15,18,94,0.3184904178829038
2023-07-11,22,45,0.7523156334387661
2023-06-18,6,19,0.5196913479764258
2023-02-21,25,58,0.10077935922552417
2023-12-18,17,198,0.4422642569194669
2023-01-18,5,185,0.1289410044930751
2023-12-25,5,134,0.5184352876634228
2023-09-25,18,187,0.4730849118577255
2023-02-10,11,29,0.5358310866684116
2023-12-14,5,167,0.8247951394246975
2023-02-06,20,9,0.8344673089818531
2023-09-03,20,36,0.4435669829408545
2023-09-12,3,139,0.7860555235567696
2023-02-09,5,15,0.8074272780409777
2023-12-18,25,32,0.6981434837037042
2023-10-07,19,10,0.37231710404762797
2023-02-24,17,47,0.6635330349738794
2023-01-29,4,97,0.8925930428923153
2023-01-19,22,60,0.5836613704700107
2023-08-06,7,196,0.9523312861272692
2023-05-09,4,196,0.8472608236453636
2023-01-26,5,25,0.4353282755350468
2023-06-02,6,115,0.4460891272444881
2023-05-24,14,187,0.15702171775521578
2023-05-14,14,105,0.7556920137734078
2023-01-02,7,6,0.06536763476457597
2023-06-05,15,184,0.7195222716146525
2023-01-06,20,122,0.9425843142474258
2023-06-21,8,17,0.014928361601723172
2023-06-03,25,70,0.4418982557544944
2023-10-07,9,193,0.6920432694677117
2023-05-11,24,124,0.06793933569043609
2023-03-16,24,89,0.3185837068405839
2023-01-22,23,86,0.49641790951312836
2023-08-01,11,171,0.852350318802796
2023-04-14,12,5,0.6259712581175612
2023-11-05,14,123,0.497442187042587
2023-02-19,10,76,0.9897749318234832
2023-07-22,5,123,0.6679744427017756
2023-08-28,2,19,0.34648406218641703
2023-07-17,8,180,0.7491083692913086
2023-10-10,9,103,0.13309896699829404
2023-08-20,13,123,0.5523434330386302
2023-04-09,20,171,0.10497099643929853
2023-08-01,16,80,0.7592151910713235
2023-09-22,23,186,0.4428014034338774
2023-02-23,9,70,0.7912766849754932
2023-08-25,7,157,0.2745521014221167
2023-05-09,17,89,0.234926297394765
2023-08-26,11,148,0.09130596642920752
2023-05-08,2,6,0.9017767407388164
2023-11-12,12,105,0.763967769526667
2023-07-10,22,107,0.9313374438475432
2023-06-24,16,1,0.08378646041651305
2023-01-17,5,51,0.5541319819739576
2023-02-24,21,134,0.2843794618161628
2023-01-01,18,67,0.22745387318886368
2023-03-05,17,190,0.49289625954871397
2023-09-27,18,183,0.7599219513564075
2023-09-13,12,48,0.9708017360393024
2023-02-04,25,181,0.7980522105797718
2023-12-23,8,83,0.029826986346700224
2023-03-04,5,88,0.5119837859275134
2023-01-20,2,1,0.46312891100650944
2023-08-25,22,132,0.8555728890351302
2023-04-30,2,18,0.3810603973389065
2023-08-27,11,114,0.403510610486426
2023-04-05,2,66,0.2347903581543307
2023-08-23,23,36,0.6594702616025607
2023-11-12,23,3,0.3809929479385984
2023-09-18,6,92,0.8534497565917775
2023-05-24,20,3,0.1428339467972829
2023-07-28,25,169,0.9826202823125202
2023-03-17,23,164,0.3816248974540971
2023-02-18,5,123,0.5002911714908619
2023-08-25,22,16,0.2226376312596834
2023-09-17,2,27,0.5674205458878068
2023-06-02,7,155,0.4717045441317854
2023-03-06,20,200,0.9077423845429041
2023-08-20,7,103,0.15709744970353434
2023-05-11,18,195,0.7820065887477385
2023-01-08,22,92,0.9501830054866888
2023-11-21,18,144,0.41092565350873334
2023-05-09,22,24,0.3778053692907487
2023-10-11,22,51,0.7906657491886832
2023-06-16,3,120,0.7711394235815137
2023-03-08,3,172,0.2345402081956176
2023-08-18,15,45,0.000896636433859288
2023-06-03,5,64,0.8375515697066083
2023-02-11,25,160,0.9228377596408628
2023-10-27,11,129,0.9216923900886095
2023-07-09,22,84,0.3390702915775555
2023-06-05,9,66,0.3459022293138143
2023-10-18,25,31,0.9676095462250376
2023-02-08,22,116,0.7751394256017115
2023-09-13,22,168,0.13774203673945373
2023-01-06,10,172,0.5742102496462391
2023-01-12,3,8,0.9306697431196483
2023-05-25,22,144,0.13725836327945917
2023-03-20,3,80,0.4555762320159872
2023-07-16,20,182,0.8450655628872387
2023-08-11,2,54,0.09480580564666452
2023-02-26,22,148,0.2628383852612123
2023-01-24,2,48,0.49939353646687934
2023-05-12,15,42,0.24026309796157785
2023-10-09,17,90,0.17759601946448644
2023-07-25,23,94,0.15495009602192444
2023-11-19,13,192,0.07229754493011664
2023-11-18,23,12,0.18653910313445798
2023-04-29,22,121,0.9618292849774321
2023-10-02,11,49,0.364100327022575
2023-08-04,18,42,0.9225910885726256
2023-06-28,1,117,0.24598408542120853
2023-07-16,10,44,0.2497016281360287
2023-01-01,21,1,0.8460129858386386
2023-05-14,2,148,0.6605193712547025
2023-02-23,9,140,0.1291587591920399
2023-08-21,13,12,0.22340801623909323
2023-01-15,10,11,0.8991787247650955
2023-02-15,8,25,0.18933897148261125
2023-09-20,8,109,0.3378457331738135
2023-02-09,17,112,0.13449244371904379
2023-09-10,25,91,0.3725049300622957
2023-03-31,15,54,0.7128565292941007
2023-07-23,18,131,0.4269107484519137
2023-01-17,19,149,0.5089076314368932
2023-12-12,2,171,0.7529110645688037
2023-12-18,22,190,0.18003922337226153
2023-11-06,9,75,0.863500221120683
2023-08-02,13,177,0.11545167454460914
2023-03-18,10,48,0.47080094024798846
2023-01-16,14,62,0.2247860308084716
2023-08-24,21,92,0.9891929530056924
2023-11-05,2,172,0.010424911468207676
2023-06-14,10,151,0.3167855510341183
2023-02-06,19,69,0.6254399964587928
2023-09-24,6,16,0.031404611617795286
2023-06-08,17,3,0.967138549402211
2023-08-02,25,176,0.9516529184486716
2023-10-21,22,180,0.3132669268912587
2023-12-29,17,187,0.16739813419456484
2023-09-01,23,172,0.09479308929066177
2023-05-20,22,3,0.6220156126605397
2023-01-29,10,55,0.45807412047154383
2023-11-30,2,30,0.7153403410049861
2023-12-31,5,11,0.1499649356145043
2023-08-21,14,122,0.7885614237998751
2023-05-07,4,82,0.26132297885319455
2023-08-05,11,80,0.47039868888907543
2023-02-27,6,105,0.18216300510401928
2023-04-01,10,166,0.6856411605129275
2023-08-13,14,139,0.7523844557552808
2023-12-13,12,28,0.7896705395648074
2023-11-14,14,117,0.7370007640557663
2023-03-21,24,87,0.563310726544511
2023-04-02,15,133,0.10202066680155009
2023-09-21,9,25,0.8211718664704231
2023-01-06,8,73,0.3112076386383683
2023-06-29,8,152,0.1671992609067393
2023-02-06,11,171,0.7230412387563607
2023-03-04,14,159,0.6285926761835191
2023-05-23,12,54,0.24187935899587742
2023-10-20,1,132,0.07288057985482022
2023-03-05,16,52,0.977534315618834
2023-02-09,11,80,0.9884035384987694
2023-04-09,14,55,0.8614792525080585
2023-12-12,25,91,0.38897030821493783
2023-01-26,9,29,0.12987429613488732
2023-10-04,24,88,0.16513220971586318
2023-01-02,5,40,0.9651286575784059
2023-01-11,20,156,0.6915569082318259
2023-07-20,21,171,0.8555938134779544
2023-12-23,22,31,0.019375353761894476
2023-05-07,8,93,0.17215632731327002
2023-07-23,19,47,0.14525933476024921
2023-10-16,19,130,0.6350571959700496
2023-03-08,25,90,0.7570265083541574
2023-12-18,11,144,0.041618132662069485
2023-08-06,3,80,0.22501600174559655
2023-07-11,25,17,0.6862885175209167
2023-11-28,14,103,0.3366127514567854
2023-08-24,11,4,0.7852002974827575
2023-04-23,3,61,0.6550271984916721
2023-11-25,1,26,0.3996168150581143
2023-08-07,10,189,0.6161725222997962
2023-07-04,15,29,0.6496370798401571
2023-12-28,19,151,0.6659146165890513
2023-09-09,14,126,0.06597191537593539
2023-08-30,23,17,0.12353334595372822
2023-01-19,11,44,0.9125972268795136
2023-01-11,10,136,0.0034410892309595376
2023-12-25,13,2,0.4135471557122957
2023-11-07,9,29,0.22375173507088242
2023-09-17,9,75,0.07609467579081064
2023-05-25,23,197,0.7123208288998445
2023-01-29,5,144,0.8311802917094933
2023-12-08,20,69,0.4130549576511994
2023-02-12,11,95,0.24341651310891843
2023-07-12,15,35,0.7215489244202442
2023-05-27,20,81,0.47737809411611143
2023-06-14,20,19,0.8855659372086094
2023-06-17,2,50,0.35449068497958947
2023-11-13,20,146,0.997261671101929
2023-02-18,3,52,0.023583409748700657
2023-04-11,18,33,0.7714009840428517
2023-01-04,13,10,0.3288066444382556
2023-08-29,16,191,0.7047110350803537
2023-07-24,2,125,0.22344992080459702
2023-09-07,25,170,0.6830478353805547
2023-08-28,16,126,0.581742220869484
2023-12-24,16,48,0.18833687711468172
2023-04-04,7,65,0.838787509024672
2023-02-25,14,84,0.058209747738808604
2023-01-23,10,164,0.28139911651834393
2023-03-23,15,91,0.5643873231192091
2023-05-24,19,39,0.42918922965382733
2023-07-03,13,38,0.06886556508778008
2023-03-23,19,165,0.6257378228738459
2023-08-03,21,64,0.1076232658859565
2023-09-26,16,35,0.1618203924789322
2023-10-04,18,57,0.3415060589352489
2023-04-28,25,191,0.3950458272751909
2023-07-29,18,124,0.5389094374028885
2023-02-09,7,144,0.2621363486436612
2023-09-30,9,120,0.9554070944351628
2023-07-08,20,47,0.21871044237637738
2023-01-15,14,200,0.7275634680158458
2023-09-18,10,17,0.2514068578171742
2023-08-13,20,93,0.6300594909647087
2023-09-23,20,19,0.9969264719077703
2023-09-15,19,170,0.6009500178634037
2023-01-08,16,13,0.33151773068399104
2023-11-02,17,82,0.17127238056040028
2023-12-18,22,128,0.6276447582748641
2023-05-24,18,52,0.9509352604709379
2023-01-04,22,159,0.3825530345115197
2023-07-23,20,24,0.057360027731350405
2023-06-23,14,176,0.9741681136597461
2023-12-19,8,126,0.2465594882937835
2023-07-13,8,133,0.2229097989488239
2023-11-10,12,37,0.4394523039461252
2023-08-10,20,125,0.01533125436435423
2023-12-19,7,109,0.2120995134641115
2023-12-10,12,199,0.21113474846293423
2023-04-08,11,68,0.9291031021151661
2023-06-26,15,170,0.38499451566397636
2023-02-05,7,124,0.6302487940709917
2023-04-22,1,160,0.9125961047364952
2023-12-02,8,70,0.08601332982928978
2023-11-14,19,30,0.8170268527538465
2023-09-11,3,180,0.8986008930039204
2023-01-15,8,166,0.9753317887807889
2023-10-29,19,192,0.742130259467722
2023-08-20,20,78,0.5058118100405508
2023-01-05,20,127,0.03789366434268848
2023-04-10,12,94,0.6072041867217689
2023-04-16,5,163,0.34815039731530284
2023-11-23,9,74,0.15153602966285273
2023-08-12,19,75,0.26040186012154265
2023-02-11,3,47,0.6901843494050739
2023-08-12,18,26,0.03259206183492813
2023-01-09,16,47,0.5169984250310676
2023-09-15,17,69,0.03241369712159459
2023-08-06,20,119,0.7909052777425648
2023-04-02,1,176,0.5906236033695951
2023-05-22,16,184,0.2342765221125529
2023-07-16,25,158,0.04282617706919167
2023-07-05,14,10,0.7448063190921752
2023-03-13,6,49,0.1834332808431648
2023-04-04,19,178,0.2899821683305842
2023-05-23,7,151,0.9012527782799026
2023-09-06,9,47,0.9007398344164419
2023-03-02,5,163,0.7587151061153306
2023-01-06,22,1,0.18215578340389393
2023-09-08,22,170,0.44880467673872326
2023-10-26,25,131,0.9839600231929243
2023-02-07,7,1,0.010012146517039966
2023-01-09,25,157,0.25329808012270205
2023-09-10,24,58,0.6223565474586713
2023-12-18,25,168,0.5864643004106359
2023-01-17,16,3,0.9404353294278909
2023-01-08,7,134,0.9961336410061438
2023-07-17,4,47,0.6890643720635179
2023-11-08,13,28,0.9730273785256417
2023-11-24,22,12,0.8780908972124696
2023-12-25,16,142,0.1822049192881411
2023-02-04,2,150,0.8094690564410456
2023-05-06,18,67,0.05521396585191374
2023-12-08,25,54,0.37534196596096514
2023-07-19,25,8,0.42301234190411174
2023-06-19,13,48,0.3117631765133463
2023-07-30,25,172,0.47540977776624915
2023-12-29,9,41,0.11957204970129653
2023-03-21,1,152,0.8298645214157867
2023-11-10,17,167,0.6126180395903215
2023-05-03,13,22,0.7282801627368376
2023-10-07,19,22,0.1553345930705392
2023-08-11,10,32,0.6680498919610983
2023-04-25,3,45,0.8325556411293796
2023-11-25,2,128,0.1860138313544727
2023-06-18,22,32,0.37903791507625284
2023-02-07,25,52,0.20881136688209923
2023-12-27,21,80,0.3932757198415092
2023-02-08,14,140,0.31311624399017346
2023-08-26,1,177,0.03345557927813181
2023-06-23,8,71,0.8261217972576114
2023-04-01,19,24,0.3134800350685546
2023-04-17,16,158,0.10423621689768403
2023-09-03,2,58,0.0036647261280960963
2023-07-20,24,97,0.5791743684140946
2023-08-02,17,52,0.14827261720272167
2023-08-23,20,172,0.7976593408881102
2023-01-13,10,171,0.6942811050221359
2023-06-30,13,102,0.3838876941041177
2023-11-04,13,143,0.3077680441259453
2023-04-13,23,191,0.8049805154643759
2023-07-24,24,54,0.5187358645274375
2023-07-24,23,120,0.8350853286932617
2023-02-23,10,13,0.45573532689992646
2023-04-08,16,102,0.24843535407893957
2023-07-14,15,116,0.5742018321457171
2023-08-31,22,67,0.12670704823399404
2023-07-19,15,187,0.2971065232785097
2023-05-07,25,153,0.26692694166706155
2023-11-18,18,140,0.693081017214928
2023-07-19,3,171,0.5476133744880094
2023-11-30,14,97,0.34017114371937474
2023-03-25,24,195,0.4175339627934811
2023-04-25,13,112,0.9009598858145023
2023-03-03,22,117,0.2244696944127491
2023-09-17,24,53,0.3832544446252262
2023-08-04,18,123,0.8391983793774701
2023-12-25,19,104,0.5770272618150748
2023-08-03,17,151,0.8381924747835494
2023-06-27,1,143,0.3670678090942995
2023-04-06,17,105,0.8752885701624489
2023-06-16,20,183,0.07874101239721365
2023-06-24,4,109,0.8667885863412471
2023-04-24,8,51,0.1511257627631567
2023-07-22,6,109,0.8266483551366705
2023-07-13,8,25,0.5109393238831457
2023-12-08,16,58,0.48024936110576066
2023-03-29,21,190,0.05111616344817049
2023-10-15,21,137,0.8515280560707162
2023-08-03,17,131,0.6651191854896714
2023-06-22,25,18,0.4128692896491569
2023-04-17,21,15,0.23955799144571122
2023-12-30,21,165,0.057630121023477865
2023-07-03,16,157,0.16133518664855062
2023-03-09,25,123,0.2841567495772408
2023-01-30,2,41,0.18931189435604046
2023-04-15,5,178,0.08930603153087335
2023-06-22,20,87,0.423911156776308
2023-07-29,5,97,0.30152165714551393
2023-01-23,10,122,0.9989810041496752
2023-01-29,23,18,0.7151961741098226
2023-02-01,18,27,0.7383246174076303
2023-07-13,9,158,0.070720524929063
2023-07-09,14,34,0.23952500065688487
2023-09-06,10,134,0.37246293345001236
2023-08-04,22,136,0.4140484639018418
2023-05-24,23,107,0.9215855467758178
2023-03-04,12,196,0.9627161421117157
2023-06-13,19,139,0.9237574981990824
2023-07-10,8,100,0.2931710572996583
2023-10-08,19,153,0.8587777592699424
2023-07-06,3,22,0.8044505624033124
2023-02-14,23,44,0.16418194792541652
2023-04-29,1,66,0.9508066171408345
2023-05-01,16,173,0.48701121840694717
2023-03-04,5,136,0.1364575513300882
2023-02-22,14,146,0.15455282551810945
2023-02-02,9,188,0.9543207863695917
2023-12-31,14,49,0.37354494178220865
2023-04-13,4,188,0.49852682995571107
2023-09-15,9,95,0.8759273570712318
2023-05-23,10,94,0.1551544933492599
2023-05-20,8,181,0.336849152847972
2023-12-02,10,15,0.013389340685031836
2023-11-02,5,139,0.538064950321583
2023-08-30,12,14,0.009402107145680128
2023-05-12,6,113,0.5693221232774491
2023-12-08,14,30,0.655466676295192
2023-09-12,7,153,0.19760636338241055
2023-10-07,15,146,0.08535138504597728
2023-02-21,21,178,0.0657669794800424
2023-12-08,6,83,0.6049952989782269
2023-11-13,24,109,0.7511305033361422
2023-02-09,19,190,0.41782121918087
2023-12-15,1,5,0.6109915206476264
2023-12-24,11,192,0.45709685290106883
2023-12-29,1,30,0.35895220088825064
2023-07-04,4,58,0.9179488289775782
2023-02-19,6,116,0.44158532367252956
2023-12-23,14,154,0.1547092285513405
2023-12-17,5,88,0.5110265436139533
2023-10-11,24,24,0.5960780802867688
2023-09-15,7,158,0.3822234570472839
2023-07-28,1,152,0.8709793435858768
2023-03-30,13,194,0.9456420945754939
2023-02-14,23,133,0.0145060763162983
2023-09-13,16,42,0.444303191277701
2023-01-07,6,51,0.22952075129319682
2023-10-21,14,142,0.7590914708585828
2023-07-10,12,100,0.6996948732122176
2023-07-13,7,172,0.9118747607729227
2023-09-17,15,138,0.5328197290086523
2023-06-06,18,99,0.40414235428768575
2023-04-29,25,177,0.1251741339284015
2023-09-21,19,70,0.3950334721863554
2023-11-11,22,34,0.31493417651830236
2023-03-04,21,72,0.06881130481120523
2023-09-16,15,186,0.21254720664450566
2023-11-21,25,10,0.705473481715547
2023-05-31,21,71,0.33228712578222797
2023-08-10,23,81,0.6287249322162162
2023-08-13,21,35,0.7501802800344013
2023-08-02,2,195,0.40066094002634123
2023-03-05,25,144,0.352436387845135
2023-03-25,13,60,0.68710926571398
2023-04-27,12,184,0.5652999856743117
2023-03-31,11,86,0.014498345865618711
2023-02-08,24,194,0.2611725503893997
2023-12-14,22,114,0.7362295411252284
2023-04-08,5,15,0.3877093355897855
2023-10-14,13,170,0.1170069599999426
2023-08-17,6,146,0.8477421747432277
2023-02-27,16,98,0.34153148266016
2023-07-04,14,165,0.6418876843644383
2023-12-16,18,30,0.8658584134004111
2023-07-07,23,53,0.7197321502081366
2023-04-02,18,172,0.23461843727466236
2023-05-22,24,38,0.7741568316328873
2023-06-07,22,94,0.7848494128712806
2023-08-27,21,178,0.6806787848229335
2023-01-20,14,31,0.8521760646984621
2023-05-06,22,117,0.7511309717069533
2023-03-28,17,80,0.19932519464511178
2023-08-08,5,191,0.29404073439826384
2023-12-29,16,86,0.1565293016088155
2023-03-17,15,30,0.11741102084120791
2023-03-25,12,191,0.11742345710651514
2023-04-24,23,145,0.02132775764488981
2023-01-03,4,195,0.961858199576322
2023-01-29,25,172,0.4042684989620827
2023-07-23,2,141,0.7446137671493285
2023-11-17,5,198,0.6647801186068099
2023-08-19,10,104,0.24086175910890095
2023-10-12,11,199,0.8161089216219415
2023-09-29,14,28,0.7629292649456187
2023-05-04,1,71,0.6171650084154213
2023-02-23,15,31,0.31870827193475537
2023-03-22,11,42,0.3917176657671644
2023-06-06,1,179,0.8973773164600913
2023-07-25,6,160,0.3049389262629385
2023-04-04,11,102,0.9563379104016048
2023-06-26,10,41,0.42750663739391126
2023-03-29,23,35,0.16676448263496746
2023-03-22,16,16,0.917789664366847
2023-07-01,19,101,0.5985053600294015
2023-09-05,17,26,0.5855171169155846
2023-09-02,17,16,0.22562884540885753
2023-02-22,3,19,0.8408873126402953
2023-06-15,19,9,0.33111517691223924
2023-02-26,24,194,0.515880180496785
2023-07-17,11,84,0.45333936569585365
2023-08-31,8,180,0.9130665812408004
2023-04-27,13,114,0.6702180922511294
2023-11-16,4,174,0.9125037490684315
2023-07-09,3,149,0.6715288043826755
2023-06-11,3,13,0.41761553372925475
2023-03-23,19,88,0.03802480130906438
2023-04-09,4,122,0.8032407360806282
2023-01-28,9,120,0.23849773609303704
2023-01-09,1,43,0.1691817338763747
2023-07-16,16,185,0.6792076183349547
2023-04-09,25,144,0.5701043893427238
2023-05-05,23,85,0.10618997721411472
2023-04-25,22,145,0.9183739069418587
2023-07-06,6,24,0.651475669664313
2023-01-05,15,142,0.7404231266526337
2023-05-13,1,94,0.7384812268855397
2023-06-18,11,34,0.008456384379211923
2023-10-29,21,134,0.3539577576419073
2023-12-19,22,154,0.3134156040581535
2023-06-23,13,92,0.5750348894255942
2023-09-20,18,14,0.8755942947573568
2023-01-14,10,191,0.6693251639351113
2023-10-10,1,188,0.9612903025199093
2023-12-09,19,52,0.49321291219693075
2023-08-14,6,146,0.507238586601438
2023-10-15,10,142,0.1234503616918824
2023-06-16,13,11,0.453424668496167
2023-11-02,3,158,0.45605969560740156
2023-02-01,6,4,0.3396700799227871
2023-04-20,21,25,0.09062232246879254
2023-04-22,13,156,0.12073775377997431
2023-02-12,10,33,0.6950974595121846
2023-07-11,13,88,0.6843149097478046
2023-09-20,13,14,0.9267816321115834
2023-03-30,21,84,0.8952556460169546
2023-05-08,10,109,0.5854843312801156
2023-10-05,11,163,0.09276007881893
2023-12-20,6,135,0.2834455948994874
2023-03-07,21,76,0.5617089502543448
2023-10-15,23,107,0.4011640949321813
2023-07-15,17,15,0.2630567310677131
2023-10-28,7,100,0.016340416141336966
2023-06-15,2,164,0.15766643108202372
2023-04-16,4,155,0.038796350944160896
2023-02-04,1,196,0.7672544830764313
2023-04-03,9,129,0.5728120583963773
2023-07-11,7,77,0.6892445101832118
2023-07-28,19,169,0.7444924662418696
2023-11-20,23,100,0.04712452170670045
2023-08-04,11,195,0.455988710991734
2023-04-21,18,17,0.9693034366713216
2023-07-31,18,119,0.9678303795184081
2023-03-30,15,124,0.4744339924025047
2023-10-01,16,51,0.6860058260045655
2023-10-14,19,127,0.7690233218637564
2023-02-20,5,121,0.5923048008377517
2023-12-28,18,112,0.8644692190842598
2023-09-10,24,158,0.21091586490537884
2023-06-16,7,43,0.30866709264409187
2023-07-12,15,87,0.388520842887754
2023-07-09,16,99,0.08836578110468796
2023-03-03,15,93,0.248899616966627
2023-05-18,7,26,0.4845495987570996
2023-07-26,5,180,0.676958711920223
2023-05-13,11,182,0.8944427865450902
2023-11-11,8,88,0.9538047656799806
2023-03-30,6,150,0.33009864865975613
2023-10-30,19,31,0.6551479033731381
2023-12-12,12,2,0.589048342272774
2023-10-31,8,89,0.46092466427841594
2023-08-04,1,185,0.6694213163332878
2023-12-23,8,193,0.18305333410460944
2023-12-12,10,159,0.14482852830523485
2023-04-01,12,187,0.8130781792497823
2023-12-27,14,26,0.3657731880387787
2023-05-26,4,185,0.8693927292339223
2023-03-14,22,144,0.3323378302073161
2023-04-14,15,190,0.8092805123312401
2023-06-18,21,181,0.7613310722652012
2023-02-25,17,162,0.4415890784717724
2023-09-25,7,178,0.559713282785371
2023-10-12,24,186,0.7523752349246048
2023-01-19,23,56,0.8799595094380254
2023-11-20,15,30,0.43137823316537416
2023-09-21,16,11,0.34527322738847444
2023-02-19,12,111,0.9525965490393545
2023-11-19,9,183,0.12039654818462198
2023-12-01,10,58,0.8563915770146744
2023-08-03,15,90,0.19602007959017487
2023-11-02,11,122,0.9100680023680825
2023-02-24,23,145,0.7712820614400525
2023-05-23,16,112,0.829506819957801
2023-02-06,23,47,0.7826439370434545
2023-06-11,1,111,0.23168633106728842
2023-09-12,10,174,0.3444597620149459
2023-02-10,19,189,0.3195149635862291
2023-06-17,8,51,0.9063161568499044
2023-07-01,18,128,0.7862846772766622
2023-05-11,3,10,0.9512876895003203
2023-11-02,12,110,0.30608122637362256
2023-08-09,4,86,0.5149665463654856
2023-02-10,20,124,0.4367684421836633
2023-06-19,13,146,0.0037280781464802404
2023-12-28,5,180,0.6774385843290356
2023-05-21,16,131,0.23103172433824692
2023-06-23,11,175,0.3719977058776319
2023-01-18,2,9,0.28926066757426017
2023-02-06,15,84,0.7483540372450936
2023-01-11,23,18,0.11648910354638675
2023-12-01,18,57,0.5170748545439303
2023-10-29,2,183,0.1802751719672474
2023-08-05,18,130,0.9086016309049567
2023-07-24,23,112,0.14094866130479156
2023-05-16,25,85,0.8320524489698613
2023-04-08,2,13,0.8138916949315245
2023-06-27,7,96,0.6883801720313137
2023-06-10,5,10,0.9363116649855752
2023-04-28,11,136,0.32387947661665073
2023-02-17,24,34,0.9594826519619056
2023-07-07,21,49,0.5038957746181799
2023-11-29,1,60,0.08808945367124921
2023-03-16,1,122,0.5062929154162271
2023-09-24,20,136,0.9446302170033173
2023-08-09,15,176,0.7527652470925535
2023-02-01,24,98,0.572839930035045
2023-07-19,24,94,0.18654514822451562
2023-08-13,25,69,0.9179272317426527
2023-02-09,3,143,0.5337943453702558
2023-12-11,6,154,0.7859465202385694
2023-11-14,20,182,0.9303614404938837
2023-04-15,21,40,0.7724619429887137
2023-03-04,23,199,0.09308705135496065
2023-05-13,6,50,0.47020572390561133
2023-05-29,1,38,0.574696186339866
2023-12-19,17,85,0.4213050976843229
2023-04-14,11,40,0.12840520005926814
2023-12-27,5,25,0.4442798719900505
2023-12-26,21,43,0.1360454508443122
2023-12-25,8,124,0.5186836065474721
2023-08-09,1,129,0.6628384748055536
2023-12-08,11,34,0.26496101792502025
2023-08-18,10,144,0.963760082260479
2023-08-13,5,190,0.4880255950580541
2023-01-10,11,3,0.9167831188274661
2023-11-10,11,198,0.3640884392066108
2023-07-27,18,101,0.016033526291147293
2023-01-31,3,47,0.8107455348593808
2023-01-21,14,20,0.8079915174653745
2023-11-13,7,52,0.5614611057830495
2023-07-04,5,16,0.6942902560926997
2023-05-09,21,164,0.0242228067373651
2023-04-28,2,87,0.5828253407208858
2023-01-02,10,123,0.2750178428680501
2023-02-28,2,110,0.4153644415792813
2023-08-15,16,6,0.762100115780033
2023-07-12,25,3,0.30268640464186136
2023-06-25,23,50,0.04159616888247941
2023-09-29,9,7,0.6309571099970916
2023-02-06,19,57,0.05683667309844542
2023-03-05,14,15,0.42221770209196896
2023-02-19,21,157,0.297075087855737
2023-06-12,3,66,0.5826267425482542
2023-06-20,13,111,0.037476979244408515
2023-09-08,11,22,0.5572623490564355
2023-09-04,7,184,0.365607889137327
2023-06-13,17,115,0.16357930633286188
2023-01-10,13,119,0.22975933326727438
2023-07-19,24,18,0.671088371609049
2023-05-24,20,56,0.9311236184989399
2023-06-25,25,16,0.06793310289145726
2023-06-11,10,42,0.6717169081112279
2023-03-12,5,179,0.9255454625847299
2023-09-30,4,90,0.29162331298065347
2023-02-02,21,155,0.6735542182160431
2023-10-20,9,154,0.7803583591814398
2023-06-12,12,164,0.6715593623864666
2023-01-13,18,31,0.5220527383271095
2023-11-27,2,2,0.16354306716262623
2023-01-09,18,81,0.32192684175036035
2023-06-05,11,52,0.017946996188073938
2023-09-16,19,116,0.4760725019374419
2023-02-01,20,109,0.17001135308140547
2023-02-07,2,91,0.32596314934913484
2023-12-21,6,93,0.5501250694509542
2023-12-28,20,40,0.2552979747828029
2023-10-19,22,101,0.41639999577891085
2023-03-15,3,55,0.7566273529384357
2023-06-17,3,166,0.18392447047497673
2023-10-18,11,74,0.8398893890992795
2023-05-12,17,25,0.408399326021754
2023-07-18,1,53,0.399491224889596
2023-03-21,15,158,0.6245840794642826
2023-09-20,16,161,0.6742309767307599
2023-11-10,9,190,0.7680279874024679
2023-10-21,20,67,0.024951594992347892
2023-05-18,9,142,0.06836888782499029
2023-07-25,14,23,0.9061421528568716
2023-11-05,19,83,0.16312066872030284
2023-08-08,22,20,0.9927744678434243
2023-08-18,7,67,0.36879113946334263
2023-03-20,15,61,0.21633938622820936
2023-04-23,4,137,0.8023719371535684
2023-09-30,8,133,0.3714517265981412
2023-01-13,16,46,0.9564328420127471
2023-06-29,22,109,0.08380342076183489
2023-05-30,10,59,0.6726776731387425
2023-02-15,18,196,0.8771969672514122
2023-10-23,10,170,0.29339320875365904
2023-12-02,14,86,0.8027720624155391
2023-07-02,7,92,0.3284709209757467
2023-06-23,21,6,0.7499712570670518
2023-11-16,20,148,0.1559841197164138
2023-12-23,15,40,0.28120955713833784
2023-10-05,9,78,0.9641600903766786
2023-01-21,23,192,0.2978229573324296
2023-05-06,6,172,0.43051818050157087
2023-04-19,22,123,0.5006994003243145
2023-06-10,7,70,0.34451766444182097
2023-09-27,10,157,0.4445151760994489
2023-05-06,3,175,0.9285283006514624
2023-10-11,3,45,0.7529079829079681
2023-12-10,13,142,0.934933948925431
2023-02-10,21,156,0.48814442608144715
2023-06-20,11,138,0.07154595846813294
2023-10-23,14,36,0.36886925505973955
2023-05-29,13,41,0.8738928404061741
2023-01-13,7,62,0.8811115018559341
2023-01-01,13,144,0.3680610196073496
2023-01-06,13,185,0.07707043542139291
2023-12-30,16,80,0.5106558673145986
2023-02-27,13,91,0.7957086159483282
2023-03-16,4,100,0.8851428519820098
2023-10-27,8,112,0.1818396032371441
2023-04-16,8,89,0.5795505916580722
2023-10-29,9,162,0.8749221842342509
2023-04-25,7,82,0.08949061573127326
2023-05-03,4,167,0.711920040698277
2023-01-18,18,16,0.6061307351846382
2023-01-19,8,158,0.66430888249698
2023-11-20,17,73,0.17794346986971077
2023-12-28,13,18,0.21926617348676025
2023-03-07,17,177,0.5577621824323198
2023-01-03,8,187,0.01007776190272669
2023-09-19,4,200,0.5662022835391654
2023-09-23,13,35,0.7219605652784536
2023-07-05,18,73,0.46879893282193175
2023-09-27,2,47,0.5054954655516529
2023-11-08,14,58,0.7985676488953976
2023-07-29,19,133,0.7588487299243146
2023-05-18,14,87,0.6716041774205006
2023-12-14,16,113,0.3384389932966533
2023-07-30,18,115,0.6728839818645743
2023-07-21,18,61,0.8323682812684962
2023-01-04,2,95,0.90826584689928
2023-04-24,12,95,0.9427905123289481
2023-03-03,17,96,0.8621137646369844
2023-02-11,5,145,0.8208328118718607
2023-07-09,11,187,0.03468913817594488
2023-09-16,12,10,0.4199263158304256
2023-11-07,7,174,0.2713723908482032
2023-10-06,17,139,0.4832789787634515
2023-03-24,18,64,0.22434447033138094
2023-02-03,1,197,0.008554280609913145
2023-03-10,11,55,0.32149118199942306
2023-03-07,22,173,0.927868692687137
2023-12-08,13,100,0.03452790971238584
2023-09-22,20,118,0.5093963723584108
2023-05-26,25,110,0.8166681666202903
2023-04-18,2,129,0.11539255337988885
2023-06-01,18,138,0.710228174743505
2023-08-06,21,84,0.2632485161070026
2023-01-31,23,84,0.44550978318245016
2023-07-03,5,114,0.5858187935919899
2023-07-04,3,149,0.4532285685006653
2023-06-25,15,93,0.733585763450978
2023-12-03,11,55,0.3658700591866716
2023-02-12,5,65,0.18407840536564513
2023-01-29,6,182,0.7989006807445874
2023-09-13,3,151,0.21579495664544046
2023-03-27,10,112,0.9935297871780228
2023-08-02,20,137,0.5953811121462474
2023-05-28,22,128,0.24992507129659314
2023-12-21,13,18,0.29767705731828753
2023-05-19,23,159,0.9263404957633075
2023-10-25,2,54,0.9262004600830249
2023-04-30,8,84,0.18378994263582693
2023-07-13,7,20,0.9707519626889627
2023-06-26,12,127,0.03640716694840651
2023-06-04,5,53,0.8231917053916675
2023-02-03,14,122,0.024501819690937787
2023-12-25,9,108,0.9751841689694788
2023-10-13,14,122,0.353720643248816
2023-02-18,14,198,0.9102536982796602
2023-10-25,5,181,0.31469512557521595
2023-05-04,15,51,0.5635952744926219
2023-09-22,4,55,0.7857054378352228
2023-11-01,5,63,0.7048774998639714
2023-05-02,18,141,0.9206470304890156
2023-11-04,21,166,0.4807397061884209
2023-01-19,4,188,0.7218793800730241
2023-02-04,18,159,0.06440154168887724
2023-08-24,11,137,0.04775918830187986
2023-10-07,14,14,0.11040868345400434
2023-10-10,20,66,0.8436530055045814
2023-10-16,12,79,0.3047696719870878
2023-10-01,15,130,0.815202231872752
2023-10-30,17,73,0.7016260748197731
2023-08-24,17,36,0.6800210432018673
2023-05-25,11,12,0.16415158819005637
2023-08-29,24,109,0.12669008698215078
2023-11-23,21,109,0.7075221818963477
2023-05-17,22,173,0.36432052275205484
2023-09-17,22,143,0.4123104665188805
2023-05-23,23,155,0.7396567192284823
2023-10-14,8,139,0.2396897397738037
2023-09-05,14,187,0.5983744262893045
2023-08-15,14,2,0.5853418509178442
2023-01-29,18,51,0.8942066315998569
2023-04-06,22,38,0.6362515582698031
2023-12-05,17,162,0.14658650507061344
2023-06-06,22,39,0.747326964134001
2023-01-24,20,198,0.9448616425914614
2023-02-04,7,2,0.4895336559621922
2023-03-27,3,194,0.2178958408464986
2023-04-27,24,189,0.05218177545481206
2023-11-12,8,118,0.7078949976220392
2023-09-01,4,175,0.2314526618967655
2023-03-29,20,55,0.7632968908112353
2023-01-21,1,140,0.8083711655147465
2023-12-24,7,157,0.39793286112337223
2023-04-20,8,97,0.9453829672470473
2023-07-02,22,98,0.6106028016615984
2023-05-01,5,98,0.4180703928484205
2023-04-26,20,117,0.41165784827430474
2023-10-07,14,168,0.48420735858114283
2023-06-28,14,45,0.08482855096573483
2023-10-09,7,166,0.2735108745080276
2023-08-16,3,72,0.8324049504283079
2023-06-25,10,172,0.8514238597058653
2023-09-26,15,109,0.636276041183184
2023-06-26,3,178,0.1059848860762993
2023-04-16,9,180,0.992366683736174
2023-09-23,12,59,0.7304205342201733
2023-06-25,20,176,0.29696146865272743
2023-09-17,4,33,0.1839178117931306
2023-01-30,10,173,0.4148243407406119
2023-12-18,17,101,0.16632889315139843
2023-09-05,11,186,0.40532878924483495
2023-03-13,21,195,0.7249097465233431
2023-09-02,5,171,0.16051645338391596
2023-10-15,14,68,0.12460999930212113
2023-03-23,19,22,0.09932669611107536
2023-08-14,24,121,0.2753479964668951
2023-11-23,20,195,0.5544195461362524
2023-05-12,3,171,0.45610403428043655
2023-11-28,9,184,0.8201769388204339
2023-05-13,6,143,0.1848427736416507
2023-11-09,6,156,0.926767126386444
2023-10-17,9,26,0.26354965565532695
2023-06-11,12,126,0.4693239218362655
2023-01-02,9,49,0.22519811075071539
2023-11-29,12,180,0.11656657804526238
2023-06-09,5,178,0.29173346929990396
2023-04-01,22,52,0.1455947329835584
2023-01-18,2,102,0.3025941937323755
2023-01-23,3,43,0.11497594190038651
2023-09-24,21,78,0.9220706817680557
2023-12-12,9,58,0.510893772585653
2023-10-20,15,20,0.30085620200791485
2023-12-02,24,140,0.07608468954070169
2023-02-21,24,7,0.058957001431005795
2023-12-10,18,99,0.46954760420442576
2023-06-06,11,25,0.6644583386596343
2023-08-01,13,139,0.0013071552877317316
2023-01-29,16,114,0.5313570537165887
2023-02-09,12,162,0.49110953324057505
2023-08-21,12,140,0.31189195563967176
2023-02-13,19,75,0.6254187190877457
2023-11-14,22,156,0.6343519017943923
2023-10-23,11,119,0.5566304504850313
2023-11-25,7,77,0.05741573840535252
2023-10-13,1,100,0.8847665749273322
2023-06-11,18,79,0.3866129149826121
2023-11-15,25,134,0.6442840420732993
2023-04-16,17,163,0.29588448212346596
2023-03-29,13,14,0.6194350684309353
2023-06-23,25,76,0.8300354437935107
2023-09-22,18,101,0.630661184234602
2023-01-10,2,150,0.8596464540818365
2023-11-08,11,48,0.8875276204154016
2023-07-22,15,19,0.5830336543875384
2023-07-14,22,96,0.2782700848999423
2023-01-10,2,89,0.9145285664940703
2023-03-06,23,62,0.1733217137993347
2023-05-15,8,59,0.2943466098995191
2023-04-26,22,184,0.5510245089838995
2023-03-26,23,72,0.20534509412776225
2023-11-14,13,98,0.8022552285671269
2023-10-13,17,97,0.5820411609372674
2023-06-15,4,21,0.6525570993086934
2023-01-16,8,184,0.7589818013777173
2023-05-02,12,62,0.7886161042053025
2023-12-27,25,190,0.6858949366220962
2023-09-28,21,195,0.9073146908941467
2023-07-21,21,153,0.5725271640635445
2023-03-11,22,105,0.7514701671775977
2023-08-15,19,169,0.7811230282357805
2023-11-01,19,180,0.7209082449522215
2023-06-22,15,91,0.8935960167589528
2023-12-13,10,172,0.16871761519443929
2023-11-26,9,175,0.2952826905972957
2023-02-04,16,153,0.4578776728528292
2023-07-03,23,172,0.3666313557368459
2023-01-24,16,197,0.1735175657636776
2023-06-23,3,21,0.6855898646883
2023-12-08,15,71,0.7958152189418568
2023-04-24,4,28,0.8877986672803037
2023-04-06,14,54,0.8970225187992141
2023-11-23,13,32,0.7282592720448239
2023-02-08,14,133,0.4768082939868299
2023-09-18,16,39,0.8431104013441376
2023-12-14,17,13,0.007399425610210675
2023-04-29,23,72,0.6042143971508657
2023-11-27,14,16,0.9882940571041273
2023-01-18,21,115,0.6210332864921579
2023-05-01,13,24,0.8184460367879894
2023-02-11,6,27,0.90633330471006
2023-04-28,13,86,0.26060699369980134
2023-12-22,8,2,0.6397443872333857
2023-08-08,3,182,0.16444361794406426
2023-01-11,22,168,0.434841466204962
2023-05-21,1,159,0.720645680141264
2023-04-02,17,52,0.5390696075898146
2023-11-05,23,163,0.9701786853389692
2023-12-27,17,71,0.5914306251907434
2023-03-26,21,91,0.4519840422010972
2023-12-24,13,18,0.4908529048133321
2023-09-25,12,22,0.8279118335953173
2023-06-06,10,119,0.23412582965322104
2023-03-25,22,23,0.31643890332240887
2023-09-21,16,71,0.2754519721696398
2023-03-31,5,192,0.8101981452018887
2023-11-19,10,47,0.9108613434538452
2023-01-27,7,95,0.723592326789117
2023-03-11,8,119,0.10490019113760385
2023-03-05,25,48,0.01647814895240174
2023-07-14,9,50,0.4432231795283771
2023-12-18,2,153,0.11333617915491434
2023-10-05,25,148,0.16660666973608673
2023-11-25,22,145,0.8154512627169498
2023-05-10,20,146,0.8851305349368601
2023-02-22,3,40,0.28576785016459594
2023-09-29,13,133,0.14191004906566163
2023-12-31,15,179,0.08747049409941476
2023-01-05,13,170,0.5912874382233363
2023-11-19,23,83,0.3097069593809284
2023-08-04,12,138,0.9624202680672564
2023-07-26,24,18,0.793170546133779
2023-09-14,20,138,0.5434054629469329
2023-12-20,1,32,0.6440933307255763
2023-07-27,20,118,0.42783817679154823
2023-05-18,5,6,0.9207006134963645
2023-12-13,24,80,0.8234348179607969
2023-09-07,2,128,0.44489387514971135
2023-03-07,8,72,0.9864992060427319
2023-10-07,1,60,0.5364936320983695
2023-02-27,19,158,0.43779911373505953
2023-09-16,24,30,0.2211734865276619
2023-04-16,23,97,0.22668662046856314
2023-02-14,10,142,0.5104876509101032
2023-10-25,11,24,0.8739584149699929
2023-01-16,2,141,0.42669994127275124
2023-03-05,7,47,0.6763916446100773
2023-02-11,25,196,0.020738831769460675
2023-10-17,24,30,0.6508062560532759
2023-12-15,13,68,0.6327728851110368
2023-09-13,1,140,0.5359115631545366
2023-11-28,17,151,0.4420596411857193
2023-10-28,10,60,0.4929973539500556
2023-02-08,13,183,0.5716328841688936
2023-03-07,14,200,0.20931909495811485
2023-02-17,10,76,0.2239104091956351
2023-11-30,22,1,0.18953013526942641
2023-06-29,11,77,0.5645414794075443
2023-11-19,5,199,0.6344369967399911
2023-07-19,6,90,0.9140072205060141
2023-10-26,1,150,0.469506373303579
2023-06-10,15,105,0.9451248584202211
2023-07-21,20,10,0.12029708539581596
2023-06-06,1,153,0.05284594709461454
2023-07-02,12,19,0.13867673733011898
2023-07-08,13,155,0.30375209467440123
2023-12-01,11,5,0.7979295107982385
2023-08-31,22,138,0.24996838737344296
2023-04-01,9,170,0.4298056893852219
2023-11-30,4,40,0.40298894046301836
2023-11-25,14,116,0.9987265218072178
2023-03-21,18,50,0.9655742595228711
2023-07-28,25,68,0.9986064911773784
2023-12-15,12,57,0.6557163737691556
2023-05-29,6,37,0.7184003587291498
2023-05-31,10,90,0.06185899748857837
2023-04-04,14,42,0.7933147083102696
2023-12-26,10,105,0.4303151529352214
2023-05-21,24,162,0.20157679006614937
2023-02-13,5,60,0.141759624959524
2023-01-31,2,60,0.20669666391834685
2023-09-02,12,26,0.9856470661110797
2023-02-28,23,117,0.3921271526297405
2023-03-02,8,32,0.09692104255401879
2023-03-05,8,35,0.5032577910778252
2023-05-31,20,142,0.5962928295408648
2023-01-29,18,6,0.08120489997204128
2023-06-16,25,34,0.18495902464392622
2023-11-22,9,120,0.2918437955777875
2023-12-17,24,193,0.2278548863823172
2023-07-24,10,101,0.34647242721543825
2023-03-10,13,168,0.5631438264408416
2023-09-14,5,125,0.21550260830488466
2023-03-16,14,152,0.39764624892232336
2023-03-29,3,83,0.7553173045266715
2023-08-25,20,104,0.9405940834880652
2023-06-29,17,89,0.2679823784653069
2023-11-18,1,76,0.2733834793359655
2023-08-28,21,190,0.1396917650780901
2023-07-13,15,6,0.6042093871450608
2023-05-14,5,64,0.5763193602537001
2023-12-09,19,183,0.7675824244070525
2023-02-22,4,117,0.3764202809509438
2023-07-21,18,24,0.8591515446557552
2023-07-08,3,26,0.9844910723268785
2023-05-06,21,9,0.13195312259619574
2023-12-22,11,91,0.021031047153238558
2023-11-05,1,183,0.8195772631436451
2023-11-04,9,75,0.9858307010327684
2023-10-03,11,103,0.949060890719442
2023-03-25,25,134,0.6529899843592358
2023-01-07,23,127,0.5186754086437161
2023-05-17,24,52,0.4453022845457455
2023-10-29,20,144,0.19205861325641238
2023-12-07,14,165,0.14922472229902317
2023-05-07,19,108,0.5856832879883154
2023-09-04,21,72,0.3129264978188683
2023-04-26,1,144,0.8722196985179486
2023-09-06,19,47,0.8161428868189167
2023-10-07,20,50,0.2601706596466792
2023-11-03,5,62,0.3508385340451079
2023-12-22,2,111,0.24524671180435031
2023-10-21,15,179,0.6474821938787433
2023-03-30,2,198,0.7771997641529923
2023-04-27,12,127,0.604501548210061
2023-08-16,4,2,0.6927782665725313
2023-12-11,9,152,0.37269745138786525
2023-01-29,4,16,0.1719377064971619
2023-06-27,14,180,0.567298820902158
2023-11-19,14,50,0.6140292232449768
2023-12-11,18,120,0.9788570409808555
2023-09-08,10,164,0.49391336871820446
2023-02-07,15,148,0.8157692479176621
2023-10-11,3,43,0.5849682848944061
2023-12-20,8,142,0.09262939962440286
2023-09-19,21,31,0.5944122368945519
2023-08-07,19,187,0.8020980769456804
2023-01-04,8,38,0.017669214812406464
2023-02-13,7,132,0.4624694438214163
2023-01-01,19,35,0.6050141343162531
2023-05-19,2,65,0.23691090135587245
2023-07-22,24,34,0.6069719516087583
2023-11-16,19,179,0.8638159958705012
2023-01-16,1,11,0.11138420850281605
2023-02-03,22,9,0.7725327668328577
2023-01-12,14,84,0.9309647839780918
2023-06-26,11,19,0.8782860346422475
2023-11-15,21,192,0.9013989631427886
2023-12-31,15,94,0.9535283980653624
2023-11-15,25,141,0.5463658814762985
2023-03-17,4,46,0.9570189718692985
2023-02-07,10,199,0.5827882494937892
2023-06-25,19,148,0.3556592023532824
2023-07-15,7,130,0.5192921460833831
2023-04-27,24,92,0.8419227638104135
2023-05-10,5,62,0.17395078100761174
2023-09-29,1,154,0.5755015222990132
2023-06-28,16,117,0.5419822344496443
2023-05-21,8,163,0.32109240127856475
2023-02-01,24,144,0.6176245360863004
2023-10-03,25,127,0.9728982609495694
2023-07-26,9,126,0.9851602482335424
2023-07-17,6,197,0.5731436175202383
2023-09-02,22,183,0.15522888176681637
2023-12-19,5,196,0.8781148085243011
2023-10-10,21,86,0.18021246234287813
2023-11-12,18,189,0.5053197556098558
2023-05-06,23,34,0.1493133550221828
2023-08-02,21,75,0.3067623174667784
2023-01-19,12,132,0.9521071695732795
2023-03-18,17,93,0.7204741153762648
2023-10-18,21,174,0.5176523425396082
2023-11-30,8,109,0.6905997074516685
2023-02-06,3,48,0.5167174253920478
2023-06-09,22,65,0.6949010320630324
2023-01-09,3,2,0.26808871133057366
2023-07-31,2,105,0.23555765961707031
2023-07-03,10,190,0.9157187486529876
2023-06-18,21,26,0.7864948806576796
2023-02-01,6,155,0.48582774590981137
2023-01-26,16,78,0.30501013982386127
2023-12-01,14,191,0.2701208525562312
2023-05-14,10,78,0.5385192185984478
2023-02-03,12,64,0.33223584142307805
2023-09-15,4,36,0.8584058525173561
2023-08-09,8,29,0.7755306924552806
2023-05-04,21,10,0.396310373026344
2023-12-16,11,65,0.37343635067777425
2023-12-05,23,23,0.9626140452838006
2023-08-18,23,100,0.8817368031830651
2023-12-02,22,45,0.30830825719274824
2023-02-28,7,68,0.19586334508759284
2023-08-19,6,90,0.34568411006994815
2023-08-28,6,99,0.18211685457285465
2023-04-04,12,68,0.4075163570071011
2023-02-24,8,46,0.030497486585568057
2023-03-09,17,6,0.6244811579210225
2023-07-20,14,125,0.11122586347353991
2023-03-06,16,126,0.021017269636316338
2023-07-01,5,124,0.5342041668409769
2023-03-01,21,139,0.2541505878742778
2023-11-14,10,28,0.34917762147514797
2023-09-27,19,132,0.07271151809185938
2023-06-10,11,126,0.8399430408633546
2023-12-26,10,34,0.42948897895446947
2023-05-01,5,153,0.6111181610162506
2023-03-09,20,186,0.7457873826208059
2023-09-20,18,38,0.5086887012980039
2023-08-21,24,136,0.03183136848859569
2023-12-27,21,108,0.7956125845049488
2023-07-02,17,23,0.6487005339586228
2023-06-24,24,152,0.41315768460633207
2023-05-29,16,48,0.7727021535844052
2023-06-06,4,164,0.27785937647094916
2023-08-26,1,16,0.08764681513800243
2023-11-05,21,62,0.7867744471765876
2023-10-14,17,195,0.7986836309096883
2023-03-13,15,2,0.3600247431249166
2023-03-19,11,166,0.28906747498882523
2023-07-13,7,10,0.538973730806862
2023-09-24,3,80,0.8271473979372177
2023-12-06,13,7,0.13753819939595247
2023-04-29,15,185,0.8602999977118235
2023-08-09,17,3,0.6515921129505153
2023-04-09,10,91,0.5714384944540587
2023-01-01,19,170,0.7643647969149518
2023-09-27,11,131,0.43160409284273893
2023-12-23,18,193,0.9545454455607558
2023-05-17,20,72,0.6179266325840562
2023-01-31,23,121,0.5071374022099951
2023-02-26,10,97,0.22914912043510471
2023-08-30,1,155,0.21870422783381427
2023-08-29,16,103,0.853503296197802
2023-03-07,1,93,0.7379517506996047
2023-05-22,19,160,0.6596530469883073
2023-12-12,1,165,0.6653288752047617
2023-01-20,22,163,0.6147301131446335
2023-12-01,22,15,0.5963101948621554
2023-07-20,9,149,0.22806345553359864
2023-10-18,9,84,0.5493110577218258
2023-11-19,4,3,0.21781931181122427
2023-03-03,17,135,0.2448906833411072
2023-03-22,19,65,0.39642296413242206
2023-04-02,16,100,0.5694919313241282
2023-10-17,10,52,0.4304185984925909
2023-03-04,22,111,0.7076810575011335
2023-11-23,15,25,0.01570576334352436
2023-02-03,14,68,0.9924571622565991
2023-10-26,8,115,0.5162395614365966
2023-02-18,22,108,0.6953924281779477
2023-12-02,7,48,0.8368826020926113
2023-03-22,17,93,0.07416869978335316
2023-06-12,4,130,0.351093881395544
2023-04-28,24,2,0.04906569038581665
2023-10-11,14,199,0.6883603978895888
2023-04-25,6,136,0.20061957485920823
2023-01-21,20,192,0.4575292168720081
2023-09-01,16,190,0.8538228016711711
2023-10-27,18,190,0.19925917290156148
2023-11-15,12,167,0.06174724432118961
2023-07-11,24,119,0.6071435440653844
2023-02-01,20,100,0.8858559756166807
2023-09-27,19,195,0.27147295745728484
2023-02-20,4,188,0.25781931589707474
2023-03-10,24,41,0.8698349780866993
2023-02-05,17,190,0.9031183496718566
2023-02-14,24,16,0.825624804310318
2023-12-26,7,174,0.4023870837662481
2023-02-28,17,39,0.793987615098406
2023-06-30,11,117,0.025003893920121256
2023-11-23,22,185,0.40576976777639706
2023-11-04,17,54,0.7904836445517797
2023-08-15,17,189,0.9764237031430545
2023-08-05,19,62,0.6725361464385321
2023-12-05,21,156,0.9674388129639115
2023-03-16,4,78,0.2102226788994419
2023-06-09,19,126,0.2756295714755732
2023-07-30,20,153,0.4654104588846659
2023-08-09,2,172,0.5010661174027261
2023-01-12,14,73,0.900802352856741
2023-04-04,13,173,0.6717108504385106
2023-10-11,4,4,0.13567357481067954
2023-01-26,9,106,0.7887168081995389
2023-05-19,1,88,0.9692143494055604
2023-09-22,9,7,0.28698282011806786
2023-10-06,8,5,0.9486307136926166
2023-05-22,17,53,0.4717004480041824
2023-10-06,1,97,4.025389688999681e-05
2023-11-29,16,171,0.483412039716963
2023-09-12,8,148,0.7582931414158883
2023-01-17,13,76,0.8119706630100155
2023-09-22,11,15,0.11026336071626541
2023-09-26,8,14,0.7823545326645904
2023-01-05,10,6,0.18963930096249282
2023-10-11,18,145,0.8432876824561631
2023-05-14,24,177,0.3189362133366658
2023-12-06,19,156,0.31100517183037246
2023-11-14,1,96,0.4408810314859438
2023-02-20,24,175,0.6670773148792796
2023-04-24,24,126,0.34258078935724323
2023-11-21,1,30,0.19390993327232098
2023-01-21,3,29,0.5788762704866848
2023-11-13,14,1,0.744564294423328
2023-09-19,11,114,0.07236049849470216
2023-12-26,10,114,0.1189598539393425
2023-11-17,8,175,0.8231720680597359
2023-09-26,9,101,0.28351394962976195
2023-05-09,7,120,0.6332215519885694
2023-10-02,23,27,0.5876733945407909
2023-09-18,20,165,0.3673235981807418
2023-10-07,17,95,0.24276889498659948
2023-01-07,13,15,0.0376541919263953
2023-02-10,25,87,0.44348770900485635
2023-08-03,11,46,0.9215810093227503
2023-11-07,17,78,0.8441810105358395
2023-10-16,13,158,0.6069991867747013
2023-09-23,19,135,0.8779693368308356
2023-12-11,14,93,0.6794828434445237
2023-06-09,11,150,0.35584324135429923
2023-10-15,24,11,0.0022429384996325297
2023-04-20,19,45,0.7023322085631841
2023-07-19,4,143,0.6380431802569665
2023-04-05,20,122,0.2514455472570608
2023-09-07,18,79,0.029905736005441996
2023-03-25,4,134,0.9516090453884124
2023-01-30,21,119,0.3291127461245662
2023-12-26,25,30,0.9429464348981486
2023-02-05,14,12,0.39865675097387265
2023-10-16,21,136,0.45315608468951163
2023-06-15,20,70,0.5966027664348331
2023-05-29,5,71,0.669327307779375
2023-05-11,7,78,0.461022992129154
2023-12-05,22,100,0.6826914837924086
2023-02-06,6,38,0.6444877803557668
2023-02-15,8,91,0.865946972281371
2023-08-11,7,37,0.9714456531190026
2023-04-07,1,164,0.8839659510180954
2023-12-19,17,139,0.2729816681619356
2023-06-24,8,181,0.21568991169494856
2023-07-28,1,46,0.19006354823331084
2023-12-29,5,191,0.41801634833609536
2023-10-27,18,193,0.19556308777335463
2023-06-23,4,2,0.18357901797626097
2023-11-13,18,15,0.26007663131419456
2023-08-07,16,81,0.3825686374162681
2023-03-25,19,44,0.5719881161104935
2023-01-09,18,106,0.26634219843613616
2023-06-04,18,110,0.42703741460320044
2023-07-10,16,191,0.23152894228856336
2023-12-01,5,24,0.42822148796538284
2023-09-03,4,92,0.9459280201077082
2023-10-30,11,51,0.1916774702115882
2023-08-17,14,125,0.7635733808198722
2023-12-20,1,22,0.7223415484678778
2023-04-24,7,183,0.715957604413559
2023-06-23,7,160,0.5022101612772937
2023-05-26,24,54,0.40968151276479015
2023-10-05,24,194,0.5574789919494679
2023-11-27,24,107,0.7592887003474871
2023-08-04,15,171,0.5572032740218633
2023-08-01,6,5,0.4765459146941232
2023-04-05,6,112,0.7961116340844197
2023-02-05,4,139,0.4827511017341817
2023-05-03,18,169,0.2193079720920288
2023-07-05,4,96,0.953076419256588
2023-10-21,25,184,0.3764494954075921
2023-12-27,5,137,0.44998220298679725
2023-02-07,23,73,0.2993096164203647
2023-01-27,2,149,0.6058114586619316
2023-11-04,16,27,0.6980969840160904
2023-01-13,17,187,0.14995436146592056
2023-04-28,24,104,0.6614893448145428
2023-02-18,21,127,0.20391116051120417
2023-03-04,15,3,0.10992770560045317
2023-08-10,20,24,0.7024328905584903
2023-10-18,20,29,0.20994827849622522
2023-09-29,20,119,0.39075207524700706
2023-10-13,11,56,0.06886958321923109
2023-07-11,5,129,0.5104403329150932
2023-10-16,4,198,0.46282858585498077
2023-04-08,3,116,0.41175843551610725
2023-03-22,23,167,0.7356768021557203
2023-11-08,21,144,0.8533546525946407
2023-03-19,22,33,0.36448491341737166
2023-09-08,11,148,0.13952037785457094
2023-06-17,1,50,0.9068197887835937
2023-12-11,9,133,0.7621968622245852
2023-01-29,17,82,0.13584870252789594
2023-02-16,22,159,0.9359100576394973
2023-02-27,15,117,0.6978885656224761
2023-01-28,15,53,0.870139422111579
2023-02-25,19,199,0.41635673119431393
2023-07-24,3,109,0.7838772179636215
2023-11-03,8,23,0.030429182900552965
2023-03-12,22,132,0.27740832962305717
2023-05-11,15,114,0.568008761958452
2023-01-18,21,23,0.9704367277022822
2023-07-29,25,168,0.7985568240019179
2023-12-02,22,95,0.14212754669209404
2023-09-11,8,13,0.5001856690327586
2023-01-14,23,162,0.6129475849666098
2023-04-11,8,152,0.43901802504738485
2023-03-07,17,68,0.24285568852453332
2023-04-29,8,187,0.7844818279782872
2023-03-07,20,83,0.28517709659559076
2023-07-02,24,57,0.3705642460363231
2023-09-10,21,154,0.8243094329189232
2023-07-25,16,188,0.744271257481291
2023-03-17,19,17,0.5736449259047693
2023-11-25,20,193,0.41920172897649277
2023-12-04,25,76,0.7035159753858411
2023-02-01,19,125,0.005322013395648417
2023-03-31,9,116,0.43714692099322194
2023-07-20,14,35,0.824068027389512
2023-12-18,25,122,0.9827671594892853
2023-11-19,17,92,0.4137705732779561
2023-08-05,6,115,0.7525805488729927
2023-06-03,19,84,0.26995818480853284
2023-01-18,22,198,0.3506920982277538
2023-03-16,5,129,0.3397832049024109
2023-05-20,1,15,0.00453235340756053
2023-07-30,7,112,0.24938394034896838
2023-10-21,23,83,0.823338672005297
2023-07-11,8,39,0.8845749952641504
2023-10-15,5,131,0.3715670077647033
2023-06-03,5,194,0.24455354751414016
2023-08-09,9,48,0.3139250922420356
2023-06-25,22,117,0.7117313574239562
2023-08-15,18,116,0.2608271015074154
2023-02-10,23,44,0.7105341147635484
2023-02-09,13,67,0.9695868533653261
2023-06-28,11,122,0.9625355911621669
2023-06-10,11,21,0.7240945547555545
2023-04-28,8,78,0.012860368226505381
2023-10-13,23,199,0.8008526519030091
2023-03-01,21,165,0.4443591973814047
2023-11-15,25,48,0.3083767311924034
2023-09-24,17,3,0.2680842837696594
2023-01-17,20,11,0.825171942859468
2023-05-12,22,7,0.679643433733427
2023-01-29,22,158,0.4251119246820565
2023-04-25,16,26,0.28090444542396864
2023-10-30,12,78,0.9982992899664045
2023-08-31,2,192,0.28253929256117094
2023-11-05,22,62,0.019012203293134466
2023-10-11,4,150,0.5033151996034665
2023-09-18,25,136,0.3246766686133288
2023-06-15,17,169,0.7669033040218528
2023-11-13,16,62,0.3044758757115581
2023-12-26,18,44,0.8979504620413886
2023-09-10,20,158,0.951441692655303
2023-09-05,24,67,0.7950808436424117
2023-07-25,8,146,0.35350829408391293
2023-01-30,2,144,0.5254236659356429
2023-06-06,22,101,0.48392388559434174
2023-04-06,17,4,0.18139291315079042
2023-07-23,23,141,0.2078444995778964
2023-02-28,23,122,0.24052085207115137
2023-04-05,12,198,0.14863160205002413
2023-10-25,16,78,0.041415586830919504
2023-09-10,18,21,0.24193277834807836
2023-06-24,3,179,0.4122584998536577
2023-08-02,2,173,0.8607040919517397
2023-02-13,15,157,0.8937157005797169
2023-04-10,7,27,0.9176412861354182
2023-08-08,16,119,0.5183447633255801
2023-08-20,3,170,0.8183149227051532
2023-08-18,13,47,0.7817176369809796
2023-01-08,16,180,0.6381682628687919
2023-07-02,12,90,0.5587253365572051
2023-04-17,3,14,0.8177241741867775
2023-08-23,9,14,0.759915157310645
2023-07-07,4,161,0.6335067454050639
2023-01-27,1,4,0.20683997567491708
2023-02-07,15,29,0.07338935448617923
2023-05-21,20,179,0.877808031650709
2023-02-21,16,45,0.7837795081460758
2023-09-14,13,189,0.31286438360333957
2023-10-21,14,66,0.9237946408731108
2023-07-01,21,138,0.9509514046098998
2023-09-01,7,44,0.6309175508685655
2023-04-16,23,165,0.157685734103149
2023-04-07,16,93,0.09293976558751937
2023-04-22,3,195,0.18232614990189844
2023-05-22,4,116,0.8317799779518242
2023-05-22,1,37,0.9019773962268044
2023-01-08,23,154,0.8112249614472621
2023-03-06,14,50,0.5826261868706658
2023-07-16,15,122,0.9213051621806266
2023-11-25,24,59,0.9502507517044351
2023-12-30,16,169,0.8253578026646019
2023-02-23,18,29,0.7573043107813787
2023-04-20,10,159,0.9041349922085044
2023-04-19,23,75,0.06893801648511699
2023-12-02,20,55,0.7083405093674653
2023-04-08,3,146,0.8036726944380449
2023-02-27,15,193,0.5692605548122922
2023-11-01,1,14,0.20421884787611133
2023-07-26,1,127,0.9309895953669024
2023-01-05,7,19,0.5895053744034842
2023-03-02,10,182,0.5277554705907048
2023-01-20,18,125,0.4377015549361055
2023-11-23,24,29,0.8283744694037131
2023-03-02,15,138,0.8772007519217101
2023-08-08,9,72,0.9384757650632154
2023-04-22,9,151,0.7712468725453464
2023-03-13,13,142,0.37385158060418267
2023-08-04,20,93,0.4494635715735892
2023-08-05,23,197,0.28469105474653456
2023-06-09,2,101,0.14213755321853128
2023-02-28,9,45,0.5204117261752079
2023-08-27,21,121,0.4452390865810605
2023-12-21,2,149,0.4860816805678734
2023-03-14,14,88,0.670612673667313
2023-12-08,15,94,0.5292505615074037
2023-03-09,25,186,0.6417702490577167
2023-04-10,5,17,0.19262127114484717
2023-02-03,20,121,0.4928630003979366
2023-09-13,9,83,0.5199522049782614
2023-05-13,18,137,0.5559562547901716
2023-01-06,20,179,0.0027312401328143388
2023-01-28,10,43,0.6609655438542492
2023-05-17,5,26,0.4156598915713188
2023-04-19,23,118,0.2912193709898824
2023-12-17,18,121,0.9646105492624121
2023-01-29,8,66,0.9894449137808585
2023-12-12,21,64,0.8234686776028252
2023-09-06,2,76,0.8106202698462808
2023-09-16,11,16,0.759691946047711
2023-07-09,11,77,0.5323597978231714
2023-06-24,2,166,0.07712392733184459
2023-08-06,16,107,0.35068367928012056
2023-06-28,11,134,0.36627301893782893
2023-10-22,12,197,0.7505541154352104
2023-08-10,14,57,0.5102350449308029
2023-07-03,1,14,0.3143277455885807
2023-01-20,15,36,0.7549738392339551
2023-04-13,5,41,0.6907971533502099
2023-08-19,8,174,0.7468526056100409
2023-10-05,17,7,0.21558829631521714
2023-04-24,4,93,0.305716525940232
2023-10-23,7,176,0.021908137925558346
2023-09-22,2,38,0.5123247337029785
2023-06-14,10,184,0.15602141958346072
2023-01-14,16,40,0.1789299978809663
2023-10-15,10,62,0.5968182588791681
2023-12-02,4,48,0.07584097394788492
2023-09-29,20,76,0.1166228218244385
2023-09-27,16,116,0.7743571604175329
2023-07-15,17,106,0.040266320023158775
2023-04-26,4,76,0.9080777739886295
2023-05-30,18,72,0.22992119068168015
2023-10-12,1,53,0.40102746302712633
2023-07-06,12,110,0.9107032366929262
2023-09-08,4,1,0.5435195300235651
2023-03-28,24,167,0.49066394461208696
2023-11-28,1,147,0.5204217436278334
2023-09-10,22,94,0.5803548594044571
2023-08-16,17,129,0.9521628417962738
2023-09-02,14,194,0.16810172615631425
2023-05-16,24,187,0.12053546004202387
2023-03-28,16,134,0.7708515321997468
2023-01-21,11,159,0.11599358848074348
2023-09-19,22,184,0.9545585823397518
2023-03-26,8,161,0.8132274775070382
2023-05-05,2,154,0.0441824212140145
2023-07-21,20,112,0.7397408074046565
2023-06-01,4,129,0.15233465149623393
2023-03-05,8,122,0.3370777395879755
2023-08-24,14,178,0.30872711739821024
2023-03-17,3,101,0.6503510011715318
2023-04-05,25,168,0.9712699022558948
2023-10-08,19,123,0.6491980381121047
2023-05-10,1,6,0.27407993190289004
2023-01-06,7,70,0.4608549852779299
2023-04-28,7,189,0.18245835316375003
2023-02-28,8,155,0.5733911117696244
2023-06-09,22,196,0.29136757361469756
2023-09-16,11,132,0.5390508414926966
2023-03-11,24,52,0.09332519266720218
2023-06-21,22,8,0.14556116922392537
2023-12-10,15,198,0.025994352185794156
2023-06-05,16,86,0.557630046954639
2023-01-09,5,187,0.6268977061075067
2023-08-15,18,50,0.8753720124466334
2023-05-20,25,175,0.8419244461809333
2023-01-19,23,30,0.3124914024323382
2023-07-23,25,7,0.9610515938241997
2023-09-02,15,59,0.47761404014381514
2023-07-23,21,93,0.9579777795498882
2023-09-09,12,63,0.605854353319198
2023-07-19,15,178,0.04066819670555277
2023-11-23,20,169,0.4482200933594639
2023-12-08,6,84,0.044374234731952455
2023-04-10,10,147,0.6387652957059732
2023-05-01,7,50,0.37992313322034
2023-08-29,10,23,0.4856211278299416
2023-03-22,22,180,0.5231158539989152
2023-11-18,6,136,0.7313572207731222
2023-01-10,10,94,0.22439044989923795
2023-09-11,22,166,0.537593239667552
2023-02-24,10,39,0.31124209508721135
2023-06-10,11,10,0.1395984788043978
2023-09-24,2,143,0.8923012285531884
2023-11-29,9,110,0.25225413700252153
2023-04-18,17,181,0.9510622056975876
2023-04-28,3,180,0.32835658137507884
2023-09-15,10,108,0.9966090317262467
2023-02-13,17,104,0.7543107742529219
2023-04-12,19,170,0.3878880890732661
2023-02-25,25,137,0.014165714138461905
2023-11-08,15,100,0.8926595437946542
2023-12-21,7,105,0.428898077462891
2023-01-31,22,138,0.19254321757715553
2023-06-18,22,155,0.03681920709714093
2023-06-19,4,50,0.5657972474612407
2023-05-25,5,184,0.14136471579170662
2023-10-17,15,24,0.6356194903818164
2023-08-07,22,137,0.6181299929609368
2023-11-30,18,63,0.048915049229587004
2023-05-02,6,8,0.1695873114396722
2023-12-02,19,200,0.12760527540738997
2023-01-11,10,152,0.5128395013884729
2023-10-14,3,10,0.23132965754234258
2023-11-04,10,145,0.9967176077116005
2023-06-29,18,22,0.2576291266583849
2023-01-10,11,73,0.18875086510976202
2023-05-25,24,96,0.5655034496779903
2023-07-07,25,140,0.04020187781394269
2023-01-17,10,171,0.8796492859533955
2023-05-10,24,13,0.4023025507938168
2023-10-26,24,82,0.4036053494280788
2023-09-19,15,161,0.7477442642325807
2023-10-25,22,94,0.28520451153422444
2023-02-12,4,48,0.7533510787057383
2023-02-27,25,44,0.7716066081367157
2023-12-01,12,190,0.6338563984212694
2023-11-19,19,48,0.48742983286401265
2023-07-13,13,200,0.07457848910392983
2023-11-10,16,66,0.17511066054068025
2023-08-31,5,180,0.40847731361793593
2023-12-22,13,22,0.6930208836639922
2023-08-17,8,146,0.35173282540981987
2023-02-02,21,83,0.09728622040216406
2023-02-23,19,25,0.6273179375877277
2023-06-05,16,78,0.7710139716574068
2023-11-13,3,145,0.900752272754433
2023-06-27,23,90,0.8406872900774802
2023-07-03,1,99,0.6299747827610687
2023-10-06,18,71,0.40174713164572473
2023-12-15,6,59,0.5977105614683171
2023-03-05,21,64,0.7009101176946787
2023-12-01,18,165,0.391650865772034
2023-06-27,6,59,0.1886326307178947
2023-07-13,4,80,0.30483191030479084
2023-07-10,6,31,0.21435895210679057
2023-02-25,23,146,0.8830953540752002
2023-04-12,15,114,0.08139049648062857
2023-02-02,15,9,0.0130468018053701
2023-11-28,14,173,0.9381352065808695
2023-07-27,9,74,0.5018122619124611
2023-03-25,25,179,0.5732441328846816
2023-05-11,2,126,0.8351449259981826
2023-07-08,16,112,0.24523060756885884
2023-11-05,25,152,0.11543375738240191
2023-04-04,20,29,0.9400857830262175
2023-03-06,15,153,0.322435878444403
2023-07-18,3,39,0.9415497376228514
2023-01-25,5,53,0.26691230348870654
2023-11-08,15,136,0.19756692117287544
2023-02-20,17,103,0.2179625876564496
2023-01-07,19,186,0.3237715698768223
2023-11-18,19,181,0.7395640595814718
2023-05-18,13,39,0.9879736121914616
2023-02-03,15,153,0.4454047736277652
2023-07-30,19,55,0.4737614156827542
2023-04-23,3,38,0.7173105645376266
2023-09-21,2,99,0.8074162311959804
2023-10-15,9,92,0.2534418308189226
2023-03-22,1,1,0.9879032314510164
2023-05-06,8,16,0.1528837288713919
2023-03-28,1,196,0.877972622867033
2023-11-13,8,143,0.8888952092474349
2023-02-02,4,127,0.10236659582000907
2023-12-23,11,29,0.19863877253404616
2023-04-01,11,36,0.5437691954460375
2023-11-30,11,188,0.7051205974731433
2023-08-09,22,148,0.7919265352412027
2023-02-06,10,7,0.1856917201164886
2023-08-01,2,173,0.44495667673830275
2023-03-06,1,103,0.8827541109984467
2023-01-28,17,53,0.5841086067310323
2023-12-22,2,117,0.7473555149042418
2023-03-23,24,77,0.8557950943961328
2023-01-04,24,136,0.4782432891487657
2023-01-19,7,3,0.04722123383399823
2023-03-12,20,122,0.4440336404696428
2023-03-10,18,117,0.37493117099604634
2023-05-11,25,194,0.7071529961083779
2023-04-30,13,46,0.9183779191121996
2023-01-07,23,91,0.034480631507490145
2023-01-14,14,93,0.10659506711938793
2023-03-04,1,124,0.3222761945181878
2023-06-21,10,14,0.6274543913705397
2023-04-22,18,2,0.963941501107605
2023-09-06,22,56,0.445124763720429
2023-10-23,16,33,0.3398341582323089
2023-06-10,9,184,0.47104407356259226
2023-12-21,7,11,0.713868258651605
2023-11-13,2,166,0.43488819839719206
2023-09-19,12,147,0.8060118994020029
2023-03-19,21,171,0.8995669914533317
2023-03-29,3,83,0.19671240231479115
2023-07-08,22,182,0.09576111092917994
2023-03-22,24,145,0.3272340761901469
2023-12-10,17,7,0.011494933243816674
2023-06-28,20,143,0.8425697829352589
2023-06-06,2,60,0.3350380085759155
2023-11-13,14,110,0.5565841060038915
2023-10-07,14,174,0.5834384404999945
2023-01-22,1,79,0.7179694990238389
2023-03-26,17,104,0.6886807485995639
2023-03-17,23,200,0.5255620422236422
2023-07-22,12,144,0.7611345482020383
2023-09-08,3,46,0.8770642249604566
2023-03-25,25,123,0.4713584308405999
2023-04-03,11,84,0.012885024853965366
2023-08-30,22,77,0.2879163132496694
2023-03-10,13,14,0.20408373770970922
2023-07-01,4,158,0.3004826630841103
2023-06-06,6,35,0.5627573966019799
2023-02-09,17,192,0.030834936470712004
2023-04-25,3,51,0.15140458793427358
2023-02-03,12,124,0.045641881968076836
2023-10-03,13,127,0.767339299221005
2023-07-30,2,10,0.36401768842962845
2023-02-21,8,196,0.17043352031738968
2023-10-19,6,48,0.16382890730917365
2023-08-30,23,32,0.2156626044362986
2023-10-29,9,81,0.4141729399209245
2023-02-16,9,134,0.6008212998167032
2023-07-06,14,197,0.042082610079799965
2023-12-11,8,130,0.9537267949341175
2023-03-11,10,48,0.7096519221637809
2023-12-15,8,3,0.36991298456174393
2023-10-16,6,136,0.907478787287389
2023-11-28,22,101,0.4679358234078663
2023-12-07,6,178,0.03587748893603482
2023-10-01,5,175,0.7995366990121028
2023-02-12,25,81,0.05635045656672455
2023-08-23,7,181,0.8355555697782213
2023-03-03,20,5,0.6546818562305623
2023-03-17,3,167,0.24968277943752348
2023-01-08,10,39,0.16129213961427735
2023-03-10,17,3,0.6781783386314758
2023-10-06,8,22,0.10792625349711116
2023-01-07,2,180,0.18019217743612392
2023-12-30,10,126,0.7253106908998312
2023-01-18,16,3,0.8919652847810474
2023-10-15,10,57,0.7587888835425222
2023-02-04,7,91,0.7961612496548174
2023-05-20,4,142,0.21600633393006663
2023-04-14,25,19,0.5783830000436442
2023-10-24,14,81,0.6258538081133332
2023-10-22,20,196,0.13173767394080405
2023-10-06,21,42,0.12486380145074882
2023-03-29,12,138,0.2878249218018233
2023-10-14,5,108,0.9220117361855436
2023-02-07,6,1,0.7003595950675263
2023-03-15,16,111,0.04937451726773012
2023-03-11,15,50,0.9330366418858945
2023-12-26,8,28,0.38092487877816517
2023-05-07,18,6,0.7189658349859845
2023-12-13,7,2,0.8968189403484584
2023-01-18,23,17,0.8961925839062675
2023-12-16,21,81,0.9685495986395385
2023-06-08,9,54,0.5518622406602849
2023-07-23,1,48,0.06351383847155434
2023-04-26,15,25,0.4667298672690875
2023-07-28,2,137,0.6824006828910043
2023-06-17,23,19,0.23117435679057563
2023-02-08,24,109,0.9879701505897054
2023-10-30,8,172,0.16920638790072995
2023-09-01,21,58,0.44062511003090477
2023-03-13,5,184,0.6106711383160232
2023-06-13,11,177,0.13920036419286153
2023-03-16,8,32,0.217298562545445
2023-11-06,17,99,0.5080648124972887
2023-02-13,21,58,0.40293024585069115
2023-10-30,4,110,0.9409835853650934
2023-10-23,5,13,0.5981430069828809
2023-02-02,18,189,0.21915263684096198
2023-05-03,12,191,0.1644755040153587
2023-03-30,20,3,0.6951418821156939
2023-09-12,11,29,0.8624525444469596
2023-06-13,21,200,0.22129721375882472
2023-06-11,10,65,0.6301825127203023
2023-03-12,14,32,0.6427556374097149
2023-06-18,19,27,0.08968026883108549
2023-12-04,4,18,0.8990084919139409
2023-11-19,21,51,0.8870969042060776
2023-07-27,21,39,0.7360704612292219
2023-03-14,14,52,0.7527986593144904
2023-02-20,3,39,0.17555894077553147
2023-12-29,25,176,0.7790417414393307
2023-10-06,9,5,0.8906428891131812
2023-03-20,14,38,0.8389109395372449
2023-04-06,25,164,0.3655508821082051
2023-05-02,11,102,0.474933902854745
2023-11-18,21,63,0.8332287050247101
2023-11-06,7,152,0.9126349608685429
2023-10-26,18,151,0.39812806314551974
2023-10-26,7,142,0.2456593341023784
2023-11-23,7,10,0.7804992648987378
2023-12-09,9,36,0.9544860970794536
2023-11-08,17,20,0.3753937804676212
2023-03-13,7,104,0.4684515835397324
2023-06-11,10,110,0.1341214923938845
2023-10-09,14,161,0.9287321941684593
2023-11-04,13,9,0.408412175689581
2023-10-31,15,18,0.9489503175770639
2023-07-23,3,68,0.17072915385119292
2023-10-03,12,194,0.778410192335484
2023-08-31,21,34,0.4798960165434064
2023-05-13,13,192,0.8130050281856872
2023-02-10,4,56,0.5889922292417967
2023-05-30,16,137,0.5264382627135454
2023-11-01,15,187,0.15375002885927846
2023-01-26,22,84,0.9056735390565183
2023-07-18,12,199,0.0147375110637874
2023-06-28,10,19,0.31261736868655265
2023-01-13,5,18,0.7694326395987778
2023-05-08,2,42,0.48693731273443586
2023-01-11,8,182,0.6943033265432818
2023-08-02,7,25,0.4385313214485165
2023-10-26,11,114,0.3940360931393758
2023-05-08,16,90,0.6615401189592957
2023-03-08,20,190,0.9271696440272904
2023-12-18,23,125,0.3399003458303316
2023-04-27,7,139,0.924554291005692
2023-12-21,18,175,0.04198337119257234
2023-10-28,23,113,0.7404300544427317
2023-08-17,10,4,0.755623028523379
2023-08-25,2,23,0.8415710444397829
2023-03-21,17,158,0.20667880900952762
2023-08-30,15,37,0.47094732422470353
2023-05-20,20,50,0.7155178687071319
2023-09-08,1,110,0.9603816926159825
2023-05-14,3,62,0.27832249531857445
2023-02-07,12,12,0.08087364293062482
2023-12-17,8,73,0.7167671736373238
2023-03-02,17,149,0.7916090482896438
2023-08-15,14,187,0.800967550875145
2023-09-23,15,150,0.19781886356832368
2023-07-20,17,42,0.4791211704383309
2023-05-26,5,145,0.93174858696924
2023-06-23,10,113,0.8950718994514199
2023-04-14,10,90,0.0457997059611871
2023-02-03,25,141,0.368950817436302
2023-05-05,6,23,0.5647712510597569
2023-11-03,19,200,0.648703322016115
2023-02-23,4,50,0.6599468285886175
2023-09-12,25,188,0.06692634539529763
2023-08-25,24,31,0.32655851849877504
2023-04-16,25,115,0.6445550779192298
2023-11-22,21,19,0.4725141955902723
2023-06-23,21,156,0.12434868002957322
2023-02-16,25,1,0.025365661044539634
2023-10-05,1,166,0.8676824974545845
2023-07-15,24,200,0.7236800192829469
2023-01-16,25,88,0.4527028044268959
2023-08-07,23,99,0.6135086397268185
2023-01-05,11,176,0.46320088220249245
2023-04-17,22,108,0.4747908697810165
2023-02-12,23,8,0.4297579703399832
2023-12-06,1,162,0.2115969088328541
2023-02-20,15,154,0.452145226957553
2023-10-30,4,50,0.8670020501080715
2023-10-25,17,145,0.44225845228952554
2023-07-22,4,163,0.5976897643056529
2023-09-18,16,94,0.8824014697303553
2023-01-17,19,93,0.145126832336975
2023-07-02,3,182,0.6628641462460056
2023-04-26,13,73,0.8284667682426569
2023-07-05,23,192,0.7012551982305867
2023-08-20,24,90,0.8221190369864964
2023-11-05,3,19,0.05264307295386483
2023-08-26,13,180,0.8959730241454265
2023-04-10,2,198,0.11342227322862952
2023-09-15,2,108,0.12845043752778584
2023-07-20,12,65,0.8684181727427149
2023-06-27,9,167,0.8857240817550542
2023-03-07,22,52,0.04811069161322212
2023-03-01,12,181,0.5597248892421847
2023-07-18,11,44,0.1639531411446199
2023-09-01,5,194,0.379030249236446
2023-07-31,6,137,0.6613926220344968
2023-01-09,18,138,0.6326616149447881
2023-02-17,24,183,0.6449717393075334
2023-11-14,3,45,0.8479879094276419
2023-08-12,7,168,0.12255798194441225
2023-03-19,6,133,0.17079394688547078
2023-09-04,1,92,0.11268293743201052
2023-07-09,13,38,0.8163624953537879
2023-06-27,18,96,0.8527487549757116
2023-09-11,2,160,0.3109561690712813
2023-12-15,13,140,0.3908359475087062
2023-04-09,19,159,0.22246572418103228
2023-11-14,18,102,0.2079119803604197
2023-03-26,6,65,0.6458951765715278
2023-04-14,7,157,0.015842996831910483
2023-09-14,2,50,0.20121847175280472
2023-08-06,1,132,0.0908401796047621
2023-10-15,2,40,0.3118512660184991
2023-08-13,12,70,0.36906448136104586
2023-03-02,9,142,0.612016509578177
2023-06-25,16,191,0.4412977678901142
2023-03-08,9,59,0.9698878793343575
2023-10-07,13,1,0.2788956061836326
2023-04-05,24,43,0.43489462642203425
2023-01-23,3,22,0.3221042744472471
2023-04-02,17,67,0.559343543556466
2023-08-28,25,52,0.9373704950597562
2023-11-24,20,141,0.8707362508125004
2023-10-13,1,146,0.4464376380244989
2023-04-24,4,10,0.7262931673111003
2023-07-03,12,8,0.45817463080630394
2023-12-25,23,167,0.3430092116855574
2023-01-02,13,63,0.07108412046451384
2023-09-19,15,181,0.003549733211142936
2023-11-21,24,182,0.12672163360530675
2023-07-02,14,11,0.14326577882385805
2023-02-04,19,35,0.23249847701626125
2023-12-04,25,41,0.24345148868875754
2023-08-03,24,4,0.46408404392415126
2023-02-18,20,102,0.18561035008999083
2023-04-15,8,105,0.07704782424002343
2023-02-01,6,154,0.8195076435770517
2023-09-15,10,172,0.36816392198341574
2023-03-24,21,192,0.3015674537821852
2023-05-06,6,27,0.7978370459806606
2023-08-04,5,113,0.4484472664378085
2023-02-07,1,102,0.6020966736246938
2023-07-22,4,38,0.14664643054201176
2023-06-02,11,167,0.5638477218163478
2023-07-04,18,137,0.3744446132055217
2023-11-19,12,120,0.3762953867216625
2023-12-02,6,77,0.6961427235700167
2023-03-24,1,61,0.5403262921787022
2023-05-25,18,34,0.9733634919634764
2023-12-04,21,197,0.8597554758288368
2023-05-29,9,32,0.3053688874640258
2023-09-08,11,189,0.16279320282503906
2023-01-27,14,198,0.34399403303185605
2023-11-18,25,35,0.012044836335953213
2023-01-04,10,124,0.19198975101990423
2023-03-06,21,175,0.7410905681427246
2023-04-14,13,80,0.7649986343222082
2023-10-26,6,173,0.8442617094225254
2023-08-27,18,173,0.6777675891220876
2023-05-02,22,92,0.9116904862723524
2023-05-07,20,43,0.6590658543201814
2023-11-08,17,120,0.046390590018212885
2023-11-24,25,154,0.1693622199902003
2023-03-12,19,18,0.6798717232630865
2023-01-07,15,37,0.20267391681025182
2023-08-16,24,75,0.025351947570136812
2023-01-09,24,69,0.2140328671392382
2023-03-30,10,50,0.36820774014995505
2023-11-09,12,39,0.47195135275701205
2023-03-07,16,158,0.7757399852326416
2023-04-05,9,101,0.25480691176357617
2023-06-02,8,115,0.8909246143494975
2023-03-13,25,46,0.3338849499650729
2023-11-01,8,2,0.1566529765065664
2023-01-06,18,158,0.3427222339342544
2023-04-18,1,112,0.10138981042871231
2023-08-17,20,18,0.5905805872170256
2023-11-28,9,156,0.6438388716196306
2023-02-03,20,154,0.22444218997812315
2023-12-25,20,192,0.1070650991627563
2023-04-21,11,145,0.9979574000459789
2023-04-28,17,100,0.5947848441371788
2023-09-17,7,44,0.15199552945392347
2023-08-24,1,198,0.0952946309007826
2023-06-07,7,89,0.5349949831999922
2023-02-08,5,117,0.2126147453319921
2023-03-14,20,123,0.40570675045047677
2023-09-19,13,75,0.4332972546487711
2023-01-28,5,93,0.31895181127694905
2023-04-19,11,122,0.004724649084944632
2023-08-24,18,154,0.5600927812269565
2023-07-06,3,12,0.9438116805342117
2023-12-24,18,77,0.3601223217215712
2023-02-12,17,150,0.1702659928846998
2023-08-02,8,19,0.1423914349641131
2023-10-14,14,77,0.5348806099779239
2023-10-18,4,190,0.995835190452763
2023-05-08,14,113,0.911147477425457
2023-05-16,12,149,0.5336375591956704
2023-08-22,14,103,0.45203818024652587
2023-08-29,25,129,0.6411508358617132
2023-05-10,24,146,0.7386847644851668
2023-02-23,13,161,0.6280610249328127
2023-05-08,4,101,0.5509725783208753
2023-04-15,3,134,0.4509855946999728
2023-06-28,22,111,0.07964746488992158
2023-05-01,14,71,0.9828719282070196
2023-07-02,3,79,0.6795200083147702
2023-07-06,23,26,0.7484581554464775
2023-02-21,18,56,0.16313022742071737
2023-05-14,11,101,0.2881389513879138
2023-05-21,1,5,0.1735196578723296
2023-01-01,6,102,0.3089352810742255
2023-04-24,9,33,0.6873941691283294
2023-02-25,1,6,0.41789603964890054
2023-01-24,4,121,0.13725096138384507
2023-08-08,24,84,0.26820387761879605
2023-11-22,19,131,0.21536868921360997
2023-04-28,22,145,0.12731168106757473
2023-12-11,21,45,0.11966522345040798
2023-11-20,10,97,0.7328753813824146
2023-11-20,21,21,0.07660587550293296
2023-08-20,18,129,0.4573940105397464
2023-12-10,10,4,0.9583466458795752
2023-03-07,23,65,0.6950426480400936
2023-01-17,4,189,0.8296864906563066
2023-03-05,14,80,0.9097978783368347
2023-03-07,18,71,0.17582598389098703
2023-05-12,5,111,0.5953377947027801
2023-03-23,4,149,0.7413439311147825
2023-02-19,7,129,0.7652222550619976
2023-08-18,11,159,0.16563028820559056
2023-08-31,15,84,0.5527418599717621
2023-07-27,24,121,0.6654311977155172
2023-10-18,6,39,0.3420866595792501
2023-02-26,19,173,0.7372459640196299
2023-01-09,17,196,0.057573387362209516
2023-02-25,16,194,0.4220483671464129
2023-04-05,18,147,0.8777265416674835
2023-02-02,9,98,0.6505657513555516
2023-01-18,4,176,0.6258632600172293
2023-12-30,6,74,0.9073026481713057
2023-12-05,3,192,0.8273903310373412
2023-10-21,9,86,0.9778756014533279
2023-01-17,12,189,0.5217590244699306
2023-12-01,3,162,0.8804770109736872
2023-09-12,3,132,0.11503762183320554
2023-07-06,18,140,0.5489694267219489
2023-10-13,17,158,0.8390720299253187
2023-09-27,3,150,0.2571627989385803
2023-01-18,15,131,0.17228884096202945
2023-11-09,1,179,0.48948913402309857
2023-12-19,15,17,0.04551943552827431
2023-06-23,12,68,0.8606817316997911
2023-08-15,22,112,0.06467485439236953
2023-03-18,12,194,0.24201540649431053
2023-05-02,12,70,0.7569603659199541
2023-09-20,25,43,0.9182611932005948
2023-03-25,21,188,0.1749891988045229
2023-05-24,6,52,0.636486219640664
2023-05-27,9,38,0.0742457191983027
2023-12-07,2,117,0.5324879097875367
2023-04-11,1,57,0.08535117014761617
2023-04-10,7,47,0.08552668059895885
2023-10-16,22,63,0.8816525315535095
2023-11-21,23,76,0.4858461101435223
2023-01-06,12,106,0.4238057246166248
2023-12-30,23,113,0.02142246975096118
2023-11-03,10,177,0.21465257638675184
2023-11-26,19,49,0.15627913544210636
2023-03-17,12,127,0.3054425426211598
2023-08-03,7,125,0.9932096801895265
2023-09-26,21,39,0.83973356696201
2023-05-09,19,51,0.20829588349947603
2023-04-08,11,96,0.08743375532014774
2023-08-26,23,41,0.46944005837550573
2023-09-05,3,185,0.12197390937280206
2023-11-14,24,12,0.4812989237256662
2023-02-08,19,79,0.17896334117700863
2023-07-21,8,144,0.43566496016379275
2023-12-20,25,120,0.4838448932874484
2023-09-22,12,7,0.5902879178080422
2023-10-13,7,20,0.4888930005400245
2023-05-08,14,177,0.28729826072312126
2023-01-19,24,70,0.09235141680213299
2023-06-05,1,84,0.5220747728867466
2023-12-22,24,178,0.3510382077876758
2023-01-17,11,51,0.20961681382620456
2023-01-06,14,85,0.17178791800628523
2023-05-17,3,13,0.44367921640144214
2023-04-12,16,45,0.17935310439869345
2023-08-12,1,67,0.9363514935866191
2023-04-10,11,125,0.044220196140509094
2023-03-02,23,167,0.40822530788469213
2023-01-05,16,77,0.8985626490879509
2023-05-06,24,77,0.9499298181776177
2023-04-01,24,199,0.273604612982692
2023-11-04,24,133,0.504539137259409
2023-05-05,14,177,0.11741490215868078
2023-07-02,19,140,0.8095887375027006
2023-07-17,13,181,0.7667827591751155
2023-02-07,21,93,0.3255126852786152
2023-11-18,22,157,0.007510951888828554
2023-10-07,15,83,0.6069337605965922
2023-03-27,19,53,0.8033607213045568
2023-08-15,8,23,0.9974789972147795
2023-11-19,9,158,0.6731899521201277
2023-10-03,12,41,0.8187007892338861
2023-02-07,12,57,0.08603764205842812
2023-02-08,25,138,0.25780382653154577
2023-12-14,11,48,0.2872806457909953
2023-10-09,17,71,0.3966975543863851
2023-06-26,13,199,0.8419587429252432
2023-08-18,24,31,0.7354295613572085
2023-03-12,11,116,0.9242135650317903
2023-09-05,6,84,0.47063575285669945
2023-11-24,4,44,0.6203385469560208
2023-12-07,18,103,0.04987231445725393
2023-08-07,10,154,0.16979183341182735
2023-02-21,6,100,0.21205510945599537
2023-08-02,13,160,0.3639264181916332
2023-04-03,18,18,0.7224261679500934
2023-04-30,15,1,0.2292526596752248
2023-08-04,5,121,0.7692612206696239
2023-12-11,9,83,0.5759479556373155
2023-11-06,17,52,0.09223316421533945
2023-01-12,11,8,0.472732919908014
2023-09-13,13,50,0.3312105781766065
2023-09-20,8,3,0.8665362759403603
2023-11-02,11,48,0.42466400505855484
2023-09-21,15,41,0.18320000785721113
2023-05-24,16,100,0.9932893472911876
2023-10-11,1,93,0.7563597949744775
2023-03-27,8,112,0.7512508725486677
2023-05-08,19,128,0.16307450394376133
2023-11-07,10,72,0.9360229008781424
2023-09-16,1,3,0.16496205628902272
2023-05-18,25,177,0.15120081279742204
2023-11-03,14,6,0.7897235799352725
2023-12-03,19,172,0.2591551317393963
2023-01-27,14,191,0.6505870768209632
2023-12-25,20,23,0.03868055368696577
2023-03-22,24,122,0.6453957394079396
2023-08-08,3,171,0.9226955412273896
2023-06-24,12,148,0.6884494821934376
2023-06-12,19,61,0.5176989949465264
2023-09-07,8,139,0.629992702737626
2023-11-19,11,144,0.9032163739421365
2023-09-30,13,171,0.7220326016195996
2023-11-05,22,101,0.14342935414130886
2023-05-14,17,34,0.49069569150652825
2023-02-11,16,111,0.5529388352211352
2023-12-08,25,26,0.510399417505237
2023-11-08,1,190,0.7327995635423479
2023-11-28,23,198,0.06921817342009795
2023-08-07,22,96,0.11109522017649764
2023-01-10,12,123,0.32609482038344983
2023-01-24,7,100,0.9551358024275424
2023-05-06,19,16,0.6133580316049725
2023-07-09,24,9,0.6369920646549673
2023-10-06,17,184,0.5090478583125001
2023-02-14,22,197,0.9716179627832313
2023-08-31,1,109,0.7956370319138022
2023-05-27,22,147,0.9770275555134249
2023-09-01,8,169,0.20376290218239923
2023-04-29,5,179,0.8206402263412742
2023-03-02,19,149,0.142875025142698
2023-12-12,14,86,0.5225412731581436
2023-11-13,9,8,0.7553222515391971
2023-07-24,20,60,0.9852951878974375
2023-04-25,18,47,0.08396743518229899
2023-02-11,2,53,0.018641850180869612
2023-01-13,9,48,0.9276691086858623
2023-07-22,11,27,0.49929073878226293
2023-06-26,1,136,0.8284284285436149
2023-07-30,22,29,0.8583632383199429
2023-11-20,17,164,0.14604289617305966
2023-11-24,21,103,0.22788902532862798
2023-12-23,16,47,0.021423963047846883
2023-05-02,15,124,0.32551939675539177
2023-11-14,11,52,0.9847605857893158
2023-12-15,18,83,0.2084140264961858
2023-02-14,10,126,0.9499437145751669
2023-12-12,14,134,0.45390238223622703
2023-12-16,23,92,0.6551314737304105
2023-10-11,5,136,0.525113421953464
2023-10-15,8,100,0.8857078535758243
2023-11-26,17,25,0.12843362573167383
2023-09-12,22,194,0.3795160515345082
2023-02-25,9,121,0.6684937191883322
2023-10-11,3,101,0.3754656342656417
2023-06-11,7,106,0.4580622774384022
2023-03-24,16,134,0.0929520540512353
2023-10-18,8,199,0.7892450924229669
2023-02-18,16,15,0.49265515605848664
2023-05-12,20,41,0.9305570615276978
2023-02-05,19,162,0.09463807414930647
2023-10-16,1,49,0.6199876112416679
2023-11-05,4,169,0.3402462364265453
2023-03-29,16,98,0.2896907292604859
2023-09-17,7,66,0.06139232169787012
2023-07-08,9,146,0.8741430907218947
2023-12-22,2,114,0.8498345050177917
2023-03-05,4,22,0.009534106276736232
2023-01-16,24,117,0.6803342319600953
2023-02-12,9,151,0.7572310011978423
2023-05-19,8,82,0.5801148865939476
2023-02-26,25,178,0.38579595607859785
2023-03-15,24,113,0.7936758124511228
2023-01-11,6,59,0.4880331629966448
2023-06-23,25,124,0.2898833252592722
2023-09-11,9,198,0.156045034331737
2023-10-10,25,133,0.18064810617779747
2023-06-30,19,47,0.6700752882534432
2023-10-16,1,1,0.1776413394395776
2023-08-24,1,34,0.6814344743423651
2023-05-04,6,8,0.6042575312313668
2023-05-18,19,88,0.6850549767500984
2023-01-03,23,184,0.44931405222229603
2023-01-13,18,74,0.26193004428285005
2023-01-18,24,194,0.4338088895054073
2023-08-21,16,24,0.23240233146570966
2023-02-25,18,8,0.44522379421333014
2023-04-24,1,74,0.7993530452694023
2023-07-24,16,173,0.6977781933868296
2023-11-27,24,66,0.3603929455219973
2023-08-30,6,131,0.7517435231173073
2023-12-26,22,185,0.06542137074858623
2023-04-27,22,37,0.3224759401037409
2023-07-30,4,28,0.14236135565797847
2023-02-12,8,142,0.4017274706531939
2023-10-27,3,10,0.8971150965376226
2023-07-14,15,11,0.9019008404860901
2023-10-04,17,106,0.8968193727066255
2023-02-24,11,105,0.7806365183041585
2023-06-14,16,145,0.12113041272984193
2023-08-11,12,87,0.16948085994280382
2023-03-28,19,132,0.7432910745437845
2023-05-26,17,66,0.8223634155038563
2023-01-22,17,185,0.8595452628187057
2023-07-21,8,179,0.2209969705305994
2023-12-03,20,116,0.7387030520251847
2023-09-12,4,14,0.9953174558188556
2023-05-17,12,22,0.6405525598047329
2023-07-10,3,16,0.009962399745909623
2023-05-02,12,116,0.47311278620831076
2023-03-07,4,39,0.6180912010263555
2023-11-18,1,83,0.13529886374439626
2023-03-19,4,185,0.2474524593171864
2023-05-25,1,30,0.4834277932974961
2023-12-14,23,34,0.7557758494573273
2023-10-30,9,3,0.2432944270352505
2023-10-23,7,84,0.5277837415862942
2023-08-15,17,2,0.177101807648119
2023-10-01,15,35,0.616173511896293
2023-06-18,25,117,0.9229593659209812
2023-02-20,12,178,0.8541760366509064
2023-06-26,8,139,0.10784495024395069
2023-09-03,1,112,0.6072212439047153
2023-09-22,21,137,0.6384085493231774
2023-07-01,11,168,0.12842442715548008
2023-08-17,24,188,0.6147270362820035
2023-02-13,9,92,0.996269233754607
2023-10-11,15,22,0.16669604152334727
2023-04-18,1,145,0.7901608932381773
2023-10-01,21,152,0.5921420050173314
2023-05-03,23,77,0.0018002608751858107
2023-07-04,15,144,0.29363839497292843
2023-07-19,7,16,0.25511748645225474
2023-11-07,7,130,0.7599194183484044
2023-07-10,12,118,0.4191395279935237
2023-05-25,22,85,0.8109675403817725
2023-01-11,22,104,0.278525046237176
2023-05-20,7,22,0.4995485998554632
2023-05-14,19,130,0.8471301088769116
2023-05-25,16,188,0.7005078438432076
2023-12-24,2,130,0.4041348071779074
2023-05-20,3,170,0.003350959476564941
2023-06-24,17,88,0.7798105540139552
2023-05-31,19,17,0.5243801873654161
2023-08-01,18,79,0.06837869936353447
2023-07-13,16,189,0.9366702734966293
2023-05-01,12,78,0.8064726663836761
2023-07-14,10,40,0.09752010831240898
2023-03-21,12,186,0.607768749256853
2023-07-18,12,7,0.16676029509933876
2023-09-29,7,123,0.9145814295600356
2023-07-16,16,11,0.10456989684981488
2023-06-11,8,179,0.6279929685569
2023-12-25,3,161,0.26124380353733934
2023-12-16,21,90,0.5831402685913166
2023-05-14,14,193,0.1658844112252439
2023-06-11,13,134,0.48171088897587655
2023-10-12,11,173,0.020129682576020103
2023-03-25,23,15,0.9478811216396106
2023-12-29,5,199,0.2648093644319295
2023-01-23,18,172,0.14024172615381714
2023-11-10,9,166,0.0057897241507067765
2023-02-17,20,68,0.5612907941747082
2023-09-21,1,180,0.08931853625305353
2023-06-02,13,138,0.5876487765962075
2023-03-14,13,128,0.11382374172796983
2023-03-26,10,70,0.8631296804333594
2023-02-28,10,120,0.18663178170505057
2023-03-17,3,125,0.2189222057429021
2023-05-21,17,78,0.6684504924600875
2023-10-24,11,63,0.7395236639766072
2023-10-12,15,92,0.7789454844857197
2023-04-10,13,40,0.7245353839142226
2023-02-05,5,152,0.4672045903024681
2023-11-23,5,11,0.05509504725148806
2023-11-20,25,173,0.2354721274982704
2023-08-22,17,86,0.7189738868695583
2023-06-19,10,52,0.3878895311323244
2023-11-27,25,112,0.6933316996688134
2023-09-09,6,6,0.7390432178318581
2023-06-16,3,59,0.6118061580422749
2023-03-23,19,20,0.22812941510230667
2023-03-15,22,186,0.23633688242303663
2023-03-28,2,3,0.3307458880460069
2023-07-01,7,124,0.1620984873260829
2023-02-12,15,84,0.4431249088624417
2023-12-02,9,38,0.08158111885380326
2023-04-14,16,25,0.5413012947651417
2023-05-01,2,67,0.4101206762988653
2023-03-13,25,166,0.6830934484093634
2023-10-31,5,118,0.9586762125285136
2023-08-03,19,3,0.7990629103714839
2023-11-06,19,135,0.4569824937442083
2023-09-26,18,61,0.5371980250131768
2023-08-19,20,80,0.28983505527788445
2023-07-24,23,24,0.4934367378645219
2023-09-11,12,11,0.5927838506966727
2023-03-27,8,29,0.13422530648355036
2023-09-03,15,42,0.3126924454333274
2023-07-26,9,107,0.722958292819021
2023-07-10,11,186,0.4736573405852692
2023-09-12,13,142,0.33982761271458584
2023-11-18,6,59,0.5025777866352038
2023-09-09,23,21,0.23140694230522219
2023-12-29,2,13,0.056873110019304396
2023-01-13,21,98,0.38235013793716877
2023-12-02,21,4,0.55731359975073
2023-06-04,7,138,0.015330201655085807
2023-08-28,9,63,0.2412131712881629
2023-02-10,4,184,0.682455825861149
2023-12-12,9,127,0.5155076924259344
2023-09-15,6,197,0.6374104775210767
2023-01-14,10,54,0.5595462250848308
2023-09-01,19,175,0.06239557010066654
2023-10-17,4,200,0.02725700068450443
2023-02-06,6,180,0.7291919676246623
2023-12-08,13,93,0.37020760783066853
2023-02-26,15,94,0.9078412990982742
2023-07-20,2,65,0.2974232302230192
2023-11-17,19,88,0.14668153029365238
2023-01-30,11,146,0.9663731026836327
2023-12-22,23,112,0.3712065002973183
2023-06-11,23,161,0.7327542591197252
2023-07-03,18,126,0.5717529362013861
2023-10-17,21,173,0.7406325822592048
2023-03-02,20,138,0.0927028010794898
2023-11-19,14,57,0.35971921921974337
2023-07-16,18,157,0.8440848756818735
2023-02-11,23,166,0.6664039525673604
2023-01-14,23,118,0.4434560478887759
2023-10-17,13,142,0.3352402626614268
2023-11-30,23,32,0.11816825392963604
2023-05-18,19,35,0.4944462252206433
2023-11-10,10,73,0.09771427164859181
2023-01-29,9,61,0.5946199804263759
2023-06-07,15,106,0.05870727507659612
2023-07-03,10,192,0.5515748364471011
2023-05-27,25,90,0.5430359371672159
2023-03-19,16,193,0.0655533384522956
2023-09-22,4,113,0.5460916258169034
2023-09-04,7,119,0.5903571777041109
2023-11-14,16,26,0.8635753314887492
2023-10-12,6,156,0.8098856870422381
2023-03-17,9,32,0.2887544442652644
2023-05-10,3,65,0.5866887990478957
2023-05-07,20,47,0.5911957433878544
2023-11-27,19,8,0.21112642169957352
2023-09-16,16,161,0.47341110696278177
2023-11-04,23,200,0.5196135161610176
2023-12-26,22,107,0.08060897730932703
2023-09-17,16,32,0.5151990532169372
2023-02-03,10,166,0.813449109342623
2023-10-04,15,123,0.3503826953373659
2023-06-12,1,42,0.5466567714038862
2023-04-17,6,105,0.36349861998500965
2023-05-22,16,6,0.0654584907521244
2023-06-11,19,190,0.6450611760490949
2023-07-09,19,47,0.12439923862386748
2023-09-26,6,101,0.37228675755519347
2023-05-20,6,128,0.8794134901536179
2023-01-13,7,195,0.48301822250683124
2023-05-21,2,129,0.6489553387490133
2023-02-28,5,2,0.4192206697269063
2023-01-29,13,179,0.689051207335894
2023-07-26,25,64,0.5257620759348071
2023-11-11,8,29,0.8611452221396155
2023-10-01,5,82,0.236065299286513
2023-09-29,23,92,0.9194498984489822
2023-08-07,22,70,0.7993471138095269
2023-02-13,22,9,0.6136107895588724
2023-08-02,10,154,0.4021471284466992
2023-07-08,3,57,0.3162577484289383
2023-08-07,6,6,0.29867760944341415
2023-09-20,2,191,0.8509274842573087
2023-11-19,24,103,0.7180072492318397
2023-02-14,20,131,0.4604772962050092
2023-02-08,19,126,0.08740762480092035
2023-10-16,22,25,0.39232692950873493
2023-10-10,25,18,0.9331611734676947
2023-07-28,6,84,0.8767585498924221
2023-08-24,24,65,0.1638181280734603
2023-02-13,4,68,0.6067047434835772
2023-11-02,5,179,0.8992702985401635
2023-04-20,25,74,0.6923509073275781
2023-03-26,20,58,0.22281800149418118
2023-11-11,21,184,0.6541484689989949
2023-12-17,20,20,0.16081535909370603
2023-05-10,8,86,0.1462591300420223
2023-05-04,17,188,0.6092812247682997
2023-12-09,17,61,0.6600811100338905
2023-02-06,1,16,0.20306694321277552
2023-02-08,24,55,0.3443134935272014
2023-07-25,5,64,0.5013149995758885
2023-04-18,16,151,0.13892767815673057
2023-12-11,16,120,0.8499067499061049
2023-03-20,11,22,0.505690505257336
2023-01-08,8,110,0.3044524420793371
2023-11-27,17,180,0.14045293185618768
2023-08-14,1,197,0.8797319639774526
2023-06-03,1,112,0.8647763181492635
2023-09-11,3,183,0.06261743022267041
2023-03-19,3,174,0.04702658522409686
2023-07-02,3,158,0.07003457336192842
2023-08-06,25,154,0.27336673969830494
2023-02-25,7,55,0.20362835733465345
2023-09-29,4,95,0.9732049681963842
2023-01-05,8,98,0.7582847146304798
2023-03-24,15,188,0.14979282732149923
2023-06-15,13,185,0.6015460535720701
2023-06-20,10,114,0.41846051725802047
2023-11-29,21,26,0.37492882911131775
2023-12-04,18,134,0.17404944856661397
2023-09-18,13,139,0.06549246274517595
2023-03-24,4,50,0.8819931432485305
2023-12-12,14,181,0.9789076752897832
2023-10-25,15,83,0.923650810352827
2023-06-15,6,66,0.9069697765138267
2023-12-02,5,148,0.9495501759450624
2023-04-14,14,12,0.004631063758542275
2023-01-28,11,101,0.5691852338531218
2023-10-16,2,158,0.20232361954928513
2023-03-07,4,87,0.7150536252023804
2023-09-20,16,178,0.5165091577239964
2023-09-07,24,148,0.9846077344319595
2023-09-07,16,27,0.37275914604875515
2023-04-05,19,91,0.36408020261655616
2023-12-27,12,188,0.11101454129460742
2023-09-24,11,19,0.9004607439262531
2023-03-29,7,9,0.737970723233611
2023-08-13,4,119,0.6174958772786799
2023-05-11,6,177,0.4851756098527663
2023-01-03,20,22,0.027733274986196044
2023-04-21,2,186,0.18167996530255004
2023-10-17,11,43,0.6960130846486148
2023-08-18,20,29,0.04599981246658702
2023-07-19,9,69,0.3398502270739442
2023-10-25,16,90,0.13178986269948223
2023-07-26,25,85,0.7636845807291461
2023-04-29,12,128,0.992088562926746
2023-08-21,15,51,0.586802048331619
2023-11-08,12,109,0.3897596804235458
2023-08-19,20,138,0.9001085951699775
2023-04-06,24,49,0.2500318972539455
2023-10-22,9,19,0.4511342358058782
2023-08-02,21,43,0.23421470750485862
2023-09-05,3,18,0.5403773983032798
2023-10-08,16,179,0.7244377271744789
2023-02-15,16,7,0.1920114007718805
2023-09-16,7,83,0.48530488686957973
2023-03-17,1,10,0.47307832534526184
2023-12-15,10,53,0.7878267529484863
2023-01-15,19,41,0.987372449808534
2023-08-06,4,12,0.6854371066195376
2023-12-17,1,84,0.8487871729250788
2023-05-16,5,64,0.7024835155204202
2023-05-18,16,96,0.06935121238564712
2023-10-10,4,6,0.3209304303524406
2023-02-10,23,193,0.07855751265369193
2023-11-14,5,111,0.3214552395044685
2023-04-25,8,55,0.17597679875340433
2023-03-04,1,95,0.5788747526182019
2023-08-28,16,44,0.6870058878257904
2023-05-02,15,123,0.9006953893022541
2023-11-07,2,29,0.2608876656142667
2023-01-24,1,179,0.20075022998691783
2023-08-19,25,28,0.14806658453790245
2023-05-28,1,68,0.2836280338912832
2023-12-17,19,18,0.6018985614086426
2023-06-11,13,102,0.04002778323335543
2023-11-06,8,97,0.38692245902608136
2023-04-18,6,159,0.5842210879769213
2023-08-29,9,132,0.057053854983307506
2023-04-19,4,193,0.821716857526698
2023-09-02,9,192,0.39679745097163577
2023-01-09,15,136,0.926146832364118
2023-02-11,8,173,0.6012862495021837
2023-12-02,6,42,0.9395037459559796
2023-12-30,2,1,0.09407458379173439
2023-09-10,3,79,0.76114068337985
2023-07-01,23,88,0.5290330183812166
2023-08-08,19,30,0.9249543175940276
2023-11-09,21,85,0.9079459043360265
2023-03-22,14,158,0.09728132061601813
2023-01-13,15,44,0.982088015122501
2023-08-26,11,150,0.6690433186118653
2023-11-14,25,63,0.0737317299981044
2023-11-18,22,111,0.7429471129691111
2023-08-12,14,58,0.9972079043603095
2023-06-11,24,195,0.1226285085118245
2023-01-05,3,78,0.4721600040029942
2023-06-07,19,194,0.33376911593809144
2023-02-02,14,56,0.9063381675853681
2023-12-29,17,197,0.6840404203627519
2023-03-11,5,83,0.6298632613737866
2023-07-23,13,71,0.5162357562866253
2023-11-08,16,55,0.47148163818391187
2023-02-05,5,165,0.3341393836403288
2023-02-09,11,148,0.5435898726072763
2023-02-27,16,149,0.5129161317415494
2023-08-28,13,176,0.8022291360734195
2023-01-03,21,55,0.2693785129208871
2023-09-19,8,198,0.0990371061207801
2023-01-02,2,49,0.30106469475804976
2023-04-06,4,176,0.6228230709841506
2023-04-25,17,154,0.5564027190044956
2023-01-11,5,138,0.6731872221948045
2023-04-30,3,19,0.8996336694946947
2023-02-22,11,190,0.311011096626863
2023-12-07,16,135,0.9731007908358525
2023-12-19,4,135,0.2319662381707327
2023-02-01,10,27,0.8161937458946363
2023-03-13,8,83,0.043523558287286934
2023-12-30,5,92,0.32492218822421504
2023-04-16,14,159,0.8607092113903135
2023-12-24,14,96,0.32689266721604615
2023-04-15,14,63,0.3025598646938513
2023-02-28,5,64,0.13707288461978184
2023-06-27,5,185,0.08090467674953705
2023-07-01,11,108,0.9449268554822391
2023-04-10,10,157,0.7235271288388911
2023-04-19,11,28,0.18487515370880114
2023-08-23,19,8,0.1283822642140341
2023-04-27,20,101,0.6519453598000803
2023-04-26,24,25,0.15755529342036045
2023-08-21,10,126,0.5277308120642392
2023-09-13,4,51,0.9949930232437806
2023-03-03,15,50,0.5147798918177393
2023-08-15,4,124,0.5079789822026666
2023-11-09,5,54,0.7548579810358214
2023-08-05,6,19,0.1689674648005467
2023-07-24,25,132,0.12566356293534686
2023-07-07,17,143,0.29359139574516857
2023-11-23,4,117,0.20356501477782718
2023-05-19,18,66,0.021174148387361647
2023-12-24,6,141,0.9989802924154181
2023-01-20,11,53,0.021572065795910755
2023-07-28,14,38,0.06900986557656041
2023-01-24,11,180,0.39283394751514256
2023-02-04,16,20,0.7301127347582693
2023-08-17,20,36,0.5388760989359404
2023-09-16,15,102,0.2815115289869984
2023-05-02,17,159,0.0497982401395789
2023-02-25,21,8,0.9954884734234936
2023-01-18,18,186,0.7615007422089932
2023-10-25,20,2,0.8693687392147541
2023-03-22,8,151,0.15945638205289037
2023-03-28,15,60,0.8667481882235023
2023-11-26,9,65,0.37626468195145635
2023-08-25,5,27,0.6415528543640271
2023-08-06,4,140,0.37084795015175764
2023-02-01,13,135,0.03206714861203208
2023-11-17,11,78,0.9962326858458712
2023-04-09,18,128,0.9317269511844627
2023-07-16,15,109,0.11394762624777455
2023-08-29,8,176,0.6151697988756737
2023-05-21,13,62,0.8889626532290541
2023-06-13,20,69,0.4421381088986387
2023-04-27,20,178,0.08187948226528075
2023-11-07,20,125,0.5481418495421453
2023-03-22,19,166,0.21493926158448262
2023-07-13,9,9,0.48807276812744727
2023-08-25,23,64,0.7450392334168487
2023-06-10,4,188,0.9573541711619671
2023-05-26,10,46,0.4522002023928414
2023-09-14,11,165,0.7446257712089625
2023-04-20,5,28,0.6231946005556307
2023-12-16,18,33,0.968987572913359
2023-06-15,2,115,0.5509330859033301
2023-04-23,19,124,0.3535081263483145
2023-05-06,10,137,0.22913018006049968
2023-12-31,20,67,0.4452363959169052
2023-07-20,20,101,0.5808521705047263
2023-08-12,15,88,0.5119054783771377
2023-09-25,6,139,0.19335164268991778
2023-08-16,5,169,0.7094115947602283
2023-02-09,5,160,0.8940901367116721
2023-06-26,5,61,0.527374583596328
2023-03-21,7,139,0.5703370403285479
2023-10-09,21,157,0.19260993652584868
2023-04-29,11,62,0.08410056401215027
2023-04-08,7,17,0.4948375902098231
2023-12-14,9,154,0.594084773055275
2023-08-30,10,156,0.14899235168732738
2023-09-29,9,193,0.6065441554918395
2023-07-13,7,142,0.47081805361425255
2023-10-13,2,52,0.7644290841838804
2023-07-18,23,135,0.9253046700447387
2023-12-31,25,199,0.3498666363432743
2023-08-29,14,77,0.777342050185834
2023-01-25,2,127,0.9791542256076814
2023-06-04,13,1,0.6655177477398114
2023-10-07,18,97,0.895727241042302
2023-10-17,22,111,0.5117822766511868
2023-08-02,23,38,0.5566205601298888
2023-04-23,1,6,0.15860977072770233
2023-07-15,16,97,0.7254472697776793
2023-01-07,22,51,0.6913360607282388
2023-12-09,10,91,0.14059598623218228
2023-08-06,23,43,0.8760618467886903
2023-11-04,4,103,0.6490299474821085
2023-06-02,9,100,0.7921774778240062
2023-11-03,2,175,0.617821378577153
2023-03-06,19,199,0.3172758571311185
2023-04-06,21,190,0.7400967537881548
2023-12-06,7,118,0.10166943314623789
2023-04-22,17,56,0.050274122318736736
2023-11-02,8,63,0.01746473267112636
2023-05-15,8,123,0.6048848533440738
2023-07-18,16,3,0.9174513764503068
2023-07-04,18,87,0.21951433578559498
2023-06-06,15,177,0.22734176871938727
2023-08-05,14,180,0.37434885158279463
2023-02-20,21,144,0.37127279087570875
2023-05-01,4,19,0.27642234466720184
2023-09-24,10,35,0.36161133317283434
2023-09-26,24,94,0.15486025447600538
2023-06-23,2,53,0.9602998691202091
2023-11-20,14,92,0.41023026873121127
2023-12-01,13,165,0.30357422073991325
2023-07-29,25,138,0.26980242051291214
2023-12-22,22,71,0.8213044414761196
2023-03-23,8,43,0.42119511844650437
2023-02-02,18,76,0.5000069830089213
2023-10-09,12,5,0.919791169323377
2023-06-21,4,110,0.24488806589373147
2023-10-30,10,109,0.11611667688983096
2023-01-24,23,51,0.47163578426011665
2023-08-06,25,144,0.4938664056785317
2023-06-28,20,147,0.7623132802453022
2023-03-14,11,144,0.8572323507762687
2023-02-02,18,109,0.5090130882652724
2023-12-30,20,137,0.3738413290900705
2023-05-11,4,8,0.3070814981080423
2023-02-27,1,82,0.708007631605615
2023-05-08,20,131,0.04742826773693509
2023-08-11,3,64,0.5206412916747399
2023-12-02,6,123,0.7748542869159711
2023-07-24,12,97,0.7877690171191299
2023-10-25,23,190,0.012212746122837626
2023-05-14,8,148,0.3537767860873807
2023-11-19,4,192,0.3263747252112309
2023-03-13,3,120,0.6018763988977565
2023-04-02,16,45,0.8176514069940386
2023-10-04,4,41,0.9907632027564341
2023-06-07,1,23,0.13284414487233098
2023-04-08,13,44,0.6221219789986469
2023-02-05,21,164,0.08617060976215907
2023-07-27,4,86,0.8132003352480637
2023-12-11,6,148,0.6595845700207805
2023-05-10,12,170,0.43705654051637244
2023-09-22,9,168,0.7166267797219003
2023-10-12,8,85,0.9100758287489437
2023-04-08,22,44,0.058316492039085954
2023-06-24,16,158,0.9507274843851192
2023-06-02,24,121,0.5309510428946805
2023-03-16,3,50,0.022617361095823352
2023-10-31,3,182,0.08916303679808835
2023-11-06,22,178,0.20028905306526879
2023-10-24,14,116,0.28259881375019014
2023-08-05,9,62,0.40172888059057255
2023-01-08,12,199,0.24286887341885133
2023-05-23,3,96,0.6748354052718524
2023-11-26,4,116,0.1497106227029057
2023-12-27,25,115,0.10273861623395408
2023-03-07,7,123,0.6602443652374127
2023-01-30,16,38,0.5214610898908402
2023-05-12,19,31,0.020082769746191276
2023-01-05,16,128,0.1681069959208823
2023-09-13,17,15,0.2534976911484793
2023-01-30,11,178,0.8683042893441348
2023-02-13,5,101,0.6371796285567844
2023-07-26,9,158,0.45607261215478967
2023-11-05,3,73,0.3088551069717619
2023-10-26,25,182,0.010407283509948906
2023-11-19,4,77,0.9563221471134898
2023-06-05,10,19,0.5788781408273269
2023-04-12,4,13,0.8900250156042047
2023-09-30,23,11,0.17321635159763038
2023-11-08,24,46,0.9099821347827606
2023-12-10,17,86,0.21505219056602387
2023-04-12,17,171,0.45170142889705245
2023-12-27,13,48,0.2893110184869446
2023-08-19,5,7,0.6728952918563624
2023-06-08,23,181,0.42608290870570165
2023-04-19,21,31,0.8197959284841249
2023-04-12,23,47,0.41350680787571614
2023-07-10,9,63,0.4968113284397001
2023-07-27,3,78,0.5411611599480105
2023-02-25,13,154,0.5065762673201657
2023-05-29,8,189,0.04849398118931392
2023-08-25,18,9,0.9291139447676101
2023-10-14,2,90,0.7725932997882191
2023-01-31,4,161,0.30780812693295034
2023-09-21,25,137,0.5774381127164748
2023-03-25,19,47,0.242988125955643
2023-02-05,7,162,0.9711426163089966
2023-03-30,22,166,0.5510557686732042
2023-01-21,13,1,0.2367656392972538
2023-09-07,1,26,0.17154537150975324
2023-05-24,9,65,0.5301394398378658
2023-11-12,9,168,0.24786400808454545
2023-09-17,25,126,0.1158993363366525
2023-07-18,14,28,0.2700415630604437
2023-08-16,1,179,0.1465111468712137
2023-02-11,24,82,0.255929820549715
2023-03-25,11,47,0.6919829385091015
2023-02-15,20,122,0.11837430587411424
2023-07-17,10,172,0.682324117122722
2023-03-11,4,118,0.2031514182774402
2023-10-25,18,5,0.7793314539062485
2023-12-29,6,94,0.022387560616695668
2023-08-31,25,189,0.9738409660256214
2023-09-20,22,131,0.20372222372120785
2023-10-07,25,13,0.8726059100014885
2023-04-15,1,4,0.21766650142391364
2023-04-01,2,26,0.4914361493780275
2023-04-16,6,83,0.5504638246603004
2023-04-22,16,25,0.14760168680624475
2023-07-26,19,116,0.9823776314020483
2023-09-14,20,39,0.6160504297432577
2023-06-18,6,189,0.29415130022715996
2023-07-11,15,86,0.030761363177900458
2023-10-19,3,187,0.7867042156724874
2023-08-22,22,161,0.768996264963615
2023-02-13,19,127,0.37797606570452236
2023-01-05,12,69,0.6736937707233975
2023-12-26,23,175,0.9075778850508988
2023-07-29,13,126,0.03595032106189455
2023-09-18,25,200,0.15953079087628685
2023-01-12,19,60,0.37787957447800957
2023-04-08,24,51,0.7198437465015499
2023-08-19,11,72,0.5277591821647117
2023-07-31,1,126,0.7287997740954945
2023-06-29,15,147,0.2518352692071669
2023-09-21,21,3,0.9064297563880518
2023-03-02,3,118,0.10570606300184104
2023-10-04,12,165,0.43745147067623547
2023-12-31,10,106,0.9333970433417385
2023-08-08,13,6,0.6991986959833667
2023-09-09,3,151,0.9194124254111886
2023-07-31,20,54,0.5687295966758934
2023-11-20,13,197,0.6285748966453841
2023-04-01,23,54,0.5879648496250438
2023-07-17,24,54,0.6689549750836454
2023-07-30,20,69,0.5156581085854487
2023-12-10,5,68,0.9035518994363146
2023-11-11,16,130,0.12316625071883192
2023-01-25,15,24,0.62761205308596
2023-07-05,10,53,0.8471510595144697
2023-04-01,24,109,0.38384594251823456
2023-05-20,24,184,0.8594840847666579
2023-07-31,1,113,0.8156498477078205
2023-01-22,2,196,0.24300306129370175
2023-03-17,17,64,0.4031213453054169
2023-05-21,4,130,0.5929101593668876
2023-11-06,11,192,0.25861374687315297
2023-01-21,17,29,0.38494713821698956
2023-06-30,17,21,0.5718753076156896
2023-10-28,12,199,0.34075542600675657
2023-11-04,10,54,0.3140972588681308
2023-07-07,18,71,0.3526238869097371
2023-03-11,22,56,0.8685625216284634
2023-04-15,3,9,0.46262099546432733
2023-02-12,7,184,0.4382653098526895
2023-03-23,14,14,0.7016959798049529
2023-07-29,3,190,0.3672032204992016
2023-08-30,11,33,0.18963827139160672
2023-11-12,10,127,0.4608451983973507
2023-07-13,17,97,0.7315789662973442
2023-05-25,1,121,0.9220688185256083
2023-06-03,12,151,0.5947114171068344
2023-08-28,8,101,0.9086167475959136
2023-12-01,16,44,0.38784411429289933
2023-04-15,3,11,0.0535190611831754
2023-11-05,24,140,0.23565610197121745
2023-12-01,3,104,0.019750545795751417
2023-06-13,8,67,0.12959214574422762
2023-10-19,24,64,0.9844261855994556
2023-08-26,16,158,0.28644728413560216
2023-03-17,11,136,0.21559824132868788
2023-01-03,7,25,0.3855213739406925
2023-08-17,18,187,0.5561864210107831
2023-01-11,12,127,0.6412922204271
2023-06-30,1,187,0.24493638885367275
2023-10-30,18,156,0.9511652571331726
2023-03-20,6,150,0.6839301245196213
2023-03-04,24,30,0.8156123130387789
2023-05-23,19,69,0.5695795378805348
2023-12-12,15,159,0.7158405764436512
2023-01-14,18,79,0.711679424901361
2023-06-26,2,84,0.7632432514205223
2023-10-28,12,160,0.1744345778989822
2023-01-25,14,116,0.8762936426447946
2023-03-17,24,3,0.17009181333986856
2023-09-07,24,118,0.7096673871264506
2023-03-30,23,160,0.5321950124427909
2023-10-08,4,160,0.2294612209622553
2023-04-18,1,45,0.3034474446927202
2023-12-01,2,129,0.7657145375150711
2023-04-03,9,138,0.7771121467853718
2023-11-24,8,10,0.1092489450651506
2023-08-25,8,148,0.999330134352213
2023-07-07,12,151,0.837674623508376
2023-06-28,18,163,0.3960628052173044
2023-09-01,5,50,0.7083762258716232
2023-03-13,10,195,0.03387067819105394
2023-03-31,17,35,0.7942708304127829
2023-05-28,18,175,0.6638427629376393
2023-10-13,6,169,0.6263705569335047
2023-03-09,17,183,0.09630767254999961
2023-06-16,3,118,0.6178953543894473
2023-01-29,12,171,0.32231335745549194
2023-12-03,7,109,0.5130758800119009
2023-07-21,5,33,0.6351935409138082
2023-07-10,23,67,0.8317516429591637
2023-08-31,6,70,0.2994787460860652
2023-11-29,8,131,0.34089418676899896
2023-03-31,7,186,0.9455742218668926
2023-12-19,25,171,0.4976703712826964
2023-01-23,23,128,0.880143159414328
2023-11-30,22,26,0.6430028451455178
2023-01-02,3,40,0.6291341081239061
2023-03-16,13,137,0.7880818113250835
2023-07-04,18,35,0.1630636455001092
2023-04-04,14,50,0.8080888056179675
2023-09-10,15,131,0.4768779215710739
2023-06-01,14,32,0.7183307017953418
2023-03-03,5,148,0.45802058179165317
2023-04-12,16,52,0.4939395376364054
2023-07-18,20,64,0.9475062253341122
2023-04-14,21,29,0.9431595384424559
2023-04-24,22,53,0.13809144546731844
2023-11-02,17,188,0.5407535865537688
2023-03-13,6,116,0.10272258468978346
2023-06-06,12,84,0.6463678341389558
2023-06-17,7,110,0.6503682111339234
2023-03-22,1,150,0.6933573954009349
2023-11-23,8,78,0.15577581182608013
2023-03-21,19,157,0.6017355623981886
2023-02-06,17,136,0.21478373975841158
2023-05-02,13,49,0.2141134310519479
2023-03-24,7,84,0.17813301132813264
2023-10-07,6,183,0.5770622752502323
2023-11-01,7,139,0.38364875252333497
2023-02-09,24,11,0.3762354674844438
2023-12-26,14,11,0.2318265734181001
2023-03-24,14,150,0.7348192671134477
2023-09-22,11,93,0.34783115394942454
2023-08-21,19,161,0.8504744927642897
2023-05-21,19,198,0.05133754694170234
2023-01-19,20,62,0.26540697356881526
2023-08-05,15,46,0.2540367612839899
2023-10-20,17,48,0.8659798612290409
2023-06-28,22,76,0.4242807121348001
2023-04-03,7,186,0.8832059516654942
2023-08-18,21,79,0.9314558336075992
2023-12-08,18,197,0.21681442759021985
2023-10-17,12,117,0.3038553792010382
2023-04-15,21,30,0.1707099796176328
2023-03-19,22,73,0.11520976996043253
2023-05-21,10,118,0.4872670020882467
2023-05-03,22,1,0.6157880758108192
2023-07-29,8,135,0.22875396192120634
2023-06-20,8,118,0.733803557814277
2023-09-23,16,6,0.6216593534482685
2023-04-12,15,71,0.9567228219683658
2023-09-30,9,133,0.19993461133280932
2023-11-14,2,15,0.23664992238220517
2023-05-04,4,59,0.7458265927823214
2023-10-30,18,12,0.01685741846369304
2023-04-17,14,16,0.485386746513754
2023-12-17,7,199,0.0704913491306397
2023-08-30,6,95,0.41922277904706395
2023-06-04,19,58,0.12460739712368307
2023-05-07,17,173,0.2661900687163091
2023-10-08,24,2,0.018344479153517113
2023-06-17,12,171,0.7407339770997453
2023-10-05,9,149,0.6482078227703418
2023-11-27,2,81,0.1763312466412006
2023-11-07,25,152,0.7952862765128189
2023-02-11,20,67,0.6126056536431708
2023-03-30,19,178,0.5977040005512932
2023-02-21,24,200,0.6989444416082564
2023-09-21,4,153,0.5119208479628629
2023-06-06,5,118,0.15749714541497073
2023-06-14,23,67,0.9905424662756325
2023-12-03,5,160,0.8157600786014433
2023-03-19,17,63,0.32758953152946924
2023-10-12,17,123,0.7971033667839913
2023-01-02,5,101,0.9190070827340492
2023-03-07,6,157,0.08763282032946895
2023-07-12,23,147,0.824364245535165
2023-08-30,15,158,0.9571424963690565
2023-10-02,21,174,0.3300495317880575
2023-04-29,10,56,0.8042117872679426
2023-07-29,12,51,0.826069944473301
2023-05-07,23,16,0.13934202073398183
2023-03-06,6,177,0.9460957822729396
2023-06-06,15,130,0.37921183464490305
2023-06-04,15,131,0.9350951786609579
2023-03-23,11,146,0.9337428315016737
2023-08-27,19,112,0.7038461353295531
2023-10-23,2,100,0.7279046978444835
2023-07-24,15,158,0.5942532168465295
2023-07-05,19,51,0.6980510864468835
2023-11-26,10,117,0.14497079659300072
2023-11-14,5,169,0.22497609151527387
2023-02-26,12,89,0.7591945055831334
2023-10-15,12,13,0.09324495724164572
2023-02-21,15,173,0.9180103153809123
2023-12-17,10,155,0.662544885441667
2023-09-09,15,191,0.30858949611686204
2023-07-17,2,5,0.22855818533864092
2023-02-09,22,139,0.2816030582728667
2023-12-15,16,38,0.9117907030824512
2023-10-02,11,142,0.7791498410620681
2023-12-19,13,71,0.6273134349252274
2023-02-06,7,18,0.58559194909962
2023-06-27,24,96,0.18992809029247326
2023-01-21,8,114,0.9269388321186118
2023-02-11,17,164,0.37086687322729994
2023-05-30,13,182,0.2996761562198157
2023-07-28,15,124,0.804838942590766
2023-12-19,19,108,0.4681493899658633
2023-10-12,16,100,0.16600149113683826
2023-01-14,13,171,0.305897454903026
2023-10-03,17,90,0.8858214145438377
2023-05-04,20,160,0.20576195901992766
2023-04-29,11,2,0.8748527998671322
2023-06-20,11,136,0.0974653357275097
2023-03-25,21,193,0.35425771581209753
2023-01-09,13,57,0.9529415305788737
2023-06-22,4,167,0.4902484336070059
2023-04-03,11,106,0.039265443128298605
2023-07-14,21,125,0.2666952213349072
2023-04-05,12,54,0.31133618931530405
2023-07-26,25,197,0.37341166125247593
2023-03-29,22,198,0.5567034809591745
2023-03-01,21,94,0.3965993005769709
2023-11-17,7,181,0.23730142368732143
2023-02-02,1,40,0.441104176822116
2023-10-11,25,77,0.5291576974850262
2023-04-27,21,16,0.38678287490910346
2023-09-10,9,29,0.10830467145670386
2023-01-07,15,121,0.5530624919432922
2023-05-01,15,79,0.003662621970563329
2023-02-21,19,83,0.09295379022732753
2023-11-12,1,104,0.9202933967796109
2023-02-09,14,31,0.10365529124451667
2023-05-25,3,45,0.3378586321240935
2023-01-09,11,56,0.3827463523913137
2023-06-15,16,53,0.2576193332110497
2023-10-31,10,75,0.7655400738802083
2023-06-28,2,23,0.7992524207829762
2023-01-16,22,60,0.5035165401766187
2023-04-20,10,51,0.9677146799421708
2023-12-24,18,94,0.09491488184302532
2023-04-29,4,106,0.6283092753444618
2023-04-08,19,117,0.6818310697145358
2023-05-09,24,132,0.04518335935877171
2023-11-29,13,93,0.7542515385595138
2023-03-29,11,137,0.2775900418071965
2023-06-21,19,37,0.17824529329833594
2023-08-22,2,196,0.24308755452623765
2023-06-30,25,42,0.9139258327087663
2023-10-16,16,29,0.29755213719855156
2023-02-01,6,77,0.4513550508262456
2023-06-02,7,78,0.09483642035634987
2023-11-28,1,153,0.4404909769395847
2023-12-09,25,41,0.9792103558907488
2023-10-03,16,33,0.9281181513261845
2023-01-30,9,177,0.9324978627879581
2023-08-28,7,197,0.3405252255211547
2023-11-24,17,34,0.300035252970267
2023-02-11,23,54,0.7352545591374463
2023-08-02,9,55,0.19890813484147374
2023-12-26,5,18,0.3292659949579855
2023-07-01,16,164,0.15779918896040812
2023-11-28,11,141,0.82767503273599
2023-11-26,9,119,0.8914365207672452
2023-07-23,13,96,0.38117707778054766
2023-07-18,11,53,0.6451862286651614
2023-01-21,11,15,0.6083860111774314
2023-07-03,18,87,0.7058765381670475
2023-09-03,18,13,0.7054485056111107
2023-08-07,5,184,0.6963616197047054
2023-12-14,20,129,0.9520060299349996
2023-02-07,25,148,0.3372859376381483
2023-07-22,18,14,0.8874439431232731
2023-07-23,8,162,0.27620534179984624
2023-08-10,1,190,0.21312936452817532
2023-01-08,4,121,0.3103239979223784
2023-08-10,8,194,0.3270676115410386
2023-08-09,24,36,0.6188137220814255
2023-07-18,17,110,0.7143338643365462
2023-04-16,14,113,0.7723774189170926
2023-02-16,13,47,0.7702817224135701
2023-10-24,8,152,0.8464025170127997
2023-03-18,16,21,0.7368568859422733
2023-08-30,8,19,0.9813414897553903
2023-05-21,6,162,0.7526876004636971
2023-10-14,16,15,0.9795642158755815
2023-08-08,17,43,0.32999069172900375
2023-10-11,10,136,0.1332563052382848
2023-05-12,5,190,0.4543787073518305
2023-12-06,18,21,0.47852168933420813
2023-03-16,19,148,0.1053089321154912
2023-05-12,2,66,0.6320428999072439
2023-09-25,21,154,0.6816009873681811
2023-04-03,9,10,0.167107972317745
2023-06-01,13,122,0.36630936193046404
2023-02-06,6,90,0.5038283658723709
2023-06-29,6,46,0.6661738488361574
2023-10-30,3,55,0.7176625519112675
2023-08-26,9,12,0.31263678908765447
2023-07-04,21,199,0.15405236977051762
2023-01-10,24,188,0.4120307766874427
2023-08-14,10,169,0.7992772265167349
2023-08-05,1,116,0.016911247937215546
2023-07-26,21,184,0.3022627800012291
2023-10-16,19,118,0.4532295763901629
2023-02-04,21,99,0.6089453703062657
2023-10-16,21,47,0.764855283989362
2023-03-04,8,24,0.7062169434631378
2023-01-04,9,112,0.3796733541967142
2023-02-07,8,14,0.8640352021155396
2023-09-04,3,150,0.43565744415559937
2023-02-09,17,44,0.13016275069242267
2023-10-09,22,153,0.04884849462588525
2023-02-13,16,72,0.5277358510708587
2023-10-18,22,21,0.7256131509271619
2023-10-13,21,89,0.008681178047357463
2023-05-29,17,56,0.8765159726601366
2023-09-15,24,1,0.9866616938357304
2023-03-07,24,48,0.7786962649683457
2023-01-10,25,4,0.8009804026359855
2023-09-18,20,126,0.6736287989857694
2023-01-12,7,14,0.19553245217916548
2023-03-25,1,66,0.4016376338268681
2023-12-01,1,51,0.6323950833978402
2023-09-16,20,40,0.7439838244179365
2023-12-07,8,63,0.6077619487166741
2023-07-24,19,38,0.13815190549642875
2023-07-14,24,145,0.8929773552807102
2023-10-06,3,36,0.27996353641116745
2023-05-26,19,19,0.9995199398558035
2023-05-13,17,14,0.48464030056016816
2023-01-13,19,21,0.8344087864975941
2023-06-05,17,97,0.6475205334606646
2023-05-16,5,153,0.22784445033366785
2023-04-21,18,82,0.6631484338233491
2023-07-23,14,118,0.8659219103815321
2023-09-04,20,180,0.7515344268146198
2023-10-20,23,106,0.3673119507040452
2023-12-10,11,17,0.6873475916968999
2023-03-21,21,2,0.6990213903879776
2023-07-12,25,4,0.14834299816487118
2023-05-23,20,101,0.39099484451925903
2023-08-08,15,6,0.21886266236123808
2023-06-15,2,167,0.0713137087660396
2023-08-15,25,42,0.9273269705627762
2023-02-27,16,155,0.1281520364433527
2023-07-22,12,76,0.8522790144250321
2023-01-17,2,62,0.24198015185919575
2023-06-05,13,150,0.619711664819558
2023-07-21,25,23,0.8826351124363291
2023-05-28,19,169,0.5559586572092566
2023-04-02,21,147,0.09905069270849931
2023-01-21,11,190,0.9624993179339347
2023-11-03,18,160,0.8891752895442135
2023-05-22,25,175,0.5888801114896282
2023-08-14,5,134,0.5684991413923886
2023-03-11,8,30,0.027115111656612623
2023-08-11,19,60,0.259883327353833
2023-03-31,15,58,0.3616171817629372
2023-07-14,17,70,0.05927950836654228
2023-07-30,13,26,0.30474359042948473
2023-01-01,6,181,0.04328955135622814
2023-07-23,24,4,0.7387420962011996
2023-12-07,19,23,0.33073385209699935
2023-07-06,8,177,0.7505532595131766
2023-06-13,23,36,0.9932620037212966
2023-08-27,4,67,0.20196811729371578
2023-02-23,21,111,0.6790124851522686
2023-01-09,2,15,0.9373992680708629
2023-05-14,15,28,0.21926229286275478
2023-12-22,25,114,0.13140547971282057
2023-07-28,15,49,0.8367150419816574
2023-11-27,12,11,0.8670419200750078
2023-03-15,23,63,0.5286407761856324
2023-10-13,3,155,0.7859433862059361
2023-10-05,15,40,0.36837685222826333
2023-12-04,20,193,0.6356407332648225
2023-10-27,2,200,0.696985478051411
2023-02-04,3,78,0.7405116284542859
2023-12-04,17,104,0.261653961486769
2023-02-14,12,154,0.027904208963457244
2023-07-31,4,139,0.08160238262574848
2023-06-05,24,35,0.6992635510070861
2023-06-08,24,134,0.8221297403728026
2023-04-30,24,113,0.98742501165621
2023-11-15,6,189,0.12660689853252105
2023-05-12,11,195,0.2960626627077375
2023-11-14,25,6,0.24548532251976296
2023-05-18,21,64,0.8567759743400181
2023-10-29,14,23,0.06630040986112895
2023-12-29,8,100,0.8657868382345453
2023-10-24,3,65,0.07175131260343726
2023-06-05,23,147,0.47130243796935145
2023-01-03,13,129,0.20247295755980177
2023-03-07,16,33,0.6989851914656781
2023-03-04,13,197,0.3848050956546397
2023-02-18,16,8,0.0958720811256526
2023-08-11,17,14,0.5972217904889684
2023-06-05,10,37,0.5773079096608559
2023-07-12,24,12,0.6205210550683763
2023-10-20,9,97,0.8410096886238396
2023-11-30,10,84,0.939582704881769
2023-06-13,6,105,0.44512856064838824
2023-10-14,14,146,0.7150270847967312
2023-12-01,11,73,0.616336356682072
2023-10-04,6,136,0.35842787098799567
2023-01-22,11,47,0.1071294398951883
2023-06-14,16,81,0.030018775768541284
2023-12-02,16,82,0.2823891857076076
2023-08-08,13,87,0.0007767253979470423
2023-01-26,5,147,0.9299235440596271
2023-06-19,11,150,0.8367553135446263
2023-04-28,23,56,0.7670427305626366
2023-08-11,9,12,0.17385549653246546
2023-04-06,6,49,0.2452737881686241
2023-03-16,11,53,0.04343912082818158
2023-12-18,14,2,0.05212423682561884
2023-03-22,12,137,0.7681108023974851
2023-10-27,6,28,0.5761050804389268
2023-12-16,24,58,0.7000511018763307
2023-06-13,4,64,0.112924203921408
2023-11-30,16,181,0.32687297799646975
2023-06-13,21,177,0.1610000855923467
2023-01-17,15,113,0.9650707407382823
2023-06-18,12,109,0.5216154528743925
2023-11-07,1,178,0.5230049391403362
2023-07-05,4,140,0.7376115137280235
2023-01-11,25,88,0.9134933842395666
2023-05-17,19,8,0.4976659485696614
2023-01-31,12,111,0.5526388098207714
2023-04-26,5,190,0.33894757948318843
2023-01-28,2,157,0.47154508919384575
2023-10-19,13,16,0.006133616799487429
2023-07-24,13,110,0.8731387787454684
2023-10-28,18,68,0.607054361435803
2023-01-14,10,8,0.34341960210741795
2023-04-30,4,117,0.09757384724024332
2023-01-24,18,11,0.609443606758137
2023-09-13,3,29,0.4818677766806616
2023-01-14,5,113,0.3162283052633873
2023-08-18,24,166,0.7468826240937542
2023-08-08,1,58,0.3168897816149312
2023-04-07,5,124,0.033801839037668535
2023-03-23,7,153,0.07219075912597961
2023-03-05,2,193,0.5103120245645323
2023-08-30,8,173,0.5047529916598696
2023-11-25,22,23,0.7909833499295194
2023-03-05,24,82,0.7111299720691636
2023-06-20,23,39,0.7787309818086319
2023-06-19,1,46,0.03587028655511659
2023-08-22,14,180,0.5654382177907474
2023-08-24,13,6,0.6944980635833112
2023-05-24,22,40,0.9275702207849581
2023-10-28,2,129,0.10685319737913479
2023-06-11,20,118,0.7485351605261006
2023-03-03,12,110,0.5667028767064303
2023-01-08,20,53,0.7640460534083198
2023-06-22,16,181,0.21786464416077533
2023-09-15,21,16,0.9839112022342607
2023-10-19,11,141,0.5102836324832006
2023-12-07,14,128,0.03732078888802781
2023-12-13,12,28,0.021904951096880843
2023-06-12,8,196,0.49113088108578873
2023-07-27,4,111,0.6544196930459999
2023-11-27,6,121,0.8729902177203371
2023-02-01,18,188,0.8654929483749584
2023-05-27,3,102,0.9048106100769774
2023-12-28,13,43,0.422691581635979
2023-07-06,15,30,0.7942063919638204
2023-02-28,4,122,0.597582917354778
2023-11-17,25,102,0.9892705139150957
2023-12-15,19,56,0.645185123475161
2023-04-10,2,26,0.5081822714873807
2023-07-17,6,12,0.7429842864967783
2023-06-28,2,55,0.17331784461233357
2023-03-18,11,37,0.6969103397455927
2023-08-17,7,176,0.9067162308764586
2023-12-30,5,168,0.14336497643855017
2023-09-24,4,133,0.8328310341344074
2023-04-13,21,45,0.3316890396759511
2023-10-14,20,18,0.49118620429879056
2023-08-11,1,197,0.4157435338176102
2023-07-17,11,120,0.32943759442639564
2023-06-24,1,89,0.8699342135186507
2023-10-05,12,128,0.5925795803160278
2023-04-02,18,192,0.8806997729048245
2023-08-10,19,15,0.5752288240628037
2023-02-03,13,177,0.8443379218556909
2023-11-05,20,31,0.8067874012973864
2023-12-14,1,157,0.2941238713624058
2023-09-13,8,197,0.6556579559642571
2023-04-27,25,114,0.22890683303133286
2023-07-11,11,119,0.1397384971507104
2023-07-14,8,192,0.47091968654030425
2023-01-14,13,102,0.13071240026395425
2023-06-21,3,96,0.8876570091466669
2023-07-26,9,171,0.11523870827797189
2023-10-05,7,183,0.07928096336364399
2023-10-31,17,48,0.4050196247110083
2023-10-24,17,98,0.5359012396518081
2023-11-02,12,159,0.45249284733799544
2023-05-28,18,89,0.7495449820081314
2023-07-02,6,14,0.7446504850466399
2023-12-20,8,131,0.49698252045867186
2023-05-30,24,9,0.5821008109582372
2023-04-17,17,188,0.9940136168634108
2023-07-30,5,174,0.13395381583622012
2023-09-20,2,55,0.18702364457941045
2023-01-21,24,187,0.7296026283455268
2023-09-12,10,59,0.27626383525226794
2023-08-21,5,143,0.5606346658656205
2023-07-06,14,58,0.20888242183725647
2023-08-28,4,6,0.004865881975022024
2023-12-24,10,138,0.36303259496217877
2023-06-22,15,89,0.729534948318427
2023-12-29,3,197,0.2717082855981966
2023-01-26,7,142,0.11308563319048826
2023-06-09,1,144,0.6167178024092644
2023-07-22,4,99,0.9518334554064017
2023-09-24,7,192,0.4619663120425337
2023-02-24,11,58,0.9805031966129756
2023-11-12,21,57,0.3426056940809631
2023-08-13,3,196,0.4679673533372356
2023-05-11,9,167,0.8455063198203828
2023-09-20,15,112,0.12480813227668774
2023-03-08,11,189,0.22699961286063852
2023-07-28,25,181,0.8729246553730827
2023-08-02,13,102,0.7612982704469874
2023-05-24,16,10,0.45977551539752526
2023-05-07,20,5,0.18836330634540532
2023-04-21,25,175,0.393250166624471
2023-11-04,3,40,0.7776379481146164
2023-07-03,9,191,0.6114421366043243
2023-11-25,15,94,0.7442061025072902
2023-03-03,5,24,0.2949692561452284
2023-11-17,17,67,0.24339181523847786
2023-11-09,20,107,0.47339918228215716
2023-10-28,17,132,0.8275291054990435
2023-04-13,25,84,0.2951634928711727
2023-12-04,15,82,0.07275347054684322
2023-09-04,6,51,0.6088766096442605
2023-01-18,19,148,0.1887735243553862
2023-10-22,23,84,0.2675674957729254
2023-07-01,17,85,0.18436533869427474
2023-05-25,11,67,0.5757693813445831
2023-07-20,20,157,0.6622220676613269
2023-05-03,6,153,0.15467411222029803
2023-03-29,22,39,0.43385503800918346
2023-01-08,23,19,0.306966311520918
2023-06-09,22,152,0.3279501114132064
2023-12-20,18,183,0.692837451574748
2023-02-28,13,107,0.6621850475636137
2023-09-14,25,115,0.2695416011522578
2023-01-17,20,72,0.07300050057612195
2023-11-03,11,109,0.5301176877577621
2023-04-08,22,51,0.9146867840877637
2023-08-24,7,162,0.4256482608136266
2023-05-03,5,167,0.46278568433790035
2023-05-05,16,48,0.29713135778692035
2023-06-27,3,127,0.82526518922008
2023-11-27,8,159,0.19706620383747853
2023-01-11,10,160,0.054317062492428625
2023-07-30,18,83,0.19469060175074882
2023-06-25,2,15,0.12255441051484317
2023-03-10,24,96,0.37052046061241706
2023-08-23,9,61,0.8887718904593647
2023-08-20,1,93,0.8635845434372313
2023-02-20,16,51,0.5167427822288655
2023-01-01,21,198,0.09044517007685349
2023-04-15,25,21,0.6619574179528885
2023-05-21,21,133,0.03753834360602304
2023-12-07,23,56,0.9085828039171177
2023-09-20,7,26,0.8325417943260219
2023-02-12,2,119,0.38765405844749035
2023-01-16,2,175,0.04023350556249372
2023-08-04,23,120,0.6661860434642726
2023-09-01,20,197,0.33151243738517333
2023-05-28,4,85,0.17393695735433456
2023-05-04,12,106,0.49721864880129973
2023-11-26,16,192,0.15810340471322493
2023-12-01,7,137,0.16991118714265918
2023-04-27,20,46,0.6247173302234922
2023-01-04,13,10,0.7493996071462019
2023-05-16,1,46,0.37514311670022726
2023-12-14,13,147,0.0291333196255682
2023-12-21,2,105,0.3813256067094084
2023-03-14,9,157,0.23120211256937662
2023-04-29,13,185,0.6029002026883236
2023-05-02,12,33,0.8838491644288344
2023-06-30,4,173,0.3486653180253986
2023-09-06,3,61,0.10705995580434491
2023-01-09,15,118,0.48285975682205917
2023-07-15,9,188,0.8529601179374338
2023-07-14,13,188,0.03039045931882456
2023-01-29,16,95,0.5075564127111729
2023-10-15,20,5,0.023124560881227052
2023-07-25,22,163,0.2513240438860618
2023-12-05,11,162,0.2522129361687472
2023-01-30,21,168,0.28179755690979136
2023-10-27,21,7,0.8103799101764662
2023-09-16,21,199,0.6375991206774617
2023-04-19,6,22,0.23688772742098352
2023-08-13,17,38,0.9493164774264947
2023-02-03,20,172,0.7709905496798406
2023-07-16,9,101,0.04659869151041074
2023-01-08,12,148,0.39444783338501044
2023-06-21,7,78,0.6888143972193883
2023-01-08,5,33,0.6066873217031751
2023-09-04,20,188,0.1539013501319234
2023-07-09,6,39,0.6683069750165349
2023-05-05,8,82,0.85377805841778
2023-10-01,25,112,0.9577728159549286
2023-10-05,4,157,0.6754696764796992
2023-11-28,16,129,0.9860476843545739
2023-07-27,3,47,0.4727411504696123
2023-10-07,14,174,0.11046185083867988
2023-09-30,23,156,0.4235468012591521
2023-12-27,11,175,0.4491011221079583
2023-03-17,8,177,0.5693945815434723
2023-01-06,20,82,0.13584981150637254
2023-04-13,3,129,0.7167392066249488
2023-06-17,11,99,0.48859777768339796
2023-03-07,12,57,0.3574978946767041
2023-02-17,3,26,0.07449798507029237
2023-08-13,25,65,0.21312610825280387
2023-07-16,8,182,0.07063823706550243
2023-07-05,24,126,0.6810903469618752
2023-12-23,11,158,0.13580472934326748
2023-10-08,3,194,0.3996046393787238
2023-12-12,16,82,0.7222118319857915
2023-06-30,9,152,0.760385651118858
2023-10-04,2,51,0.11125219812968623
2023-02-05,20,58,0.9654276006981174
2023-04-30,21,121,0.0690243836940424
2023-11-26,22,116,0.7754806782044782
2023-07-31,4,77,0.5690769546180738
2023-06-01,12,185,0.4183167051332155
2023-06-21,21,88,0.6506008313612415
2023-03-18,7,162,0.43668202814881274
2023-10-18,12,138,0.9586460207445355
2023-05-23,23,196,0.27085230591635523
2023-07-18,12,139,0.910591768769824
2023-09-16,5,127,0.12556656558503398
2023-11-19,14,93,0.6527379222050931
2023-04-24,10,27,0.8754073405853927
2023-03-31,15,110,0.629630220751055
2023-07-30,25,131,0.8418754259588069
2023-09-26,23,53,0.6065594655103831
2023-09-20,20,190,0.9539803142042669
2023-09-11,2,190,0.9818468603155451
2023-04-21,14,38,0.843034639216118
2023-06-13,11,161,0.36897181608783336
2023-01-15,23,183,0.47287933970069285
2023-03-20,8,70,0.3075877118488787
2023-04-29,6,83,0.9845459579139281
2023-01-30,16,191,0.6351286056781646
2023-02-27,5,58,0.8977936610375372
2023-03-05,11,113,0.9390747502085842
2023-08-23,21,67,0.1770775430337056
2023-03-13,1,145,0.4871655666115945
2023-07-03,11,18,0.5432356398383381
2023-10-11,1,5,0.8270812014250788
2023-05-10,20,165,0.18598072965627976
2023-02-28,15,38,0.6501925507013284
2023-03-19,2,88,0.12732089362350885
2023-08-03,19,150,0.8355739614657622
2023-03-05,9,30,0.7513483722511187
2023-08-21,7,162,0.42664913912346525
2023-12-11,12,156,0.47855212919263623
2023-09-05,20,152,0.12852467818882263
2023-08-27,15,3,0.8165118548846065
2023-08-06,3,165,0.15454303256445356
2023-07-24,11,188,0.42500441304365555
2023-03-26,5,140,0.6730559409779574
2023-07-29,17,178,0.6184002698374766
2023-07-14,5,5,0.773498889337603
2023-02-26,3,166,0.043898297200096636
2023-07-31,13,27,0.17851938497249553
2023-08-24,2,43,0.21804835230037756
2023-10-21,17,142,0.23249304984179586
2023-02-10,23,69,0.7023058029823681
2023-10-22,11,21,0.45822688473134543
2023-08-03,13,82,0.06822377268939028
2023-12-13,14,56,0.5463667232481897
2023-11-17,15,42,0.5858087668836981
2023-04-17,17,87,0.9569085161408651
2023-12-03,9,160,0.3148996237684073
2023-01-28,22,180,0.6869094583610794
2023-03-13,10,25,0.44020508455588836
2023-10-20,6,106,0.45778876858072504
2023-08-29,11,130,0.2093804573228577
2023-09-27,18,164,0.15567446448851152
2023-05-10,18,110,0.6396319412163214
2023-11-27,10,110,0.36266919928467534
2023-07-14,7,44,0.7973064501409368
2023-09-02,17,133,0.6838264721859841
2023-03-05,3,58,0.04005636537439605
2023-12-18,12,31,0.8310534588622841
2023-08-02,18,77,0.42782700523298434
2023-10-07,20,139,0.09546869940023128
2023-01-20,19,163,0.4855353977760576
2023-09-02,15,180,0.39585106615296217
2023-06-01,6,73,0.3099818962247701
2023-04-19,5,54,0.16316616416169405
2023-12-28,11,17,0.945679527347551
2023-05-30,15,120,0.352182766795458
2023-09-29,2,117,0.5544439151874625
2023-11-27,12,61,0.7841143768320565
2023-03-24,22,153,0.20375035303066558
2023-02-13,17,167,0.5110059587629346
2023-09-29,23,182,0.43986842613062405
2023-10-01,4,47,0.4252695479208427
2023-10-21,24,32,0.39830068030327903
2023-07-10,14,145,0.657565254011115
2023-06-30,15,122,0.2982872941194824
2023-12-15,7,138,0.7789872752076664
2023-11-30,11,27,0.37738588063118605
2023-11-18,22,114,0.016091040349218155
2023-05-04,18,105,0.6038899114800167
2023-06-29,24,52,0.7798828648846803
2023-05-19,23,199,0.878086735157016
2023-09-16,1,123,0.3915205545007522
2023-02-10,1,132,0.3507841124001554
2023-11-22,8,70,0.26456266691532315
2023-07-23,25,146,0.5642883309056299
2023-10-11,25,162,0.5962358552414196
2023-09-19,2,146,0.36202985613166183
2023-11-19,6,43,0.2952531200672308
2023-06-08,15,195,0.44150738093776876
2023-04-06,2,160,0.5943959278108502
2023-06-16,21,130,0.19909802889127248
2023-11-23,23,92,0.31313802537507485
2023-09-18,12,63,0.47514236424840284
2023-06-18,5,75,0.9412959173128032
2023-12-10,16,8,0.006580284886875898
2023-07-09,16,106,0.886312168998363
2023-03-06,21,126,0.896585607623357
2023-04-16,6,56,0.7618051535570635
2023-10-10,4,163,0.5394784712903561
2023-10-27,7,70,0.6926674106526285
2023-12-03,2,77,0.9467586301097487
2023-03-11,19,101,0.852039734618907
2023-04-29,18,112,0.5740228951498197
2023-06-07,10,184,0.6153357461376819
2023-06-19,22,188,0.4817729331111891
2023-03-25,13,85,0.9812861245013154
2023-01-23,10,128,0.08977734756727662
2023-04-08,6,106,0.49399175629513026
2023-03-04,20,160,0.0006568416992097648
2023-09-09,14,6,0.9526766962156071
2023-03-22,23,15,0.27622706362549077
2023-09-11,10,17,0.3958897893406217
2023-07-29,7,41,0.34377795338673833
2023-09-26,23,20,0.24812381221945579
2023-11-06,16,198,0.9601234372817455
2023-07-14,21,28,0.5213411305153033
2023-08-09,10,187,0.15873522112575456
2023-09-21,5,87,0.8252004067994215
2023-12-15,9,8,0.4786656543404736
2023-09-04,2,15,0.9467138551074576
2023-09-30,15,137,0.02894310137670364
2023-02-11,1,89,0.9044280574656991
2023-04-16,17,56,0.620879246150246
2023-05-28,25,10,0.11103792018745984
2023-06-02,19,104,0.47168358644877284
2023-04-16,21,196,0.6943524678694288
2023-02-09,3,149,0.6308137163731022
2023-08-01,10,95,0.3324292117147041
2023-06-05,24,46,0.7044870279055968
2023-04-30,25,81,0.830200197184251
2023-09-16,20,2,0.9540368290912278
2023-04-26,16,57,0.27945623679536535
2023-03-31,22,185,0.6150632153610891
2023-12-03,7,137,0.1751759597108582
2023-04-11,25,22,0.9332385499420943
2023-02-09,16,23,0.24083432084720124
2023-12-03,11,61,0.41575969905705845
2023-08-20,13,123,0.9265689090253701
2023-09-11,2,53,0.26505546264943813
2023-05-25,23,12,0.5891473076868657
2023-11-15,8,166,0.624551191975691
2023-05-24,15,25,0.8478711639495535
2023-05-20,1,84,0.5307413189440348
2023-09-23,23,185,0.06105693212493546
2023-12-03,5,185,0.7889942696883682
2023-07-18,1,54,0.11524663930165335
2023-01-21,1,135,0.42362738296587776
2023-03-02,16,115,0.35910908596756763
2023-11-01,15,5,0.24580705404193648
2023-11-15,20,195,0.5675561567732702
2023-12-09,6,30,0.7710360110610343
2023-08-23,11,87,0.71220746750782
2023-09-19,25,131,0.8044172570671487
2023-01-24,20,106,0.1760323654629753
2023-10-16,10,34,0.7875348712395936
2023-12-08,2,15,0.703131332671359
2023-07-17,21,8,0.09064350380065223
2023-08-08,9,50,0.5614311839273437
2023-09-11,16,91,0.919271000752
2023-03-10,19,87,0.8874542451827784
2023-02-25,23,69,0.7877115474995853
2023-12-07,20,102,0.41080900144709476
2023-02-20,15,157,0.5199239096815337
2023-03-07,5,47,0.7469394013761627
2023-11-24,12,123,0.18014878790630384
2023-12-26,13,156,0.052232954863826175
2023-06-26,2,168,0.3697585374889236
2023-08-27,9,160,0.07364518632652584
2023-10-18,9,65,0.9591288248164545
2023-08-26,5,15,0.11538631363650098
2023-10-24,6,73,0.6024504575167944
2023-06-28,24,160,0.9458027752020244
2023-10-12,16,81,0.41547620248421524
2023-05-31,1,115,0.2796564363927544
2023-03-11,6,174,0.3601405038691161
2023-02-26,7,122,0.5974167491123485
2023-07-22,15,191,0.45657519570252925
2023-11-15,12,159,0.37573154974919665
2023-11-29,14,116,0.42815135023030393
2023-04-21,4,75,0.011643128849586848
2023-04-17,17,94,0.9861616748193694
2023-06-16,15,71,0.5446280108100988
2023-06-29,20,38,0.9115802292107875
2023-04-26,16,139,0.13394071234018656
2023-06-30,21,40,0.4982354320338701
2023-06-08,5,70,0.3815644062585536
2023-07-07,20,42,0.5509856922878932
2023-07-08,1,43,0.41556244156293065
2023-06-24,1,123,0.6197425310716425
2023-07-01,4,58,0.7318471170286022
2023-10-16,6,134,0.1436267266827388
2023-04-22,23,7,0.8061495543769105
2023-09-11,14,58,0.8758688076770584
2023-08-25,11,126,0.6580108808971968
2023-09-29,16,195,0.9174341098628275
2023-10-28,14,159,0.6963493174232546
2023-02-23,9,60,0.9949071000456311
2023-05-03,20,105,0.3607399383350589
2023-11-01,4,182,0.16045440845056136
2023-04-07,15,191,0.8729580398218344
2023-10-15,22,78,0.368326473475299
2023-09-30,12,171,0.6020532606329593
2023-12-18,19,101,0.9209041809585918
2023-10-26,4,160,0.1272582405019903
2023-02-08,22,71,0.2931217008225063
2023-11-06,8,193,0.49045678517628877
2023-08-25,3,172,0.5454225367975052
2023-06-21,21,177,0.32581059236785204
2023-01-04,21,97,0.8223798367442625
2023-07-08,18,105,0.661407513506677
2023-10-04,4,46,0.16080438649608597
2023-12-23,12,36,0.9548283770221904
2023-12-27,25,111,0.9819711975328329
2023-09-08,20,108,0.5307813453938062
2023-01-20,11,73,0.7871959240537648
2023-01-16,10,24,0.6599430276692504
2023-03-19,13,24,0.11772639880452462
2023-04-24,8,123,0.30971354410513696
2023-06-10,1,82,0.4038364161306308
2023-03-24,9,96,0.3790117469870098
2023-05-06,24,59,0.7585308502931151
2023-03-10,13,85,0.508330962927823
2023-08-29,10,95,0.5087206887881964
2023-06-07,3,70,0.06054428939758316
2023-03-03,10,128,0.8758528293754282
2023-04-03,13,148,0.36076578574223106
2023-09-09,24,200,0.01615357765333869
2023-12-15,2,106,0.3195938953015919
2023-10-12,5,36,0.2201118081268053
2023-03-18,18,55,0.42432362137036184
2023-07-30,21,94,0.6009470182978061
2023-01-04,3,179,0.6944723591573748
2023-05-14,15,88,0.8665947064812338
2023-07-27,18,155,0.6523192058031945
2023-06-30,20,100,0.4825951601829118
2023-11-01,17,160,0.4381782472055653
2023-10-28,5,76,0.6812131813940198
2023-11-18,21,161,0.3898153070897741
2023-08-14,7,62,0.9352993850735211
2023-04-24,8,100,0.166700872018391
2023-02-03,19,105,0.4344457594876393
2023-06-21,25,179,0.7619446135032019
2023-09-29,2,161,0.8469834349979496
2023-07-22,23,103,0.6871222263905905
2023-08-01,19,58,0.5538750496926624
2023-01-27,22,159,0.9586361975993124
2023-08-28,16,175,0.5139443702926495
2023-04-07,3,38,0.5695849346398467
2023-02-22,13,95,0.21846798060400574
2023-03-27,13,151,0.833595655159879
2023-12-28,4,117,0.3879355427408261
2023-08-22,21,53,0.531534477039836
2023-04-15,13,122,0.15268322145764168
2023-10-12,7,40,0.996863644897734
2023-09-26,10,33,0.5054110319337132
2023-12-18,12,58,0.20077679324242714
2023-10-03,25,73,0.09290599053963666
2023-02-24,22,105,0.33148387587185013
2023-04-07,20,189,0.7936800032331518
2023-01-04,1,188,0.6878335753943844
2023-06-10,9,81,0.8821687067646578
2023-04-22,11,66,0.597908848203021
2023-05-16,24,137,0.9226184713289711
2023-10-11,3,7,0.6198862148973399
2023-07-05,6,71,0.8461094851435154
2023-08-28,18,188,0.361183020094178
2023-10-29,13,66,0.06707714643877705
2023-10-26,24,13,0.19046686169748772
2023-04-18,16,158,0.03974759602406874
2023-05-10,16,38,0.8323854383800643
2023-11-04,25,174,0.6709772752891359
2023-09-25,22,13,0.7042289926270725
2023-01-21,6,9,0.04096350263523929
2023-07-17,23,126,0.38997225054276363
2023-01-22,14,67,0.05967398861917694
2023-04-20,12,82,0.2501718652390923
2023-12-05,4,82,0.2825434120333775
2023-10-21,23,182,0.2664435629067953
2023-04-22,22,61,0.014472839849204777
2023-09-26,22,102,0.3607528105849185
2023-05-07,12,90,0.8246458085768971
2023-03-18,6,61,0.14812652147681493
2023-03-06,5,196,0.24851630579969308
2023-03-01,20,169,0.8675459909726791
2023-03-17,19,95,0.3401533210788509
2023-10-25,24,152,0.5853333944948265
2023-12-29,18,64,0.8073966948504039
2023-03-16,17,185,0.7996646677315212
2023-02-18,5,33,0.6335512595760823
2023-12-03,1,27,0.9940090291429143
2023-05-22,7,73,0.8878102170733587
2023-10-24,25,159,0.18762132586893865
2023-10-12,10,94,0.8100860970334891
2023-12-31,10,52,0.6699878608628898
2023-12-26,11,36,0.7592271598078307
2023-05-05,4,190,0.18449264744461924
2023-02-21,23,129,0.2862186092040091
2023-10-20,22,114,0.14612709071734487
2023-12-24,4,71,0.6940067046377129
2023-04-22,21,107,0.07286235011414488
2023-12-06,23,64,0.8777901904793854
2023-10-14,25,76,0.29623669874833425
2023-11-11,8,128,0.9202331306509661
2023-01-10,5,13,0.15288830873013204
2023-08-18,25,152,0.12185830126125341
2023-09-10,9,160,0.12868279399247728
2023-11-04,7,42,0.8299530856533046
2023-07-15,14,158,0.7645026997106356
2023-03-28,14,4,0.2011629071619575
2023-10-24,15,187,0.900588094505601
2023-03-06,9,173,0.5036399396725019
2023-10-13,12,4,0.4307586942270414
2023-10-02,14,177,0.8169991955285834
2023-11-07,12,173,0.37793631604375155
2023-06-23,17,128,0.5320204481448566
2023-06-04,18,89,0.46981533904020434
2023-08-25,11,130,0.8374791449470623
2023-04-05,10,192,0.9479355543014136
2023-02-14,16,148,0.8156190666439299
2023-05-12,22,52,0.12209398785043757
2023-06-09,10,55,0.135639158035887
2023-08-26,4,175,0.26158002094616206
2023-03-15,11,159,0.8139038534816635
2023-06-27,13,138,0.8684047237661838
2023-02-28,23,44,0.5067550766272639
2023-11-08,22,169,0.6188855608186701
2023-02-04,14,133,0.20835688995701562
2023-09-24,13,26,0.5250783797675819
2023-08-05,20,131,0.5223789570119609
2023-08-10,11,61,0.8221821455287718
2023-05-23,1,148,0.8379346284512851
2023-05-22,10,14,0.9353118081906111
2023-06-21,24,119,0.14108876608114584
2023-10-13,12,197,0.1530830119794101
2023-05-15,8,77,0.12755945062544982
2023-11-12,19,15,0.12535244534868273
2023-11-17,13,66,0.6066615582360074
2023-07-01,21,16,0.3826438687515983
2023-09-04,8,84,0.2262537683139908
2023-09-13,4,40,0.5051412172253683
2023-05-15,3,134,0.8087215089775059
2023-10-12,17,13,0.44597884668018095
2023-10-01,10,120,0.7532613701608222
2023-01-16,5,160,0.09874967304749516
2023-05-10,25,33,0.4807495259115224
2023-12-19,18,59,0.7560067568244936
2023-02-02,4,58,0.6002446636032934
2023-05-13,23,142,0.6765701129507584
2023-03-18,1,154,0.7787144023599851
2023-07-13,15,95,0.5071943676137227
2023-11-11,24,79,0.6150074848422205
2023-06-29,13,128,0.34610545362306566
2023-03-05,19,109,0.15173413908007827
2023-09-23,20,89,0.03550736517109476
2023-09-23,6,190,0.8998690220063654
2023-02-04,1,155,0.6902666993368611
2023-03-17,17,107,0.008512858876825291
2023-02-28,22,197,0.701552823785278
2023-06-16,5,8,0.3113482193341405
2023-08-25,8,115,0.8043526181547681
2023-02-11,18,49,0.5510042508970737
2023-03-20,5,170,0.5073347075236261
2023-02-01,1,127,0.12878685427629455
2023-11-13,15,191,0.5397371306538041
2023-12-01,7,185,0.34741326879470846
2023-12-23,12,64,0.9340352186159688
2023-12-21,21,183,0.8910039587528172
2023-11-16,4,33,0.06937411794034942
2023-01-13,20,105,0.9678208046424206
2023-06-22,19,171,0.7670297142428741
2023-04-03,20,141,0.1363819118616103
2023-10-07,9,114,0.08563364125677464
2023-05-05,13,122,0.47033495261286296
2023-03-28,12,25,0.04968784431216
2023-02-09,2,188,0.8232105766446319
2023-09-04,20,153,0.10975171820589347
2023-07-30,10,87,0.8855481808768058
2023-07-11,8,79,0.08723192674751101
2023-08-05,1,78,0.011866494600516031
2023-12-09,25,10,0.45251806096058556
2023-12-07,1,148,0.4148878587244246
2023-12-23,15,50,0.40893970661568835
2023-06-27,3,158,0.2978059681380659
2023-10-26,22,163,0.5296746097378502
2023-08-24,19,94,0.24562133116428597
2023-07-08,1,157,0.34442643206369317
2023-01-14,15,148,0.4556318266132733
2023-03-13,12,130,0.4874354460211008
2023-08-10,6,170,0.2616219910145703
2023-07-12,18,125,0.8063944879940158
2023-06-14,3,91,0.9852026429099913
2023-09-29,15,18,0.48228927812993316
2023-12-23,18,25,0.41439201202188136
2023-01-04,25,191,0.8858690029487136
2023-03-08,6,161,0.2301868656372792
2023-04-30,19,69,0.7145047449435038
2023-10-27,19,118,0.21112912475670575
2023-11-09,1,63,0.7466568786379952
2023-07-25,4,165,0.5355279870154892
2023-08-25,20,197,0.6944202453344201
2023-07-19,22,89,0.059710930823842934
2023-07-02,6,157,0.6067532761669858
2023-02-13,5,187,0.34483864184900137
2023-12-21,12,189,0.217856161685955
2023-05-30,18,86,0.4537818945225772
2023-08-15,12,29,0.33575950443633573
2023-05-18,8,172,0.8429951940544488
2023-05-05,15,121,0.7387606329264647
2023-02-08,3,193,0.5169188818770624
2023-03-11,23,138,0.9175040079956911
2023-03-23,15,162,0.5858450813554
2023-12-03,10,90,0.5005474774112346
2023-11-12,7,146,0.5044389094976266
2023-02-26,7,82,0.7920292546895773
2023-04-01,17,83,0.14811119080331703
2023-02-08,2,26,0.703041612423484
2023-02-01,19,122,0.7632494522521338
2023-04-20,15,163,0.6796836015999818
2023-07-01,13,175,0.923211909939347
2023-05-05,17,193,0.16856690747487202
2023-05-30,8,69,0.5622630354694337
2023-08-01,20,133,0.7502749400370272
2023-11-01,23,43,0.29246621956041075
2023-03-12,12,48,0.681203103521578
2023-03-13,17,74,0.37665185959552183
2023-11-13,2,16,0.6577141238201393
2023-09-10,24,34,0.5173261579393845
2023-08-16,8,175,0.23980812489336767
2023-11-25,19,125,0.5179081900281828
2023-06-08,4,184,0.35958039907942496
2023-08-14,7,73,0.5836242657300049
2023-06-09,4,149,0.36937529598375696
2023-10-07,15,87,0.08817101261630755
2023-12-20,8,171,0.21867814113819573
2023-07-23,21,89,0.09170111471662545
2023-08-03,5,80,0.31968408056599185
2023-08-18,13,32,0.7972743771361178
2023-03-10,13,40,0.20900694651701712
2023-03-21,1,66,0.37511096735431904
2023-04-13,21,114,0.5998245972478401
2023-08-02,19,20,0.7689429001525236
2023-07-19,3,171,0.767804218475195
2023-12-12,22,74,0.05155714507115228
2023-08-09,15,1,0.5799411296176425
2023-04-05,17,11,0.2781307139784971
2023-02-16,7,3,0.5241831196794162
2023-11-13,12,135,0.16182949531980717
2023-11-13,16,186,0.6775895909212271
2023-09-17,23,12,0.5269590161710374
2023-09-16,21,126,0.8415329562346138
2023-06-25,7,143,0.9446159796426656
2023-09-07,1,65,0.8173747668129209
2023-11-03,23,43,0.09459980865192552
2023-12-22,5,132,0.6501762916895911
2023-10-03,1,167,0.15137548921087918
2023-03-15,15,39,0.7957844316360733
2023-03-14,5,5,0.6028755351008797
2023-08-12,2,40,0.7916379005403522
2023-07-01,22,5,0.13950584979544367
2023-01-29,16,76,0.5672874724764913
2023-02-27,11,101,0.9246760911995362
2023-05-09,21,118,0.49171539291005684
2023-07-03,4,50,0.9364925393937877
2023-08-02,1,111,0.22460241905657263
2023-02-08,11,91,0.9662024572631251
2023-04-29,14,118,0.9844073619908447
2023-07-31,17,9,0.5711332533759643
2023-11-06,17,149,0.4710093588225943
2023-08-16,24,150,0.7428269952781508
2023-02-15,8,32,0.27994185197582444
2023-01-30,6,185,0.3304547413374027
2023-09-20,3,39,0.01505776550968696
2023-07-09,19,164,0.9399691730169508
2023-11-29,4,33,0.01337352885031684
2023-01-20,25,117,0.12135816726843718
2023-02-12,25,98,0.7001589997184091
2023-08-01,6,18,0.08241177749625617
2023-04-22,12,194,0.7713944668108286
2023-08-27,5,121,0.6836585485375103
2023-01-28,2,110,0.7818574044533195
2023-10-04,1,64,0.33498337279077195
2023-10-25,9,87,0.821576550813284
2023-08-04,18,83,0.443599434393686
2023-08-21,4,127,0.05040416390500224
2023-09-07,9,151,0.35187347616541675
2023-06-08,16,168,0.5540484273193407
2023-10-26,9,144,0.020052073165411355
2023-10-13,23,45,0.5662404171949521
2023-07-22,5,90,0.3334083881318436
2023-03-12,10,178,0.6646278248769889
2023-12-08,24,151,0.2331171072659205
2023-10-30,2,124,0.9338366309948576
2023-11-11,11,55,0.8903656824204401
2023-08-28,21,38,0.9851336937950133
2023-01-07,21,187,0.623765195341698
2023-04-19,12,107,0.6183347444171994
2023-07-01,15,176,0.3550374673464888
2023-06-24,4,147,0.4372968580743679
2023-04-21,7,159,0.6520307504066951
2023-02-12,4,53,0.8461721060243149
2023-04-24,24,65,0.3182207897799597
2023-07-09,20,192,0.37907443388455986
2023-08-12,23,126,0.7508872619668912
2023-08-16,5,51,0.7624968224924145
2023-08-26,7,63,0.3991877866050376
2023-09-11,9,1,0.3690200667749851
2023-02-25,8,24,0.13248232975699947
2023-07-10,21,95,0.9924195771191795
2023-10-14,10,149,0.9097078912570229
2023-12-13,6,34,0.47926911245743264
2023-10-14,24,61,0.008377181697000857
2023-01-07,1,76,0.5481003777248061
2023-11-21,16,32,0.6727002925559894
2023-03-23,25,49,0.3564675958220753
2023-06-24,1,80,0.2460923831028773
2023-04-12,8,133,0.2877406783411105
2023-04-22,5,169,0.2058492765416955
2023-12-29,3,195,0.1265439914378802
2023-07-19,17,87,0.9209631547865157
2023-03-09,3,132,0.6111548114329497
2023-08-07,2,157,0.6641300494323629
2023-07-09,4,62,0.8540814908685187
2023-12-17,22,168,0.8389076098641839
2023-07-12,9,136,0.8856834291382456
2023-06-26,23,93,0.78021879007081
2023-05-04,17,112,0.3621033237675566
2023-10-15,2,6,0.2237354932105321
2023-12-25,12,95,0.7659362263439976
2023-09-18,22,175,0.3871749788884442
2023-02-25,22,62,0.2896451788528729
2023-07-03,10,105,0.1311935693487828
2023-04-15,20,4,0.15245085907421474
2023-03-19,19,82,0.08424374573143145
2023-02-20,10,14,0.6255225293441867
2023-09-29,1,154,0.315920104026018
2023-11-13,10,173,0.02233292658319086
2023-02-10,17,59,0.28848381673653456
2023-01-31,4,60,0.7008383147651059
2023-01-23,1,71,0.07875972623800298
2023-04-24,14,116,0.8210603208519208
2023-04-06,14,161,0.3575130452209111
2023-11-05,11,152,0.7923897490971696
2023-06-11,4,114,0.027667152991957877
2023-11-14,3,82,0.7176092868532687
2023-10-05,1,12,0.1376982927033833
2023-08-30,9,169,0.8609987719438964
2023-02-08,9,169,0.4713010195229008
2023-04-04,20,177,0.9176259738787694
2023-02-26,4,11,0.30895789918154637
2023-12-01,13,159,0.004640133595320672
2023-06-09,16,193,0.33872202961151776
2023-08-31,23,165,0.34424012315501384
2023-12-15,20,42,0.5934106087153136
2023-07-22,1,36,0.19909200495754364
2023-12-31,11,1,0.010545711841251304
2023-12-30,11,138,0.6134217790018308
2023-09-29,11,149,0.7392050919648997
2023-09-10,4,56,0.5014687270118005
2023-07-08,11,26,0.30430466013312185
2023-06-26,25,91,0.09030645649440716
2023-07-16,2,116,0.7929548191747952
2023-01-18,25,116,0.7118140553466178
2023-07-29,21,177,0.7859877498025083
2023-06-14,18,196,0.7440295180128298
2023-06-21,16,118,0.4800283028061946
2023-07-26,19,36,0.43682697746795207
2023-03-06,8,19,0.3425107039901767
2023-12-07,17,150,0.5164583384685215
2023-03-02,19,13,0.45044475768066183
2023-07-19,5,97,0.611288776249064
2023-09-21,19,25,0.3737725297133654
2023-11-10,12,117,0.7814783395032843
2023-02-01,25,69,0.6853446895746436
2023-03-02,8,81,0.523393845813163
2023-08-31,15,97,0.6355870794672204
2023-05-30,25,183,0.11388563768447202
2023-07-11,21,30,0.8977478691376332
2023-04-19,14,185,0.8444851648985655
2023-05-13,21,174,0.0491269780194884
2023-12-25,24,144,0.680676921072934
2023-08-14,10,127,0.3615840137459886
2023-08-17,10,111,0.12408996337334088
2023-12-28,20,180,0.2188362588392161
2023-10-06,12,55,0.690718416833679
2023-05-15,24,141,0.8798871179654616
2023-05-23,4,140,0.26347019441399655
2023-01-21,18,125,0.49477039166068915
2023-05-06,8,141,0.318748922989208
2023-01-25,11,184,0.04027853648594115
2023-06-10,22,129,0.484136706866074
2023-05-03,22,141,0.09538582939864726
2023-09-11,18,5,0.8943463513099653
2023-04-18,17,146,0.06781413073674258
2023-08-11,4,182,0.8982247964708937
2023-01-22,10,94,0.232584066171734
2023-12-09,22,9,0.5705738382681953
2023-09-11,2,111,0.13193580092732182
2023-05-24,15,175,0.8372330074265373
2023-05-31,13,48,0.18156568366523484
2023-03-17,15,86,0.32885554908862125
2023-11-05,7,97,0.9337802500010377
2023-08-02,3,160,0.27962434557717475
2023-02-25,14,153,0.6154753294442417
2023-02-08,21,149,0.6398244742385343
2023-06-15,10,147,0.18189479680990261
2023-01-01,18,165,0.5919745376189334
2023-01-24,9,86,0.807140988583612
2023-05-21,8,159,0.7753447371764803
2023-02-01,3,91,0.3108992702762642
2023-02-06,3,54,0.8992704289538264
2023-09-17,12,161,0.5462040389998846
2023-12-15,4,45,0.7578234655924965
2023-07-13,15,94,0.5279558311481436
2023-03-19,14,125,0.32731935879153073
2023-07-08,11,166,0.8691510802091962
2023-01-20,23,30,0.051134673204039416
2023-10-28,20,151,0.9898052275967542
2023-11-19,19,80,0.38775985050524
2023-09-21,11,190,0.8459721573883691
2023-06-14,2,100,0.07106700834566226
2023-08-03,9,122,0.6472387858559603
2023-07-08,18,106,0.9108990398218773
2023-05-05,11,163,0.19673262968231742
2023-10-24,9,176,0.31937734203516754
2023-11-16,18,74,0.7685601605768496
2023-10-20,4,128,0.6651311071701039
2023-12-08,10,126,0.971301930355002
2023-10-04,2,190,0.12746457249953225
2023-07-25,11,138,0.42400807871638646
2023-06-25,19,58,0.23737760481892678
2023-03-29,2,84,0.39667374914280307
2023-04-13,23,8,0.4011845220227076
2023-09-19,7,126,0.5166302625859776
2023-03-29,20,72,0.9988155291683152
2023-10-21,24,13,0.5589685141570501
2023-07-12,12,140,0.6328679419013367
2023-11-08,23,93,0.47364013465503707
2023-01-28,5,171,0.891771523778484
2023-09-14,18,179,0.6468509648693888
2023-05-12,15,21,0.9761394171031968
2023-05-23,20,78,0.46965492476689696
2023-11-17,23,124,0.006785419567462259
2023-12-03,9,175,0.34659958185579676
2023-06-08,10,118,0.4235913501240214
2023-07-19,13,174,0.43751855967552067
2023-03-27,21,181,0.8745234945793144
2023-11-18,1,188,0.11027842253472586
2023-06-06,10,69,0.03963202848991343
2023-05-02,1,84,0.17106517163788404
2023-06-05,4,101,0.21731583707414182
2023-10-05,3,88,0.3534018781573236
2023-09-24,20,151,0.6352491081053663
2023-09-21,15,159,0.447024139536626
2023-06-13,13,133,0.5985579380994714
2023-06-09,25,41,0.507846137588306
2023-08-11,15,96,0.6053947980941321
2023-07-13,2,118,0.9044233657808707
2023-05-27,5,161,0.5550526989602518
2023-07-25,9,97,0.9167039393620103
2023-11-06,14,38,0.5199309002177891
2023-09-13,15,149,0.24752171197501582
2023-07-08,19,72,0.3897500981249472
2023-08-24,13,8,0.4106365719664601
2023-07-19,7,200,0.0642436412578935
2023-06-13,8,127,0.6177223568668638
2023-10-23,24,51,0.3504997847758755
2023-06-26,12,35,0.6838301624827299
2023-07-15,3,47,0.1311173751154302
2023-12-20,18,165,0.08432547465835738
2023-08-06,2,112,0.49267305936183803
2023-08-19,23,135,0.1350083119531713
2023-12-03,3,55,0.6864807214033539
2023-10-27,23,66,0.21777787387342018
2023-05-09,23,167,0.350914294845766
2023-04-23,23,61,0.860990258625029
2023-11-01,16,155,0.9544904541272404
2023-07-22,6,144,0.4377430301627355
2023-09-19,22,55,0.866719127164796
2023-04-20,7,71,0.34805771097064253
2023-11-09,8,114,0.7504923260228181
2023-05-30,17,119,0.1913855730041899
2023-04-27,3,164,0.9873693987916103
2023-06-07,4,124,0.7282934834837621
2023-11-14,15,1,0.2595468593776965
2023-02-21,14,160,0.11744616150612597
2023-10-02,18,16,0.4011581610324275
2023-08-17,6,43,0.25057467764647945
2023-06-12,24,26,0.5962228347443581
2023-10-17,21,52,0.9514861180543579
2023-09-19,18,183,0.07042392607081316
2023-10-18,3,45,0.7173747491954908
2023-01-29,24,49,0.11176070352532075
2023-07-01,22,164,0.8560532607443195
2023-07-08,20,186,0.8907565196287517
2023-07-04,11,121,0.6336314224935139
2023-06-18,20,187,0.24550032441771907
2023-09-23,8,58,0.7591510571280573
2023-03-11,16,143,0.6768979701047949
2023-04-11,12,86,0.8164036183332282
2023-12-18,7,22,0.10307900053732932
2023-08-26,7,172,0.3430110225626618
2023-10-16,1,10,0.7769442710912763
2023-03-31,15,49,0.7339908279370042
2023-11-27,22,129,0.09658699995382092
2023-12-06,5,192,0.7140872498080643
2023-03-14,6,91,0.8864975938275076
2023-05-13,17,136,0.6719784330796974
2023-09-27,19,171,0.6867715786914338
2023-04-08,14,149,0.7006708824818119
2023-11-16,7,65,0.13633800596035284
2023-02-23,5,126,0.3914816224736095
2023-10-21,12,121,0.002919454655558984
2023-03-04,21,168,0.6004682905924211
2023-12-03,17,86,0.30294234085788285
2023-01-31,11,68,0.0577032019132484
2023-05-22,18,32,0.18147088697023506
2023-12-09,17,88,0.794744807014994
2023-07-14,22,77,0.7193436672084306
2023-04-14,14,28,0.06607831157347599
2023-11-29,23,187,0.7035331012261207
2023-03-24,20,8,0.20071757849595684
2023-03-20,9,118,0.14641430038376524
2023-01-16,17,50,0.521004677484032
2023-12-16,24,151,0.08121928585881655
2023-11-07,24,43,0.6237806692721508
2023-01-12,25,184,0.055028475760036666
2023-05-03,24,118,0.7642061642117502
2023-03-04,21,28,0.3524550828581835
2023-11-27,4,53,0.7064376562835337
2023-06-21,6,59,0.7097590417721596
2023-10-27,19,194,0.3123024400235984
2023-02-03,24,34,0.6477217196829957
2023-09-04,3,161,0.17013827398110437
2023-07-29,20,8,0.9936081925125031
2023-06-04,12,15,0.9373317402594225
2023-04-18,8,181,0.9041741132706977
2023-07-27,23,107,0.6837158856498974
2023-07-29,4,175,0.635647549796623
2023-08-02,16,16,0.19190753531763838
2023-10-20,8,200,0.19908940174727596
2023-11-14,24,159,0.9785937112229324
2023-03-06,16,140,0.7223455105331034
2023-05-25,10,1,0.06597124483224859
2023-08-06,2,169,0.15408639988813577
2023-04-14,4,55,0.9455984649223405
2023-01-03,25,93,0.07024719742058871
2023-01-09,12,67,0.36021023994091683
2023-12-30,16,109,0.22457155955774022
2023-01-03,8,31,0.2696139376850618
2023-01-13,10,98,0.7004987181769291
2023-09-26,15,8,0.6612161114825462
2023-01-06,24,75,0.36743948244026614
2023-01-25,3,63,0.5322260128325479
2023-02-05,24,113,0.1408052040140776
2023-04-05,4,165,0.26995116848356027
2023-06-23,11,158,0.5629566171594365
2023-12-10,22,135,0.6382981637121674
2023-02-07,20,117,0.7376816401532522
2023-06-29,7,120,0.8438976119748406
2023-11-21,21,88,0.9174243656550004
2023-03-27,10,31,0.2926937487952309
2023-01-18,19,57,0.08314967052624433
2023-09-11,3,149,0.10714910472594874
2023-06-12,17,46,0.1092215426413049
2023-09-05,24,44,0.2593284174058549
2023-02-11,15,18,0.004527282515779718
2023-08-06,12,71,0.462706072427305
2023-07-01,21,167,0.19654204583702195
2023-10-28,19,65,0.7534751764737504
2023-12-03,23,46,0.3228162147041189
2023-11-17,12,30,0.45149966443407374
2023-12-12,20,121,0.9480037418155112
2023-11-01,9,41,0.8201740910946307
2023-03-17,3,152,0.4746225816483364
2023-08-18,8,97,0.9038865562764467
2023-09-20,6,193,0.8094776095680334
2023-08-06,13,141,0.4507378330116839
2023-01-08,18,142,0.5591696360666376
2023-07-23,7,52,0.8695636887060705
2023-12-01,11,75,0.667306487962514
2023-12-18,17,110,0.9574185607086424
2023-08-30,19,178,0.9948978908579753
2023-08-22,24,25,0.4261937006872628
2023-12-19,20,115,0.15855321489999663
2023-03-26,14,2,0.6221306039373192
2023-12-31,14,159,0.9616809791029616
2023-12-29,22,97,0.2501541808427955
2023-11-28,19,4,0.2896533300042883
2023-06-16,5,194,0.3372230560213074
2023-05-13,14,177,0.7424641365412528
2023-01-10,14,7,0.5945150947872266
2023-08-04,12,185,0.7825518894649631
2023-04-28,22,76,0.30352087970956365
2023-02-06,24,187,0.042344666900601236
2023-04-17,19,165,0.5191499921204114
2023-10-07,21,43,0.4053714185290511
2023-10-12,23,153,0.7169838804217005
2023-04-03,14,193,0.8142695425093677
2023-02-21,23,169,0.03230835120476383
2023-02-20,22,176,0.5494672202807074
2023-02-23,12,43,0.36126974785844823
2023-12-13,19,21,0.8670051101893969
2023-03-03,21,26,0.3741765965809496
2023-04-17,19,112,0.20569537461402687
2023-03-26,3,110,0.9228367963675956
2023-09-05,19,90,0.5151274033876494
2023-05-13,20,16,0.8262203337918484
2023-04-24,22,25,0.6254218000912373
2023-12-21,11,85,0.3036017392617777
2023-08-19,21,73,0.5383161526964954
2023-01-03,24,27,0.25793487211754695
2023-10-21,23,44,0.05948864751069338
2023-06-03,25,156,0.76906924759721
2023-03-30,3,184,0.3849213752460183
2023-02-07,5,124,0.6661880885750625
2023-04-29,12,1,0.019657274816761827
2023-04-11,23,199,0.5896769501236918
2023-12-06,5,109,0.381584290505264
2023-09-02,11,154,0.9344307827308003
2023-02-17,21,13,0.45948591630166347
2023-08-16,1,161,0.5658614109455136
2023-03-17,17,14,0.13987534205090846
2023-05-02,13,168,0.18283148102132485
2023-06-19,22,160,0.6261602872019992
2023-02-19,2,130,0.7533259746087092
2023-11-30,15,60,0.8797174237711824
2023-09-03,17,14,0.03470798787003204
2023-12-04,22,143,0.5465532147167248
2023-09-13,3,118,0.09797050172278277
2023-10-03,7,100,0.1710184509880649
2023-11-30,20,178,0.4828328940536668
2023-02-26,10,140,0.5942117938786635
2023-06-09,7,22,0.14350589771670275
2023-11-19,25,94,0.7192236688384644
2023-09-15,8,86,0.8160907066446307
2023-08-26,10,44,0.4051979003451692
2023-01-17,12,184,0.41171614091927666
2023-11-05,9,70,0.40046391451408003
2023-09-10,6,41,0.24578874065350464
2023-02-21,21,112,0.6960416640631323
2023-05-04,17,124,0.2682253965456377
2023-04-29,4,107,0.441583759416611
2023-07-22,9,10,0.3625046948343582
2023-09-24,11,15,0.594443470421239
2023-04-11,7,106,0.22742993665237432
2023-09-25,1,111,0.06466997137004205
2023-02-04,8,176,0.7709921700363298
2023-02-13,23,145,0.07816677905949432
2023-10-16,23,192,0.9921797919894726
2023-01-16,19,42,0.19822285436525777
2023-03-22,1,26,0.4478240824327758
2023-02-25,24,188,0.808267160625449
2023-04-06,7,10,0.8947273987388293
2023-09-20,6,20,0.08876297481816409
2023-08-02,6,172,0.19613621106947243
2023-10-28,3,98,0.5944586546337229
2023-12-05,6,34,0.037560225415710136
2023-08-17,17,149,0.07266231727514283
2023-05-31,8,104,0.6854546185594642
2023-05-15,14,62,0.11287294711584006
2023-08-02,24,126,0.4819375975225362
2023-08-18,13,39,0.17650389247487175
2023-01-08,22,56,0.9235081819637386
2023-11-30,5,187,0.4086350058813064
2023-09-23,16,115,0.8442084713839477
2023-01-06,3,170,0.23975844169704685
2023-04-29,15,78,0.1984359866816825
2023-09-19,9,200,0.07767036881411293
2023-01-12,1,54,0.28662088334832725
2023-03-13,13,115,0.08399933384283331
2023-12-27,6,68,0.4043158797374854
2023-06-13,23,125,0.8226805999228255
2023-02-06,7,28,0.3860935059894164
2023-12-25,11,93,0.08279071949732986
2023-11-13,3,138,0.6999720794429887
2023-04-11,11,47,0.8040787147716061
2023-11-03,8,193,0.12682486657760417
2023-03-13,4,178,0.973995410086828
2023-03-06,2,14,0.286961005747708
2023-08-22,15,127,0.7448605861448895
2023-01-10,14,143,0.18091861263668918
2023-11-01,25,93,0.24740457236953317
2023-09-21,5,126,0.6030554732482637
2023-10-11,1,69,0.9907823088757478
2023-10-23,23,157,0.7798359750286321
2023-11-17,1,46,0.9754893759239196
2023-07-05,24,152,0.7911305639516852
2023-10-26,23,20,0.946000598634043
2023-04-27,5,150,0.3234672126327589
2023-01-28,22,179,0.8931998623268386
2023-01-21,3,151,0.02786720225273953
2023-05-20,22,71,0.3913733950739501
2023-01-15,15,2,0.5156308216188358
2023-03-19,17,90,0.9887683354442934
2023-01-31,12,152,0.21442782412466432
2023-09-15,11,13,0.2256877749516616
2023-04-21,9,73,0.6128994850357118
2023-02-26,4,84,0.7031775829257824
2023-01-17,6,127,0.4374937739184984
2023-06-17,22,97,0.649475142297036
2023-03-29,22,132,0.5195551077450207
2023-11-02,4,162,0.10263715365974446
2023-12-18,21,105,0.2477200502096234
2023-05-14,9,179,0.29863006927415947
2023-03-19,17,196,0.25737900371219424
2023-12-08,20,67,0.8115934386348368
2023-10-13,3,50,0.28849661727448817
2023-08-21,20,199,0.23828487739953885
2023-01-13,25,24,0.7668490141045187
2023-05-04,5,146,0.7455500240743899
2023-09-11,19,130,0.4332557792073912
2023-05-13,7,29,0.5280921317901248
2023-10-02,2,159,0.4188552931617683
2023-04-07,15,124,0.8299390465315054
2023-04-16,22,175,0.22350095302709738
2023-08-19,23,27,0.3062036467891671
2023-06-16,4,40,0.5852881024418345
2023-01-04,25,67,0.19456529276191858
2023-07-07,6,15,0.3147568939085189
2023-03-30,20,138,0.9781639095375352
2023-11-22,17,54,0.8502224771026179
2023-05-07,4,69,0.49260021049489333
2023-02-09,6,191,0.07521132774662165
2023-01-20,7,81,0.12650875816805507
2023-03-27,7,163,0.22529780063649818
2023-12-20,11,105,0.3330864667787199
2023-08-03,23,18,0.37297991226279903
2023-08-30,23,18,0.14120890563364819
2023-06-21,12,12,0.39246686430086575
2023-03-21,4,53,0.7693893755925378
2023-08-30,15,74,0.602796364899967
2023-05-10,1,66,0.3818069964618255
2023-12-05,6,111,0.9212480450799001
2023-05-27,3,104,0.2552497875356494
2023-05-26,23,108,0.7256631555995554
2023-11-08,11,109,0.06171647567894223
2023-03-03,9,87,0.20011274291336667
2023-11-06,6,142,0.9902659184317002
2023-10-17,15,144,0.3434400774779981
2023-11-18,21,100,0.5414055132518186
2023-10-10,14,13,0.5196950480456716
2023-07-11,14,149,0.9666872602035084
2023-09-21,3,87,0.3864687923610274
2023-10-20,13,18,0.17205157006469074
2023-10-18,14,141,0.475313776997879
2023-11-06,24,109,0.7263710015947062
2023-02-07,8,106,0.6307803636672319
2023-11-30,6,195,0.25116884680463725
2023-07-26,21,176,0.7557200097246946
2023-10-08,24,133,0.3081246290883546
2023-06-21,22,187,0.10538049117284654
2023-10-20,17,152,0.625514609154777
2023-04-10,15,121,0.7219963092382323
2023-11-07,23,67,0.29052051921620536
2023-10-07,9,51,0.24087927033102385
2023-05-13,6,12,0.7769678121945913
2023-04-13,20,115,0.9184465161725069
2023-11-11,15,186,0.15607037558981207
2023-03-09,8,149,0.12504800009421313
2023-02-13,24,52,0.17300701010268926
2023-02-21,18,68,0.6307022618218392
2023-10-27,16,1,0.20048428598768675
2023-08-26,16,1,0.9618232491069153
2023-09-18,25,155,0.19524230750613025
2023-10-09,20,43,0.17760588786295173
2023-01-21,5,200,0.7230543290333004
2023-02-05,24,130,0.47767502227962455
2023-01-03,24,71,0.27609205163180783
2023-02-20,21,190,0.3531175505390266
2023-02-16,18,69,0.9664443814765812
2023-02-04,22,4,0.47556795450122513
2023-12-13,23,37,0.8831758221235684
2023-02-04,10,184,0.6181993346032058
2023-08-16,8,151,0.6834878032517386
2023-07-28,16,34,0.5000020828627124
2023-02-26,3,21,0.44517758837236276
2023-08-24,20,173,0.6297942732091589
2023-04-30,22,115,0.7329069009187081
2023-02-04,13,162,0.13524337547908893
2023-02-04,14,10,0.20370057852924572
2023-01-27,24,18,0.21168744395795236
2023-12-31,16,46,0.34323419001788014
2023-05-27,14,93,0.6607204253429368
2023-09-29,19,98,0.18206801854243226
2023-01-28,3,185,0.2002088630444807
2023-07-03,14,99,0.27940133343396245
2023-09-09,18,189,0.8952302681571894
2023-08-30,20,94,0.20263283522275588
2023-02-05,20,86,0.40869723428354676
2023-11-15,10,30,0.3602593725729316
2023-12-17,10,139,0.00489066157599094
2023-03-27,4,157,0.30225171952505825
2023-03-02,15,125,0.9975028596594245
2023-10-04,10,97,0.7124433237655345
2023-02-07,5,76,0.851652662204358
2023-11-20,16,164,0.32309599063884475
2023-04-28,22,162,0.6679481042021079
2023-10-24,1,46,0.441265988949474
2023-12-14,16,29,0.6573669729536803
2023-08-18,25,187,0.4920247895509047
2023-01-26,6,155,0.6625982909175748
2023-10-01,24,108,0.033161467182761695
2023-04-24,11,91,0.4307290915569899
2023-12-22,5,158,0.19823105149745557
2023-06-21,12,158,0.3710802395422853
2023-04-25,6,135,0.8069554596757859
2023-03-07,15,151,0.4768082349150191
2023-11-04,20,40,0.9979687386949148
2023-03-23,5,130,0.8921694738083695
2023-10-09,13,77,0.9250437264663877
2023-04-05,20,144,0.9121274814154716
2023-09-30,13,178,0.619301541272188
2023-03-20,12,178,0.6759002675352055
2023-04-10,17,55,0.8202919130856016
2023-04-01,25,53,0.7637494639595398
2023-11-02,5,123,0.2987472577709891
2023-10-30,11,91,0.6813640667145705
2023-02-13,3,192,0.4824240823598789
2023-09-30,17,142,0.4432680740464693
2023-11-04,12,174,0.020456461690793515
2023-12-27,12,2,0.8300099267009123
2023-10-19,17,122,0.17573107532213217
2023-12-07,20,24,0.27424740148385385
2023-09-27,5,99,0.5782259352254343
2023-01-23,13,101,0.2797755941311635
2023-08-27,13,170,0.6582095092458963
2023-07-21,8,48,0.2793506305415361
2023-11-22,4,131,0.8987470722686249
2023-07-22,18,32,0.8743876647428235
2023-10-08,16,136,0.6438797335680357
2023-02-27,7,172,0.021758521653626572
2023-05-12,17,183,0.7726166382079683
2023-07-07,18,132,0.07970343339897712
2023-03-11,17,27,0.22633704422775525
2023-10-27,9,20,0.9835904437901871
2023-07-22,16,29,0.9148041851499469
2023-06-14,21,188,0.9087118717628265
2023-12-24,10,170,0.8633123913020768
2023-04-28,23,185,0.7181734263062092
2023-07-14,9,104,0.11211537291977836
2023-01-11,1,95,0.7683286468518706
2023-03-03,8,91,0.5240963028752678
2023-07-25,6,148,0.4667515979404071
2023-12-21,7,77,0.2998542380326876
2023-12-17,25,104,0.8676258465181459
2023-04-29,1,36,0.6393666603873592
2023-03-29,18,23,0.42748318817628506
2023-09-27,9,66,0.1363929228449523
2023-06-17,11,1,0.18222714160260844
2023-04-13,1,38,0.7719451750267864
2023-04-01,1,126,0.48262235812175525
2023-06-09,25,167,0.04120493534901204
2023-11-24,10,49,0.013013015782861292
2023-11-12,1,129,0.06057894622866544
2023-09-12,25,64,0.8798434984655188
2023-04-14,15,85,0.452149966833578
2023-05-27,17,78,0.3922328594808615
2023-08-12,8,84,0.19549365048526313
2023-02-27,7,27,0.05853403199625884
2023-09-02,21,81,0.9811469250411596
2023-10-24,18,35,0.13999542073707794
2023-04-29,13,61,0.0692400435337901
2023-01-13,3,92,0.015068934466976769
2023-01-09,4,37,0.890492154938897
2023-08-11,1,163,0.5772562672087
2023-02-09,20,41,0.8295631569770642
2023-12-22,12,199,0.20625518782214514
2023-11-16,8,110,0.44386733385425003
2023-04-28,6,190,0.3327500033088304
2023-02-12,16,6,0.569947612923359
2023-09-16,19,37,0.9550896279405139
2023-07-07,23,110,0.2449794922258589
2023-09-27,25,40,0.24358858330623745
2023-05-26,22,99,0.6391715543592197
2023-06-22,20,36,0.047283042300166445
2023-02-27,11,92,0.8441391449617286
2023-06-17,6,92,0.09404930590262461
2023-08-22,12,43,0.48099722437424564
2023-09-25,10,101,0.6552074360216124
2023-03-08,15,13,0.05787119042205091
2023-06-06,19,19,0.9656202061192136
2023-01-17,22,154,0.09288540522846289
2023-04-17,12,97,0.8063089889455402
2023-10-16,8,48,0.9682592384738302
2023-07-11,13,139,0.043746096738221274
2023-09-28,3,73,0.674469951931204
2023-12-15,7,53,0.009774610058633004
2023-05-10,9,160,0.9953992165393046
2023-07-15,7,107,0.30999429193889827
2023-03-28,9,178,0.20739815195773093
2023-08-26,3,200,0.22128701207635615
2023-02-05,19,140,0.8014786105484563
2023-03-29,20,162,0.800482156672603
2023-10-15,20,78,0.2405260964233632
2023-09-18,18,17,0.2434428097510548
2023-07-20,12,13,0.30287355058485466
2023-11-29,15,45,0.7784923692502513
2023-01-30,1,173,0.5040439313073461
2023-02-24,16,68,0.8238799436957898
2023-03-13,23,120,0.7708822655302692
2023-03-23,5,178,0.14871754135473347
2023-03-07,8,82,0.2894769338234442
2023-12-15,11,136,0.11071202301849248
2023-08-23,13,73,0.13573153779471903
2023-11-21,21,56,0.5452193560419698
2023-04-13,7,151,0.6720135431263432
2023-08-14,9,137,0.5328780930880576
2023-12-11,20,41,0.6533286499812687
2023-03-03,4,188,0.4521556216500464
2023-10-30,25,189,0.6966103402885611
2023-09-27,19,169,0.8706394844224774
2023-02-07,6,150,0.3554331759977032
2023-02-25,8,21,0.465095630665338
2023-02-12,19,68,0.6727475869998822
2023-04-07,19,53,0.7882763790127588
2023-02-14,1,122,0.41916111856976124
2023-08-06,13,45,0.3121128294316903
2023-12-02,8,67,0.11659422364184635
2023-01-26,15,109,0.4165087692237691
2023-03-11,6,83,0.08812234270911368
2023-06-28,2,62,0.6562811929908611
2023-05-11,4,110,0.8254481520429627
2023-10-26,3,43,0.17533167741780975
2023-03-13,4,170,0.01782888284635098
2023-11-25,7,19,0.042973327849181064
2023-07-02,6,38,0.6411206077825783
2023-09-17,12,18,0.7934402276049317
2023-02-18,19,106,0.25765583721415475
2023-04-07,22,127,0.206389654853129
2023-07-31,9,172,0.6014044738894508
2023-03-07,18,121,0.0710875314668028
2023-11-27,1,32,0.584772086391049
2023-07-12,6,16,0.13051452979439582
2023-07-14,1,189,0.9848216287331832
2023-12-28,25,152,0.23064670087508365
2023-10-31,10,27,0.48911420653214754
2023-02-07,1,34,0.9375661980105437
2023-03-23,11,123,0.01289193888822826
2023-08-26,11,90,0.01015368196140487
2023-03-02,14,154,0.3013026095269601
2023-10-05,8,134,0.20118118276149222
2023-05-27,25,87,0.3117121636875265
2023-01-09,19,44,0.9904330967593575
2023-08-20,18,188,0.8661369331815163
2023-08-25,13,197,0.11162250645185146
2023-04-25,3,192,0.8072570335520853
2023-11-05,24,32,0.9704883612763329
2023-10-23,2,114,0.4243636928736546
2023-02-09,3,92,0.6505636240266177
2023-04-29,4,93,0.6730735492561807
2023-09-04,23,7,0.7464797357244579
2023-03-12,22,16,0.7474520093764994
2023-03-11,21,65,0.4469968184867392
2023-02-07,21,50,0.9878890993042613
2023-07-07,15,114,0.11095107875126997
2023-07-29,16,40,0.06488046092149413
2023-09-24,19,37,0.3748211057263411
2023-12-01,24,98,0.8331349324527235
2023-07-23,2,132,0.32739565412290594
2023-04-07,8,81,0.03264657658151582
2023-08-26,17,81,0.9405780242989689
2023-12-04,22,133,0.20500297971562242
2023-06-20,24,20,0.6808784463805839
2023-11-14,24,23,0.08423453475015652
2023-01-31,20,95,0.2729331195660233
2023-11-24,15,111,0.9545944563866012
2023-09-09,23,30,0.2988759672011301
2023-05-05,15,149,0.9398377494223619
2023-09-29,19,61,0.012664149326566121
2023-05-07,6,55,0.09386143228096577
2023-09-10,12,94,0.010371508217044356
2023-08-16,20,96,0.19433323138120095
2023-03-19,24,73,0.07297312415935653
2023-04-10,20,20,0.7833385417453236
2023-06-26,15,72,0.23045144453622457
2023-02-20,9,20,0.1613619431409522
2023-05-22,4,105,0.11564218585842934
2023-10-02,18,40,0.6529092980310828
2023-11-24,2,146,0.08557300500186382
2023-07-01,7,8,0.4819730211627171
2023-02-21,25,64,0.532518918972147
2023-10-10,2,154,0.36286787908872586
2023-04-12,25,21,0.2934378472575323
2023-11-27,14,66,0.5434474759982023
2023-03-30,24,17,0.31273899755606505
2023-09-04,11,106,0.7075467704811852
2023-09-28,22,36,0.11223781503942054
2023-01-24,20,35,0.01339069169155771
2023-07-04,7,80,0.17623942873738807
2023-12-13,3,88,0.9820171172184974
2023-11-13,3,73,0.5996921656040545
2023-08-05,10,93,0.24768453320333217
2023-02-02,1,140,0.6401570056628327
2023-07-10,16,54,0.9155576352461059
2023-06-26,16,88,0.9489555157355083
2023-12-15,11,99,0.6863661494245878
2023-08-23,13,157,0.996481604766627
2023-04-21,17,65,0.21875637977541007
2023-07-12,21,158,0.8605611884445992
2023-02-05,25,116,0.500583138589802
2023-01-20,14,7,0.617669842705909
2023-02-13,3,41,0.2178573488828971
2023-04-05,14,183,0.8652178580789992
2023-06-16,11,99,0.6856014113749676
2023-03-28,24,200,0.2608712106443175
2023-10-07,10,177,0.20126289882798842
2023-08-17,11,57,0.7167579933267667
2023-09-06,1,135,0.86264896055502
2023-08-05,11,59,0.5597442566730527
2023-10-21,19,55,0.366479716565162
2023-08-16,9,26,0.1176360908046632
2023-09-24,18,145,0.7356671951947308
2023-01-26,18,199,0.3299420617952361
2023-01-30,24,173,0.6127706787162083
2023-10-06,19,163,0.7148703727505762
2023-05-05,15,82,0.349719176006696
2023-07-26,3,61,0.7496734143361903
2023-04-15,10,32,0.5744713446125695
2023-07-17,20,138,0.5628852531564614
2023-07-19,16,180,0.043474006022316214
2023-09-19,13,57,0.20525171252409868
2023-01-23,10,168,0.9368611924972331
2023-05-12,4,197,0.4205832555996273
2023-05-20,17,28,0.12421973234321115
2023-05-01,24,134,0.16624084841230835
2023-05-29,8,102,0.40973184790308115
2023-07-06,15,64,0.12354912303513099
2023-02-04,11,42,0.609652923813471
2023-02-20,3,176,0.2259469745126661
2023-01-09,23,36,0.9224361884422912
2023-02-04,14,123,0.8826081131838812
2023-01-29,12,53,0.9760190922368632
2023-02-02,12,10,0.5115288298164813
2023-07-30,12,148,0.8709318118465372
2023-05-13,20,50,0.45999850195936887
2023-04-11,11,184,0.7822142130711037
2023-11-12,2,56,0.2103928967191082
2023-12-17,13,30,0.3236656161857365
2023-05-24,25,189,0.6032678629626164
2023-06-10,11,182,0.8956374705967999
2023-10-18,25,195,0.5020237404623948
2023-09-08,1,187,0.1810084488544521
2023-08-02,16,110,0.6824350194694118
2023-02-18,4,30,0.2836540234658157
2023-03-08,14,49,0.8175033873703043
2023-12-19,1,47,0.9015539445667289
2023-07-11,3,51,0.9171966552103918
2023-10-11,15,120,0.4413403707129746
2023-10-31,2,64,0.4751088975286414
2023-05-01,10,126,0.7879821717767853
2023-03-10,13,4,0.46032745740584413
2023-04-07,4,113,0.24163383736407507
2023-05-06,15,72,0.8130426659594054
2023-03-16,6,133,0.19382928912583886
2023-01-11,13,193,0.6025356152017696
2023-04-10,5,156,0.08022796164622104
2023-08-28,1,118,0.21145484647048762
2023-08-01,12,37,0.7626439558695459
2023-05-21,20,21,0.546124072883841
2023-08-08,22,16,0.16958077882306222
2023-07-28,8,149,0.590623549432316
2023-10-28,7,76,0.6919340356778189
2023-08-02,8,143,0.5617267044762163
2023-01-03,3,39,0.7066925535414323
2023-07-17,4,63,0.36727317489821176
2023-02-03,8,97,0.8870476938559008
2023-10-29,3,121,0.7717876696711188
2023-03-01,5,134,0.07227499893490108
2023-07-23,1,119,0.8596271140294748
2023-08-05,13,160,0.06768528867980983
2023-03-03,1,200,0.32056693168473305
2023-11-30,4,42,0.74963499142212
2023-09-26,11,26,0.30911936604049706
2023-10-09,5,111,0.3290287310502358
2023-12-14,17,111,0.2772875940311652
2023-07-01,18,91,0.025451346928250462
2023-06-30,15,28,0.6399681260920188
2023-11-28,15,16,0.038577469262114694
2023-02-16,10,102,0.4549925082988354
2023-10-15,25,14,0.8263354799242144
2023-02-07,9,58,0.46656734462135374
2023-09-24,23,56,0.3568694374555783
2023-07-13,22,185,0.9394606022607168
2023-09-26,16,65,0.7368938963065501
2023-10-04,14,45,0.5338869383215379
2023-12-10,10,119,0.927946123934892
2023-10-05,24,189,0.6477655895222828
2023-05-15,16,198,0.34169368289749114
2023-01-04,4,127,0.8637895555326189
2023-01-31,17,128,0.7928145684325839
2023-11-01,24,114,0.7516308463438329
2023-05-06,18,26,0.025573247647718955
2023-03-13,22,74,0.39649386862548586
2023-05-25,17,57,0.03879287786425145
2023-02-02,8,127,0.12785108792267763
2023-10-06,18,30,0.6002461002844223
2023-03-04,20,131,0.24689939178569564
2023-03-09,20,59,0.2826973415446239
2023-08-19,18,94,0.919186611041002
2023-11-05,8,100,0.11287558978928369
2023-07-16,14,81,0.7622790225303391
2023-04-12,8,33,0.03504822007754094
2023-08-31,23,175,0.41979829047351447
2023-08-18,11,189,0.8052308303062088
2023-12-30,21,73,0.1855426073276647
2023-10-27,9,142,0.6038808177841767
2023-04-27,16,141,0.8190673689630863
2023-04-05,13,157,0.2742606760064905
2023-07-08,5,191,0.7045814212547076
2023-03-01,10,170,0.7286328974390234
2023-02-25,19,109,0.5439962415015621
2023-07-26,23,198,0.23698893662314535
2023-02-01,19,113,0.8087857413445327
2023-06-27,8,36,0.4036514384582315
2023-10-17,2,169,0.07915640646941757
2023-01-12,2,159,0.7065612187632676
2023-02-14,3,28,0.8700798748619162
2023-09-19,1,4,0.733310751647266
2023-11-19,25,65,0.6101209943640642
2023-11-02,21,196,0.4977785780039268
2023-12-08,5,120,0.3526934596675577
2023-07-31,24,184,0.3474448830432617
2023-02-25,9,171,0.24182215801239904
2023-07-25,2,34,0.13396494738857
2023-03-16,11,173,0.025581860186438377
2023-04-08,25,137,0.6797714041162152
2023-12-27,14,138,0.677832355093288
2023-03-04,7,156,0.6815902577182018
2023-04-08,17,171,0.6956475849492926
2023-01-25,13,87,0.5257569002022227
2023-10-10,25,44,0.1057830546962274
2023-09-20,3,123,0.42237500647728055
2023-09-28,1,187,0.4566151247113136
2023-05-06,7,25,0.14416504185943657
2023-04-09,9,131,0.1829593040421924
2023-07-10,4,158,0.9877176215791064
2023-09-07,11,118,0.24283684213386747
2023-03-10,8,163,0.8866659921806971
2023-09-28,12,89,0.17596198658419804
2023-03-22,6,157,0.9268263715417189
2023-08-28,14,4,0.9676978583660611
2023-10-06,1,5,0.019866065338000283
2023-08-17,19,23,0.7988000888684026
2023-11-24,21,111,0.1500314228593539
2023-04-22,2,34,0.19039158600078587
2023-05-26,13,191,0.5953950783764883
2023-02-18,20,105,0.8423831939416809
2023-10-27,10,63,0.05728487271263982
2023-10-13,14,26,0.845356976377691
2023-03-14,11,93,0.010118209486234098
2023-02-02,5,160,0.0495332722284082
2023-08-25,13,75,0.010491312714437817
2023-09-16,25,178,0.5484598164709191
2023-06-26,10,36,0.08301170820212933
2023-07-03,25,99,0.5710373994871848
2023-12-15,17,108,0.9537104812530061
2023-07-14,3,169,0.1449585434218389
2023-10-04,15,139,0.4145264281082922
2023-08-03,17,56,0.18547823797016028
2023-04-24,9,103,0.47138875286326376
2023-02-22,8,110,0.23003508241015502
2023-09-07,21,15,0.02498678024125056
2023-01-13,13,43,0.7916375863737701
2023-06-17,5,115,0.05137153036659181
2023-04-06,8,54,0.9509496874927822
2023-06-04,23,192,0.4046966026779538
2023-07-04,8,114,0.39669000021756406
2023-05-05,22,106,0.15932276550445967
2023-03-18,16,170,0.9775435594442163
2023-12-14,15,151,0.2591260609894386
2023-12-05,16,152,0.8162082380997396
2023-09-27,20,51,0.7173983340528346
2023-08-29,10,8,0.6811501084624663
2023-11-09,19,77,0.24026899805777957
2023-02-16,18,24,0.7136972903967596
2023-11-24,19,150,0.01819799725050364
2023-09-26,6,135,0.5669585802107229
2023-10-05,25,5,0.1146715583458906
2023-07-05,5,163,0.1425903943850515
2023-04-03,8,156,0.9431366317577244
2023-09-06,2,3,0.8364596351859206
2023-02-13,11,42,0.07205526903494675
2023-05-21,4,33,0.7091889447613642
2023-05-19,17,142,0.32569764956608793
2023-04-09,7,136,0.6678207876748368
2023-11-16,4,118,0.4077258810634574
2023-01-01,9,54,0.39026975314313894
2023-11-03,16,152,0.3234109095118298
2023-12-21,7,38,0.17060798128758015
2023-01-19,6,113,0.9076572086393475
2023-12-23,3,154,0.17020108959939573
2023-02-07,1,94,0.898280749236911
2023-05-28,15,7,0.07031584741829933
2023-04-28,19,78,0.8961605609125238
2023-12-13,5,93,0.9604818810879978
2023-10-15,2,74,0.2553678880617265
2023-08-30,11,169,0.8569192627159545
2023-03-04,9,182,0.8368846994797486
2023-03-11,19,134,0.8745275555163502
2023-08-26,25,140,0.23603286299840398
2023-06-22,7,38,0.2659085342779899
2023-08-30,4,81,0.5830245271955857
2023-02-11,9,113,0.06695544894752337
2023-08-16,6,146,0.9181867670301512
2023-05-06,16,82,0.4321343956117931
2023-05-10,18,113,0.7340316746476936
2023-06-06,16,128,0.209136285712897
2023-12-22,14,172,0.0899106719694932
2023-04-19,7,156,0.9118986678817742
2023-08-23,18,15,0.7128983100254221
2023-08-07,18,134,0.49753363561810193
2023-05-02,16,166,0.32570630811054435
2023-05-18,13,38,0.9171229133382108
2023-06-21,22,145,0.5999128871265585
2023-05-04,22,74,0.7475112494969115
2023-06-04,12,11,0.7740683315481323
2023-02-09,7,122,0.7969382444205839
2023-10-18,11,140,0.7852356107350843
2023-01-18,23,20,0.7439101259083695
2023-08-28,20,56,0.21627285007713581
2023-11-03,14,179,0.9016115361780029
2023-08-26,15,109,0.3510208675110079
2023-06-18,19,67,0.2200034616177905
2023-08-14,11,162,0.12043031446911245
2023-04-26,21,171,0.8779226036520864
2023-04-12,18,72,0.9121739582987096
2023-09-09,9,126,0.5415480715224249
2023-02-19,18,40,0.6999894447189235
2023-07-27,4,124,0.8892488166184057
2023-05-17,23,161,0.1445743787740169
2023-11-16,22,9,0.8665497658922833
2023-09-26,24,90,0.02198029987547989
2023-04-15,18,196,0.19731021533397541
2023-05-07,25,167,0.6246512574584092
2023-05-18,14,169,0.42709791838522315
2023-06-29,16,28,0.5456203321196994
2023-10-31,22,129,0.5732066266987169
2023-04-14,14,168,0.8904890385562269
2023-09-19,23,175,0.9071183628027459
2023-11-24,13,159,0.2915743432744883
2023-01-24,4,179,0.0018512802956094365
2023-08-15,23,152,0.42308265978185866
2023-04-29,13,52,0.31641410577380624
2023-08-14,22,58,0.3201747256450578
2023-10-23,18,34,0.7130305044739048
2023-04-13,17,69,0.33030331094822807
2023-02-09,2,59,0.6843336492938653
2023-07-19,4,184,0.40595419968922064
2023-03-04,16,102,0.7272794921554544
2023-08-30,22,80,0.7916375089230162
2023-08-02,9,106,0.5489316156037078
2023-08-17,18,8,0.7518779678581895
2023-11-08,20,135,0.3370908497481744
2023-09-10,18,90,0.4483923645971548
2023-12-07,22,43,0.868579066993214
2023-04-28,18,29,0.051475660369394105
2023-12-19,1,93,0.6610949454595216
2023-09-25,8,115,0.5543036660249693
2023-11-11,25,156,0.7223417396888279
2023-06-23,7,149,0.8849840191182289
2023-05-25,1,149,0.5986721231453289
2023-12-09,22,133,0.17304559532829578
2023-05-14,8,114,0.8435073031415345
2023-09-11,18,173,0.43781805476849545
2023-12-30,25,111,0.39811395340005284
2023-02-05,25,51,0.1521983323048005
2023-12-06,14,164,0.5413005010463017
2023-03-22,12,61,0.748581760209842
2023-05-31,19,77,0.8549342578523937
2023-09-30,20,124,0.43449838481121517
2023-12-29,9,168,0.752605600897862
2023-01-04,12,169,0.156258645860875
2023-06-03,12,94,0.3648589682953436
2023-09-04,3,51,0.43678888587171616
2023-11-28,18,24,0.12677419281293867
2023-09-25,10,109,0.9091716878480454
2023-01-20,9,128,0.2502226415779988
2023-05-23,18,21,0.898079895039061
2023-11-18,8,181,0.3127436189137519
2023-01-23,24,25,0.2949106266396305
2023-05-21,11,60,0.8162056321212436
2023-07-21,21,191,0.6632452364233632
2023-04-12,3,38,0.5278417734087897
2023-02-25,25,63,0.5239225411836976
2023-12-04,24,142,0.3760928339880165
2023-09-30,17,1,0.40810998288431566
2023-06-24,1,143,0.35248081537200304
2023-06-05,20,126,0.7694406368864832
2023-12-23,12,139,0.7194014159179815
2023-09-24,13,62,0.05254463464362835
2023-07-31,24,186,0.21692599170332139
2023-06-07,19,7,0.4529866291066288
2023-07-15,14,60,0.7310255118890854
2023-05-21,11,88,0.4763606628399276
2023-03-19,14,5,0.7260621199293412
2023-07-17,9,85,0.8028879418882204
2023-10-19,7,182,0.8298573277770301
2023-11-14,10,41,0.6520438977487268
2023-04-11,25,51,0.13915077806970266
2023-07-12,12,192,0.5085436533647801
2023-09-03,23,74,0.8751173939692548
2023-08-21,24,110,0.4525996734377863
2023-08-16,21,132,0.8402444725792759
2023-06-29,2,42,0.6334549440094772
2023-11-12,19,148,0.988715395186719
2023-12-31,22,92,0.5160131091845278
2023-02-15,21,175,0.08472052840508726
2023-06-13,17,165,0.9860459622098647
2023-08-26,20,186,0.7456105060924043
2023-07-09,15,70,0.18140779158255615
2023-09-23,16,41,0.8225033135138935
2023-06-03,2,19,0.701982690806553
2023-05-16,22,198,0.7903254286360554
2023-12-06,3,137,0.46928141913606025
2023-04-18,7,155,0.8921707353067018
2023-09-01,9,47,0.7944839132478787
2023-11-08,1,173,0.1936680557050845
2023-05-25,8,198,0.6182259304272525
2023-01-06,22,142,0.9078048461465
2023-08-26,21,87,0.7894532381918611
2023-07-11,12,76,0.9596861924297072
2023-05-07,17,89,0.9333972052425031
2023-09-28,16,27,0.4663660559408299
2023-12-11,6,197,0.3955417351308973
2023-06-20,6,174,0.9615048237293756
2023-05-10,15,91,0.5875547279037959
2023-11-16,17,22,0.7680032008752746
2023-02-20,20,163,0.6688283633659393
2023-08-10,8,48,0.8151266377637633
2023-01-07,5,32,0.4281509178204005
2023-08-09,25,15,0.1009657219919533
2023-05-11,14,66,0.24164817735278166
2023-10-29,15,41,0.4388546590332759
2023-01-23,22,161,0.2580897633292054
2023-09-02,12,197,0.858983211151353
2023-04-07,8,24,0.6506039706137738
2023-10-19,24,157,0.8265389038086582
2023-10-18,8,190,0.12010553858653383
2023-06-27,3,134,0.7832898412053074
2023-03-24,11,14,0.0479074355298994
2023-01-15,18,193,0.5699592482795784
2023-04-24,14,76,0.5079995700667163
2023-11-12,20,148,0.2098607826628407
2023-09-05,21,14,0.7376796782265878
2023-09-09,10,190,0.505739025711956
2023-07-05,4,121,0.9314604836175991
2023-03-23,6,47,0.025040443057894657
2023-05-17,8,191,0.09807310074251463
2023-10-14,4,61,0.9683732515232722
2023-11-25,10,155,0.8691535041009228
2023-01-26,18,34,0.11732872889408319
2023-08-13,18,145,0.7305961400472127
2023-06-22,22,198,0.6341564411388888
2023-06-23,6,172,0.7915726928888104
2023-09-29,10,126,0.25291162867781636
2023-12-13,4,154,0.7685552121309099
2023-05-17,16,60,0.5581594457519247
2023-02-05,16,38,0.5701743893397095
2023-07-05,14,47,0.7014658403605603
2023-08-15,15,31,0.5547482555389183
2023-04-03,15,170,0.5843498551541191
2023-12-15,12,80,0.7893085639815582
2023-07-18,22,90,0.6441223080743056
2023-12-13,14,192,0.12418938890891262
2023-07-26,12,143,0.2037944720632332
2023-09-24,15,87,0.042246237877460735
2023-05-12,3,137,0.013415815013126386
2023-01-09,10,97,0.3542820914566608
2023-01-27,9,175,0.5011690016253761
2023-04-28,24,173,0.11787627036886694
2023-02-10,8,21,0.16255589729796538
2023-07-01,25,62,0.5963075224987625
2023-02-28,24,182,0.005286314322789698
2023-09-20,6,12,0.301125261226897
2023-09-27,4,187,0.16794717062126785
2023-12-17,17,8,0.22504904228536193
2023-08-04,15,74,0.9780861935643967
2023-07-13,17,174,0.7490205928805213
2023-04-02,11,122,0.12385248275455074
2023-01-13,5,158,0.6019482981604354
2023-06-04,20,12,0.6202382656133739
2023-10-16,17,40,0.2058328555979969
2023-10-28,7,29,0.7563108435979442
2023-03-30,16,81,0.07444688821175116
2023-04-28,21,15,0.06542390817930188
2023-10-04,20,163,0.4672515545060616
2023-10-27,21,31,0.3340750117848629
2023-12-01,3,28,0.7454725074434916
2023-09-20,1,133,0.14003497677907473
2023-02-02,12,62,0.060994694912934966
2023-05-16,20,186,0.09388419085313904
2023-12-30,11,161,0.7265636547492405
2023-01-15,9,25,0.5026001971101284
2023-06-30,10,25,0.7246954547705899
2023-09-03,24,95,0.34003831529294937
2023-09-24,17,150,0.0814691078861407
2023-06-30,24,32,0.47353023590592147
2023-01-22,1,123,0.61441116036696
2023-02-08,5,104,0.6337197884720632
2023-11-01,21,192,0.9234364945308079
2023-01-18,4,97,0.297666747866122
2023-11-19,2,37,0.2899054827211779
2023-10-18,18,115,0.35166047798856737
2023-09-18,13,84,0.9840999711647265
2023-01-24,20,11,0.8146202158543667
2023-02-07,1,115,0.18716012078307542
2023-02-13,5,79,0.421383716510236
2023-12-04,5,115,0.6196865904157453
2023-03-28,16,158,0.33641144533073464
2023-03-30,6,200,0.3339757137808408
2023-11-14,10,7,0.544143551881288
2023-10-13,12,70,0.651697036822073
2023-11-08,12,23,0.6588313188848584
2023-09-12,10,3,0.3445944437992765
2023-09-11,24,54,0.7200888108919261
2023-05-21,7,162,0.3059953736577681
2023-12-26,21,77,0.6094326763940144
2023-02-07,5,86,0.19878260824310123
2023-07-04,20,189,0.8754260025589234
2023-01-26,23,29,0.7246841976282268
2023-04-16,19,66,0.016893260349569617
2023-12-13,8,117,0.4166794072424461
2023-06-21,15,80,0.4386452404320925
2023-08-29,23,180,0.8363577898855982
2023-12-22,18,61,0.2965530644902369
2023-06-03,13,120,0.02004879751922406
2023-10-06,13,140,0.5156488051603688
2023-05-07,5,184,0.7504570741665976
2023-09-25,24,179,0.1367344238010092
2023-11-21,1,113,0.8264657369751671
2023-03-13,14,166,0.5278472881746793
2023-04-23,23,151,0.40764292847962824
2023-08-14,9,187,0.09517588660228782
2023-09-27,17,10,0.637517295709522
2023-05-22,17,23,0.8060371399536882
2023-02-10,17,63,0.1936484348249371
2023-12-01,24,63,0.24262684124103118
2023-11-21,21,110,0.9164034508818079
2023-12-30,23,118,0.4979417436977781
2023-10-20,17,192,0.5019756789760642
2023-03-30,12,160,0.43987321145943703
2023-07-15,7,4,0.803389063977068
2023-04-14,15,187,0.3698935506624156
2023-04-02,6,20,0.19230095636080446
2023-04-19,3,110,0.36618636623994694
2023-12-04,25,191,0.8017330327489989
2023-10-16,24,162,0.7252909690510458
2023-10-19,19,4,0.7659660852645234
2023-09-14,13,115,0.8276168236921432
2023-09-01,25,65,0.7144535012376677
2023-09-29,17,136,0.2561387792539327
2023-06-17,1,91,0.0893302968415921
2023-12-10,11,3,0.4804668227645016
2023-07-14,25,90,0.46182161896170926
2023-06-11,16,33,0.33135164441507425
2023-06-27,15,77,0.51486255259015
2023-06-02,14,118,0.14840503391246163
2023-02-22,3,46,0.3261549556382868
2023-09-23,20,186,0.9342670011165567
2023-10-30,14,123,0.800434648735251
2023-07-20,9,174,0.2771922190556104
2023-08-28,25,64,0.9563826856014844
2023-06-23,5,12,0.3896461849222327
2023-11-02,20,184,0.21926149477460066
2023-07-08,17,138,0.29706501630239923
2023-05-03,18,172,0.5096543055374763
2023-11-30,7,72,0.8768996661254959
2023-04-17,6,72,0.7355096423857885
2023-11-14,25,62,0.23192308600603506
2023-10-10,21,148,0.7723515630454836
2023-08-30,20,16,0.0010049572578383348
2023-07-05,10,75,0.4599054000914896
2023-11-20,19,77,0.8316258599910793
2023-08-29,23,141,0.5692541867747855
2023-11-17,5,62,0.47265022977804616
2023-05-22,20,163,0.7152521782384914
2023-09-01,10,129,0.8967297119953321
2023-10-02,15,32,0.838090069165746
2023-12-17,20,47,0.20426510001310139
2023-01-04,12,163,0.9688091467367428
2023-06-22,21,99,0.536851059457458
2023-01-22,22,104,0.89623580646077
2023-12-24,25,62,0.4731270016099829
2023-03-25,9,193,0.4224824814950783
2023-11-16,6,143,0.7300473758675745
2023-04-02,21,47,0.17543320346099
2023-08-31,1,57,0.23633788248368637
2023-12-18,4,113,0.09579308886903659
2023-04-17,12,92,0.9008523448887316
2023-07-27,15,72,0.8188479215587317
2023-01-29,4,13,0.47099391504737487
2023-01-28,6,111,0.0383306088963159
2023-04-08,14,146,0.37422041220266666
2023-06-25,25,169,0.05969932300981329
2023-06-26,9,181,0.5331487671495879
2023-06-05,13,83,0.04745041412902984
2023-11-09,16,192,0.5076868227780565
2023-04-28,20,147,0.4719443778930601
2023-08-12,2,14,0.37109653879387117
2023-10-10,10,186,0.9196011189042734
2023-08-12,18,10,0.32753086096351414
2023-04-26,7,142,0.12037152018868713
2023-09-28,4,83,0.588899176409655
2023-10-21,7,27,0.13212902888233058
2023-08-03,17,46,0.0885384546350837
2023-08-18,23,117,0.16095172263153168
2023-12-06,18,183,0.982509850963164
2023-06-21,2,149,0.6811631214623312
2023-08-08,22,79,0.6513899402610753
2023-04-19,1,99,0.97347008993666
2023-12-12,18,131,0.7778707652065495
2023-12-21,23,43,0.5015117654905238
2023-10-18,6,67,0.5857629115351131
2023-09-15,16,19,0.508584970106742
2023-11-22,5,62,0.44075516209461796
2023-07-04,8,102,0.5311953664532818
2023-11-09,1,109,0.6425652131753219
2023-04-02,12,121,0.5082559795935775
2023-03-02,5,39,0.6966939429609329
2023-06-18,9,152,0.7842512361464588
2023-08-21,1,97,0.7268554333526257
2023-08-03,15,173,0.45474599135421356
2023-01-30,25,84,0.8255636545578241
2023-04-11,2,180,0.4734642929376015
2023-08-16,2,85,0.6654251426056748
2023-04-04,5,183,0.5527630260168508
2023-03-12,3,105,0.9821726817958955
2023-09-25,4,14,0.19393974844154627
2023-04-07,19,67,0.9479818551806567
2023-12-26,17,59,0.48396685956768215
2023-06-27,13,190,0.34029908853892066
2023-11-03,25,196,0.13615148840099145
2023-10-18,22,190,0.18016180632397583
2023-11-26,5,12,0.9191871661277837
2023-07-13,3,104,0.1404622295033342
2023-01-21,7,200,0.3159873006573378
2023-09-23,9,200,0.9592570688311007
2023-02-24,16,184,0.4675278266596893
2023-04-14,21,107,0.9931512844605382
2023-05-23,12,16,0.42279981166326197
2023-05-08,23,82,0.43664964172417964
2023-08-26,19,55,0.11936525332765802
2023-01-05,15,102,0.8967782652076163
2023-05-22,18,66,0.18628627365095585
2023-11-14,21,11,0.89196222227745
2023-10-05,6,115,0.33227528985909915
2023-01-28,18,147,0.7628869440297273
2023-11-20,16,25,0.5326574892050105
2023-12-02,4,89,0.3742584020188273
2023-07-11,8,177,0.7530338395832402
2023-09-07,25,83,0.47542962496510366
2023-09-10,18,102,0.8454566044689497
2023-03-24,1,120,0.2017511303401036
2023-01-29,21,180,0.6579093051075942
2023-04-11,24,170,0.3789607339571821
2023-10-04,9,85,0.8192694024326522
2023-08-24,3,113,0.5692052742281294
2023-06-18,25,199,0.7165865919480728
2023-01-21,16,2,0.1769616103078817
2023-01-20,10,66,0.35484708490952466
2023-03-25,15,13,0.1287807355649434
2023-03-21,6,177,0.5863507717580875
2023-07-13,8,9,0.5859675172192098
2023-05-04,7,53,0.15763240146775104
2023-02-02,7,86,0.45083432672413026
2023-11-21,4,124,0.9595929767609943
2023-05-20,7,174,0.47186534605188124
2023-06-09,18,5,0.8449836646561065
2023-11-10,9,148,0.021239746923219838
2023-12-18,22,170,0.9724418832803231
2023-12-06,23,61,0.9239932042642338
2023-11-20,3,163,0.3932173027382948
2023-08-03,2,65,0.03527650839305674
2023-08-03,23,163,0.9185518265493026
2023-07-10,17,197,0.15133674370382866
2023-01-11,5,23,0.44375978234196534
2023-09-26,21,93,0.6270728976514774
2023-11-24,19,84,0.268434423569863
2023-09-10,6,147,0.18877749834562174
2023-07-26,2,118,0.02194179934847207
2023-09-28,10,131,0.9150935016124334
2023-04-03,10,88,0.7431792368039281
2023-10-24,17,176,0.9599989916982983
2023-12-24,6,176,0.8203796948967518
2023-09-23,21,185,0.17555377889026536
2023-10-10,1,99,0.37244025783906054
2023-03-24,10,103,0.9834010149823716
2023-09-03,12,115,0.9689309892148309
2023-01-08,21,146,0.02000211936809082
2023-12-12,15,100,0.35624077202753435
2023-11-07,4,48,0.5260283854607762
2023-08-14,4,142,0.23417111177069627
2023-08-10,13,24,0.9590154547209937
2023-03-28,23,69,0.6208559211283405
2023-02-21,10,180,0.7790792398232631
2023-01-03,23,34,0.020597974243313555
2023-11-26,20,153,0.4413415437414423
2023-12-16,19,171,0.1365544697164004
2023-11-26,17,116,0.24849249461729495
2023-09-06,22,58,0.2988599316969589
2023-01-07,12,8,0.15038035600133515
2023-08-29,15,61,0.4334602736194262
2023-03-02,8,156,0.9702618452345672
2023-03-28,12,184,0.9834534343926749
2023-05-12,16,14,0.6155088409860571
2023-11-26,15,11,0.5365300643570823
2023-04-16,17,85,0.8200041408858839
2023-10-30,15,90,0.7375352966139853
2023-03-02,1,127,0.9532569631191452
2023-08-13,20,150,0.9559133833528831
2023-01-30,11,170,0.7090713431004617
2023-10-24,3,116,0.9940553522705311
2023-04-26,4,193,0.6146377946005344
2023-10-11,20,131,0.6667979974995194
2023-04-25,1,117,0.052291297270775194
2023-09-04,2,89,0.6194938637035086
2023-02-20,24,144,0.35749727856054225
2023-06-10,23,8,0.9900555727585648
2023-03-17,1,6,0.7430065969719332
2023-11-24,3,152,0.682676423054702
2023-03-11,5,193,0.38769644571256157
2023-05-08,8,110,0.016184783981759154
2023-05-12,8,58,0.3763948034207426
2023-04-08,9,58,0.43691085434783705
2023-06-13,25,21,0.8428814736827427
2023-07-28,4,44,0.08720669644516055
2023-04-26,20,3,0.8266781441329815
2023-08-29,9,124,0.27121561250450443
2023-10-10,9,135,0.7437804832836028
2023-02-15,3,118,0.344114667374978
2023-03-15,9,31,0.183227262147588
2023-02-02,11,35,0.4009297759065239
2023-04-13,19,116,0.7970151381861673
2023-01-23,11,93,0.6738000846073361
2023-08-11,23,75,0.2928171692420797
2023-05-13,20,85,0.547519433142359
2023-01-15,16,128,0.6636387011877349
2023-06-20,17,171,0.10145104668725413
2023-08-13,21,86,0.3742178036516808
2023-10-29,25,200,0.2564722087501923
2023-03-20,25,106,0.14405725497589972
2023-05-23,11,114,0.9319066891916836
2023-01-29,13,127,0.6590352327492363
2023-01-28,1,36,0.8151519820098616
2023-07-04,21,127,0.2629953114676076
2023-02-14,15,185,0.10055221959736493
2023-08-04,21,126,0.11820804675074426
2023-10-31,14,114,0.0598177791223613
2023-08-08,16,100,0.33057418792685234
2023-12-22,18,189,0.7032137403885164
2023-04-30,7,39,0.18217385638578798
2023-12-26,25,112,0.8809424627970794
2023-05-17,12,168,0.5691551141405106
2023-10-10,15,167,0.11969378186505553
2023-10-25,22,67,0.6819904899618876
2023-08-01,23,173,0.7749788605229205
2023-05-14,22,32,0.08729401007561655
2023-06-19,13,43,0.5727000601445447
2023-09-20,14,81,0.5419180407832407
2023-12-05,6,85,0.8116693428843018
2023-06-28,4,41,0.7165597681627135
2023-02-17,25,30,0.07379060533834703
2023-01-12,18,158,0.4958838488596833
2023-07-21,13,110,0.0346476887883147
2023-06-19,7,190,0.3757916138268259
2023-09-25,3,108,0.47239072896641177
2023-05-12,16,52,0.9725319196417098
2023-10-18,1,131,0.960827834754744
2023-02-21,8,172,0.5167725435837859
2023-01-18,19,1,0.9432969749745272
2023-12-05,17,16,0.3320366442347036
2023-07-07,4,69,0.0829366414865812
2023-03-03,6,150,0.24053747481055843
2023-01-03,20,186,0.3739480422605782
2023-11-13,21,54,0.5055120543459197
2023-11-27,2,176,0.16227580428006516
2023-10-25,24,142,0.7267581713937444
2023-05-06,25,53,0.7203605041791534
2023-12-17,4,121,0.8517434921389273
2023-04-02,9,193,0.7654049157111624
2023-06-28,9,55,0.9042266951299008
2023-05-20,22,95,0.20582343925743374
2023-03-24,16,182,0.9642358736628255
2023-04-13,1,104,0.5926169892048385
2023-12-31,2,135,0.28046175173102705
2023-08-27,11,4,0.7162858497278086
2023-03-12,10,49,0.14699998980534423
2023-11-04,22,5,0.4486986001511042
2023-09-20,21,34,0.10867228923047201
2023-01-22,23,41,0.8564466871818509
2023-03-13,10,7,0.5163810881636494
2023-07-31,15,134,0.7718999415203959
2023-05-09,22,135,0.8338975845771537
2023-10-28,5,176,0.02915072091586368
2023-11-14,3,183,0.4252806026403303
2023-09-18,21,62,0.5610307056827244
2023-10-05,25,197,0.7612156256982158
2023-03-03,18,94,0.2914164800869764
2023-06-23,2,29,0.37224186461011144
2023-12-29,6,149,0.21042529744908622
2023-02-24,13,100,0.4736522563291987
2023-12-28,3,59,0.012069897383044759
2023-06-13,25,101,0.009712766397682038
2023-11-06,17,198,0.569471615619481
2023-08-03,5,194,0.3283091572314246
2023-11-23,23,153,0.7877351211533399
2023-09-25,25,162,0.19891542904084858
2023-02-26,4,115,0.5815390683543168
2023-05-05,3,196,0.2596008377091079
2023-02-26,19,96,0.7684753881230948
2023-06-24,8,7,0.11379316863089273
2023-12-17,16,104,0.2678681106771349
2023-11-14,8,39,0.1748812390075578
2023-01-06,10,71,0.8924732784796826
2023-07-10,16,157,0.7625601140062965
2023-12-23,17,78,0.3756879052777887
2023-11-06,16,43,0.3198812160341792
2023-08-27,14,58,0.1386560685092133
2023-11-29,9,181,0.3085311565082466
2023-04-25,12,87,0.25207633814299435
2023-12-06,8,157,0.11087877379806554
2023-05-12,14,61,0.22035849535639085
2023-10-01,1,38,0.028224321413694464
2023-09-15,2,147,0.5813811368966886
2023-03-30,9,9,0.4683369906108985
2023-09-06,7,147,0.39328059480366373
2023-07-03,15,103,0.4520221413421295
2023-08-04,14,6,0.9823120308126099
2023-05-21,4,57,0.2725425551002082
2023-06-26,16,141,0.5913819882682038
2023-05-11,5,168,0.09124769032844449
2023-02-03,14,79,0.9672636254907847
2023-06-15,11,88,0.7111838625728294
2023-10-13,23,48,0.6094873494896672
2023-04-07,1,87,0.32431886138504284
2023-02-07,19,104,0.0913156181129654
2023-11-10,11,100,0.9476583900083465
2023-11-25,16,4,0.5570509540338144
2023-06-30,7,85,0.6252879457352718
2023-01-16,5,62,0.6459803395700386
2023-05-12,3,106,0.7323427653132261
2023-05-02,10,144,0.3266215944629406
2023-01-24,10,85,0.3756612649433245
2023-01-21,10,54,0.8207683646485864
2023-08-06,25,143,0.2843968467593855
2023-07-25,16,48,0.024141915186632446
2023-07-13,1,2,0.47396304133839384
2023-09-22,16,13,0.13918205098992464
2023-07-04,13,11,0.27279225683009156
2023-06-03,14,56,0.36854726440343977
2023-04-24,6,125,0.0954486411859643
2023-09-28,21,116,0.2551881662750326
2023-06-23,13,85,0.1564834331559951
2023-08-14,8,48,0.16274201191496585
2023-11-09,1,121,0.5141191752069203
2023-04-16,21,66,0.1323223695391833
2023-08-15,3,58,0.4823495110941278
2023-09-18,10,122,0.866682194046638
2023-01-25,18,199,0.33369921005859293
2023-04-21,25,35,0.5543764380406253
2023-03-20,12,69,0.02358632020122675
2023-06-25,17,97,0.03592158945819035
2023-04-30,15,200,0.6985683926462807
2023-01-02,23,21,0.3518291391219822
2023-01-04,22,197,0.25118396563088874
2023-09-09,11,200,0.08366403306299663
2023-11-25,25,104,0.44961640480065734
2023-01-19,6,81,0.46144762648497584
2023-03-30,2,183,0.5154100750180048
2023-09-21,10,196,0.3158908224917143
2023-08-03,15,124,0.29913687521485643
2023-04-23,21,193,0.302265608766875
2023-04-30,4,117,0.7268501311487601
2023-08-17,11,43,0.7283221206297098
2023-05-02,9,185,0.9547309997365563
2023-09-13,5,52,0.6124444611705308
2023-11-17,14,19,0.1756040172322375
2023-01-18,17,8,0.7405319849935295
2023-05-08,19,113,0.11469945711041374
2023-09-05,3,184,0.773339413385798
2023-02-25,21,19,0.3258563075606362
2023-07-07,8,67,0.82797741307503
2023-10-01,14,144,0.6382310243859978
2023-04-06,14,61,0.8690925075217785
2023-10-08,22,49,0.6208238686015112
2023-11-07,6,20,0.12132188530643895
2023-02-02,18,157,0.44896582260675344
2023-05-28,3,159,0.9994107433798717
2023-10-21,16,16,0.7666783872082531
2023-05-13,23,73,0.906875584919418
2023-08-06,20,132,0.7310674944182517
2023-08-15,24,1,0.637067603359397
2023-05-06,14,51,0.39714117719283903
2023-02-14,20,184,0.2900916839753759
2023-07-04,12,13,0.06914871147420187
2023-10-15,9,158,0.4628754970975627
2023-01-23,18,194,0.6221523496034829
2023-05-15,10,25,0.9886687082128013
2023-03-25,22,177,0.157162533655535
2023-01-31,8,4,0.14200862336466225
2023-08-27,2,29,0.8147646939994395
2023-08-15,11,79,0.140146769866483
2023-01-16,21,29,0.4164079528281055
2023-09-23,1,32,0.6654327545959883
2023-01-06,3,62,0.43556612191158917
2023-08-19,18,173,0.11012080361313803
2023-05-05,1,109,0.26546104497193634
2023-11-28,2,176,0.6677971633191356
2023-09-17,5,158,0.4492632585202938
2023-07-12,4,33,0.5809072982390923
2023-12-29,2,147,0.7529783978253307
2023-05-07,10,48,0.7592441551059379
2023-03-11,10,170,0.6429146673867397
2023-05-13,10,123,0.06605667649762603
2023-09-16,6,126,0.2455687473041286
2023-08-23,9,135,0.5470727420749822
2023-01-10,24,9,0.3938620446322648
2023-12-22,9,175,0.8154081286668838
2023-04-12,19,181,0.17081238445804725
2023-10-12,18,150,0.012709547657697606
2023-06-12,20,49,0.2270359250085534
2023-12-03,5,130,0.5931229940060188
2023-04-02,7,92,0.11230898097322928
2023-02-17,21,58,0.43562918524747885
2023-07-30,14,12,0.1293941092721772
2023-02-12,5,161,0.20815687276132322
2023-03-25,5,29,0.5961676168430802
2023-04-03,10,148,0.2923216108189759
2023-09-04,22,152,0.44958149667223357
2023-04-22,18,140,0.4109205853960528
2023-06-15,15,96,0.20928182554581165
2023-03-19,15,119,0.8566471760253204
2023-08-11,17,173,0.8062857945116242
2023-05-07,4,5,0.5332882831382024
2023-03-10,7,195,0.22191850280021708
2023-09-23,25,159,0.7320598468124233
2023-03-21,25,198,0.0854290889475331
2023-12-12,9,7,0.8959936880647452
2023-02-01,7,30,0.3286908126303041
2023-12-20,17,94,0.44304025360724286
2023-06-08,3,41,0.21153570379333209
2023-03-03,24,141,0.5389708498291352
2023-05-02,10,8,0.9554380591943856
2023-09-05,3,78,0.8109448029153311
2023-12-31,6,124,0.08990116881204346
2023-09-17,19,83,0.3895841415744462
2023-08-28,25,38,0.18577920655291735
2023-10-31,10,61,0.7813652938341882
2023-08-26,19,62,0.6982156904339776
2023-09-25,9,16,0.8594395496345255
2023-04-12,13,85,0.9762871982245828
2023-09-19,1,169,0.16368123902950849
2023-01-22,2,150,0.23875079865397653
2023-09-11,15,60,0.4876792089877623
2023-11-15,22,106,0.7080825249627996
2023-03-07,8,18,0.7441294845493845
2023-05-24,1,188,0.6712624003480788
2023-12-11,7,41,0.18435618869705983
2023-03-18,8,14,0.0703504557788579
2023-09-07,9,121,0.6986014069659244
2023-02-10,25,199,0.3107300540485033
2023-12-29,18,105,0.08388738457993106
2023-07-18,7,186,0.16721965927284166
2023-05-01,5,48,0.41069080262837176
2023-02-11,13,102,0.9175200791712077
2023-02-15,19,55,0.5972136644994962
2023-12-26,18,28,0.037541685567451855
2023-04-27,20,44,0.6763967176063472
2023-06-10,25,170,0.32036490483327296
2023-03-13,8,72,0.19711572411516587
2023-10-25,25,2,0.8406773646295976
2023-12-03,15,153,0.3583764805929909
2023-08-17,6,85,0.4658387281139058
2023-06-24,13,87,0.6720918166029097
2023-10-16,13,195,0.626648853861381
2023-11-12,22,192,0.7584233639458424
2023-04-19,15,35,0.7965838699763064
2023-10-23,18,76,0.5963293032644605
2023-02-26,2,194,0.3622505359730761
2023-07-02,6,147,0.5172625960965237
2023-07-11,2,93,0.7668925987385161
2023-06-14,9,4,0.8215740437073308
2023-11-18,18,79,0.7635194132896888
2023-04-29,12,146,0.3353424773320709
2023-09-10,2,106,0.37236700332976436
2023-01-18,4,36,0.7802992184647559
2023-07-26,25,74,0.6256599292121582
2023-04-08,16,109,0.8060701464152137
2023-08-23,15,62,0.23603279652941955
2023-03-04,10,155,0.1529164577807851
2023-01-11,17,91,0.41372248549239954
2023-12-13,8,16,0.7635033592084208
2023-10-26,15,116,0.9624425136487951
2023-06-04,7,33,0.7488360854930547
2023-11-16,12,63,0.7282867314141821
2023-04-18,24,67,0.3045853975558328
2023-03-15,19,143,0.6354707592353775
2023-11-05,8,29,0.5750180095554063
2023-09-16,25,141,0.1239249182093689
2023-04-20,21,153,0.6766029469256225
2023-05-26,24,115,0.27179600317574615
2023-03-31,14,138,0.814694083046874
2023-12-18,8,104,0.6760118835763756
2023-11-21,1,78,0.8915709775656923
2023-08-28,9,27,0.024512459377782347
2023-07-20,14,138,0.6128713005730742
2023-02-18,22,49,0.2097482028979999
2023-12-26,21,162,0.29138084399159303
2023-05-29,4,11,0.8761030682977572
2023-04-14,5,185,0.262673439668484
2023-12-16,9,183,0.7063975629419683
2023-05-21,12,70,0.45405429403345887
2023-09-23,23,133,0.8391609188318441
2023-04-29,16,154,0.3589685364645261
2023-03-28,21,188,0.1471521354310804
2023-02-12,4,156,0.31530659824987173
2023-12-09,6,123,0.9284763904606571
2023-04-27,5,139,0.10492283913921863
2023-05-08,21,47,0.8033672149868979
2023-04-27,25,100,0.4274713255115151
2023-11-29,10,80,0.7338768775459011
2023-10-02,21,57,0.4068588361611575
2023-05-21,18,89,0.24694703751919622
2023-06-23,19,157,0.42470184160655056
2023-09-01,5,70,0.4142834421557421
2023-05-19,3,79,0.27045440154440015
2023-06-13,8,158,0.4204006746311775
2023-10-20,2,143,0.3214003744584777
2023-12-02,3,28,0.8768143797994268
2023-12-28,2,51,0.7161201905988118
2023-01-06,22,167,0.9752940271481182
2023-02-18,2,158,0.9637334418494268
2023-06-28,22,48,0.6515231512909851
2023-08-16,17,67,0.9233334745255729
2023-12-03,1,128,0.9101061350412836
2023-01-18,23,165,0.5281217526494959
2023-03-20,9,6,0.8203236087688102
2023-11-05,18,140,0.9135007573004381
2023-06-13,5,198,0.8382551061391003
2023-09-02,13,128,0.27064687899776596
2023-03-27,1,193,0.5788937343146174
2023-11-26,21,141,0.5108381811349906
2023-12-01,7,137,0.2652646234651693
2023-10-04,11,161,0.19022828844197814
2023-05-04,11,196,0.34189036888881696
2023-09-01,6,40,0.41085899966977024
2023-02-02,4,173,0.5681643313629721
2023-04-20,19,5,0.5152508222611308
2023-12-17,2,193,0.9209998372144984
2023-08-12,5,54,0.2208495212499244
2023-02-09,19,96,0.08752536623015361
2023-10-22,13,110,0.18531394865825235
2023-04-05,21,130,0.7641049130972208
2023-12-31,12,81,0.09836671199749003
2023-03-01,8,61,0.20111553456523557
2023-01-24,11,7,0.41177284378443046
2023-01-18,21,39,0.9433760675506176
2023-12-26,1,73,0.11528017641280985
2023-10-07,19,121,0.3360830655442394
2023-05-11,2,54,0.1293152566321456
2023-10-13,9,118,0.28111557616808325
2023-07-01,20,183,0.038440651751867616
2023-06-17,19,36,0.33748641753927633
2023-09-16,3,122,0.9554228190309236
2023-12-08,4,188,0.7087095860342274
2023-01-11,13,27,0.4252492222490982
2023-06-27,1,101,0.0063811892824765515
2023-06-18,3,110,0.8650974237720124
2023-10-16,10,103,0.3465684569227182
2023-04-08,17,117,0.2579891345060784
2023-02-16,10,79,0.29495719330443526
2023-11-30,22,176,0.6451571772639484
2023-09-06,16,82,0.19893328110636
2023-08-14,25,134,0.8389553973690231
2023-02-09,2,21,0.6912582234251238
2023-06-15,16,10,0.5380228806299472
2023-08-08,6,126,0.4963602913821875
2023-12-31,15,171,0.37029142754778166
2023-03-15,16,57,0.4367189575396976
2023-10-12,24,166,0.6487888289778323
2023-10-05,24,33,0.5633411834271335
2023-11-09,10,110,0.5712967148179107
2023-11-24,13,136,0.10660574779744536
2023-02-17,2,163,0.8089079229983197
2023-05-22,22,166,0.7449026474673788
2023-06-16,13,141,0.9785489045788734
2023-12-31,2,61,0.39820155630143717
2023-05-09,21,6,0.46581506860109
2023-04-11,22,61,0.4236375688712588
2023-10-28,14,58,0.07210582327545412
2023-06-13,5,8,0.01536176688153057
2023-10-26,19,195,0.8297999130107453
2023-05-05,22,156,0.21396257820762377
2023-05-24,24,167,0.14615799047693423
2023-10-09,9,167,0.29293980240137774
2023-05-26,2,131,0.05687352050837213
2023-12-17,22,167,0.8850806047920285
2023-05-05,19,183,0.9849916610796878
2023-06-05,18,68,0.6260953914940964
2023-04-19,19,79,0.8783906980039597
2023-02-28,6,151,0.5596448312577517
2023-07-12,16,79,0.7077367041210043
2023-09-17,2,50,0.23550816186552725
2023-10-07,23,167,0.7075254107523276
2023-08-10,23,82,0.8210986315714074
2023-07-01,11,101,0.18092482475668648
2023-09-23,25,178,0.14636315839601577
2023-12-01,22,140,0.10729460629266008
2023-10-14,7,173,0.561892029342751
2023-04-21,11,19,0.04185582561820966
2023-09-04,15,70,0.011500606269128855
2023-02-03,18,1,0.04432989971418866
2023-01-03,6,84,0.9027266975630399
2023-07-16,6,157,0.4184159535985099
2023-04-01,23,33,0.3416224113254309
2023-05-25,18,143,0.707258065519328
2023-10-09,12,171,0.5113185946793615
2023-05-08,18,160,0.3987425770333429
2023-03-02,18,160,0.7496151872490375
2023-09-18,15,169,0.965106312600052
2023-05-28,5,142,0.48557939277991546
2023-06-13,12,143,0.8160330491608605
2023-05-06,1,58,0.589461729701383
2023-10-25,24,136,0.5012487218763991
2023-02-12,11,28,0.9639150040932143
2023-02-28,18,49,0.6809150101254301
2023-03-07,1,135,0.8475603912343826
2023-07-26,9,154,0.3053580330515583
2023-05-10,13,99,0.6191582583765421
2023-12-04,16,181,0.5627852010995149
2023-12-11,13,81,0.9474481020115073
2023-11-19,21,35,0.20990096473532882
2023-08-16,2,10,0.49452568216239934
2023-08-17,15,12,0.7171153313946255
2023-02-11,19,91,0.6975539259193718
2023-02-27,19,66,0.5115891577344105
2023-12-10,10,159,0.5410736495942453
2023-07-11,4,69,0.07165075555749623
2023-02-05,17,78,0.7983889186014885
2023-01-28,2,175,0.6046544571769609
2023-09-25,25,158,0.7714458665992386
2023-03-18,2,47,0.26602533820997165
2023-06-14,6,66,0.30068178947506174
2023-03-27,13,105,0.2791162970123483
2023-04-20,8,114,0.47507215776034817
2023-11-10,13,28,0.7363425745850454
2023-06-28,21,81,0.9129558683975638
2023-07-09,1,140,0.6276491456118132
2023-07-24,24,83,0.49040837317248154
2023-10-21,13,92,0.34310894851134865
2023-07-17,16,80,0.17339742813472225
2023-05-12,24,3,0.15820277310167652
2023-07-05,18,100,0.8582150430715084
2023-04-07,8,85,0.40706829393174027
2023-05-27,21,66,0.7068700869671702
2023-02-05,11,115,0.36837817850150245
2023-03-21,6,162,0.515947585629009
2023-11-10,8,184,0.022220166081626136
2023-04-01,13,105,0.9660393341773437
2023-10-27,19,109,0.9907164045437696
2023-12-29,5,45,0.7510539633638084
2023-04-02,21,156,0.5551661059780697
2023-06-15,22,145,0.05913910716055448
2023-07-29,19,80,0.7854720960673663
2023-08-03,5,131,0.3969123394937837
2023-01-30,7,188,0.45856556444415253
2023-09-06,11,168,0.13804155079906466
2023-07-29,9,170,0.6057816999781075
2023-04-11,8,94,0.8238936562388255
2023-09-26,25,79,0.3154951744160932
2023-05-14,6,72,0.30454900530707096
2023-06-07,4,25,0.022097006956172227
2023-06-28,14,72,0.2396660472684362
2023-08-27,14,9,0.9593634916251849
2023-11-07,3,175,0.5371897612333102
2023-09-13,21,120,0.58989670449419
2023-08-20,4,153,0.3567958377206183
2023-08-15,4,183,0.9051085423895439
2023-08-13,23,130,0.3663114062385303
2023-02-06,16,160,0.14832262403807317
2023-12-15,2,197,0.8932551050882036
2023-04-17,25,118,0.4904027047745404
2023-09-02,24,189,0.9291886232957991
2023-01-04,11,92,0.13204778593327482
2023-11-19,2,140,0.6870351943584757
2023-09-29,3,142,0.6263447858509925
2023-02-05,10,6,0.9887004294113712
2023-07-13,25,36,0.2950104724935796
2023-01-09,24,102,0.265042160282542
2023-04-15,5,183,0.661480165012778
2023-06-22,8,111,0.0012070350209268943
2023-10-17,25,28,0.26631874473194217
2023-12-20,15,41,0.7034165756823902
2023-05-19,20,135,0.16634587550969382
2023-10-03,9,2,0.2816954466480487
2023-11-23,12,12,0.2652089937217904
2023-03-04,4,78,0.31913848064174233
2023-05-14,14,125,0.9380092027221619
2023-05-07,10,183,0.8507513031788385
2023-04-12,10,139,0.947720271402831
2023-01-03,9,92,0.9166867537347183
2023-07-20,15,64,0.014961591115637884
2023-06-12,9,185,0.035176276091396064
2023-07-31,1,34,0.25134315498123794
2023-04-07,7,52,0.6905385595458312
2023-04-17,3,177,0.19946754647486664
2023-06-24,5,66,0.025239706075426138
2023-08-28,22,195,0.7844781574165116
2023-11-18,16,132,0.36474382138220807
2023-01-05,12,150,0.020646733059613065
2023-08-25,25,149,0.029704376937054078
2023-01-01,9,171,0.8242150373410623
2023-03-10,14,181,0.36604775779761267
2023-01-03,8,36,0.47673802537075016
2023-01-27,8,194,0.880611653215918
2023-08-10,21,36,0.8373333626084705
2023-03-21,8,190,0.29589088137223585
2023-07-23,20,130,0.004718307431668234
2023-07-17,1,33,0.47273575284497416
2023-11-19,10,7,0.7874883410849721
2023-05-01,15,64,0.8255030256032897
2023-07-17,1,162,0.7421174988090544
2023-01-12,3,141,0.330546855405743
2023-03-23,23,195,0.12093432812175153
2023-02-04,23,130,0.061767041398171574
2023-10-21,16,43,0.32090515915741713
2023-10-28,4,178,0.2916177318627575
2023-08-31,4,143,0.8585663347968074
2023-04-05,21,140,0.9972842401537552
2023-10-30,4,8,0.34516631573377565
2023-04-17,4,177,0.23577453263026138
2023-02-26,3,34,0.19822222676877865
2023-03-08,5,130,0.09550243307615702
2023-04-21,10,196,0.18935213542857354
2023-08-30,4,21,0.7164310280985929
2023-03-16,16,92,0.5511312302469384
2023-12-01,21,58,0.49873711794880105
2023-09-18,21,112,0.35183434773203803
2023-05-30,21,196,0.9021117121675709
2023-10-29,13,118,0.06347793767374066
2023-01-14,6,83,0.6843013830856819
2023-01-16,25,92,0.1743239818055401
2023-05-14,1,36,0.5808135781404413
2023-08-05,5,199,0.005661320555987892
2023-07-10,13,119,0.14892558508187548
2023-07-14,9,200,0.985008197537249
2023-12-07,9,86,0.9670268482026082
2023-06-08,7,129,0.8468711728437547
2023-03-05,22,148,0.531432629476708
2023-03-16,4,5,0.6303359204970064
2023-12-02,6,20,0.9966917265160009
2023-12-01,10,125,0.6083407153436008
2023-07-18,12,120,0.25939051330493135
2023-09-04,10,98,0.9939976541183781
2023-10-10,15,127,0.6921619655896089
2023-12-04,21,178,0.07098183596517049
2023-02-28,15,123,0.8804828351706256
2023-10-30,20,96,0.8010340155194633
2023-09-08,15,4,0.8778005886633685
2023-07-31,9,66,0.8457354096977929
2023-01-22,10,188,0.4908079041731561
2023-11-01,6,2,0.0702602962197898
2023-08-29,2,87,0.23467253949681532
2023-09-22,16,164,0.40314995108651164
2023-03-13,7,33,0.6223926446588531
2023-09-13,21,198,0.7682262993671765
2023-08-27,1,59,0.04020868739429795
2023-10-08,22,30,0.8351952490357106
2023-12-20,22,154,0.7826112257232544
2023-09-10,8,159,0.6730978217336904
2023-11-28,13,179,0.9801171941986697
2023-10-28,22,76,0.5051166169627815
2023-12-17,8,150,0.35519680094094463
2023-01-24,18,191,0.8084464761315738
2023-03-22,19,93,0.33704971908595716
2023-06-02,15,44,0.6948510159181659
2023-11-18,8,177,0.24008099984939513
2023-06-02,22,59,0.6197523912020403
2023-10-13,19,162,0.8735227907342771
2023-09-14,16,50,0.20101706393901952
2023-06-27,21,39,0.4872225591343443
2023-09-02,20,136,0.7080989719422482
2023-09-13,19,7,0.6967065675026233
2023-06-15,19,67,0.7818133462375422
2023-09-05,22,73,0.1282396147902115
2023-09-18,2,140,0.8829465737869318
2023-04-08,22,9,0.13333737943550328
2023-08-31,20,45,0.1387533936732882
2023-09-05,13,6,0.7025934446694895
2023-10-07,21,165,0.3478440336208384
2023-02-04,4,60,0.4239131844517694
2023-12-22,8,195,0.018759553213754998
2023-02-06,11,163,0.6277257376597808
2023-09-09,3,137,0.41074541589153013
2023-03-22,13,5,0.20192075289940692
2023-07-18,19,189,0.3375978247712508
2023-10-03,5,102,0.41722191852948143
2023-03-09,12,95,0.6486609204319754
2023-02-09,19,180,0.6980063912585853
2023-02-03,2,53,0.6851965953397873
2023-06-23,8,63,0.5202183860780641
2023-01-27,11,54,0.9585265077019292
2023-12-21,4,178,0.8714937173370415
2023-01-31,11,172,0.5056415955060919
2023-11-16,17,87,0.3597376516444254
2023-12-14,3,19,0.12145802754981172
2023-06-20,16,165,0.45342889996335967
2023-06-24,4,160,0.9650719132037201
2023-04-21,25,158,0.8533074403244356
2023-09-10,17,48,0.3558847680026459
2023-12-25,24,139,0.023271429778846775
2023-10-03,16,184,0.8567554820700289
2023-04-23,11,117,0.95145873225024
2023-09-27,19,92,0.8678518288625677
2023-07-09,18,46,0.9399560084590322
2023-06-01,24,124,0.7538832432302278
2023-03-11,24,59,0.6832676846821717
2023-07-14,18,101,0.11079804682802852
2023-10-26,2,83,0.5614088528634428
2023-06-15,24,107,0.49581387420985124
2023-08-08,7,7,0.6547765998548752
2023-10-24,23,64,0.4441465693144603
2023-03-01,11,6,0.6322012405093899
2023-10-06,17,15,0.620105428313769
2023-06-10,25,16,0.9611193393017969
2023-10-14,6,172,0.14739544081538103
2023-09-10,14,62,0.5511905239211958
2023-01-16,25,134,0.8383270774395422
2023-09-08,13,14,0.5467364746539302
2023-09-21,18,112,0.4248796699148589
2023-09-19,23,6,0.6216353828157031
2023-11-12,17,14,0.7972437876060727
2023-03-26,8,100,0.9418158992857805
2023-10-24,4,136,0.07422899951600359
2023-02-21,4,64,0.9864164000917369
2023-09-01,15,8,0.05223275379220438
2023-06-20,22,141,0.8727262295144241
2023-08-19,22,20,0.9477102171083965
2023-03-21,24,23,0.09855889417930308
2023-03-07,23,166,0.4666410442945206
2023-10-26,17,147,0.806848678372153
2023-01-12,2,112,0.5889220871190973
2023-06-27,24,143,0.21180485621586842
2023-08-15,6,58,0.306788823536398
2023-09-05,15,117,0.503215492628828
2023-05-03,14,138,0.9939769010856927
2023-12-16,22,172,0.15663585462770768
2023-05-10,2,150,0.2266917938607652
2023-06-08,4,18,0.2511359968786967
2023-06-17,17,71,0.8879003426798934
2023-07-09,20,183,0.49714235481778046
2023-03-19,6,181,0.08570961079304196
2023-06-09,25,152,0.43199007502650766
2023-03-21,16,184,0.2872297252354321
2023-05-21,24,82,0.30550966054641726
2023-09-07,25,111,0.44955200423880026
2023-10-22,24,25,0.007892763384441559
2023-12-02,1,75,0.47733830834817836
2023-10-01,2,72,0.11718784399066817
2023-10-01,22,21,0.7098208566293472
2023-12-06,20,70,0.6259747335467826
2023-05-22,7,114,0.7261021219075895
2023-11-18,21,143,0.3516827442935483
2023-03-05,17,176,0.13969464635277995
2023-06-28,21,133,0.8749320278507304
2023-01-04,9,59,0.3950909571600896
2023-02-17,11,132,0.8836571409227527
2023-08-27,25,154,0.03224434915923813
2023-12-28,16,148,0.253770252919579
2023-04-03,23,161,0.8006394897445439
2023-07-18,19,21,0.9384441243974502
2023-07-06,11,184,0.45317384810501926
2023-12-30,5,65,0.9034661439258004
2023-07-28,11,180,0.12420087771635513
2023-01-27,21,78,0.5553364764578984
2023-10-16,5,31,0.45532860944304543
2023-07-03,19,21,0.15030269826334153
2023-03-27,20,189,0.24748456522914097
2023-06-29,1,49,0.7085500478211286
2023-08-22,16,8,0.095568357707422
2023-12-10,10,61,0.8714080617879812
2023-11-26,24,192,0.5712154076683417
2023-04-30,19,120,0.11734962625936474
2023-02-04,10,47,0.2667815862404628
2023-09-23,7,107,0.696753013363564
2023-03-30,9,192,0.5785693813956048
2023-05-27,5,149,0.7150303544337429
2023-01-09,24,67,0.623198987581808
2023-07-27,16,79,0.07124083141382098
2023-11-25,18,132,0.14111853940334895
2023-05-23,8,131,0.4191838986914487
2023-10-27,4,45,0.0632522553611976
2023-09-13,17,160,0.09522568809352672
2023-05-14,22,126,0.460859414478318
2023-02-18,5,91,0.6809095536118739
2023-10-06,5,99,0.7723095893932289
2023-12-09,7,36,0.9867003286283487
2023-09-30,4,180,0.5763440552400347
2023-04-01,9,44,0.9161514683397267
2023-11-26,18,68,0.5140086171844852
2023-03-07,18,42,0.8569256845374561
2023-05-20,12,2,0.4151094647326039
2023-12-29,10,41,0.3665349476961042
2023-09-29,15,172,0.027808146278290424
2023-05-06,20,108,0.2366549870572997
2023-12-03,5,2,0.5026199039752659
2023-07-22,2,14,0.4448092925845314
2023-05-24,8,92,0.10302576720090939
2023-01-13,7,101,0.3204299202562707
2023-05-21,22,13,0.7649113481504133
2023-02-15,7,39,0.33343601181347127
2023-11-14,19,26,0.7055433210657173
2023-12-19,18,180,0.6163392818004705
2023-11-15,1,88,0.5660570649517802
2023-09-20,9,176,0.48506176112581845
2023-02-21,22,143,0.9422248269188154
2023-10-18,18,9,0.7746126553428689
2023-05-11,16,81,0.3452952149667389
2023-10-09,15,51,0.963969332734999
2023-11-27,12,128,0.24915638856098066
2023-07-01,19,191,0.9522440573040875
2023-04-27,23,11,0.9362875963438846
2023-12-29,5,105,0.6597193901043503
2023-06-28,19,171,0.1359295834333799
2023-09-09,22,128,0.2105250881942593
2023-05-29,19,21,0.47810165704388885
2023-03-08,15,22,0.2669426584859871
2023-01-04,20,104,0.40746429766863357
2023-08-26,16,143,0.7335350247936988
2023-08-16,21,155,0.8750182577110952
2023-10-10,3,75,0.9064639342588184
2023-11-03,17,154,0.09143592476167739
2023-03-27,9,12,0.05092462412318266
2023-10-07,25,12,0.8368509242289506
2023-10-21,10,26,0.44308719402741803
2023-01-14,4,55,0.6178156732959426
2023-06-29,7,11,0.9321898705353986
2023-01-31,17,26,0.23243583040091542
2023-03-31,1,69,0.37392256310970995
2023-08-20,8,108,0.0010553595954695405
2023-02-15,13,191,0.9129791504052409
2023-10-20,7,120,0.23910965327271372
2023-10-30,4,135,0.7644446966563915
2023-10-24,1,26,0.9575738376452441
2023-11-06,8,123,0.653435269905549
2023-09-02,1,67,0.31732592516273317
2023-02-01,8,59,0.5689891438968336
2023-09-16,20,125,0.3021301451301124
2023-06-26,8,39,0.5454473211473425
2023-07-05,18,160,0.9513882223258534
2023-10-25,7,125,0.7407278993174794
2023-03-02,2,97,0.02436818797153617
2023-09-15,9,94,0.4906756734199389
2023-04-13,19,67,0.8463369668872899
2023-02-07,8,195,0.6925956356167493
2023-07-17,24,64,0.11259841121398229
2023-03-29,16,17,0.8864132924034842
2023-05-21,24,19,0.30358128304140575
2023-09-22,22,156,0.22812921520474028
2023-04-14,19,167,0.32807836293308446
2023-10-20,5,154,0.0779045094485753
2023-05-09,22,163,0.8798359684156967
2023-10-31,17,136,0.5337461102711247
2023-04-12,4,24,0.4314273390066584
2023-09-28,18,37,0.35681184549979805
2023-09-03,15,172,0.6431239650185018
2023-11-30,24,58,0.0020320196058120077
2023-02-15,7,107,0.03916242835728467
2023-10-03,16,193,0.955918861777105
2023-04-21,3,15,0.18105934469040263
2023-10-14,15,190,0.12989556059052887
2023-03-06,10,33,0.5197813693178754
2023-04-30,24,200,0.5740076279383011
2023-01-05,25,139,0.15295255826275422
2023-06-14,14,150,0.9545720968599305
2023-07-19,14,108,0.8839136863329581
2023-08-20,7,68,0.2764137529792059
2023-10-30,9,171,0.9816571460972753
2023-12-11,2,88,0.18121288571787608
2023-03-10,24,45,0.3638600076435021
2023-09-28,22,181,0.04768746486161668
2023-11-15,25,87,0.854681011630773
2023-09-26,8,129,0.15596641314699144
2023-11-21,1,60,0.12900591744796652
2023-09-26,4,80,0.6737037666775028
2023-03-10,6,64,0.6565441314226333
2023-10-13,20,194,0.08250756517831703
2023-01-01,17,179,0.9132086678864691
2023-01-29,13,43,0.8098100382070641
2023-08-30,8,106,0.03875160793648891
2023-02-27,21,180,0.8326293684594254
2023-03-22,10,121,0.472977986683046
2023-11-09,4,190,0.6535326505968284
2023-01-26,10,41,0.5997390470423016
2023-06-30,9,112,0.6919365115281866
2023-02-04,22,34,0.1293130400383351
2023-10-16,23,111,0.6496684274115303
2023-05-07,17,37,0.12910181209549043
2023-12-30,15,80,0.020609280446842737
2023-01-23,8,192,0.17280946687439136
2023-05-24,12,123,0.1501891410291707
2023-06-07,15,169,0.600557395612063
2023-12-09,8,79,0.37561521419050314
2023-02-01,23,182,0.7942897462172311
2023-09-17,17,160,0.7496462665006202
2023-12-10,20,11,0.415089788734165
2023-10-12,16,79,0.9346707687767205
2023-01-20,25,188,0.6243002364314097
2023-05-10,2,44,0.7894837038111095
2023-11-11,13,63,0.157710283211006
2023-01-19,10,88,0.6765768951589788
2023-01-22,14,34,0.629787044022631
2023-01-21,15,147,0.8353490292732731
2023-10-13,16,199,0.4451782816161469
2023-03-11,11,129,0.13309077120203439
2023-09-17,10,135,0.004128847143681669
2023-04-12,6,134,0.884092467506356
2023-08-14,6,152,0.014997803687474609
2023-05-11,6,169,0.19526166330299155
2023-05-13,13,105,0.7001261322484146
2023-02-01,7,75,0.4941308446600299
2023-08-24,7,39,0.048805083830270046
2023-06-05,23,158,0.22715257841052483
2023-08-09,17,32,0.7403820823609607
2023-02-01,7,36,0.8627971765650508
2023-12-22,7,149,0.3440756772227065
2023-05-21,9,57,0.2604033808993528
2023-11-06,17,88,0.12269795040521603
2023-04-01,24,186,0.3480137942892668
2023-01-28,3,55,0.28414188500599247
2023-02-17,7,71,0.2628248096949981
2023-05-28,8,136,0.08479979071505683
2023-03-18,22,42,0.16386494986724787
2023-09-06,1,44,0.7019355505776799
2023-10-12,19,195,0.35817609293013286
2023-10-02,22,165,0.46029864271041976
2023-12-21,14,46,0.2868857204012686
2023-05-14,8,119,0.000993936763191594
2023-08-18,4,77,0.5039665026087877
2023-09-17,19,140,0.6625494623109003
2023-07-06,3,185,0.928252646479062
2023-01-11,1,24,0.38074676822254183
2023-10-22,19,30,0.4006443323378591
2023-03-26,3,168,0.7619396967826858
2023-03-20,13,2,0.7793430912685511
2023-11-21,4,106,0.5186723039826312
2023-07-29,16,162,0.9807931584714006
2023-08-15,7,178,0.1697345993415007
2023-07-08,11,74,0.13971708471556432
2023-02-05,15,70,0.3613930810701639
2023-12-06,22,70,0.01083209342996927
2023-05-27,22,190,0.5353393845367804
2023-11-11,22,3,0.7144830843981308
2023-09-07,21,150,0.8448804907469172
2023-03-17,16,1,0.0873167981721582
2023-09-23,20,36,0.8085378097174365
2023-08-19,10,95,0.47187931708858943
2023-04-19,10,14,0.060958725581195417
2023-08-14,18,200,0.3605156201538303
2023-04-09,4,175,0.18709751953490306
2023-05-14,15,164,0.6518469768844828
2023-09-22,3,24,0.5701911339868398
2023-12-01,21,148,0.5977191018275175
2023-02-24,21,176,0.08276127342887785
2023-11-04,4,51,0.618336566208009
2023-09-11,20,60,0.8969519957348929
2023-02-24,23,1,0.18381574830911673
2023-11-07,25,173,0.29757534946206643
2023-03-17,14,4,0.0785191156050058
2023-07-14,8,176,0.7981414263587275
2023-05-30,23,65,0.03828545952445184
2023-10-25,1,33,0.24117667652919594
2023-07-29,3,182,0.6939514538890367
2023-09-16,15,103,0.2044974474702148
2023-07-31,4,72,0.04435686383697868
2023-03-22,14,35,0.8105730274482037
2023-02-10,16,37,0.30184834588821596
2023-07-14,24,193,0.04670794778802223
2023-09-12,5,49,0.7628732792103766
2023-11-22,23,195,0.512473721227926
2023-11-15,12,170,0.580710074689901
2023-01-15,8,100,0.8074741130256888
2023-07-08,18,163,0.30642697048058853
2023-07-29,23,98,0.5898961896627336
2023-07-01,16,138,0.11500014741246123
2023-05-04,2,11,0.18750656934416732
2023-05-08,12,55,0.3199788236247052
2023-07-18,4,78,0.05311898941662718
2023-08-28,21,110,0.7265835879402484
2023-01-06,20,14,0.15566929985676692
2023-07-16,19,7,0.6090427325127393
2023-07-23,15,200,0.8371055605994016
2023-08-14,17,56,0.3565087764402449
2023-08-16,11,180,0.4772195171272757
2023-05-22,16,196,0.7812879700424453
2023-02-18,1,75,0.27112754796425986
2023-01-05,4,104,0.54219009394961
2023-06-08,15,98,0.6205993161289491
2023-10-13,17,195,0.2526613063042019
2023-08-11,23,159,0.9650026393103496
2023-10-07,10,137,0.1898228531937558
2023-09-21,14,71,0.705509718702812
2023-01-17,11,39,0.4667889458250072
2023-04-28,16,133,0.6178939606981387
2023-08-27,21,11,0.2875788298698181
2023-07-27,2,196,0.15001501606873613
2023-03-11,7,122,0.9454506987177729
2023-08-14,21,199,0.7604069412260828
2023-01-08,2,181,0.0012931802568014739
2023-05-11,19,172,0.8083997490437428
2023-07-11,18,23,0.976482920466378
2023-08-02,14,144,0.6452418148840391
2023-02-26,24,140,0.583605274110659
2023-11-20,25,93,0.24085535314559237
2023-01-02,4,24,0.5857784377987859
2023-07-29,23,107,0.5497016984177241
2023-01-14,12,69,0.48982927118751207
2023-05-30,23,60,0.2038053372160269
2023-01-30,23,49,0.48977664302754986
2023-04-30,11,83,0.5530141072244015
2023-07-08,23,170,0.540055111328453
2023-06-12,14,10,0.759444490497931
2023-04-16,23,86,0.4359295679239352
2023-01-22,16,184,0.3135609348260531
2023-03-01,19,151,0.5453062674085344
2023-09-01,14,127,0.8524581164030959
2023-11-30,1,1,0.4364254989734262
2023-08-29,4,86,0.6485881908594586
2023-02-25,16,17,0.01610351212895178
2023-01-20,21,180,0.7336388061391844
2023-10-13,18,179,0.29073336649065684
2023-05-02,23,29,0.8236861639761958
2023-12-04,9,181,0.7464923328656671
2023-11-09,6,140,0.051106963532725036
2023-08-08,16,125,0.15928346395818627
2023-07-25,1,21,0.4025447054034266
2023-06-22,5,159,0.9675699465918023
2023-03-01,7,139,0.7800116230230866
2023-11-29,24,107,0.5421875434639801
2023-01-09,9,51,0.6544775600965461
2023-08-19,9,70,0.0825758615033827
2023-09-20,5,46,0.02244713248011332
2023-11-12,25,55,0.1708755114785333
2023-08-01,7,25,0.8220445622379216
2023-04-09,6,15,0.6048323471408509
2023-04-26,22,106,0.929898580188726
2023-01-04,1,22,0.9532565214254769
2023-03-25,25,143,0.8417296762947385
2023-04-12,4,30,0.07968041115658708
2023-09-12,11,58,0.2710872555487942
2023-03-11,5,41,0.955096301138404
2023-11-28,19,147,0.5333545263823151
2023-12-22,14,96,0.6042640160010031
2023-08-18,13,195,0.9654739196374372
2023-10-13,8,197,0.27116840171900014
2023-09-06,14,194,0.9953865823371881
2023-08-12,6,181,0.023202997568337547
2023-11-07,19,43,0.4291956440127771
2023-07-20,19,1,0.5695770126532358
2023-10-23,25,45,0.8713364019957365
2023-04-01,3,64,0.916752705251547
2023-10-01,10,17,0.2817120172580174
2023-04-10,25,195,0.9013660586585611
2023-01-18,15,125,0.32504784676473675
2023-04-01,22,112,0.6400651011418105
2023-04-04,8,199,0.02895223309329431
2023-07-21,21,193,0.8948892780542139
2023-04-02,9,121,0.6534548438147755
2023-04-29,13,172,0.34493407760743633
2023-01-27,18,93,0.43458977528041465
2023-11-10,8,137,0.7284258052762379
2023-06-16,15,178,0.7172164373040952
2023-03-10,9,140,0.5171243581043423
2023-09-18,20,165,0.02802972179905916
2023-03-24,14,190,0.016010391729193163
2023-09-17,24,174,0.5422204183799796
2023-04-11,2,160,0.7769864075399793
2023-09-05,24,19,0.7673310895263284
2023-04-29,21,71,0.7259322197338758
2023-09-20,17,134,0.06374708869951029
2023-09-09,9,124,0.7673379468398406
2023-01-21,12,141,0.3404485232703548
2023-10-18,1,163,0.8797401593079022
2023-08-20,2,86,0.09664293961674353
2023-05-05,18,3,0.7493500334502078
2023-06-05,21,44,0.008088840620745108
2023-02-14,14,136,0.2121138033047989
2023-09-28,8,85,0.18208263578568973
2023-05-17,20,110,0.7101053262968652
2023-12-26,7,73,0.68980928311837
2023-09-04,7,178,0.3620730730083872
2023-05-28,16,158,0.03562053437268431
2023-12-18,12,38,0.8867680472793371
2023-01-14,15,125,0.3630519777847848
2023-02-18,9,183,0.25933597630924143
2023-12-23,6,136,0.10527266915648048
2023-11-07,2,103,0.784640605330763
2023-09-01,23,64,0.020409614320217706
2023-01-15,23,142,0.8535516175270181
2023-03-14,23,50,0.9444655330964089
2023-02-23,10,17,0.5162020227240277
2023-06-03,12,80,0.6037710432949897
2023-01-27,5,161,0.28926637301373637
2023-03-03,22,80,0.5486030295077415
2023-05-20,4,178,0.5436751900898594
2023-03-08,14,143,0.743235085419398
2023-12-14,14,86,0.2001887400069281
2023-04-23,15,30,0.7924875752119355
2023-12-21,4,58,0.491690213686763
2023-02-17,8,80,0.4003002039762674
2023-01-17,8,70,0.5327150635514691
2023-10-20,1,135,0.1680996130813115
2023-09-26,23,197,0.4236337143657166
2023-12-02,16,123,0.5925515802842443
2023-03-17,21,87,0.3309899495934052
2023-10-01,25,50,0.5269115636490327
2023-11-29,8,194,0.5744049918562741
2023-06-26,22,181,0.6810069837617906
2023-11-30,19,162,0.8868274891696212
2023-11-15,4,162,0.31373085087810715
2023-03-11,20,116,0.08030492210727147
2023-12-15,10,57,0.3443870781880727
2023-05-12,1,129,0.6553508121513552
2023-01-12,24,67,0.7712746992923626
2023-04-26,3,126,0.11888642444549957
2023-03-18,21,69,0.8628282327491975
2023-11-01,13,57,0.8890576708960461
2023-04-15,22,25,0.13372729050137344
2023-07-15,8,8,0.7000385834415951
2023-05-27,9,9,0.5765369875493954
2023-06-05,21,75,0.8022110601858313
2023-03-10,12,53,0.6527836504012435
2023-01-05,6,77,0.42835008470162894
2023-03-21,19,159,0.08972607377887776
2023-04-05,18,178,0.516699269394227
2023-09-29,24,131,0.12632629118651884
2023-10-01,16,76,0.706395662231558
2023-01-22,9,70,0.551240597656643
2023-04-23,16,147,0.3848224425927902
2023-08-04,7,36,0.365965631708448
2023-02-14,11,12,0.9690114287471279
2023-11-23,3,68,0.14259129690729933
2023-07-19,3,163,0.7182256486568903
2023-12-27,5,160,0.691929513041353
2023-07-20,12,87,0.0528963284577576
2023-03-31,20,12,0.5333886992546852
2023-10-04,4,66,0.6592797643349207
2023-02-28,3,34,0.23750083257419397
2023-03-27,24,106,0.9446919168945547
2023-04-02,3,152,0.2280627784708692
2023-05-14,9,78,0.3678273230740373
2023-02-15,23,90,0.8048187422839
2023-03-26,22,94,0.09411565431282098
2023-12-04,25,85,0.7233624936731471
2023-09-20,25,198,0.08942292998879009
2023-04-29,5,178,0.1631451663166671
2023-01-30,2,69,0.28617029696975016
2023-06-23,6,172,0.8251686079006865
2023-07-23,10,107,0.5576437563085331
2023-05-21,23,108,0.910030872076731
2023-08-17,19,181,0.38066942067834697
2023-12-20,13,89,0.10282001994586332
2023-01-27,9,123,0.7828479867732687
2023-12-19,7,67,0.6053567827938756
2023-04-18,19,199,0.670346866023675
2023-11-25,22,42,0.21142629446082117
2023-11-21,5,173,0.3341355437115848
2023-03-06,21,16,0.6314611010192058
2023-07-12,3,95,0.25457334462534353
2023-02-28,10,127,0.4091477166910703
2023-06-16,20,149,0.25711796522400054
2023-03-10,8,6,0.3003903798618467
2023-04-16,13,63,0.45627960787343214
2023-12-01,15,62,0.4728138122785799
2023-09-11,11,148,0.6293440428684688
2023-12-13,7,151,0.1806534355312831
2023-02-23,10,149,0.9716228491358291
2023-10-08,10,89,0.8692595671782807
2023-07-04,4,170,0.6823128668061406
2023-05-12,15,2,0.8738872004188338
2023-06-10,24,82,0.28227485908040584
2023-04-28,18,101,0.33708142679782693
2023-10-29,2,135,0.9282629370889965
2023-04-04,18,1,0.8396436140255459
2023-07-10,1,143,0.30746003055672766
2023-08-15,13,154,0.6837279714882863
2023-04-05,6,101,0.3964214989192625
2023-01-10,22,57,0.8873887761319369
2023-05-01,14,160,0.9034803365679477
2023-05-13,12,136,0.31079899031957103
2023-09-23,20,132,0.16242076180003862
2023-03-15,17,191,0.6637523903322409
2023-10-14,19,56,0.6288777357452872
2023-11-03,21,37,0.7238197634836461
2023-03-20,6,56,0.33814836070930776
2023-04-26,1,54,0.6048442875912446
2023-06-20,7,88,0.3047621753170493
2023-08-10,4,28,0.036302538969287146
2023-06-17,14,196,0.7431470731719005
2023-06-21,15,1,0.9916952382867245
2023-01-14,9,91,0.6093598472894112
2023-01-06,12,29,0.09747492649189293
2023-11-23,15,183,0.018640070925315166
2023-01-01,12,149,0.9674958044582125
2023-09-17,13,79,0.41609982079443353
2023-07-04,12,174,0.7974302313946745
2023-03-28,9,46,0.898525374496863
2023-12-01,10,186,0.5507970453325741
2023-01-18,24,8,0.5634280837902526
2023-04-03,25,15,0.806385795069996
2023-02-13,19,3,0.910085487980377
2023-05-27,8,75,0.8046517779531294
2023-12-02,10,125,0.6331556674650676
2023-10-11,2,23,0.4217360194036964
2023-11-28,24,48,0.011957195952600919
2023-08-01,11,199,0.7357438835440256
2023-06-12,17,12,0.8170115310764537
2023-07-10,12,40,0.11880611478420267
2023-08-15,8,5,0.8150702856133387
2023-10-05,7,162,0.4487024981801071
2023-01-31,11,41,0.15809768123768497
2023-08-12,7,187,0.5537354206746883
2023-08-04,11,69,0.16944718311575424
2023-12-30,13,89,0.2283964449560112
2023-12-29,24,21,0.3814676252868415
2023-06-30,4,125,0.12891273797828462
2023-06-30,22,42,0.03595413973252759
2023-06-21,21,144,0.19891676696170046
2023-02-04,7,137,0.5898868200023769
2023-11-09,16,158,0.5077416766009952
2023-10-03,21,16,0.28621296085254455
2023-07-31,4,71,0.8026975138911494
2023-01-09,21,14,0.5531579839804042
2023-08-28,18,170,0.7279151982713943
2023-03-22,6,44,0.3209468876893571
2023-10-09,12,84,0.4584415588633929
2023-06-12,18,23,0.3820957113932313
2023-06-09,1,146,0.36732586265351375
2023-08-17,20,143,0.9424834880391619
2023-01-24,13,154,0.09693348639813404
2023-06-16,8,38,0.23005142619254737
2023-01-01,17,21,0.03451450417954227
2023-05-06,17,194,0.8960590707156505
2023-09-05,20,108,0.9853874591454205
2023-09-29,20,25,0.8246872340872813
2023-09-02,24,123,0.8644079133877662
2023-09-21,21,44,0.1566828962959016
2023-11-28,14,17,0.4352281175327585
2023-05-08,2,40,0.3728442837284358
2023-09-25,23,43,0.7205006278829251
2023-10-14,8,30,0.5075026666524872
2023-12-05,24,67,0.6933504869071432
2023-09-26,7,139,0.5830958809102056
2023-06-05,21,56,0.6661006018229283
2023-01-23,14,162,0.8352862404803144
2023-10-11,1,88,0.20456931339128626
2023-09-05,24,76,0.9832881980903133
2023-10-30,13,17,0.9232170869233708
2023-03-04,17,154,0.8166617257135111
2023-02-08,6,143,0.5764667641244603
2023-09-06,3,138,0.07290224634184794
2023-05-20,5,95,0.5914706168248661
2023-10-18,21,64,0.3976461704637103
2023-12-19,14,36,0.12604611449125036
2023-12-01,20,96,0.36639684090759306
2023-02-28,23,132,0.7310758081657165
2023-04-27,9,55,0.4005422650498466
2023-01-30,20,18,0.7285918246926417
2023-06-30,19,23,0.39269283206983285
2023-05-28,3,112,0.7729468603794896
2023-11-10,1,150,0.37821579713842823
2023-05-04,11,162,0.1575055241769533
2023-03-16,15,75,0.5049082548180884
2023-01-10,11,199,0.7162445011470651
2023-05-15,2,185,0.46675811755500396
2023-06-18,8,124,0.8040088190454397
2023-11-18,8,136,0.21234599754985206
2023-11-06,13,128,0.655194080018398
2023-03-06,13,161,0.7858668467052012
2023-08-17,20,31,0.7247819876047796
2023-10-18,22,47,0.8135066738172771
2023-05-01,8,6,0.1247435785644938
2023-05-01,22,56,0.3921787278604728
2023-03-15,16,32,0.31989439498117755
2023-05-12,9,75,0.3480435330890874
2023-01-15,15,183,0.057340804839222326
2023-02-05,7,69,0.20752646775147432
2023-04-24,12,118,0.14953905890854513
2023-01-15,15,115,0.2914201174757588
2023-02-14,4,180,0.26561861429806977
2023-12-06,11,84,0.2557809735803349
2023-05-06,12,107,0.7747548790777201
2023-07-30,23,108,0.3112141455296239
2023-03-24,15,18,0.13448616653124368
2023-04-09,16,82,0.8509349000381315
2023-12-12,15,52,0.5415836657531734
2023-09-12,11,121,0.04516404436901855
2023-02-10,6,191,0.07201061745561599
2023-05-10,15,82,0.5793076890892087
2023-12-17,12,143,0.823211589703514
2023-12-11,21,191,0.312712458328409
2023-01-15,6,199,0.08042334910214166
2023-09-19,25,116,0.23861256852486357
2023-11-01,4,14,0.7087896584545513
2023-02-07,1,78,0.08083848026557638
2023-04-19,4,152,0.6453360856531022
2023-07-24,23,174,0.8876868519683737
2023-11-02,21,80,0.6858303344831246
2023-09-02,8,68,0.46942302298946026
2023-11-11,9,97,0.7498435312541791
2023-07-04,22,154,0.44233710631160505
2023-01-18,16,132,0.24138822442030394
2023-02-04,17,69,0.16803110221835738
2023-05-06,23,108,0.4530168085404751
2023-10-16,8,22,0.07630372018325193
2023-05-27,4,31,0.3551700731691233
2023-07-31,20,28,0.05362070284614473
2023-07-09,13,106,0.3286111142382422
2023-09-30,5,185,0.7337055858729641
2023-05-06,8,41,0.8410820030886549
2023-01-27,23,131,0.3856179188813583
2023-11-10,21,49,0.7392708904679115
2023-05-25,1,109,0.31016865884315226
2023-09-22,11,21,0.011804177773896751
2023-04-26,3,156,0.2957861722267523
2023-01-04,13,192,0.05290811284311436
2023-06-25,7,74,0.4335592394629706
2023-10-26,16,180,0.8069949258617752
2023-07-08,14,107,0.5453963021047457
2023-08-20,15,174,0.46968787164198034
2023-11-07,4,109,0.7723559292570853
2023-10-15,3,62,0.4175980684711612
2023-11-19,16,117,0.5227762736583073
2023-09-27,17,10,0.27145058703593605
2023-02-12,6,135,0.023824540817917628
2023-07-02,19,152,0.5983882893423109
2023-09-29,20,57,0.6231894192898294
2023-03-16,13,121,0.02695647953231073
2023-10-02,19,41,0.13113179382492146
2023-04-08,22,156,0.07842120531761876
2023-09-20,20,79,0.40466710801355343
2023-07-04,1,200,0.4972882830088384
2023-11-04,14,72,0.5712706021245204
2023-12-18,25,165,0.8083325492883251
2023-07-28,11,65,0.0964116221827297
2023-06-02,14,177,0.7020310702011895
2023-07-29,17,15,0.3191593480873075
2023-09-02,21,12,0.9470652932969827
2023-11-13,17,15,0.7819955993870584
2023-02-06,20,98,0.488629717664936
2023-10-19,19,31,0.19458934106112125
2023-02-06,17,154,0.6011821515406223
2023-04-25,13,116,0.7741498609712297
2023-11-29,5,70,0.2177656235007981
2023-02-09,1,24,0.9097566842237639
2023-01-08,22,177,0.20768941146798237
2023-07-03,1,182,0.42340754193806907
2023-10-18,12,118,0.2030017866162228
2023-03-27,7,186,0.7670793644738918
2023-08-16,5,174,0.3827041825238078
2023-05-04,12,10,0.7565594503156344
2023-11-28,2,126,0.00949116906254266
2023-07-03,6,80,0.7765386203494395
2023-09-09,23,23,0.4220775043037689
2023-04-30,14,152,0.4257137860863337
2023-08-22,15,15,0.9737268334504405
2023-09-27,12,119,0.4685071369251106
2023-12-27,20,139,0.5990607042535718
2023-10-30,10,52,0.36444507601958176
2023-08-28,3,148,0.7775640012851253
2023-05-18,12,65,0.22526124458907748
2023-01-26,6,124,0.8865500582021895
2023-10-06,9,115,0.3410318608880726
2023-09-01,24,52,0.14211771158872166
2023-01-29,15,54,0.14826283816736952
2023-07-13,8,154,0.22650551189242807
2023-11-11,25,30,0.6552243125953394
2023-09-28,14,50,0.23204538032294053
2023-11-23,12,134,0.49106003322512015
2023-01-26,8,168,0.5303734758823944
2023-02-11,2,138,0.12401763074672201
2023-04-15,1,133,0.8125992497087839
2023-08-04,18,42,0.687994817939316
2023-04-23,1,104,0.5999665235121827
2023-06-03,6,70,0.08363634069970938
2023-07-24,9,104,0.5837496050444205
2023-12-03,4,139,0.6281943505598574
2023-08-01,5,163,0.8835959162674545
2023-02-07,3,25,0.6346421534929538
2023-10-31,2,76,0.8002503048688172
2023-10-26,14,124,0.06449896564630786
2023-05-05,3,82,0.12286342340925671
2023-01-20,4,25,0.6510977664322339
2023-05-14,3,135,0.014141406726324801
2023-09-22,8,131,0.5431514454708786
2023-12-13,3,103,0.7897137136515624
2023-06-29,14,18,0.7997881138975977
2023-05-03,13,75,0.29357254312653014
2023-12-29,23,170,0.6614309826402837
2023-04-27,19,165,0.6335453543177423
2023-06-14,6,16,0.2331699204313742
2023-04-04,20,50,0.19436497367011052
2023-06-27,24,52,0.8355745525978099
2023-05-31,4,161,0.6687954331898968
2023-07-05,18,146,0.32983655361974396
2023-07-15,12,8,0.8758001256063775
2023-12-02,14,71,0.8494141058736283
2023-08-16,8,152,0.24490196604992664
2023-05-08,13,125,0.2057973721081976
2023-03-03,8,26,0.6834484555745739
2023-11-09,9,81,0.16308852971297894
2023-04-24,3,61,0.513197118125621
2023-12-23,12,67,0.07583919232014169
2023-02-13,16,87,0.8632153867052192
2023-08-12,18,67,0.4674846355345389
2023-10-28,23,190,0.12010532970971843
2023-11-09,21,41,0.17978943706755046
2023-08-23,25,59,0.7199379681216531
2023-05-03,20,100,0.08820452581575777
2023-12-14,6,97,0.6873112272582446
2023-07-26,22,6,0.5313771320409191
2023-03-24,17,91,0.9537297547905492
2023-12-28,4,146,0.8670322952182915
2023-08-19,7,125,0.5602663191339139
2023-02-09,7,81,0.9276667954038542
2023-02-14,4,44,0.6190893645764584
2023-12-11,10,173,0.07585185735104172
2023-09-08,10,151,0.3081119966665541
2023-10-06,8,39,0.5442783242655636
2023-08-05,25,117,0.8717753744933018
2023-12-05,11,109,0.7307584347676368
2023-04-15,8,73,0.13078217115191293
2023-10-02,18,43,0.9919087635999861
2023-06-19,21,156,0.8154989772503715
2023-08-30,18,107,0.3161491529525905
2023-07-12,3,154,0.9558843722983847
2023-07-12,21,130,0.5677301581752773
2023-01-22,14,195,0.39843688851171644
2023-11-09,25,199,0.034880268516748525
2023-04-26,4,143,0.623095003750943
2023-10-14,8,17,0.4375031625895114
2023-05-17,10,188,0.3003809905287135
2023-09-02,11,1,0.05483578167894254
2023-05-31,22,21,0.6395820290740389
2023-10-16,18,99,0.31091569292774346
2023-06-03,7,53,0.32016521878364057
2023-07-08,8,83,0.9134145358028704
2023-04-12,23,111,0.6921700154814285
2023-07-23,24,143,0.5429068741239848
2023-02-07,12,27,0.07756282809131676
2023-10-28,19,39,0.5803790868472934
2023-02-14,11,26,0.05346522564087708
2023-03-28,5,45,0.6561028087386054
2023-01-14,14,111,0.850189037353984
2023-02-27,5,194,0.24064566627620487
2023-10-28,16,191,0.5569688016706102
2023-05-08,1,114,0.07599300231883233
2023-09-07,24,103,0.2560019005679004
2023-04-16,5,23,0.6225524390276569
2023-09-20,24,110,0.6492000401345722
2023-02-11,20,81,0.025385249107535257
2023-12-06,23,154,0.9115664996910832
2023-09-18,13,125,0.7577411318469957
2023-11-25,16,84,0.591422665611219
2023-12-26,19,135,0.7380628553155636
2023-01-23,6,127,0.2820947538648937
2023-11-04,20,147,0.3072822888514175
2023-04-14,17,49,0.1238788527597352
2023-07-17,1,190,0.9919556434955902
2023-08-23,16,90,0.9615013316268555
2023-03-14,21,55,0.1506652526298904
2023-06-11,11,78,0.31066630825351327
2023-05-19,10,17,0.9974908679740245
2023-03-04,20,100,0.10655343131113071
2023-07-15,14,132,0.8762550986498456
2023-07-14,12,159,0.16620781702280907
2023-07-17,20,199,0.3098709328724265
2023-09-20,22,50,0.5096860041108031
2023-08-01,12,177,0.12643583952069304
2023-04-16,13,9,0.012611729519076409
2023-03-28,22,112,0.8668554350821006
2023-11-08,23,45,0.769129412659155
2023-12-13,11,14,0.3797305317771009
2023-07-17,17,94,0.1658824853180777
2023-12-06,13,18,0.27827363586249554
2023-12-13,19,52,0.29592022623083547
2023-06-03,18,167,0.5308501265215325
2023-01-20,14,190,0.5317048228353775
2023-03-01,20,183,0.32115675470769733
2023-01-26,22,57,0.3400789143053493
2023-01-05,18,59,0.285608312801544
2023-12-13,6,191,0.7148875168086982
2023-05-20,18,119,0.9314459662068685
2023-12-23,23,54,0.7891457527794926
2023-02-15,20,96,0.2131426183396372
2023-09-09,13,170,0.6717747578215196
2023-06-20,1,48,0.11938858458302826
2023-01-25,17,56,0.17311712645957522
2023-05-09,6,134,0.4875198412845403
2023-05-30,3,171,0.49736434810574304
2023-11-17,8,187,0.6475410366349418
2023-09-28,6,122,0.6269645233818588
2023-01-26,16,72,0.7799947103224496
2023-10-11,18,83,0.312928083559579
2023-10-28,5,157,0.8831830129534174
2023-07-04,5,4,0.7316934401458498
2023-02-19,13,191,0.7526041562092712
2023-08-26,3,97,0.2812533593663852
2023-03-11,1,175,0.10295347236163788
2023-08-30,18,4,0.8844016766892003
2023-05-16,17,23,0.6516143778780558
2023-09-20,2,96,0.9228396535688138
2023-05-23,6,184,0.27343150610662836
2023-02-22,6,191,0.7225966322429751
2023-06-27,8,107,0.09582382939008682
2023-09-20,10,49,0.23552664103326648
2023-01-08,8,32,0.32168247443588405
2023-09-09,13,97,0.13451630240017087
2023-02-12,17,145,0.5608821427634674
2023-03-17,20,17,0.7401907992445327
2023-12-04,13,112,0.9245071190780356
2023-11-15,3,151,0.8301342682089293
2023-10-02,6,146,0.9373888495614319
2023-11-14,20,114,0.39903978689784037
2023-07-22,5,117,0.9513422702893047
2023-01-29,1,117,0.9322755117434472
2023-10-08,3,39,0.14333714578230006
2023-01-27,19,9,0.7433158572509676
2023-08-23,11,135,0.1218540999563984
2023-10-11,20,10,0.07600094685783787
2023-01-20,5,185,0.8362532603556555
2023-05-06,4,182,0.42972114530200733
2023-04-16,17,150,0.6250730845152792
2023-02-14,20,147,0.3400248862025578
2023-06-01,10,65,0.7723763374152187
2023-05-12,12,10,0.9687222902267449
2023-11-20,24,71,0.899733309956712
2023-02-23,6,153,0.7531614189977857
2023-04-23,4,47,0.6090831718548553
2023-05-06,23,5,0.22697319780469194
2023-05-08,18,103,0.8712038450739384
2023-07-18,5,37,0.632170111242496
2023-06-17,1,110,0.42656255137289645
2023-12-04,17,191,0.09385694871179417
2023-02-13,20,70,0.6526363329597287
2023-07-24,1,169,0.5658278626419924
2023-04-21,16,22,0.8224913955245554
2023-08-22,23,8,0.6913024145265645
2023-04-12,14,171,0.918114362228907
2023-01-15,16,125,0.5702320533895431
2023-01-16,6,86,0.20512566742131433
2023-08-21,9,43,0.6566098394061581
2023-04-25,2,4,0.8520759140463264
2023-09-28,12,44,0.6969958047582826
2023-02-08,19,179,0.17478369992074283
2023-04-27,16,151,0.34439789119293907
2023-08-30,24,121,0.30921423168765483
2023-07-03,7,189,0.2073209614365994
2023-09-11,21,25,0.9939356039093996
2023-03-06,15,101,0.2522092016559956
2023-06-07,12,2,0.898859418458356
2023-06-23,20,178,0.6293229895911397
2023-09-06,11,86,0.2269841235480149
2023-04-26,25,11,0.7307926513958941
2023-03-18,25,136,0.964150344599087
2023-12-19,11,115,0.18591240344518323
2023-02-18,5,42,0.77036796104249
2023-11-03,11,17,0.0632990918540699
2023-03-04,6,186,0.32067338137162094
2023-11-24,18,177,0.707760938924161
2023-02-09,6,98,0.40664959436851045
2023-06-19,13,48,0.012407529064640377
2023-06-12,8,196,0.7601902112664671
2023-04-14,3,29,0.20830658300761706
2023-05-03,12,14,0.5617489558251232
2023-01-22,10,100,0.32942421555333745
2023-04-02,22,178,0.36026154006758215
2023-10-08,1,123,0.8357418393203322
2023-04-04,11,174,0.1497602957142512
2023-12-12,16,141,0.08040762266561063
2023-03-24,22,151,0.9102536818507141
2023-10-25,14,6,0.6745564356944452
2023-05-16,16,62,0.25515488620376225
2023-07-31,16,135,0.5220999707813623
2023-01-17,2,149,0.2067931185021744
2023-08-05,21,172,0.5307091439811005
2023-08-17,24,2,0.010122222753110366
2023-07-24,4,15,0.8394355689666809
2023-07-17,11,66,0.1395244992641761
2023-02-18,12,180,0.5731487064271402
2023-12-17,1,53,0.5238052387587614
2023-12-02,22,196,0.16691899044241942
2023-07-12,24,105,0.9450685116347374
2023-02-16,19,49,0.737421144481711
2023-06-22,22,105,0.7097382870335339
2023-04-08,15,83,0.24942305072226922
2023-09-04,19,14,0.23989753144990145
2023-11-20,9,198,0.25321594143774095
2023-12-13,24,91,0.022460074579682465
2023-01-21,12,127,0.3916844541643554
2023-04-05,25,82,0.0216347107228968
2023-05-18,22,193,0.7812274831690021
2023-05-02,16,11,0.9615667706934309
2023-04-27,25,133,0.15230451515455845
2023-01-08,24,136,0.8202751556130475
2023-12-19,10,68,0.22011889943124552
2023-09-14,22,155,0.007868069083311724
2023-01-26,1,198,0.07095606907209506
2023-10-23,20,157,0.13468412874744973
2023-04-08,11,81,0.8577797854530647
2023-04-13,18,135,0.3056379924427558
2023-06-20,23,124,0.45643168130923606
2023-02-03,11,77,0.14410179900162778
2023-11-08,20,182,0.599244980384075
2023-12-07,3,55,0.5218155634188126
2023-04-07,3,3,0.7636514262094626
2023-01-12,24,198,0.5498760178535198
2023-09-23,9,181,0.16306751850491163
2023-07-21,12,23,0.4473816468200811
2023-11-04,23,119,0.8917990898625138
2023-12-23,11,68,0.1076044078963101
2023-04-08,1,102,0.6173038571742077
2023-09-21,17,48,0.3375833374221401
2023-12-01,20,19,0.8599160494974545
2023-01-31,8,60,0.8374440511804112
2023-01-30,18,162,0.8066832079884438
2023-06-03,16,17,0.9047065148185366
2023-07-06,11,146,0.07863562899258825
2023-12-07,24,86,0.46172913959921125
2023-10-02,1,85,0.9107158620629742
2023-04-05,2,196,0.7506397454620021
2023-01-12,23,109,0.03731184543215027
2023-02-04,1,80,0.37678256494684703
2023-12-02,4,53,0.8758752232465368
2023-11-06,7,123,0.40166895152127036
2023-12-17,2,53,0.30593369859866604
2023-09-25,20,158,0.9161650963888256
2023-12-19,3,144,0.3841984982334238
2023-10-27,12,52,0.7355977127245319
2023-11-02,23,140,0.02294439836116935
2023-09-29,7,20,0.9387626778754332
2023-12-11,12,97,0.11245820924457739
2023-08-25,7,107,0.18200555659665518
2023-11-06,14,125,0.1391516208420397
2023-01-08,10,87,0.3896457309389254
2023-02-13,10,47,0.8174313238598074
2023-01-05,9,127,0.8705866097536243
2023-12-16,8,3,0.8919537048060593
2023-05-06,5,173,0.8744449299745354
2023-10-25,24,182,0.6937246311043712
2023-12-02,24,13,0.45511794453106935
2023-08-07,25,172,0.7541466834094233
2023-09-18,7,14,0.9016196644658545
2023-03-06,4,131,0.18631559289808408
2023-04-03,9,123,0.47656859120738027
2023-02-17,10,83,0.18330667850410132
2023-06-09,22,159,0.40030786320153167
2023-09-21,12,3,0.07663265215641135
2023-01-10,7,181,0.45822395246224334
2023-09-03,21,124,0.3625623885223962
2023-08-30,10,109,0.44646959364309047
2023-09-07,8,170,0.41684835954427735
2023-11-04,3,100,0.79679033959703
2023-02-25,4,190,0.8717067089679249
2023-10-20,7,96,0.5977494546335267
2023-02-25,17,94,0.5880298360611548
2023-11-30,6,93,0.9107560512751823
2023-10-20,18,116,0.286001405145348
2023-07-22,14,175,0.6915562334687961
2023-07-10,7,176,0.620009910090238
2023-02-02,12,28,0.9727480380302872
2023-06-05,24,181,0.05217451536966644
2023-05-05,12,86,0.34869207011339864
2023-08-11,1,140,0.47083223348743786
2023-11-04,8,185,0.46326192069240046
2023-04-13,12,180,0.9580451959645837
2023-10-12,16,24,0.8380167635816065
2023-08-13,20,81,0.8324469863958138
2023-05-05,22,138,0.011780711518446285
2023-12-11,23,103,0.2722789030513878
2023-02-08,3,112,0.5084963272476424
2023-05-02,21,183,0.5264009751128044
2023-09-03,6,56,0.6029090483833567
2023-01-18,12,124,0.28313841000315654
2023-10-20,6,89,0.7342248373332649
2023-08-29,8,57,0.7128169230912077
2023-12-02,3,93,0.10262031964839802
2023-04-18,1,125,0.5103002244928099
2023-08-23,9,98,0.8926914167120784
2023-07-26,14,113,0.11181232543870934
2023-01-30,3,110,0.4413515591324815
2023-03-27,3,22,0.18909420802728594
2023-08-04,17,16,0.44135783560310193
2023-07-14,20,3,0.5928032989592089
2023-09-24,12,198,0.3024103937818532
2023-05-14,12,154,0.6921238069867239
2023-02-28,2,108,0.8404292025797063
2023-05-15,14,57,0.675885518105332
2023-09-28,18,48,0.6167189147175084
2023-11-02,1,52,0.7830834367168056
2023-10-21,17,50,0.9657528101033849
2023-06-26,3,166,0.40056718664550095
2023-07-06,24,44,0.2417516815137628
2023-06-24,17,61,0.5171488373033455
2023-05-07,6,171,0.5067358783818517
2023-10-06,23,63,0.1386907815685301
2023-07-01,16,66,0.1592252457964537
2023-05-21,3,177,0.8980658044275932
2023-08-14,20,134,0.6844209192025189
2023-12-30,19,74,0.5747634007997076
2023-05-02,13,61,0.014586136908828928
2023-12-30,18,84,0.649442577613479
2023-09-18,17,84,0.5020691426575519
2023-08-04,9,49,0.26384453324141255
2023-02-05,8,99,0.09401562904690264
2023-04-20,25,47,0.2184610126817217
2023-01-27,20,165,0.7943829411621861
2023-04-08,14,132,0.2895206296957079
2023-01-20,6,82,0.7201196490216721
2023-05-01,13,20,0.43293944813703
2023-12-13,17,116,0.9795043187315816
2023-08-27,15,165,0.7280534781458585
2023-01-04,1,69,0.9603155434535778
2023-12-19,22,50,0.5502175433893316
2023-12-22,11,11,0.812358312742251
2023-01-12,21,164,0.15517996844219883
2023-01-09,2,88,0.2277876478475107
2023-04-28,25,65,0.9533676108798808
2023-02-01,14,13,0.8024108295174677
2023-05-31,13,47,0.782800508671736
2023-11-26,15,100,0.5953885282188347
2023-01-21,19,147,0.7473351542633649
2023-06-12,9,30,0.13998278993342117
2023-10-24,7,179,0.7864641683432055
2023-04-08,10,24,0.7780608524043917
2023-10-04,25,9,0.2707975735017101
2023-12-19,4,72,0.3110174578156495
2023-03-27,21,45,0.28123020599812265
2023-05-13,5,1,0.32185578044778784
2023-04-11,21,183,0.12831288458134515
2023-08-26,17,183,0.7058221979030879
2023-11-09,2,121,0.9474883761475364
2023-11-21,6,109,0.1792237900679997
2023-08-02,11,46,0.6613319613695428
2023-09-21,25,162,0.9964865189767639
2023-03-07,6,144,0.36430818766445483
2023-11-24,1,18,0.9140074045331472
2023-11-17,8,51,0.41856501418376746
2023-10-10,10,160,0.287105671457243
2023-05-01,23,104,0.35595812167279006
2023-04-06,4,7,0.16186276639115804
2023-09-26,23,48,0.9461074745939109
2023-12-23,2,156,0.8449042131811713
2023-09-04,18,158,0.15616292915920904
2023-02-18,16,138,0.6005518573046389
2023-09-03,15,38,0.9760880131159574
2023-02-11,17,156,0.07265922356455456
2023-10-21,1,182,0.10220008438952766
2023-11-17,25,95,0.3375105147495462
2023-12-18,23,152,0.9303569213746392
2023-03-23,15,48,0.3094075069697494
2023-11-16,8,179,0.5011071887976506
2023-07-26,15,66,0.6704526808192611
2023-11-28,23,114,0.37196776076485794
2023-03-15,14,136,0.06345680115847463
2023-01-07,11,169,0.3046772109509732
2023-02-04,8,97,0.3944001724116073
2023-06-07,13,108,0.3604494113200376
2023-10-27,8,30,0.5302612860312057
2023-06-11,17,82,0.3688747707844674
2023-01-23,12,85,0.2224951687262302
2023-10-05,25,125,0.48368577760320997
2023-06-03,19,62,0.8947642101120395
2023-12-16,7,170,0.7983312606919848
2023-12-17,19,178,0.9239045874294285
2023-12-26,17,198,0.7136785135829299
2023-09-01,7,51,0.21649619203781567
2023-03-27,15,94,0.7109666532674301
2023-05-17,1,61,0.0727439901490653
2023-02-21,25,94,0.3372966409139867
2023-06-28,13,190,0.7070513430963907
2023-06-23,10,28,0.6140327632333604
2023-11-18,13,75,0.7550919628064431
2023-06-17,3,169,0.10155630964029838
2023-08-02,3,113,0.9480133611987966
2023-06-17,1,135,0.9090032559671183
2023-09-03,23,72,0.13710625424642475
2023-05-15,11,199,0.7754413300004388
2023-09-14,16,98,0.22646587218059322
2023-08-09,10,19,0.38137611574947594
2023-07-11,14,113,0.5760861560898864
2023-08-12,4,78,0.9397002798236158
2023-08-03,20,55,0.3310129336149842
2023-01-06,14,151,0.8221097393509829
2023-07-21,2,179,0.9328407947113702
2023-05-18,11,20,0.5614619722976162
2023-04-14,2,59,0.4990798761079065
2023-08-24,19,181,0.7495647077617026
2023-11-27,3,140,0.20639681268917454
2023-11-24,1,118,0.4168076121113493
2023-07-06,14,171,0.22122033016197362
2023-01-22,6,120,0.3228867672856499
2023-10-31,12,18,0.17693585100730003
2023-04-28,25,117,0.34986505558383196
2023-07-31,16,117,0.9912150651208635
2023-12-12,23,77,0.3316655916208502
2023-09-16,21,83,0.3387284085000226
2023-11-10,20,33,0.41765450216512034
2023-05-23,1,79,0.4089453994844934
2023-09-20,17,18,0.5122504321534807
2023-07-19,14,145,0.6867354936789076
2023-04-25,2,184,0.20368089316435456
2023-07-30,21,42,0.8225349187074633
2023-01-24,10,191,0.6476841261929378
2023-08-25,14,159,0.853150459264235
2023-04-01,25,148,0.4226790701532813
2023-10-07,24,109,0.7366193826122794
2023-02-22,25,78,0.78523583273934
2023-09-13,17,174,0.7042854708222587
2023-06-05,24,11,0.40025350101902135
2023-09-24,20,91,0.814703575702646
2023-02-28,11,27,0.27561869672205874
2023-02-09,22,135,0.8349288590540583
2023-11-25,16,71,0.795017997135551
2023-07-26,1,108,0.37408958457180097
2023-11-17,12,32,0.11399526668333637
2023-01-09,7,135,0.2272884052989479
2023-03-05,9,72,0.38125907305632967
2023-07-10,2,132,0.4587515309840806
2023-01-30,23,67,0.4055746870129635
2023-12-17,16,12,0.0004795637077993353
2023-09-23,14,104,0.9174954999099497
2023-08-08,3,145,0.05267956024956599
2023-07-22,3,62,0.6912935859492433
2023-10-21,13,66,0.804045270718174
2023-09-22,4,161,0.437654996548029
2023-06-04,17,198,0.1488942860787832
2023-10-18,7,20,0.6584672557365764
2023-05-28,24,24,0.8115187871992773
2023-04-08,7,192,0.46106704290175493
2023-09-07,24,33,0.8217325980996713
2023-03-29,6,105,0.3823130810939933
2023-03-25,6,123,0.7441132380941138
2023-09-27,15,17,0.6228976293156305
2023-05-06,13,93,0.10232833131021324
2023-06-17,25,177,0.8172346497796821
2023-05-03,11,147,0.7814705596426003
2023-12-31,14,125,0.2037278431393189
2023-04-29,5,121,0.24502621743360553
2023-06-06,8,126,0.05067141973497924
2023-08-18,10,25,0.00846253781991202
2023-10-28,15,30,0.9094943768659075
2023-05-07,12,35,0.6961459373676577
2023-04-17,10,175,0.06063435489988156
2023-05-07,8,53,0.31191425982374454
2023-09-16,23,69,0.18843888182532376
2023-09-01,14,9,0.1348755225666507
2023-09-04,2,173,0.9745484376165293
2023-08-08,22,147,0.7464555731810876
2023-05-17,11,167,0.9019807153477587
2023-12-02,9,178,0.0009601603887401389
2023-10-16,4,80,0.2864977641239157
2023-12-18,2,189,0.972959567774343
2023-11-11,4,155,0.02020027022362547
2023-07-18,15,140,0.6448912328038802
2023-09-11,11,78,0.7912552809463935
2023-08-27,9,158,0.4010190118596072
2023-06-02,16,83,0.48840786479089304
2023-07-18,2,137,0.5239154361032777
2023-02-03,13,140,0.5465744141965622
2023-02-28,19,6,0.6761751519380025
2023-03-12,20,82,0.4013553465227305
2023-10-30,16,198,0.08817186474551741
2023-04-09,15,165,0.31089165621281545
2023-10-17,1,105,0.5659986881120118
2023-01-31,1,183,0.7928181899609222
2023-01-05,10,98,0.9420016704558436
2023-05-29,16,57,0.3433773596465445
2023-09-06,9,134,0.5037035738004495
2023-11-10,21,145,0.2890096584914621
2023-09-15,23,73,0.39589399260784597
2023-12-31,10,197,0.860461059903654
2023-04-11,17,123,0.6066785636641365
2023-10-24,2,99,0.11590509864415321
2023-07-29,19,80,0.07406789288373283
2023-09-17,9,93,0.9709338574403076
2023-05-28,20,93,0.11984057353801691
2023-11-25,21,133,0.881027186788632
2023-03-08,7,30,0.1883757173929126
2023-03-09,1,80,0.7915430827165107
2023-12-15,6,36,0.23905181775584416
2023-07-22,1,187,0.9213475561689828
2023-03-23,14,69,0.7205837628681795
2023-07-05,12,13,0.8960031516014272
2023-06-28,25,63,0.20260821537855078
2023-12-08,15,32,0.017688840083772805
2023-07-11,16,63,0.15366194751381368
2023-04-15,10,33,0.8327220465417584
2023-09-14,23,57,0.8596662811629364
2023-09-03,14,16,0.29190767853659616
2023-10-03,8,154,0.13591163206614143
2023-11-02,10,72,0.55194245255321
2023-10-05,11,164,0.7842585178346733
2023-10-23,16,60,0.7933380237126015
2023-09-06,25,132,0.4350742745216384
2023-01-25,4,146,0.014059539079961048
2023-02-26,17,168,0.7128272663233775
2023-03-04,20,181,0.3150012863535331
2023-03-23,18,70,0.19883616999364273
2023-10-31,16,74,0.4843992682805559
2023-03-25,6,195,0.5180113760257815
2023-08-27,23,90,0.8466355151677945
2023-12-15,4,17,0.9460724643314476
2023-03-15,20,80,0.9868355493700137
2023-09-28,3,42,0.5256023198331616
2023-11-11,11,186,0.47588998642061
2023-05-05,6,187,0.31114245514811023
2023-12-16,7,125,0.6212766678229958
2023-11-15,23,186,0.5680505870045031
2023-06-02,19,171,0.4521469690353408
2023-01-26,12,12,0.9601770889918125
2023-03-04,23,8,0.26757716029193856
2023-05-14,11,4,0.3869071274603889
2023-06-13,13,23,0.4242225755468706
2023-01-02,5,47,0.9903169486312556
2023-06-20,2,3,0.7351406492300854
2023-03-02,7,73,0.18506645356194562
2023-11-07,10,148,0.9661551377512578
2023-06-07,15,68,0.7275895066035036
2023-08-01,25,136,0.5462158918731987
2023-12-30,10,54,0.07469577081625556
2023-03-13,21,59,0.31232991034925084
2023-06-29,20,176,0.9657696716232719
2023-06-02,15,90,0.4920178641368472
2023-08-26,20,75,0.05278657785828578
2023-08-13,15,95,0.6588583800159282
2023-08-03,7,66,0.0038444825849733855
2023-04-30,15,99,0.3004193035296213
2023-08-09,7,125,0.9358446967761517
2023-07-09,9,132,0.11762904092988669
2023-10-31,24,69,0.9118773187950312
2023-11-11,9,180,0.33086595797967455
2023-05-05,1,133,0.21055274540855706
2023-11-05,5,24,0.7846963442083329
2023-07-13,17,53,0.09640058297431542
2023-10-18,24,70,0.46202439698207776
2023-08-15,10,109,0.48728852687755486
2023-02-06,5,54,0.6898379382228457
2023-09-05,3,35,0.06831534171864573
2023-04-26,6,1,0.5871100611719803
2023-03-11,2,63,0.8327575958930676
2023-09-05,6,43,0.08014453365944929
2023-11-05,14,21,0.6742773929667358
2023-03-20,22,178,0.19891858647118865
2023-12-26,1,110,0.5243345242958064
2023-03-28,12,199,0.9078476489821652
2023-09-26,16,145,0.013599404387963143
2023-12-03,1,87,0.28569496416382356
2023-10-16,16,30,0.9556639519647749
2023-01-10,22,179,0.9741683559964883
2023-11-12,4,16,0.4173190801648268
2023-08-12,12,8,0.3411619636780343
2023-05-01,15,180,0.9345945733112504
2023-10-02,16,74,0.532832167175771
2023-08-28,18,37,0.7666210531621401
2023-07-28,24,162,0.3238189351133741
2023-04-20,10,151,0.12371674750218442
2023-01-28,5,88,0.3352160048272044
2023-01-10,4,142,0.40729896732881044
2023-12-02,12,10,0.5078085127301633
2023-03-23,11,70,0.813207945213589
2023-06-23,19,177,0.3190188719895064
2023-09-02,20,104,0.6054093773284994
2023-03-04,16,20,0.3822694901174728
2023-12-19,5,42,0.15228049148824085
2023-03-25,14,105,6.491191614221847e-06
2023-07-23,21,58,0.563120134057914
2023-10-14,25,45,0.022589429237115044
2023-02-23,22,133,0.9338958324375761
2023-10-03,14,42,0.8666904856959466
2023-10-19,8,156,0.6281552382526543
2023-04-16,25,96,0.44540014483685975
2023-07-01,21,134,0.22312150145001952
2023-04-09,7,60,0.07407755969643981
2023-09-25,10,42,0.9170563352445303
2023-12-12,10,87,0.7745238869603573
2023-01-08,11,183,0.4538530054753379
2023-03-11,7,39,0.30539601017822404
2023-08-06,19,105,0.5297060771343934
2023-08-02,20,164,0.9803516669340585
2023-01-18,3,199,0.14460941878686207
2023-03-30,25,164,0.7654240847507219
2023-07-10,17,133,0.29294301712080606
2023-02-03,17,90,0.36014985106360387
2023-02-04,13,51,0.2445756982293784
2023-12-18,24,159,0.4746465078469083
2023-11-05,3,140,0.7406392417955623
2023-02-18,1,42,0.4136663310189541
2023-01-04,11,29,0.32794692177208284
2023-05-31,9,11,0.7102606534200266
2023-12-20,18,24,0.15986752177171693
2023-09-03,11,23,0.20415062684360896
2023-07-12,22,198,0.5149057383995045
2023-04-12,2,56,0.36013766050979445
2023-12-04,23,33,0.34408869406957
2023-11-02,8,134,0.25799590519182436
2023-05-19,9,61,0.855628625730093
2023-02-03,16,121,0.8804523159900987
2023-09-27,20,186,0.36407900014920624
2023-10-20,5,145,0.9494803117185472
2023-11-20,3,41,0.17349391515438184
2023-08-17,15,170,0.44777848032643397
2023-07-06,12,116,0.6929760355598973
2023-08-04,12,110,0.26007311683244916
2023-01-22,23,63,0.14856861598477533
2023-12-19,8,14,0.7437911647226596
2023-07-17,15,111,0.4783425808693451
2023-10-18,9,176,0.6561440489795416
2023-10-18,25,28,0.6139807891284464
2023-09-14,3,39,0.15843825544287682
2023-05-27,16,198,0.6192659601105565
2023-07-17,16,119,0.370364808735439
2023-07-28,1,7,0.6332157876000905
2023-03-04,24,141,0.6929711664093398
2023-08-04,1,104,0.546857302241357
2023-04-22,18,48,0.016935601520158716
2023-08-20,9,84,0.2660365981223578
2023-08-19,7,65,0.15604288062349636
2023-07-26,2,142,0.7059555386293953
2023-12-23,8,1,0.338626619284935
2023-02-08,22,20,0.4018384043510983
2023-12-23,10,154,0.11179633981887316
2023-12-17,22,60,0.8502311401176812
2023-01-23,13,83,0.5395138495279912
2023-02-26,10,33,0.4123016136713763
2023-02-08,18,35,0.8970838026081818
2023-09-07,12,90,0.9715640588536825
2023-05-30,20,131,0.17705591866028536
2023-07-18,9,45,0.5884227229651773
2023-12-04,17,78,0.3056372260338045
2023-10-31,14,122,0.24532510402873997
2023-09-23,2,105,0.23354731167940035
2023-10-28,5,156,0.48557804939131666
2023-09-08,9,105,0.9463592348131644
2023-06-26,23,69,0.6938488564387001
2023-01-12,3,60,0.36117253346382916
2023-03-14,2,128,0.9378668324831572
2023-05-22,20,133,0.2338817741874617
2023-08-04,25,178,0.24657900138489897
2023-09-08,2,128,0.3901117823726382
2023-07-24,20,22,0.7680401944728744
2023-12-08,4,80,0.7688918198307366
2023-08-06,21,170,0.6408929125632157
2023-03-12,12,3,0.3325297052494346
2023-04-26,1,77,0.6049110346659134
2023-05-03,15,66,0.9164526183101237
2023-01-02,4,5,0.39787844686615403
2023-02-10,2,141,0.3934841683696719
2023-02-23,3,109,0.03412606065105894
2023-05-12,13,18,0.22450358556084304
2023-05-16,2,55,0.4438516408969383
2023-01-25,8,19,0.10835495502705972
2023-12-10,20,26,0.546666107372457
2023-12-24,15,191,0.4187462748724936
2023-10-26,13,83,0.3326960046420582
2023-01-25,6,118,0.7641955275383497
2023-08-10,3,115,0.9456512717422922
2023-09-29,1,187,0.40937031913807287
2023-06-18,2,36,0.4942486063179814
2023-06-11,12,44,0.8595512614800069
2023-05-25,18,95,0.7979835611009196
2023-06-30,25,95,0.40042658384883145
2023-01-24,23,157,0.975796135675085
2023-06-28,6,142,0.6699568436045708
2023-11-23,3,48,0.3809148354180337
2023-10-27,12,18,0.3605550706773719
2023-08-08,23,87,0.8095334483105145
2023-04-05,20,5,0.14544264241189286
2023-01-30,3,123,0.9110287847645122
2023-04-21,19,29,0.7660228413405851
2023-01-29,15,139,0.62731636943102
2023-06-10,13,46,0.4726058521053522
2023-04-11,22,35,0.2376693932643329
2023-09-02,12,179,0.47148224605003974
2023-10-20,17,9,0.3417880447242243
2023-08-21,5,159,0.09908719835334756
2023-08-29,9,126,0.8084975786763225
2023-11-30,4,151,0.09248902532023018
2023-08-22,5,82,0.05807722275077143
2023-05-29,23,169,0.3249482451839476
2023-08-15,23,84,0.9916819326894338
2023-06-13,10,51,0.14227023063217015
2023-12-01,22,138,0.23826149039389144
2023-10-08,21,60,0.7300140448334296
2023-03-08,9,72,0.41804091358987205
2023-01-22,14,146,0.23766895935421284
2023-05-16,25,77,0.570080660687127
2023-07-06,12,156,0.5859006467180844
2023-07-24,21,46,0.49446955599295017
2023-04-14,12,105,0.10499992136549618
2023-02-27,8,154,0.8669794894680974
2023-07-11,25,190,0.3608657096595589
2023-12-17,15,137,0.5718398646937057
2023-10-23,17,89,0.9696360626629411
2023-03-03,21,161,0.37759319783730194
2023-05-29,13,24,0.9577543276747922
2023-11-21,7,144,0.5003420176443076
2023-08-28,10,118,0.41272939737554337
2023-07-02,12,106,0.7408292831922731
2023-10-14,16,37,0.24276747207107352
2023-02-13,21,172,0.8973374384941762
2023-08-20,17,19,0.08721688199192446
2023-11-13,5,114,0.8732036024235043
2023-03-24,15,131,0.3556386133448648
2023-04-17,13,75,0.01937841667915985
2023-10-01,17,190,0.2648499085461158
2023-03-03,14,36,0.9860394380448316
2023-06-11,9,8,0.4652718200653172
2023-02-24,12,13,0.5387637497951915
2023-01-29,12,113,0.07930072810646449
2023-08-17,3,27,0.7432546606197467
2023-07-07,7,150,0.3455235660918191
2023-05-05,3,69,0.760153350641945
2023-05-21,14,21,0.4939561814844158
2023-05-06,17,64,0.5504296490233068
2023-10-17,19,12,0.9459906378398599
2023-09-28,10,68,0.9910907327197186
2023-12-10,15,142,0.19413142551175666
2023-01-27,13,72,0.17870255397158252
2023-07-03,24,19,0.1374684345586995
2023-08-05,5,130,0.5244977930030574
2023-05-31,17,86,0.02622683086525035
2023-04-10,19,4,0.2760230875098192
2023-08-31,15,97,0.9099552598350026
2023-07-03,16,129,0.6532786426719414
2023-01-09,12,157,0.035611743513566774
2023-11-16,9,192,0.3135882847300361
2023-11-08,24,86,0.29835844847037707
2023-02-23,23,103,0.2729408949429247
2023-04-17,16,31,0.3143468721754852
2023-01-25,18,41,0.30806024789638553
2023-06-29,19,173,0.0890898452221709
2023-08-27,7,177,0.8801276035959011
2023-08-03,9,79,0.6629407073555378
2023-11-13,17,21,0.9703149004774971
2023-01-02,11,40,0.4116709609515409
2023-04-04,20,153,0.23333633462887016
2023-04-20,9,125,0.360390159081429
2023-11-13,22,136,0.36961524183975036
2023-04-29,18,22,0.7777835866367727
2023-10-24,18,104,0.6671350051453224
2023-11-25,5,12,0.974319898566123
2023-03-29,16,93,0.3351847275119956
2023-05-05,24,192,0.590646476178438
2023-03-12,7,73,0.6894904794847073
2023-05-28,15,3,0.47591885554914226
2023-10-23,10,131,0.12139295076674905
2023-11-23,22,164,0.032304082479998164
2023-09-05,19,80,0.14728729335470836
2023-05-29,16,60,0.5913513628483758
2023-03-18,25,128,0.17456303320363342
2023-12-24,2,188,0.3240371062186139
2023-03-08,6,187,0.6130564397509932
2023-04-08,2,195,0.48051341146221294
2023-09-15,10,172,0.030410589836130097
2023-05-26,7,112,0.9702342764524198
2023-12-02,1,93,0.7231386157485515
2023-05-17,9,66,0.4628780565555266
2023-11-25,12,178,0.8305374945488272
2023-12-15,20,64,0.807030157659494
2023-03-24,3,81,0.23522823376440527
2023-02-04,22,36,0.8252855311915208
2023-03-13,21,46,0.38869616385661343
2023-11-17,8,200,0.1593395513458178
2023-07-30,7,186,0.34845300068279217
2023-07-05,17,12,0.40069197335498863
2023-04-19,1,96,0.4341045803765674
2023-01-14,13,145,0.5629719686542602
2023-09-29,17,25,0.4940734672988958
2023-08-31,12,192,0.7893793831141229
2023-10-24,22,145,0.2925182460106598
2023-04-02,2,52,0.35390993795644043
2023-06-20,7,103,0.891537472567967
2023-09-02,10,144,0.6155488294430368
2023-11-28,19,32,0.10340887346974104
2023-10-06,12,170,0.6142815818647798
2023-04-06,22,6,0.8641212082957653
2023-10-25,14,162,0.9111538086219451
2023-09-21,19,114,0.3354803892335866
2023-12-24,2,119,0.6090048395813843
2023-04-25,10,181,0.8453849930416826
2023-09-22,1,79,0.360801753975729
2023-02-17,12,80,0.8945241046815873
2023-10-11,20,80,0.7614456092785313
2023-05-07,8,86,0.9992141939073743
2023-08-16,3,185,0.5295471095529821
2023-03-17,25,24,0.6865016675650651
2023-04-08,3,145,0.12150470842396954
2023-12-03,12,104,0.18628221479266727
2023-03-13,23,121,0.9705328777689772
2023-05-15,5,80,0.164191970506941
2023-12-28,25,54,0.8757189874217096
2023-12-07,11,58,0.07194215538089421
2023-03-17,13,138,0.46934297581022677
2023-08-17,10,184,0.0839655999164135
2023-04-22,13,104,0.2986388140655989
2023-08-01,19,148,0.7429960566283286
2023-09-16,14,68,0.16895971800040455
2023-03-26,21,171,0.6010126085448371
2023-09-22,8,148,0.9194011480603714
2023-12-28,9,159,0.8807728943233158
2023-12-30,2,127,0.016738277303823712
2023-01-17,13,199,0.04092277329421168
2023-06-30,25,46,0.32291701265696404
2023-02-16,9,42,0.4881154053518002
2023-12-27,24,18,0.407608029781674
2023-07-31,22,163,0.057161060922681806
2023-03-23,19,142,0.7370069688213391
2023-07-21,16,57,0.04081967908833606
2023-01-02,11,52,0.37926069155658415
2023-10-07,22,177,0.16447347164257065
2023-03-21,23,58,0.45817069075090977
2023-10-12,1,171,0.4211941828629885
2023-02-13,25,18,0.32387267935676234
2023-09-06,3,32,0.6871465460572274
2023-05-18,9,142,0.9730248840752821
2023-05-21,7,3,0.9882108886754
2023-10-05,20,22,0.8473365447457345
2023-02-02,7,127,0.8822206593079855
2023-02-08,24,169,0.2491074867710371
2023-03-26,6,46,0.8588031892661848
2023-02-13,12,183,0.06538044088129769
2023-01-08,2,181,0.34808755590141294
2023-05-30,11,63,0.6231750718425237
2023-06-13,20,23,0.9195018086504643
2023-08-19,15,155,0.34676582042450044
2023-02-14,20,36,0.21936817700555555
2023-08-04,11,34,0.7315306939923735
2023-12-15,11,198,0.09804507986888955
2023-02-07,12,78,0.5093774586917632
2023-08-10,5,164,0.650000506073417
2023-06-13,12,51,0.3821402717300717
2023-01-21,13,200,0.09344485056770124
2023-10-01,8,85,0.5640477757065793
2023-01-05,14,197,0.9687450517627051
2023-06-21,25,191,0.24374148850652055
2023-10-16,5,98,0.7728470915619883
2023-04-05,16,64,0.15885486360812406
2023-11-19,2,30,0.6938919443060544
2023-03-26,17,60,0.9262049570595742
2023-08-31,25,186,0.5496118231029166
2023-06-12,12,138,0.5160090840183894
2023-10-08,2,105,0.3466049441829233
2023-08-12,25,51,0.3158003174872802
2023-11-27,5,102,0.4057484305746416
2023-03-06,19,53,0.44984059811073784
2023-06-16,16,116,0.18914768560770956
2023-09-24,1,182,0.12384971326431427
2023-06-05,9,186,0.8136201887794905
2023-12-29,21,9,0.7865421347386419
2023-07-26,10,69,0.6872096125368299
2023-05-27,16,128,0.7434231092758459
2023-09-24,9,151,0.9430685827928177
2023-05-12,16,35,0.9831401025379772
2023-06-16,22,159,0.8815602675059687
2023-10-21,23,121,0.08331036414038662
2023-12-18,6,76,0.5833024908097331
2023-11-19,24,66,0.6301149788215558
2023-06-10,9,156,0.26935718218900506
2023-05-08,21,197,0.2508301084135156
2023-12-05,17,75,0.5528462527742672
2023-04-29,5,67,0.4998604615817588
2023-03-14,19,150,0.0460116699048555
2023-06-17,23,139,0.2376953370438628
2023-03-14,17,182,0.25832879126256747
2023-01-13,12,90,0.42634141605905895
2023-06-09,1,80,0.939043892646415
2023-03-19,21,50,0.3272200078181007
2023-05-26,21,185,0.6624507360461235
2023-06-07,3,100,0.9381899705965406
2023-10-10,19,66,0.5134092825656227
2023-12-02,11,162,0.5042107421858955
2023-08-08,24,166,0.8690081011725567
2023-12-07,19,35,0.2495110480095255
2023-08-20,3,88,0.9851606625829539
2023-03-29,23,161,0.7032868185365017
2023-10-17,6,112,0.4368376997707264
2023-03-18,5,161,0.18162921121306475
2023-04-05,11,122,0.8108105103249647
2023-10-05,17,84,0.5092510821257016
2023-01-16,11,51,0.3105145657296702
2023-02-15,7,187,0.41068222283330247
2023-06-22,5,43,0.1224600307428757
2023-07-27,4,81,0.44238328146744
2023-10-15,11,71,0.5053529685735865
2023-07-07,16,41,0.5827765123672309
2023-03-05,13,30,0.05056324456830108
2023-02-11,7,106,0.19002710313215065
2023-10-11,8,166,0.2989094261598543
2023-03-31,10,84,0.7664687863265622
2023-09-27,15,43,0.8717400990251688
2023-10-16,3,177,0.5433592030583754
2023-03-21,22,158,0.17346739983106108
2023-12-17,1,38,0.0016410995658748817
2023-11-02,11,6,0.2856545055929893
2023-11-09,15,142,0.6353867976844
2023-01-15,17,176,0.30275524451575375
2023-03-17,5,193,0.6829414715834259
2023-11-20,1,134,0.9230347109544388
2023-03-23,8,156,0.8315890586287317
2023-03-01,19,57,0.9159305211391873
2023-11-28,2,187,0.24098459683237994
2023-09-05,13,85,0.5556259266044665
2023-05-31,21,13,0.3264292560662583
2023-09-16,4,80,0.2876550100870826
2023-06-09,8,137,0.6267875843380015
2023-01-17,3,119,0.291826559748563
2023-12-20,11,111,0.09846534749076286
2023-08-03,23,200,0.6322399782283368
2023-06-13,21,65,0.5422909450757469
2023-02-01,15,53,0.49549022120396913
2023-10-12,9,167,0.9923635209086868
2023-01-06,4,78,0.38830725132734567
2023-09-09,21,176,0.2830180014446002
2023-06-27,13,44,0.668440741415126
2023-04-14,13,140,0.8649897998703054
2023-12-16,24,74,0.6867115552051662
2023-02-14,2,91,0.6416780506464571
2023-05-08,8,98,0.008926300844579793
2023-03-12,14,161,0.5390963030839343
2023-09-24,16,101,0.22674609104659993
2023-08-08,21,15,0.5877551429570378
2023-08-03,3,99,0.2948110500173585
2023-01-05,20,72,0.36331466949000635
2023-12-13,1,70,0.00640146692400867
2023-07-15,19,39,0.9908524926547023
2023-05-08,12,1,0.8735795095685905
2023-01-19,24,129,0.32159096454535885
2023-01-07,3,37,0.9744519944738625
2023-02-27,23,194,0.5052891718571852
2023-01-23,6,120,0.15503133112075773
2023-05-30,13,64,0.48706097604148557
2023-10-01,5,58,0.8275611228665188
2023-01-20,6,46,0.7725472567672916
2023-05-22,18,63,0.09234092921427062
2023-12-11,19,167,0.9354964066133942
2023-10-28,19,167,0.04619677390834176
2023-06-28,21,19,0.8003061806709257
2023-10-10,23,172,0.9661825307945673
2023-10-12,19,26,0.026558509248856388
2023-05-12,14,87,0.7417065400526653
2023-03-14,3,23,0.43236837421798
2023-12-14,14,33,0.15861827093523784
2023-09-27,21,79,0.306573942525028
2023-11-09,5,90,0.7764767052405853
2023-01-30,17,94,0.4772723357722335
2023-05-25,14,101,0.5184248840030619
2023-07-16,1,90,0.4066311248894058
2023-05-04,8,68,0.21716260708691182
2023-04-22,20,170,0.10718233938126931
2023-09-14,3,63,0.07043122916448297
2023-11-20,25,7,0.06104106522677544
2023-10-25,16,104,0.15681618491229976
2023-03-01,5,57,0.618653792211249
2023-11-11,5,110,0.21350643497476762
2023-06-06,7,24,0.45287503011014607
2023-07-21,24,103,0.5122407900250298
2023-09-12,21,142,0.9875228280234359
2023-03-31,12,195,0.7145995693826104
2023-01-20,24,62,0.9750535199123108
2023-01-10,7,11,0.3851900713129066
2023-05-28,11,84,0.5532972899663186
2023-07-12,15,27,0.6569616023379765
2023-03-28,25,154,0.8745945443634408
2023-05-29,5,54,0.5050081618591771
2023-11-21,7,60,0.5570645061946711
2023-09-17,20,172,0.7265147103472143
2023-01-06,23,84,0.0597771928576416
2023-07-30,8,141,0.7333851223505831
2023-11-20,19,92,0.6920120729353998
2023-01-13,23,54,0.648273309677187
2023-11-12,6,180,0.7205455117151055
2023-12-13,16,31,0.351676538733698
2023-10-21,23,128,0.8719654575608357
2023-01-15,3,85,0.324062150011763
2023-02-17,24,77,0.6742827106997461
2023-10-15,5,72,0.1919135189663569
2023-06-14,22,126,0.007558383806774649
2023-04-17,19,119,0.6326465685701994
2023-01-08,4,49,0.6526427149109881
2023-03-03,18,67,0.9516453522129488
2023-06-27,22,48,0.04714413825838182
2023-11-27,5,66,0.5528330717480091
2023-03-21,6,46,0.8106089915258193
2023-01-28,21,114,0.13399956681097192
2023-06-21,17,164,0.8596766402800741
2023-12-21,3,38,0.6107151689015569
2023-03-06,4,177,0.5653992395369936
2023-12-04,11,148,0.1616473131860463
2023-09-29,18,152,0.05929983587066423
2023-03-21,12,99,0.9887490073250114
2023-06-08,25,196,0.8549615640862429
2023-12-13,9,47,0.298510508824984
2023-08-10,2,125,0.776906476463176
2023-12-17,12,15,0.01605323246608903
2023-06-24,4,87,0.3781420351425603
2023-06-26,13,119,0.8626014598776472
2023-05-18,13,54,0.13102286316571066
2023-01-30,19,75,0.43283171877156146
2023-06-15,11,42,0.909425344954693
2023-10-11,22,154,0.19989386485941407
2023-04-15,11,133,0.0750031713654622
2023-10-14,13,26,0.04291994812577671
2023-04-12,17,85,0.6127259377416858
2023-11-24,19,144,0.807883308945431
2023-09-07,2,105,0.6998427981801086
2023-01-05,11,8,0.08287768738900336
2023-01-20,16,107,0.8094003617854455
2023-01-14,16,156,0.20123865523145912
2023-01-06,17,13,0.9721023493491775
2023-08-17,2,53,0.008646649911469795
2023-10-27,12,156,0.7483181010731428
2023-06-24,14,29,0.9853144874463454
2023-11-29,17,154,0.665111426498618
2023-03-22,12,130,0.5368909833992745
2023-08-20,3,52,0.14495091989723685
2023-09-20,19,130,0.06197840561908985
2023-02-06,24,93,0.5737740854444789
2023-05-11,20,18,0.17559340152296665
2023-04-30,9,164,0.10346204045341478
2023-06-07,8,125,0.8075823377103855
2023-02-23,14,39,0.5297943991426292
2023-04-18,21,66,0.8330891937588175
2023-04-30,18,89,0.7595676516740584
2023-03-19,7,191,0.2004387804583636
2023-10-30,19,190,0.8931366213941717
2023-08-03,12,17,0.26754544407006753
2023-01-19,8,62,0.6684812706607557
2023-12-01,14,142,0.0947648932265499
2023-09-04,5,96,0.38324333836839075
2023-07-03,1,184,0.06465866665619802
2023-09-10,15,154,0.6532446159453734
2023-11-28,1,141,0.782856358610204
2023-04-14,21,15,0.06163428961906725
2023-01-30,13,54,0.4539407477951932
2023-01-25,23,144,0.42040684339492296
2023-11-23,23,143,0.011646259643094847
2023-01-21,11,94,0.14225380405105237
2023-05-26,22,182,0.7371426493142164
2023-07-12,25,52,0.9441014161129733
2023-01-21,3,153,0.12069873716655777
2023-08-02,7,165,0.2729801355581145
2023-05-04,25,172,0.09226805788113146
2023-09-23,21,168,0.6334637561349286
2023-11-28,3,108,0.34760767488414845
2023-07-09,11,130,0.3473435703994632
2023-11-23,12,46,0.5226364663192103
2023-07-20,1,102,0.10139173616115071
2023-12-17,5,84,0.2831325495427308
2023-02-08,1,95,0.9008033109505915
2023-09-25,1,50,0.2825511074479069
2023-05-21,20,67,0.39842493079358665
2023-11-02,4,88,0.4508854431680245
2023-09-17,2,25,0.6420384436146802
2023-07-09,15,191,0.576878569301583
2023-09-27,6,61,0.15981589418336595
2023-12-04,7,153,0.3045495779707601
2023-05-26,20,22,0.3655406240414958
2023-12-26,2,101,0.172030117253278
2023-05-05,4,193,0.36792116303406197
2023-08-04,11,177,0.6110085034112521
2023-03-06,2,175,0.5418421586991781
2023-09-03,21,160,0.32741918693575955
2023-01-15,7,176,0.7462537177994885
2023-09-18,12,22,0.7323100913047831
2023-03-04,8,122,0.3309958913119584
2023-07-20,7,17,0.3194172296075817
2023-11-15,19,42,0.4945881574350651
2023-08-28,5,60,0.49100838983225426
2023-09-04,9,70,0.6647018072138041
2023-04-01,13,81,0.48771042963227473
2023-08-08,7,67,0.5153296369946353
2023-04-19,5,73,0.6232907082087069
2023-12-13,19,44,0.3135236043534264
2023-10-16,20,52,0.4831869403439869
2023-11-12,14,151,0.9560407524678524
2023-06-03,2,162,0.5883864383010482
2023-09-08,2,106,0.8597341953539012
2023-11-05,16,127,0.410125248876138
2023-12-26,13,85,0.28529462253402493
2023-10-01,10,28,0.41501128237268325
2023-01-16,1,24,0.49695721087830846
2023-04-03,16,113,0.035644751411950115
2023-08-16,15,137,0.8193609232246728
2023-05-27,20,144,0.09376549831061798
2023-03-31,18,188,0.04215646311861809
2023-10-17,13,164,0.2016004007272908
2023-02-26,18,132,0.9421696988494402
2023-03-21,14,25,0.0069630153350671575
2023-08-11,25,25,0.7254298234537756
2023-07-06,1,1,0.7754675375899981
2023-12-25,3,198,0.5408605558317724
2023-12-31,9,146,0.997169128622794
2023-02-08,13,35,0.22041738049557502
2023-01-17,16,141,0.46254219896319315
2023-11-07,2,96,0.003564841169525601
2023-02-26,13,2,0.5418519631267946
2023-09-05,14,78,0.7550623688638518
2023-04-28,10,30,0.8926913245006611
2023-11-30,15,19,0.8156356132190826
2023-01-17,9,82,0.7176779886025422
2023-03-28,4,61,0.5334462780553589
2023-02-26,25,87,0.14408658184640644
2023-04-13,6,61,0.7102187087364588
2023-08-30,5,181,0.8357885519501849
2023-11-08,9,196,0.2547445896840863
2023-11-24,14,200,0.2646596437704629
2023-11-08,18,123,0.6626827133179165
2023-01-11,9,18,0.38769129054891915
2023-02-12,6,114,0.5307560307141609
2023-04-27,15,73,0.6581371759239321
2023-06-12,1,92,0.5513057356406051
2023-01-28,14,187,0.8638880640192468
2023-09-07,22,186,0.969964393000424
2023-03-22,22,135,0.7014070930280475
2023-10-16,25,79,0.6902408953720228
2023-06-22,13,140,0.8398097166495639
2023-09-23,23,147,0.7297946078098809
2023-05-08,16,175,0.054198687980278715
2023-11-29,8,185,0.7992600970475219
2023-10-26,25,124,0.8632739199701288
2023-09-24,1,137,0.9182202346925334
2023-11-07,12,186,0.15778254229784305
2023-10-11,19,57,0.2780928024746284
2023-02-10,6,149,0.8616487623926564
2023-04-21,13,66,0.4328959798030759
2023-11-07,4,35,0.623669158359282
2023-09-23,6,84,0.7051093366084333
2023-12-30,10,14,0.24129237851231455
2023-03-07,13,138,0.7045985773241059
2023-06-26,3,77,0.5549247220419005
2023-10-05,25,16,0.3693839075185602
2023-02-01,17,65,0.8622710073534079
2023-02-12,6,2,0.3740308471584979
2023-06-17,21,187,0.2540546450023684
2023-03-22,3,155,0.43010801100372464
2023-12-24,13,135,0.24828014400937903
2023-01-06,11,36,0.07021939574474101
2023-10-01,16,46,0.7821814812370709
2023-04-30,14,71,0.5696353803570907
2023-06-24,18,97,0.9865316315106568
2023-06-14,25,55,0.39138449801818753
2023-08-12,3,189,0.38754848517221574
2023-08-05,20,29,0.5391823613764252
2023-03-14,10,183,0.3774621448128783
2023-05-08,11,118,0.4544085206190579
2023-05-22,9,114,0.6633880702656294
2023-07-15,11,173,0.10560691833684799
2023-11-25,2,122,0.5927986501325857
2023-03-21,14,191,0.5113141938574275
2023-01-03,5,39,0.7496928073205543
2023-06-15,25,31,0.07302292584489045
2023-11-15,2,126,0.0872315776595245
2023-06-15,12,12,0.19594075935065103
2023-07-20,25,55,0.5730682996455946
2023-07-07,13,155,0.01894339086338337
2023-03-27,4,16,0.5062036163819633
2023-09-19,3,127,0.8314809912265614
2023-03-01,3,1,0.3713313432417662
2023-10-31,24,82,0.28654108847199977
2023-09-28,4,141,0.10353237070353039
2023-04-29,7,172,0.841522489617496
2023-10-15,16,185,0.7917498793169618
2023-05-06,12,173,0.2662731329137098
2023-10-03,14,103,0.660263776508935
2023-03-14,25,68,0.4373297299184431
2023-05-25,9,14,0.2673394231666699
2023-03-12,22,72,0.46085963571377053
2023-01-17,24,128,0.19536266870287022
2023-04-18,25,23,0.2932991939484978
2023-07-08,9,115,0.23763154983203505
2023-08-18,24,75,0.5891330839210545
2023-10-28,7,196,0.253017608255407
2023-01-19,4,43,0.297272207168108
2023-08-30,20,200,0.17574269812433962
2023-07-16,15,7,0.9901225731077747
2023-10-07,19,99,0.9999482794644894
2023-05-01,19,54,0.05359372248051075
2023-02-21,13,18,0.8696462148839458
2023-08-14,21,196,0.020422250470894965
2023-10-06,20,149,0.7467797528070792
2023-11-02,24,68,0.35986954052545583
2023-08-13,5,192,0.07787972394713771
2023-07-18,10,171,0.9020520150850962
2023-04-29,21,4,0.9409105738650638
2023-11-09,15,54,8.488784833704521e-05
2023-02-04,18,160,0.09878412060220576
2023-08-27,18,12,0.7895355442974661
2023-04-13,10,21,0.7660631910352788
2023-12-25,6,31,0.8894237890888164
2023-09-13,4,13,0.9371433729354622
2023-08-09,11,114,0.5606479141179942
2023-08-27,3,90,0.2205535313783068
2023-03-31,16,67,0.010156547479639788
2023-10-24,20,2,0.20996316421053607
2023-07-17,2,28,0.7036004659985364
2023-03-09,12,96,0.9719509610921746
2023-12-27,21,120,0.9324182743373837
2023-08-24,4,199,0.2077184324551412
2023-04-09,16,200,0.9789448686725564
2023-09-29,4,22,0.3995097101484508
2023-09-11,9,95,0.40272674112455653
2023-01-11,2,150,0.9017614218205534
2023-02-02,10,87,0.27912384798314194
2023-08-03,16,75,0.9019295574800603
2023-06-17,2,100,0.6428825124456028
2023-03-06,19,167,0.9426555685868949
2023-01-28,2,130,0.9081605797382292
2023-10-21,25,3,0.06870595179721195
2023-08-06,12,96,0.633317553742161
2023-10-26,19,107,0.012892762051064044
2023-04-17,16,172,0.3543101511264386
2023-07-18,4,115,0.04300373250446521
2023-03-08,13,138,0.9137320627094032
2023-03-11,23,68,0.05803670853556164
2023-07-06,9,80,0.11587573687675401
2023-06-14,19,28,0.9312074527555942
2023-11-04,20,46,0.3017518187917809
2023-08-05,25,65,0.19548633173332008
2023-03-11,3,12,0.7837911281169864
2023-07-20,21,77,0.24619199026614702
2023-06-24,12,153,0.9767183908533225
2023-11-28,2,128,0.6955987092752258
2023-06-08,5,84,0.6157753450277773
2023-07-11,17,141,0.8129105878957272
2023-02-27,6,21,0.44733400137427004
2023-08-07,20,104,0.18002299159458934
2023-08-30,1,142,0.8195980792322787
2023-04-07,5,49,0.24006584803636677
2023-02-14,2,85,0.04451960130260002
2023-03-28,3,125,0.8259468938117136
2023-09-01,17,66,0.03546904597769651
2023-08-04,7,76,0.7733212668513991
2023-03-13,9,164,0.037806390426253444
2023-10-08,12,97,0.10396929673058808
2023-03-17,22,183,0.9336024837532069
2023-10-09,21,56,0.8580339488135917
2023-11-05,21,181,0.05039978874365747
2023-05-02,13,45,0.5603636349589806
2023-03-09,10,97,0.1412970736507395
2023-02-24,13,80,0.9399559207362336
2023-12-28,16,143,0.8580824722138278
2023-08-10,20,85,0.27864509971975804
2023-04-16,24,185,0.23494553246215
2023-01-11,15,39,0.8262082134983116
2023-03-31,1,49,0.9596015220319288
2023-02-01,21,43,0.7780302191890548
2023-02-16,9,71,0.4932474579667522
2023-03-13,13,185,0.9102561300095702
2023-04-28,12,54,0.13365425327291525
2023-09-01,21,93,0.5510808038591597
2023-12-05,22,189,0.13011551018706147
2023-04-07,3,72,0.9435393898301413
2023-04-26,4,167,0.01815318125488008
2023-02-21,13,140,0.739618413349969
2023-10-04,13,89,0.6604428910062481
2023-09-03,5,68,0.643309645246986
2023-09-23,11,56,0.5925637398974745
2023-09-14,16,198,0.3846066009699052
2023-10-22,8,29,0.30119928596707035
2023-07-28,12,123,0.9104709077154499
2023-03-24,3,51,0.2493708051695227
2023-02-25,9,46,0.4887698534229815
2023-03-28,2,38,0.06866435491973288
2023-12-03,1,5,0.3750406578086347
2023-06-11,13,191,0.5009241596000953
2023-08-21,9,27,0.8402223829196775
2023-05-17,9,54,0.5164548512273529
2023-10-16,22,74,0.7878076298823612
2023-03-08,14,77,0.7972620987035671
2023-12-19,6,159,0.4347776911662071
2023-05-03,5,86,0.4478269663527237
2023-06-25,12,135,0.5506048683525898
2023-04-02,24,142,0.0007622961282630625
2023-11-11,21,147,0.020555133414789872
2023-06-23,14,122,0.33998954146995486
2023-09-27,5,190,0.5452256396701735
2023-07-15,10,151,0.045821773159621104
2023-11-20,5,112,0.9874998211738181
2023-03-30,1,154,0.9732439419807596
2023-05-18,7,149,0.5148150726997865
2023-01-01,24,63,0.9041495357793109
2023-06-17,14,15,0.5643234144879216
2023-01-05,10,64,0.7338398096090488
2023-08-31,14,102,0.6124216365791851
2023-03-23,18,127,0.2831841096944746
2023-05-05,2,37,0.9821459654647633
2023-02-12,3,194,0.6275852425985579
2023-12-14,3,142,0.35827031992809977
2023-04-21,7,63,0.9219392273531827
2023-04-16,17,123,0.598909172521901
2023-11-09,22,117,0.9322761427099695
2023-04-28,23,41,0.25421126953354567
2023-04-17,25,100,0.608583019933458
2023-04-02,2,165,0.9392744130533288
2023-04-17,10,11,0.382267392020326
2023-08-14,23,56,0.4276676092120717
2023-10-26,16,68,0.26339765192311204
2023-01-20,9,111,0.41825427010428484
2023-11-28,3,82,0.5881767357630528
2023-11-06,22,189,0.3641396211598228
2023-10-05,15,186,0.2658372360895339
2023-02-25,25,195,0.9574529468587519
2023-08-26,12,31,0.18263882099827244
2023-02-22,10,31,0.35115463782837075
2023-07-25,11,5,0.6501501664932392
2023-03-31,1,96,0.3622567760093409
2023-12-18,22,62,0.501287915727247
2023-08-11,13,43,0.9767433853057309
2023-07-30,24,176,0.7365152310454867
2023-07-08,24,106,0.7839701685370996
2023-04-12,18,165,0.4168192552663288
2023-03-16,9,55,0.5978767144228576
2023-04-16,25,71,0.30978888888595246
2023-10-30,9,26,0.9621716123170995
2023-07-06,14,44,0.6722823616798018
2023-04-30,13,171,0.278312447227718
2023-01-08,16,15,0.4122131688441142
2023-08-21,6,105,0.28148503079594445
2023-04-21,8,143,0.7639990511874029
2023-02-20,7,200,0.008921065352005875
2023-10-22,21,90,0.8925318837644803
2023-01-20,9,34,0.7886713525771967
2023-03-14,25,68,0.7528296957843847
2023-06-27,8,57,0.6343338028095056
2023-08-16,1,119,0.9208787350646702
2023-04-06,23,148,0.07337585320668327
2023-07-17,12,192,0.5557367100324808
2023-10-25,8,167,0.6626770978159798
2023-12-17,22,137,0.8177700410669659
2023-08-03,23,172,0.8056282734172457
2023-08-06,12,189,0.9613874782546314
2023-01-25,6,58,0.909413837934852
2023-08-23,12,38,0.4437920108146073
2023-06-25,24,163,0.5912248307912007
2023-07-22,21,181,0.5013623642528375
2023-11-21,7,152,0.6107686944122469
2023-04-06,22,195,0.9696276012457602
2023-11-18,6,16,0.0525811212186994
2023-03-12,9,83,0.08217219882611693
2023-05-24,6,133,0.3548929284804432
2023-11-08,20,120,0.8324658006746873
2023-08-09,3,159,0.292783105136598
2023-09-11,21,170,0.4588231389574289
2023-04-11,21,67,0.9585524235145741
2023-08-21,4,14,0.2618668077567332
2023-11-08,23,196,0.748077368486693
2023-12-07,10,114,0.5238277348234298
2023-09-18,18,149,0.2255433732325971
2023-04-20,17,188,0.04301648875733877
2023-07-14,24,178,0.7872527031434886
2023-11-26,20,84,0.7612628675055456
2023-08-27,2,176,0.5001674121063305
2023-12-17,25,48,0.9958357754439514
2023-01-01,11,3,0.27795074575840995
2023-02-13,7,42,0.22503373931257142
2023-10-04,11,42,0.6101043689175706
2023-08-19,11,2,0.6431230084923618
2023-06-02,9,48,0.10473982106262436
2023-02-09,6,194,0.9689542083111601
2023-09-03,18,74,0.8881206569933234
2023-03-20,16,163,0.5623111216353718
2023-11-10,1,36,0.23274175804809782
2023-03-15,20,123,0.27154991976918275
2023-09-27,23,64,0.5914656579530809
2023-05-10,18,33,0.21645831648230018
2023-06-20,17,130,0.2591708008569463
2023-12-20,12,191,0.6968578733287378
2023-06-04,19,35,0.10447160651137766
2023-06-09,17,124,0.6759092430194594
2023-11-24,1,40,0.9471867742798855
2023-01-11,21,145,0.46514338887582685
2023-05-22,9,72,0.7847263236715591
2023-12-02,13,6,0.47222424823004017
2023-01-02,13,111,0.4399001677306916
2023-05-07,18,51,0.39069834344631005
2023-12-31,1,101,0.06328183699701595
2023-10-28,21,128,0.3590585588972631
2023-06-30,6,149,0.8739359217394581
2023-01-20,7,80,0.9897131196860715
2023-09-04,20,120,0.07467635672320894
2023-02-20,18,62,0.3387216396335532
2023-12-26,18,102,0.9057155710867042
2023-09-29,13,198,0.8945720239544452
2023-05-19,17,123,0.5902291394262196
2023-12-12,10,115,0.8752413143662237
2023-09-07,20,150,0.7428342302876976
2023-08-22,3,62,0.6091033808331122
2023-02-27,9,70,0.7147618020957005
2023-04-08,8,15,0.6631626472142637
2023-07-04,9,110,0.29880316496859194
2023-04-29,18,127,0.49399249576114024
2023-09-08,9,99,0.6150399542569235
2023-10-31,18,35,0.36729238196055436
2023-04-03,4,120,0.09636046890669148
2023-12-08,5,12,0.3925778112517364
2023-08-03,11,181,0.7361050428941764
2023-09-15,21,50,0.785607651304086
2023-12-26,6,132,0.7034156908862449
2023-08-11,13,11,0.017694409580812365
2023-06-30,14,174,0.3817750648517353
2023-06-23,18,160,0.4872499092247542
2023-02-24,9,33,0.7226345797885043
2023-12-08,20,49,0.09332561027953767
2023-12-31,16,151,0.2632208098451442
2023-08-26,8,165,0.22254445141389123
2023-09-15,22,158,0.4176046511064644
2023-02-02,20,109,0.5559250260533575
2023-08-07,11,6,0.9086916237528676
2023-12-22,17,28,0.8167303610298138
2023-09-10,24,53,0.775612888602555
2023-03-21,21,91,0.11653466783708777
2023-05-19,7,8,0.765480868001225
2023-03-11,25,28,0.12247798141504129
2023-12-21,16,110,0.6061153161775656
2023-07-07,9,49,0.3811907341126439
2023-11-12,2,81,0.03157184447392236
2023-07-06,21,54,0.29164397714500145
2023-12-16,25,182,0.709293311951626
2023-04-06,10,154,0.4221006272866832
2023-06-10,11,140,0.8966562318472552
2023-09-02,5,75,0.27349631645958494
2023-04-03,14,149,0.2725286416262561
2023-02-08,13,48,0.7433941998743832
2023-08-04,19,43,0.6200994237002935
2023-10-26,2,4,0.24585332887306843
2023-10-14,17,172,0.1101172845231364
2023-11-24,21,198,0.5420753399138424
2023-07-09,19,108,0.2430298744743732
2023-05-07,18,170,0.7786878311378067
2023-05-10,6,185,0.1131393715701553
2023-10-04,2,6,0.4358282556071792
2023-09-24,12,150,0.44778917821181796
2023-07-28,12,20,0.08613154388512045
2023-12-16,11,130,0.1952965847165845
2023-03-08,1,200,0.10623160826458988
2023-03-18,2,174,0.3706011263546404
2023-04-13,8,75,0.6527434424494554
2023-10-31,22,74,0.4544956262271269
2023-10-03,7,130,0.6154889469238285
2023-10-03,12,17,0.13361974450358116
2023-12-27,13,96,0.4951852386030674
2023-12-02,4,126,0.7579439235674139
2023-04-03,8,59,0.531345156738413
2023-07-11,20,65,0.3040451715000009
2023-05-07,13,72,0.6150906494677673
2023-05-05,25,126,0.45892921033728973
2023-10-28,15,92,0.8534636055416165
2023-04-06,5,117,0.8154001325289025
2023-06-22,12,153,0.3485085012499093
2023-10-03,19,81,0.7215438810046915
2023-07-01,14,98,0.8550144285387942
2023-06-07,24,15,0.6244192951474618
2023-12-01,21,167,0.7482080923081589
2023-09-30,11,63,0.8737807182176001
2023-04-07,24,111,0.6126597137433726
2023-08-11,18,44,0.4672274459784801
2023-07-26,22,133,0.33268918674782566
2023-04-17,25,133,0.14138554094666755
2023-07-17,21,141,0.8266216293665658
2023-08-10,17,66,0.6117278245939336
2023-09-04,23,95,0.14971206084822164
2023-03-12,2,85,0.0006653775739936529
2023-11-12,9,70,0.8915214767318047
2023-12-06,12,49,0.09970209722330547
2023-10-31,5,132,0.6693524273109294
2023-02-22,10,83,0.9443434607184868
2023-08-04,15,124,0.0017409292801409126
2023-08-21,15,34,0.17279568276938762
2023-06-05,24,141,0.9373821072994883
2023-01-15,21,14,0.9204939098784201
2023-08-31,3,137,0.5908340708856067
2023-09-21,19,168,0.570358560578736
2023-04-01,3,29,0.14000316297756532
2023-02-25,10,164,0.5520163824559843
2023-04-25,10,78,0.7200770055408148
2023-11-23,6,145,0.15250347443906676
2023-09-23,15,154,0.5214323099353918
2023-08-21,15,126,0.19883634623789082
2023-02-18,8,146,0.15655400482572146
2023-10-22,14,98,0.6872113106075217
2023-12-22,8,129,0.5631846976748466
2023-02-17,24,8,0.3243395131377397
2023-07-29,18,50,0.7033347155009713
2023-08-25,23,49,0.053680505894819985
2023-07-21,10,36,0.9671858189424852
2023-06-09,11,153,0.2753156763106216
2023-01-26,11,143,0.8486286766841787
2023-09-30,12,164,0.13178903771778905
2023-04-06,2,103,0.2880299219905552
2023-01-27,11,3,0.5741750075761786
2023-01-16,5,154,0.4519460886268517
2023-08-30,11,164,0.892185877588088
2023-05-22,15,144,0.2763417537239674
2023-10-26,18,104,0.39538766901987754
2023-03-06,4,94,0.6211548448980844
2023-08-14,4,167,0.5155624773742274
2023-02-26,3,102,0.967470320280379
2023-12-10,12,1,0.9681399607910253
2023-10-08,13,148,0.14334446960538327
2023-10-25,17,27,0.6940848569230365
2023-05-30,14,114,0.3254131213369982
2023-01-20,4,10,0.6280852703950441
2023-02-24,11,181,0.39862765715971515
2023-05-06,7,60,0.3073562605802108
2023-11-27,18,109,0.009610814132389178
2023-04-25,15,113,0.561501752459325
2023-11-30,11,17,0.8524638039073561
2023-05-10,3,96,0.9593731736395996
2023-08-13,12,46,0.531853639205697
2023-02-24,12,58,0.6807074019606102
2023-05-21,17,98,0.8047364793218869
2023-06-18,23,34,0.41449432470174696
2023-08-05,9,185,0.44815480758556414
2023-07-16,10,144,0.06643571029476758
2023-02-01,16,161,0.07160617646297474
2023-12-25,14,141,0.5027821803063837
2023-09-20,11,188,0.920733241720241
2023-12-19,16,74,0.3215060037852284
2023-01-13,23,53,0.05431237473859085
2023-10-11,13,131,0.35288117771833394
2023-01-28,10,111,0.2544616858250033
2023-01-10,10,1,0.29702001014102086
2023-01-16,13,36,0.07846158424962946
2023-05-07,23,194,0.24084277397606169
2023-11-11,5,137,0.36213866105205206
2023-05-07,6,190,0.42551500309683643
2023-03-06,24,169,0.171374347720179
2023-01-15,5,60,0.43880723067381755
2023-03-15,22,126,0.6744801594977302
2023-04-17,17,22,0.4360995701435826
2023-11-23,12,60,0.5241430230524354
2023-10-05,21,12,0.9017959577170678
2023-12-30,15,6,0.7286749112282103
2023-07-17,6,82,0.4730449315654438
2023-11-12,3,23,0.30515232000491
2023-05-21,20,13,0.9184981962301574
2023-11-06,17,28,0.8349143003221496
2023-11-05,15,129,0.6141532432103999
2023-02-06,2,172,0.8400877437482479
2023-12-14,8,38,0.9217750808465636
2023-08-23,5,186,0.38653394899074134
2023-03-10,16,92,0.9071533369201169
2023-01-15,5,189,0.1033209277500986
2023-04-29,19,128,0.21122100815715894
2023-10-16,17,37,0.8727974870181672
2023-10-13,10,22,0.1601691638338154
2023-07-27,22,145,0.8176101273272787
2023-03-22,2,153,0.1829299417912681
2023-03-24,9,104,0.24127351428826382
2023-11-11,20,149,0.6753737564842008
2023-09-12,12,91,0.10845016747909919
2023-04-27,14,189,0.9222273812925809
2023-06-03,9,93,0.41995641517662574
2023-06-08,9,48,0.3849547572605009
2023-08-10,16,53,0.7004469452750696
2023-12-22,14,94,0.15331918330305838
2023-03-30,25,169,0.6698736742112553
2023-01-01,8,72,0.4793953317109757
2023-04-22,20,50,0.14939667501864684
2023-07-09,4,166,0.6391495867652321
2023-11-28,24,36,0.15354538569167675
2023-11-30,3,133,0.9475284552765507
2023-04-28,6,65,0.03536523637842748
2023-08-16,10,56,0.36392337688219223
2023-01-11,16,2,0.8462417742613341
2023-10-13,16,136,0.07978161315925947
2023-02-16,11,194,0.47996993633243423
2023-06-20,4,155,0.27653332759218363
2023-05-08,21,170,0.21410058647290853
2023-11-02,8,106,0.11082598257660525
2023-01-10,12,164,0.7471051182675477
2023-02-06,1,37,0.6970194805335431
2023-10-15,12,32,0.751442370182315
2023-03-27,16,47,0.40562814351443754
2023-08-05,6,52,0.6331337465907125
2023-02-15,20,84,0.9704219677488021
2023-03-04,22,102,0.9157894561813967
2023-08-31,24,4,0.8530536308607126
2023-10-22,24,6,0.9644230016001198
2023-05-20,25,110,0.7894487784577899
2023-12-17,24,180,0.16966885459515701
2023-01-16,13,183,0.552767883035552
2023-12-12,7,72,0.25062973541819233
2023-10-02,2,158,0.6977541435012095
2023-07-01,13,180,0.7838891720397777
2023-02-17,10,181,0.6596974809400329
2023-02-28,16,8,0.2296148149861399
2023-08-02,11,106,0.3131946100810443
2023-07-10,17,178,0.019936188732907922
2023-11-29,25,75,0.6909728759339572
2023-08-21,1,105,0.7043961836092342
2023-05-26,24,128,0.955414682082573
2023-09-19,5,9,0.4309747748312419
2023-03-25,17,78,0.6418560969667325
2023-05-11,1,181,0.32002523588113296
2023-01-13,6,189,0.46858022889467776
2023-10-13,13,1,0.6769095710919
2023-11-13,7,116,0.523570943073456
2023-02-06,13,174,0.2131226239686277
2023-04-07,6,199,0.5735750905968992
2023-06-07,12,89,0.4846511078718819
2023-08-13,8,101,0.3545831278893107
2023-07-18,12,3,0.4381127026748284
2023-10-10,15,3,0.046008883963788216
2023-10-07,17,84,0.6280370643495531
2023-11-06,12,165,0.9753465788927217
2023-04-09,2,63,0.1570633607288061
2023-03-18,17,46,0.30864456185491673
2023-12-17,14,108,0.7078685209093573
2023-04-17,23,117,0.8991049727113645
2023-03-19,22,1,0.025468686634221305
2023-07-04,2,110,0.021078935489342254
2023-11-26,25,195,0.1299847493846964
2023-10-27,22,130,0.6139376117911933
2023-10-03,17,141,0.2170654619824054
2023-07-18,17,6,0.8763321146953209
2023-09-20,20,51,0.3375399230462579
2023-11-20,13,76,0.1503505934002064
2023-07-27,8,130,0.420844667584521
2023-07-10,15,127,0.380118386025714
2023-01-20,9,149,0.9673339321593938
2023-03-01,3,178,0.6829841394025962
2023-01-19,17,139,0.6656988293249021
2023-05-28,25,77,0.8991283603618567
2023-03-23,19,91,0.3720752412784467
2023-06-06,6,26,0.5924697346285613
2023-04-25,17,112,0.02781472597248902
2023-01-05,16,113,0.3348509085750587
2023-01-27,23,96,0.845121246715465
2023-11-05,23,182,0.11317600756731572
2023-09-12,22,35,0.0907463203931892
2023-07-22,11,94,0.03108306676543382
2023-08-01,6,19,0.009594420352533883
2023-08-13,22,31,0.12353922416218566
2023-12-08,18,111,0.800639793428775
2023-11-15,12,111,0.3291501136733087
2023-09-29,2,136,0.011438101200230255
2023-03-21,12,119,0.3920153414576443
2023-03-21,6,97,0.6118543116545969
2023-10-10,21,79,0.15145135774495766
2023-08-08,14,73,0.5594396335480226
2023-09-25,24,103,0.04643096479652076
2023-09-11,21,27,0.43207891550431354
2023-12-19,25,137,0.22619361291299156
2023-02-10,17,67,0.7843800585993791
2023-02-23,5,160,0.6782895856048392
2023-04-26,9,109,0.3081741848289302
2023-07-08,18,181,0.6656810514716375
2023-01-24,4,120,0.4919512967339882
2023-05-31,21,60,0.8823957363286022
2023-09-05,15,126,0.5684922538702667
2023-06-22,22,73,0.5342751884054824
2023-04-04,24,31,0.46841382639138796
2023-10-28,2,87,0.49168056510504776
2023-12-11,7,72,0.8720377903630463
2023-06-18,11,41,0.2656161473887082
2023-06-27,15,134,0.20836202403455029
2023-11-13,19,128,0.6071072036409564
2023-01-26,16,199,0.5980105925955466
2023-08-27,4,39,0.7664256477956667
2023-10-28,4,66,0.21799333781892927
2023-08-18,18,4,0.18971693429914938
2023-04-27,19,154,0.7963296113050752
2023-07-03,6,73,0.7121610683012933
2023-01-16,8,119,0.3570461576806401
2023-02-26,1,118,0.08621944397204195
2023-10-04,1,124,0.9544667410834867
2023-10-20,2,138,0.10600324746659251
2023-10-31,10,85,0.7150602412617453
2023-06-04,17,151,0.6846438476640809
2023-04-01,25,49,0.07385901226410352
