date,store_id,product_id,value
2023-11-29,6,131,0.3443040837113087
2023-12-25,8,108,0.5628222950205725
2023-11-09,22,183,0.12975415924249012
2023-06-28,22,105,0.8931261316735246
2023-01-28,13,32,0.7010057342358991
2023-11-06,20,107,0.14004131739330183
2023-05-10,22,53,0.07333818996306485
2023-10-13,9,141,0.23006952720197515
2023-03-03,5,6,0.9942410142229164
2023-10-09,6,25,0.3803193871689676
2023-06-24,12,74,0.7021343185425499
2023-01-02,3,158,0.3516882486633961
2023-06-19,19,40,0.939947805046837
2023-12-28,19,152,0.039894667402377015
2023-08-13,8,187,0.52659642404711
2023-05-20,25,181,0.7253187878901678
2023-08-07,15,85,0.294825447840415
2023-10-31,25,48,0.8237950041095671
2023-04-02,19,191,0.94852162150609
2023-07-21,18,151,0.3353723158889289
2023-12-05,5,184,0.7564521013745318
2023-08-30,1,108,0.9499766235131112
2023-01-11,12,49,0.5555184490903861
2023-05-04,4,126,0.6123519841105322
2023-10-10,25,120,0.38186439284706264
2023-04-21,13,104,0.40863905483746854
2023-04-06,23,23,0.7335227470930474
2023-03-30,3,36,0.9309725897493055
2023-02-13,12,146,0.889787055482422
2023-08-15,6,139,0.8189688527922565
2023-09-09,23,12,0.10279963465447206
2023-12-24,1,169,0.9889601442492311
2023-06-23,11,17,0.6282622203087413
2023-03-22,4,171,0.25501319104755127
2023-05-18,10,54,0.937219391557786
2023-06-24,19,63,0.5872380206010432
2023-03-17,14,43,0.25474407138006916
2023-07-22,9,182,0.026201206161601598
2023-05-17,1,10,0.7721167057130789
2023-11-30,23,184,0.5546683062912147
2023-11-13,23,102,0.3796427262279345
2023-04-18,13,91,0.03988598535790022
2023-04-26,13,146,0.944946198133824
2023-04-22,6,147,0.30219371788242555
2023-05-02,18,77,0.27570580688926905
2023-08-31,15,112,0.8068000446043075
2023-01-03,25,91,0.14229367300153783
2023-10-08,1,171,0.4837224957759849
2023-04-14,15,147,0.10828492618757557
2023-01-31,16,50,0.39044582757830226
2023-09-02,4,152,0.9453520623792189
2023-01-28,11,173,0.9689641892268653
2023-11-23,14,103,0.5933239049242246
2023-06-03,17,161,0.18935013514108667
2023-10-03,17,164,0.7064456562268867
2023-01-07,11,153,0.3199909531263
2023-08-24,21,111,0.09052443196584314
2023-03-17,18,32,0.34007458491829234
2023-02-04,11,125,0.3528570748836408
2023-04-26,1,200,0.9593343643069807
2023-12-21,15,82,0.8404448300307865
2023-01-17,18,176,0.000948990058788346
2023-03-28,11,182,0.056754978598408834
2023-01-30,11,103,0.14923851778363262
2023-06-13,1,25,0.3524847479770815
2023-03-09,24,50,0.020002298862130008
2023-03-05,8,175,0.12643693237468068
2023-01-01,17,175,0.7235706126585902
2023-06-11,5,123,0.6239877638685873
2023-09-26,24,3,0.5514384127838271
2023-10-28,15,81,0.6942720917538765
2023-02-10,6,4,0.0014865976856582863
2023-06-09,11,62,0.08964295106573528
2023-07-26,4,80,0.9158519718103486
2023-01-26,4,154,0.892252106209223
2023-11-10,4,2,0.3723679039676622
2023-04-13,6,81,0.3656408415785074
2023-01-28,23,128,0.27220081051012135
2023-08-29,10,70,0.4486543802193166
2023-02-18,1,188,0.7910250182500906
2023-12-03,14,179,0.9430612668558994
2023-01-13,2,140,0.5492147827934827
2023-11-10,12,16,0.7629794241910351
2023-12-31,20,186,0.7146002426755927
2023-07-28,1,169,0.8023808043650393
2023-12-21,18,124,0.32952208617991197
2023-04-04,10,9,0.29616353685717745
2023-04-10,8,127,0.625262325634779
2023-01-10,6,109,0.2968962511134272
2023-04-30,1,72,0.015063220348934592
2023-08-25,2,172,0.7149359882507127
2023-11-22,21,71,0.10385587884615344
2023-07-30,21,176,0.25427430526508177
2023-07-31,11,41,0.8026514678979814
2023-09-06,13,65,0.39117100179457265
2023-01-27,7,170,0.41358090837146844
2023-03-14,21,5,0.43016323085598096
2023-12-08,15,124,0.7767383601692265
2023-07-19,13,28,0.5699192470311968
2023-10-04,6,147,0.2827104019710647
2023-09-12,22,119,0.14436665092567846
2023-01-10,7,29,0.9648656403942002
2023-02-17,5,27,0.2788285417016354
2023-04-30,7,10,0.017849210489742084
2023-11-28,15,37,0.9407048294646981
2023-08-09,2,131,0.5758097059210653
2023-08-16,14,88,0.5770293544374662
2023-01-20,13,161,0.8324648485116718
2023-10-21,25,23,0.5968680882754509
2023-07-09,15,63,0.2509856636618042
2023-04-20,14,54,0.5079081991096229
2023-04-09,16,19,0.652022427017748
2023-08-21,23,17,0.7224920009455044
2023-12-16,2,157,0.3660150441392318
2023-09-16,3,21,0.9881593300222453
2023-03-23,12,191,0.511466434928158
2023-07-08,24,87,0.4944334119253626
2023-08-04,22,20,0.983356174501507
2023-06-04,5,18,0.16007829898567005
2023-12-29,20,135,0.5636982700987283
2023-05-04,4,65,0.3427153388304722
2023-03-09,4,92,0.20732954745438847
2023-05-03,4,51,0.8590532723403084
2023-05-09,13,108,0.9286414638184433
2023-05-03,5,103,0.15409841684144554
2023-08-08,9,146,0.3524802614459749
2023-07-13,9,61,0.5948560795904634
2023-10-07,2,73,0.009585523913755667
2023-11-24,9,26,0.05866687571389195
2023-07-24,18,32,0.23200829213497198
2023-04-14,20,12,0.7424148889532759
2023-08-05,4,131,0.008002550262344976
2023-12-30,14,163,0.28972494208143473
2023-11-02,23,45,0.9406980178122413
2023-01-30,16,168,0.8800773856985556
2023-10-08,7,146,0.24495615713927588
2023-02-15,4,34,0.2795845855161103
2023-11-21,9,195,0.3965907696165366
2023-08-10,9,191,0.8789689797010428
2023-07-18,4,103,0.3594509240884166
2023-07-03,22,16,0.5035444121038675
2023-12-10,22,117,0.8042572057318191
2023-02-08,12,20,0.3800961733630541
2023-09-08,6,76,0.24050604793570196
2023-05-29,18,179,0.7432131697643964
2023-06-18,11,106,0.34901309197133956
2023-10-22,24,155,0.8094315887623085
2023-09-01,23,111,0.8798205747471928
2023-01-24,12,101,0.5684583234166232
2023-09-29,8,55,0.8402425569920426
2023-05-19,3,141,0.9872857483382588
2023-05-08,18,163,0.9417440636495843
2023-06-19,11,80,0.3525853471002536
2023-01-28,14,89,0.8522209435808334
2023-06-15,3,66,0.9152988304299989
2023-08-11,4,23,0.2413810408362428
2023-08-23,20,85,0.585394979822591
2023-03-07,13,115,0.47513507210788974
2023-03-26,20,140,0.8782916297045934
2023-04-13,22,39,0.017922196652606748
2023-10-05,20,116,0.2644664116067569
2023-07-21,8,165,0.8451666716980125
2023-04-23,5,1,0.6375341326428612
2023-10-08,19,84,0.32876077545847415
2023-12-15,20,193,0.797081547358678
2023-05-21,18,162,0.21628897978009864
2023-11-03,9,89,0.934238628930579
2023-01-03,2,8,0.1741399858395063
2023-03-24,11,200,0.16779857567259393
2023-04-25,12,118,0.6018903947465316
2023-04-15,8,134,0.6514583871209172
2023-11-25,3,67,0.7310503820691422
2023-11-27,1,174,0.6320637522049053
2023-12-20,16,102,0.4505677982918953
2023-04-13,18,49,0.9565955257199582
2023-11-01,7,113,0.6029491923807592
2023-10-06,24,151,0.5216193776222776
2023-08-02,25,25,0.7674387532273614
2023-06-08,11,174,0.021810303474729453
2023-07-18,1,195,0.055456901365417144
2023-03-26,13,66,0.014774189062625398
2023-04-21,5,191,0.8907733683964187
2023-08-07,1,4,0.4165293125970819
2023-06-29,6,173,0.805969835886383
2023-08-02,12,183,0.6284587411955357
2023-09-22,23,60,0.9968799591313172
2023-11-05,10,199,0.9943072061317522
2023-07-17,10,3,0.5157796114195178
2023-12-19,7,74,0.16985856943704936
2023-08-15,18,133,0.616315325108415
2023-12-26,24,56,0.839116966185159
2023-02-20,14,168,0.45033579557641257
2023-01-07,22,151,0.1720897596632358
2023-05-20,10,45,0.4329258633457428
2023-01-28,9,194,0.7904219103970019
2023-08-15,24,200,0.8344965212463886
2023-06-25,23,198,0.5234472987878312
2023-06-19,21,157,0.0899461088241883
2023-02-06,4,184,0.3047327275043805
2023-01-02,13,178,0.6917702582761106
2023-02-11,12,46,0.8130093044719038
2023-11-14,17,57,0.04909736348355509
2023-04-19,23,112,0.7179496114195321
2023-12-06,17,37,0.0903490751439423
2023-09-27,20,44,0.6207923645961723
2023-05-12,8,54,0.6991175175986505
2023-07-18,15,14,0.6098587818189266
2023-01-10,1,70,0.28187020583510847
2023-10-08,10,152,0.639585169524721
2023-04-19,7,49,0.7841959868769471
2023-02-28,2,152,0.6537827118182066
2023-09-26,7,200,0.4467996608318129
2023-01-16,21,159,0.4724530897309168
2023-04-13,3,121,0.41644233061226077
2023-12-17,19,62,0.9756807783008787
2023-11-18,23,165,0.047883688375112365
2023-06-01,16,143,0.6069203242898646
2023-03-20,15,198,0.4112898722528525
2023-09-22,6,36,0.1061704063885115
2023-01-27,13,118,0.9079479014037244
2023-10-30,14,45,0.4877228559372939
2023-03-13,22,143,0.11970608173255426
2023-12-15,3,195,0.2557390338206309
2023-11-13,22,81,0.5627596017298356
2023-01-21,21,74,0.9064021383560483
2023-08-30,16,31,0.8103008708876777
2023-05-16,2,148,0.5158035105635845
2023-02-07,12,126,0.2646195989237219
2023-09-11,18,185,0.6927235037063767
2023-03-02,8,132,0.9885107354521925
2023-04-29,10,54,0.5910442276128326
2023-01-13,9,74,0.2808400523818373
2023-09-14,8,132,0.6539871784166126
2023-09-04,13,195,0.9331766970016453
2023-01-10,11,69,0.15929952763347344
2023-09-14,11,107,0.01014267043609951
2023-08-25,13,169,0.34079362676053926
2023-08-16,18,179,0.10686981508110938
2023-07-15,3,5,0.9444673664050321
2023-09-23,11,9,0.1349284598123116
2023-01-14,23,63,0.894509457948929
2023-09-06,8,99,0.10185816039772155
2023-01-12,7,47,0.5897975111631413
2023-05-21,17,30,0.003990964717946577
2023-12-10,20,86,0.17865091601407823
2023-10-18,14,180,0.6117444501402363
2023-10-27,22,38,0.19795674628018622
2023-08-04,13,11,0.117287678033141
2023-06-10,1,180,0.7677248907392944
2023-06-30,1,8,0.7489221635163906
2023-01-29,7,51,0.7922161523666572
2023-12-10,3,30,0.03233364281459861
2023-10-15,20,153,0.8826987229271055
2023-04-06,6,133,0.0022467179117019453
2023-11-24,6,1,0.11880315049917045
2023-03-19,8,162,0.749077423779935
2023-08-06,16,38,0.7203017730619701
2023-08-15,6,9,0.6383180898925339
2023-12-23,10,18,0.28221073662819407
2023-06-05,14,144,0.4868613403750722
2023-07-04,3,155,0.16631850867666698
2023-02-07,4,22,0.7304591376181258
2023-02-10,23,131,0.41259308123459515
2023-12-01,25,181,0.4277183935850952
2023-01-21,12,99,0.3470079396701772
2023-04-15,24,62,0.26181014407533465
2023-08-24,9,87,0.6233806497013631
2023-01-21,3,153,0.6946129290731359
2023-02-06,11,79,0.852584529077847
2023-07-03,22,166,0.1613650565793442
2023-06-22,14,90,0.11288722989723066
2023-08-18,21,119,0.2162308309937453
2023-06-04,14,163,0.9997570751439185
2023-02-22,18,180,0.2063573044820366
2023-07-16,24,170,0.8588977588242832
2023-08-21,19,67,0.8398840945366939
2023-01-01,15,38,0.948944595033813
2023-07-01,15,32,0.5253948496398849
2023-03-16,13,175,0.1897940200197723
2023-01-19,15,121,0.8232538892266861
2023-03-22,5,65,0.6154513106728524
2023-04-25,3,14,0.6812969761706192
2023-12-11,13,168,0.8684740727344796
2023-12-03,18,34,0.3139469413756828
2023-02-14,3,21,0.36075761784117244
2023-12-17,17,175,0.8986354323131421
2023-02-25,5,29,0.6424887969821464
2023-08-22,11,178,0.06117312373341133
2023-02-26,17,116,0.5445059537291725
2023-09-03,14,143,0.20380399619781386
2023-01-23,22,86,0.8278979038065072
2023-04-17,3,20,0.9458422092474237
2023-07-29,22,69,0.68960205621832
2023-09-21,12,134,0.9693397678833808
2023-02-17,23,176,0.18486185790937448
2023-12-04,13,2,0.3267152089795047
2023-03-03,13,200,0.018624870828355067
2023-03-31,5,187,0.5262924594408455
2023-01-02,20,198,0.6633381533788193
2023-01-31,25,146,0.36410697422814764
2023-08-11,9,125,0.39729226447482247
2023-05-30,21,102,0.26254797953874487
2023-11-26,16,141,0.9791739077845665
2023-09-20,21,61,0.5677396354022064
2023-06-10,16,166,0.6423588828192324
2023-07-23,10,159,0.8380213794296878
2023-02-19,1,91,0.9522936633069364
2023-03-13,8,105,0.050294045558464506
2023-10-12,5,19,0.377437885459166
2023-09-29,1,179,0.9638191905943568
2023-09-21,10,187,0.4946278860497625
2023-12-28,15,195,0.04104486141235408
2023-04-18,5,200,0.1977133496624377
2023-07-19,24,155,0.9537073711084326
2023-04-10,8,54,0.17995622527074306
2023-10-10,19,199,0.5915565268060139
2023-03-28,18,138,0.2980010969788136
2023-05-04,23,129,0.1721069073857101
2023-11-23,19,119,0.007736724076299661
2023-01-21,16,164,0.7225151502066701
2023-03-10,22,111,0.5329834926769585
2023-01-03,13,113,0.7906050138505847
2023-02-12,9,123,0.12350704749625119
2023-02-05,12,172,0.49199821354955653
2023-03-28,11,194,0.10935048051400464
2023-05-26,6,77,0.45922834740531904
2023-03-08,1,107,0.6799829757648606
2023-04-04,24,54,0.009439227344736345
2023-02-08,16,129,0.9621635734203964
2023-06-05,20,113,0.5845700631181296
2023-01-13,8,94,0.04581537397153612
2023-07-30,10,26,0.2987766516993434
2023-05-09,1,67,0.6908747857155586
2023-05-16,9,8,0.25307888887451746
2023-11-30,25,9,0.4575176043632
2023-10-22,1,72,0.13739830021203436
2023-06-15,23,178,0.8738963666047769
2023-09-11,11,11,0.9949815669064641
2023-09-28,10,69,0.8694336012759543
2023-06-29,24,110,0.6700606924911682
2023-12-07,10,111,0.10041391197155991
2023-08-05,4,128,0.03694969812008242
2023-02-22,20,116,0.5345775374932171
2023-12-04,21,78,0.8910188074121964
2023-09-19,5,120,0.4420114406788267
2023-05-27,19,55,0.5216202806260556
2023-01-05,3,31,0.609144848695314
2023-07-22,19,33,0.38724921574524374
2023-08-19,16,145,0.7108476769134309
2023-05-09,18,73,0.083358789703051
2023-07-04,20,120,0.3375050732323197
2023-12-10,17,141,0.8955616124314322
2023-02-02,2,139,0.0026662343352398254
2023-09-13,17,70,0.44162803968736275
2023-08-27,23,48,0.9982279980549973
2023-06-07,4,42,0.5102082699627734
2023-08-31,1,88,0.29690084740492684
2023-07-13,12,26,0.9283760110819964
2023-03-06,20,24,0.0020661243659114703
2023-07-31,18,84,0.5115163908421089
2023-02-24,18,43,0.6368061101793396
2023-09-06,24,17,0.42878529746547933
2023-07-12,13,155,0.34550996951131363
2023-01-12,22,50,0.7725850582518562
2023-12-12,2,6,0.4864039006040807
2023-05-02,8,124,0.4688157127364534
2023-05-30,25,159,0.5425304454934378
2023-09-13,5,59,0.9065364306090385
2023-04-26,2,53,0.7571456080552932
2023-02-11,6,39,0.9337341530631811
2023-03-09,6,136,0.8918530280631554
2023-09-26,20,32,0.2623194737348292
2023-02-13,5,45,0.48255533640615333
2023-10-20,11,183,0.78535766408721
2023-01-04,14,171,0.9232096923864176
2023-08-05,24,121,0.07441130044961874
2023-12-23,13,174,0.9121568368269763
2023-04-29,6,73,0.3963023788822775
2023-10-30,14,91,0.7590787171043525
2023-07-06,12,12,0.825826689698274
2023-12-16,20,38,0.848317995734463
2023-01-01,12,96,0.3989305033857332
2023-07-10,10,188,0.8883433418466693
2023-05-07,24,95,0.9464137347201376
2023-02-22,15,167,0.3941216808774901
2023-03-26,21,185,0.62063917741555
2023-08-17,6,21,0.5814592144386506
2023-08-08,21,21,0.826807396691287
2023-11-14,13,191,0.07235238511938846
2023-07-08,23,76,0.8772720071247885
2023-02-27,22,149,0.8390558210435949
2023-10-07,20,17,0.2527340588449739
2023-10-31,12,195,0.5877000964278077
2023-01-23,25,82,0.14989181303127785
2023-03-12,23,182,0.5629329250008217
2023-04-25,24,187,0.7497508685426731
2023-04-10,19,166,0.8285374785065441
2023-04-12,22,162,0.3880220657343316
2023-09-25,4,156,0.03683468385384381
2023-09-21,18,122,0.5724403529826705
2023-12-28,18,59,0.9643666693527329
2023-11-03,11,123,0.06821869263243574
2023-04-23,4,95,0.48602125178529587
2023-03-24,19,88,0.45607826016257047
2023-12-08,7,75,0.9677569475364718
2023-10-08,10,67,0.19722093093636717
2023-04-18,22,2,0.11820460901182439
2023-08-10,25,144,0.4815736484959382
2023-11-05,11,61,0.6122043678015526
2023-12-31,25,189,0.7923633708050448
2023-02-28,17,89,0.815293751093392
2023-05-21,2,98,0.182254010379736
2023-06-23,13,171,0.3073194075480563
2023-02-02,24,194,0.47354685948287145
2023-07-18,15,68,0.18647335239834217
2023-01-15,23,54,0.1600165917941202
2023-08-14,11,170,0.12360534287665403
2023-07-29,8,183,0.05943584789980927
2023-05-30,9,2,0.26422945729223835
2023-11-28,19,172,0.5153172010501119
2023-06-13,21,171,0.1861131924162691
2023-06-30,9,88,0.5621375264027567
2023-12-30,25,182,0.782396783770728
2023-08-24,21,134,0.4496633334193213
2023-06-28,20,71,0.7531014042836317
2023-10-26,2,79,0.549571911579384
2023-10-20,7,186,0.6699363214671336
2023-09-03,18,102,0.3638955591795172
2023-01-04,23,40,0.18266090798413515
2023-03-28,21,40,0.48988296217479754
2023-02-05,5,195,0.9132366799086721
2023-10-12,5,183,0.9598693489098314
2023-11-27,23,6,0.343299359839362
2023-08-04,16,156,0.5073316659710412
2023-12-07,9,1,0.4580446839749842
2023-04-13,12,183,0.9096916016400218
2023-02-13,5,75,0.5993842825709027
2023-03-20,15,30,0.9820578820990198
2023-04-10,1,54,0.8353849969951329
2023-04-27,25,55,0.7594248454828849
2023-09-26,7,12,0.30884556611450975
2023-07-20,9,11,0.6621665514449524
2023-02-08,4,62,0.6854021173847634
2023-08-30,14,65,0.48729113028635185
2023-04-12,18,50,0.17079527179364273
2023-11-06,9,133,0.48564412855982153
2023-03-11,24,72,0.3868391981372884
2023-12-03,10,163,0.042503566275878146
2023-09-21,11,85,0.5408461485017243
2023-09-08,1,130,0.24837226703648407
2023-04-26,1,91,0.7348140688261899
2023-03-30,15,98,0.8839063400807022
2023-07-20,11,110,0.5603818245623857
2023-08-22,13,32,0.8293081454501402
2023-04-07,13,130,0.9410675981615246
2023-09-04,20,55,0.23511026844615213
2023-08-11,10,154,0.23869472326674268
2023-01-15,21,142,0.22637952184781496
2023-05-24,21,145,0.2778430946935566
2023-08-16,5,29,0.46476653937794266
2023-12-22,14,36,0.8759997052596442
2023-11-27,19,100,0.5685459671084383
2023-11-27,16,42,0.46283159277428354
2023-04-18,18,23,0.0799225750243121
2023-02-14,9,126,0.7591706907727713
2023-07-06,1,24,0.6542953830548781
2023-05-19,19,174,0.8682078502841911
2023-02-14,19,58,0.7168769118190572
2023-06-10,6,44,0.13778785535858562
2023-09-01,13,67,0.7035220630307799
2023-10-01,8,31,0.6456223736159785
2023-12-22,8,39,0.31749070984293837
2023-11-19,13,98,0.6717431406163292
2023-12-21,10,40,0.08972569159966481
2023-03-11,8,188,0.19609526918210163
2023-12-19,24,195,0.2645812856432447
2023-04-09,6,53,0.6577292971416262
2023-03-05,6,40,0.010372649680575496
2023-05-10,13,42,0.1422847979715809
2023-12-05,7,4,0.2855747311837281
2023-12-15,12,139,0.13633681104536577
2023-01-16,4,33,0.15897152829530758
2023-06-01,5,43,0.6478629306348999
2023-04-25,5,73,0.247363956692081
2023-04-30,9,37,0.23575003834209696
2023-08-02,16,25,0.6928975645066856
2023-03-22,9,62,0.7336208916326846
2023-05-04,21,134,0.587039664252594
2023-07-20,21,31,0.9764572499664386
2023-05-16,5,120,0.3278160287889985
2023-06-14,3,133,0.2071052510453153
2023-02-19,20,27,0.14979408488542256
2023-04-12,13,1,0.7945061241847922
2023-06-26,16,59,0.6256406824466624
2023-07-09,6,145,0.11598410322571795
2023-10-25,16,175,0.7366296025765022
2023-03-01,11,111,0.46650263248133605
2023-05-16,25,127,0.8526877902354777
2023-12-30,11,182,0.46153008738574697
2023-05-12,23,48,0.7853668566902094
2023-08-31,17,172,0.7738872214008437
2023-08-18,22,73,0.49108889395483313
2023-10-22,2,121,0.12818419759371913
2023-08-07,10,66,0.8933029954955226
2023-09-17,22,185,0.25663511861164745
2023-08-14,10,189,0.28868503761298137
2023-01-31,25,190,0.3065971854930456
2023-09-22,19,85,0.9982276925907574
2023-04-13,19,153,0.6463828396783617
2023-12-25,12,82,0.6671497353870299
2023-05-06,16,33,0.1602363191965449
2023-03-05,4,87,0.8348310393779159
2023-02-17,17,21,0.20085647996681688
2023-02-07,15,136,0.3201964778771351
2023-12-14,15,17,0.5822562808086084
2023-07-12,1,28,0.8235625148401101
2023-12-19,5,46,0.25411474877895734
2023-05-05,13,87,0.9158418492210824
2023-09-08,4,106,0.4142505559225409
2023-06-11,2,197,0.2866204279608353
2023-09-12,7,93,0.3969367140227491
2023-09-01,22,166,0.35600941086503124
2023-09-13,17,69,0.5887515385135271
2023-03-07,23,14,0.9601483306279275
2023-01-10,15,176,0.20124613156893467
2023-10-10,5,75,0.4485052547984375
2023-08-29,25,92,0.46901256657839374
2023-02-07,19,66,0.1289915424403475
2023-12-07,12,200,0.23479443749598605
2023-01-05,14,187,0.8003769529846134
2023-12-09,6,162,0.465697463837086
2023-04-03,21,19,0.6604110364780674
2023-06-05,5,32,0.44138677866804354
2023-10-12,7,185,0.7722207657742964
2023-04-03,23,136,0.9254316865954947
2023-06-08,22,43,0.424618865158214
2023-07-07,6,62,0.01065666792481057
2023-07-17,10,79,0.5321259293499356
2023-11-12,16,164,0.22228970354951683
2023-10-27,21,97,0.2603918199409132
2023-10-27,11,50,0.08604552039281854
2023-08-20,16,82,0.4277305445079963
2023-05-23,4,108,0.09846473302250236
2023-06-17,24,38,0.40737385627115064
2023-05-22,6,145,0.422982185936283
2023-06-19,13,107,0.6670798441128514
2023-03-29,3,8,0.26761048582571434
2023-12-15,19,110,0.4311553704365102
2023-02-26,8,17,0.24526602418712484
2023-01-14,2,53,0.3237119640084697
2023-11-20,14,38,0.8977261095571037
2023-01-11,21,200,0.39949471742908316
2023-03-28,20,45,0.4838655607039489
2023-02-03,7,46,0.13824454921886742
2023-09-13,1,18,0.01025071779385911
2023-02-01,3,72,0.4997026115874592
2023-11-20,15,160,0.47151605722627077
2023-09-30,1,2,0.9544179433742185
2023-06-20,18,68,0.40563148323294484
2023-04-11,2,86,0.17089395510860272
2023-05-20,14,174,0.4226335814349268
2023-01-11,10,92,0.7444802644952346
2023-02-08,18,20,0.7684335710218922
2023-03-26,19,196,0.6061002463424293
2023-02-13,7,37,0.7318140593035283
2023-04-23,16,137,0.5353793055262956
2023-10-08,22,23,0.7546482283455035
2023-09-05,24,17,0.7698438052595092
2023-07-31,8,77,0.47181674804806206
2023-10-28,4,145,0.8199923973876789
2023-01-14,18,5,0.5360234325388912
2023-12-13,24,8,0.18694091493157527
2023-11-07,23,50,0.22315446211772538
2023-11-11,19,36,0.372825268341331
2023-11-22,20,108,0.403483074068103
2023-10-26,13,87,0.9667259347893672
2023-04-18,15,104,0.24906228938885766
2023-11-07,3,87,0.39623397909588653
2023-11-12,13,17,0.8082762567011833
2023-05-18,5,21,0.6436458024215401
2023-10-02,23,192,0.6416916008965396
2023-02-01,12,136,0.7999119626099481
2023-09-14,19,95,0.5243063702850584
2023-02-18,7,146,0.5411676394390988
2023-11-11,23,128,0.9123079064332892
2023-06-23,12,66,0.33538113044215934
2023-11-18,1,105,0.41981772997934386
2023-09-01,18,15,0.8073014415273833
2023-11-28,14,184,0.8828999937081679
2023-05-25,21,177,0.7145707834471928
2023-03-25,17,145,0.04668764968669448
2023-06-23,12,65,0.8582423698403415
2023-10-04,5,20,0.6908796820980939
2023-06-25,3,83,0.18497024794283234
2023-02-19,24,63,0.9781667556551988
2023-02-11,3,158,0.5021473201952009
2023-08-05,24,60,0.44620357676955147
2023-08-11,10,21,0.5046681702630208
2023-10-03,12,80,0.7954049882800348
2023-09-03,10,97,0.5435751634815155
2023-09-13,15,82,0.003987846770194703
2023-09-13,7,26,0.9376788227318683
2023-04-28,1,193,0.579417887162676
2023-03-30,14,107,0.7253874251184651
2023-01-23,21,7,0.5100776537317115
2023-08-22,11,157,0.4653044651493745
2023-02-14,4,41,0.4535316593909753
2023-06-27,5,193,0.5901275538777055
2023-01-04,25,39,0.9572632931950825
2023-06-06,7,164,0.057995966785761355
2023-02-24,25,64,0.7675534725713793
2023-02-16,18,155,0.10430992054365384
2023-11-03,25,45,0.6821734894167697
2023-04-01,3,170,0.262732954221512
2023-02-17,15,177,0.2953599315549892
2023-01-06,15,99,0.7763381883894097
2023-08-09,24,5,0.5847314724893738
2023-02-12,10,134,0.42484901988394663
2023-10-05,7,66,0.805568404496827
2023-11-17,24,163,0.8234995133531996
2023-09-08,16,193,0.6445467342967043
2023-03-12,7,38,0.10963171962853657
2023-07-06,25,145,0.6951228469448184
2023-08-09,19,81,0.7447818481088931
2023-08-26,11,143,0.08145869241708725
2023-04-07,18,58,0.5452061548973176
2023-05-15,2,197,0.5169418210140003
2023-08-21,10,191,0.9579113103900443
2023-11-10,18,78,0.9145178568846994
2023-02-09,24,171,0.23057499551477612
2023-05-27,11,5,0.12969443329676011
2023-12-08,20,198,0.5579158956785579
2023-05-01,12,190,0.3843414409660535
2023-10-10,12,178,0.38498622803728966
2023-10-08,14,196,0.6502802340664803
2023-01-06,24,157,0.5027045132671436
2023-07-06,21,101,0.010368499008273857
2023-03-09,8,171,0.8427092424882718
2023-02-10,12,174,0.2008813635558
2023-09-03,16,49,0.8183552864172099
2023-07-09,20,105,0.6874450643528233
2023-10-25,6,45,0.018019047240473762
2023-01-11,20,76,0.6082585909151206
2023-02-18,13,1,0.689320018068413
2023-09-29,1,88,0.9748183296269477
2023-09-10,23,67,0.7899740505502718
2023-03-21,8,29,0.6801430906064257
2023-11-05,11,200,0.790986059114484
2023-02-20,5,91,0.29085434959064904
2023-01-01,11,129,0.8340866691532758
2023-11-19,12,34,0.6323586026408167
2023-07-28,24,39,0.9540714356885642
2023-08-31,13,194,0.8262261448681673
2023-12-17,5,153,0.7150983854028347
2023-06-22,19,194,0.4430208040555227
2023-08-03,17,8,0.6285342812131578
2023-12-20,3,27,0.7306134266947728
2023-03-22,18,15,0.8661357598044946
2023-06-18,11,186,0.7175399484325086
2023-08-11,23,90,0.04224118441733382
2023-04-01,21,53,0.27261000064209306
2023-11-16,22,23,0.92863654507157
2023-02-13,23,160,0.03244500412830942
2023-01-20,12,12,0.6163542916360337
2023-03-17,19,169,0.7523055725727545
2023-07-16,16,85,0.7279619279763458
2023-09-06,16,44,0.32975731830203325
2023-02-12,12,58,0.3460341373745719
2023-02-28,21,109,0.01735746331032406
2023-03-31,5,24,0.4883073057426721
2023-04-18,17,60,0.7404746251704746
2023-01-30,17,52,0.6442553915248047
2023-05-15,22,139,0.08140875582081486
2023-07-06,18,12,0.47667805531212126
2023-01-02,16,154,0.7324092791071873
2023-04-21,21,138,0.24780443748372105
2023-01-06,13,186,0.7610846122695917
2023-01-01,23,86,0.3817949935048913
2023-02-10,18,58,0.040407882313315935
2023-12-08,15,95,0.9968313167488296
2023-12-23,15,160,0.7928588706284863
2023-12-09,9,57,0.47751719294383055
2023-01-01,13,186,0.20393888682432326
2023-06-27,2,148,0.3312696702544239
2023-03-21,10,177,0.8325229781131194
2023-12-15,21,61,0.25596078380587084
2023-12-19,14,81,0.532089780824993
2023-11-10,14,173,0.666755848332648
2023-01-24,18,46,0.8559192357536438
2023-01-21,7,79,0.46310782596511557
2023-08-15,18,189,0.9135476781687222
2023-09-26,4,5,0.4445968698703081
2023-07-13,18,177,0.251755382230624
2023-03-31,9,69,0.11467095047865195
2023-07-07,8,169,0.8253767620980612
2023-10-23,5,123,0.2677099715144622
2023-07-28,5,186,0.5506680415609372
2023-09-05,5,97,0.1642576789813558
2023-07-03,25,11,0.4135701642810108
2023-01-25,8,189,0.13158582183092993
2023-03-14,17,124,0.06484484987339922
2023-02-24,19,99,0.2836621876839538
2023-02-25,10,190,0.4941627595848235
2023-09-20,4,176,0.6799343226471828
2023-12-19,20,50,0.5715052965088653
2023-08-06,21,184,0.9338763509827122
2023-10-21,11,26,0.3063771767034149
2023-06-21,18,3,0.7352903282286478
2023-12-20,2,47,0.7239692255536455
2023-08-11,2,53,0.11200179604826543
2023-12-24,2,181,0.022788482696664558
2023-05-26,15,29,0.7839576689251433
2023-06-03,9,158,0.7076589967866396
2023-06-21,25,62,0.5748565390364839
2023-11-22,3,15,0.8504359827076752
2023-08-10,9,171,0.6008613121552987
2023-10-16,1,141,0.606427774602439
2023-11-02,7,171,0.7984663446607644
2023-01-14,20,9,0.2554840406685881
2023-09-17,19,89,0.8525096061242158
2023-02-10,23,174,0.9020565784471816
2023-02-03,6,51,0.7564932761996492
2023-11-16,14,168,0.6229237595642388
2023-07-10,16,146,0.08196977008664352
2023-12-09,7,32,0.5417746064442005
2023-11-17,5,117,0.14072562370162012
2023-12-30,21,125,0.7466070462308858
2023-04-26,7,115,0.6058605292267922
2023-05-04,14,163,0.7470114675090649
2023-05-14,19,16,0.39431644405938715
2023-01-01,16,44,0.20862473722327213
2023-01-19,5,72,0.42875039588512565
2023-06-25,16,5,0.5371213511152373
2023-04-28,8,62,0.003928837616169578
2023-10-11,5,43,0.4100283985611223
2023-08-06,7,96,0.7918901761934352
2023-06-25,10,179,0.9209259055905774
2023-03-10,20,161,0.5624289047868911
2023-09-02,7,150,0.4637121322557314
2023-07-06,23,135,0.0986901956078009
2023-06-29,4,86,0.530462111270867
2023-03-14,14,197,0.4191889126030054
2023-07-08,12,196,0.44900505666546675
2023-12-20,18,57,0.5605404082242132
2023-04-25,2,91,0.32209042013340083
2023-07-14,19,146,0.09876072914315626
2023-11-23,23,13,0.9402128381771376
2023-04-26,21,17,0.17068920261692366
2023-07-21,14,50,0.17838586801832645
2023-06-26,15,77,0.31972641795014156
2023-12-23,10,76,0.7016679056509681
2023-12-29,24,84,0.5660060927341652
2023-04-22,17,131,0.4900745592410889
2023-05-28,19,70,0.7974966183401268
2023-09-16,24,26,0.7526688757539849
2023-03-31,8,90,0.47835798936340823
2023-05-31,14,145,0.014844573904122638
2023-11-01,7,34,0.7145843275770424
2023-02-24,7,63,0.9238990133229918
2023-11-18,9,17,0.3000303649186553
2023-11-27,17,100,0.5249122930783081
2023-01-27,20,75,0.5575687002294037
2023-01-03,9,117,0.35134415455375045
2023-07-27,17,9,0.31527326317378035
2023-02-03,8,157,0.9178978268491625
2023-07-11,1,83,0.7470276380505108
2023-12-02,24,55,0.8497821128227686
2023-06-04,5,27,0.4579932420109536
2023-08-07,19,42,0.12238408171466741
2023-10-22,19,34,0.9517021078614708
2023-07-22,1,101,0.3756616397723942
2023-08-19,19,44,0.23635230655048
2023-07-01,10,42,0.7838535848576962
2023-11-23,17,179,0.4111583223409584
2023-02-06,15,158,0.21488887969421877
2023-11-27,1,83,0.3982784371026875
2023-10-19,22,7,0.8982221695486218
2023-08-23,16,35,0.013906166053068936
2023-02-11,16,97,0.6336172354004256
2023-10-23,11,1,0.1683966844440301
2023-02-21,8,68,0.9171119453867839
2023-11-09,9,33,0.18112116207962625
2023-08-03,25,149,0.12627691000555485
2023-11-27,23,171,0.09088324198697983
2023-04-24,8,82,0.4824666376505182
2023-03-23,22,157,0.15190458599277434
2023-02-02,3,49,0.8030727593873228
2023-05-13,9,197,0.41872789232622454
2023-10-21,3,177,0.6355207340510715
2023-03-22,3,10,0.33611973056322697
2023-12-20,25,26,0.21165605789748898
2023-03-08,21,94,0.7528585551388314
2023-05-28,10,167,0.3186453882259489
2023-06-04,9,10,0.027834638621310304
2023-08-24,23,157,0.15499250543560672
2023-01-24,13,8,0.5256267099474193
2023-11-02,3,117,0.1046891932357018
2023-03-18,2,148,0.8797893465537896
2023-03-09,17,27,0.9065748511577005
2023-10-28,6,7,0.8525875611775953
2023-04-17,6,27,0.03049622054953971
2023-04-26,24,153,0.14811983289122643
2023-11-25,17,196,0.8158969592941878
2023-06-29,13,184,0.34217259660465693
2023-03-28,25,105,0.6617069139341745
2023-07-30,5,124,0.012412577072152042
2023-12-03,21,159,0.36851929700309294
2023-04-08,5,184,0.5066574673032286
2023-10-14,19,132,0.4886783215232787
2023-05-24,11,50,0.04866635114855444
2023-03-15,21,109,0.5943029109813888
2023-11-15,11,154,0.0908449791661462
2023-01-28,24,195,0.6021694800625598
2023-01-23,11,77,0.579700990780761
2023-12-01,9,116,0.017656532916565326
2023-01-27,21,15,0.8416708139706014
2023-03-13,14,102,0.7242090504634261
2023-06-13,2,5,0.9159514773347951
2023-11-22,25,184,0.14378782010072022
2023-07-12,14,48,0.5992941005167394
2023-06-04,11,161,0.9125632154213297
2023-07-30,16,190,0.4254630672605816
2023-05-08,22,110,0.4312537137042406
2023-01-20,19,90,0.41956599375318204
2023-04-12,3,54,0.7543571382642399
2023-02-24,9,184,0.790734844059943
2023-03-25,9,48,0.5629563505021237
2023-09-30,25,111,0.48071447781842547
2023-09-10,17,2,0.962287729302313
2023-03-19,17,178,0.1551322735056916
2023-10-21,7,5,0.8079881393291867
2023-01-10,16,173,0.5546469355967849
2023-12-04,20,148,0.3416770200322341
2023-06-20,7,14,0.6624734699786242
2023-10-06,14,20,0.6886713924602285
2023-05-24,9,186,0.5253149379211616
2023-12-29,11,166,0.4082167831367082
2023-06-10,7,91,0.2819952602768131
2023-05-18,16,167,0.8031843666131756
2023-08-15,22,78,0.7567543106586725
2023-09-03,25,139,0.6051484821385186
2023-08-11,6,50,0.21388257302253244
2023-09-11,19,169,0.4439153920295009
2023-07-04,21,48,0.5951606965076425
2023-12-05,22,1,0.04506139219799665
2023-05-25,22,95,0.27051691276557155
2023-12-13,3,91,0.7512789522293046
2023-04-09,8,46,0.4365325701981829
2023-04-26,14,37,0.73814394008859
2023-06-17,1,146,0.5300586897594459
2023-10-08,18,8,0.05779645205477857
2023-05-24,22,42,0.42019855056641453
2023-05-09,19,62,0.25227921522751506
2023-01-01,8,150,0.7015484953136819
2023-05-14,24,20,0.7518304352565495
2023-09-29,4,137,0.39937263996859085
2023-06-25,15,160,0.24556912643795792
2023-12-15,10,135,0.668742250993404
2023-01-17,10,85,0.6156994040572795
2023-03-30,10,88,0.33797821225173874
2023-10-22,8,25,0.5442233430557395
2023-06-15,22,38,0.9000279673911562
2023-08-04,22,167,0.4900805693202791
2023-05-31,5,142,0.8706899333801337
2023-07-20,4,115,0.12472877660003934
2023-09-05,6,4,0.14362510538497797
2023-12-19,9,110,0.0828233413697359
2023-06-10,13,29,0.4641546439398285
2023-02-03,15,157,0.2151831962838845
2023-12-06,16,26,0.7693270024922856
2023-03-22,25,1,0.08717784962961106
2023-12-30,10,109,0.47611190437746354
2023-12-05,4,114,0.7742953451793821
2023-11-01,19,140,0.11798648761007402
2023-02-15,12,118,0.8424381993014921
2023-07-06,15,73,0.7141486061534024
2023-10-16,14,188,0.7506166332687849
2023-04-11,20,75,0.24068165978076683
2023-12-06,13,142,0.425152218903331
2023-02-03,21,33,0.2723968586439619
2023-09-07,9,70,0.042444434211592164
2023-10-14,15,123,0.07003304986811087
2023-01-29,10,186,0.44960506148827184
2023-10-06,25,56,0.36368910172724545
2023-03-14,3,179,0.42636315443249373
2023-09-25,22,130,0.47682813968180715
2023-01-25,14,103,0.8998386423331644
2023-12-19,22,159,0.8252721167903642
2023-12-15,18,146,0.5690723990390673
2023-08-26,10,54,0.29932237006045803
2023-07-07,9,196,0.5019640240464093
2023-02-08,3,13,0.9190770945218497
2023-07-09,21,19,0.2409034225497233
2023-08-21,21,143,0.19244755943640623
2023-03-29,8,60,0.721374358117045
2023-01-07,16,192,0.9710488173494767
2023-05-26,10,198,0.12395866367066732
2023-07-07,14,147,0.8798298752132726
2023-10-31,6,97,0.3075902237747885
2023-12-24,17,81,0.6112420123675376
2023-03-30,1,70,0.9981676372545241
2023-06-12,14,164,0.06725793166336314
2023-11-07,14,12,0.1669729950922667
2023-07-05,25,182,0.031235809514694957
2023-09-26,21,46,0.9270235165930126
2023-07-07,2,28,0.3748358939236379
2023-03-31,8,16,0.5923300420943894
2023-12-03,10,78,0.6721325317330658
2023-07-15,6,58,0.36103667867681466
2023-07-13,21,28,0.9684431630763923
2023-05-31,2,143,0.5378832016827265
2023-05-28,14,80,0.018129702160981087
2023-11-18,8,110,0.14136841417089263
2023-04-01,14,104,0.538430531575166
2023-11-24,11,14,0.13270260522880584
2023-07-17,20,123,0.13062747169971078
2023-06-29,16,8,0.9365602866832232
2023-05-09,4,10,0.875367953695754
2023-07-26,12,64,0.32907779275283633
2023-07-26,5,146,0.42405535400938776
2023-01-03,8,44,0.9664824116030541
2023-03-16,21,117,0.4869295417283339
2023-05-10,3,179,0.43583251402259204
2023-07-14,3,106,0.6517714889203607
2023-10-22,15,13,0.5591430298347713
2023-07-07,15,90,0.4584378095294146
2023-03-18,5,33,0.5791807389044202
2023-05-28,18,66,0.9386554141205946
2023-12-23,3,130,0.46915312069231985
2023-04-29,21,174,0.8459950402504991
2023-06-30,11,77,0.9794570936294373
2023-08-01,5,49,0.9992037272890048
2023-05-31,13,74,0.6225689707596507
2023-11-25,1,58,0.22651768732631095
2023-02-25,13,7,0.4988205696840622
2023-01-15,8,3,0.8280029479746109
2023-09-16,12,106,0.8859106518478361
2023-08-05,3,89,0.25753934868443895
2023-10-30,9,53,0.7765415272805007
2023-04-16,25,90,0.3645688027230216
2023-03-20,7,138,0.14744452170184486
2023-11-30,6,24,0.29289298640107
2023-05-26,19,138,0.6933477342695978
2023-08-29,15,141,0.038404448897376264
2023-07-04,23,53,0.06874822697422134
2023-01-23,3,70,0.34137724886938114
2023-05-06,17,98,0.7670384621179056
2023-06-25,8,123,0.12090399713473532
2023-12-31,23,188,0.3614204847259118
2023-06-08,12,175,0.14478362448944704
2023-01-31,23,198,0.10026978012698362
2023-01-04,15,85,0.2661107634365657
2023-12-05,22,169,0.3921166738951961
2023-12-26,20,46,0.9618725782279258
2023-09-20,22,147,0.6014380416392792
2023-01-12,17,183,0.039635153740986806
2023-07-28,6,20,0.3432161361160867
2023-12-20,3,27,0.33675192491350503
2023-01-16,21,115,0.5395408708125136
2023-11-04,1,63,0.2291807850011418
2023-04-17,25,155,0.401351905119707
2023-05-07,3,151,0.6431645195839079
2023-09-12,9,10,0.7892924343783109
2023-11-30,23,172,0.07608067040126021
2023-02-11,25,7,0.015313560406420512
2023-06-15,17,16,0.5968888679533412
2023-05-19,22,76,0.41991759788901406
2023-08-29,16,5,0.896394969888905
2023-09-14,20,86,0.6454234458288458
2023-11-24,24,10,0.6246860179012012
2023-07-04,15,145,0.6986756355318171
2023-07-17,3,156,0.7336716358030181
2023-10-30,12,68,0.8836519979590686
2023-08-30,8,185,0.47086492247274525
2023-07-23,4,44,0.5911609912443022
2023-07-14,12,138,0.8305202309758287
2023-11-13,20,56,0.035917598132255035
2023-10-06,7,163,0.38564697010694027
2023-01-25,7,150,0.810901874083708
2023-02-06,17,51,0.5335773277264395
2023-05-12,14,152,0.006070087094052767
2023-10-10,11,25,0.2163812513053236
2023-10-06,13,173,0.4197277162183578
2023-11-03,25,136,0.5436061111290262
2023-08-21,20,86,0.4686233697172225
2023-07-09,5,40,0.5019411351419688
2023-08-20,19,40,0.2941528836850066
2023-03-30,24,140,0.025302132636159214
2023-04-01,5,92,0.1872249019810086
2023-07-22,6,146,0.4349668972730807
2023-03-15,8,182,0.27010917416727465
2023-05-16,22,176,0.19192798232182406
2023-03-08,11,14,0.5189586148463843
2023-07-04,14,105,0.4663530793967242
2023-11-07,12,162,0.9107804293653431
2023-05-25,5,149,0.7585602834296157
2023-01-18,3,188,0.8287385361826766
2023-07-13,1,144,0.60654448151493
2023-04-29,19,187,0.6196989449219966
2023-02-21,18,36,0.7583796240359733
2023-05-18,6,1,0.5114146930902302
2023-01-18,19,45,0.19884972978463344
2023-02-19,19,53,0.09877164768698654
2023-04-05,12,37,0.4632701686122229
2023-06-20,5,143,0.9471384811248249
2023-06-01,1,189,0.7299300993557979
2023-01-10,7,97,0.05531717461931607
2023-01-13,15,192,0.08607773164917498
2023-10-03,12,104,0.6673793066913843
2023-10-21,20,114,0.3042002264934811
2023-12-16,15,159,0.9324397442593362
2023-07-26,19,196,0.454846480461374
2023-05-14,16,151,0.3546084165386587
2023-03-02,23,100,0.8345858846114773
2023-08-15,7,67,0.8139721292236923
2023-12-09,24,152,0.29251680068637775
2023-03-30,17,162,0.4737121998302196
2023-11-01,7,167,0.3975924524035491
2023-03-03,23,92,0.6068439830406339
2023-02-05,17,45,0.21377479955324818
2023-04-20,21,180,0.8443084990587305
2023-01-05,21,178,0.038938667014637995
2023-11-04,10,161,0.5599015138992389
2023-01-07,16,94,0.8287456856446846
2023-05-07,8,138,0.8605684042040547
2023-06-09,18,136,0.4688243008566132
2023-05-09,12,82,0.4373243828797203
2023-01-30,9,160,0.7907034767565767
2023-06-21,6,189,0.6861660265954432
2023-04-12,11,193,0.9097049883088286
2023-01-01,8,62,0.49018531044638425
2023-05-13,5,70,0.7556274460058064
2023-02-17,3,33,0.2150605800025296
2023-09-20,8,137,0.2982226791942949
2023-11-15,21,8,0.7917528448023229
2023-05-14,3,88,0.8995929885113612
2023-03-23,12,4,0.21233272129753944
2023-10-21,24,4,0.6703803453866702
2023-02-09,12,55,0.14581539496898388
2023-07-26,8,46,0.27427442459197926
2023-10-04,6,133,0.6736417697562586
2023-02-24,19,166,0.7967930606362429
2023-09-18,1,95,0.5466203118513834
2023-06-14,6,123,0.5565039455098962
2023-12-01,13,73,0.7323273125992443
2023-07-28,22,60,0.632913739418442
2023-04-12,4,84,0.13539386347059357
2023-10-22,20,194,0.04831459922452652
2023-01-13,23,133,0.0804218874816055
2023-06-14,18,64,0.4669686958950059
2023-08-09,15,64,0.9093528979651747
2023-05-08,15,180,0.11617043510606562
2023-08-28,5,40,0.5279158604833375
2023-06-08,20,74,0.3248317417714184
2023-04-27,10,199,0.35562446070912934
2023-01-15,13,92,0.11873797661969299
2023-10-20,8,21,0.17340307668133237
2023-02-21,18,22,0.6394391764499908
2023-03-09,21,52,0.9932897666986061
2023-10-30,19,9,0.8870100793338261
2023-02-04,17,68,0.008150782142115065
2023-06-28,15,26,0.7159292394880762
2023-09-26,21,33,0.7946074723374263
2023-02-19,16,27,0.4697398007586918
2023-04-14,18,85,0.15647879146119692
2023-07-12,4,173,0.7940941091023265
2023-09-21,7,117,0.3095442919167295
2023-12-13,16,134,0.48328289901569066
2023-09-23,4,87,0.09112976244627147
2023-12-28,18,60,0.9022810520304608
2023-03-27,10,93,0.5093243396080129
2023-04-20,15,94,0.4257903660943124
2023-05-04,20,181,0.9608836415075446
2023-07-19,11,169,0.17763998908284984
2023-05-26,4,21,0.02022814519828764
2023-01-28,10,28,0.4979157253864803
2023-07-28,23,26,0.6380658208527427
2023-05-26,20,150,0.6275008415160355
2023-09-05,2,45,0.5696716941962293
2023-11-13,19,152,0.7075614094734006
2023-05-02,14,132,0.9744173456425578
2023-03-23,7,148,0.14392836423882327
2023-12-17,11,118,0.22738564507647752
2023-05-11,21,24,0.8816957979652422
2023-10-05,17,199,0.004464239883468224
2023-06-10,21,22,0.9311973955699069
2023-04-20,1,65,0.7750380682356951
2023-03-26,18,173,0.8141347139924471
2023-09-09,3,3,0.004290185638582633
2023-09-30,13,171,0.10086624207589778
2023-11-16,11,126,0.5365379147112052
2023-07-25,5,32,0.13003907334338782
2023-03-22,14,135,0.22518334176889643
2023-01-16,19,74,0.08217001083481301
2023-08-30,16,113,0.1857887828672521
2023-05-14,14,65,0.5388465750445601
2023-12-14,21,75,0.17306712858121687
2023-04-26,24,149,0.5255918604069085
2023-01-20,16,188,0.923056190482039
2023-07-27,7,97,0.813622599765959
2023-02-27,25,34,0.42708186556955974
2023-12-02,13,97,0.9782395281451355
2023-04-24,11,125,0.4210130181738132
2023-10-03,12,53,0.8027508353317533
2023-04-08,19,79,0.5968312755911532
2023-07-10,23,132,0.05680086841950904
2023-04-24,24,67,0.956248527819988
2023-05-04,18,48,0.5416123896092148
2023-01-08,9,124,0.49381439680239536
2023-07-01,17,157,0.1106909886499694
2023-11-18,15,140,0.1358636990735932
2023-09-15,7,17,0.696968678607594
2023-07-16,6,154,0.05946124038862699
2023-09-08,18,50,0.5497047007014408
2023-09-27,17,139,0.9934032583942904
2023-03-25,21,110,0.49496835387749516
2023-01-15,6,131,0.014351684735462222
2023-01-10,18,71,0.23225427674664212
2023-09-28,10,41,0.7100845375140168
2023-06-15,7,175,0.4430791967485689
2023-08-19,25,184,0.9024148358395722
2023-03-19,17,73,0.31661873931665785
2023-01-27,14,187,0.4376172633250214
2023-02-15,8,156,0.14326127793085708
2023-05-10,21,146,0.348559155862289
2023-01-05,7,115,0.4442157290844505
2023-10-10,3,90,0.11767981547377404
2023-03-17,14,30,0.5199030563533232
2023-08-21,25,125,0.08298541128759862
2023-09-20,5,170,0.895688326082836
2023-02-06,15,36,0.7623834053251644
2023-09-28,24,167,0.20110475727403931
2023-03-17,18,190,0.4152356611492084
2023-11-19,25,70,0.6986881835542383
2023-09-26,1,198,0.7109746658925126
2023-07-01,5,52,0.7204638494736503
2023-06-09,18,115,0.4076579487250185
2023-02-25,19,24,0.010294348355138871
2023-02-07,7,38,0.8366123509566805
2023-03-12,6,166,0.022445943017322834
2023-08-25,18,123,0.5930203285199747
2023-03-31,9,72,0.7219724205815815
2023-10-12,12,78,0.12178366932003293
2023-03-13,12,12,0.21545244078037795
2023-10-22,19,88,0.5911905790906143
2023-07-29,20,23,0.6345599799530549
2023-01-03,24,109,0.8961730981768101
2023-12-06,18,130,0.7079099248901065
2023-10-05,7,143,0.7909787948122563
2023-09-03,25,56,0.11491220538164448
2023-05-12,9,189,0.28758126244084214
2023-11-07,24,125,0.22992074501808946
2023-07-29,12,11,0.039151986842299036
2023-07-03,11,101,0.07020802957106886
2023-06-08,23,180,0.117830790316236
2023-06-23,25,88,0.6065364197320461
2023-08-15,4,1,0.11556007537240265
2023-09-29,12,61,0.6375004686842333
2023-06-13,6,120,0.8375230888036654
2023-06-04,2,19,0.3153690542338987
2023-05-20,14,89,0.3808869533470054
2023-11-14,15,6,0.2775886024780272
2023-03-09,15,165,0.11096157269913975
2023-12-13,20,103,0.36856288468379195
2023-02-17,15,167,0.5483796482325128
2023-12-21,25,17,0.17712783206174576
2023-01-10,1,31,0.9432625929193365
2023-10-22,23,8,0.7245174529450119
2023-02-23,5,167,0.07452703419160722
2023-01-20,11,152,0.9686885914425258
2023-02-05,8,120,0.33423688718581124
2023-06-04,9,173,0.9772975099018584
2023-07-24,17,94,0.13934337521617868
2023-01-28,9,194,0.8591948305660325
2023-09-14,20,85,0.8866215676821634
2023-09-23,8,193,0.18949838791949658
2023-01-13,6,106,0.57872157402977
2023-04-24,11,74,0.755207944980484
2023-02-11,20,148,0.6111189139866358
2023-10-09,7,152,0.882277472119175
2023-03-10,3,45,0.023660313728908644
2023-11-24,3,96,0.787110739305591
2023-01-01,21,177,0.6501275444252373
2023-03-12,24,17,0.1520718156835288
2023-08-15,8,54,0.8399121844874868
2023-03-03,11,97,0.403465204839482
2023-07-28,13,115,0.8633917265886859
2023-10-02,9,143,0.15188501113061548
2023-03-23,4,159,0.8208597607948181
2023-08-10,9,106,0.17305065047233892
2023-01-27,24,137,0.6975395409892107
2023-11-12,14,62,0.7334449362431019
2023-12-14,4,112,0.40928821361989143
2023-06-15,16,35,0.7978092539079373
2023-02-24,23,79,0.5763660725063428
2023-02-14,10,58,0.33845027527657434
2023-04-05,11,194,0.6326169874337783
2023-09-10,14,45,0.9040308921493544
2023-11-28,20,178,0.07645190937255397
2023-12-14,19,10,0.3955119580685146
2023-01-20,1,171,0.6348953262756394
2023-09-08,15,55,0.5800063060047873
2023-01-30,4,125,0.5482178797778909
2023-09-06,25,169,0.9980529362971848
2023-08-15,7,200,0.853240416405697
2023-05-30,6,35,0.9533305809031881
2023-09-06,2,29,0.8598357712133935
2023-10-13,6,191,0.7392651690987754
2023-11-13,7,58,0.6422272435364867
2023-06-10,7,14,0.5233038085936993
2023-10-24,11,121,0.7198652944988632
2023-06-26,14,177,0.165510118090886
2023-06-09,15,128,0.28152194345018
2023-08-21,21,111,0.7399829580908103
2023-12-08,21,90,0.1380733114792172
2023-08-25,21,45,0.4980347364992389
2023-02-15,13,176,0.6676079436941871
2023-05-19,24,79,0.05146827629513828
2023-09-22,13,167,0.9596137086493436
2023-03-24,24,88,0.6644852666450163
2023-03-28,16,55,0.677634638203998
2023-10-28,6,182,0.7678265821520228
2023-10-09,15,188,0.1318300165413776
2023-03-08,17,184,0.7638159958222396
2023-07-29,2,144,0.21394630562901884
2023-09-06,11,153,0.39689013998266165
2023-06-17,12,98,0.8372995127178571
2023-09-06,17,8,0.6891338345244661
2023-06-06,5,138,0.17501870998110658
2023-08-20,3,188,0.3356621186360984
2023-06-05,16,171,0.5906947534478079
2023-05-13,2,127,0.931925588776585
2023-06-02,16,124,0.010889740242677415
2023-11-19,6,161,0.37464953502064335
2023-07-24,20,8,0.9306343539652578
2023-11-15,22,125,0.10668272748666552
2023-12-02,6,42,0.4806337902505565
2023-04-22,3,87,0.13683507459870747
2023-06-05,1,192,0.6311146444875482
2023-06-01,11,181,0.6568383770703483
2023-03-22,13,99,0.4563622912814328
2023-08-12,13,83,0.15593960429996234
2023-05-24,15,182,0.15630880961074223
2023-03-15,15,184,0.9024744788423095
2023-02-16,17,2,0.5432667448706087
2023-06-24,5,141,0.3992004251205391
2023-08-10,15,59,0.2116463749658829
2023-04-21,24,55,0.9622968157299226
2023-07-01,1,86,0.5684621563272872
2023-01-18,10,124,0.014835494742185151
2023-08-01,3,11,0.09588173610727868
2023-03-31,2,30,0.768078957833842
2023-01-25,4,156,0.6495908592126476
2023-02-22,18,175,0.9495657662951539
2023-01-07,2,134,0.936736555891817
2023-03-24,1,167,0.15012173901229708
2023-11-05,5,114,0.5112606125044206
2023-03-02,15,89,0.18479896320493294
2023-03-29,9,61,0.924542872207983
2023-09-05,23,73,0.7987082627549384
2023-09-19,11,132,0.4429049338318042
2023-05-22,1,78,0.46174251210566586
2023-04-06,5,113,0.012877775063797503
2023-07-08,18,192,0.2692746866695773
2023-07-09,20,147,0.711530740125001
2023-04-17,23,22,0.9441752618076119
2023-08-17,8,178,0.15850218544251882
2023-12-08,6,25,0.9194851240966291
2023-04-28,15,72,0.19585030093291322
2023-10-24,21,143,0.34194606642546554
2023-06-17,9,90,0.971058622725387
2023-05-19,19,11,0.5399477521140683
2023-08-15,11,73,0.6373803210427339
2023-07-13,21,171,0.6245118746095599
2023-01-08,5,121,0.3091815897199338
2023-03-11,11,14,0.7123273149889121
2023-02-04,10,138,0.20883890673705585
2023-12-09,16,113,0.32006600673825814
2023-07-03,25,63,0.9472542395206639
2023-07-13,17,34,0.5810536038218049
2023-07-05,2,76,0.5413791222733887
2023-04-21,12,10,0.10872780604657006
2023-08-21,14,164,0.3526993710165144
2023-02-26,7,49,0.08634242015206761
2023-12-02,19,57,0.6125909381734783
2023-02-26,22,84,0.650728891204485
2023-09-26,13,49,0.10943560556446763
2023-01-07,3,73,0.795437107848531
2023-08-02,19,59,0.7257163140379866
2023-03-06,14,71,0.30728139109686925
2023-07-22,25,194,0.7231906388114792
2023-12-19,25,183,0.6438742734408187
2023-07-30,6,25,0.6220422711432912
2023-01-02,17,136,0.27824608976983645
2023-05-12,24,197,0.2999132524286592
2023-12-25,18,121,0.47035694169872144
2023-10-29,3,101,0.5747922534323473
2023-04-14,15,76,0.01158030298094459
2023-10-08,10,181,0.3476382151070925
2023-02-10,1,7,0.01643918220686902
2023-06-09,25,35,0.17401631046642074
2023-12-29,13,97,0.6515292596007051
2023-02-08,24,132,0.0003923991977978769
2023-02-05,23,12,0.8711958140206223
2023-10-08,5,71,0.18604156726338927
2023-12-08,3,160,0.13532465526347692
2023-05-20,3,23,0.641771547566562
2023-08-09,13,63,0.8738970492219804
2023-04-30,4,40,0.3807771054804244
2023-07-24,19,114,0.7952402981508875
2023-12-07,6,94,0.21778644462473828
2023-01-09,20,12,0.06939510461886811
2023-09-24,5,184,0.7338861949908175
2023-09-05,11,116,0.05475670355763862
2023-02-04,4,112,0.2925242743807621
2023-12-23,2,127,0.1188761001209433
2023-08-05,12,26,0.6820218468137886
2023-09-04,1,40,0.586447291054931
2023-04-24,14,34,0.39469550860831926
2023-04-28,10,73,0.07224940092390053
2023-12-09,5,28,0.20978818267909083
2023-04-11,7,10,0.9038964390099793
2023-05-05,13,200,0.0944482690283086
2023-02-26,12,67,0.9412985505844531
2023-02-08,12,107,0.39801446937582063
2023-11-04,14,170,0.2893348140341955
2023-07-14,23,18,0.421881080084069
2023-10-14,1,54,0.18297767849025348
2023-05-18,2,157,0.004595041272661415
2023-02-11,14,161,0.09717871248991539
2023-10-26,3,31,0.1963545234861831
2023-07-27,23,132,0.9851326023065985
2023-06-20,5,66,0.4648414633864759
2023-12-21,21,27,0.43536517149551435
2023-01-22,1,67,0.12263417137646793
2023-06-16,13,12,0.8810186255881356
2023-12-11,7,86,0.6324411612329067
2023-11-18,23,94,0.7385917567951317
2023-06-11,19,1,0.5617721633499342
2023-10-25,1,183,0.060390302714710686
2023-11-08,13,86,0.22556763591509055
2023-07-14,8,23,0.3293547453271022
2023-09-16,5,44,0.10182464446581385
2023-11-17,4,190,0.6016797348752436
2023-01-05,22,130,0.6446052203241139
2023-05-14,21,39,0.568870077707564
2023-11-25,12,58,0.7651659440233751
2023-09-15,16,151,0.19971820561039355
2023-11-29,1,189,0.5149833309490042
2023-12-30,11,174,0.19522144138916797
2023-08-23,17,44,0.41491281582013706
2023-05-31,9,142,0.39439728141765906
2023-04-11,1,173,0.5913964001527506
2023-09-24,10,134,0.1850294525246462
2023-03-12,25,142,0.34712007967215486
2023-12-05,17,4,0.25030431581756796
2023-10-26,5,1,0.03456756620116164
2023-12-07,8,20,0.15081143556389753
2023-09-10,7,66,0.09313688380761487
2023-03-25,23,25,0.15583057358935493
2023-05-18,19,25,0.9913655013186801
2023-04-12,3,175,0.5944722885761368
2023-10-07,15,41,0.2899478601061092
2023-12-07,21,13,0.014382649168898642
2023-09-12,14,69,0.8569662865865992
2023-05-29,18,68,0.38276560666823245
2023-05-08,3,61,0.7645773455957365
2023-03-11,16,182,0.989796244388519
2023-10-09,13,60,0.9226484106272766
2023-02-08,5,130,0.6015159373963916
2023-03-06,2,131,0.11882005236430238
2023-05-01,8,1,0.7997496288108424
2023-03-29,15,23,0.17237659609118006
2023-08-17,10,145,0.12473304140381725
2023-09-12,2,105,0.9873527125016244
2023-09-15,9,18,0.4136780462634405
2023-02-03,11,127,0.5228906853164043
2023-05-01,15,51,0.15045252580787316
2023-07-23,13,189,0.7263005450658759
2023-03-04,10,32,0.9688851746599666
2023-09-19,25,2,0.41774759568272213
2023-03-18,23,130,0.1412979602723241
2023-09-27,15,154,0.9383095423620564
2023-07-11,25,29,0.5569545003650221
2023-06-10,14,14,0.1632143556408573
2023-04-29,21,29,0.5098350999520915
2023-07-01,17,73,0.015990028915255583
2023-02-18,21,53,0.6976960336084503
2023-08-20,25,140,0.8259193196109443
2023-09-19,21,185,0.772866947933852
2023-07-12,1,169,0.5737015675330113
2023-11-28,5,143,0.952544541754043
2023-09-30,16,49,0.6276917198505222
2023-09-27,9,95,0.2845242109334346
2023-03-05,15,140,0.8565156581909024
2023-06-21,21,143,0.5770248035728984
2023-06-22,13,120,0.96846780683891
2023-03-27,6,89,0.9774105628718364
2023-09-27,18,10,0.9672435585777289
2023-09-30,17,32,0.5656930453578654
2023-06-06,19,53,0.3311011017353763
2023-11-28,18,65,0.1063378594921891
2023-05-28,20,97,0.8392068239550711
2023-05-23,7,194,0.7477712754470536
2023-08-31,19,26,0.37299871835455467
2023-02-10,20,47,0.3482721731351688
2023-02-26,19,119,0.9491253780572938
2023-04-22,12,116,0.4890019871821165
2023-04-24,9,121,0.647638039219657
2023-05-15,23,2,0.9915737054269604
2023-03-02,21,32,0.5947743042894267
2023-09-30,16,33,0.5872677654751685
2023-08-15,6,86,0.08064742640965072
2023-02-04,11,46,0.24101650066397562
2023-06-08,12,145,0.8414362139973588
2023-11-15,22,15,0.7889353695137318
2023-05-11,5,112,0.6567571934511356
2023-08-19,12,109,0.6885583000736539
2023-08-18,10,81,0.36879176089166443
2023-05-19,16,12,0.502900213958037
2023-05-06,7,78,0.4834969547720296
2023-04-25,1,77,0.30579064404246326
2023-01-22,9,151,0.6548462259070535
2023-08-11,15,175,0.0931159899654318
2023-03-05,19,14,0.8609406450134411
2023-09-06,19,108,0.3091723488737229
2023-09-09,12,7,0.4236784098487667
2023-11-24,2,127,0.9485653174312051
2023-09-03,12,180,0.2742717951839264
2023-05-19,4,180,0.04665948479010151
2023-09-19,5,88,0.1847781916942327
2023-01-09,21,45,0.3089683631738931
2023-11-24,15,92,0.5608817820014034
2023-03-16,1,11,0.852297580497396
2023-08-05,17,189,0.6277939105515646
2023-02-08,3,108,0.6867733172513809
2023-03-29,2,124,0.4406930721421126
2023-03-11,17,118,0.3386446369745152
2023-02-22,16,181,0.9497851188785958
2023-01-28,22,45,0.3886408915186257
2023-07-30,18,168,0.5884345316123012
2023-10-30,4,77,0.9478947478316266
2023-08-19,21,77,0.15013800026406043
2023-05-15,23,142,0.6752543257821095
2023-08-12,12,7,0.652094010002446
2023-02-22,12,100,0.23643438336661615
2023-12-16,14,55,0.9452179543585978
2023-05-25,9,27,0.34695743009414004
2023-10-04,8,192,0.5366553240662508
2023-02-13,13,106,0.671937683562524
2023-05-25,23,119,0.7567785371510952
2023-03-17,16,99,0.9482155317560742
2023-07-17,1,90,0.43200874786390997
2023-02-05,19,190,0.01702736785714354
2023-10-11,12,59,0.3267462043737628
2023-02-26,19,199,0.9952390797364623
2023-02-26,24,75,0.6822571046319091
2023-10-17,9,34,0.18859250219701373
2023-06-08,16,79,0.7221098326025125
2023-07-03,1,161,0.4264119485027422
2023-07-29,5,194,0.7951028627022193
2023-07-23,23,114,0.6135301248247712
2023-11-17,6,192,0.6221278986047262
2023-04-20,14,110,0.24853929501771765
2023-05-18,7,67,0.5426401006649504
2023-08-05,4,139,0.8371154606478083
2023-10-16,25,94,0.36040348807864864
2023-09-17,8,96,0.1365917016758894
2023-05-05,1,69,0.6721723999263379
2023-08-11,19,171,0.8270954428100612
2023-07-14,7,4,0.09668873886910645
2023-11-21,15,53,0.670083921883586
2023-07-24,1,31,0.7837279642913515
2023-07-18,5,147,0.9706217893402306
2023-06-01,23,178,0.43099954538610086
2023-06-20,13,30,0.6057689466701419
2023-10-13,13,13,0.3430401878270577
2023-08-02,5,96,0.06343146380501719
2023-03-15,17,52,0.4132495295937928
2023-02-27,24,4,0.3816351864828388
2023-11-27,9,199,0.5729561731131513
2023-08-23,20,157,0.8231496503001928
2023-01-07,12,186,0.37400559052282967
2023-06-17,11,190,0.30896899601460637
2023-03-15,19,34,0.5173203310025475
2023-12-17,12,157,0.2450228494557647
2023-05-05,9,68,0.5217030889692094
2023-11-25,4,8,0.43684372675183114
2023-02-13,1,112,0.7977794340180715
2023-12-08,8,48,0.9533487566137109
2023-11-08,25,77,0.8880985615668434
2023-04-10,20,32,0.593710532745707
2023-10-23,20,176,0.4337344095962351
2023-09-18,11,65,0.35035725704354237
2023-12-28,19,158,0.8045182437710872
2023-05-19,14,91,0.1126549879580514
2023-07-11,25,130,0.4058894502577871
2023-05-17,2,54,0.6559525914015188
2023-10-03,7,134,0.18876258000277224
2023-11-02,6,13,0.39859762278188404
2023-04-24,10,186,0.04814367314703527
2023-02-12,1,84,0.9048743342439306
2023-06-18,1,65,0.23492448128729315
2023-07-23,1,153,0.8753495966600942
2023-06-13,5,4,0.7343371731073031
2023-08-17,24,200,0.8198982163638652
2023-12-06,24,189,0.6749655433112374
2023-12-30,17,22,0.577111129315151
2023-09-13,12,107,0.009091725336777157
2023-11-21,20,46,0.41695984609471937
2023-02-28,13,28,0.5838195054285171
2023-02-21,17,197,0.32814879338674197
2023-01-22,12,78,0.19036917083519
2023-03-26,14,198,0.9442847451608977
2023-11-02,17,24,0.19547389993962871
2023-06-22,7,86,0.18856146224451642
2023-10-19,16,198,0.4374499754183375
2023-12-28,24,129,0.010812564629151034
2023-06-04,11,21,0.6218542924254221
2023-08-15,17,100,0.2026434632078129
2023-11-09,9,191,0.5836658522486436
2023-10-03,25,7,0.3009003953205258
2023-03-19,24,183,0.29269152773460416
2023-01-22,10,31,0.45387277677807314
2023-06-01,9,125,0.9899671711655118
2023-01-20,9,63,0.7257465803688329
2023-11-22,4,115,0.12076349310924639
2023-12-16,8,123,0.3074693248148077
2023-08-27,15,96,0.755970006238896
2023-03-18,20,122,0.8032408435090181
2023-10-10,23,70,0.8534090450980869
2023-04-18,2,52,0.0571872073455999
2023-11-09,5,174,0.5668895287877088
2023-10-10,16,46,0.3410218733573922
2023-10-03,22,47,0.7802807455837576
2023-05-06,25,46,0.056937042558114714
2023-12-25,3,35,0.8408959806920383
2023-07-25,15,142,0.4206261807429952
2023-04-11,13,159,0.9651899760814354
2023-08-12,17,83,0.4800243125639888
2023-03-25,24,2,0.6309195441180004
2023-07-31,13,84,0.11675371030999104
2023-05-11,17,91,0.4374902707889996
2023-02-07,22,150,0.9892757615091397
2023-02-15,3,67,0.42498065000271723
2023-01-28,4,167,0.624237297438987
2023-01-07,22,129,0.04916762365902272
2023-04-16,10,107,0.06217663139597329
2023-05-03,24,5,0.3717372815217179
2023-04-27,12,192,0.2522245998861946
2023-01-20,8,54,0.00945091358908634
2023-10-18,12,13,0.03285755493445186
2023-05-25,23,170,0.17333659447781413
2023-10-10,9,85,0.21695876659825108
2023-12-23,14,190,0.2024164263996513
2023-04-08,15,168,0.14942988743225571
2023-06-17,1,151,0.20089235497861646
2023-04-17,2,44,0.04846392350646922
2023-01-29,19,16,0.7317615497571187
2023-04-27,22,39,0.6423257533540975
2023-12-06,18,47,0.7120814525295536
2023-11-23,8,194,0.388106863004379
2023-04-21,14,110,0.5565589097259289
2023-09-06,21,161,0.8398140370362204
2023-09-28,21,80,0.3103399234769786
2023-06-07,15,141,0.6312729468203434
2023-09-30,10,91,0.5182876452088928
2023-03-15,15,94,0.3369567352826861
2023-02-24,7,179,0.5313106261211045
2023-01-28,11,181,0.7229329908824611
2023-01-10,25,47,0.2930397781788392
2023-07-07,18,10,0.7085694008871588
2023-04-25,21,58,0.8708392905638304
2023-02-02,20,20,0.15653633512972054
2023-07-15,4,67,0.3617945067464736
2023-07-13,2,142,0.44794284534052264
2023-10-18,10,185,0.9290607305275718
2023-04-08,24,81,0.24341682115606067
2023-09-15,6,186,0.4062096453020083
2023-09-07,6,77,0.6684458872654099
2023-01-29,24,157,0.7243825907175341
2023-05-31,23,63,0.40659036302642715
2023-12-30,20,80,0.22738316507554568
2023-05-18,20,9,0.549957128973751
2023-04-22,2,70,0.28997446356925194
2023-11-28,13,136,0.16716392969015226
2023-02-22,10,97,0.7741463569905188
2023-07-27,13,63,0.05785269106105162
2023-07-25,9,54,0.40424853887719003
2023-08-05,7,28,0.7767228143418176
2023-10-22,3,113,0.4975930576081343
2023-11-08,21,9,0.9512890154323578
2023-01-30,5,31,0.3467200109934775
2023-04-24,21,110,0.9004454850799805
2023-08-19,23,175,0.2840317247723271
2023-12-07,5,5,0.8792641532839952
2023-05-07,18,114,0.0435361698240192
2023-10-31,5,44,0.20553120538916902
2023-11-29,24,122,0.11796910214525402
2023-04-21,16,172,0.03629614301661799
2023-12-13,14,96,0.023020749381800987
2023-07-28,4,14,0.8457519813478666
2023-05-10,1,102,0.33975819506998417
2023-08-06,11,34,0.7055099969102943
2023-08-26,6,170,0.8837365184852305
2023-11-01,18,148,0.2825811101335608
2023-10-14,10,24,0.5534163087233284
2023-12-05,4,1,0.5702527693284422
2023-02-22,21,39,0.4018683238894992
2023-06-30,16,52,0.92584990427537
2023-05-05,16,57,0.09098335618498388
2023-10-24,24,171,0.3981677774026623
2023-10-20,6,44,0.6376722008054547
2023-04-25,20,18,0.535724451103252
2023-01-11,25,148,0.4310925936341601
2023-09-13,4,180,0.1874054035257846
2023-12-08,6,144,0.15590724877160878
2023-03-16,4,160,0.4983764112105157
2023-02-01,10,107,0.0658952056639861
2023-09-20,25,53,0.19120034729526003
2023-10-19,24,122,0.03201330278388792
2023-08-07,14,104,0.819761830578027
2023-01-19,12,86,0.739501747792034
2023-06-18,4,18,0.04133900859033435
2023-04-27,25,132,0.622687904341752
2023-01-23,8,115,0.1729042652502435
2023-12-06,20,93,0.7047718516421715
2023-12-16,25,29,0.800934251354186
2023-06-23,3,27,0.24242928242365802
2023-07-15,3,18,0.4230422593669958
2023-08-14,19,143,0.1918764388329438
2023-01-13,19,181,0.9316436356424109
2023-02-14,15,39,0.543562591487161
2023-12-18,13,189,0.6805141592566613
2023-08-17,14,28,0.7836251887436124
2023-10-09,15,198,0.41844677922011486
2023-03-27,22,83,0.9143410473140082
2023-12-03,2,134,0.9947380017519898
2023-05-01,14,5,0.7029984145162864
2023-01-31,14,51,0.10369290675207443
2023-03-02,14,63,0.6503727254734157
2023-04-14,19,139,0.23387136290872135
2023-04-27,3,72,0.7617163646654623
2023-09-07,10,166,0.07958155785033871
2023-10-24,21,184,0.7807798432289621
2023-02-21,9,62,0.17880770618704345
2023-11-27,15,134,0.01596523995143828
2023-08-01,20,101,0.4544133844361926
2023-10-02,20,94,0.2184588496691855
2023-08-02,5,112,0.3458015695861444
2023-06-11,9,17,0.25038973855603275
2023-07-03,13,62,0.5516384742028049
2023-01-05,23,33,0.7377677312562637
2023-11-14,8,5,0.8192473896633077
2023-02-13,10,92,0.3177486536767954
2023-01-21,18,100,0.18195170041268904
2023-04-27,2,60,0.029498170496432774
2023-11-07,13,16,0.2402886217937229
2023-10-02,23,47,0.6898516809621744
2023-09-03,25,144,0.4228674972712516
2023-03-17,12,149,0.19917863043577821
2023-03-02,14,93,0.2844389784471979
2023-12-05,18,100,0.22942326798443502
2023-11-11,17,145,0.2519787371739486
2023-09-02,14,49,0.42923875592946237
2023-12-26,6,183,0.8130888535345713
2023-08-24,21,180,0.37525547307004814
2023-03-29,16,10,0.21285569145532757
2023-09-14,1,40,0.055254422233662726
2023-01-29,7,97,0.1778482119896465
2023-10-22,17,157,0.8283217872337222
2023-07-31,1,151,0.7525635240152272
2023-02-28,14,14,0.6452526565632987
2023-05-08,25,28,0.31243725866323346
2023-08-05,24,38,0.8489320828053601
2023-09-04,19,145,0.3289661399089281
2023-06-14,23,107,0.32850519044225424
2023-12-12,16,76,0.14443746001340574
2023-05-01,25,40,0.5120387009787518
2023-12-30,20,192,0.2916367397326427
2023-06-26,14,149,0.15202611472912764
2023-03-23,14,26,0.3308826904688432
2023-12-23,14,127,0.18002835360217184
2023-07-06,19,124,0.06929166224098893
2023-04-28,25,200,0.7772513233074649
2023-03-22,8,157,0.5060384487350328
2023-08-21,2,132,0.6948589695141189
2023-06-16,3,108,0.4390118933689897
2023-06-25,8,34,0.49948231678376065
2023-10-03,18,88,0.34636190410160506
2023-11-12,21,36,0.8451948081436148
2023-09-20,17,145,0.7480873660862374
2023-02-27,17,51,0.9752625399564958
2023-10-24,19,99,0.2615009532165715
2023-02-03,22,81,0.9429378838532342
2023-05-16,2,102,0.24228730352090144
2023-06-06,17,180,0.41208325430317383
2023-10-11,20,108,0.7542393060972182
2023-05-14,17,13,0.23373403780658975
2023-07-18,15,88,0.6156181481585234
2023-04-10,18,119,0.6017697328402161
2023-03-22,4,95,0.12909917722487785
2023-10-03,1,166,0.0029103202478949486
2023-11-03,19,80,0.971066125002047
2023-07-18,22,67,0.3645182491994817
2023-08-28,15,161,0.5960598685752659
2023-08-07,2,20,0.2130504911147275
2023-09-13,6,107,0.5069994712217084
2023-07-28,6,145,0.56133075820568
2023-02-26,14,17,0.9780016603406068
2023-03-06,15,190,0.8296963963801849
2023-03-03,2,43,0.9629681674698338
2023-10-13,11,69,0.667459628712398
2023-03-12,6,139,0.14859398134783408
2023-05-11,10,121,0.8417568114720625
2023-06-23,3,43,0.5232542623805713
2023-11-22,17,139,0.5060759218553377
2023-06-28,7,69,0.4054751126121897
2023-05-06,1,37,0.5602995107958938
2023-05-02,22,138,0.19108461019500467
2023-07-08,3,104,0.1698009990120175
2023-07-21,15,180,0.897905391735133
2023-08-16,2,72,0.41920946732086706
2023-03-12,25,80,0.30576740190212737
2023-06-25,16,71,0.7917170543841135
2023-05-15,25,56,0.5815580028853744
2023-05-29,13,58,0.16686176080092774
2023-06-29,11,26,0.6760283275374571
2023-07-24,20,170,0.7736433217171202
2023-06-20,15,190,0.11512617972507355
2023-03-18,22,40,0.6298709025697031
2023-01-07,20,94,0.9465505528103872
2023-08-15,22,33,0.38043032903888874
2023-11-26,20,55,0.6615442224861834
2023-08-29,3,9,0.31102802824361775
2023-08-09,11,20,0.45796461070388883
2023-11-26,24,93,0.05558721795502064
2023-07-14,10,143,0.3690986217798038
2023-08-15,8,93,0.8362608350751594
2023-09-25,2,49,0.9457754439770982
2023-08-20,7,73,0.029996313677534525
2023-01-02,16,167,0.3353430986270367
2023-04-22,12,113,0.7324568056920561
2023-03-10,2,24,0.3421717827338203
2023-03-17,13,47,0.1668534614594841
2023-02-27,4,37,0.4875458137016393
2023-01-16,4,74,0.22819666340907496
2023-10-25,3,90,0.14502116597682413
2023-10-20,4,128,0.7864911190389862
2023-12-12,7,97,0.32061078006950827
2023-08-07,9,19,0.12222848378169437
2023-02-24,3,166,0.0038059677355839483
2023-11-02,25,157,0.8578712188352925
2023-09-27,20,65,0.9047289062687774
2023-04-29,22,5,0.4524218979867476
2023-02-03,23,14,0.06208546863635289
2023-10-21,9,19,0.1092491175838336
2023-11-22,11,5,0.8411908710001726
2023-12-14,20,184,0.5733095977946072
2023-02-13,25,19,0.5627384396912534
2023-10-09,9,33,0.19538305310453397
2023-10-07,12,191,0.9596425685903371
2023-05-15,3,167,0.5729425565316927
2023-12-03,9,76,0.4208540863813788
2023-03-15,25,2,0.6815416525667171
2023-04-09,20,160,0.3944321781357565
2023-04-09,7,24,0.3941949158713618
2023-07-29,12,76,0.9105484915715427
2023-06-07,22,74,0.24643241241607616
2023-01-28,14,33,0.13844281693356775
2023-04-05,22,88,0.05852883608382786
2023-08-16,6,190,0.8280197092556021
2023-08-07,21,41,0.8483491056032181
2023-08-31,14,193,0.3104214589506088
2023-07-11,8,141,0.7878984115059433
2023-03-23,12,32,0.1897942653928958
2023-08-12,21,54,0.31959972786618485
2023-04-12,15,28,0.44343132194026647
2023-09-20,3,131,0.08879397245661136
2023-08-13,2,36,0.7991445329797507
2023-05-04,20,95,0.7309984215761393
2023-12-23,9,117,0.876850583148995
2023-10-12,6,5,0.7116468922515384
2023-08-09,1,198,0.22461067368666443
2023-07-06,14,62,0.9824373219133787
2023-04-05,17,110,0.16535132266462138
2023-06-15,6,182,0.2943505986737863
2023-11-29,23,187,0.02209678162123907
2023-09-05,25,135,0.5646836836226664
2023-02-04,3,109,0.17885088091607781
2023-08-25,3,11,0.24266591138850746
2023-01-31,17,31,0.7494670326038694
2023-11-10,7,36,0.8214907240687918
2023-05-06,4,80,0.48573166729509687
2023-12-21,17,100,0.09358005397700331
2023-06-28,6,138,0.7336598592815384
2023-02-24,17,147,0.33648814636068414
2023-02-08,17,39,0.15814364813298043
2023-01-21,3,34,0.2123925837957047
2023-11-19,12,58,0.0967085068699346
2023-08-28,11,39,0.6083862507087909
2023-10-11,11,103,0.8734954913689631
2023-05-20,15,45,0.5144842998136764
2023-11-16,23,30,0.35621557096680523
2023-12-23,19,68,0.6708590764197543
2023-07-23,16,60,0.16833025425526216
2023-02-08,21,3,0.8681875244792524
2023-09-22,5,152,0.540778224126687
2023-09-07,3,141,0.6632447147622174
2023-02-02,25,111,0.7831104697630568
2023-02-24,2,37,0.6594666366417349
2023-06-08,6,102,0.49600526396638855
2023-12-21,24,150,0.7245977275484251
2023-03-01,6,93,0.13852241811193755
2023-03-21,19,146,0.7077533374176352
2023-01-13,23,194,0.9291829377699398
2023-11-03,23,88,0.5149401017874959
2023-07-11,1,4,0.785820282148966
2023-12-18,3,11,0.20575570497354845
2023-08-08,23,161,0.5734299521731119
2023-08-29,4,178,0.36352210239030625
2023-07-25,17,193,0.17429104246434945
2023-12-31,23,31,0.5119083697260997
2023-05-14,24,133,0.20921125733355772
2023-12-30,1,1,0.892574879279774
2023-12-30,20,85,0.6315085358417585
2023-08-16,21,15,0.6101390487827573
2023-06-10,22,46,0.4354173740571903
2023-10-22,22,96,0.019143561561864253
2023-01-23,24,43,0.28424002103382306
2023-10-15,13,134,0.41239140581619593
2023-11-02,12,13,0.6166810300361317
2023-10-19,4,89,0.4071004859617361
2023-03-24,21,95,0.3371326029995074
2023-10-03,20,134,0.22014289768259998
2023-08-29,17,189,0.2199919998799572
2023-03-06,17,113,0.7007141623915984
2023-03-31,7,30,0.6856574746748315
2023-07-07,19,16,0.5749657117082853
2023-12-13,17,200,0.07862993424113729
2023-05-27,4,196,0.6216846743351064
2023-06-15,19,191,0.5382289989700285
2023-04-18,7,187,0.57304565809996
2023-12-23,19,178,0.22964860576849677
2023-11-27,8,44,0.9065495838405432
2023-08-20,12,61,0.2126192128877924
2023-01-01,15,109,0.10762097385151959
2023-04-04,6,182,0.06919913610489004
2023-01-23,15,113,0.4053419035056086
2023-08-13,17,192,0.8008867622429431
2023-08-27,17,72,0.502266431036204
2023-07-06,23,26,0.415906145862176
2023-02-06,25,198,0.4855439438139365
2023-01-16,5,166,0.42078755168244064
2023-10-13,5,3,0.7294113211868647
2023-03-30,13,94,0.38669047151325886
2023-05-16,1,152,0.8579915426857466
2023-10-01,23,39,0.7860217800270961
2023-03-10,14,64,0.035200785060517825
2023-05-02,1,3,0.3675939723234126
2023-06-05,13,145,0.6001178847330761
2023-07-27,16,164,0.43214631510033863
2023-04-17,16,186,0.2578116086207519
2023-04-07,21,3,0.7098390737668692
2023-05-11,19,74,0.763387235702635
2023-01-29,14,178,0.0014795136222979233
2023-06-18,3,86,0.7676632831442012
2023-06-20,4,117,0.4736864350553548
2023-03-29,21,166,0.3342479838869544
2023-04-26,16,126,0.6081547196418842
2023-06-26,22,131,0.030401454120781657
2023-08-28,24,191,0.5113199190207719
2023-12-15,12,169,0.26392460697402687
2023-08-18,6,2,0.456530192544616
2023-08-11,9,121,0.403203847627424
2023-04-21,9,15,0.7340796348885943
2023-12-03,15,18,0.3651392976640523
2023-06-19,3,59,0.8365215629826719
2023-01-09,20,184,0.8447821026967407
2023-02-13,21,55,0.0006982019121333227
2023-11-01,5,137,0.8751387419143234
2023-05-30,1,73,0.2095420695982182
2023-05-23,11,174,0.03310206263307902
2023-04-05,6,148,0.935586461616767
2023-12-07,17,47,0.5704585822734267
2023-06-01,9,197,0.9559580144380556
2023-10-15,25,108,0.961417438335662
2023-12-08,21,102,0.7510952633125073
2023-04-09,2,146,0.4723805607820256
2023-12-10,19,6,0.3986821920096436
2023-08-30,22,153,0.34260928466771523
2023-04-01,19,87,0.7539702023354072
2023-03-12,1,45,0.6639517385557914
2023-06-07,14,47,0.04920915450706653
2023-12-19,17,80,0.5038035832637299
2023-07-09,20,51,0.6175045645555234
2023-10-30,19,150,0.8512086407671206
2023-04-01,24,66,0.4373120176099158
2023-05-23,7,98,0.20936434677582583
2023-06-17,21,186,0.010237249771187784
2023-03-25,6,65,0.6240217960065679
2023-10-28,6,150,0.8201802676058273
2023-12-26,14,126,0.36825111776946406
2023-05-02,6,89,0.6345925079629083
2023-03-27,1,104,0.6561823393008774
2023-12-12,7,143,0.48546547133359985
2023-02-27,17,199,0.45597619753896623
2023-08-11,24,177,0.37662609887716103
2023-07-18,12,178,0.7793063531828381
2023-05-04,5,50,0.9788329006340452
2023-08-12,25,199,0.3348408267679034
2023-01-10,8,200,0.07923056547129126
2023-03-19,5,38,0.04092632814411845
2023-09-11,6,184,0.5271874788018713
2023-12-19,3,4,0.9987578619296095
2023-10-06,9,184,0.2564935748939229
2023-09-04,24,150,0.24224679490970358
2023-09-20,14,77,0.050217523164462596
2023-05-05,20,178,0.9221646147815556
2023-08-04,24,183,0.649737980784839
2023-09-13,25,117,0.5682366081757242
2023-03-06,14,150,0.362672851847049
2023-08-18,3,195,0.9327377344658963
2023-11-10,16,47,0.07072071185384443
2023-07-22,22,198,0.07431438261441181
2023-02-24,23,25,0.3897563188906136
2023-12-04,5,61,0.3465444711591338
2023-08-03,6,163,0.7720238714508401
2023-02-14,16,89,0.2009868417512325
2023-03-09,4,73,0.5380173949974656
2023-03-01,4,122,0.1727641128478089
2023-05-18,9,16,0.38851916945684417
2023-03-08,14,56,0.12440427125978704
2023-06-25,24,163,0.06767000980977256
2023-05-15,10,24,0.47783894206070543
2023-01-12,7,4,0.4461334673985141
2023-06-07,9,183,0.2550523544332477
2023-02-07,8,150,0.9401519304666146
2023-01-01,3,28,0.18757759763727722
2023-08-19,6,35,0.8482455605959259
2023-09-23,9,77,0.07080495086339156
2023-06-07,9,18,0.9522091471157824
2023-08-24,25,190,0.21023930701955273
2023-10-28,16,2,0.10986585358607459
2023-08-27,2,51,0.5096388450376882
2023-04-20,20,29,0.6611466990510484
2023-07-02,17,70,0.34206167474744065
2023-09-21,6,147,0.6564473240573603
2023-10-29,18,135,0.49326678558219283
2023-01-27,1,150,0.11730959524175999
2023-12-13,9,93,0.1566462794831741
2023-06-27,11,17,0.07361787772159778
2023-12-24,22,126,0.26955722153882833
2023-11-12,8,38,0.2601833761709962
2023-02-17,5,80,0.810678053299696
2023-02-12,14,21,0.5586783390099086
2023-04-06,17,110,0.07402017307542741
2023-07-22,12,155,0.643311508656983
2023-06-23,18,2,0.36510196765960057
2023-07-29,24,157,0.6346244171138233
2023-12-02,18,67,0.5212590129174918
2023-05-31,8,178,0.1004567562144576
2023-11-11,23,11,0.8954884065211591
2023-05-07,23,187,0.0678267359138418
2023-10-22,13,51,0.7250212915574731
2023-02-02,14,192,0.496140124850606
2023-03-23,23,37,0.48410421082257327
2023-09-13,3,153,0.7481135998774839
2023-03-22,23,74,0.5179507075622921
2023-01-29,9,84,0.8101077366810956
2023-04-28,14,59,0.051248968755004176
2023-07-23,10,123,0.7319254773886626
2023-09-18,20,14,0.16734314495271685
2023-02-16,11,101,0.22098143760792532
2023-06-05,2,108,0.2122473583947948
2023-06-26,3,23,0.7206096098870458
2023-09-17,10,184,0.37352038548863153
2023-08-05,2,61,0.942199759266689
2023-03-22,21,11,0.25341465168367194
2023-10-12,25,149,0.2661414319288983
2023-12-20,23,63,0.3307854507333029
2023-06-07,1,50,0.8860464003010967
2023-01-26,5,116,0.13779443452314333
2023-08-09,17,42,0.027757162369878796
2023-12-20,5,148,0.9623991398798486
2023-01-18,14,187,0.7834656954289083
2023-06-10,21,15,0.95673920969279
2023-07-08,7,73,0.6019842839221355
2023-05-01,2,179,0.2166928276911987
2023-10-08,14,64,0.038081693064335065
2023-10-26,16,124,0.25925573153265313
2023-07-24,3,42,0.5687049592208534
2023-10-05,3,185,0.7547268473362237
2023-12-16,18,52,0.7520091663845654
2023-03-26,24,183,0.9882734336618693
2023-05-17,13,37,0.7281556200543393
2023-04-25,13,156,0.35568368382490634
2023-07-18,15,132,0.9973035169572101
2023-03-27,24,117,0.9921708035922973
2023-01-07,8,171,0.06324899041577048
2023-08-24,17,69,0.8496234554049357
2023-07-17,24,131,0.8806813060365161
2023-10-16,7,194,0.5097670243636391
2023-06-30,11,12,0.0811331815529851
2023-10-23,2,180,0.9686853935951794
2023-07-10,9,45,0.4395789935508222
2023-08-02,11,182,0.0329763753501221
2023-11-06,5,81,0.9482638537062809
2023-11-08,16,21,0.18024123215679488
2023-11-28,8,24,0.5811131402375393
2023-06-08,1,112,0.9789600604589607
2023-01-28,7,158,0.6137752160791282
2023-08-11,6,174,0.34813078332839176
2023-05-22,2,163,0.9502484272629537
2023-01-02,19,34,0.027611762569383913
2023-01-14,1,64,0.28433880487761276
2023-12-11,7,97,0.07958023508791667
2023-10-03,3,40,0.7195516626251073
2023-11-05,20,197,0.8258694068555001
2023-05-27,17,46,0.8835457935789903
2023-10-19,10,60,0.5992695084118805
2023-04-24,19,56,0.5195448752982681
2023-10-17,21,197,0.0201501334609131
2023-09-08,22,84,0.23861116762695567
2023-10-25,4,37,0.873329956482653
2023-08-21,15,65,0.7287056960879764
2023-08-11,23,8,0.2135089083046895
2023-11-29,16,61,0.5812773020857975
2023-01-28,21,8,0.012437226993361916
2023-06-07,17,80,0.9232569090749193
2023-02-19,19,59,0.6980980906281709
2023-10-06,20,21,0.8068775837104065
2023-10-27,3,141,0.7039144543545097
2023-06-20,8,12,0.9760858399635237
2023-03-01,5,42,0.34753450395756225
2023-10-08,17,102,0.0963249751024493
2023-08-25,4,190,0.7412297466902622
2023-10-18,2,25,0.7588172408902053
2023-11-10,17,169,0.5893968898182307
2023-04-17,21,125,0.023918947359612974
2023-01-24,20,59,0.03655519491591264
2023-04-22,11,120,0.02937609570409594
2023-12-15,12,99,0.47451849038676397
2023-02-15,9,126,0.006349939047701869
2023-09-04,23,185,0.8391731161291862
2023-03-08,1,76,0.221759101777528
2023-12-16,18,129,0.3591683221685974
2023-08-18,6,22,0.8217353823419629
2023-01-17,1,183,0.25982148105338
2023-08-30,20,60,0.9913820471122158
2023-05-14,10,195,0.6827110097848221
2023-07-14,11,72,0.5415267400431385
2023-06-07,20,158,0.6440993510600416
2023-10-06,13,189,0.5397172518738089
2023-05-02,2,184,0.36994463461935434
2023-08-17,25,34,0.9369018355565
2023-12-27,21,40,0.7582171192166246
2023-06-04,23,79,0.048376129629196574
2023-05-05,7,27,0.16764815320104665
2023-08-26,9,143,0.48505366097853275
2023-05-12,9,51,0.30403246060657585
2023-01-21,6,72,0.4652078823041145
2023-04-11,10,71,0.04699116472433018
2023-08-13,12,39,0.2493949076748022
2023-05-22,20,95,0.764845136966969
2023-04-06,8,41,0.17850195003299796
2023-09-19,14,61,0.3377880298324919
2023-05-13,20,122,0.4901074683421852
2023-01-08,13,37,0.10539837783243555
2023-04-21,19,159,0.22206545755036633
2023-09-16,2,39,0.5402090558082021
2023-12-29,8,1,0.38792073059752485
2023-11-16,2,60,0.04452332398300951
2023-05-11,6,19,0.9378156261528134
2023-01-15,18,122,0.3947695844027189
2023-12-13,10,133,0.3008908473540741
2023-08-20,3,94,0.8754590346334311
2023-03-20,6,149,0.007276490274753522
2023-12-19,5,100,0.5809534923630343
2023-06-23,13,114,0.9090253325759508
2023-11-15,24,140,0.6903304059154215
2023-02-05,25,151,0.5130191840227251
2023-01-11,22,138,0.595559261195722
2023-03-07,20,17,0.643340233917216
2023-04-11,6,119,0.2991654082955497
2023-09-19,9,42,0.460697408860293
2023-10-19,11,122,0.21607059350386737
2023-08-04,8,109,0.9341622728982087
2023-02-26,5,108,0.47331168017333836
2023-07-26,20,64,0.7679724798005516
2023-09-28,8,104,0.8547770566669987
2023-03-22,3,29,0.1168625470260869
2023-05-25,8,125,0.05213252233601051
2023-07-12,14,175,0.9130432650099786
2023-07-25,20,105,0.5744407714776466
2023-05-14,1,89,0.9843853949560744
2023-11-01,5,147,0.9423515976711585
2023-07-09,5,165,0.626739404524169
2023-06-26,3,68,0.01968823112127671
2023-10-29,9,37,0.6483903487448138
2023-01-14,10,54,0.723271827949797
2023-12-08,24,182,0.39856533689500373
2023-06-30,14,70,0.02448979401250706
2023-05-09,4,147,0.578631704674111
2023-12-04,25,199,0.8461830422046182
2023-02-18,10,159,0.01259096016964778
2023-10-31,1,54,0.3940732381139985
2023-02-05,8,24,0.8306283100763239
2023-05-10,12,81,0.0562993029526182
2023-03-23,4,83,0.3445197753983438
2023-12-13,13,103,0.4965113640624922
2023-06-18,17,49,0.9380341514966132
2023-12-05,5,198,0.03319038281640729
2023-05-19,2,106,0.6339526755078071
2023-11-17,13,162,0.7531663235302584
2023-12-25,15,56,0.4870783151651503
2023-01-22,25,183,0.5519862960813218
2023-07-04,23,153,0.8516378737548128
2023-11-27,9,5,0.9109347017894622
2023-06-24,7,193,0.7736889247434412
2023-12-22,16,173,0.31009001941524406
2023-05-07,20,8,0.2299059913028506
2023-07-22,12,159,0.2286174507638874
2023-03-27,12,79,0.038676313433326115
2023-11-13,3,74,0.04456070367037046
2023-12-30,12,21,0.401015364380805
2023-06-21,24,159,0.23811836770433414
2023-12-06,5,95,0.5310449865824683
2023-03-03,6,152,0.5987989993772916
2023-03-23,23,30,0.22704813792161704
2023-04-04,3,92,0.037338019673438416
2023-12-04,19,116,0.4116452978393804
2023-10-03,15,56,0.9866933881118433
2023-06-29,12,132,0.5711096187743306
2023-12-02,12,157,0.6213624632720343
2023-01-06,9,28,0.32940865429763455
2023-12-14,23,89,0.08493503711841477
2023-05-19,17,104,0.7370972367474424
2023-08-12,18,59,0.10897492846430834
2023-05-18,17,108,0.4307069140495493
2023-01-12,13,91,0.5392936468284197
2023-09-08,21,37,0.9142475729776662
2023-12-28,15,77,0.20211067894449808
2023-08-16,24,71,0.9712617700911768
2023-06-24,2,179,0.5370533895659007
2023-07-06,3,36,0.07432506189686716
2023-12-28,20,197,0.5556393266850946
2023-02-19,20,194,0.23471464123688335
2023-01-17,14,108,0.4433297792026628
2023-05-08,7,191,0.7758783063517125
2023-11-04,4,10,0.7659786080715306
2023-12-02,1,6,0.7124811943990202
2023-11-19,20,180,0.5215021897369204
2023-09-21,9,186,0.6925630419964094
2023-09-24,13,138,0.978301601661215
2023-05-05,4,183,0.3962622773485507
2023-01-10,10,106,0.3355355224104498
2023-08-07,21,27,0.7048065107125804
2023-02-13,4,180,0.495223702103499
2023-02-21,4,158,0.8423260279114372
2023-06-01,6,186,0.966493980718337
2023-09-09,13,198,0.8788929561696941
2023-06-28,6,60,0.9174474664654256
2023-06-21,21,153,0.030272423703041507
2023-11-01,15,112,0.08265093253700206
2023-03-22,12,80,0.1322647036918949
2023-06-05,21,200,0.16600032539630938
2023-10-30,19,160,0.16665087374992016
2023-10-11,19,194,0.8046798214263414
2023-11-25,15,75,0.21362912065452633
2023-06-16,13,162,0.6517818629329102
2023-05-11,13,55,0.8737509839021147
2023-12-24,14,93,0.9268051984764034
2023-11-17,10,114,0.802390115788469
2023-01-21,23,154,0.40525105330264677
2023-03-31,16,25,0.20330183831924786
2023-03-09,3,90,0.8169724627008244
2023-06-11,15,175,0.3904851852290312
2023-12-03,6,118,0.3794073799615507
2023-12-01,17,76,0.7364844506667477
2023-10-10,17,19,0.6483082844066776
2023-08-24,5,122,0.6880486352919605
2023-04-23,11,148,0.7410626265367786
2023-10-05,25,115,0.8765598626209062
2023-10-21,19,73,0.7745386032784453
2023-03-18,13,55,0.468348494375351
2023-05-17,8,136,0.26687302785431266
2023-04-13,6,147,0.13505175316721307
2023-07-17,10,41,0.6666743109381402
2023-08-10,19,70,0.8865337792057914
2023-08-30,15,145,0.34529750741368903
2023-02-18,25,141,0.8694088412827821
2023-08-02,20,83,0.13157761513547306
2023-09-07,5,11,0.4491291886959311
2023-10-08,19,191,0.5078531055722625
2023-01-06,14,146,0.2422031698103525
2023-05-26,9,85,0.6717689018333255
2023-04-19,5,44,0.6204943309567011
2023-02-22,6,7,0.48591375003707726
2023-01-06,7,141,0.26106154865300224
2023-06-16,22,85,0.4859548583701093
2023-12-19,12,120,0.4978904808055674
2023-05-21,23,200,0.6991816829608826
2023-02-03,2,8,0.7107389242648258
2023-09-13,20,35,0.5714570727106574
2023-10-02,22,114,0.43542697988691936
2023-08-12,25,28,0.36365342403240863
2023-08-31,3,195,0.9030234859242969
2023-04-09,4,90,0.2143762918329889
2023-10-21,24,193,0.11619891597186216
2023-01-06,22,35,0.06175377973926277
2023-04-02,22,72,0.27946478244915507
2023-06-12,24,56,0.2510227764116888
2023-06-02,15,164,0.2669325632590197
2023-05-31,6,180,0.22861015055565048
2023-01-12,8,69,0.49620083112261104
2023-05-27,16,71,0.7980252441357923
2023-11-08,23,131,0.3731884300713303
2023-08-09,22,168,0.762319768135414
2023-11-04,24,198,0.032382066650984975
2023-04-01,8,156,0.20346316489176874
2023-03-06,19,165,0.3350386742480562
2023-01-16,15,171,0.5032932650899503
2023-03-14,5,68,0.13475787966192565
2023-08-16,2,166,0.8530821095069478
2023-10-21,17,108,0.34800512376901194
2023-10-12,7,157,0.028454311621236683
2023-09-03,2,80,0.8680703410974546
2023-11-08,20,154,0.10948006219724171
2023-12-05,1,125,0.9055136827029298
2023-07-22,3,138,0.5535355368575401
2023-01-07,14,94,0.40382053969757004
2023-05-26,3,41,0.014612896129614805
2023-08-20,20,124,0.3641527330360401
2023-01-20,21,52,0.20749837629163448
2023-03-30,25,176,0.031502622703281524
2023-11-16,24,174,0.37909513556249474
2023-01-26,13,14,0.058706196162751634
2023-08-16,11,160,0.7013923761683794
2023-08-16,19,123,0.5996939741725179
2023-02-10,8,132,0.48159611406453284
2023-06-28,18,74,0.07271163267348513
2023-08-30,11,22,0.05120902586135079
2023-05-16,6,102,0.16407800173130382
2023-09-12,9,147,0.46147279344347725
2023-09-16,20,77,0.031013245307318194
2023-07-30,3,115,0.31427587683996294
2023-11-13,19,62,0.7729295945025288
2023-03-20,8,37,0.07457905042155355
2023-04-04,25,60,0.47030982599975735
2023-11-02,3,64,0.41106897748134097
2023-04-15,10,47,0.9707784807886016
2023-01-30,5,102,0.45181001251491026
2023-05-28,16,159,0.9460729521945818
2023-10-23,11,71,0.04111386336453149
2023-08-20,19,125,0.5531544561082009
2023-11-03,5,103,0.29835342439925716
2023-03-19,8,56,0.9079391165707041
2023-05-15,7,14,0.3606780187932864
2023-11-10,2,123,0.29436556591840524
2023-03-24,5,44,0.2056843859529468
2023-11-23,1,171,0.1563216929210891
2023-12-22,7,133,0.16380296766712898
2023-07-17,13,196,0.8117691610703769
2023-05-30,6,100,0.7058170490634439
2023-09-06,16,39,0.3625638798314198
2023-08-09,15,27,0.6926344007107269
2023-08-18,11,127,0.7234306998614769
2023-08-24,4,159,0.4869037165838336
2023-03-01,9,169,0.5812639241265103
2023-06-30,20,29,0.6443676892278517
2023-08-17,1,83,0.894652632064172
2023-03-28,4,113,0.46947012461675064
2023-02-11,4,21,0.6934457208366331
2023-08-15,14,19,0.4785944562511103
2023-04-07,10,105,0.18374148156004821
2023-05-15,2,63,0.3817713539570964
2023-11-02,9,145,0.5134787964344307
2023-01-09,21,160,0.09741727402969713
2023-10-26,21,39,0.11717335525025896
2023-09-29,9,196,0.18730814997076195
2023-04-01,15,61,0.5314565446563805
2023-04-22,2,32,0.5301287195336014
2023-06-09,5,147,0.31151176777605405
2023-09-15,21,111,0.040184862079333805
2023-10-31,18,155,0.7366610074044441
2023-10-20,8,41,0.6927778830932713
2023-09-10,25,110,0.6254543471589444
2023-11-18,4,115,0.40471894224554084
2023-10-20,20,154,0.5122612380718079
2023-12-05,6,43,0.05421791423654365
2023-08-11,20,3,0.6745982084283212
2023-02-02,3,21,0.8923638659260503
2023-05-21,16,102,0.26605568288804793
2023-12-07,17,145,0.9153033069934212
2023-08-14,9,99,0.42885121698381623
2023-06-06,11,98,0.46399597916390556
2023-08-27,5,134,0.2941115509195118
2023-11-17,20,95,0.9039373443201487
2023-06-27,11,155,0.4564438123734622
2023-10-08,5,164,0.8671802003333212
2023-04-18,11,56,0.510750376658531
2023-04-21,16,26,0.12822078273872495
2023-01-28,1,68,0.2656736074437771
2023-02-10,20,200,0.9023259168438168
2023-01-15,23,103,0.7839396346381493
2023-01-05,16,172,0.954684168220957
2023-09-09,3,8,0.48495358564993907
2023-09-05,11,166,0.47375800355439457
2023-09-19,1,105,0.9723559450900993
2023-01-12,13,42,0.9837136281982231
2023-11-08,2,93,0.7399327927140035
2023-11-11,13,99,0.034387444909147136
2023-02-17,19,159,0.8482998941268752
2023-11-13,24,136,0.21642449997771995
2023-03-04,5,7,0.7361482736624628
2023-07-24,22,48,0.19091438532239535
2023-09-12,9,59,0.7374068214856844
2023-05-10,3,101,0.5010246250229946
2023-10-19,16,157,0.3812385562333518
2023-04-08,17,92,0.3390269775412602
2023-02-03,15,97,0.870662237811191
2023-09-02,7,87,0.3201258352829881
2023-08-05,14,121,0.9041331746729896
2023-02-03,25,185,0.08067281732017317
2023-05-22,25,76,0.46503423207883465
2023-08-03,7,178,0.972009266633764
2023-12-23,24,132,0.6258359853844428
2023-03-19,2,41,0.9734764669151291
2023-08-05,6,108,0.27957505929578286
2023-06-28,12,13,0.6251452069659166
2023-03-29,24,101,0.9768744936831276
2023-02-27,6,56,0.08122451325814095
2023-09-13,19,19,0.2656304016781723
2023-01-31,4,162,0.9257856906092249
2023-04-24,24,37,0.38779996563327956
2023-04-26,19,37,0.030149652410005667
2023-05-15,19,39,0.39603051046718185
2023-05-24,18,52,0.3016365509082829
2023-06-24,16,136,0.16104723061843573
2023-11-23,23,40,0.7605123874927567
2023-08-09,13,16,0.10438234227610588
2023-06-23,7,126,0.36968703048162976
2023-01-10,11,115,0.10337576705648333
2023-03-29,13,86,0.8799573107472014
2023-07-20,3,127,0.5485579620164776
2023-12-01,6,64,0.2128332283310117
2023-07-05,3,24,0.5465217167951762
2023-08-24,19,141,0.2797955678910793
2023-05-14,11,94,0.4640995195233306
2023-01-14,16,110,0.895245453979283
2023-04-29,17,42,0.44622047105886575
2023-01-13,25,96,0.6379200670461599
2023-02-08,6,141,0.8417658489760594
2023-07-13,10,59,0.1575913198407658
2023-05-05,10,29,0.24257122827062472
2023-08-08,22,65,0.706021043477175
2023-09-24,21,109,0.628901583305588
2023-11-21,24,128,0.20229042466177227
2023-09-29,2,80,0.9755027924585611
2023-12-31,18,55,0.7226815813949767
2023-03-22,11,66,0.9705102491305974
2023-01-18,8,157,0.43760912394929463
2023-05-20,21,43,0.994812905433285
2023-06-29,7,40,0.8576946305829263
2023-11-04,9,180,0.46298711925162817
2023-01-11,13,196,0.6346709577657967
2023-10-18,25,100,0.25850185765838773
2023-07-30,10,140,0.27989115395816144
2023-07-27,2,125,0.9355121613511073
2023-07-02,6,79,0.19015742032726968
2023-01-14,7,171,0.6296127378711146
2023-06-04,22,193,0.2351508962104355
2023-07-05,25,123,0.019543504792545963
2023-09-06,14,109,0.020741983878358794
2023-05-04,2,136,0.061630985380996206
2023-04-22,21,44,0.6811392299268632
2023-05-23,24,195,0.014823635888395414
2023-02-11,24,92,0.19296111195425425
2023-09-03,25,62,0.23422195724678274
2023-11-08,17,166,0.8932810937278285
2023-02-02,21,1,0.27688384982241576
2023-03-29,8,3,0.18119511572484748
2023-12-25,20,118,0.7193357672372142
2023-12-21,12,77,0.26607197293583196
2023-09-19,10,67,0.3245570719790838
2023-03-15,2,71,0.6842714038199819
2023-11-10,18,113,0.7208449835413177
2023-02-02,3,44,0.12913859624988155
2023-07-16,14,34,0.7527909459363321
2023-01-25,22,197,0.34713821534449907
2023-06-21,12,78,0.012143625950461479
2023-04-04,20,50,0.5783466146841728
2023-03-25,24,167,0.3364919335208233
2023-01-01,7,172,0.044562163346291594
2023-12-30,11,182,0.5220331581814639
2023-03-21,7,192,0.3697633806941413
2023-09-13,4,98,0.8166637270211811
2023-07-30,24,163,0.45413976962843305
2023-07-12,8,69,0.3516575278377406
2023-08-26,2,18,0.12045865135424572
2023-06-29,19,167,0.04503348184499112
2023-03-30,6,18,0.18385551502948738
2023-04-19,1,74,0.7811961721386972
2023-10-16,17,73,0.842825479338123
2023-05-29,22,6,0.3366753466406499
2023-05-22,14,173,0.35252149284463596
2023-12-19,2,26,0.21098145844515326
2023-03-03,6,14,0.3168721846848084
2023-06-20,11,36,0.75117861666201
2023-09-01,5,42,0.6255856151617313
2023-09-07,21,160,0.8262921079619784
2023-10-31,14,145,0.0717574376935951
2023-05-09,3,90,0.9596315980160642
2023-10-26,14,197,0.9376976493387172
2023-07-01,16,142,0.7895537750058815
2023-12-26,22,167,0.8456767146460799
2023-06-06,11,164,0.4008641801490048
2023-11-25,25,13,0.1247503394588414
2023-03-07,11,29,0.03312310149737807
2023-10-31,8,110,0.05404216153763308
2023-09-29,15,114,0.11381163337432632
2023-11-29,16,140,0.9455834069173371
2023-01-03,1,94,0.9144914662432253
2023-08-07,22,194,0.9363860167210638
2023-08-28,20,195,0.7233156174061914
2023-05-02,23,126,0.047028185354542784
2023-12-28,23,189,0.5565134270791793
2023-11-28,14,58,0.478606488592772
2023-08-08,1,120,0.760588587766794
2023-09-19,16,10,0.9981031008759403
2023-08-12,25,147,0.48644133152572
2023-01-02,2,72,0.518253210532905
2023-12-01,14,193,0.6152566569074894
2023-04-07,8,97,0.16858951867629923
2023-10-20,3,126,0.5023021836035436
2023-05-18,15,3,0.48049886468345004
2023-08-14,5,104,0.398118166275082
2023-02-15,15,107,0.4312919834098182
2023-05-28,15,166,0.030281195564626162
2023-05-12,2,80,0.8081702827500546
2023-03-08,20,55,0.4532770155439835
2023-06-22,17,57,0.3110553106465701
2023-01-13,22,89,0.9230809366895119
2023-06-01,25,19,0.6731906015620835
2023-10-14,11,34,0.6038763756910814
2023-06-04,9,80,0.8083874626461348
2023-10-21,25,108,0.8698757256746186
2023-11-12,24,18,0.34368121428836884
2023-08-03,14,42,0.7812401684691929
2023-05-30,25,37,0.568597836548811
2023-05-23,15,131,0.39099947435472837
2023-02-15,2,69,0.7799050765837724
2023-10-26,14,67,0.8029093475450785
2023-11-03,6,154,0.31458741047874283
2023-08-09,22,71,0.8601643569335271
2023-08-14,21,144,0.31406157752029473
2023-05-04,4,15,0.5228282783041117
2023-06-21,3,6,0.4067654116350068
2023-11-08,15,59,0.529500568083946
2023-09-17,18,131,0.4747981258949655
2023-10-07,6,174,0.9064875258363466
2023-05-30,1,81,0.70036182229262
2023-02-05,1,18,0.07881257551572951
2023-07-28,7,147,0.21020898308268987
2023-01-09,13,117,0.22940928004958128
2023-06-22,25,46,0.8484857509828712
2023-01-01,15,137,0.3365181334653502
2023-08-16,10,89,0.9391953308927692
2023-05-06,16,64,0.44549313435239357
2023-12-27,1,126,0.30870104585823044
2023-10-24,15,23,0.36142402377560245
2023-08-12,5,178,0.5444545836923927
2023-07-16,1,7,0.58668328348682
2023-12-03,12,49,0.8441939449197522
2023-06-15,14,181,0.8611464465439155
2023-12-30,9,34,0.931926369521141
2023-06-07,16,99,0.9762011969337397
2023-05-04,21,91,0.4551587902363001
2023-05-16,7,57,0.8219059144575708
2023-04-13,19,104,0.36156525051601573
2023-05-12,22,186,0.3368840335228268
2023-11-19,5,60,0.8728286017694754
2023-12-15,1,105,0.9303407571093625
2023-05-03,16,176,0.7672458208574665
2023-10-04,9,51,0.7858990654616681
2023-06-18,16,67,0.6861142769801533
2023-05-20,8,128,0.03316829705821689
2023-10-26,6,58,0.7040206002606615
2023-11-30,22,75,0.6186555608600045
2023-01-10,20,51,0.7917129465320202
2023-03-13,23,40,0.9423697092915224
2023-10-01,2,5,0.06505960698656132
2023-08-02,5,148,0.04931706967474392
2023-03-29,1,125,0.05894655626026968
2023-08-28,4,176,0.5967171510321551
2023-04-25,14,70,0.8584084838042053
2023-09-26,4,59,0.7240756213148944
2023-08-29,7,28,0.23796789574606503
2023-07-12,11,1,0.9628897052456302
2023-01-17,15,19,0.9197495341084895
2023-12-09,20,161,0.7143121166960166
2023-10-01,19,80,0.14009266671462228
2023-06-17,4,51,0.6290230432670616
2023-12-20,11,6,0.449802814831472
2023-02-03,5,143,0.4557006817436252
2023-10-01,9,66,0.12021841935226074
2023-03-05,5,121,0.7682831650020445
2023-12-14,12,143,0.5094211382332334
2023-01-06,5,50,0.7573741005406084
2023-05-24,3,75,0.5531766911024201
2023-03-12,7,16,0.42080145298481453
2023-07-26,8,21,0.7892729893256346
2023-02-21,13,3,0.4510195437810973
2023-01-02,16,166,0.7748419906152472
2023-12-17,13,17,0.11989268647956386
2023-01-13,2,174,0.2731603077528275
2023-08-29,17,200,0.4327312711123108
2023-01-20,24,83,0.7913337231271591
2023-12-28,15,67,0.6685616273571792
2023-09-18,21,56,0.08896731892523635
2023-12-23,20,97,0.48987720476581276
2023-03-08,6,94,0.7044974955835615
2023-03-11,17,59,0.6930106728354455
2023-07-20,12,81,0.737041685027198
2023-11-28,5,6,0.5974316051515356
2023-05-16,16,172,0.7008638542600522
2023-12-14,4,100,0.9543870684881959
2023-10-20,8,77,0.08290813001643149
2023-12-18,15,27,0.6191109988602979
2023-12-18,20,180,0.168678321716216
2023-03-12,8,4,0.8561082948409341
2023-08-07,19,121,0.17207486462825383
2023-10-27,3,176,0.32822443709201465
2023-08-01,12,158,0.3826966776384191
2023-11-12,21,117,0.13036271525470045
2023-07-03,10,6,0.9377668610974458
2023-06-10,14,85,0.26201591773156097
2023-04-12,19,194,0.8022537433088334
2023-06-04,13,178,0.13592048802453982
2023-04-29,4,27,0.4568575881763891
2023-04-26,2,59,0.6001061130647563
2023-07-30,12,174,0.3447955844683367
2023-06-12,23,111,0.16718152636587114
2023-09-20,9,116,0.20000571661568667
2023-05-23,23,115,0.16710475017368154
2023-06-05,20,82,0.4466313391155857
2023-02-19,22,146,0.995372998848594
2023-07-14,20,16,0.30886247004879597
2023-10-05,17,68,0.8713378905857101
2023-12-24,20,159,0.26212202922992056
2023-02-09,4,113,0.8392318486094267
2023-06-13,23,183,0.46552717835161983
2023-09-29,15,192,0.08782043491708225
2023-07-12,3,9,0.292355216646508
2023-01-14,13,154,0.6553877412347373
2023-01-31,7,114,0.15410770219479364
2023-07-27,6,106,0.36388873489100737
2023-03-11,1,133,0.3716832352851329
2023-05-14,9,101,0.5860222650236909
2023-11-14,22,112,0.15361262267067133
2023-09-09,13,36,0.34651918973417317
2023-07-19,3,24,0.8395663564461944
2023-07-16,25,58,0.951131316930547
2023-03-28,21,73,0.2040276259583298
2023-09-14,6,91,0.918501550087418
2023-09-22,7,121,0.43400796067151737
2023-09-28,11,124,0.22435674718864473
2023-03-24,25,5,0.8938424563607361
2023-09-11,16,54,0.07123568321720064
2023-08-27,1,123,0.6740161144213307
2023-11-07,10,45,0.1937815319928563
2023-05-01,17,121,0.28760471031559187
2023-02-10,4,118,0.9542372997088109
2023-01-24,1,143,0.11492321283528983
2023-07-11,11,112,0.18958375783448556
2023-05-28,9,155,0.6939782480140961
2023-11-06,5,48,0.7397191635409769
2023-10-08,2,190,0.45011376079554954
2023-07-27,7,79,0.14323658750446833
2023-03-15,11,196,0.40096665822777466
2023-11-22,7,172,0.6633772624016661
2023-08-12,4,58,0.4662020984726888
2023-11-30,18,30,0.10619343097356282
2023-01-20,24,62,0.9102875431418335
2023-03-09,9,145,0.17548615663404843
2023-07-17,4,55,0.833562347305516
2023-10-02,21,99,0.6004956813013752
2023-09-21,11,139,0.24708463737094333
2023-12-23,10,116,0.6638155837285454
2023-12-28,19,168,0.5532044888222674
2023-04-21,23,24,0.06352621869392305
2023-07-03,4,31,0.5613157095601674
2023-04-04,16,101,0.301831542116172
2023-07-03,21,62,0.4499962629946568
2023-08-22,22,135,0.5194334548014847
2023-01-02,24,178,0.9042620272488506
2023-05-12,17,196,0.22575435173974467
2023-10-27,22,137,0.9781827957688937
2023-09-21,16,56,0.8957468192509225
2023-09-29,2,69,0.7868421174637122
2023-12-04,19,125,0.6441159412689914
2023-06-02,3,153,0.644300071358642
2023-10-22,21,43,0.9683913435117448
2023-07-04,9,84,0.503786890223532
2023-03-11,14,71,0.5420014025577793
2023-10-26,17,169,0.02886947541293239
2023-06-25,6,30,0.604102175061554
2023-10-07,1,74,0.34331527128694006
2023-04-18,11,190,0.06464701080507718
2023-12-03,2,190,0.7467277215646104
2023-08-30,14,117,0.11753222781552963
2023-01-23,7,11,0.23199471710051855
2023-05-16,24,122,0.011187874332719505
2023-03-13,7,146,0.9887917252797924
2023-07-31,7,80,0.5932838111863477
2023-06-13,24,62,0.4402143634988983
2023-11-24,4,53,0.6217723203781408
2023-10-21,25,149,0.7880536844462747
2023-11-17,3,12,0.7982194627804369
2023-02-17,18,169,0.08043690582800023
2023-05-09,13,53,0.6743149548372244
2023-04-13,3,184,0.7534744920340031
2023-11-08,14,74,0.909416863074548
2023-03-01,16,7,0.8995482616033196
2023-11-06,21,38,0.6518930183817163
2023-02-22,17,182,0.6283875707352224
2023-10-11,23,179,0.5461153565166318
2023-12-25,16,151,0.6249029877829981
2023-11-30,5,62,0.854958637722544
2023-01-31,1,41,0.3679323609267773
2023-08-13,5,199,0.7277364524686043
2023-10-04,5,126,0.9869958976005756
2023-11-18,11,191,0.12538603516685953
2023-09-26,8,119,0.3155043736336275
2023-12-03,17,23,0.06376413759206934
2023-07-18,15,98,0.4651579005789135
2023-01-08,3,144,0.10964043095595966
2023-06-14,9,32,0.35474842144939933
2023-07-22,8,14,0.5190087837970763
2023-09-26,12,58,0.8073350211239728
2023-10-10,12,19,0.9565879949089552
2023-05-26,19,155,0.539518548745146
2023-07-27,1,10,0.8928051313580282
2023-10-24,4,152,0.6675572794645749
2023-08-31,21,129,0.5460890548985663
2023-07-28,7,105,0.9378600956924209
2023-05-20,24,141,0.5551485296224942
2023-05-09,5,51,0.014172226749605277
2023-04-10,3,158,0.3034987788699194
2023-07-31,7,60,0.5034544485827853
2023-04-11,5,191,0.27505173342819456
2023-12-30,24,167,0.6407487259519186
2023-02-12,15,143,0.3169385521229803
2023-03-01,6,118,0.34653397119066875
2023-04-11,19,101,0.139302008718998
2023-04-06,10,138,0.6111392651256884
2023-02-23,11,187,0.15269259083873477
2023-04-25,18,67,0.3023682821817394
2023-02-11,11,175,0.47922555771942354
2023-11-15,24,113,0.6851515272618703
2023-11-02,10,157,0.9665755162342788
2023-05-06,14,187,0.017409588473414894
2023-03-28,19,133,0.5256876666768467
2023-05-04,10,117,0.7602788738422429
2023-12-21,4,71,0.05758877737711576
2023-03-26,14,132,0.6584844528968234
2023-06-03,22,71,0.939905434012864
2023-04-24,25,140,0.6370210157752144
2023-08-02,6,62,0.4061598956093466
2023-03-15,20,14,0.2338925934415328
2023-11-03,10,199,0.8578989641080497
2023-03-03,21,42,0.8584325266482283
2023-12-11,16,154,0.7568050979355965
2023-09-25,19,10,0.4358597117862767
2023-01-20,16,13,0.6218821261057752
2023-11-04,25,56,0.8133648816428993
2023-09-26,8,37,0.5374082286917153
2023-04-06,6,44,0.048216719955800014
2023-08-24,4,50,0.4104884017534899
2023-11-25,23,94,0.9805331297797315
2023-03-02,1,84,0.3201866016030358
2023-12-27,9,131,0.44656824479457813
2023-01-10,3,132,0.3228850779600918
2023-01-12,4,8,0.1495296878599438
2023-12-07,16,28,0.7644736268333033
2023-05-22,20,135,0.9166345012140399
2023-04-30,17,168,0.5730937786940798
2023-02-16,3,118,0.8597883206121815
2023-06-20,15,6,0.48857199856530564
2023-11-13,20,145,0.7868359480470567
2023-02-10,25,181,0.20449849149251398
2023-04-19,18,29,0.6947773679651498
2023-07-30,23,182,0.9807293752963099
2023-04-04,16,40,0.9894642630937862
2023-08-12,16,14,0.5379167889112951
2023-05-20,23,17,0.9283994835223794
2023-04-18,1,52,0.6073917891753403
2023-05-27,25,170,0.21817572727328194
2023-04-08,15,30,0.8761780001119635
2023-04-12,21,51,0.2863004197066221
2023-09-26,4,82,0.2501325227498402
2023-06-03,9,57,0.7336115083571818
2023-07-04,1,10,0.1675845372003807
2023-11-03,17,92,0.3438217592418584
2023-03-25,23,8,0.07682336132573087
2023-09-22,5,86,0.6587352504978883
2023-06-13,10,16,0.14442908566706214
2023-11-27,22,26,0.9763210189409447
2023-05-04,17,19,0.06882495280921697
2023-10-10,7,177,0.09089871670469762
2023-02-10,16,41,0.05575043834002669
2023-11-02,16,72,0.5400331683472361
2023-09-15,3,114,0.9389047798388163
2023-09-14,13,117,0.0761836440878304
2023-01-26,25,170,0.194094378985756
2023-11-11,24,55,0.5384748663375077
2023-02-07,19,188,0.14208120825455706
2023-11-03,8,43,0.4386780489994535
2023-02-01,17,5,0.89097436352676
2023-02-07,7,5,0.14465163599848674
2023-10-08,10,123,0.347440025080087
2023-10-10,7,173,0.6533285423014568
2023-07-23,15,32,0.5752091557178769
2023-06-15,10,45,0.16426773035331854
2023-05-15,25,18,0.9352828456109608
2023-08-23,18,49,0.07648163431215271
2023-01-02,10,121,0.03500483358092232
2023-09-23,15,163,0.28281812153412855
2023-06-21,21,125,0.7662401921359252
2023-01-14,1,22,0.8495700511111509
2023-04-08,25,163,0.29926119452080435
2023-09-27,1,135,0.4463172494502051
2023-07-27,25,88,0.0026738142424905798
2023-07-20,1,27,0.852576301522528
2023-08-13,17,148,0.6834138365636915
2023-01-04,11,83,0.5652918533755926
2023-06-03,7,71,0.08359042198784417
2023-07-23,4,12,0.5927055680721959
2023-11-15,24,83,0.4362578419626272
2023-02-20,23,75,0.06833531289356454
2023-02-02,25,67,0.7337151451641266
2023-06-23,2,190,0.16580732135630816
2023-08-11,23,47,0.21394481704911128
2023-07-05,1,147,0.19930525719230885
2023-08-06,11,35,0.8207013580058087
2023-08-11,24,153,0.33672372837201003
2023-02-13,1,94,0.639890692774269
2023-12-27,18,2,0.037859641550323175
2023-09-05,1,46,0.22986324162465055
2023-05-14,21,144,0.7769100754790491
2023-11-25,12,141,0.4688347947233026
2023-11-25,11,44,0.8323665114865448
2023-05-09,5,130,0.6838872861708811
2023-12-03,21,107,0.9464005608346967
2023-02-08,11,119,0.13532287373249619
2023-11-03,9,198,0.13189920558956236
2023-01-24,20,75,0.6531723913339077
2023-06-08,20,36,0.20928740899524034
2023-04-23,9,98,0.9933035535709588
2023-08-15,6,58,0.6050559619576948
2023-10-31,13,120,0.25711095273173235
2023-07-20,25,184,0.44940998245138253
2023-08-04,11,198,0.7568153197312025
2023-11-25,8,80,0.6054553638553557
2023-06-16,20,111,0.6137577575357627
2023-07-15,1,46,0.4569827615855655
2023-12-28,10,42,0.05684380675480283
2023-12-01,2,46,0.8832355473714236
2023-05-15,22,166,0.8342813317794974
2023-01-21,7,93,0.7184160134476928
2023-09-30,25,152,0.20813884756696233
2023-04-06,23,2,0.864447391588093
2023-04-10,14,67,0.6336680959991354
2023-02-24,20,111,0.30476641772394397
2023-02-23,16,76,0.6344703361664633
2023-07-14,6,128,0.5326426357592505
2023-03-25,18,118,0.7515136166362669
2023-10-19,12,109,0.8247287197762223
2023-09-09,4,116,0.3631625803125209
2023-09-01,25,179,0.8266993508503324
2023-09-06,6,34,0.5436186493791277
2023-09-08,12,126,0.3384575127091989
2023-08-16,13,130,0.20668921356182868
2023-08-06,21,186,0.05396374170568452
2023-08-03,17,76,0.27903926168296467
2023-06-01,9,116,0.8524008779698901
2023-03-13,6,175,0.08192586842756133
2023-01-05,14,41,0.9113749141492146
2023-03-26,17,7,0.35648429540403226
2023-05-03,22,29,0.34345780819626515
2023-12-19,17,49,0.2649940201052118
2023-09-07,20,43,0.17168518366763208
2023-07-27,12,51,0.4151640234342898
2023-03-14,22,68,0.6887376082116798
2023-11-11,10,179,0.46793263212852687
2023-10-07,11,49,0.13855413003468997
2023-01-13,5,198,0.43241309820573504
2023-07-22,22,96,0.07830452966584178
2023-03-21,8,112,0.6564616568980615
2023-01-17,2,134,0.5456053743357113
2023-01-24,19,170,0.34150263270603887
2023-01-27,4,72,0.8432036716353225
2023-07-26,11,157,0.11250838764085713
2023-12-06,20,188,0.588624459017409
2023-05-02,21,107,0.7780501364157625
2023-11-20,12,73,0.3352451354685625
2023-09-18,5,15,0.04874866042610215
2023-03-15,17,200,0.2253001900274798
2023-10-25,6,12,0.08824531153808468
2023-01-12,22,24,0.8838370477962384
2023-02-03,22,8,0.20267044657648425
2023-04-26,9,121,0.3971344310988252
2023-01-09,17,44,0.24105061263905947
2023-09-21,10,20,0.1736231832898163
2023-08-18,25,16,0.6402440709590552
2023-11-25,17,175,0.9110199362658143
2023-08-15,13,23,0.6238172374210526
2023-02-15,1,38,0.04560258073897572
2023-05-14,5,156,0.32996487102851424
2023-07-14,5,56,0.8034374051177162
2023-11-30,24,29,0.404377768804692
2023-11-21,8,95,0.3353587887087718
2023-01-13,4,151,0.5913124966406914
2023-01-27,4,84,0.254539234187355
2023-08-24,14,155,0.20818272480270883
2023-02-19,16,25,0.30033465432399165
2023-12-09,6,40,0.7324255347001617
2023-05-06,12,94,0.5358250868653418
2023-05-07,6,135,0.9933703131306443
2023-01-04,15,164,0.3855618475126982
2023-08-25,22,197,0.4701249998846174
2023-09-03,11,130,0.8047617213065551
2023-01-17,8,184,0.07139084533131301
2023-04-01,13,163,0.1638115147327417
2023-12-29,2,19,0.37550146279874674
2023-08-19,11,146,0.003628649282277685
2023-07-13,1,195,0.5699353280834042
2023-11-11,4,162,0.5421773204159106
2023-02-22,15,142,0.843626049266479
2023-09-19,21,122,0.04260948088750005
2023-04-14,18,89,0.5587072714495824
2023-07-23,9,148,0.3079800465375129
2023-03-07,2,172,0.6285786718349454
2023-03-15,9,2,0.030083133204625634
2023-06-20,12,199,0.8946419050499685
2023-12-18,8,61,0.4012705850363736
2023-11-18,15,111,0.01982310664968112
2023-06-07,15,41,0.6511194408081041
2023-05-08,2,100,0.12182977582235732
2023-12-29,20,37,0.9111429239154086
2023-05-09,14,82,0.9085108837020083
2023-08-18,13,52,0.8852237526777463
2023-03-13,10,171,0.3536050034384348
2023-12-15,12,66,0.7846278798965707
2023-02-06,15,68,0.3278341941758305
2023-11-22,21,174,0.5584604744688364
2023-07-22,17,111,0.017089485089352485
2023-08-25,14,179,0.2093653814742894
2023-08-28,1,18,0.9522295670655231
2023-11-28,7,153,0.4621628157523233
2023-01-13,10,154,0.5563130869912074
2023-06-17,22,53,0.9757961733079771
2023-11-23,11,19,0.609654043377046
2023-07-03,12,10,0.8169989177792434
2023-04-23,1,17,0.3631076685355543
2023-03-13,12,158,0.49099593007810227
2023-03-15,8,181,0.9735160968753145
2023-11-12,20,152,0.9543111060109649
2023-03-19,9,78,0.45962307778160216
2023-08-15,21,32,0.4899966450361971
2023-08-18,19,121,0.2772880217178424
2023-04-29,24,9,0.6029813912427034
2023-12-17,21,199,0.8272278425172779
2023-10-18,18,53,0.42091670891976374
2023-11-24,16,169,0.03779500193567842
2023-11-30,19,142,0.29061460968976605
2023-03-24,4,64,0.24984822079014957
2023-12-07,17,169,0.08414430875823076
2023-03-07,18,93,0.9706802038737901
2023-07-25,3,3,0.8522434450302137
2023-07-06,23,34,0.13038500364833594
2023-01-10,23,132,0.5827034611229845
2023-05-09,23,26,0.18702765524833231
2023-02-20,23,62,0.3283527176922485
2023-01-21,16,145,0.4665519324324341
2023-03-03,12,162,0.15272535718256908
2023-03-24,5,183,0.3146663770130075
2023-10-03,11,91,0.7151574606281045
2023-10-05,2,25,0.565171255925928
2023-05-30,18,30,0.043787718602483316
2023-12-15,21,78,0.353553499938155
2023-12-05,6,140,0.089379935990887
2023-05-31,8,60,0.4663011184062511
2023-11-18,18,117,0.4280920179546919
2023-06-03,5,29,0.8781179900955358
2023-11-22,23,179,0.3834301924254132
2023-03-31,21,66,0.4168727710569583
2023-01-21,20,153,0.08051870731587518
2023-07-17,9,200,0.7565815168943528
2023-06-04,5,148,0.8133039114979562
2023-12-26,19,8,0.6323349122441473
2023-12-24,20,199,0.24443476241677486
2023-10-28,17,73,0.5535602931675403
2023-07-05,20,72,0.43681756094072444
2023-01-30,4,68,0.32200684197722684
2023-11-30,21,135,0.4314629957238181
2023-12-31,10,107,0.42501671070623137
2023-04-10,21,161,0.26781114567923825
2023-08-12,12,33,0.3528670305728092
2023-12-10,23,10,0.6316950328992372
2023-03-04,15,136,0.0820184144880568
2023-10-21,21,111,0.454452643959818
2023-08-31,4,64,0.7644901044325733
2023-05-29,20,135,0.9704936185331504
2023-01-14,22,41,0.021366553996893245
2023-06-09,7,141,0.38679517971524546
2023-07-21,24,53,0.503435019835579
2023-05-20,3,94,0.9629246247824608
2023-03-16,6,157,0.7341992102294445
2023-06-11,14,105,0.15768858101234295
2023-08-19,10,135,0.6869935309066375
2023-05-16,25,137,0.44368583965756203
2023-07-04,11,42,0.8836048029136614
2023-01-15,1,192,0.06707922615814377
2023-04-09,2,44,0.5123312422859536
2023-12-22,24,10,0.5613929360264679
2023-03-28,6,178,0.17127383229765658
2023-06-22,8,185,0.4502669281344531
2023-11-28,12,43,0.09327479305539821
2023-01-15,2,126,0.12156228944787062
2023-10-23,8,129,0.8051622475043567
2023-10-26,2,148,0.8256161959649554
2023-12-04,19,166,0.9589909552717953
2023-01-26,22,175,0.7120961335058256
2023-08-04,18,53,0.9445322160447276
2023-12-18,11,130,0.5436169675612402
2023-10-28,23,131,0.2975709590684168
2023-12-04,8,99,0.7988172569918162
2023-10-07,9,11,0.5785814084376826
2023-05-30,6,29,0.14653481228207776
2023-06-29,1,178,0.6018674666266965
2023-04-06,1,173,0.7150517963244268
2023-10-26,12,86,0.7957377672065657
2023-05-03,6,128,0.5114769630711884
2023-04-04,18,10,0.9410160131815142
2023-02-28,20,164,0.4134228673485728
2023-11-02,25,191,0.3961381074215593
2023-03-06,1,162,0.3541771194716852
2023-06-04,18,72,0.13328703964300692
2023-06-26,5,43,0.9321990090004555
2023-01-20,15,10,0.7938188767837538
2023-12-16,14,158,0.35747167915433875
2023-04-04,18,83,0.4567437353179874
2023-06-24,14,156,0.02869492310227839
2023-09-24,12,92,0.3086930421047025
2023-08-31,5,85,0.7825586090034764
2023-04-02,14,140,0.6293902573629705
2023-06-10,2,57,0.15066572134686185
2023-07-12,17,160,0.8455667586907655
2023-11-18,6,7,0.8120199824329172
2023-03-05,17,181,0.6361833988084953
2023-07-08,11,134,0.655574301041892
2023-01-29,22,152,0.9717984653452085
2023-04-20,2,81,0.9492212199799441
2023-12-16,20,42,0.21417043541627756
2023-08-17,22,81,0.23494288347215464
2023-01-10,1,11,0.33612999387044873
2023-04-11,22,112,0.6895195059440489
2023-10-30,3,86,0.10461179287066047
2023-07-29,3,34,0.00791790326771502
2023-08-26,14,24,0.42463105058495687
2023-09-30,14,172,0.16339638597317085
2023-07-03,6,135,0.313998544087289
2023-04-13,4,175,0.6942345732888883
2023-08-17,5,31,0.24087165614717043
2023-07-10,18,21,0.2346684638433063
2023-10-18,11,17,0.814399689912124
2023-09-29,8,50,0.19239894607749564
2023-10-15,13,55,0.4674636855088956
2023-12-16,6,79,0.6672108830157198
2023-04-05,15,194,0.9387557408453533
2023-11-17,16,159,0.3334232949662702
2023-04-13,5,5,0.09068347983192138
2023-07-24,7,58,0.5369921258141396
2023-06-02,22,166,0.630500232580652
2023-08-08,19,108,0.8582523464555828
2023-05-19,16,31,0.9035990067764643
2023-12-05,14,142,0.5295286677979169
2023-05-02,5,121,0.9156165408043994
2023-07-29,8,192,0.37121983041164797
2023-10-15,24,31,0.553710414348152
2023-03-08,2,17,0.6498961747212384
2023-03-04,11,173,0.42310502354826396
2023-06-13,22,181,0.7917576454650046
2023-09-19,9,146,0.878521092960562
2023-05-12,9,76,0.6612754500070208
2023-06-25,21,159,0.5275170829366959
2023-02-05,1,103,0.032617000615800196
2023-05-14,19,187,0.09898408004973691
2023-06-30,1,198,0.7634896541608507
2023-06-14,21,43,0.003151518630298278
2023-06-13,10,128,0.4409161465450536
2023-06-17,24,85,0.20148353369920258
2023-04-10,12,95,0.7312786197686539
2023-10-04,13,37,0.003386935736967134
2023-12-11,25,173,0.7063982586374982
2023-08-15,15,133,0.757981272940717
2023-08-08,9,163,0.5567717175588099
2023-01-27,6,140,0.5848622066153776
2023-11-18,23,32,0.9637969508678209
2023-01-10,23,175,0.11823413933277271
2023-08-31,2,60,0.3316072152107704
2023-01-26,9,75,0.12480714919097469
2023-12-17,22,163,0.432861228426362
2023-10-07,7,14,0.5498917523834087
2023-11-06,2,87,0.20983566212526894
2023-08-18,12,151,0.2692277444753659
2023-07-28,16,81,0.11400278183994261
2023-10-21,11,153,0.5005352671997103
2023-08-21,25,172,0.5587766370855682
2023-01-23,25,2,0.19359766884940433
2023-09-05,15,104,0.4644114482141928
2023-08-16,17,85,0.312805243963985
2023-02-06,6,160,0.1806001103198246
2023-08-01,13,200,0.47141015802551023
2023-12-30,11,32,0.08882863679652875
2023-11-02,11,81,0.820253248676458
2023-07-03,11,162,0.15656112780185216
2023-10-21,21,21,0.18088366989552873
2023-05-05,15,96,0.002073689808227419
2023-02-09,2,5,0.26898600423751007
2023-06-27,15,86,0.2627973940520226
2023-10-21,19,138,0.4203325446325793
2023-03-26,20,35,0.4836723900715896
2023-07-16,14,48,0.7044680513486958
2023-11-18,13,134,0.22195379292817008
2023-03-09,16,47,0.7931499160020821
2023-01-20,3,153,0.7154846608796926
2023-03-25,24,78,0.44453587212897683
2023-12-18,7,86,0.9021885662102189
2023-10-25,21,123,0.4585988253351062
2023-04-23,10,131,0.05548908176058254
2023-05-05,16,166,0.9774727472345778
2023-07-25,5,135,0.36645885077634877
2023-09-10,16,29,0.5083479356544037
2023-04-30,2,10,0.9610709247345326
2023-10-16,25,95,0.5511155287397402
2023-05-25,20,57,0.03391377738709778
2023-11-30,3,199,0.28123988106899234
2023-02-23,12,25,0.6683034878134644
2023-12-23,20,40,0.32126276354582606
2023-04-24,4,37,0.36744317367785906
2023-09-06,10,86,0.770522156551234
2023-08-30,22,71,0.9405204455490418
2023-03-14,18,138,0.4467755263260774
2023-09-28,4,96,0.3560669431531559
2023-01-29,15,16,0.1364404060310066
2023-11-20,12,119,0.625077677653233
2023-04-18,1,174,0.3853227086762966
2023-10-20,24,151,0.21925674358327807
2023-01-03,16,53,0.21013330718460344
2023-01-06,4,138,0.18810145902752884
2023-09-17,12,136,0.1135844299463813
2023-12-21,21,130,0.7857308310184884
2023-04-07,16,115,0.2906544296180066
2023-07-14,2,72,0.06642198248076114
2023-07-08,21,19,0.1319531271206975
2023-03-07,25,136,0.5248080067665356
2023-12-10,8,196,0.45853134666453677
2023-07-05,16,25,0.4556003115813356
2023-04-05,19,119,0.4467476507931435
2023-06-01,7,67,0.4892341149137984
2023-03-07,23,111,0.42109411123769813
2023-12-13,15,108,0.8393660619239715
2023-12-18,11,47,0.09244278037802123
2023-07-01,3,159,0.17024891579339907
2023-05-01,7,62,0.06638544708506766
2023-06-04,12,158,0.5339519013218852
2023-01-12,25,29,0.7847186164885319
2023-02-23,19,197,0.8667897879444956
2023-07-25,22,140,0.42198302872202975
2023-09-16,12,89,0.8156091846550418
2023-04-24,1,154,0.07073441009875137
2023-12-01,23,178,0.7563617773186426
2023-11-26,21,79,0.555098065753628
2023-10-22,11,154,0.6219565663325515
2023-05-20,2,22,0.2008874049569236
2023-06-18,12,58,0.3543297124791366
2023-09-20,11,10,0.6046726151914935
2023-04-24,21,29,0.004076595622143686
2023-02-26,2,5,0.176330100518166
2023-03-11,1,53,0.8324135008404673
2023-12-06,10,102,0.9639408692188058
2023-10-24,13,93,0.2631932912898264
2023-01-23,22,149,0.42470319577242965
2023-12-31,13,10,0.9793483011397648
2023-07-19,5,98,0.44728783008296036
2023-05-28,5,183,0.9087436769164932
2023-04-02,8,76,0.22568470122109474
2023-05-10,3,137,0.054894851650739374
2023-02-05,5,19,0.48777330044122635
2023-07-29,14,37,0.8397294267771397
2023-04-26,17,88,0.82067389662998
2023-05-25,11,94,0.9315635620003051
2023-02-07,22,9,0.4897172128699553
2023-02-27,12,128,0.7857224585456885
2023-12-28,2,117,0.2689029524704649
2023-01-29,17,164,0.5021780013795786
2023-01-01,20,57,0.6351600246341854
2023-10-04,15,152,0.46040327357958777
2023-03-10,23,11,0.47331318497964014
2023-03-11,10,118,0.9906777925780708
2023-02-19,5,17,0.6738602651642491
2023-04-17,6,150,0.4609242054085555
2023-02-13,23,44,0.40030047823618
2023-12-22,16,115,0.61119650063196
2023-03-22,16,148,0.4001298349439786
2023-09-08,20,92,0.5878492424743527
2023-04-04,8,109,0.2869635731165494
2023-06-05,22,27,0.7799222851717571
2023-02-20,1,46,0.5248687367788334
2023-12-08,1,66,0.4106452170032079
2023-04-01,14,97,0.008571725928231855
2023-12-03,14,127,0.8256430518310556
2023-01-25,15,99,0.7775790932315205
2023-05-04,21,23,0.19604658087309978
2023-01-07,2,139,0.9110024305329452
2023-06-11,17,57,0.6201175080519986
2023-03-07,2,139,0.051612530747257246
2023-01-29,2,183,0.3168996544339542
2023-05-27,15,81,0.18006313593117773
2023-02-12,19,135,0.17569145939698438
2023-09-13,22,58,0.07634613669002788
2023-06-20,9,26,0.30788941961140803
2023-02-12,15,200,0.7558715980443002
2023-05-04,19,134,0.13118198689414218
2023-08-06,12,87,0.44969021615969973
2023-10-18,13,10,0.42549360403815983
2023-01-31,14,160,0.2180704318331993
2023-02-06,10,93,0.40304764136311333
2023-06-17,13,71,0.16154533406026184
2023-04-28,7,89,0.6190318211032932
2023-10-29,20,132,0.7081353521513505
2023-06-11,19,64,0.4403814261054706
2023-01-31,25,6,0.48557925663212287
2023-03-16,4,111,0.8459119622697188
2023-05-02,9,186,0.8082432107457945
2023-06-26,5,133,0.4867695514401911
2023-10-27,15,38,0.30103759833750754
2023-09-06,12,196,0.7870524157829556
2023-01-15,18,58,0.3771829018500248
2023-09-09,14,44,0.9945139199139458
2023-07-16,13,199,0.792642006983688
2023-04-09,17,22,0.8665209675492668
2023-06-22,17,57,0.13908289249018568
2023-05-17,16,20,0.027534018838006546
2023-05-15,16,183,0.29171244998804435
2023-08-26,24,27,0.15571111782025093
2023-09-23,25,180,0.5254635343646277
2023-05-03,9,92,0.17757890374028784
2023-02-19,7,71,0.961015573413939
2023-07-13,19,185,0.9255018671597249
2023-04-19,11,71,0.8203964475085329
2023-05-11,6,34,0.40684389851560365
2023-07-12,14,9,0.24786820180213276
2023-03-10,9,91,0.5119618764132349
2023-05-14,9,69,0.23702055543583056
2023-08-26,24,198,0.8924275461952434
2023-10-08,21,135,0.7813054326503559
2023-01-11,20,161,0.8580184994133304
2023-07-28,4,20,0.6278817244824557
2023-04-22,15,13,0.5743755189461575
2023-12-04,11,98,0.319920572399889
2023-05-18,20,12,0.6275081369144898
2023-09-15,15,22,0.546373042264771
2023-04-30,6,52,0.16428499485212666
2023-10-31,24,63,0.576658942807611
2023-07-11,2,91,0.6298474211871542
2023-10-05,20,61,0.6648763740945488
2023-11-29,10,186,0.022088029706615275
2023-05-18,8,40,0.9810190771691888
2023-01-23,24,94,0.5087852889962928
2023-06-01,23,90,0.0480182734193233
2023-04-14,10,172,0.041202979854200295
2023-07-25,13,82,0.46948238002631015
2023-09-14,20,42,0.1071620722534985
2023-11-12,16,169,0.6988727356821864
2023-08-21,9,155,0.2178599988848674
2023-02-07,10,186,0.3011215437325574
2023-01-23,1,187,0.6378213707358709
2023-09-12,7,180,0.5937061144042765
2023-04-10,20,32,0.9107715230413337
2023-09-21,17,92,0.3089822490439931
2023-03-26,22,24,0.920617461074882
2023-11-29,6,101,0.6953712026849239
2023-01-19,23,85,0.3908677252860582
2023-11-28,11,98,0.791002931942429
2023-02-01,25,149,0.6401139681866751
2023-05-24,10,161,0.9238335168476223
2023-10-02,24,71,0.7698529273390075
2023-11-06,23,116,0.18255284943580208
2023-07-07,15,134,0.5044806177362071
2023-11-01,17,66,0.4687808837390718
2023-10-11,12,139,0.013863767202741073
2023-02-12,25,148,0.33006695743380143
2023-10-31,11,122,0.6357468986969358
2023-06-23,9,83,0.3374184788054787
2023-01-04,13,78,0.46214826089686234
2023-06-20,7,19,0.12540432041610716
2023-01-17,21,146,0.7309865656254105
2023-05-26,12,195,0.8862298627654244
2023-03-18,1,190,0.5529760204981891
2023-11-12,8,83,0.9939769797651321
2023-10-15,12,40,0.4943499377748275
2023-12-10,24,199,0.3455483301525468
2023-06-22,4,28,0.2345675253019298
2023-01-01,1,3,0.9585616072664411
2023-05-27,1,98,0.3877332137290066
2023-05-11,2,162,0.039021548296688024
2023-02-01,15,64,0.7408026829223575
2023-02-15,7,93,0.5647419019147847
2023-11-23,2,70,0.17200983878229548
2023-07-30,1,30,0.40737036262623494
2023-12-05,8,145,0.3255397936017801
2023-01-01,6,60,0.6826301353568796
2023-10-09,4,7,0.05296817734622161
2023-10-23,25,9,0.7181489609876474
2023-05-22,4,110,0.4301627744152352
2023-08-23,15,9,0.22911236894504305
2023-11-04,17,171,0.9957025829881956
2023-07-09,1,171,0.12567311214101695
2023-07-05,10,120,0.9627868921157234
2023-09-02,3,132,0.711100479860784
2023-11-10,13,139,0.7826155638814721
2023-08-19,13,156,0.4400507268227216
2023-10-01,6,116,0.2969996230942389
2023-07-26,15,112,0.6147340101924328
2023-01-03,13,111,0.6562977627616027
2023-02-08,7,99,0.0014158764603541263
2023-08-26,5,169,0.0520294771581743
2023-03-19,14,153,0.5332703365028262
2023-06-17,17,31,0.5036772727944959
2023-02-15,13,200,0.03584979909201347
2023-08-14,25,39,0.6235359748538062
2023-10-13,23,134,0.25284552807665495
2023-04-17,11,194,0.02765058936454845
2023-02-23,24,57,0.11518734075508619
2023-07-05,22,112,0.7496031600935893
2023-05-04,22,6,0.4816659398517916
2023-11-28,2,91,0.5873787896617808
2023-01-09,2,35,0.8756801469714895
2023-07-18,19,122,0.2929990630249778
2023-04-29,22,131,0.9907340235423918
2023-06-23,13,77,0.8223713820166763
2023-01-15,14,192,0.09161060827917022
2023-06-19,11,134,0.677644233607396
2023-11-05,14,48,0.09093906768133231
2023-06-25,22,106,0.41366145239110264
2023-12-08,17,164,0.13895069853570896
2023-03-09,4,45,0.2052981360543492
2023-01-08,24,53,0.9695886089616484
2023-01-31,20,183,0.08241805483350007
2023-11-07,2,165,0.5486203142251627
2023-08-14,22,126,0.35294064184222407
2023-11-10,17,30,0.771003318625458
2023-02-14,5,190,0.16455402098008265
2023-10-10,21,175,0.9178320492266387
2023-08-29,22,163,0.5984970997948352
2023-02-13,11,124,0.54642624754941
2023-08-06,9,149,0.05889692324286144
2023-08-14,25,85,0.2421658575853639
2023-05-13,5,198,0.8723198998098657
2023-12-28,10,27,0.0629884347141344
2023-06-08,16,17,0.8999562717767589
2023-03-14,20,139,0.5773423324072573
2023-06-22,19,92,0.29456577034620535
2023-12-30,16,52,0.7270002910168682
2023-02-19,9,93,0.49706694796666295
2023-09-04,24,112,0.35154699121468114
2023-04-27,13,22,0.1666830793295374
2023-07-04,20,154,0.8627268831462875
2023-12-03,10,182,0.42362220010812046
2023-09-06,2,44,0.5588684440018672
2023-02-25,20,69,0.2983557841600373
2023-04-18,21,84,0.6653243932099152
2023-07-01,9,85,0.5673896648720901
2023-07-09,3,151,0.5372528146259465
2023-05-21,9,3,0.03692715377354816
2023-04-15,11,91,0.5412078926696093
2023-02-16,20,28,0.013957861689074647
2023-10-24,8,96,0.4208254064559721
2023-01-09,5,116,0.6674253892628972
2023-05-15,16,146,0.3649574894421078
2023-10-16,4,136,0.41337785317703746
2023-11-27,22,83,0.2591508822488118
2023-01-07,12,150,0.5627257286042657
2023-08-29,22,3,0.23838552859066653
2023-04-03,15,128,0.16023142405482715
2023-07-25,20,102,0.6086839271491704
2023-12-03,23,131,0.30135178430856635
2023-07-06,21,196,0.9797798535139759
2023-06-10,12,87,0.5749794362696454
2023-06-05,22,137,0.13951694005948456
2023-11-25,8,56,0.9118304744661334
2023-08-15,2,30,0.938287034549983
2023-04-19,7,59,0.7805427353331199
2023-06-05,12,33,0.03264978982830036
2023-08-08,16,86,0.7776271900201976
2023-08-26,14,149,0.5736846738979964
2023-09-07,25,41,0.42838496296563744
2023-05-23,19,116,0.25393094400029137
2023-08-09,14,192,0.6235872411251336
2023-11-08,8,90,0.41041793212245736
2023-11-21,8,194,0.1807376244876311
2023-08-30,4,188,0.7315652713304727
2023-11-03,17,135,0.5984200899052525
2023-08-05,12,189,0.44366582401627785
2023-12-17,22,69,0.0935101630791958
2023-09-26,17,86,0.34194350645054405
2023-11-29,14,143,0.8897402140994278
2023-04-19,8,8,0.9033098846291725
2023-08-08,4,141,0.12456232484022545
2023-05-23,7,59,0.9086789586921163
2023-11-19,22,135,0.9029424841922818
2023-05-16,13,164,0.18899491654569933
2023-10-14,11,149,0.293404730735773
2023-03-12,6,150,0.8191764008927335
2023-06-24,17,39,0.06708544347949241
2023-12-05,16,51,0.6077976497795399
2023-05-31,25,77,0.5713191197643184
2023-09-14,10,53,0.5277814792644799
2023-12-19,22,33,0.20966554359516798
2023-01-17,18,5,0.4131503667233348
2023-05-18,24,196,0.6603173381039666
2023-09-09,9,146,0.07578613441046134
2023-11-21,12,159,0.20419641008851463
2023-05-09,8,79,0.9682002490628479
2023-04-30,23,168,0.1973083274521895
2023-04-20,25,11,0.8351485337377916
2023-06-17,15,24,0.5437056082168046
2023-02-19,13,98,0.5034339696366151
2023-07-29,4,17,0.7114908094669655
2023-06-09,16,22,0.09166397569619877
2023-07-03,5,63,0.2327779350924839
2023-12-16,24,59,0.14424529022711463
2023-12-09,8,5,0.3510722646540223
2023-07-29,25,154,0.9549014683402186
2023-11-14,4,192,0.9035183599309806
2023-01-16,5,165,0.497577965006646
2023-12-12,16,179,0.09768751663459807
2023-02-09,10,10,0.6666442459868863
2023-08-23,2,111,0.46215201736736256
2023-03-01,5,6,0.7905336920191589
2023-08-15,2,46,0.3965611602622201
2023-12-24,14,65,0.0011729285342885198
2023-03-03,6,129,0.912026686981611
2023-09-08,14,127,0.0419054415072887
2023-01-16,15,160,0.6454953070748669
2023-03-17,13,127,0.17212521384552892
2023-01-11,9,200,0.7346195018882117
2023-11-16,8,167,0.6223581589895809
2023-10-15,18,130,0.11301172123827985
2023-12-25,22,35,0.20991838499435733
2023-12-09,16,2,0.5850899088702273
2023-02-21,24,200,0.9167842839152769
2023-07-02,5,87,0.993547186771115
2023-11-18,14,196,0.6513363668780976
2023-04-24,15,144,0.9537259829556951
2023-10-21,16,134,0.6580155392490585
2023-12-24,14,163,0.899679798576318
2023-06-23,4,27,0.056878561555014806
2023-11-30,7,187,0.6940776998193244
2023-02-28,13,129,0.3637947862490497
2023-02-22,12,197,0.3257414727626988
2023-07-21,1,40,0.02696012516492341
2023-08-23,3,144,0.06392856487700405
2023-09-29,11,67,0.3614501795295515
2023-02-15,3,79,0.45449694056804724
2023-04-13,24,66,0.6221832630986673
2023-07-06,5,78,0.9029698974848304
2023-03-08,18,144,0.5278192373750994
2023-09-25,16,106,0.8369407835655398
2023-09-01,9,64,0.8239354009292158
2023-09-05,2,174,0.7654282826747429
2023-10-03,17,114,0.8637600492975169
2023-02-01,25,140,0.9364003331940456
2023-02-21,9,102,0.19992893251708188
2023-02-10,18,60,0.48903596099760627
2023-07-25,2,65,0.4325124004017108
2023-12-26,24,60,0.06986071432125529
2023-06-04,2,114,0.21108275417611044
2023-12-02,22,166,0.05268179451083321
2023-05-09,9,65,0.7748824815910433
2023-10-28,23,96,0.761736720766819
2023-05-22,17,103,0.7787284680287088
2023-05-27,1,137,0.25938933948417753
2023-08-25,19,196,0.95981018808496
2023-05-31,25,57,0.00394930698637086
2023-08-10,2,134,0.41062430114676507
2023-10-24,13,76,0.30356686924378673
2023-06-27,14,13,0.8966791559873883
2023-05-29,21,139,0.13632937385214883
2023-07-30,7,61,0.06782746377654181
2023-04-16,4,23,0.17042146315427387
2023-08-24,1,47,0.6897682314253324
2023-01-22,22,58,0.2402588070582934
2023-10-26,8,188,0.2826381620104873
2023-08-12,16,200,0.5141420222897525
2023-02-26,5,133,0.07566965505001833
2023-09-30,24,60,0.7708138412360622
2023-11-16,5,187,0.045397319078175014
2023-07-13,6,71,0.8943849884707941
2023-11-06,9,122,0.5987547603338934
2023-11-28,1,34,0.15435150173374146
2023-05-06,6,163,0.43083194108765943
2023-09-18,24,154,0.30040408996895673
2023-10-09,15,106,0.7408418924078042
2023-12-03,1,74,0.22253786464300773
2023-09-02,15,173,0.5835805488985706
2023-01-17,16,88,0.09110404136717232
2023-10-22,20,187,0.43885515822592136
2023-05-30,21,74,0.3444637512117208
2023-12-18,10,46,0.5007118982444179
2023-05-30,19,99,0.3335181017988187
2023-03-15,14,155,0.31283565459246454
2023-04-01,12,187,0.8798486017589285
2023-02-28,1,132,0.9244007133533756
2023-09-10,15,40,0.30005265494637623
2023-02-24,23,40,0.1887116983886583
2023-10-24,10,105,0.48589655433960943
2023-05-22,4,46,0.2458243738735275
2023-01-07,22,138,0.2978646201435007
2023-12-28,4,162,0.43788770904114627
2023-12-04,2,156,0.5353084602493062
2023-08-08,21,83,0.39157026921058047
2023-11-21,22,45,0.45139285422740294
2023-04-23,14,103,0.4848397572852158
2023-05-11,25,171,0.9576443467979692
2023-06-02,3,119,0.007408436396474816
2023-07-29,10,75,0.2559654046501709
2023-10-09,23,139,0.7092967096761943
2023-04-09,21,200,0.8725244552587648
2023-12-30,2,148,0.7787461634450353
2023-11-15,23,194,0.3107871471398256
2023-09-28,11,142,0.4590070680571069
2023-04-24,19,46,0.8384501507646008
2023-11-03,24,141,0.5804246640685878
2023-03-14,7,30,0.07347516774503637
2023-08-28,5,2,0.3368168307920498
2023-08-29,21,187,0.3090230540660548
2023-11-28,24,142,0.8046893913973249
2023-07-26,2,111,0.8325872904491939
2023-01-28,9,76,0.43860339608234966
2023-06-30,20,99,0.795292114829739
2023-05-07,24,154,0.2545784409043078
2023-01-12,4,111,0.5334287694854218
2023-09-17,17,3,0.03592464583983679
2023-06-17,20,172,0.4006639330489635
2023-05-03,18,134,0.45203985733706575
2023-09-10,9,162,0.1873747051493324
2023-08-04,9,99,0.39328390706807836
2023-08-27,25,3,0.32232409024168285
2023-01-09,1,51,0.1089878444050073
2023-01-12,17,58,0.7071187962511084
2023-03-24,5,116,0.4388104328800785
2023-11-28,3,64,0.6018186402760284
2023-02-15,12,87,0.2201340384102347
2023-12-18,2,77,0.26567899147345453
2023-07-17,19,46,0.6605313437914686
2023-09-06,2,69,0.46375497969484003
2023-08-22,1,14,0.911933713877925
2023-02-05,5,194,0.7360433408421322
2023-04-24,6,185,0.510273529759891
2023-08-26,21,145,0.6297150635977923
2023-06-17,10,154,0.11224768162779342
2023-12-10,2,196,0.26413376720841997
2023-08-06,9,186,0.8096066734253267
2023-09-27,9,193,0.38237821731004074
2023-02-07,1,164,0.1808341123987668
2023-10-28,3,119,0.190805893517476
2023-02-24,20,63,0.5317592248798387
2023-08-08,22,122,0.3336914606506285
2023-01-23,23,200,0.906753993292424
2023-07-28,6,93,0.648674156453645
2023-11-23,24,132,0.9400844626450822
2023-08-16,23,193,0.08334759773501688
2023-02-24,14,159,0.020508129466009883
2023-03-22,9,119,0.8278132655777191
2023-01-09,21,190,0.18308866808755053
2023-06-29,9,50,0.09009986123745373
2023-08-01,24,147,0.451429513016119
2023-03-03,11,31,0.6650409052459284
2023-09-13,15,19,0.5884060429980056
2023-09-13,15,100,0.9502836878349353
2023-10-02,4,187,0.11165325165226381
2023-07-25,17,56,0.6716021364345334
2023-05-11,11,167,0.6783469320613439
2023-11-05,19,16,0.6997960040966044
2023-12-22,20,56,0.014256627460277227
2023-02-14,4,142,0.8730643760041359
2023-03-02,22,59,0.2825113974039857
2023-03-06,13,130,0.17936889609854934
2023-11-14,25,31,0.9952611319342106
2023-06-29,18,93,0.8763134196446787
2023-07-04,2,123,0.3224543345021149
2023-07-17,12,171,0.7407430257931819
2023-10-29,6,192,0.10608796960062883
2023-10-17,8,72,0.03149269128433163
2023-10-03,18,174,0.39689708778337796
2023-10-13,21,8,0.344036200720813
2023-08-24,25,152,0.3799002254800131
2023-07-03,1,93,0.7731043934829684
2023-12-18,19,95,0.1594684705274202
2023-12-04,4,190,0.21423061106453078
2023-06-01,7,91,0.47197278716106505
2023-03-10,7,78,0.9705615644206661
2023-06-25,23,160,0.3912949749180581
2023-03-16,3,14,0.10362499831325556
2023-07-02,20,142,0.9196496760204241
2023-01-23,13,155,0.9592207117903301
2023-12-31,11,116,0.22643407543299887
2023-03-15,2,46,0.49825639438601144
2023-05-15,1,132,0.975454375486197
2023-11-11,20,90,0.2139343618865749
2023-12-08,13,71,0.14700308318465138
2023-12-31,6,6,0.07296460543522643
2023-02-01,25,111,0.22011428596823746
2023-09-04,18,101,0.791306104029782
2023-10-29,5,42,0.0964391653253488
2023-12-14,8,78,0.437429136246432
2023-11-12,13,113,0.2989061109923222
2023-03-26,6,130,0.6430336863668482
2023-03-05,12,179,0.6635646451317627
2023-06-05,8,167,0.18253310843616777
2023-01-02,8,32,0.11995592222466878
2023-06-02,14,59,0.9423341001826286
2023-12-11,24,131,0.1571496966379986
2023-07-26,1,10,0.20823697325714086
2023-08-06,23,94,0.41787773321671284
2023-02-18,7,18,0.4390671433353207
2023-02-02,10,8,0.0011147997950484712
2023-10-07,10,199,0.8151248133577181
2023-09-16,7,175,0.2827904098768631
2023-11-11,15,55,0.8743982864741229
2023-09-25,18,100,0.9492489200994909
2023-01-09,18,186,0.9013110434534654
2023-10-28,12,59,0.8114027184845589
2023-07-13,13,126,0.6592381260719957
2023-05-26,24,124,0.8536294161846882
2023-05-26,1,149,0.371783295901987
2023-02-08,21,100,0.408312081187569
2023-07-21,11,61,0.3332113820901855
2023-06-14,24,59,0.45574414217180215
2023-09-13,21,199,0.4318601983455258
2023-08-01,15,174,0.009425001819155177
2023-11-26,21,24,0.09438471694865469
2023-01-25,7,127,0.15822889319311617
2023-04-24,3,166,0.6126140487373772
2023-02-03,14,138,0.4572137646417981
2023-02-24,20,200,0.7531874816822689
2023-11-16,17,58,0.7408422346247555
2023-12-21,17,27,0.8533699943429977
2023-06-06,25,157,0.528207665162864
2023-01-14,13,49,0.186582614190696
2023-09-19,15,72,0.9284298938197454
2023-01-30,7,153,0.5269930205987758
2023-01-05,5,70,0.42271716989495656
2023-07-14,15,31,0.928418686660672
2023-11-20,9,98,0.5023094128042219
2023-10-13,4,171,0.6067185059719142
2023-03-27,13,137,0.3297237575035368
2023-06-04,13,19,0.679255678592855
2023-07-04,12,123,0.5219664411742553
2023-12-14,10,199,0.4560120568565179
2023-07-23,18,17,0.8355123603983281
2023-05-24,1,151,0.18254883254249976
2023-01-06,22,34,0.4623172781479744
2023-04-20,14,156,0.5489123638533735
2023-12-30,11,127,0.6623781598565505
2023-09-21,15,107,0.18856334946014097
2023-04-09,11,105,0.5727452348597891
2023-11-03,9,18,0.34453212029295177
2023-02-17,19,156,0.26334115474769615
2023-09-27,6,1,0.36933709726903274
2023-01-15,8,63,0.5097785945655434
2023-08-29,5,107,0.9101867274690174
2023-04-03,23,162,0.764527021272089
2023-10-16,6,87,0.9060702494980581
2023-10-08,1,63,0.6481740410581005
2023-11-22,4,53,0.7044628570402633
2023-12-03,11,4,0.706503200642981
2023-11-14,22,84,0.3591356734107216
2023-06-15,12,109,0.38982036768162853
2023-10-28,16,21,0.9691049190625051
2023-03-23,16,183,0.2334872981404471
2023-08-17,20,200,0.9827422565441537
2023-09-22,9,169,0.4286245331533519
2023-01-24,8,21,0.07201275226735337
2023-02-01,10,36,0.16410719294144482
2023-10-19,2,10,0.477259128003763
2023-03-21,11,23,0.6182133498216711
2023-06-13,14,50,0.929300307357099
2023-02-23,7,59,0.023056649906005866
2023-10-07,13,43,0.3012147367979414
2023-03-03,11,134,0.5873160362695014
2023-01-20,20,85,0.5227299465793495
2023-05-06,1,46,0.47069765071250225
2023-06-29,4,35,0.20623048550168122
2023-04-26,19,34,0.1965097861925772
2023-04-21,1,51,0.6272463136697536
2023-01-05,1,26,0.4733390130288082
2023-10-01,19,1,0.20101372990871513
2023-09-06,21,194,0.6894905971298875
2023-10-05,23,147,0.3025430560088256
2023-02-01,13,103,0.5053277080374707
2023-01-08,3,193,0.477638616717897
2023-05-13,5,165,0.15295562080094094
2023-11-03,11,141,0.889954914387577
2023-07-02,13,153,0.12579799627335797
2023-12-08,10,150,0.9811245300433444
2023-04-06,14,198,0.7445687035033968
2023-08-24,21,193,0.26708661596578387
2023-05-27,19,138,0.030839815794520997
2023-01-03,24,164,0.12928876002358347
2023-06-11,7,115,0.4047191358353107
2023-10-13,24,160,0.695771725553317
2023-12-05,18,133,0.1380972646463473
2023-04-28,1,95,0.6238994924280664
2023-07-25,2,68,0.4205946386415187
2023-11-16,17,24,0.8290367372531672
2023-07-21,16,41,0.8540211015622045
2023-02-20,7,162,0.0032417968354472304
2023-07-28,6,144,0.21630994706629025
2023-04-12,24,46,0.44728195355713973
2023-02-16,24,22,0.25955525536038604
2023-01-08,19,185,0.8978606964172593
2023-07-02,19,160,0.06701788025089805
2023-07-14,2,38,0.779921061228783
2023-12-09,19,125,0.6049465166932492
2023-06-21,8,72,0.7669054204124931
2023-03-22,12,25,0.3960392764546484
2023-04-01,17,179,0.915606291259641
2023-09-25,19,192,0.09625231909356946
2023-12-22,1,64,0.9455557200739291
2023-12-04,13,4,0.8944304222044678
2023-05-17,21,198,0.5924848219341381
2023-07-08,11,194,0.4045132911518595
2023-04-02,4,110,0.49932508316794877
2023-05-13,13,57,0.9892881002707048
2023-02-12,3,131,0.32283546371185756
2023-08-05,20,195,0.10758099897781848
2023-08-25,18,142,0.05791335735666536
2023-07-11,2,65,0.035169142196416425
2023-11-26,24,38,0.15878989383079023
2023-11-26,11,122,0.3957195520539336
2023-07-20,8,170,0.26458402501989664
2023-09-04,22,194,0.3965578257420903
2023-06-20,16,42,0.14621048544251325
2023-04-10,18,21,0.10474240410094804
2023-09-03,8,105,0.4563984094815954
2023-09-13,13,158,0.4169100748329404
2023-11-11,20,99,0.8906904809134908
2023-07-03,1,62,0.34882457751878027
2023-07-05,20,145,0.6714003983338545
2023-06-09,10,148,0.24011065022345324
2023-10-12,3,114,0.9534914641612836
2023-10-02,9,22,0.3234778430041605
2023-09-06,9,106,0.17334797302879745
2023-04-01,15,85,0.9191124634814485
2023-04-26,23,31,0.8493587059312466
2023-12-28,7,111,0.6254230818601493
2023-03-16,4,52,0.5088239602689176
2023-07-18,25,128,0.520505468802587
2023-04-13,19,112,0.15019345838365772
2023-11-07,8,130,0.018659802269475723
2023-10-01,20,157,0.023884225446547003
2023-05-13,20,79,0.5900902206904647
2023-06-10,8,67,0.5251387635654267
2023-05-03,1,184,0.04665125787423485
2023-05-02,21,14,0.15162256765406124
2023-12-21,18,60,0.9078527737839392
2023-04-17,12,165,0.3096235452828273
2023-05-22,11,8,0.5021525086434615
2023-01-27,3,109,0.060193889344064666
2023-03-13,17,36,0.6391985119570133
2023-10-26,10,33,0.021782293525127616
2023-08-29,19,93,0.7933822346733996
2023-01-21,20,55,0.9286483317680228
2023-07-08,10,145,0.9395738239238136
2023-04-05,6,112,0.6068793450968495
2023-11-01,21,15,0.7196363762838232
2023-01-31,3,24,0.14370941563947348
2023-02-12,14,157,0.31966636772027623
2023-08-11,16,29,0.020850298361300146
2023-10-08,8,121,0.9293666932581536
2023-02-19,19,28,0.12360064336286647
2023-04-21,15,31,0.3082743056995141
2023-07-07,15,119,0.12475605380992505
2023-05-07,21,29,0.8781510583486999
2023-11-30,15,7,0.6435952798850186
2023-06-09,17,151,0.542206392762303
2023-08-19,6,145,0.4411362340788587
2023-10-24,1,113,0.6512799018499816
2023-06-21,5,5,0.49363481508198614
2023-02-06,14,23,0.4630112372477375
2023-08-14,3,79,0.06869270201604194
2023-10-16,12,66,0.9670895815472745
2023-03-11,20,95,0.982166158099675
2023-07-10,16,152,0.1460910780636414
2023-01-31,12,82,0.2939327922054126
2023-08-21,21,155,0.3055526967779767
2023-02-04,10,2,0.27840725014671164
2023-12-12,10,135,0.8387289430970675
2023-04-15,16,109,0.0652456526869013
2023-12-15,9,172,0.018107642371266053
2023-08-19,2,84,0.23593660283885576
2023-08-24,5,57,0.746113743431962
2023-04-19,17,136,0.9788942760286024
2023-03-11,3,50,0.24060098096997906
2023-03-30,3,4,0.36819783036844633
2023-07-29,11,73,0.940866282760577
2023-03-10,10,165,0.5087235957134725
2023-06-09,17,53,0.15988698830718562
2023-03-13,2,90,0.5739491450839275
2023-05-15,19,191,0.41005460790372517
2023-09-26,1,170,0.7751171194874724
2023-09-20,7,135,0.5747699420130963
2023-02-14,4,38,0.9762935125885857
2023-01-12,8,192,0.808779997592539
2023-12-06,3,47,0.6011370440193812
2023-06-16,17,58,0.4486673249981502
2023-07-15,19,167,0.150244873958565
2023-01-05,5,93,0.4557506061153682
2023-09-03,13,200,0.2196976465504452
2023-05-26,12,177,0.9975320200647614
2023-05-08,21,181,0.9979041524213239
2023-02-21,2,150,0.8619990663545611
2023-05-19,12,119,0.5519988534500897
2023-09-21,15,120,0.0201053344055262
2023-05-27,16,97,0.4870342376850735
2023-08-25,20,109,0.48851019668394857
2023-06-09,11,174,0.7377093588327525
2023-03-27,8,31,0.9915324966838923
2023-12-13,1,75,0.86469947488065
2023-11-10,6,185,0.024081997031302538
2023-02-17,11,143,0.8261033491498041
2023-04-03,12,67,0.9941137291377271
2023-08-23,12,79,0.29240145481015944
2023-04-09,3,117,0.8520407716505947
2023-12-26,5,45,0.1628359972827207
2023-05-12,20,14,0.35919000699488246
2023-08-07,19,31,0.8892191705090616
2023-03-04,19,144,0.12894851010684527
2023-08-14,22,12,0.1546788110193381
2023-05-01,3,53,0.7025382116623698
2023-11-13,8,66,0.5134247654162014
2023-01-07,23,136,0.25459622033743756
2023-10-25,24,71,0.9264460631883569
2023-01-10,9,195,0.17231221931507834
2023-06-17,6,18,0.05441458602403204
2023-03-03,3,71,0.8620351234009989
2023-08-09,13,70,0.029247003864848686
2023-05-24,17,161,0.8979878265244103
2023-07-15,17,6,0.2509492047686558
2023-12-25,18,162,0.14956204116675897
2023-11-17,6,32,0.09864838076562177
2023-07-18,8,131,0.6656290124776323
2023-03-24,20,44,0.5381410851026174
2023-03-03,25,103,0.504546737565074
2023-07-07,23,156,0.08690189697067474
2023-11-04,5,100,0.5803787246111403
2023-02-06,2,99,0.3161230365236961
2023-08-29,24,112,0.6242262272249538
2023-11-01,7,88,0.08778380378382478
2023-11-09,19,24,0.08305224437331915
2023-07-29,12,81,0.32606745493455225
2023-04-14,17,121,0.8265310058523128
2023-08-22,21,29,0.837424055076476
2023-05-23,20,52,0.6596669867004974
2023-11-15,6,29,0.850043180529194
2023-07-16,18,96,0.502577955031027
2023-11-02,8,45,0.9576362114632846
2023-12-27,5,54,0.006956968944624942
2023-01-23,8,183,0.8341922644944667
2023-01-16,3,154,0.5872991449412809
2023-06-28,20,109,0.348923251449584
2023-09-17,7,171,0.2135222472425381
2023-04-26,1,147,0.6262016400652718
2023-05-01,16,125,0.45999495632601606
2023-03-20,24,146,0.5088315901228888
2023-05-13,4,80,0.7086311954352301
2023-11-18,15,76,0.310723802254111
2023-04-27,20,146,0.5660527360444401
2023-07-26,22,156,0.40635305922658305
2023-03-10,16,103,0.9766928099743348
2023-08-30,8,168,0.6277580695773926
2023-02-25,25,62,0.395306155032327
2023-12-10,3,70,0.425146063362677
2023-06-26,14,58,0.5378499520836688
2023-05-29,19,40,0.5475759777445097
2023-06-26,8,183,0.6819593818611249
2023-01-07,6,38,0.36578027903388677
2023-07-19,7,99,0.47585289292778177
2023-09-21,4,81,0.5486679818773071
2023-04-18,2,50,0.8935462302414567
2023-05-14,8,98,0.04235980672678008
2023-06-26,21,118,0.22830170898936908
2023-12-27,7,48,0.07442676301184814
2023-01-29,18,37,0.6024297649089033
2023-02-26,11,181,0.6787716640943783
2023-04-27,7,59,0.5951417723256629
2023-01-14,16,137,0.4665171818245517
2023-06-27,8,104,0.3020866969973812
2023-05-10,5,70,0.6109630827458831
2023-03-09,20,13,0.30858030860409236
2023-08-28,16,82,0.4345416646198922
2023-06-06,23,151,0.12890897206428498
2023-06-05,14,69,0.713879931797395
2023-11-21,21,141,0.15466167418454835
2023-08-17,23,57,0.5250416056828543
2023-03-22,9,29,0.9068065438902773
2023-09-14,12,33,0.8965949470296465
2023-10-11,6,46,0.18452154861140124
2023-11-14,12,44,0.058249652016704845
2023-01-23,17,155,0.7191306766977086
2023-08-01,19,37,0.4187500600190611
2023-03-24,17,10,0.9006422377627954
2023-01-14,14,113,0.987353630488783
2023-08-07,21,156,0.86996255029223
2023-05-17,17,121,0.8203194637319658
2023-07-30,1,4,0.938359723457061
2023-10-26,16,182,0.8410469323878739
2023-08-17,1,79,0.3069286788970489
2023-06-26,18,107,0.3767718061464015
2023-03-15,8,48,0.404342010589834
2023-05-30,1,85,0.1288854105382763
2023-04-23,4,181,0.6475568322297914
2023-02-11,9,186,0.11084457371077916
2023-02-23,10,16,0.6516031450113431
2023-03-11,5,161,0.619864288805972
2023-01-15,8,172,0.4068334873294278
2023-07-30,19,130,0.9321542868658331
2023-04-07,3,110,0.2779098419872438
2023-03-26,13,45,0.5486732892445654
2023-03-13,2,39,0.30121730685158676
2023-10-19,22,65,0.3917592047390752
2023-02-01,18,32,0.5776227545849529
2023-11-04,22,153,0.3197604583365552
2023-11-16,10,40,0.3111857433306874
2023-01-17,18,164,0.7203653905750134
2023-08-30,7,45,0.23677065318391222
2023-04-10,18,160,0.6634065082917796
2023-01-01,12,11,0.2798448260793013
2023-10-01,22,170,0.34413684468574957
2023-12-10,15,134,0.5764650857542422
2023-01-01,4,52,0.8199972992231582
2023-02-07,6,179,0.1774629912595671
2023-03-17,23,27,0.6964406391987759
2023-11-20,5,9,0.8110586384762556
2023-04-27,15,146,0.00023719815372802433
2023-10-13,17,90,0.7980612309996723
2023-02-20,10,89,0.5246730175179622
2023-02-26,9,6,0.2921966949070577
2023-07-29,11,22,0.8698761932610034
2023-02-01,24,189,0.7865350936317497
2023-12-04,5,174,0.48315703865950155
2023-04-07,16,114,0.03778484318504505
2023-01-24,9,110,0.7614286217916991
2023-09-27,21,44,0.09067536611901095
2023-02-26,16,186,0.10076564339447969
2023-11-15,15,68,0.09269200385865972
2023-03-08,17,46,0.974112480947968
2023-01-29,17,94,0.6571669346335717
2023-12-05,4,98,0.40029709545119496
2023-03-30,18,84,0.4038227217805611
2023-12-03,25,86,0.37892420532935467
2023-09-14,25,40,0.9154892481692927
2023-07-07,19,199,0.45394303142632486
2023-08-29,17,23,0.2761601285750712
2023-11-18,9,163,0.4618182350108401
2023-06-17,13,121,0.8456983357440584
2023-10-10,7,107,0.3343264728343902
2023-04-29,3,171,0.7563544408586478
2023-08-16,6,183,0.5663775169978716
2023-07-27,20,110,0.45969780645139524
2023-04-09,15,127,0.7337701963234181
2023-11-23,10,178,0.5412275946575978
2023-03-19,11,125,0.6566916885823614
2023-03-22,6,23,0.11547360318549638
2023-06-22,19,123,0.6155002327560516
2023-11-06,21,60,0.7575819627419033
2023-04-25,7,81,0.06299336967850411
2023-09-27,2,102,0.7197591821521147
2023-05-21,19,158,0.7050495308720174
2023-06-27,16,196,0.7383871077096846
2023-06-22,10,86,0.5953086913552922
2023-02-22,20,96,0.05154848607285634
2023-10-23,5,200,0.1647939850551856
2023-07-29,1,197,0.01285227992380622
2023-07-16,17,40,0.4030505891512237
2023-03-22,4,117,0.44053851798392063
2023-08-14,6,135,0.9833703352005777
2023-07-15,12,151,0.3674416865466138
2023-08-12,19,21,0.296397085871567
2023-08-26,17,110,0.2360630110966757
2023-08-08,24,20,0.515863977139687
2023-02-03,23,89,0.9870461262350989
2023-05-21,17,165,0.36999585685726666
2023-10-30,21,193,0.18031949648809487
2023-03-28,12,118,0.7558788081445169
2023-02-07,8,188,0.559097225671054
2023-08-06,18,70,0.5571198894122898
2023-11-29,8,110,0.20728922978920972
2023-08-06,14,10,0.883781594220657
2023-03-24,17,36,0.7828252641635896
2023-03-22,4,136,0.7809419424599905
2023-05-08,9,12,0.8603726239713753
2023-08-02,23,63,0.6451257821290335
2023-10-19,7,133,0.12089173717900414
2023-08-12,10,141,0.21948289613321348
2023-02-22,21,74,0.434525651106216
2023-02-13,4,48,0.055361958152352786
2023-04-21,17,70,0.8726906788463172
2023-12-30,6,85,0.20027856878629813
2023-07-08,18,198,0.9958540296823459
2023-04-16,17,62,0.4356061567808429
2023-10-31,23,37,0.5425607086881016
2023-09-09,23,53,0.12801079307283125
2023-04-04,16,169,0.08791271319562965
2023-04-20,23,53,0.34058086312986136
2023-03-03,1,20,0.05953036243025711
2023-01-25,5,35,0.6969898920614404
2023-10-23,10,26,0.9536377342117304
2023-02-10,13,162,0.8396000374481701
2023-12-24,8,103,0.4657837259176212
2023-05-10,6,83,0.09628505182506764
2023-04-01,14,77,0.10450908823003446
2023-08-27,5,65,0.02959889918342873
2023-04-07,4,165,0.701748178176055
2023-02-09,16,144,0.4465231554405753
2023-05-18,3,92,0.5917169368588677
2023-03-19,1,71,0.907065468412677
2023-12-25,24,173,0.19546261483381788
2023-03-23,13,56,0.2135831950873548
2023-04-09,13,197,0.8039785530298532
2023-12-12,4,80,0.7481641114703504
2023-11-18,14,52,0.8136955839274386
2023-10-27,11,76,0.15896748783628323
2023-06-14,9,124,0.013606482480746696
2023-05-17,20,99,0.3308548870532678
2023-02-26,18,184,0.19487069821756842
2023-12-14,23,184,0.4949454202440735
2023-08-16,18,75,0.17965419586128661
2023-09-11,18,109,0.6049644461657238
2023-05-09,16,175,0.6284582057639291
2023-03-19,13,42,0.8785775256122721
2023-04-24,12,74,0.185821728531387
2023-11-15,17,20,0.027766046516379927
2023-03-19,16,81,0.63739952058972
2023-06-01,23,170,0.3260871824199524
2023-10-30,25,177,0.02964326210823487
2023-08-18,14,88,0.6751598030429353
2023-09-14,19,41,0.5364827298202577
2023-09-17,8,103,0.001758913151849284
2023-07-03,8,110,0.9391564323394708
2023-04-11,16,71,0.1743094760816457
2023-08-11,20,15,0.3136612989362847
2023-05-21,3,147,0.8456112487250755
2023-07-27,11,101,0.9406164763969491
2023-05-25,3,44,0.9985773677256415
2023-10-07,13,164,0.17303691564823975
2023-08-26,24,50,0.8817112436588352
2023-05-06,6,197,0.9697886638516524
2023-01-20,17,111,0.8554723945077655
2023-06-28,19,97,0.5343335250102863
2023-09-13,10,29,0.002940694315751613
2023-09-02,11,25,0.5806339015161323
2023-03-20,5,56,0.38628551777135345
2023-04-13,5,35,0.5804238200797603
2023-09-02,2,174,0.9197076750094701
2023-05-29,24,183,0.7361636294569891
2023-04-01,2,107,0.28310218842163937
2023-11-20,5,171,0.5184560541562762
2023-06-08,20,109,0.18748120750831532
2023-10-02,5,110,0.40420754413962623
2023-10-27,8,119,0.5246711350589848
2023-06-08,18,160,0.7189543554094598
2023-07-06,14,4,0.10887833728419039
2023-02-26,19,132,0.03800572560603854
2023-06-14,25,127,0.6413868985044661
2023-11-10,2,128,0.9822135220785673
2023-09-30,9,42,0.8762880074672079
2023-11-10,14,139,0.053024454163528634
2023-05-09,7,175,0.6596916948169927
2023-12-17,8,115,0.2456007363249636
2023-12-07,11,124,0.4354852360715219
2023-08-31,23,38,0.6547081191484165
2023-09-30,5,158,0.9036534290231891
2023-03-07,15,121,0.3752149343943846
2023-12-18,12,9,0.6272239590573561
2023-09-27,23,54,0.2928635644263303
2023-03-24,1,165,0.9320950477604889
2023-10-09,2,154,0.3637190316542599
2023-10-17,6,59,0.8506900840233625
2023-04-30,8,27,0.6117446445103204
2023-04-10,19,162,0.34008507143817057
2023-11-25,8,83,0.5278618017660529
2023-06-10,19,136,0.40993685514340517
2023-08-04,8,60,0.4751916037386956
2023-12-31,1,173,0.011167081934936096
2023-11-10,8,150,0.6045548406754733
2023-08-23,10,95,0.6261888094124843
2023-09-05,12,120,0.8729766094319167
2023-10-16,17,35,0.006650813116245935
2023-05-29,5,171,0.7062896252169231
2023-02-08,10,39,0.19440495045895245
2023-02-23,11,135,0.19156584574515645
2023-02-26,4,87,0.017629196145011794
2023-06-16,25,125,0.04798261037315621
2023-03-29,15,73,0.9028106299346973
2023-02-18,24,98,0.6560559863127258
2023-11-13,21,169,0.870554901450757
2023-09-21,6,194,0.20239344358073597
2023-04-10,9,46,0.19147306806701236
2023-09-26,20,110,0.6021301472341849
2023-11-11,8,187,0.7598428808562772
2023-10-15,2,145,0.33959454705669856
2023-08-05,4,60,0.7185450467909996
2023-05-21,14,180,0.6018720894795356
2023-02-06,4,199,0.8725567591084085
2023-11-13,5,196,0.47975341377953495
2023-08-13,10,190,0.5937842009377948
2023-09-23,6,17,0.9789874525753636
2023-02-06,11,161,0.5448664990372962
2023-07-03,17,91,0.24963287824562108
2023-12-06,15,186,0.972013533091173
2023-01-12,4,18,0.9039436199893286
2023-10-05,4,26,0.2480865267529906
2023-07-30,7,197,0.913059243632882
2023-07-19,11,64,0.42777184036584726
2023-02-23,19,53,0.043307610059362345
2023-03-27,12,178,0.20865622776267168
2023-11-13,4,94,0.9488193348680859
2023-10-04,1,65,0.5076201103142726
2023-06-23,14,46,0.09756205006430807
2023-04-24,12,181,0.8352771139317221
2023-08-03,19,104,0.2692570384221361
2023-12-25,10,16,0.3559940680980809
2023-03-10,18,137,0.4446664566589754
2023-07-30,23,186,0.3691622988568385
2023-06-15,15,79,0.46328185986707704
2023-09-01,18,105,0.8068005276709755
2023-08-25,1,99,0.7172545418075333
2023-11-13,11,22,0.9788013080967501
2023-07-25,23,10,0.5323456110511288
2023-08-08,22,184,0.32744917889823655
2023-10-14,4,78,0.7793931974451236
2023-10-03,16,129,0.3898592605825355
2023-01-06,17,2,0.9052366109659866
2023-12-28,7,127,0.7842529903978387
2023-12-18,6,118,0.0729033379081866
2023-10-05,11,131,0.3996061966114024
2023-12-16,23,82,0.8496955997537872
2023-08-06,6,46,0.08377451718934326
2023-06-17,24,63,0.40624052532540633
2023-01-17,17,126,0.7372606237477547
2023-11-11,11,113,0.2693550403848918
2023-10-05,17,44,0.09991028738654606
2023-02-01,9,60,0.5362512988625003
2023-11-30,9,60,0.7854059264988815
2023-11-21,1,20,0.3189429646343661
2023-07-28,14,107,0.22947279833582435
2023-07-03,21,9,0.2489868488057455
2023-11-06,21,152,0.891549747819473
2023-09-17,17,162,0.6336237575743785
2023-10-10,5,177,0.3440909508896606
2023-02-23,8,36,0.07412716344147663
2023-10-30,17,117,0.5289763626910522
2023-11-09,5,78,0.6628640395529273
2023-01-09,7,83,0.8770828803784017
2023-12-27,8,50,0.4578038422895838
2023-05-12,5,38,0.49754323271579126
2023-06-25,16,35,0.5547598009816821
2023-06-25,9,61,0.867588541916919
2023-02-23,17,28,0.7381487569209031
2023-07-10,25,134,0.5159979278056996
2023-04-28,12,145,0.876263963475754
2023-11-03,10,86,0.8709811294642745
2023-06-25,9,115,0.3138157366272172
2023-07-18,20,186,0.359284764548761
2023-12-26,5,89,0.45084579708585537
2023-12-12,9,60,0.2536747242876358
2023-09-12,20,106,0.07745448476498318
2023-07-18,2,165,0.7076871333208544
2023-02-01,10,98,0.290238292789755
2023-02-01,6,132,0.9966235514391759
2023-04-12,8,80,0.9144699237212631
2023-10-22,7,128,0.0410728197940492
2023-01-14,18,98,0.00896877161898002
2023-01-30,16,176,0.43803760151377014
2023-02-26,14,40,0.7910046831939643
2023-01-28,11,140,0.1812497256414246
2023-09-26,12,29,0.0038920104166955127
2023-02-16,6,199,0.9000597677995121
2023-07-29,4,126,0.5558335382357245
2023-11-14,7,54,0.7489896616787601
2023-04-28,9,3,0.7859826215346701
2023-09-29,19,144,0.41797803810444
2023-09-23,23,15,0.35995746464561307
2023-09-26,22,124,0.571036415402803
2023-09-08,22,170,0.34479943754403763
2023-10-11,23,67,0.408839969514767
2023-07-04,11,137,0.9714431585489351
2023-10-29,25,176,0.7765047797865285
2023-09-24,12,66,0.306356324125973
2023-09-03,19,74,0.04009274482182523
2023-02-04,17,52,0.2738061273832294
2023-09-27,7,53,0.6637415644473997
2023-01-12,21,180,0.4597672543654584
2023-04-18,5,198,0.09405180108089128
2023-06-22,8,178,0.07324812154091986
2023-07-11,19,130,0.7827895387115987
2023-06-06,16,103,0.25611269153511085
2023-07-02,24,189,0.9094928315067732
2023-02-19,19,176,0.23044583688179288
2023-03-12,9,63,0.16862489589862162
2023-04-11,25,25,0.30376551598712387
2023-12-01,3,5,0.15051522783060167
2023-06-25,21,109,0.05197628456837278
2023-07-24,20,146,0.2851038262921253
2023-10-25,7,96,0.6085079411073214
2023-07-31,1,106,0.7578826510948337
2023-09-07,13,49,0.7192350837896166
2023-03-25,10,143,0.17750833836421354
2023-03-14,6,62,0.9682842176529866
2023-01-29,24,126,0.39900358257973834
2023-11-14,16,13,0.6827189786381764
2023-11-24,1,89,0.5202519419277709
2023-03-17,16,115,0.49435690541344446
2023-09-13,6,166,0.46693536907884037
2023-04-25,17,26,0.33183885550266157
2023-08-24,8,48,0.9034109507746546
2023-07-19,18,187,0.43077737660993876
2023-02-17,2,140,0.09202169894375334
2023-06-01,16,132,0.9264618641908032
2023-08-25,17,178,0.7576706990908667
2023-02-03,4,82,0.8847272957687081
2023-05-21,18,94,0.2128811417327766
2023-08-07,21,177,0.4175238629754906
2023-05-03,23,3,0.8025851634479231
2023-04-15,8,177,0.8302352612212199
2023-09-01,5,134,0.49151528418373014
2023-08-28,5,11,0.9856110879391572
2023-07-31,2,49,0.9707583990662394
2023-04-13,18,53,0.4427135629575778
2023-05-03,2,117,0.8230685534841008
2023-07-25,23,106,0.4038661660128797
2023-12-29,6,49,0.136377899704482
2023-08-13,4,146,0.6811601033141812
2023-10-20,15,2,0.17240639959327608
2023-02-14,24,182,0.811959918897302
2023-05-03,4,88,0.8403462356453318
2023-12-09,25,25,0.8862364148787808
2023-07-16,14,163,0.11191298568901686
2023-09-10,21,159,0.6613155433012617
2023-10-10,3,183,0.8520079613658859
2023-01-29,9,71,0.49984193717765857
2023-09-28,10,87,0.0933272077987225
2023-07-17,4,147,0.8693159671225675
2023-10-03,4,96,0.9738803101617219
2023-09-26,11,35,0.05980468487844692
2023-09-26,22,88,0.050647618229914704
2023-07-09,18,76,0.5291465825025796
2023-08-27,23,198,0.7625514358557982
2023-02-26,20,196,0.4571047510346328
2023-10-21,25,55,0.19836118545164683
2023-05-12,12,189,0.02159838567325345
2023-09-30,9,100,0.04533592084666649
2023-11-03,4,117,0.8756851536924658
2023-07-18,16,186,0.7242288536040866
2023-01-06,12,191,0.16143911510079278
2023-10-19,14,149,0.9717915172274981
2023-05-28,17,60,0.5583854966558208
2023-10-06,14,23,0.18508781865245072
2023-10-31,23,126,0.7305537622499038
2023-04-20,25,122,0.9116041091039959
2023-12-22,18,180,0.3780177363002283
2023-08-02,16,34,0.7545992227086582
2023-08-05,24,116,0.06994980360275438
2023-10-04,17,80,0.20702424541452635
2023-08-07,25,121,0.344650104371404
2023-11-06,21,1,0.35581165067585796
2023-10-31,21,111,0.6576821201310198
2023-05-10,7,167,0.37293578092417934
2023-08-01,11,16,0.6030892158090319
2023-11-09,10,141,0.14160836752741945
2023-04-02,6,8,0.29779019540207496
2023-07-09,24,109,0.6201783527468024
2023-11-29,8,32,0.3815853181513237
2023-03-11,10,82,0.8676738049332677
2023-12-30,14,101,0.09835052192519389
2023-12-22,18,70,0.06937436566686006
2023-03-20,2,93,0.4402167579233416
2023-12-25,21,161,0.25935050354860245
2023-09-15,6,142,0.4541363389523966
2023-04-11,7,178,0.6807281993840705
2023-07-03,6,176,0.7478529082411535
2023-06-24,16,26,0.9512993175555645
2023-05-05,11,173,0.3411187983143398
2023-08-28,10,55,0.48790675496389835
2023-11-19,5,109,0.061158867809687156
2023-11-20,7,77,0.9557596174279378
2023-11-12,21,67,0.3671388139759838
2023-09-23,15,92,0.4085777044750487
2023-03-02,23,103,0.5324903506696642
2023-03-29,19,139,0.4122339254362488
2023-03-17,24,15,0.33551544078631945
2023-03-20,6,111,0.13504925823847413
2023-10-14,3,147,0.7531061961586027
2023-11-03,23,171,0.5562742737188684
2023-10-24,21,49,0.5968132363586872
2023-06-15,13,55,0.691385970163399
2023-09-25,14,111,0.1114366381638704
2023-02-03,16,195,0.00856495687174108
2023-11-13,12,6,0.2371450705110718
2023-07-27,1,175,0.9099954338496327
2023-08-21,12,158,0.05382654914306162
2023-08-28,5,73,0.11695916088673064
2023-09-09,3,189,0.7318482346191199
2023-08-26,14,47,0.9012932751144327
2023-05-29,4,127,0.3645450766865028
2023-09-19,25,118,0.021944899635116033
2023-05-13,4,125,0.0027442096632043222
2023-03-15,6,103,0.8954775307999667
2023-09-11,8,17,0.49518490871088405
2023-10-06,21,86,0.4468413852898677
2023-05-19,10,110,0.3082166439843448
2023-07-21,14,193,0.4152399032298001
2023-03-07,15,188,0.33474708105342743
2023-11-04,14,141,0.36767961848380637
2023-01-27,14,100,0.3404083739897765
2023-06-03,2,57,0.9796814329972642
2023-10-19,10,103,0.7877696974212701
2023-03-23,5,59,0.662342123716318
2023-05-24,8,44,0.2803330283873716
2023-12-17,19,184,0.6966238172620433
2023-08-09,25,160,0.616155203837405
2023-11-28,3,75,0.022621997065302324
2023-05-03,17,162,0.16957571475118427
2023-01-01,22,168,0.4982990541679315
2023-04-11,16,54,0.9803766254622089
2023-12-01,4,189,0.9110555192780707
2023-11-19,13,192,0.1653747558629204
2023-10-03,19,61,0.8985566599897444
2023-02-28,24,59,0.20259815646553203
2023-12-16,19,83,0.29598053906912547
2023-03-07,17,168,0.850649743745182
2023-06-15,3,112,0.2280246884608581
2023-10-01,5,50,0.9754703001918749
2023-06-17,7,183,0.6929498946470489
2023-06-02,1,135,0.8902235430936214
2023-08-02,25,122,0.7456614872841064
2023-08-16,14,197,0.7550556699681279
2023-01-03,23,169,0.5876950990860111
2023-08-01,7,194,0.8228826838820965
2023-07-30,12,6,0.7821154714855619
2023-04-29,18,155,0.6238965068999147
2023-05-06,23,197,0.9703921474770701
2023-10-01,10,61,0.3557839151333432
2023-05-24,10,15,0.3176380597722156
2023-01-05,22,119,0.36853321260309535
2023-06-17,15,123,0.7038897887222184
2023-05-11,5,109,0.11675271067186188
2023-11-08,23,26,0.009770682653868712
2023-03-18,11,179,0.33627640741088194
2023-08-12,10,156,0.15325277711623164
2023-06-22,16,162,0.8705917345545567
2023-11-25,16,1,0.48484471437845134
2023-07-10,3,176,0.6429069758733269
2023-04-07,9,149,0.24560442439224195
2023-10-10,16,89,0.9722775981492454
2023-03-20,22,144,0.6086315550363057
2023-01-14,15,83,0.9054780035300565
2023-06-08,20,28,0.46569998511516497
2023-09-20,8,182,0.013451992607717123
2023-11-30,17,53,0.7378041052768323
2023-04-22,25,156,0.517707364396645
2023-12-01,14,38,0.42675987643640556
2023-08-15,13,1,0.8270359725941462
2023-03-05,23,43,0.4791755924890353
2023-08-23,8,200,0.45071587400139934
2023-09-09,2,81,0.5483238487732673
2023-04-06,12,104,0.8017181998064505
2023-02-22,7,166,0.9789271735276222
2023-05-20,13,131,0.5865492561069313
2023-07-12,10,185,0.7767972570405115
2023-09-28,12,110,0.20112609638421342
2023-08-01,7,58,0.8300957074435481
2023-12-14,3,24,0.34250482456581255
2023-05-22,3,12,0.5821444908196537
2023-02-19,5,168,0.4356747881222347
2023-09-18,11,27,0.5862261247380004
2023-01-02,2,155,0.6897979519814041
2023-06-08,25,108,0.24559664837058803
2023-04-10,6,91,0.2061048665728269
2023-05-20,14,177,0.19639640149731719
2023-08-25,17,60,0.9925720010566714
2023-12-02,3,155,0.03601581289869504
2023-07-24,23,88,0.8012223730069213
2023-07-02,14,195,0.47485138852529285
2023-01-05,17,130,0.8115574478956022
2023-04-27,24,157,0.6784459627230569
2023-06-26,20,130,0.886969691169941
2023-03-07,8,3,0.8926446311209555
2023-11-09,23,188,0.13324595359965685
2023-10-24,24,132,0.8397363500108447
2023-02-27,4,3,0.9028731745730285
2023-03-19,5,198,0.8246831686064637
2023-04-28,16,140,0.48831571394857487
2023-09-18,21,71,0.5716383179062052
2023-09-30,20,104,0.6237907405047444
2023-08-23,13,105,0.7745554357707107
2023-11-24,21,35,0.1270633975521357
2023-12-25,10,91,0.3593574931873498
2023-11-26,14,138,0.8267292031178689
2023-11-11,12,176,0.7649594112275002
2023-06-05,6,191,0.9539361508866097
2023-07-01,13,11,0.6750431635431439
2023-02-17,10,33,0.9656214098114587
2023-01-12,23,151,0.6215125417838361
2023-11-06,9,102,0.12629273729400936
2023-07-10,24,123,0.7255223990197808
2023-04-14,13,18,0.38099656779180546
2023-10-21,4,107,0.6623880740727128
2023-07-26,14,46,0.5366824353978064
2023-05-18,13,142,0.3940294276783367
2023-04-10,1,115,0.06694689974676804
2023-04-05,13,30,0.9346663031258848
2023-01-08,14,163,0.43000322962436344
2023-02-17,6,182,0.49871245986009616
2023-08-27,16,162,0.6433326018691131
2023-08-23,5,131,0.705260064981735
2023-07-22,3,192,0.37255935807539364
2023-11-20,2,168,0.22101258017584358
2023-02-10,21,82,0.17984634596334825
2023-03-31,9,118,0.7947643846629858
2023-12-22,15,46,0.0025728570270491247
2023-01-12,4,72,0.5219575769216628
2023-05-11,21,50,0.7785703424997821
2023-01-29,15,121,0.3652539712697217
2023-04-12,21,197,0.7522127385654268
2023-10-15,23,10,0.9044320780838607
2023-05-09,13,199,0.8062701537696827
2023-04-07,25,37,0.8824465325866239
2023-01-31,7,189,0.9215556759006882
2023-12-14,4,184,0.6679339262510666
2023-03-12,18,77,0.7138060753689338
2023-03-04,25,14,0.3257981707177081
2023-02-09,10,49,0.843989355151578
2023-05-30,14,39,0.7023184050823421
2023-05-10,23,41,0.9798107927067615
2023-03-08,23,145,0.4212300641981158
2023-10-01,8,100,0.4603092135103123
2023-09-23,1,102,0.9449193291777986
2023-12-09,10,105,0.8740701834637408
2023-10-15,10,2,0.23463785422205086
2023-09-11,18,112,0.9099850916200628
2023-10-13,15,116,0.8673419743624969
2023-10-21,13,190,0.6308873573424404
2023-06-01,11,39,0.0598934582538333
2023-10-06,23,13,0.6116242135649488
2023-05-12,18,170,0.43028921937152453
2023-05-13,22,10,0.3671514202595396
2023-10-16,23,200,0.3018248141783496
2023-01-19,14,27,0.7613203741745725
2023-08-31,14,116,0.27660181643354365
2023-10-24,16,139,0.9612796974554288
2023-03-26,11,187,0.578924287786835
2023-02-23,3,101,0.9111278470753996
2023-03-17,18,196,0.8296904590710003
2023-05-19,4,11,0.22980682061480207
2023-04-04,25,164,0.9458911059939663
2023-05-05,2,70,0.4278330001734568
2023-03-03,11,72,0.6304735652750711
2023-11-22,8,42,0.43111582111849367
2023-05-07,11,52,0.6959524978865436
2023-08-03,13,189,0.541148340468977
2023-05-30,17,106,0.4593895667704506
2023-12-16,24,194,0.5506894194398294
2023-12-09,6,60,0.6293574482413307
2023-02-24,16,52,0.262068715646093
2023-07-24,7,16,0.3969076870230436
2023-01-10,6,170,0.4753773791452668
2023-10-18,23,163,0.7396342610719058
2023-12-04,13,16,0.5171337216132564
2023-08-06,3,130,0.8458059949085537
2023-08-07,8,126,0.8494377298487303
2023-07-26,2,173,0.9647446647439555
2023-02-27,8,89,0.5035571164767685
2023-04-12,2,159,0.6632806267779837
2023-09-16,23,64,0.6162355166892195
2023-01-03,21,130,0.7163027135773895
2023-12-30,10,191,0.5330029514397343
2023-11-02,21,177,0.30413100594184983
2023-05-21,11,55,0.1806691321503836
2023-02-24,6,181,0.8689006997041254
2023-09-18,18,10,0.6297169518993545
2023-02-17,18,96,0.1565896096642332
2023-06-15,1,153,0.6728762605965342
2023-10-04,3,81,0.3449079764563684
2023-01-17,4,126,0.24841383998490618
2023-05-06,5,165,0.5255788462204726
2023-06-26,4,108,0.5477640070801377
2023-08-17,19,112,0.5367777188129914
2023-10-24,22,29,0.9538465160823051
2023-10-18,17,115,0.7879476860125812
2023-02-02,10,32,0.7942886644473962
2023-11-01,19,72,0.49366907699785956
2023-11-27,14,68,0.9031482644314754
2023-11-11,23,200,0.7577305806873117
2023-05-21,10,68,0.021833953792737892
2023-03-22,21,67,0.8042335420314392
2023-08-15,11,79,0.9885466635820394
2023-10-17,25,117,0.22717829369247655
2023-10-30,23,99,0.3049247755112331
2023-11-28,2,81,0.1729509107421181
2023-11-18,10,15,0.8461528591459931
2023-09-04,11,171,0.9005138868822246
2023-03-14,22,72,0.26240306918284695
2023-04-04,25,195,0.844177553060882
2023-06-23,18,158,0.46920968332901924
2023-01-19,9,149,0.836937346354944
2023-07-12,21,158,0.41437905778901973
2023-01-22,14,150,0.8370564992117809
2023-10-28,25,185,0.6955870509314429
2023-06-28,7,192,0.836693288117955
2023-04-24,2,188,0.6472984671950474
2023-11-16,5,72,0.8725695125857075
2023-06-23,22,96,0.6287993535938515
2023-04-25,10,66,0.032856569147149295
2023-11-22,22,149,0.287244974279225
2023-02-12,8,44,0.35419126351846075
2023-04-29,25,92,0.48794486548777205
2023-09-30,16,29,0.3793659030102968
2023-05-10,21,22,0.43763476298687753
2023-10-20,6,37,0.8870885665700916
2023-08-29,25,80,0.8559718167573567
2023-05-26,24,87,0.9614353495263278
2023-09-29,22,192,0.6239684330598342
2023-07-06,6,8,0.3795131853297353
2023-10-26,19,81,0.852309401084522
2023-01-29,25,108,0.9232959332257931
2023-10-24,22,130,0.27659243252059906
2023-06-14,10,99,0.6668416630992681
2023-08-28,1,91,0.049106092708224636
2023-10-07,18,66,0.6276559985624383
2023-05-25,1,83,0.9674175595776092
2023-11-25,18,157,0.5887040428129907
2023-07-06,23,100,0.5103172682973521
2023-02-20,3,1,0.08711310929561644
2023-03-29,24,132,0.040095567332367965
2023-08-05,4,151,0.9789979559099045
2023-01-17,1,43,0.6727841123166908
2023-05-19,22,129,0.5021774451079408
2023-08-23,3,11,0.921869333881061
2023-07-08,1,112,0.5721589549934728
2023-11-15,6,165,0.30052458351627065
2023-06-20,19,66,0.8559050607563081
2023-10-24,13,61,0.823446606223127
2023-01-28,15,105,0.029146211615380557
2023-07-11,18,147,0.45053142014704417
2023-09-30,23,81,0.9281600096738114
2023-03-07,14,37,0.15110236590601878
2023-11-25,1,191,0.583767170790484
2023-12-21,22,176,0.9534298993408016
2023-12-23,9,94,0.44569592626061094
2023-09-09,25,80,0.3355681429348938
2023-05-13,15,65,0.4404955638522783
2023-06-14,13,58,0.27932031152117653
2023-11-03,1,189,0.9307280694624005
2023-05-30,17,13,0.30830837186545224
2023-08-22,12,50,0.9957452106929388
2023-01-16,23,22,0.3657424186495608
2023-12-08,4,166,0.6477144647574228
2023-03-28,5,125,0.0694688603240482
2023-06-05,5,161,0.17069022541737466
2023-05-28,12,60,0.2702115082184373
2023-07-12,6,183,0.4160015458195264
2023-01-20,7,144,0.013229988537999504
2023-10-31,12,192,0.6575975626559748
2023-01-05,4,11,0.8899385902689759
2023-10-18,25,60,0.2789569591464497
2023-01-30,11,147,0.33304028661414065
2023-05-20,23,44,0.9759197104596208
2023-07-11,7,129,0.8069617739559523
2023-07-17,25,98,0.06877463055886146
2023-09-05,25,5,0.11273650060168272
2023-01-25,6,92,0.7814330252599718
2023-10-29,22,127,0.7584283068207139
2023-06-09,1,97,0.011446396277573823
2023-05-14,1,36,0.36690870424570077
2023-01-08,20,73,0.03436277146997335
2023-03-30,2,14,0.1820595455676004
2023-04-28,13,172,0.1687407773703219
2023-08-28,6,27,0.6214670440872972
2023-10-29,8,63,0.8487015424294222
2023-10-11,15,157,0.612602748017702
2023-09-07,4,196,0.6044282571555931
2023-11-29,7,67,0.29727127390160357
2023-05-06,20,76,0.44943862813266655
2023-11-22,10,195,0.4211686246590062
2023-03-07,2,46,0.5731514385940752
2023-08-08,19,137,0.4849969638292221
2023-08-18,6,97,0.257425932743077
2023-11-28,11,198,0.8840729401121741
2023-06-29,14,144,0.2548832780096184
2023-12-12,24,197,0.6630467251035462
2023-01-27,23,127,0.8913769906563219
2023-03-21,8,5,0.7050881972759744
2023-08-06,4,125,0.22064310772690354
2023-02-03,14,179,0.19556007617836002
2023-12-24,15,24,0.7419701005214336
2023-02-18,8,20,0.5584400132888094
2023-04-12,13,79,0.056995202564092406
2023-04-21,10,98,0.1162917593507038
2023-09-26,8,87,0.11507175338687092
2023-01-10,17,193,0.007426066011359422
2023-01-07,6,135,0.3035013277867298
2023-12-13,23,200,0.6405794628446589
2023-07-18,13,87,0.6919899164652119
2023-05-10,4,67,0.38527912812173026
2023-06-01,1,162,0.1592192868799751
2023-11-15,8,65,0.7834624484707351
2023-09-17,21,139,0.8645223157046723
2023-05-13,7,19,0.6586026900346786
2023-07-22,20,148,0.5239006579622394
2023-09-15,21,51,0.8423552771384657
2023-03-10,6,143,0.8442649785137746
2023-01-04,4,86,0.28970243226649095
2023-06-17,6,168,0.5939045370947654
2023-05-13,22,187,0.6449568595289195
2023-01-09,12,12,0.8920173377593539
2023-06-27,3,124,0.34755482304324203
2023-05-24,11,116,0.5459089757319945
2023-10-24,5,164,0.429879767598513
2023-08-30,16,163,0.1642251541432136
2023-10-04,18,160,0.6586035887838262
2023-12-11,10,70,0.513494946116848
2023-03-29,8,7,0.07791689315573924
2023-04-07,6,124,0.6963886357565227
2023-11-09,3,72,0.9030972950656564
2023-01-20,18,16,0.588589795601129
2023-12-24,1,102,0.8930114915991397
2023-08-20,8,109,0.039079224452101546
2023-06-07,11,65,0.3369175436389752
2023-06-25,6,56,0.18811385264222746
2023-03-02,6,41,0.8466367357650644
2023-05-11,21,152,0.3045625512161547
2023-09-10,10,144,0.10235146690251895
2023-04-25,23,54,0.6835676532903647
2023-06-22,5,160,0.8867779864250936
2023-10-11,22,196,0.2516716868003952
2023-11-22,12,65,0.21405886789032424
2023-09-30,3,62,0.9813684955799941
2023-05-06,23,199,0.134341246063728
2023-08-04,9,135,0.30373769129935624
2023-08-06,3,119,0.31934738744156144
2023-06-07,14,158,0.9346887448185816
2023-12-15,24,143,0.935163188793318
2023-07-12,25,89,0.43826358074307503
2023-01-21,10,104,0.5997492621049545
2023-02-11,1,187,0.9205953174225584
2023-05-11,21,66,0.4445303013642322
2023-03-23,5,4,0.41176773472829653
2023-09-06,16,48,0.23368952314682412
2023-08-09,25,58,0.8640268655212419
2023-06-12,4,174,0.05342778087323219
2023-08-27,18,27,0.20898616362674527
2023-10-22,22,18,0.5557260469027799
2023-11-18,25,148,0.6481121687471647
2023-08-31,11,1,0.6392553424120502
2023-01-26,4,177,0.18728006649536277
2023-07-20,8,79,0.46101840264362803
2023-09-13,17,89,0.7768112053983073
2023-09-23,20,127,0.6888339852092664
2023-02-11,5,172,0.8008286948573216
2023-07-07,23,103,0.7319167602134277
2023-12-21,10,149,0.7551319803307606
2023-08-01,15,191,0.06338177204112216
2023-02-16,24,12,0.10010217282376244
2023-07-13,9,76,0.707714158253241
2023-07-23,3,171,0.6333859918925498
2023-11-05,18,62,0.3933467051032017
2023-07-24,19,116,0.9751980269324668
2023-11-28,24,112,0.7798989109240643
2023-02-16,23,178,0.9318517889958527
2023-03-26,17,36,0.26970134928530765
2023-08-05,7,155,0.31759785440351307
2023-04-27,15,151,0.335769733522263
2023-03-15,22,26,0.9744660233617709
2023-09-08,8,107,0.9089498287951722
2023-01-15,21,166,0.4250629693854623
2023-05-31,19,116,0.18464009654392755
2023-12-22,25,103,0.3465393664845857
2023-01-19,12,3,0.02282491941446607
2023-03-17,18,86,0.6683739324963596
2023-03-13,12,39,0.602194728906955
2023-01-22,25,99,0.3575761744361925
2023-02-16,12,111,0.7740682736543841
2023-08-12,22,73,0.6844686103050545
2023-10-30,9,142,0.3592811504100347
2023-05-07,19,78,0.29574573529065884
2023-10-20,15,56,0.45403976093441945
2023-07-30,24,8,0.7136114189211556
2023-05-05,13,85,0.7889653903562456
2023-03-08,2,98,0.746370472554198
2023-10-29,18,32,0.11034156262802464
2023-05-05,4,31,0.05159404545867319
2023-12-21,10,190,0.767783575670165
2023-10-20,15,59,0.07451981235106109
2023-05-23,16,8,0.7069492019228574
2023-06-27,25,98,0.7392991843589164
2023-05-06,23,75,0.16926945547783756
2023-05-08,2,133,0.08710328060946437
2023-07-08,10,50,0.08511798569090401
2023-09-09,24,143,0.47599083840383005
2023-05-10,4,136,0.8472886614872234
2023-04-22,6,191,0.26544424597151794
2023-03-29,22,52,0.36006321267056385
2023-10-06,16,26,0.20605802784052096
2023-02-22,23,183,0.8211492453113399
2023-06-19,10,96,0.7449442128822489
2023-01-17,7,96,0.8132125279187622
2023-10-22,23,75,0.02872653548095705
2023-09-02,25,68,0.05762414080033618
2023-10-19,1,177,0.47385259881862063
2023-06-02,16,31,0.14723240095468348
2023-06-29,12,130,0.8992528981031419
2023-08-14,18,134,0.7480580687072081
2023-02-28,11,162,0.24133599402882477
2023-08-12,16,168,0.3759759837785469
2023-09-29,3,42,0.08755202031197429
2023-08-29,23,24,0.28770388868216357
2023-04-17,2,174,0.03324801635433039
2023-10-24,2,181,0.008070149841636343
2023-06-28,6,171,0.21012577963023815
2023-04-24,25,84,0.6101374195497316
2023-04-06,1,102,0.94918887241246
2023-07-28,7,123,0.38023407053881086
2023-02-01,22,144,0.05071537209621069
2023-04-01,5,196,0.19100077308578212
2023-06-12,23,24,0.5958474942156169
2023-01-01,20,70,0.9244960154959028
2023-12-06,6,22,0.261139554863424
2023-06-28,24,52,0.8485733258771047
2023-02-03,5,183,0.43039929516543896
2023-06-04,19,192,0.18456134105101463
2023-03-14,24,143,0.819808485077792
2023-05-23,19,55,0.2920317116590827
2023-02-23,22,34,0.3498019216779469
2023-11-19,9,24,0.18039854650334364
2023-03-10,12,10,0.11904594904123467
2023-02-06,13,119,0.8573039111970071
2023-09-30,6,48,0.258246920701923
2023-08-18,18,66,0.359716372159707
2023-02-13,23,147,0.18046491963107314
2023-07-27,15,187,0.9239338256034789
2023-04-14,6,26,0.21896083090286467
2023-06-05,21,119,0.9711999045471178
2023-03-21,1,37,0.41657613593788445
2023-05-23,7,98,0.6884480931567197
2023-07-14,17,170,0.6622124564973534
2023-04-16,21,53,0.7562471562094041
2023-11-25,9,145,0.8770065655654079
2023-08-25,4,100,0.7676642859418042
2023-08-28,18,79,0.09032282758759203
2023-08-01,9,107,0.5253687169049059
2023-08-29,5,173,0.8301669570054481
2023-08-03,1,46,0.030480746692005845
2023-07-13,25,147,0.895746590371261
2023-07-28,18,99,0.7263161289319333
2023-11-13,17,120,0.06569802275335734
2023-05-17,7,44,0.9895509774823296
2023-02-02,8,33,0.06999085232034163
2023-06-12,14,8,0.2686819708696331
2023-01-20,13,175,0.654001068009691
2023-01-22,13,71,0.23667981304260388
2023-02-19,15,52,0.6238864084625836
2023-07-14,7,175,0.016471386861084514
2023-03-02,4,68,0.8287104041152644
2023-05-08,20,179,0.021594977787885994
2023-03-28,2,41,0.5482346826783432
2023-01-29,24,62,0.4145874918873743
2023-08-19,23,124,0.512033125735521
2023-11-28,23,170,0.17390867681142375
2023-10-23,2,76,0.5087599099493155
2023-06-19,1,124,0.5806725456793026
2023-08-13,23,97,0.778049360537704
2023-07-04,9,190,0.8892742013562569
2023-01-31,9,18,0.814615683203239
2023-07-23,11,113,0.5155447727960515
2023-08-21,10,14,0.7367767254762786
2023-01-16,10,69,0.11117560821483996
2023-07-19,4,121,0.7143252544870173
2023-05-05,22,31,0.6720775198225627
2023-11-08,22,21,0.9745079856479036
2023-12-09,7,103,0.4707834727511675
2023-08-08,2,142,0.7488393756862267
2023-05-13,25,59,0.0017143044340407476
2023-01-21,12,159,0.2765343248126517
2023-11-24,17,52,0.8241905218913449
2023-04-23,15,99,0.555435218978749
2023-09-28,12,23,0.4391252758154671
2023-11-21,6,15,0.28068825334071557
2023-12-20,1,69,0.1776342948851285
2023-01-08,24,68,0.38872555505366413
2023-03-12,4,104,0.15130287149853794
2023-11-22,4,57,0.47368214118944074
2023-07-26,16,109,0.46925067435222134
2023-11-01,3,77,0.9805320315270151
2023-07-06,8,97,0.8065032565187151
2023-03-01,21,111,0.20478875527318963
2023-10-13,18,54,0.4852637442352632
2023-06-18,12,1,0.1614420823881184
2023-08-31,8,108,0.9213741311808072
2023-05-27,19,16,0.4638733590527717
2023-10-19,24,11,0.4801083644969856
2023-01-08,20,152,0.7512554963773408
2023-10-30,5,63,0.9094427325177322
2023-05-25,23,110,0.49690224325695564
2023-11-06,20,152,0.8132493644260119
2023-10-08,14,92,0.3466382505367047
2023-07-04,25,74,0.9766929033867966
2023-10-26,15,160,0.8730157999690948
2023-11-04,5,28,0.10848290822116757
2023-05-10,1,62,0.7771381224426392
2023-05-07,2,56,0.4025494015493808
2023-01-17,24,64,0.9674767350811088
2023-04-16,22,131,0.9098803144239093
2023-10-06,18,79,0.8537582799213238
2023-12-17,14,200,0.3959136326359912
2023-03-02,12,67,0.2047153648732325
2023-01-03,18,85,0.7278270192278711
2023-06-12,8,92,0.8970664598918313
2023-07-01,1,43,0.4780352088959916
2023-10-08,18,122,0.2549496092308845
2023-08-13,8,140,0.6705826172942798
2023-10-06,10,162,0.7869580754208578
2023-12-12,9,109,0.6193472025014547
2023-03-27,12,43,0.35006144911434134
2023-11-15,23,134,0.18527064768390222
2023-06-19,6,119,0.5722334613999364
2023-12-27,18,50,0.020663324653849124
2023-02-26,11,74,0.2808136472663566
2023-04-01,8,40,0.9518368049903627
2023-03-26,15,28,0.10341320910555718
2023-04-14,13,185,0.13573271534958586
2023-11-06,7,175,0.9378908359877026
2023-03-24,25,142,0.6396554759319031
2023-08-24,18,181,0.681775917418716
2023-04-24,6,161,0.8622142341241414
2023-07-29,4,137,0.9491986693899801
2023-01-07,11,139,0.7071571764545133
2023-02-26,19,78,0.8418323005443337
2023-03-30,7,10,0.2884473870743368
2023-01-23,22,144,0.5457773229733273
2023-03-05,24,113,0.0244026058678819
2023-11-17,10,142,0.8395052679894979
2023-12-09,7,172,0.20007952722407607
2023-06-03,9,129,0.938887897028027
2023-10-02,5,93,0.38924974334323426
2023-01-31,24,35,0.5412615333213757
2023-12-18,24,55,0.042052794052240494
2023-07-31,9,41,0.5305099070337534
2023-10-22,11,172,0.6334083958381685
2023-07-06,13,91,0.672156371289737
2023-09-29,4,133,0.009186703387302764
2023-08-23,16,69,0.3080393633804094
2023-08-04,19,33,0.005056347214172363
2023-09-02,22,121,0.10287293877341852
2023-05-05,9,88,0.29865194718281807
2023-05-30,10,22,0.7358423308907626
2023-11-16,2,44,0.790644651464949
2023-06-10,14,45,0.3165244164185316
2023-08-04,19,41,0.20313496718130608
2023-02-28,8,110,0.06864065596671365
2023-12-05,3,116,0.21490788919222625
2023-04-17,22,33,0.5727022934807193
2023-05-29,10,104,0.728414789086174
2023-06-13,4,98,0.0076557119371815086
2023-01-26,6,94,0.7878836393405236
2023-09-12,24,17,0.2312384662446182
2023-10-03,14,132,0.38490849512974146
2023-01-01,9,98,0.15256550650869116
2023-04-20,23,90,0.9890117283082517
2023-02-12,5,137,0.32902033522369367
2023-03-23,12,80,0.6030899150174723
2023-03-15,8,16,0.9339305902777304
2023-04-25,14,169,0.8616419441339718
2023-08-27,22,123,0.7628441267883491
2023-05-21,8,17,0.38668063988140655
2023-12-08,9,55,0.5199946665342701
2023-06-24,8,86,0.9002968033256278
2023-07-28,6,134,0.10586919255236704
2023-11-16,15,72,0.32121322631386284
2023-06-13,15,72,0.9382934983940417
2023-06-30,20,192,0.05975943011422913
2023-12-21,3,134,0.9377825991418903
2023-11-19,24,11,0.25424471613052224
2023-04-29,25,64,0.5504161097405086
2023-02-11,2,191,0.4072938533866929
2023-05-04,24,103,0.8953278220612041
2023-02-23,25,7,0.25391903639639946
2023-06-17,11,32,0.7937471554576639
2023-08-09,12,180,0.6816789099842556
2023-02-14,20,156,0.8428279839610695
2023-07-27,5,72,0.9064615065086882
2023-12-07,15,73,0.9455490312866609
2023-04-21,7,91,0.2979873723725055
2023-06-18,12,8,0.5698204220588826
2023-08-17,22,112,0.516377546698202
2023-10-27,17,110,0.82938797334584
2023-09-15,11,170,0.9795557724757538
2023-11-29,5,139,0.27074718088794036
2023-03-30,12,9,0.807004846170601
2023-04-01,6,173,0.9911076287818466
2023-09-17,2,26,0.5871448927290935
2023-02-02,5,155,0.739748804640049
2023-02-05,5,124,0.5361346259828029
2023-11-30,6,162,0.9439722652733791
2023-06-16,2,64,0.4717653592808466
2023-02-16,23,180,0.3182487156997973
2023-05-17,23,152,0.8381822996927272
2023-11-18,10,41,0.5341863357668394
2023-08-19,19,189,0.1914776308904903
2023-02-20,23,138,0.49848269035732573
2023-05-23,6,59,0.7978705540959004
2023-05-26,4,179,0.1840709609286202
2023-02-17,4,90,0.2199242638244362
2023-02-18,4,30,0.47610426932738725
2023-02-22,24,107,0.01512344374514829
2023-12-14,6,3,0.2543974082389816
2023-07-10,19,119,0.016288459006508438
2023-10-10,6,136,0.8744021900917616
2023-01-04,22,163,0.4486675664509
2023-05-25,24,116,0.20325486281617466
2023-03-04,19,39,0.8448528602304484
2023-07-31,19,121,0.6964135632605651
2023-08-05,1,35,0.5064609020469295
2023-09-19,12,189,0.07290034931072287
2023-10-25,22,117,0.08351375228111213
2023-05-14,5,134,0.35264998554867677
2023-12-30,19,185,0.15839860719637344
2023-06-28,20,103,0.18128509262137193
2023-08-29,6,117,0.9820111942376228
2023-10-15,11,149,0.49467693305595417
2023-06-23,23,171,0.7756962902794259
2023-09-04,13,67,0.7168594243345977
2023-10-06,8,70,0.9037542254802604
2023-11-21,25,81,0.3227962297972373
2023-06-01,23,75,0.6087246448427402
2023-12-09,4,65,0.5327289331907431
2023-11-03,13,163,0.9126282223756846
2023-06-25,11,67,0.9805636816535592
2023-08-08,12,130,0.987792565949421
2023-07-05,19,39,0.7787083197839108
2023-10-28,4,69,0.6880458201155454
2023-05-16,5,35,0.6114682576190607
2023-05-08,20,100,0.1637866544580896
2023-12-01,20,151,0.7553377941518913
2023-11-02,11,174,0.33147859278720093
2023-09-04,12,112,0.07571644635559172
2023-02-07,20,25,0.23789127964302692
2023-06-15,24,71,0.22857865215704698
2023-09-27,7,189,0.44348963420435294
2023-06-13,24,47,0.3011902360613564
2023-09-16,17,17,0.03629793058358077
2023-06-04,8,56,0.8788648130238148
2023-04-22,21,28,0.4318818872397223
2023-03-25,24,130,0.008243202185566512
2023-05-14,22,183,0.9330000854712173
2023-12-01,4,58,0.34319517439281433
2023-03-19,13,94,0.5830581679396996
2023-10-29,18,51,0.2665104226786469
2023-03-05,4,156,0.6964837193769271
2023-03-26,12,18,0.5726452996359359
2023-04-18,1,5,0.786158997309039
2023-01-11,23,38,0.1938224937382208
2023-11-06,12,59,0.7678195898945703
2023-06-26,19,171,0.5098944255862629
2023-09-11,16,91,0.07199574534647202
2023-04-19,3,102,0.7985891153678678
2023-10-10,20,10,0.7681028127239404
2023-02-04,12,142,0.1562477779157373
2023-12-14,19,135,0.08705259398702958
2023-03-24,7,200,0.5469625367013354
2023-12-18,12,50,0.6322257140477834
2023-07-15,10,78,0.09573077615158998
2023-09-27,3,23,0.025395235126409288
2023-10-13,23,188,0.5907855191353187
2023-01-07,3,32,0.3865434899171065
2023-07-09,1,13,0.9568566717806337
2023-09-30,24,11,0.3060581311678958
2023-12-26,24,38,0.8144875012468616
2023-07-06,23,21,0.5738808290613788
2023-02-13,22,91,0.018327231567553337
2023-09-29,25,36,0.33982963547598277
2023-12-07,23,3,0.11289363525446783
2023-12-10,12,130,0.8195088270697305
2023-12-10,17,11,0.3665625537040096
2023-07-06,16,113,0.6089685346813286
2023-12-09,7,113,0.9604654837344841
2023-07-06,13,111,0.48063189392433503
2023-09-16,7,21,0.23497844282920888
2023-01-21,14,187,0.06552311400554423
2023-06-16,2,173,0.320150415523895
2023-09-21,13,129,0.8415700614852963
2023-12-14,22,83,0.7468844784529066
2023-09-17,21,136,0.8056115885967811
2023-06-29,8,118,0.03365729500538506
2023-03-19,2,18,0.742776022977661
2023-10-18,24,79,0.8586374658832104
2023-01-28,18,172,0.9539503617918356
2023-02-23,19,74,0.2600444280164702
2023-02-02,7,64,0.9493231507413211
2023-07-03,2,180,0.22372021800933384
2023-03-10,21,52,0.2811402772175222
2023-06-23,1,168,0.10182294503084444
2023-01-29,11,103,0.3840654649984281
2023-08-12,8,147,0.3358965005376273
2023-07-12,25,148,0.8496516120573534
2023-07-22,23,47,0.9426497089737496
2023-11-14,4,175,0.8618462256374775
2023-08-01,24,25,0.024781936179826713
2023-12-24,9,125,0.22875793863197325
2023-06-02,3,149,0.09301125058364401
2023-06-28,21,171,0.15406358048827995
2023-07-23,19,8,0.1659824887447916
2023-04-16,21,120,0.08755880924472903
2023-02-06,4,117,0.39252082562656077
2023-11-26,18,5,0.10704391740211983
2023-01-20,21,193,0.6376705086885727
2023-08-06,2,34,0.17955636901279703
2023-07-08,3,17,0.529678797995981
2023-04-10,5,184,0.89772580886575
2023-05-16,25,194,0.26759079842887534
2023-07-08,1,192,0.7934815727493224
2023-09-05,10,167,0.031653823008925164
2023-04-28,25,132,0.09950264478316417
2023-02-20,2,97,0.14677244541675116
2023-01-02,6,64,0.9234125296716019
2023-04-01,14,72,0.43231071067473503
2023-03-12,6,195,0.9401835118858116
2023-09-06,18,30,0.754465131088346
2023-05-15,14,129,0.07182315554744789
2023-09-19,6,117,0.09324919902677142
2023-11-20,20,187,0.35450682489279217
2023-04-08,10,195,0.8168070177988553
2023-05-15,18,108,0.47126473243104516
2023-05-31,12,66,0.40988353512165954
2023-06-05,12,30,0.7093307028324738
2023-01-22,12,112,0.6209198278114965
2023-08-22,24,71,0.5326304347163431
2023-02-25,6,187,0.17531963218422952
2023-12-14,1,39,0.4417615259929709
2023-02-03,3,21,0.15163211693808243
2023-11-09,23,53,0.6271247667537867
2023-05-29,15,3,0.3529638825061219
2023-05-09,17,115,0.9110895626870681
2023-09-13,10,72,0.555041640869927
2023-02-14,1,5,0.8030267272320527
2023-10-11,17,110,0.6836733265379097
2023-03-20,11,184,0.5044794706532386
2023-12-27,9,38,0.6710408890983799
2023-06-30,14,61,0.09372026899826791
2023-12-26,6,195,0.872313448312734
2023-01-04,11,60,0.09542447037360124
2023-08-21,16,8,0.4649270264457408
2023-10-05,22,166,0.23469149934613864
2023-05-08,17,3,0.6472546861828433
2023-02-05,18,10,0.9053637687669622
2023-05-10,14,130,0.572898613235437
2023-03-12,11,141,0.9933768766478489
2023-04-14,18,16,0.6844668214315303
2023-04-15,21,171,0.5424255373564898
2023-05-21,18,37,0.04205526995435094
2023-01-11,15,9,0.9105965262450239
2023-08-29,11,174,0.8126878111268716
2023-04-30,19,115,0.15897914823716008
2023-11-23,7,111,0.7476374404272624
2023-07-21,16,156,0.23131828135159294
2023-10-10,20,11,0.9175559219061263
2023-09-27,5,109,0.056064305111439894
2023-10-28,5,48,0.37624322159524415
2023-04-19,15,104,0.7271819437226504
2023-12-31,19,169,0.20104025317931995
2023-07-02,22,168,0.1462942355173874
2023-11-27,3,48,0.21688699335366568
2023-02-11,1,87,0.24448335382275654
2023-06-16,19,197,0.49050045049292146
2023-01-24,1,18,0.15752057320067825
2023-01-14,25,51,0.599196057197522
2023-01-09,20,174,0.06081769587172359
2023-03-03,12,117,0.8990604529599308
2023-09-22,7,190,0.39684311724491006
2023-10-22,20,146,0.19707590868769265
2023-09-20,8,178,0.876277289423902
2023-04-25,4,20,0.7528331839213149
2023-10-01,16,90,0.7785462444627334
2023-12-01,5,24,0.41314309312175257
2023-02-14,1,1,0.8649167930964358
2023-10-19,25,88,0.5969272259669766
2023-10-12,21,127,0.42284110219665216
2023-09-03,22,69,0.07149578064351436
2023-03-02,11,111,0.6209447133730366
2023-12-01,19,36,0.9772376555248948
2023-01-28,2,194,0.4055146410206789
2023-12-25,18,146,0.4935907627410999
2023-03-29,18,78,0.30996726794161544
2023-02-28,17,118,0.9531413111862552
2023-12-07,24,115,0.19275104989507152
2023-02-02,5,67,0.952072506312613
2023-08-19,11,60,0.5869545715472911
2023-04-29,20,27,0.9941554925341759
2023-12-31,6,69,0.2034083037988661
2023-01-06,16,41,0.4867372630266684
2023-05-29,17,133,0.1599819643334116
2023-08-11,24,195,0.6973827797673522
2023-11-18,5,63,0.6719217378304806
2023-08-11,2,24,0.47017132316853705
2023-10-08,2,188,0.0562579625596642
2023-08-13,14,5,0.2904226336208052
2023-02-16,3,104,0.8831234315002013
2023-07-01,18,11,0.40042486057349036
2023-11-20,23,3,0.9820337077944318
2023-09-26,23,52,0.8821352527824489
2023-05-08,18,104,0.7457406972070644
2023-10-13,9,4,0.6901016747181447
2023-11-06,5,38,0.1405140135541153
2023-05-22,6,187,0.14121208514640982
2023-03-11,18,85,0.6788864709476451
2023-03-27,8,50,0.49448401465900194
2023-10-17,19,8,0.9390013511745013
2023-07-17,6,89,0.7114174107167476
2023-05-30,13,39,0.5668961737119128
2023-05-23,4,89,0.30395800603644496
2023-05-09,18,105,0.48673444095733054
2023-06-30,16,118,0.8232289506759151
2023-11-28,11,36,0.7318557136550932
2023-02-09,9,132,0.4440926143585827
2023-09-09,15,23,0.28486479169560686
2023-01-20,7,57,0.4420707675265533
2023-08-14,14,135,0.09801186427559583
2023-11-28,12,154,0.4592285582783737
2023-10-27,1,32,0.6227091755665175
2023-01-25,21,145,0.004616597140448264
2023-02-11,7,20,0.9645881582565414
2023-01-27,20,198,0.5468534240413406
2023-11-12,5,111,0.9194487037475072
2023-02-02,18,60,0.27994070400977034
2023-02-01,12,109,0.0697858777880973
2023-01-22,15,55,0.8527293927393423
2023-05-17,20,75,0.17758282422178384
2023-08-01,14,167,0.03482287360576897
2023-12-26,10,14,0.05792690141236967
2023-03-31,7,173,0.14117237673842886
2023-03-12,6,29,0.7302600716737196
2023-10-18,25,93,0.5980396619952384
2023-11-18,16,6,0.19810388966112624
2023-06-29,10,152,0.9311434633367318
2023-12-09,2,11,0.8638899282648252
2023-09-22,24,90,0.8176701873592622
2023-01-24,5,14,0.8092173081111924
2023-05-11,19,156,0.26007491509451175
2023-02-02,21,175,0.3880470030064508
2023-11-24,20,110,0.5358943453258729
2023-02-17,10,126,0.5857347008372293
2023-04-30,9,100,0.5758330389098714
2023-08-02,1,5,0.3612040882255234
2023-06-28,15,194,0.4851110322091816
2023-07-12,9,183,0.327428996483623
2023-11-23,6,124,0.9486702440910253
2023-09-25,12,131,0.628881414428776
2023-07-15,17,84,0.7011179108314977
2023-12-02,15,132,0.487523345475379
2023-11-12,4,183,0.9365020291686139
2023-04-21,10,183,0.01270177664708838
2023-08-22,9,105,0.4341031740606738
2023-04-12,21,1,0.4331439531976302
2023-06-15,7,179,0.7049454079988974
2023-08-13,13,83,0.44713089559084085
2023-12-28,23,104,0.249467077131731
2023-09-30,24,132,0.5848724488158096
2023-12-26,1,184,0.2762335820423244
2023-05-24,9,171,0.11270351101765008
2023-03-31,20,149,0.9245633290327839
2023-01-02,12,130,0.19858246172809657
2023-03-24,19,62,0.502557109201483
2023-07-06,11,113,0.6612286315230957
2023-09-10,4,25,0.8788902696722242
2023-07-12,12,68,0.04437239997023723
2023-11-27,8,173,0.948795501167813
2023-09-02,17,104,0.6298100178816637
2023-08-14,13,158,0.11978149719402342
2023-03-05,1,132,0.49346020960731973
2023-09-21,17,47,0.5066258062286032
2023-01-12,1,67,0.8694980964572868
2023-07-27,20,30,0.013688793408708433
2023-07-27,9,27,0.20821587502014482
2023-07-19,13,169,0.5532103422990681
2023-09-30,25,126,0.1310771745930941
2023-11-12,21,121,0.6992317298072233
2023-05-14,12,139,0.9091060454447843
2023-06-25,11,6,0.6059526066388228
2023-07-19,3,81,0.20682069987562035
2023-07-28,10,192,0.14471809950980108
2023-08-16,2,194,0.44168823780750344
2023-11-02,21,122,0.0486115679076633
2023-07-22,16,5,0.035501734333067025
2023-05-07,1,100,0.8942409785710538
2023-08-16,6,22,0.9505773709662086
2023-07-08,16,107,0.3242457702438257
2023-11-25,1,46,0.18792360439133382
2023-11-01,13,116,0.9903178566308113
2023-02-21,16,113,0.2916395757099747
2023-10-17,15,171,0.6390134789294797
2023-04-26,22,73,0.09406957566401075
2023-07-20,18,86,0.5916168337646568
2023-03-07,17,16,0.29025341894737466
2023-11-20,10,91,0.4788694007333959
2023-06-04,16,174,0.2821252940735858
2023-03-27,18,50,0.847566876435427
2023-03-08,2,59,0.3640231199033763
2023-07-30,20,54,0.46955724181690317
2023-12-04,20,69,0.46768255987476637
2023-10-11,14,61,0.5130795002808304
2023-09-08,2,59,0.8562441657700058
2023-07-01,16,5,0.6000201921392252
2023-01-06,20,121,0.9531911851153081
2023-06-22,22,153,0.9725998934980791
2023-01-05,13,36,0.30174400161053294
2023-04-03,14,188,0.4820199174597005
2023-05-19,21,121,0.9959337232663719
2023-01-15,18,40,0.549194038214833
2023-07-29,1,134,0.6394264752252022
2023-04-21,23,81,0.1776700154830929
2023-12-22,2,92,0.9256967500669212
2023-06-22,25,111,0.408709788524498
2023-01-02,20,98,0.8930127782574113
2023-08-29,13,149,0.055856143702015304
2023-04-09,23,77,0.029098629506010276
2023-05-30,7,117,0.9234887103341897
2023-02-07,1,2,0.5626798313095673
2023-10-05,19,195,0.09617425838888782
2023-04-10,9,46,0.7655041231549293
2023-11-12,24,193,0.9834033718500109
2023-05-16,11,115,0.6253426641060671
2023-09-19,17,146,0.36122503366321657
2023-07-16,24,116,0.9021209966137124
2023-09-06,16,82,0.436561548112703
2023-04-24,21,72,0.989460305728479
2023-03-13,1,78,0.8063955732622812
2023-06-10,19,159,0.22655904804791704
2023-10-10,21,19,0.37304013212985043
2023-05-09,5,154,0.8313699415045831
2023-08-22,15,198,0.5180685474229546
2023-08-28,3,53,0.704881823019894
2023-05-10,14,155,0.8064228574469725
2023-08-04,7,151,0.5114503727091434
2023-11-16,12,113,0.6369640881830295
2023-03-25,12,99,0.40086559687869894
2023-08-09,20,80,0.2729402381171867
2023-03-18,16,1,0.9427805788479058
2023-04-14,17,192,0.9081652519371958
2023-08-17,22,70,0.7904389395781114
2023-08-04,11,63,0.8353411606074165
2023-05-18,12,98,0.5092671858105007
2023-03-01,19,71,0.341677361106147
2023-11-07,4,85,0.3283408614285439
2023-02-04,3,174,0.9822821480462083
2023-12-28,12,87,0.2907773244027857
2023-04-05,18,42,0.986280149033412
2023-05-18,18,161,0.9807517958504413
2023-09-14,22,150,0.2637447491742907
2023-01-09,25,183,0.5261787770253612
2023-04-01,11,175,0.6347703510988298
2023-03-02,11,16,0.7254674690651766
2023-06-05,21,53,0.2795308667360269
2023-05-22,9,98,0.02557937497978846
2023-10-16,18,64,0.19103514369001673
2023-06-20,10,163,0.753066331460501
2023-03-12,25,151,0.14020003929458402
2023-04-14,24,55,0.9435071123497273
2023-01-13,20,63,0.4802257893332328
2023-12-27,21,46,0.866839562787993
2023-01-31,14,156,0.05828411245984877
2023-10-19,1,19,0.2847616931116511
2023-07-04,3,18,0.3236622097342623
2023-03-22,13,104,0.45734294936959174
2023-04-07,13,20,0.7870527377654576
2023-06-05,3,41,0.8442206684770459
2023-03-04,22,24,0.5095667315028602
2023-07-05,25,68,0.589452587120124
2023-03-10,19,16,0.24592195463238942
2023-09-10,19,53,0.046387633105195225
2023-10-24,8,40,0.6622250897907844
2023-04-27,17,153,0.5100307871960709
2023-01-12,8,196,0.053903157263959334
2023-01-01,6,108,0.19936065406995163
2023-05-14,17,60,0.22848801135019392
2023-07-25,5,116,0.16724404126285508
2023-09-22,13,159,0.12907391466043694
2023-11-06,14,100,0.49316748043092906
2023-10-26,9,73,0.8310464662192701
2023-06-11,2,155,0.6394454831569824
2023-08-14,13,64,0.38015107704941165
2023-08-25,24,177,0.7763682173773971
2023-06-11,9,79,0.22193009469922687
2023-11-16,14,171,0.5180823683701988
2023-01-17,3,49,0.42812559093319236
2023-03-13,7,59,0.5232774836451569
2023-10-26,11,159,0.44526567298149033
2023-08-19,17,157,0.5059141393883035
2023-02-19,17,111,0.9843195850660932
2023-04-02,14,131,0.8899414851973173
2023-10-25,9,67,0.3469097048101316
2023-07-17,10,174,0.30651882559504806
2023-09-18,13,130,0.11861635272682403
2023-02-05,16,72,0.30851329026626095
2023-03-22,17,142,0.9305778748882959
2023-04-23,25,162,0.9777834124085524
2023-03-09,25,3,0.13269142743877504
2023-02-07,7,191,0.6028351560681943
2023-04-05,18,170,0.12458319546783336
2023-09-09,20,191,0.9694687092733796
2023-06-21,2,128,0.9088516105175777
2023-12-07,2,156,0.7298738303688571
2023-07-30,11,142,0.03529591144712141
2023-06-16,6,81,0.0033687730205571587
2023-11-15,8,119,0.8873892391495275
2023-03-31,14,142,0.5083142618690112
2023-09-17,1,135,0.739730353652522
2023-10-03,14,111,0.6748240723850584
2023-05-29,8,135,0.49729029186926943
2023-03-10,8,119,0.13410616496789973
2023-10-06,22,52,0.6361988995699638
2023-12-24,25,74,0.911618638009145
2023-09-04,25,180,0.5445758794051728
2023-03-26,11,122,0.15957037742165991
2023-01-12,8,176,0.7470182141747777
2023-07-28,7,180,0.07645562466703837
2023-03-09,9,107,0.6567456060064433
2023-09-23,5,138,0.09826069826440487
2023-02-24,8,123,0.35035135612846713
2023-07-26,14,25,0.617809604981963
2023-11-18,25,74,0.9278127452330386
2023-02-09,6,72,0.6862858780236702
2023-07-07,7,130,0.13264071849275605
2023-10-16,1,38,0.04692395352052914
2023-02-16,25,122,0.5666503595743527
2023-01-13,19,121,0.3711656468008909
2023-03-29,1,180,0.4449474693492209
2023-01-31,3,66,0.8892637299436247
2023-12-02,11,60,0.7958215300021088
2023-12-31,13,102,0.2545752509867665
2023-01-21,6,197,0.1818097769906578
2023-07-12,17,120,0.09295387984347236
2023-03-12,13,186,0.8706473409683855
2023-04-14,16,63,0.5542617850660212
2023-11-12,6,159,0.7668170628015776
2023-09-04,12,124,0.4330447641309396
2023-11-24,22,57,0.32496526000053727
2023-11-01,23,117,0.15012872001462718
2023-08-08,11,181,0.7248164490303144
2023-10-14,25,103,0.521463574606269
2023-01-22,23,59,0.35459088756856516
2023-01-13,21,123,0.39629003675755403
2023-11-26,18,47,0.5071161708532037
2023-05-29,11,194,0.6080872888565552
2023-11-17,1,41,0.3866708299224937
2023-01-19,2,133,0.6943106023708461
2023-01-07,16,17,0.2611546416626954
2023-12-13,1,178,0.9483576050606016
2023-11-27,19,20,0.8774340284117578
2023-10-25,6,87,0.08887883109562877
2023-08-20,16,147,0.19867018461149866
2023-02-07,1,166,0.4895742527012914
2023-01-30,7,180,0.12771195191951168
2023-06-26,2,160,0.44793602202712024
2023-04-24,5,173,0.913613995146525
2023-12-03,10,28,0.7230446203856216
2023-09-15,14,123,0.1391013251566331
2023-07-18,9,154,0.43214258953731755
2023-02-13,21,97,0.6667214088023546
2023-11-01,19,47,0.09388997479091432
2023-03-03,7,168,0.3232104935695288
2023-02-02,15,193,0.8762904962083062
2023-05-16,14,45,0.8718004342994379
2023-04-06,1,143,0.09271233758516417
2023-03-27,17,37,0.9456851422141661
2023-02-25,10,155,0.8628433415547772
2023-04-29,4,9,0.5382135348903312
2023-01-08,17,177,0.9859641609693048
2023-04-25,20,145,0.22830774044707025
2023-09-09,8,111,0.367546691541879
2023-06-23,10,8,0.1347172569931867
2023-02-28,2,122,0.7110209649842071
2023-06-29,9,83,0.2453070744538859
2023-01-30,20,196,0.7106398272751893
2023-12-15,8,180,0.6608966069622483
2023-05-02,19,14,0.9578700634255602
2023-10-21,10,117,0.19230782637260213
2023-11-09,25,114,0.5039267446724597
2023-09-21,11,114,0.8583268623816713
2023-08-13,22,55,0.05539591017220469
2023-02-07,16,196,0.38009423840319
2023-01-11,25,12,0.5621938239712452
2023-08-07,17,11,0.5724190493683133
2023-07-28,14,115,0.7367246957874681
2023-10-17,10,154,0.9467479195897534
2023-09-16,6,127,0.18377542451211537
2023-09-29,24,82,0.2853315968186583
2023-06-07,4,192,0.07730831034408536
2023-08-05,8,150,0.3073521329248976
2023-09-29,3,19,0.07206233707702281
2023-03-15,10,63,0.873112491193738
2023-02-26,9,26,0.6250419327931279
2023-11-16,12,164,0.9135874063717846
2023-10-21,5,82,0.45500892944380833
2023-05-29,10,33,0.9401692827080971
2023-08-10,5,116,0.5471550962074693
2023-07-04,11,173,0.62603858829724
2023-02-21,2,51,0.13026333578293792
2023-08-08,5,182,0.40009043636903985
2023-07-30,1,143,0.03310182340438039
2023-12-18,4,173,0.8000470262412751
2023-10-13,1,149,0.184338427791244
2023-05-19,16,68,0.1351211265108757
2023-01-04,17,28,0.7910634642147778
2023-08-05,19,95,0.6965909306136455
2023-09-15,24,15,0.7034524379653966
2023-12-13,6,191,0.903399478410524
2023-07-28,6,26,0.4421916275438621
2023-11-27,6,193,0.5682627644526747
2023-05-02,14,61,0.5344189320416732
2023-03-05,11,143,0.5479481531328502
2023-07-22,13,83,0.8386908337738475
2023-01-27,2,180,0.07586554065915485
2023-10-06,23,85,0.20054775557614957
2023-02-25,11,88,0.9851857827920847
2023-05-17,24,143,0.5183971779817965
2023-04-06,19,139,0.5053955130921997
2023-02-09,2,106,0.1633715615243544
2023-06-09,14,19,0.6848305263275828
2023-01-02,24,190,0.003781702073786919
2023-01-05,19,131,0.4449490247827702
2023-10-11,1,1,0.09900781543437565
2023-09-04,8,114,0.23172574608269214
2023-02-21,5,45,0.6179634824741008
2023-10-07,23,61,0.00867491036171475
2023-08-25,21,46,0.9887759552610551
2023-12-27,10,43,0.5520759280934703
2023-02-18,25,40,0.46559438614789006
2023-04-14,24,8,0.12410493364825248
2023-02-21,4,20,0.18783248082285509
2023-10-28,11,124,0.13557123817872108
2023-05-13,15,47,0.2203314090940599
2023-10-18,25,111,0.6448640992458325
2023-07-15,25,108,0.7084166096576316
2023-01-12,17,152,0.7218939323912866
2023-10-27,3,183,0.9498287623613758
2023-04-05,25,94,0.6425417835589042
2023-05-29,18,68,0.7096215788354486
2023-11-29,7,158,0.26933534901007916
2023-09-23,16,3,0.12420049911848874
2023-06-21,1,163,0.7162467135638851
2023-09-20,12,46,0.6641522180241206
2023-08-24,1,126,0.8145834031827468
2023-09-13,3,23,0.29463462915479655
2023-04-15,4,37,0.448240984599487
2023-08-03,15,156,0.9702451638695614
2023-06-23,11,55,0.12335906065358171
2023-11-21,3,125,0.9377243761272417
2023-10-02,15,193,0.6685592484480244
2023-05-19,3,119,0.5518131409779248
2023-12-27,21,151,0.3036934682514171
2023-01-07,8,98,0.09110608919126095
2023-05-24,24,44,0.6065082681992381
2023-10-16,2,84,0.412797585797097
2023-12-15,20,130,0.6476207957010203
2023-03-09,25,162,0.8104067443456284
2023-02-04,6,7,0.2800230738068199
2023-10-17,19,88,0.5878723755386528
2023-12-07,7,4,0.5846901478520038
2023-08-17,7,184,0.814165554437969
2023-10-11,2,117,0.3238672438446838
2023-10-11,9,62,0.8378757240547353
2023-01-30,2,35,0.588520833860912
2023-02-05,1,96,0.1698562722380058
2023-08-05,16,177,0.723176359381015
2023-08-08,2,187,0.993430620198635
2023-06-26,7,84,0.8007534876681796
2023-03-07,8,81,0.8856898361892587
2023-07-11,12,174,0.06668693904854228
2023-07-15,1,32,0.24018024622523204
2023-10-09,9,116,0.9489086028003026
2023-02-22,23,171,0.5772613477913568
2023-05-09,7,65,0.5769498425268245
2023-12-01,6,68,0.12562767423612364
2023-05-12,17,123,0.7048838322678125
2023-01-27,14,196,0.09039935228162599
2023-04-28,12,110,0.5453445998297535
2023-01-04,24,119,0.41788907578617895
2023-02-23,23,157,0.7982216584236995
2023-07-04,20,194,0.6085685264329224
2023-05-09,3,148,0.41655423622453214
2023-05-07,2,109,0.19217801941162194
2023-07-19,17,109,0.9607518670520413
2023-12-24,11,33,0.6032821723686211
2023-05-01,4,109,0.42069666417628615
2023-04-08,5,64,0.8047513404823273
2023-01-23,14,142,0.2876113540806178
2023-12-07,16,109,0.2756477665173349
2023-11-06,4,110,0.004459757079156468
2023-04-16,17,45,0.9650915145719495
2023-11-09,11,58,0.6595220385814008
2023-03-16,17,125,0.5215652644359232
2023-06-21,21,191,0.10389214019433324
2023-01-24,16,31,0.05555435358547245
2023-02-15,24,1,0.6978837865553256
2023-12-12,12,157,0.7519028634652786
2023-03-11,23,82,0.6799263359178914
2023-01-28,9,196,0.10890528192991555
2023-07-26,9,195,0.8485632090456703
2023-12-16,10,168,0.7788606986358069
2023-08-05,20,106,0.8539240507465413
2023-03-03,17,143,0.17820302246492814
2023-07-02,8,74,0.9902667853133811
2023-07-24,5,135,0.6820165452233639
2023-11-08,15,63,0.9385601620250178
2023-10-16,4,35,0.4159733680868124
2023-01-05,19,121,0.7890816154689629
2023-01-09,7,113,0.4437788061741159
2023-10-29,16,30,0.5481417876605258
2023-06-10,15,114,0.9125703008741272
2023-01-09,14,120,0.5105185344989176
2023-03-03,9,129,0.426514576175414
2023-11-12,19,20,0.9951851216308844
2023-07-26,25,61,0.14610486727548733
2023-05-29,20,105,0.7244874436639336
2023-09-14,24,127,0.7802548230652555
2023-12-12,1,93,0.53732496847125
2023-10-16,19,112,0.9011181220257447
2023-06-05,18,117,0.8028073069401328
2023-06-06,21,97,0.3725062121135141
2023-02-25,24,39,0.9770480734380446
2023-10-11,18,129,0.8036843971544658
2023-06-19,21,86,0.4770667446756345
2023-06-03,21,191,0.38890000610318487
2023-10-08,19,20,0.014829150558621329
2023-10-04,19,39,0.8292352659249367
2023-08-16,11,17,0.26431718583611474
2023-01-28,11,156,0.6270767437267556
2023-10-10,4,47,0.8503886053982568
2023-09-25,2,121,0.4883719821699397
2023-06-09,3,21,0.36183289227771054
2023-12-01,17,2,0.23623913996308965
2023-09-23,13,75,0.41956998144690905
2023-06-05,24,122,0.4694121642850134
2023-09-22,2,30,0.5046709106598432
2023-01-14,7,92,0.23086140248252784
2023-12-12,9,10,0.1941114285303337
2023-09-01,22,58,0.5942808596485318
2023-02-15,1,167,0.8355870513381064
2023-07-24,21,33,0.7050677898588744
2023-10-28,21,72,0.7315909883537274
2023-04-24,5,16,0.5027420578031119
2023-11-25,6,110,0.29374372356698764
2023-12-12,15,52,0.5984333369138541
2023-02-26,17,75,0.3605165052326963
2023-05-02,24,21,0.7161140787834458
2023-04-20,21,52,0.7845439300883593
2023-10-26,8,137,0.0663286479086177
2023-10-08,17,76,0.03513344036062893
2023-06-22,23,67,0.5184927851733284
2023-04-24,10,33,0.7091576509577655
2023-12-25,24,162,0.9175221778467311
2023-05-25,10,36,0.7076331679022237
2023-06-11,21,168,0.9606043872602655
2023-05-23,4,151,0.05475726273746517
2023-09-10,2,47,0.2758980113438214
2023-09-26,13,34,0.8649309311470678
2023-12-17,16,84,0.8333635554555077
2023-04-20,15,59,0.521503536118498
2023-09-15,10,121,0.4151055617231709
2023-08-21,18,187,0.7511863755417805
2023-04-16,18,32,0.09681271868851637
2023-06-19,8,173,0.38513396935225097
2023-09-04,20,188,0.4929056598975581
2023-05-17,15,126,0.014860524893697824
2023-11-09,21,127,0.9518817242111802
2023-09-30,14,177,0.8825584340594884
2023-07-16,13,12,0.20051458299992198
2023-07-21,10,151,0.6255794043961284
2023-05-23,5,102,0.01939952365115527
2023-02-28,17,171,0.8334215110869306
2023-04-06,9,175,0.5707999867822237
2023-01-09,25,174,0.685518714702895
2023-03-16,21,56,0.9147844994435985
2023-02-16,10,125,0.804096034120877
2023-02-25,15,144,0.5255132284111365
2023-06-03,16,6,0.1363514088656047
2023-05-22,19,55,0.1526264040755657
2023-09-05,23,110,0.9846808079490373
2023-07-08,18,71,0.6745583229259577
2023-10-18,6,200,0.7090649603305992
2023-03-29,1,59,0.24497239228900414
2023-08-07,16,171,0.15757482748986373
2023-01-05,15,187,0.40740686589712627
2023-07-10,5,178,0.02689140381333799
2023-10-12,22,174,0.8115728150382744
2023-07-06,4,32,0.24915285317569724
2023-11-23,21,153,0.526255218854757
2023-02-06,24,187,0.1354425759627178
2023-08-08,12,95,0.034154041215207376
2023-05-19,20,67,0.0926640072523669
2023-06-22,16,184,0.4932639677772809
2023-09-03,22,74,0.06959694996714827
2023-01-14,14,98,0.6743181916901752
2023-07-30,8,113,0.8530949715895944
2023-01-12,19,24,0.712474038202779
2023-07-05,16,50,0.481399566108781
2023-02-24,6,78,0.6842489717790153
2023-09-14,7,22,0.8234507819666749
2023-10-25,20,13,0.4734343396339634
2023-12-05,13,156,0.4694201281295868
2023-03-16,17,46,0.2806742537159671
2023-01-12,14,14,0.9036058885030286
2023-01-19,1,93,0.42686190058544393
2023-04-16,5,137,0.7947098300267345
2023-11-20,18,78,0.23054240089388767
2023-06-12,17,7,0.9361645211273051
2023-12-01,1,192,0.23954616163887166
2023-12-11,21,87,0.43398613987953805
2023-12-31,12,149,0.12504229768788322
2023-03-26,6,85,0.7261311548377071
2023-05-21,13,91,0.49233158474281724
2023-01-21,16,111,0.7012236096715014
2023-11-05,9,90,0.2498023678082132
2023-12-26,22,145,0.9964557328928744
2023-09-01,2,10,0.37456342878272153
2023-03-08,3,71,0.11560332455965094
2023-09-10,13,80,0.37883296055801574
2023-11-10,11,146,0.7283710015257937
2023-05-22,14,143,0.7647723189186528
2023-11-03,17,18,0.7888014461406228
2023-08-10,17,79,0.49982138744792026
2023-07-19,23,52,0.770988227935837
2023-08-29,16,132,0.07722545265806502
2023-01-15,3,189,0.2114335352755281
2023-05-03,8,187,0.8939600451017455
2023-07-08,23,94,0.9649733351866947
2023-05-18,12,194,0.38387831003124007
2023-07-25,16,22,0.23137730449514948
2023-05-30,7,17,0.112778119255311
2023-01-01,15,140,0.047151533126767564
2023-02-07,17,55,0.7712748103875584
2023-08-07,1,79,0.7672118158224216
2023-02-09,6,23,0.5443892737811462
2023-03-04,12,198,0.6158178687824176
2023-12-14,25,23,0.8915319982931471
2023-03-10,16,70,0.8333506768396967
2023-03-31,25,175,0.9701764705199897
2023-02-21,6,79,0.1925953910813325
2023-08-07,6,20,0.1884499052544656
2023-01-05,12,21,0.7854052939012957
2023-08-18,18,92,0.7263653779122324
2023-06-20,8,64,0.45295519093303627
2023-12-16,22,89,0.23324197793613233
2023-06-14,18,6,0.8446767852343402
2023-09-30,25,12,0.6300894145181499
2023-01-22,14,6,0.25751481873938964
2023-07-11,19,158,0.23016991738114845
2023-11-19,15,181,0.8647887063879292
2023-04-04,2,188,0.8130680280165402
2023-08-08,21,122,0.43947418385226333
2023-02-20,22,151,0.1195278380776349
2023-05-23,1,116,0.5393315024770182
2023-11-18,24,117,0.5557530219844066
2023-08-28,7,182,0.9672859134690339
2023-07-07,13,107,0.9582754236840411
2023-01-05,22,133,0.0865566604274769
2023-10-07,5,102,0.1879480239207536
2023-02-03,23,159,0.8716478958804532
2023-01-08,10,186,0.2793152366774667
2023-07-27,24,33,0.41718331518784635
2023-10-25,23,35,0.007056562274625144
2023-01-19,19,39,0.3544902627708344
2023-03-28,12,147,0.3866731044535926
2023-02-27,9,138,0.5109426896427822
2023-11-01,19,108,0.3070778099685597
2023-06-27,18,123,0.18738757473397327
2023-06-12,13,177,0.5196486725288133
2023-06-23,24,178,0.3960482379068435
2023-08-10,23,52,0.8344819555891807
2023-05-06,9,53,0.683840279359394
2023-01-10,13,5,0.49701251214238285
2023-02-28,10,155,0.9244757546592716
2023-08-22,9,190,0.17718367497247278
2023-01-08,1,121,0.8100745777917139
2023-02-25,3,36,0.1753212780244675
2023-07-30,20,141,0.4047948243754036
2023-08-16,5,123,0.9947885466785837
2023-08-29,7,194,0.31314209262146186
2023-08-17,5,13,0.011245433791781556
2023-10-07,2,183,0.9555579623994856
2023-10-16,10,166,0.4186331614004626
2023-02-11,19,26,0.43825254633831245
2023-09-18,20,92,0.18783982434625868
2023-07-22,4,200,0.33956261637730145
2023-02-01,1,85,0.4050799337451513
2023-04-17,25,7,0.5450307349793178
2023-05-24,5,166,0.20604678167681412
2023-06-02,1,42,0.27101128047686385
2023-12-30,25,109,0.2894914460153081
2023-10-04,18,25,0.0447554284441688
2023-12-11,14,75,0.3464865188972561
2023-01-28,16,140,0.8904426561061948
2023-05-24,4,57,0.7247368479072118
2023-03-02,19,15,0.06808930989136586
2023-07-31,16,135,0.9446439439512986
2023-12-25,11,172,0.2675830375792372
2023-12-20,3,182,0.5731397863421844
2023-07-10,5,65,0.4993603708961468
2023-02-20,2,144,0.8542125003686059
2023-11-21,11,200,0.880668642508724
2023-10-28,18,189,0.976747546087733
2023-02-21,24,166,0.7949144665683963
2023-11-25,2,171,0.32108046711448146
2023-08-16,17,6,0.18926879909518646
2023-10-02,21,173,0.6361650537571455
2023-05-19,21,20,0.5145910621835338
2023-04-02,8,173,0.358159232817305
2023-11-11,8,110,0.9162661142241862
2023-11-10,1,152,0.46110344521969415
2023-09-16,12,90,0.15386567363843562
2023-02-01,6,27,0.6498499171691855
2023-10-02,5,117,0.9380052328218225
2023-01-29,11,6,0.14415058047795093
2023-12-25,2,72,0.996487690974856
2023-01-10,1,47,0.030180587953327342
2023-03-26,22,99,0.5497467530383733
2023-05-25,14,197,0.47918846897525946
2023-05-11,8,162,0.620890202765788
2023-02-06,22,76,0.36902478068771305
2023-08-21,5,48,0.20941999056860572
2023-05-01,10,2,0.13794275428005554
2023-03-10,22,139,0.7155551722878631
2023-10-03,24,124,0.3577726804196092
2023-11-25,8,132,0.32088170411174466
2023-08-27,7,134,0.6492697819451894
2023-05-17,6,154,0.939835574916871
2023-10-06,22,69,0.8973557009056686
2023-12-11,22,17,0.6759750219281685
2023-07-16,13,88,0.6766995351611591
2023-06-29,20,104,0.6444051196065179
2023-11-21,21,81,0.5185111934098602
2023-04-15,20,134,0.8208925248981993
2023-06-20,11,196,0.2810389074245666
2023-11-17,18,193,0.8331256637699788
2023-07-19,12,130,0.2687492225202389
2023-04-06,25,191,0.018508885569183953
2023-04-16,2,5,0.04533757107846492
2023-08-21,11,149,0.09179959903442214
2023-01-07,11,65,0.12138682742975082
2023-01-18,5,22,0.9949423452768361
2023-07-20,18,190,0.33530334128947936
2023-08-16,5,51,0.7295557397571154
2023-06-01,9,195,0.6415640162881188
2023-06-19,23,167,0.9709075059215291
2023-07-25,10,111,0.4132516052583004
2023-12-24,9,99,0.413698994084844
2023-02-25,11,78,0.8578650485769067
2023-07-31,1,131,0.007461304715642769
2023-01-03,25,130,0.4698577847574579
2023-03-09,22,128,0.40085152942264723
2023-12-10,16,1,0.44058000356994675
2023-11-04,18,74,0.8351526595285106
2023-03-17,1,15,0.3727056337671356
2023-10-27,16,4,0.6865546479901516
2023-06-27,22,59,0.19109257134796764
2023-02-18,3,72,0.3601882581800344
2023-06-24,24,135,0.3676275219237891
2023-09-27,20,164,0.9100707607860743
2023-08-21,15,131,0.9602879876632391
2023-11-16,6,146,0.6268005150473953
2023-04-25,23,164,0.26837054151837203
2023-08-10,4,111,0.8707934382152613
2023-11-12,21,29,0.25708450030249064
2023-07-19,6,116,0.352609454355864
2023-07-19,23,93,0.830160688305841
2023-09-17,6,67,0.7345829381838652
2023-11-19,2,1,0.9954918277762759
2023-01-31,10,161,0.431362856000966
2023-03-16,10,59,0.4746943075447222
2023-08-23,1,94,0.12323819587510587
2023-08-23,1,178,0.24900596591701052
2023-02-09,2,116,0.9993376212372426
2023-03-19,5,20,0.6296800107728688
2023-02-28,16,91,0.4200497454646611
2023-09-25,13,32,0.3462236188022002
2023-03-08,7,193,0.9624377252910238
2023-05-16,22,77,0.6573339016313723
2023-04-30,14,1,0.19736556453362442
2023-10-30,20,164,0.801978187028708
2023-02-12,15,127,0.7579213493302802
2023-08-01,19,15,0.5837592069988767
2023-10-11,23,134,0.39663441066395544
2023-09-28,15,69,0.8243153249728357
2023-05-13,7,179,0.2196834258384639
2023-04-14,25,4,0.05613710675315542
2023-05-28,9,34,0.6644094858969353
2023-06-25,3,65,0.41757969430566744
2023-05-14,24,98,0.845717980709977
2023-05-19,1,192,0.003588199929783764
2023-09-02,13,85,0.8446943987395018
2023-09-19,11,179,0.8213963402674169
2023-03-26,20,128,0.19911443493112468
2023-08-01,3,54,0.25411430818310776
2023-10-16,1,186,0.021472562404432405
2023-12-22,5,44,0.5068810165614511
2023-04-05,4,32,0.053027015023025426
2023-07-13,2,131,0.8806886028738329
2023-12-05,4,185,0.5659211250237388
2023-11-17,18,16,0.03021867493986674
2023-10-20,13,179,0.11558007322969022
2023-03-06,1,90,0.5389681952927391
2023-10-28,11,25,0.9859444414488168
2023-03-01,2,151,0.46466339214467456
2023-12-24,23,136,0.8286471770966205
2023-06-27,5,2,0.5303718113266508
2023-08-25,11,122,0.5129922789689072
2023-12-15,10,178,0.8115272403584036
2023-08-20,10,136,0.0959071225694208
2023-01-16,18,80,0.9604803393818625
2023-04-16,7,157,0.12665397347868157
2023-03-19,25,129,0.6831235112415844
2023-02-06,12,58,0.5396618136203892
2023-09-18,11,66,0.025969091652347065
2023-11-28,2,111,0.69136933817789
2023-06-18,7,24,0.9985105498486935
2023-07-14,15,187,0.8679563705574894
2023-03-04,20,56,0.6101296633024355
2023-04-19,1,19,0.6007409630234217
2023-06-21,25,119,0.9322389505263596
2023-10-04,15,198,0.29109289324333754
2023-02-18,3,171,0.5119097666707382
2023-06-11,15,75,0.4428601000496458
2023-04-25,24,145,0.14211028909919798
2023-02-24,10,113,0.6981862627370308
2023-10-19,23,168,0.2831370194861811
2023-06-26,8,78,0.9545330733826063
2023-02-22,5,183,0.36659602764319466
2023-08-26,13,65,0.3453262517912219
2023-05-15,23,26,0.9242517793945022
2023-06-22,13,135,0.06749923792340662
2023-06-04,1,158,0.9536776466723482
2023-07-20,23,167,0.41304075235098237
2023-08-26,2,169,0.04636241599795621
2023-07-13,3,113,0.3382068482336462
2023-10-29,16,46,0.7481592886798554
2023-10-17,23,185,0.8589240816100381
2023-01-05,2,69,0.5760011181840056
2023-06-29,11,164,0.295492664099576
2023-04-10,24,118,0.8836915712396161
2023-10-02,22,19,0.7289818327007308
2023-01-22,2,92,0.9843635954229851
2023-08-23,8,72,0.5115673219717235
2023-07-31,2,3,0.35843656584812245
2023-04-11,18,33,0.760972265596129
2023-11-13,15,133,0.42763032733771333
2023-04-22,1,71,0.9450992457312487
2023-08-29,17,192,0.6520880516189075
2023-04-17,2,97,0.8402963027245743
2023-03-31,7,143,0.9990844906644492
2023-04-19,5,128,0.08688960914423349
2023-11-14,10,185,0.5593459051871071
2023-12-19,6,53,0.10612924123792744
2023-05-15,3,108,0.20480501709974452
2023-06-22,20,107,0.11204719422444565
2023-06-25,7,109,0.9532369422837118
2023-12-06,11,80,0.13722354096552614
2023-05-21,13,182,0.6947923560787023
2023-07-11,21,133,0.4969786522140587
2023-10-23,21,159,0.067559749423033
2023-07-04,6,198,0.17873968741959323
2023-03-11,7,113,0.6850134764535719
2023-10-16,21,127,0.2795690387945017
2023-10-27,20,31,0.1670022537477902
2023-06-22,21,118,0.5132315911943001
2023-02-01,18,130,0.8567048260311292
2023-12-30,18,120,0.21626666601940148
2023-06-09,3,44,0.3468985347715118
2023-06-04,4,129,0.5399634412695211
2023-01-08,3,130,0.5340240447660709
2023-06-07,19,57,0.9088850061874253
2023-11-02,2,114,0.7184961493028762
2023-05-19,12,116,0.5752981741367519
2023-01-16,15,179,0.2561605363207181
2023-02-24,12,148,0.28037951224394797
2023-03-21,13,15,0.8880097248998577
2023-09-14,6,62,0.45475030325409405
2023-06-17,22,33,0.0343446097677661
2023-09-19,15,79,0.7898009582320353
2023-08-11,10,186,0.0873807268221023
2023-01-29,8,18,0.14611183010445028
2023-04-10,18,52,0.4894009090969482
2023-10-20,13,177,0.013113914950811711
2023-06-05,19,7,0.819825143908747
2023-02-14,11,142,0.242772261787089
2023-03-20,20,163,0.4952136463060115
2023-06-04,15,13,0.8647969050254916
2023-06-22,2,138,0.04363651366853072
2023-11-19,25,182,0.4472696989964745
2023-06-27,24,115,0.7788316418673468
2023-10-25,11,118,0.531969613069767
2023-06-28,13,171,0.8443650929382388
2023-03-09,16,153,0.3045196511937188
2023-09-03,19,86,0.32842754418372055
2023-04-29,4,148,0.16187319696652902
2023-06-20,22,153,0.3359885844593423
2023-11-11,1,44,0.612516244255229
2023-12-29,24,159,0.565891157543455
2023-03-09,23,95,0.3653536818183568
2023-09-26,18,96,0.5942007074184154
2023-04-06,21,25,0.5730452124778488
2023-08-18,1,128,0.26104228550740116
2023-05-14,3,144,0.5241479359783693
2023-09-10,21,61,0.9687104629364421
2023-11-23,14,87,0.6267723063634715
2023-07-02,23,111,0.9161061841682354
2023-01-12,1,1,0.002193375674388265
2023-06-28,8,94,0.01714292695335995
2023-01-23,11,17,0.12368251282113096
2023-11-16,13,161,0.7614646808976081
2023-05-01,10,24,0.38404703359510084
2023-02-01,20,126,0.751262339382048
2023-11-05,24,13,0.6261935676775406
2023-10-02,7,29,0.9418242789676895
2023-08-12,23,50,0.5135096803971851
2023-08-26,12,160,0.7278197691841554
2023-01-05,9,161,0.18482485839524576
2023-05-05,15,115,0.16994506845522162
2023-07-09,8,95,0.8870945446234557
2023-07-25,23,89,0.024059130781493243
2023-11-28,2,93,0.7296655923283822
2023-09-08,14,174,0.5709094442439911
2023-01-15,6,97,0.17525528333527174
2023-12-08,25,42,0.7868260631930221
2023-08-05,11,51,0.3598134976399566
2023-04-19,18,27,0.8210444735572606
2023-06-08,7,138,0.7407927556008334
2023-06-10,3,57,0.04769633256484951
2023-06-22,6,44,0.5992893140836649
2023-06-29,25,136,0.674905825250149
2023-01-07,10,62,0.8911953173509815
2023-11-22,23,67,0.909554875967548
2023-12-19,24,190,0.22019386869092294
2023-03-26,23,65,0.2126040402356516
2023-05-09,15,131,0.6966753379602137
2023-10-04,25,181,0.4695212570683701
2023-10-21,17,139,0.7492287975194836
2023-05-14,11,83,0.020264438201117008
2023-08-03,24,149,0.11881709636008542
2023-10-14,19,103,0.5471131181264142
2023-04-30,16,163,0.2434490007735901
2023-05-05,25,21,0.9439188403842506
2023-08-18,20,121,0.9858615559246259
2023-01-01,8,159,0.9839509958702514
2023-02-18,16,142,0.37349848061154545
2023-11-24,11,20,0.00044220960852048297
2023-02-08,21,87,0.9765522932626385
2023-05-03,16,159,0.5439605981124402
2023-09-21,25,1,0.8511030449994
2023-04-18,17,28,0.19089431102182186
2023-07-21,16,77,0.32066736937278906
2023-10-02,5,63,0.21194826024207603
2023-12-03,7,52,0.9814561646469321
2023-06-27,22,84,0.2899495753559571
2023-06-06,14,37,0.12742270963290925
2023-12-16,1,142,0.4170704685014226
2023-05-29,14,19,0.39603980331794875
2023-11-02,17,196,0.36048630376315205
2023-04-16,14,67,0.77317674733488
2023-11-18,21,22,0.030418866476338735
2023-09-03,14,181,0.42516870213192703
2023-07-27,9,155,0.37634164190531627
2023-09-22,10,149,0.14613029670627276
2023-03-21,18,154,0.10504731070125561
2023-01-12,5,100,0.5441554857634192
2023-11-11,17,140,0.05739183151228744
2023-01-19,20,146,0.17375312389399356
2023-05-03,10,36,0.5022071051162816
2023-06-03,6,186,0.025050751348088207
2023-01-30,5,95,0.7566787027625604
2023-07-08,12,155,0.509016280156304
2023-09-27,1,77,0.7230918936099479
2023-03-31,24,73,0.6740266831082198
2023-01-16,4,29,0.3744526975127134
2023-10-05,17,64,0.39001596606392663
2023-10-07,7,81,0.7432248460507018
2023-05-09,24,97,0.6373560886393866
2023-10-30,19,95,0.8818740300842484
2023-05-10,24,110,0.8763034143394525
2023-11-15,25,103,0.05667064340416106
2023-03-21,8,110,0.1290131663022761
2023-10-19,16,104,0.2981593415560604
2023-01-13,6,69,0.79830274139697
2023-04-18,8,17,0.7196787746651813
2023-12-13,21,63,0.5573275378052553
2023-07-09,5,40,0.7240827276783075
2023-04-02,15,97,0.8468527713464532
2023-06-02,19,154,0.1939049716095358
2023-09-29,15,17,0.7919926814042925
2023-07-13,7,148,0.8225684933380033
2023-06-10,18,36,0.9773975942496094
2023-03-19,21,127,0.5526158899654611
2023-07-09,2,191,0.03446544784465411
2023-08-24,14,111,0.2057376002734045
2023-02-25,1,28,0.8161981803570189
2023-12-10,1,194,0.9715143526106677
2023-09-29,11,112,0.7318913284687686
2023-03-06,8,62,0.6640183901837398
2023-10-05,12,123,0.8266224206611112
2023-10-30,20,78,0.21337064171579878
2023-03-04,20,44,0.23545579681298145
2023-08-29,11,184,0.46190991121824954
2023-03-21,4,175,0.5898127154766191
2023-05-25,20,8,0.8861539688162855
2023-01-07,23,116,0.4152188468536516
2023-07-04,7,49,0.9359881629599951
2023-12-08,12,49,0.022513682740025187
2023-06-04,17,86,0.3649685826437433
2023-09-21,14,177,0.930622302515018
2023-10-25,15,121,0.7067597576358922
2023-12-17,18,121,0.4025725152373114
2023-07-18,6,4,0.780380200684573
2023-06-20,3,195,0.21209577378632727
2023-09-06,22,10,0.1485571751250857
2023-03-26,2,165,0.6869901538504295
2023-09-05,13,30,0.10477735752169526
2023-04-16,11,115,0.20288321415687038
2023-11-08,20,64,0.6660652490494999
2023-04-21,25,199,0.3243824071190744
2023-07-11,1,83,0.890630654141618
2023-04-17,2,124,0.5493450978081781
2023-09-18,14,11,0.445029522165597
2023-12-18,23,137,0.16015312657835545
2023-01-23,15,181,0.49736826039039783
2023-12-12,25,183,0.9696917613028095
2023-08-03,9,84,0.6345697222206792
2023-05-13,5,23,0.11720113518888953
2023-09-14,6,191,0.682154725091763
2023-09-26,19,4,0.11045025549325471
2023-03-28,12,10,0.21045558973629563
2023-09-11,25,179,0.05221431864082393
2023-09-15,16,37,0.267707099060174
2023-11-24,13,107,0.832576993784521
2023-11-07,19,17,0.9323028036592123
2023-05-28,1,75,0.38026992258610415
2023-06-30,25,79,0.4952078781805843
2023-10-31,13,3,0.44432039214669106
2023-07-25,11,156,0.39527816775908553
2023-02-27,17,78,0.4072593994126299
2023-09-18,21,63,0.43181666271123953
2023-05-08,11,174,0.6050816348120477
2023-03-29,7,11,0.1862825320870516
2023-10-10,18,22,0.29077848397250017
2023-07-25,14,80,0.9689357259147924
2023-05-26,21,126,0.34645043236421114
2023-08-05,23,2,0.22352996495731603
2023-08-27,20,170,0.4452992682932354
2023-06-23,9,84,0.8642858677357003
2023-01-10,16,51,0.9194643615860417
2023-03-19,3,182,0.9511312260328223
2023-01-23,18,60,0.8773953493898248
2023-02-20,20,49,0.4801772102316776
2023-11-10,20,133,0.0494045516477577
2023-09-19,7,5,0.31236663346672433
2023-12-26,13,110,0.4293455180323681
2023-07-23,12,138,0.7869722473843453
2023-09-10,12,83,0.582346481733583
2023-11-23,17,176,0.651352320520552
2023-04-25,24,103,0.16655328572610384
2023-11-01,18,14,0.21033457663265942
2023-10-27,16,23,0.2703642467962266
2023-03-22,20,196,0.9061864912569759
2023-05-01,3,103,0.8726304058140997
2023-08-10,12,173,0.16108910084363848
2023-08-03,21,22,0.05892314104908769
2023-06-03,21,110,0.4747737793133625
2023-08-21,19,64,0.7581566873144683
2023-07-02,10,157,0.9191539007822505
2023-03-10,16,65,0.7895538180402888
2023-04-30,9,183,0.7868204463125622
2023-10-18,24,15,0.6633446974161592
2023-07-15,8,103,0.7408480133704327
2023-04-12,14,164,0.594660260026339
2023-06-07,19,35,0.7204231709810225
2023-11-13,10,49,0.32683754367928197
2023-06-10,6,125,0.807291081791468
2023-11-14,4,50,0.05836794429776326
2023-08-27,6,100,0.9345487402122862
2023-05-25,7,90,0.09229743701947657
2023-12-31,24,70,0.18229519451801557
2023-02-19,9,64,0.060324660139444486
2023-05-27,23,139,0.5415719389019578
2023-03-09,1,2,0.22400878127877222
2023-07-02,23,178,0.23141781041745946
2023-03-05,9,12,0.9495615481682447
2023-08-29,16,1,0.4763596006279862
2023-07-19,2,25,0.5090869236974983
2023-03-07,24,188,0.9812903409313367
2023-02-12,19,176,0.1512089525738839
2023-08-05,15,105,0.4795130585336328
2023-06-14,21,105,0.25150692104630235
2023-11-25,15,90,0.6899744955950561
2023-12-17,5,4,0.7980813677775135
2023-01-15,6,147,0.8505412671122707
2023-04-20,23,173,0.03181904056395157
2023-12-14,3,53,0.6229547666963282
2023-10-18,18,162,0.9086995045488274
2023-02-26,25,35,0.8751854290214808
2023-03-20,5,2,0.36898399969562623
2023-10-15,24,164,0.6038336923426699
2023-03-17,14,82,0.07726730354175204
2023-12-05,20,65,0.14359113940461543
2023-08-29,1,178,0.5338556099778798
2023-04-21,16,146,0.951636058616341
2023-01-29,23,143,0.5511836335127976
2023-08-25,19,69,0.8092237876272604
2023-01-06,19,115,0.4107928700667992
2023-03-28,17,163,0.8481982572719767
2023-06-27,8,120,0.515396329968743
2023-04-01,5,199,0.9681431857929866
2023-11-02,21,58,0.35913639644436934
2023-12-25,5,90,0.3732377050205139
2023-07-31,19,189,0.5783111699620341
2023-08-09,16,174,0.6677827652154112
2023-02-13,5,196,0.6463225938412201
2023-09-16,3,85,0.9497230410727916
2023-04-02,9,145,0.13201949882505515
2023-05-16,20,28,0.09453439524241347
2023-05-13,6,131,0.8754566412889955
2023-08-24,18,162,0.8687535483742402
2023-11-25,1,30,0.5348432517803187
2023-04-13,2,91,0.4729728711713458
2023-09-21,15,157,0.2111485481801859
2023-07-17,6,180,0.8532583803103402
2023-12-15,17,61,0.39814697547546773
2023-01-25,12,78,0.357834099856291
2023-07-12,3,86,0.38029985076446404
2023-05-17,2,121,0.41641575047337553
2023-10-05,20,71,0.44160414133775727
2023-04-09,12,118,0.07963847370295551
2023-06-12,15,144,0.29628098810331804
2023-10-25,5,92,0.9223770617662578
2023-09-08,14,84,0.7159877335850621
2023-12-12,18,129,0.6141559067544706
2023-12-10,8,81,0.7197539366320813
2023-04-18,14,85,0.3990960626883502
2023-06-14,15,68,0.6291927910695655
2023-07-21,8,105,0.34601169711612967
2023-09-03,4,98,0.03146717278160249
2023-10-04,20,52,0.3641896643857886
2023-05-05,15,141,0.00294090497293209
2023-05-27,18,31,0.3623898761463821
2023-08-22,2,184,0.8770716271178942
2023-02-06,5,153,0.6110752937072474
2023-08-12,16,118,0.4132709234931663
2023-07-29,5,6,0.34198170657279015
2023-03-24,9,174,0.5987423988333348
2023-10-28,1,81,0.7756414081496169
2023-04-23,15,149,0.006024047890237472
2023-01-09,25,153,0.46450154751976136
2023-12-21,23,124,0.9070382620534414
2023-05-14,6,32,0.5905581460078837
2023-06-08,19,110,0.9485477029195535
2023-04-13,17,69,0.9721796514029528
2023-11-11,24,98,0.5386120628470202
2023-05-15,4,138,0.5778616936628441
2023-06-17,6,111,0.8897390342869785
2023-03-11,21,148,0.8321598008625564
2023-04-17,13,158,0.8515951151774233
2023-07-03,14,6,0.7985663466173124
2023-03-24,24,43,0.855341115712041
2023-05-10,14,61,0.4190168642494223
2023-11-13,13,26,0.028179855603398862
2023-08-01,23,17,0.24297593740346168
2023-05-02,24,67,0.8497859531712911
2023-04-26,18,196,0.9186495215413233
2023-09-17,6,40,0.17787329436366817
2023-07-25,13,141,0.9315091314037013
2023-05-20,20,25,0.3879975336819451
2023-11-24,15,147,0.5539256330848646
2023-05-06,3,120,0.9215014234607578
2023-05-30,11,60,0.6349871778940746
2023-01-24,8,1,0.27629878841423483
2023-07-20,4,91,0.8703506592035202
2023-03-11,18,3,0.6721293207421477
2023-09-29,9,122,0.7869331424637359
2023-03-01,12,145,0.042731192117349326
2023-04-29,16,55,0.3852371162699306
2023-10-28,2,29,0.5269818204771706
2023-03-01,14,175,0.6050057693268622
2023-11-04,21,192,0.10376557064834147
2023-10-09,16,14,0.32905731538761884
2023-01-08,17,100,0.7888962572460188
2023-05-20,5,154,0.7869846607598233
2023-06-30,20,84,0.811765615362657
2023-11-12,13,50,0.2437684091259129
2023-09-15,15,81,0.34108009442569454
2023-08-01,14,166,0.8268015283900216
2023-05-22,22,9,0.14260210161056597
2023-08-14,7,20,0.8349413349749857
2023-08-12,19,199,0.3907947024647602
2023-08-08,17,134,0.6266850572092434
2023-04-12,14,68,0.36466408028945174
2023-10-14,14,58,0.42021696471190106
2023-11-14,13,90,0.03419101611350628
2023-04-27,25,2,0.845752890491669
2023-07-05,2,94,0.029008466718364656
2023-02-17,14,124,0.6978898573330955
2023-12-02,19,191,0.5148257252942492
2023-04-11,18,130,0.8135793715467171
2023-05-03,24,81,0.4697810455166509
2023-06-09,20,31,0.6519647875239143
2023-11-26,20,48,0.16012389778153013
2023-09-18,4,33,0.034700499725165423
2023-09-09,25,27,0.27670103247387823
2023-02-15,14,167,0.8859067114972106
2023-09-10,8,85,0.2525724579489572
2023-08-18,16,199,0.9468297547345264
2023-02-13,10,16,0.2657607179601098
2023-04-18,4,157,0.46380043063917387
2023-10-30,5,80,0.6790455137402955
2023-03-28,10,22,0.5782562503809915
2023-01-17,19,89,0.30640952355643203
2023-06-22,15,73,0.49039647024798283
2023-06-13,16,14,0.6907015141761728
2023-04-23,1,159,0.12585760303407212
2023-08-20,9,185,0.2548852501351938
2023-06-06,4,15,0.3907749547078826
2023-08-09,3,91,0.94963569901071
2023-09-24,2,77,0.16768838215294313
2023-09-05,14,170,0.2292113021369102
2023-12-11,21,178,0.400281595600928
2023-11-18,1,21,0.8053633472296288
2023-04-02,25,149,0.01314761838608658
2023-06-23,24,143,0.8253447940094655
2023-10-29,15,88,0.8596557705936073
2023-10-27,12,15,0.9823742586356301
2023-11-30,4,177,0.6788249461719315
2023-12-29,13,102,0.7755387637575637
2023-08-26,6,183,0.3974954548319056
2023-11-22,9,152,0.26673847074382573
2023-06-13,1,138,0.955109316516426
2023-02-03,21,152,0.9338188194756818
2023-06-05,8,70,0.5332945182907165
2023-08-05,18,179,0.6697831317532673
2023-10-10,9,188,0.21879865921991648
2023-04-16,13,60,0.9850804843441778
2023-11-01,7,115,0.030545976895925975
2023-05-26,19,86,0.788902002229168
2023-12-15,2,194,0.45859758209373536
2023-01-11,13,100,0.8570087893016427
2023-03-04,5,193,0.08386647892880827
2023-07-13,11,24,0.25253629936316646
2023-07-26,22,62,0.4113276932001477
2023-04-17,5,136,0.3881897803970257
2023-10-27,8,108,0.7740899464475158
2023-12-11,10,20,0.44240156122936736
2023-01-05,10,6,0.16059373905210506
2023-03-02,3,156,0.6472204612379531
2023-01-20,21,28,0.7031088517671733
2023-07-01,17,115,0.7260786840272927
2023-02-12,25,49,0.7787795145479669
2023-11-03,7,172,0.1357052187887383
2023-09-02,5,132,0.993698128199
2023-03-10,8,72,0.6323232397802858
2023-12-18,22,33,0.10226881609494998
2023-09-27,3,106,0.5684097083289413
2023-07-09,6,177,0.3965831383699827
2023-08-02,20,143,0.5957260698801964
2023-11-19,20,106,0.8761795966919023
2023-02-12,7,197,0.25245399632375776
2023-11-02,16,42,0.5590028772588559
2023-12-28,7,78,0.8635297606996808
2023-06-13,14,36,0.9772924546738246
2023-06-05,17,22,0.36083842808100797
2023-08-26,19,67,0.7735669946542286
2023-08-25,19,136,0.9813233794884745
2023-07-22,4,113,0.44908105933313947
2023-10-14,9,74,0.8773381351872311
2023-06-07,10,182,0.3800990245452279
2023-03-19,7,107,0.8848179392685553
2023-05-05,2,65,0.29050453437980706
2023-02-21,20,91,0.055661826835572414
2023-06-29,5,176,0.44883646017172407
2023-07-07,11,194,0.18569542973468933
2023-12-16,1,90,0.7247389411454641
2023-09-03,14,25,0.19316628470140473
2023-08-22,6,49,0.13930579046780134
2023-10-05,4,84,0.7071492090983992
2023-01-14,2,5,0.3899376411668797
2023-09-10,13,198,0.9487142262522982
2023-08-20,2,5,0.20017780768765303
2023-05-17,11,184,0.6702502235070356
2023-01-05,22,191,0.3484102430795827
2023-06-16,11,158,0.6797447862973821
2023-08-24,24,100,0.6951965261029638
2023-01-15,8,49,0.890813363389665
2023-09-15,13,4,0.5932268714282786
2023-11-05,10,189,0.6501910513211183
2023-05-16,22,23,0.39809795807244286
2023-06-27,3,27,0.7817215882939573
2023-08-21,5,28,0.27907583007189163
2023-12-19,4,85,0.1516599547584635
2023-12-25,20,55,0.08949241009800968
2023-10-01,25,114,0.5781890554161996
2023-03-21,6,52,0.9936406072898971
2023-10-12,22,189,0.6289239967395178
2023-12-23,12,176,0.9434850079938835
2023-10-09,25,35,0.5148400548131233
2023-07-14,24,176,0.14986278448691825
2023-10-29,13,113,0.938498127322426
2023-04-03,12,31,0.9324310580040966
2023-07-21,19,38,0.7712980886724546
2023-01-05,10,55,0.8101022594942627
2023-08-27,22,140,0.37783873957828107
2023-01-05,6,30,0.4151428109688663
2023-06-09,25,1,0.5646758203528286
2023-04-22,7,37,0.003518689611979098
2023-03-05,10,113,0.4960106061347882
2023-07-23,20,111,0.00997443771486295
2023-04-10,4,173,0.3551389059155904
2023-12-02,19,41,0.6157531785560952
2023-12-20,22,25,0.7139480735805951
2023-03-30,15,178,0.28425447774456414
2023-02-27,12,32,0.3300812796988609
2023-11-25,24,97,0.38151785712716335
2023-07-04,1,56,0.7149199757721572
2023-11-08,2,55,0.2589497251710692
2023-09-08,12,162,0.029087134583645202
2023-09-10,16,69,0.7364578578445965
2023-04-04,24,27,0.5220004562966912
2023-05-27,10,95,0.6386899505776938
2023-12-10,8,4,0.8868806124609124
2023-10-01,14,17,0.05754146089960588
2023-11-05,10,166,0.7265848398428207
2023-09-14,19,48,0.5095123200478578
2023-04-10,17,3,0.25253140952464315
2023-12-28,16,189,0.6532718192374477
2023-08-21,17,170,0.4011314114234823
2023-08-30,14,61,0.46888280873713706
2023-03-24,2,102,0.42298619784477354
2023-11-29,13,17,0.8542257143109576
2023-05-01,19,26,0.019077916433187014
2023-09-29,1,162,0.48954126520743413
2023-05-28,21,36,0.5526266460283941
2023-05-30,25,101,0.7505811399846982
2023-06-11,14,199,0.9014471898801154
2023-06-26,14,13,0.5014537503801855
2023-05-20,4,95,0.745671654915518
2023-05-16,16,107,0.4149135786920032
2023-02-06,17,192,0.03328559588760682
2023-01-26,14,120,0.13081726799193072
2023-12-04,23,11,0.17232809972466034
2023-03-08,24,176,0.6193089588385502
2023-02-19,4,60,0.4756912017284812
2023-07-15,6,91,0.525014324055717
2023-09-05,9,126,0.39159207418017883
2023-09-07,1,30,0.6975160026215793
2023-08-30,14,149,0.8177617648675031
2023-06-13,15,182,0.6100910085633595
2023-07-22,4,63,0.7474843212947776
2023-08-20,14,161,0.3845717081084431
2023-07-03,5,52,0.7247384573354575
2023-03-03,6,168,0.1901765406359358
2023-05-12,9,88,0.585976156859713
2023-04-28,8,42,0.11415003245170308
2023-06-05,18,134,0.1170992291871843
2023-06-21,23,20,0.9726110487707748
2023-01-25,23,60,0.9855085994060471
2023-09-24,6,7,0.7367723807361602
2023-11-19,19,154,0.8537599501023809
2023-07-23,9,65,0.07712172105029313
2023-10-14,24,97,0.4163154050688197
2023-12-22,11,86,0.8404613181392045
2023-09-19,23,94,0.545712262923745
2023-12-18,9,195,0.9290664373877482
2023-06-22,11,93,0.945569180665898
2023-11-17,15,71,0.4026403712640335
2023-01-21,18,80,0.3946874428485736
2023-05-30,22,179,0.7998251072114301
2023-01-28,21,139,0.8682272734588582
2023-01-10,17,99,0.13558936311722125
2023-10-16,5,86,0.4228807199995973
2023-11-02,25,91,0.13497227539995937
2023-04-09,20,2,0.5408294345316553
2023-02-06,1,193,0.48278686274218285
2023-05-12,11,37,0.16063985335566555
2023-03-22,22,58,0.021939264877051334
2023-04-10,1,156,0.4627598147877985
2023-08-31,6,13,0.5773932368286756
2023-02-22,10,43,0.005791897454436756
2023-01-21,13,183,0.45853156158521013
2023-10-14,2,62,0.7856888134424579
2023-06-02,13,179,0.32748617674542335
2023-08-30,24,65,0.7690736288142157
2023-12-04,24,170,0.17985207363815348
2023-02-22,13,45,0.38799138530429866
2023-07-22,17,181,0.3354931414255653
2023-03-07,25,142,0.191184831689993
2023-02-05,18,163,0.022635586048582623
2023-03-07,20,109,0.7810574032656915
2023-09-09,14,176,0.7545503454574387
2023-09-02,22,188,0.8849173900295789
2023-10-30,19,185,0.9564630895176757
2023-10-26,13,20,0.5495430386999995
2023-05-18,21,6,0.8960391692887856
2023-03-18,12,62,0.19487463274032335
2023-12-29,15,108,0.7249998323089076
2023-12-15,20,81,0.8577741647662316
2023-09-27,5,171,0.5749346028611078
2023-01-21,9,38,0.3109501861129932
2023-04-26,3,128,0.6253138185139887
2023-10-24,18,156,0.4459121942183808
2023-08-15,4,87,0.9625442101013745
2023-11-13,13,62,0.11143857246553468
2023-06-25,18,139,0.1302538843501272
2023-11-30,3,114,0.2354519520226409
2023-03-23,21,171,0.907289137439185
2023-07-22,3,193,0.24321062984038067
2023-07-15,1,144,0.675468248677665
2023-03-31,2,69,0.12208185518980974
2023-09-28,23,200,0.40743291621735167
2023-12-20,2,13,0.9751543973327951
2023-04-09,16,146,0.07517837951477757
2023-03-26,7,195,0.24882824298908712
2023-04-30,5,92,0.029732295067715797
2023-06-11,19,36,0.3598958979164224
2023-02-02,23,55,0.23564962671389122
2023-04-08,9,43,0.46704060452538676
2023-11-19,19,169,0.8960780194728867
2023-03-15,25,28,0.7340785841588054
2023-09-09,2,106,0.028674564748426334
2023-08-18,15,138,0.2792586807448547
2023-12-06,14,125,0.8165675764808288
2023-03-09,7,110,0.35086396784667906
2023-04-22,1,178,0.48552704935012425
2023-04-17,12,3,0.6706461369934381
2023-01-12,19,60,0.07901051334359177
2023-05-01,1,12,0.26190747722409435
2023-08-27,7,110,0.319377756065218
2023-06-17,3,93,0.6163036093858988
2023-07-11,21,41,0.5290837425487499
2023-01-05,23,6,0.46823316530683723
2023-07-04,12,106,0.9539179809589314
2023-11-15,9,111,0.45589568243400347
2023-02-15,14,193,0.23514120131311944
2023-07-27,18,170,0.9766179808346891
2023-01-12,3,42,0.13893704556889608
2023-05-02,18,136,0.4418552297977052
2023-09-06,14,192,0.14758447996715107
2023-02-13,19,6,0.2791072658480417
2023-01-21,10,78,0.487498132211723
2023-11-07,18,23,0.4487719674715289
2023-08-31,1,27,0.9391256956662618
2023-07-11,1,5,0.2903921610746586
2023-04-14,2,146,0.5297901835264024
2023-09-14,21,174,0.4440448866235468
2023-08-10,12,168,0.16690592200347143
2023-05-02,24,72,0.13553602985748936
2023-07-22,2,167,0.5399295698946968
2023-05-13,15,96,0.7846913958889854
2023-02-14,23,44,0.7240528864532241
2023-03-15,23,172,0.4102700924757874
2023-07-30,17,63,0.2815768167169391
2023-11-06,12,191,0.8665335238493884
2023-03-03,10,195,0.09256409444865865
2023-04-26,7,198,0.1674654999970382
2023-09-06,16,131,0.7341754566809049
2023-10-25,10,24,0.3295541801647387
2023-08-16,17,155,0.23313428731442176
2023-09-23,17,56,0.680287251009284
2023-05-09,25,132,0.6073903887449896
2023-03-03,11,146,0.999510973598992
2023-12-09,6,173,0.7294893954233084
2023-05-13,23,102,0.5089016309356084
2023-08-09,24,45,0.692518475831026
2023-11-14,24,2,0.2062322570672075
2023-04-18,10,175,0.5200004409210777
2023-07-08,4,122,0.9198018712580375
2023-04-21,23,128,0.9012073781949853
2023-01-24,14,14,0.266331324724306
2023-08-24,12,19,0.9391768855726548
2023-12-07,1,108,0.9747025890304304
2023-09-21,24,41,0.8404513506067492
2023-06-14,5,158,0.7535674327374554
2023-04-27,5,26,0.37775090864189353
2023-02-15,14,113,0.6171789698413852
2023-08-04,9,10,0.3637906731052999
2023-07-08,7,176,0.5408024997581089
2023-01-25,22,101,0.5462034740909575
2023-04-04,16,81,0.6762451889679348
2023-03-31,8,29,0.06036304761653233
2023-09-08,1,63,0.29015308732963785
2023-11-15,14,178,0.3453341184609532
2023-10-06,9,155,0.9077923081167986
2023-09-30,7,143,0.9292979946916432
2023-02-05,6,134,0.009098454260767497
2023-06-18,10,68,0.06710840126450035
2023-06-27,18,93,0.4890392997436287
2023-05-22,5,177,0.8178070937471205
2023-12-01,13,30,0.7867169490530105
2023-06-12,11,68,0.7682550932661264
2023-02-27,12,99,0.7051324160778737
2023-01-23,14,94,0.36871374889985553
2023-10-21,11,88,0.05747948684038373
2023-03-10,11,30,0.30198941356798104
2023-03-06,6,121,0.01664825140939452
2023-04-30,13,128,0.9974067002172168
2023-05-26,21,31,0.9612743685073745
2023-03-21,12,47,0.02322306191273471
2023-07-01,21,131,0.44242112936210776
2023-02-23,23,170,0.22171990595108848
2023-08-31,19,120,0.08091343371262871
2023-09-29,13,168,0.46114700946517495
2023-12-29,5,10,0.5528281189598917
2023-05-12,1,116,0.39213582876407227
2023-11-06,1,33,0.17400356105435233
2023-06-07,16,195,0.9231703546028398
2023-10-29,3,123,0.32097268190516615
2023-05-02,15,186,0.6200807655198213
2023-08-03,19,122,0.9609818860105862
2023-12-31,11,87,0.3136236794835908
2023-07-13,4,117,0.5383280766003249
2023-12-18,25,123,0.5869563971091618
2023-12-25,23,103,0.7247349878988693
2023-04-30,20,19,0.45262365639463475
2023-06-06,20,87,0.936332210324392
2023-06-14,1,8,0.2532805675978804
2023-06-30,25,18,0.10164297259396593
2023-01-13,24,55,0.32202929052011653
2023-02-02,22,173,0.6634951935206529
2023-05-04,16,183,0.9349573800580131
2023-09-23,25,79,0.0385281011139772
2023-03-15,14,49,0.5816878241531682
2023-01-12,21,146,0.17065781878069342
2023-11-24,6,1,0.1476037327079548
2023-08-03,20,146,0.7047707217995863
2023-10-18,6,26,0.30098076788818895
2023-03-15,16,48,0.3255387025147539
2023-08-13,21,54,0.07509641528372657
2023-09-26,14,25,0.14450728406890123
2023-04-21,21,125,0.10216741052563527
2023-08-16,5,66,0.007267219754834242
2023-12-30,21,79,0.7487176084016572
2023-04-03,19,112,0.8645326311785675
2023-02-06,3,31,0.6613227279130871
2023-09-04,19,130,0.5519958593062919
2023-08-08,7,28,0.20884689762102737
2023-09-01,19,27,0.7289550467266643
2023-11-14,7,180,0.15639950960572968
2023-01-07,2,70,0.5161916178849654
2023-04-20,14,100,0.005215757096539098
2023-07-21,8,83,0.38818541966035713
2023-03-10,7,39,0.5238514521126828
2023-02-16,1,66,0.6421430429286782
2023-07-29,20,31,0.5630810052581933
2023-12-18,9,105,0.5667354104131612
2023-01-02,15,78,0.5087993224343837
2023-05-29,7,30,0.9163563795896721
2023-01-25,18,100,0.02667393703933363
2023-03-08,6,42,0.3223939278799134
2023-12-14,16,13,0.9199545453758966
2023-03-02,21,150,0.15331231817847957
2023-07-21,24,179,0.28532283253222845
2023-12-29,16,70,0.25342643478409366
2023-01-02,24,65,0.1752467608173639
2023-12-10,25,36,0.8849193788740439
2023-04-12,18,44,0.1890916530406236
2023-12-16,13,12,0.809443693118224
2023-06-18,7,57,0.7553424935612287
2023-12-30,1,67,0.5986251641621189
2023-04-16,10,104,0.18396245204138673
2023-06-09,22,36,0.5684759258508905
2023-01-11,6,46,0.20554237400995945
2023-03-20,16,158,0.5112489225079723
2023-02-08,4,48,0.9058914537289622
2023-07-01,20,170,0.2321528494188314
2023-11-16,5,129,0.5750345566286081
2023-09-14,19,146,0.47580719148422823
2023-07-27,3,25,0.5043183599067144
2023-09-22,20,185,0.9023253772134346
2023-03-24,12,172,0.48392224118905036
2023-02-06,25,3,0.6293313157429478
2023-06-14,20,91,0.023791662458588103
2023-02-14,19,111,0.19589802246685273
2023-11-05,25,2,0.47787655136360774
2023-02-21,4,103,0.3241962971715838
2023-04-16,10,41,0.7965217928911689
2023-11-21,2,25,0.8626620719834573
2023-06-26,2,92,0.014846584294075926
2023-04-24,1,160,0.9001269002513947
2023-09-05,3,196,0.18769220132232922
2023-10-25,25,188,0.0817687517716722
2023-07-15,20,26,0.7122288539099059
2023-04-15,5,84,0.4141164204789525
2023-07-20,8,125,0.5006484290284344
2023-01-16,3,82,0.8748745110891102
2023-08-25,10,39,0.7007402208288813
2023-11-04,6,61,0.8148010747724884
2023-07-31,16,55,0.5986873211974806
2023-02-25,10,8,0.6269702596351712
2023-04-30,4,173,0.9255671384765778
2023-05-29,14,10,0.12963601711447037
2023-01-12,5,13,0.013489117435097842
2023-06-04,14,169,0.45189697062687595
2023-11-17,16,145,0.26697410958221723
2023-03-23,4,86,0.27029760763399147
2023-01-16,14,145,0.9326133365814652
2023-04-21,21,105,0.4381946519378559
2023-07-17,6,38,0.4143847873000175
2023-11-23,7,7,0.7176077607123248
2023-11-11,6,14,0.733571658243407
2023-10-26,10,74,0.527082779997169
2023-07-05,14,134,0.7791904178396823
2023-09-25,17,135,0.1704906141968412
2023-11-01,13,171,0.6563780454200894
2023-11-15,7,46,0.3079682803940549
2023-03-22,3,147,0.6871172365091242
2023-04-03,18,4,0.8171877505779497
2023-03-23,4,44,0.26934167444579327
2023-06-23,25,115,0.6554826470263788
2023-07-08,8,101,0.9846395567682262
2023-10-01,13,187,0.8701708209403889
2023-09-16,2,36,0.040300314305104945
2023-04-12,9,178,0.5359312760338659
2023-03-28,5,108,0.3653379911525295
2023-09-20,23,98,0.9132861828840112
2023-01-12,8,111,0.6507328360520787
2023-12-03,19,48,0.1584179137741899
2023-12-02,8,181,0.758644056940488
2023-11-30,17,104,0.8868716274446661
2023-11-12,23,121,0.22661224835539107
2023-12-15,10,146,0.424963200796705
2023-03-21,13,131,0.24323236343573817
2023-09-25,15,14,0.2900698158241376
2023-05-08,25,171,0.2589426569155332
2023-04-09,25,176,0.12277154580213279
2023-04-01,13,172,0.10565962958854036
2023-02-03,9,109,0.1008884122533209
2023-01-13,3,190,0.9296109208265165
2023-12-03,21,77,0.8923179924393042
2023-04-20,7,13,0.17557788755652137
2023-03-13,4,191,0.8050595413764722
2023-07-28,24,10,0.4653688723837879
2023-01-29,6,152,0.13465973979659618
2023-08-17,24,32,0.49880585111843445
2023-07-27,2,134,0.9557881223718331
2023-07-04,21,43,0.23758997267075754
2023-11-15,8,72,0.5478636278588356
2023-11-03,3,73,0.7534964160286198
2023-09-09,11,85,0.9518330821954736
2023-07-11,7,5,0.29440709313148106
2023-08-01,11,54,0.9724576123405437
2023-06-28,10,48,0.8968458955022196
2023-10-25,5,5,0.5967442155978451
2023-12-26,1,59,0.6661475858823286
2023-12-15,15,133,0.1817440544795541
2023-01-17,3,143,0.4099278577357449
2023-03-22,24,178,0.5244560383149944
2023-11-02,12,164,0.7340960122540896
2023-07-11,7,122,0.21524898469236997
2023-09-01,12,155,0.02101117613142567
2023-09-17,15,179,0.334088488599934
2023-07-24,15,165,0.5454372932869068
2023-09-15,3,97,0.13900043406911755
2023-10-02,6,109,0.9526532225564092
2023-06-30,3,146,0.004240528219514816
2023-06-08,20,120,0.9053728659451299
2023-07-09,5,158,0.4595764286713201
2023-01-26,20,48,0.7779956815572378
2023-06-15,5,142,0.8568849941470312
2023-01-09,24,56,0.08453495880429207
2023-05-23,12,40,0.9366301945743484
2023-07-22,19,103,0.422083356240458
2023-04-04,10,147,0.26130957876393035
2023-07-25,7,16,0.41507703067478363
2023-02-28,1,43,0.8477238606012115
2023-10-03,21,165,0.5847440295256933
2023-11-08,7,166,0.09936739113198778
2023-09-08,13,13,0.688924777526879
2023-07-07,25,18,0.1009447660816003
2023-04-02,4,154,0.7946055743773146
2023-10-03,14,195,0.6144147151158665
2023-12-12,7,115,0.7734320993529372
2023-11-04,9,57,0.6516580819198677
2023-07-18,3,78,0.8860651385531912
2023-08-28,9,135,0.872540666321409
2023-09-01,2,122,0.4581575674576024
2023-05-25,13,63,0.6677819339546854
2023-10-13,5,130,0.3462266765461903
2023-03-19,3,172,0.5286948676423725
2023-02-13,13,188,0.9450825479933732
2023-12-07,24,7,0.027016380003506035
2023-01-13,11,94,0.6998529257890591
2023-04-06,19,37,0.6400531966256681
2023-07-03,10,127,0.1670273060294517
2023-09-04,25,130,0.8553558519722106
2023-02-04,20,113,0.6497719115278806
2023-06-05,14,158,0.37069549762461695
2023-02-25,17,117,0.7592980991285224
2023-04-28,24,79,0.2814035500168376
2023-12-29,19,25,0.4335302225361941
2023-02-06,10,173,0.475403533983326
2023-12-09,13,17,0.5165958497350484
2023-04-09,4,108,0.37300950968681557
2023-08-26,16,111,0.8999330831652043
2023-03-11,20,55,0.9769048197709866
2023-01-28,21,108,0.6160671291535846
2023-08-23,17,123,0.46154994839397023
2023-03-10,19,180,0.7571656058508764
2023-02-24,6,63,0.3861937435366861
2023-07-14,1,173,0.13487335540891798
2023-04-23,25,85,0.6648422662792315
2023-06-06,16,185,0.9410348167225432
2023-04-15,23,200,0.2848837596989594
2023-10-06,13,195,0.3860907679209068
2023-06-15,16,64,0.13769158713897556
2023-12-16,6,66,0.7093848463254374
2023-05-31,17,92,0.2747812998649969
2023-01-28,5,17,0.671915590299309
2023-04-10,13,143,0.7598282390945229
2023-01-11,15,116,0.693004284279605
2023-12-06,6,68,0.9847165898517944
2023-07-10,23,152,0.4062865891413415
2023-08-07,17,29,0.028271924488728617
2023-08-08,18,86,0.903461843574488
2023-01-24,14,190,0.1385644855293252
2023-04-17,23,2,0.3862183022553516
2023-09-15,21,71,0.8360349519017438
2023-06-03,7,44,0.5935088778146957
2023-06-29,9,72,0.0404976175033156
2023-04-07,24,179,0.10333372163566779
2023-02-11,4,124,0.6197424241241524
2023-12-04,13,110,0.979939892357268
2023-10-06,18,189,0.9887852635942472
2023-10-14,8,96,0.2198601937382998
2023-07-02,18,59,0.24995661395375535
2023-05-15,22,14,0.5762393183367814
2023-07-27,13,83,0.7010388103000853
2023-12-09,16,126,0.21298778859213519
2023-12-04,15,24,0.021977426378791742
2023-07-14,25,96,0.3481758435186094
2023-12-09,24,148,0.667018150552185
2023-06-30,9,108,0.7690324237414965
2023-07-31,24,116,0.007471963829862371
2023-05-18,8,90,0.038021217923370876
2023-01-11,20,83,0.33090374387562005
2023-09-19,22,70,0.8609725922723093
2023-12-19,18,27,0.21512600306045904
2023-07-09,18,135,0.9990089965083592
2023-04-22,9,163,0.6663370220531375
2023-03-14,21,2,0.6132054851043833
2023-02-24,18,111,0.8624141027446959
2023-12-12,2,107,0.6374496379218505
2023-01-12,4,45,0.21402744834958587
2023-05-09,21,89,0.5903975916801268
2023-10-25,4,87,0.12365118717604084
2023-09-21,22,27,0.9333026806357255
2023-04-01,23,42,0.7731212597713024
2023-07-09,3,129,0.09358494200126166
2023-07-09,3,177,0.6364893764560698
2023-10-10,20,67,0.2807503204251951
2023-02-28,9,58,0.26761726718469414
2023-05-14,5,7,0.18193349988065655
2023-03-25,13,140,0.7774355971915778
2023-09-22,10,18,0.9281971722194106
2023-07-07,12,184,0.5987770896817721
2023-06-14,25,9,0.35148415473694394
2023-05-25,24,133,0.44532633997044524
2023-02-28,23,18,0.4374639889553493
2023-05-11,6,87,0.30379620016823505
2023-04-24,24,159,0.6387908242779134
2023-05-19,7,95,0.6838342193748308
2023-07-27,13,195,0.10254076243965493
2023-09-04,1,161,0.2034540709467877
2023-11-07,25,200,0.9752566926309867
2023-12-24,13,169,0.16125166651612122
2023-02-05,24,164,0.37168645612021123
2023-10-13,16,92,0.06824190944047837
2023-05-19,5,93,0.7511438402635906
2023-10-18,22,108,0.8391140096008443
2023-05-15,14,172,0.6727002788766384
2023-11-02,11,38,0.16722157696247208
2023-03-05,6,87,0.5650781110854327
2023-12-12,11,114,0.6590168501928028
2023-09-13,18,40,0.8837102086741168
2023-04-18,20,198,0.310809681282212
2023-11-28,9,119,0.10641834886006052
2023-01-14,18,82,0.3062769134152217
2023-02-18,10,59,0.030885569990087625
2023-05-09,7,106,0.3964227272546714
2023-05-02,22,88,0.1838695199233622
2023-05-22,18,109,0.6779889922287103
2023-01-13,18,170,0.10781931775112696
2023-02-21,7,138,0.6064694579124177
2023-04-14,6,105,0.023935675829972358
2023-11-10,6,19,0.9024552221848564
2023-07-16,20,116,0.6943788593714804
2023-03-31,9,95,0.38367104590713796
2023-06-24,20,182,0.6574157357115425
2023-06-03,18,46,0.26710346067155577
2023-10-02,14,77,0.09302438381790701
2023-12-22,20,125,0.8316207634690481
2023-08-15,11,69,0.24900654610423478
2023-05-13,6,130,0.13641285687248184
2023-05-14,11,50,0.8259361955339893
2023-01-28,12,100,0.6105088308645795
2023-05-17,6,157,0.5995097708795654
2023-09-15,11,163,0.8043386680755638
2023-06-18,3,170,0.5658621640663519
2023-11-23,12,67,0.8174842260353081
2023-04-13,4,88,0.05562323338553432
2023-04-01,1,132,0.2808798240906446
2023-05-13,15,117,0.8821332966705634
2023-05-11,9,92,0.9204844545084424
2023-05-28,10,41,0.7201381803976448
2023-03-13,25,54,0.5860120216810872
2023-10-16,13,4,0.41484786369549487
2023-12-05,23,96,0.20740034475114966
2023-09-05,17,24,0.0724117584769276
2023-07-16,4,155,0.4023175664303875
2023-08-01,14,147,0.6581807449048883
2023-04-03,11,127,0.9614539190800739
2023-09-20,5,157,0.11153624951822294
2023-09-06,7,106,0.8752592133577621
2023-04-01,18,82,0.8362989097754903
2023-08-07,2,2,0.29286163287859157
2023-04-04,9,180,0.9433696117685423
2023-03-15,9,102,0.7618482096304656
2023-01-22,1,167,0.7463782872170732
2023-06-19,23,134,0.807504440598072
2023-07-28,11,73,0.08606578079764171
2023-06-15,22,45,0.6059637135132045
2023-11-11,11,45,0.9015036657094584
2023-03-22,19,159,0.7212126556187946
2023-08-25,19,107,0.395353442038618
2023-06-19,20,173,0.40995118544790476
2023-08-27,12,60,0.9909219914312244
2023-04-02,8,79,0.6000729804210416
2023-09-26,12,181,0.9968719786708881
2023-03-17,22,167,0.8136421597691157
2023-12-23,22,138,0.9457750320310603
2023-11-03,12,96,0.8200264845614411
2023-07-06,9,40,0.08003877272182136
2023-08-22,15,29,0.05816580180011777
2023-08-04,14,19,0.923394365428617
2023-09-08,1,24,0.7026877083137454
2023-07-07,22,145,0.6252598788880416
2023-03-25,12,155,0.9289442662779361
2023-09-09,16,3,0.45437158643632836
2023-10-13,1,56,0.5697254995087025
2023-06-05,15,145,0.3332544952465233
2023-07-10,4,134,0.8006826736372444
2023-01-18,25,149,0.15946621654130455
2023-12-08,15,188,0.6698309521362843
2023-12-29,2,56,0.5606001009898842
2023-04-14,24,103,0.5588084484082033
2023-07-23,19,95,0.5167993032234087
2023-05-25,3,142,0.6636681182797314
2023-03-12,17,180,0.9438963479453214
2023-09-16,2,24,0.0801466391814386
2023-12-25,18,137,0.7143001473090654
2023-06-28,23,7,0.7389210428543224
2023-04-03,3,54,0.16714111327597891
2023-12-15,13,181,0.9113920308362659
2023-06-22,10,160,0.063745718641259
2023-05-18,19,187,0.7282946066802027
2023-09-14,15,178,0.031187874916264624
2023-04-09,14,151,0.23938278242051803
2023-10-07,14,20,0.3792583383811128
2023-10-10,21,23,0.0070649908412359075
2023-06-21,8,137,0.25142389940989474
2023-10-18,18,144,0.4713725449780579
2023-10-20,13,60,0.061947630070150916
2023-02-24,16,100,0.014357416638038467
2023-11-01,14,138,0.07356520898904273
2023-02-16,8,74,0.6069774500994268
2023-11-19,16,84,0.4626836990884722
2023-05-19,5,180,0.42957498867382304
2023-04-11,20,33,0.0018208153918130021
2023-08-05,23,200,0.6044397660896326
2023-09-08,9,194,0.3488962345572778
2023-08-20,5,194,0.2066601474130827
2023-01-17,24,28,0.5434528336374834
2023-07-03,8,145,0.9596391700393426
2023-03-26,25,47,0.2360502061826667
2023-03-23,23,118,0.32923285197091834
2023-03-25,17,118,0.548241276149669
2023-06-11,11,172,0.7934420974246614
2023-01-06,1,68,0.23027591806108916
2023-04-24,13,163,0.9798714285542981
2023-08-17,1,111,0.7122280589431067
2023-11-16,6,108,0.22563073146413315
2023-11-22,5,28,0.6247398686007739
2023-09-03,22,9,0.9374004533819126
2023-09-28,1,157,0.24850176012520098
2023-04-25,19,134,0.7989275052383537
2023-06-10,5,5,0.1368457910743096
2023-10-23,25,106,0.6673009829712239
2023-07-10,22,139,0.7516434415017194
2023-11-13,25,15,0.2909745872468983
2023-12-22,14,39,0.5146379578755486
2023-08-31,9,90,0.6828742086625418
2023-05-09,3,180,0.3769539988638644
2023-07-21,16,20,0.8540259171778284
2023-07-22,24,71,0.16924383417785194
2023-12-26,2,177,0.8209596625509654
2023-02-05,25,28,0.9436663084944648
2023-02-12,14,152,0.4118953379472241
2023-05-01,11,174,0.5006492316249984
2023-03-06,1,187,0.7041222957043191
2023-12-22,16,127,0.23322026118611294
2023-04-26,17,158,0.7414834590936487
2023-04-14,24,19,0.9394029853231783
2023-07-26,10,70,0.8502542570560943
2023-08-30,8,189,0.03007139698965189
2023-09-13,1,41,0.2959572745459951
2023-11-01,14,184,0.29137514385013075
2023-04-16,10,105,0.3451615385619625
2023-04-14,18,190,0.060658556172742184
2023-06-15,7,135,0.6683943021004384
2023-07-12,8,139,0.19094527254502058
2023-12-26,22,164,0.27255887257579803
2023-11-27,11,26,0.48529872424469156
2023-08-27,19,199,0.14739178907928696
2023-05-26,14,92,0.08751557670537202
2023-06-16,15,111,0.7633855164775257
2023-01-06,10,79,0.7104331431538597
2023-03-13,20,62,0.4671182828868736
2023-04-05,21,73,0.7141566194148682
2023-03-04,24,31,0.5590160334900659
2023-07-07,4,110,0.8428500123215905
2023-04-16,24,154,0.5082404816981345
2023-01-30,18,8,0.15629354378855176
2023-01-13,20,124,0.32154182573020695
2023-10-07,19,2,0.37338418317081123
2023-02-26,24,134,0.39139342483194184
2023-02-06,14,17,0.5908222630171068
2023-01-04,19,84,0.39542298975456014
2023-07-19,2,164,0.20811872983205015
2023-11-29,3,129,0.4837553170129969
2023-07-22,25,106,0.06412202701411696
2023-12-16,19,38,0.12874162406886835
2023-10-17,13,88,0.8677090127181813
2023-09-29,4,35,0.5896056931932531
2023-11-27,22,168,0.7336954175939252
2023-03-08,1,65,0.1258756246089533
2023-12-04,10,170,0.5050520611909165
2023-08-28,9,60,0.07398337333112637
2023-07-06,24,53,0.5596088395711524
2023-02-05,1,126,0.7607230468551839
2023-11-28,20,36,0.10407395463676183
2023-06-03,21,45,0.3100667025063457
2023-01-03,10,138,0.8226923892166499
2023-07-01,13,55,0.48770863632557027
2023-10-05,13,103,0.9303210454834674
2023-11-14,11,12,0.7373498839661646
2023-05-07,8,114,0.8735575834998154
2023-03-14,20,142,0.7489008402810383
2023-11-03,25,169,0.08197759224261303
2023-11-21,21,161,0.1498309025250385
2023-06-07,10,171,0.8528549461913981
2023-12-29,2,82,0.9123616490723838
2023-06-16,24,102,0.9821723642975608
2023-04-17,24,178,0.22502803724295484
2023-10-30,4,170,0.8920715488047026
2023-08-25,1,133,0.005809566701578506
2023-04-04,18,174,0.7569289166707885
2023-08-03,6,140,0.19221543018330656
2023-02-21,13,65,0.7980978678717738
2023-12-18,15,188,0.9656639286685638
2023-04-16,6,134,0.4443166172797941
2023-05-07,2,4,0.25373062889078635
2023-09-20,17,85,0.752345295109727
2023-09-13,25,135,0.8461678016861915
2023-01-12,14,188,0.7652235011303384
2023-09-03,3,147,0.566503522675874
2023-08-24,15,125,0.7202822879763879
2023-12-16,4,168,0.38098064066362647
2023-12-26,10,106,0.12945974719561149
2023-09-05,21,166,0.6006351641361138
2023-01-30,13,134,0.246847986593564
2023-05-11,15,27,0.5289336785007064
2023-06-27,25,105,0.1470886015354591
2023-08-16,1,29,0.4856965946688274
2023-09-06,6,161,0.258200383205445
2023-11-01,19,62,0.4870945997925811
2023-05-18,2,126,0.2238682526054766
2023-11-10,14,47,0.35856246724910845
2023-10-23,5,164,0.3632636405967491
2023-08-06,24,86,0.4234195770972602
2023-07-22,23,16,0.8368917406311024
2023-06-22,6,151,0.43175771722312006
2023-08-03,9,39,0.0013788064607253014
2023-08-11,24,85,0.9788151618589259
2023-07-09,19,173,0.9092701060618932
2023-02-09,3,29,0.5530247054135974
2023-01-15,8,105,0.08836628533863378
2023-04-07,11,80,0.8236515403244127
2023-07-16,15,127,0.5903813415281853
2023-11-07,9,109,0.6338233743425624
2023-10-09,25,113,0.7749206659022505
2023-05-02,5,75,0.08375936158404096
2023-10-05,17,177,0.3986972557842565
2023-09-29,5,200,0.2784557618851904
2023-01-20,22,22,0.3276860451884116
2023-02-12,22,55,0.7945253329209417
2023-05-03,20,115,0.46975620132169515
2023-11-21,12,180,0.9486071630208714
2023-01-05,4,111,0.04081670069593302
2023-12-16,2,164,0.6238406833376866
2023-08-17,19,158,0.03135242082848588
2023-10-25,11,64,0.5047953782706246
2023-12-17,1,196,0.32046973507405796
2023-09-30,24,41,0.9341101188555548
2023-11-08,14,108,0.49241432136145424
2023-10-24,7,56,0.4997903559773249
2023-04-02,8,93,0.4890020695486432
2023-11-12,4,142,0.11526754993677768
2023-08-12,20,45,0.9022326522467982
2023-05-31,23,77,0.39796296055909686
2023-02-19,8,32,0.7598048178465004
2023-12-27,22,158,0.834977823761321
2023-05-23,22,48,0.4058177548935251
2023-03-23,9,31,0.49647852496792855
2023-09-28,1,100,0.6787044421563629
2023-09-14,13,158,0.824460820588707
2023-05-18,11,171,0.8398765964735929
2023-09-19,7,103,0.061856581373064934
2023-05-24,4,51,0.7580696145619209
2023-09-26,25,49,0.607992392923316
2023-08-25,3,47,0.30743229325532273
2023-09-04,21,19,0.45390705865802516
2023-06-29,7,73,0.1483100822430835
2023-09-16,23,105,0.5917823790299016
2023-12-25,24,189,0.15708617805074332
2023-06-01,7,182,0.5148903210179681
2023-12-09,1,154,0.15596846743800108
2023-01-18,23,30,0.6936594036601871
2023-02-17,20,136,0.7452307759071286
2023-12-20,24,172,0.06940493898461642
2023-04-06,11,126,0.6210908823156104
2023-11-15,15,44,0.30182057601152235
2023-10-18,23,2,0.04732456658799322
2023-11-06,11,89,0.1597075064230603
2023-06-01,4,173,0.0331084160920363
2023-04-05,19,180,0.19487963286437449
2023-02-13,24,121,0.7178446395652976
2023-04-20,12,51,0.7773695247699719
2023-08-29,4,53,0.7716179611616639
2023-12-09,4,27,0.058525638072115305
2023-08-23,24,142,0.8341832466824284
2023-11-16,13,96,0.28253599064328727
2023-08-04,14,122,0.9229772362254087
2023-06-17,1,51,0.07152600209836879
2023-03-25,17,130,0.9330886932456222
2023-09-28,15,168,0.9242181534805474
2023-07-16,7,122,0.18641975464803695
2023-10-03,1,71,0.5023217982404576
2023-10-10,5,114,0.9054668009780014
2023-12-20,11,74,0.045345550325758044
2023-08-22,23,106,0.48263987231770933
2023-10-15,19,147,0.9933796589343308
2023-10-30,15,19,0.3349838336572408
2023-05-01,7,50,0.296404680614773
2023-04-20,1,72,0.8172369589789643
2023-05-26,19,110,0.8812931012744126
2023-11-06,11,129,0.7486173388518645
2023-12-04,9,83,0.23861311930382045
2023-02-27,25,154,0.8977316621295576
2023-02-04,12,87,0.04002710687421629
2023-09-03,9,61,0.01078411572937188
2023-10-26,24,54,0.10234815131430752
2023-07-26,24,82,0.6566377110964865
2023-11-05,18,81,0.535566536594375
2023-02-14,15,145,0.41684085982341545
2023-02-25,11,118,0.6344170305569398
2023-08-16,4,37,0.8571174484855167
2023-02-01,1,137,0.25811621134901297
2023-06-10,5,179,0.6331706509559768
2023-03-27,3,150,0.4180076592774744
2023-11-15,4,161,0.925870810530964
2023-03-02,10,100,0.01068692786551928
2023-03-06,6,92,0.02335926736717986
2023-08-22,14,162,0.9269261085532086
2023-07-22,7,102,0.45873062425173716
2023-04-15,7,177,0.4570326461940384
2023-02-05,13,84,0.1747392157222627
2023-09-30,4,153,0.5007362904589138
2023-06-29,19,87,0.20287475361340135
2023-12-11,7,101,0.5254594063567051
2023-12-20,25,53,0.9178401290309302
2023-02-06,22,177,0.07680600404313953
2023-01-01,19,90,0.08969735266128898
2023-08-16,8,117,0.5634067250121448
2023-02-18,5,36,0.7531583796500914
2023-03-04,7,134,0.6860019432635382
2023-03-13,20,139,0.3434726022507206
2023-09-15,2,129,0.9304316690559286
2023-02-10,18,33,0.7808923148196772
2023-07-10,9,90,0.5463540653649427
2023-03-27,5,137,0.29990328466889693
2023-01-09,17,168,0.38836364347417573
2023-03-24,23,92,0.10709684587783919
2023-01-28,13,108,0.22338888254753886
2023-09-10,1,73,0.4948415644458867
2023-01-21,3,170,0.49430303628541117
2023-11-01,16,196,0.6029424319038539
2023-05-13,14,41,0.9777548551378145
2023-08-21,17,30,0.5604492722742485
2023-11-27,5,144,0.3689172322282791
2023-01-06,24,89,0.7072092802713784
2023-12-22,4,132,0.8745542740984426
2023-09-13,6,88,0.3304716753696576
2023-01-08,23,190,0.6848594031721401
2023-04-26,15,11,0.21440406412012392
2023-08-17,24,65,0.6275450963299812
2023-07-23,21,26,0.8192139784973438
2023-11-26,5,94,0.8293304464655884
2023-06-28,5,122,0.3250311175624514
2023-11-21,15,24,0.12419190433971994
2023-11-21,3,36,0.292692540686768
2023-09-16,22,144,0.5434542003296607
2023-02-24,11,75,0.2846709058951534
2023-01-03,20,132,0.04635385741984577
2023-09-15,12,98,0.6192743025199204
2023-12-24,10,117,0.763892223641326
2023-01-04,25,51,0.3184721224744189
2023-05-22,19,27,0.08337742290125527
2023-11-29,10,113,0.026426929708552538
2023-06-30,12,84,0.4297079121970969
2023-01-26,7,167,0.3750161885236968
2023-02-15,20,48,0.5788499974173793
2023-08-20,4,92,0.3754758261028047
2023-01-01,5,174,0.626624424608204
2023-02-28,4,1,0.39277029456826784
2023-03-09,14,156,0.008087848028410116
2023-02-15,2,21,0.8937278643666869
2023-09-25,1,11,0.10021323774541568
2023-04-23,4,51,0.27530902637381927
2023-10-07,17,123,0.48024637804243253
2023-07-28,7,192,0.7270927567318239
2023-10-26,24,95,0.17581464983919015
2023-09-17,3,186,0.2172919690072589
2023-01-25,2,60,0.15250600701021144
2023-02-20,19,6,0.9076313352853708
2023-02-26,9,122,0.2060043077225565
2023-03-27,20,92,0.6257553007195416
2023-05-31,5,109,0.031391603805567714
2023-06-22,25,101,0.1981340299491684
2023-04-14,11,99,0.43756707213942214
2023-11-05,4,10,0.05819272530823827
2023-07-11,4,129,0.861179208124223
2023-05-25,8,168,0.4052307797317647
2023-10-14,21,164,0.995013024468522
2023-11-08,9,26,0.9776053368328347
2023-08-20,11,150,0.12115977395737865
2023-08-10,2,74,0.7954583209252946
2023-04-18,13,115,0.04115529861093292
2023-05-30,6,49,0.9531666304140722
2023-05-21,9,92,0.7429121158858151
2023-04-13,13,91,0.35307136638493086
2023-06-06,9,49,0.9502390459824164
2023-03-17,9,135,0.1467094488951789
2023-12-06,6,37,0.23083780422357247
2023-01-16,6,157,0.3643743715503438
2023-10-27,1,96,0.840134252925971
2023-09-02,18,176,0.3956055168061885
2023-12-29,15,53,0.4492112771034049
2023-10-08,3,43,0.09206136090257933
2023-02-03,24,24,0.619385665060379
2023-08-03,1,42,0.5724009617861314
2023-03-27,14,1,0.8757716455853881
2023-04-16,21,83,0.6866310375142014
2023-01-21,14,182,0.3637161659591619
2023-09-06,25,125,0.653387309019574
2023-12-29,11,22,0.1350818317864637
2023-11-24,9,118,0.22782989112571694
2023-12-19,19,168,0.6001771471707843
2023-11-19,11,56,0.4902443986013648
2023-04-19,21,147,0.36100356935475253
2023-12-13,25,95,0.9337469318432149
2023-04-01,17,73,0.6568117988482126
2023-03-16,18,22,0.8468728458851218
2023-10-09,11,59,0.9040372569162675
2023-10-22,18,30,0.43469293939168296
2023-07-25,18,153,0.3546380791411248
2023-06-14,25,121,0.627761964420092
2023-05-15,17,47,0.48558334189071173
2023-04-19,24,77,0.4209398845768111
2023-01-06,19,125,0.7224795473830832
2023-07-16,4,154,0.5239632296046886
2023-01-21,17,113,0.22901763719604074
2023-08-29,10,189,0.40376270970360195
2023-04-22,22,15,0.2182229553638173
2023-05-08,3,64,0.48001065264419085
2023-07-26,23,94,0.7892417635195117
2023-01-12,8,30,0.25529086289712677
2023-07-05,14,42,0.28984923461827183
2023-01-11,18,153,0.6835758190041178
2023-01-07,19,91,0.10954079961153873
2023-02-21,6,191,0.458826562083697
2023-01-31,7,195,0.85282840222908
2023-10-08,17,103,0.6137804438081402
2023-03-31,7,156,0.3060396637135996
2023-01-30,9,39,0.33389377318521296
2023-12-15,8,177,0.39994443645272393
2023-01-05,20,126,0.28247467086064926
2023-03-31,12,100,0.38408853638038987
2023-06-25,19,150,0.4978178268033828
2023-12-14,1,82,0.32250201633372133
2023-01-25,25,143,0.8839184331257932
2023-05-18,8,84,0.5096190869956078
2023-03-05,14,54,0.3052178759897015
2023-08-14,1,63,0.9503887775253425
2023-04-28,11,57,0.8644291974199054
2023-10-11,6,182,0.8506673756568924
2023-07-17,24,74,0.3503589489019635
2023-11-22,15,108,0.3929480382765411
2023-02-18,19,90,0.7620259926295763
2023-08-10,18,13,0.6396692628032016
2023-02-19,7,78,0.5424780450198025
2023-11-08,16,61,0.8683216996195707
2023-02-13,21,10,0.7311832804112932
2023-10-10,21,170,0.7038265147986102
2023-06-19,5,66,0.62400708866077
2023-03-15,22,173,0.5748514920365999
2023-01-14,15,96,0.7262578890053704
2023-01-13,24,174,0.6624407336166224
2023-10-30,23,119,0.11296259748096349
2023-12-01,2,174,0.05201979751684105
2023-05-20,6,187,0.680887658284343
2023-10-26,5,107,0.8215943274239145
2023-03-10,23,100,0.7139326615493845
2023-05-17,5,37,0.2637920726182946
2023-11-01,22,65,0.3910665722265052
2023-04-04,15,105,0.31892327076794436
2023-01-15,2,39,0.33102024112711903
2023-05-01,13,79,0.34566857739562173
2023-12-22,21,45,0.9597325079071705
2023-04-24,10,190,0.9637047724199909
2023-06-05,12,60,0.5537543036518106
2023-08-01,3,13,0.7438775477485344
2023-03-03,11,2,0.3532550727540569
2023-04-21,14,25,0.35092096247031024
2023-12-23,9,113,0.3457301692607243
2023-09-18,21,164,0.44615330987769064
2023-07-09,17,98,0.02602113697901476
2023-06-22,13,52,0.24900175571965555
2023-04-21,6,94,0.6651586956777032
2023-07-13,18,47,0.06075957277331856
2023-10-26,2,54,0.2742910860453689
2023-02-22,25,43,0.9734969300212527
2023-12-23,25,159,0.8357562028256555
2023-07-14,4,60,0.22567119028578442
2023-01-26,23,28,0.7832662544123478
2023-12-03,6,188,0.49348046071007123
2023-05-31,14,81,0.5601720439429749
2023-03-30,20,164,0.03594055435126542
2023-01-09,19,137,0.10646433480342143
2023-06-30,6,44,0.4943511109676866
2023-09-03,13,151,0.04799369792906438
2023-02-26,18,55,0.09925705713751654
2023-08-07,7,123,0.9603139982338654
2023-08-16,1,33,0.5387778625619307
2023-05-08,24,197,0.2665954573055598
2023-04-20,25,83,0.23365533025787166
2023-01-11,1,62,0.3462500922007594
2023-06-04,24,108,0.9859910907827403
2023-08-08,12,50,0.861298924038957
2023-03-04,25,119,0.9726584187782489
2023-01-27,14,173,0.7193112188274097
2023-10-26,23,10,0.1034602490433929
2023-04-02,24,161,0.8673757592048142
2023-12-27,10,101,0.4518861112584953
2023-11-15,17,96,0.8482558205424605
2023-01-12,10,8,0.353607465644735
2023-02-26,21,139,0.6402460663959332
2023-11-27,6,167,0.31775463241705937
2023-04-07,18,63,0.5692762286116883
2023-08-29,25,132,0.4498033894122081
2023-07-11,19,149,0.1585959426849909
2023-03-08,25,151,0.5677187988410848
2023-01-08,11,73,0.0977763923895808
2023-11-24,24,83,0.7111161837165513
2023-10-07,25,142,0.340612529581802
2023-12-04,12,161,0.11418032296495362
2023-06-11,15,196,0.17578778992072042
2023-08-01,22,45,0.4822289063841896
2023-02-09,5,16,0.42338178988890107
2023-07-12,22,115,0.4708083349988694
2023-09-25,21,138,0.9120063480130369
2023-09-29,22,137,0.16415981002639257
2023-10-08,9,90,0.7019394049861888
2023-09-13,22,4,0.9167009800937848
2023-12-25,6,151,0.776156426978088
2023-06-11,21,162,0.4910260123305603
2023-02-09,19,131,0.6073383231405359
2023-02-20,20,45,0.07499245771492269
2023-02-08,13,47,0.7850398181926431
2023-01-28,8,147,0.5351226758383238
2023-01-31,6,28,0.1299515850929217
2023-09-17,24,18,0.16910309500646958
2023-08-14,16,143,0.207106435844842
2023-02-23,3,4,0.8864789760546592
2023-01-30,19,146,0.4756418803210096
2023-07-05,3,198,0.6093836069628367
2023-09-17,19,152,0.6062685105994957
2023-10-20,25,81,0.36366482844642334
2023-01-20,19,137,0.8856641537641312
2023-12-12,17,37,0.816091148887745
2023-09-27,3,32,0.3637662869955628
2023-06-15,11,35,0.805647159227
2023-07-29,14,3,0.31413222553564524
2023-08-03,17,57,0.8962782512001176
2023-05-05,19,90,0.5898308919704692
2023-03-02,11,171,0.2514020351760087
2023-07-10,25,183,0.8706117417841752
2023-11-16,21,147,0.504226850641051
2023-02-20,1,109,0.018671897132618187
2023-07-08,21,156,0.03940011024679979
2023-02-24,21,188,0.7863628372657229
2023-06-09,10,159,0.9369527436884341
2023-02-22,3,25,0.4695852686429366
2023-09-10,3,192,0.5071871053518385
2023-11-22,14,200,0.8821457161505237
2023-02-25,3,46,0.2705510406222602
2023-05-16,12,124,0.20911190905884158
2023-02-08,5,30,0.8636415475301047
2023-11-26,6,44,0.8498021373299016
2023-11-28,13,45,0.5062588455785034
2023-06-15,23,117,0.5711166700987429
2023-01-02,24,53,0.6584077498978445
2023-05-06,4,69,0.13884155943153575
2023-04-27,5,198,0.1473860152462234
2023-03-26,24,156,0.3937760814439888
2023-09-21,22,141,0.7673718849043955
2023-11-03,1,137,0.08355860383386338
2023-08-13,11,33,0.914086817475105
2023-01-09,13,180,0.028327956512984143
2023-09-15,14,43,0.6570243734985383
2023-03-18,4,67,0.8990734099225517
2023-09-24,3,180,0.04546054389536491
2023-05-14,4,200,0.4493162436820193
2023-09-21,7,49,0.2150736656070823
2023-09-29,3,74,0.08136353008477648
2023-01-08,18,192,0.3195783504494303
2023-03-01,18,140,0.9587826462371761
2023-07-12,12,37,0.4846568142043788
2023-06-12,8,47,0.18138175117595035
2023-12-01,5,20,0.48133734962310937
2023-07-20,15,92,0.8199642093840772
2023-08-20,12,66,0.684093877453606
2023-02-28,23,198,0.547801417886149
2023-11-19,23,173,0.20620712460593316
2023-09-22,23,107,0.5363276761556809
2023-08-22,18,101,0.391050651507316
2023-03-29,16,173,0.4714946103172808
2023-12-17,2,33,0.4579572251201459
2023-01-07,10,163,0.5144769522521131
2023-01-28,7,10,0.7315767682553188
2023-11-17,23,76,0.5706097963863351
2023-01-21,11,62,0.879328589448848
2023-12-13,25,115,0.4056248499159224
2023-03-19,2,145,0.7206324278522975
2023-08-18,17,152,0.4305526769532597
2023-11-23,15,171,0.19802778760445527
2023-12-01,17,10,0.622981837558368
2023-05-30,6,103,0.2670022351277378
2023-10-06,23,6,0.35109291178481306
2023-11-17,10,181,0.3986174825069262
2023-08-01,12,48,0.47822793777999606
2023-06-18,24,144,0.22776661645075247
2023-01-27,2,99,0.1230259443630094
2023-02-18,24,30,0.12083942706760575
2023-04-24,5,155,0.4404115737983205
2023-05-08,16,133,0.344125042821798
2023-05-05,4,38,0.12471487416288685
2023-03-15,15,68,0.6803249386189892
2023-12-13,23,192,0.3184651004010036
2023-11-25,17,116,0.6082407205098335
2023-08-06,20,116,0.886309461205306
2023-12-23,11,131,0.31875884726011994
2023-12-23,4,58,0.9104629092824749
2023-03-29,22,195,0.9555350928082256
2023-08-28,7,104,0.9717014885252979
2023-07-11,2,59,0.5741216474831397
2023-04-04,17,16,0.8772307453210931
2023-07-28,12,80,0.014372707114662764
2023-10-01,22,70,0.708042225816995
2023-01-05,9,30,0.5157486046501301
2023-06-25,20,111,0.2719550886457627
2023-11-05,15,156,0.04767615155029625
2023-09-18,10,98,0.6379848823177596
2023-04-26,25,174,0.8896166135259541
2023-05-13,8,108,0.9409234143997302
2023-08-18,16,73,0.38670730841443324
2023-07-29,19,164,0.8505970030408091
2023-11-28,15,11,0.7213135127013504
2023-10-22,8,84,0.286611451747825
2023-10-29,4,49,0.15637760570974657
2023-05-09,24,190,0.7235374245306111
2023-03-06,13,126,0.5438961659766208
2023-12-11,5,111,0.2624689734925586
2023-01-14,13,5,0.5028439062227952
2023-11-14,9,79,0.20803950335822252
2023-08-21,22,22,0.9952799662441041
2023-04-01,15,26,0.268240112797988
2023-01-02,4,72,0.8484572233574754
2023-12-20,16,149,0.6258866061586683
2023-10-13,15,165,0.5760938784385382
2023-04-16,11,67,0.27784046922255323
2023-04-21,15,14,0.4220963734511278
2023-10-29,15,83,0.1854818180704808
2023-07-10,24,69,0.3612385145477023
2023-04-16,6,6,0.6165877129286502
2023-12-22,6,104,0.18320463527616127
2023-04-17,17,83,0.7494180558071059
2023-09-07,6,158,0.6875576541008501
2023-10-19,10,20,0.10197689632448825
2023-08-21,19,47,0.09468512017519415
2023-08-25,14,174,0.2511976586282384
2023-11-30,6,172,0.022609021942966767
2023-02-16,15,128,0.7186029295671427
2023-01-06,11,142,0.15064966430003812
2023-02-27,15,159,0.1485217187152772
2023-10-29,2,46,0.6720337238701165
2023-12-30,13,179,0.28447243835278235
2023-12-28,4,43,0.9155766424167304
2023-04-23,15,180,0.7978427143574326
2023-04-03,24,30,0.3870474885417864
2023-09-17,21,129,0.5501276304530388
2023-04-18,21,33,0.9248802606849937
2023-01-19,13,6,0.6220362063952353
2023-02-01,5,74,0.6023591319290869
2023-08-17,21,200,0.9466006915405288
2023-12-13,11,146,0.31630164035637975
2023-05-21,5,70,0.3417446497343335
2023-09-28,8,167,0.3121857610873644
2023-11-25,10,86,0.06009577679343758
2023-09-21,2,170,0.5029714891346495
2023-04-24,14,184,0.6966247224037622
2023-08-12,6,54,0.9278494947334763
2023-08-01,18,148,0.2101124769879812
2023-10-17,18,75,0.8950081209972529
2023-04-09,3,112,0.19010976078081698
2023-01-01,6,136,0.5380951207306225
2023-02-08,3,52,0.6177090127430823
2023-01-18,11,81,0.12094519913525426
2023-01-20,15,139,0.8614065374875054
2023-12-15,20,189,0.8547966909845441
2023-07-24,6,101,0.4424377544298159
2023-10-29,7,18,0.26407449371845126
2023-02-17,1,159,0.49395597295176963
2023-12-02,21,167,0.8707661225889624
2023-01-22,13,195,0.514197380600356
2023-05-26,4,120,0.7850227431819371
2023-09-26,22,5,0.2561225694669431
2023-12-19,17,176,0.43387589663179815
2023-10-22,25,170,0.6255829944559611
2023-07-18,18,66,0.2817915210030173
2023-02-01,21,49,0.42769524056646
2023-11-22,4,5,0.7986573802453556
2023-04-03,5,81,0.7599394501346634
2023-09-03,23,66,0.9837232895009914
2023-07-17,18,192,0.24837015452384925
2023-08-09,20,90,0.5358665962713727
2023-05-18,5,133,0.24824153184770903
2023-11-12,8,176,0.17234426149324855
2023-05-06,11,151,0.05312193799841569
2023-03-30,7,143,0.9400495798783046
2023-12-19,19,157,0.7414339923377774
2023-08-23,14,127,0.20560425433001484
2023-10-28,2,139,0.620674441504248
2023-11-13,8,76,0.9983859026612635
2023-01-14,12,50,0.9487810683449188
2023-09-16,7,85,0.12391781400698543
2023-10-03,24,85,0.06095083542994284
2023-01-12,2,34,0.8963293553984699
2023-08-24,23,176,0.7802787843951275
2023-05-06,15,77,0.6045487604150399
2023-02-10,22,133,0.8573373188302656
2023-11-01,8,47,0.42770884402925846
2023-06-03,11,78,0.06990700136957617
2023-11-26,16,113,0.7780370296454212
2023-11-23,23,74,0.49430144530297315
2023-04-26,11,97,0.26389022502266946
2023-08-18,4,200,0.036536233941504626
2023-04-19,3,153,0.4412981829643542
2023-10-24,1,61,0.6359731660889173
2023-04-16,1,73,0.8721132783118068
2023-12-04,14,193,0.9629826873606308
2023-07-31,4,24,0.1717035485935301
2023-02-27,6,20,0.05806505886885294
2023-04-21,18,185,0.20242369148884176
2023-07-15,15,46,0.21400323195588233
2023-12-05,17,194,0.8530036835585278
2023-01-25,8,111,0.7522709010467318
2023-04-22,7,103,0.4839844284739401
2023-02-17,15,100,0.5817810799990634
2023-11-24,13,150,0.4178041369655038
2023-11-12,17,92,0.6972132526170256
2023-12-20,11,22,0.28178345679578076
2023-02-24,15,39,0.6468634631417445
2023-03-26,23,100,0.5699066632143835
2023-08-16,11,9,0.00847145792114612
2023-03-09,14,162,0.06830313826220502
2023-05-25,4,119,0.3498416236333566
2023-11-22,12,13,0.6287038063399452
2023-09-15,21,124,0.3712632137684354
2023-12-26,2,176,0.6714758774814024
2023-07-24,6,65,0.22841666982679343
2023-12-03,20,33,0.5955668572676249
2023-10-26,16,48,0.28715180698475506
2023-11-27,22,63,0.7673256920905078
2023-10-21,7,179,0.5204637888586686
2023-11-15,25,199,0.40218090687732644
2023-04-19,1,40,0.1495392602611597
2023-11-11,22,114,0.1277235186354312
2023-06-15,15,176,0.3478284799325946
2023-07-30,9,39,0.2579329952084116
2023-09-28,20,159,0.6213636769520302
2023-02-20,16,60,0.9298874199302074
2023-03-11,4,199,0.6875895630151643
2023-07-17,22,31,0.5161837877280119
2023-10-13,3,132,0.8311875007812584
2023-09-21,14,174,0.5314298949474738
2023-06-27,20,33,0.4222707750189293
2023-10-21,2,97,0.4736696221873845
2023-08-03,13,57,0.44072873186517514
2023-07-04,6,134,0.8086106585348093
2023-04-12,5,111,0.5766973450096047
2023-11-02,13,119,0.5342254578119577
2023-10-21,25,174,0.5408114242991127
2023-10-14,24,52,0.9723344769354957
2023-09-27,23,185,0.9126730933983567
2023-12-20,17,113,0.5375786599848625
2023-03-12,3,189,0.8645673872556392
2023-12-16,7,46,0.2406305801978066
2023-02-12,22,92,0.3229329910462835
2023-08-12,10,153,0.21006418720235231
2023-11-28,5,93,0.3196442160843279
2023-08-12,10,84,0.3561799519613681
2023-09-10,4,81,0.8433948879627282
2023-01-02,16,159,0.5207481932116796
2023-12-16,21,105,0.03733281158120361
2023-07-14,23,117,0.7668757931780624
2023-03-05,19,88,0.13516825106315478
2023-02-05,2,13,0.13170912902513965
2023-05-27,4,85,0.2778980520936273
2023-02-05,17,86,0.3314980866663104
2023-10-05,23,24,0.7129529713062066
2023-10-22,5,79,0.11415593441118133
2023-01-02,17,92,0.3804953707203468
2023-10-12,11,7,0.6571035764233842
2023-07-04,4,27,0.5924356311714413
2023-05-29,15,162,0.31885490358722346
2023-07-24,7,88,0.9166154377710174
2023-12-02,13,197,0.22863916365337322
2023-10-14,3,48,0.2651635719972272
2023-01-22,2,53,0.39461145336356473
2023-02-25,14,124,0.4696821288496221
2023-04-08,11,141,0.10949022479068138
2023-10-29,7,18,0.13729594778185072
2023-05-01,22,167,0.5365513552446951
2023-08-23,18,76,0.7793009463512535
2023-07-16,4,158,0.5407739502971431
2023-10-16,23,33,0.9335668438965633
2023-11-08,11,128,0.7705024057622645
2023-11-14,16,118,0.17283659125666062
2023-11-12,8,146,0.1524502845592417
2023-12-17,16,124,0.4988696042066355
2023-01-05,9,17,0.07055751100857865
2023-05-11,7,87,0.7628134387675091
2023-01-19,18,195,0.4152011126676579
2023-05-07,15,27,0.7893472622808584
2023-10-20,22,19,0.15735582118275548
2023-05-25,7,78,0.49762629179296014
2023-12-20,22,160,0.2832822832142484
2023-10-17,18,105,0.00798167210806977
2023-12-17,17,64,0.5496203289846442
2023-09-25,9,20,0.06919258033384967
2023-12-14,3,67,0.605035735200127
2023-07-18,10,70,0.041792542069961636
2023-04-15,22,147,0.23126798718284636
2023-10-10,16,96,0.7870286135880573
2023-05-10,14,174,0.5625645553653285
2023-12-29,8,53,0.10200444874818204
2023-01-23,17,99,0.20564970734424215
2023-07-11,18,141,0.25030116344160513
2023-11-24,20,93,0.4456334192077982
2023-12-18,2,5,0.0402819106641189
2023-04-28,24,77,0.7249921567250399
2023-09-27,22,184,0.22976690644626818
2023-10-04,23,68,0.9061526339778619
2023-10-23,1,166,0.6753530390426102
2023-10-10,15,65,0.28439017303530634
2023-04-01,22,113,0.005383286667225207
2023-05-17,23,13,0.9108682261922328
2023-10-15,21,9,0.7354828867082945
2023-03-11,22,106,0.0036762061129115287
2023-04-09,7,71,0.21010463524262124
2023-07-28,17,136,0.009930770042045123
2023-12-01,13,25,0.12008686498393606
2023-01-11,16,192,0.1762019417913382
2023-09-26,4,76,0.9220050156938351
2023-01-21,10,129,0.976253035461471
2023-07-17,16,23,0.40558553358743366
2023-12-21,15,82,0.8562037664129897
2023-08-21,18,113,0.9000148581950422
2023-12-24,5,125,0.057806246100901126
2023-04-27,6,180,0.8703548542763966
2023-09-08,14,48,0.7606372304157417
2023-11-15,4,135,0.34192748375509974
2023-05-25,25,113,0.3501889877458272
2023-05-19,22,25,0.4956331311912625
2023-05-04,15,164,0.586992057909813
2023-02-28,17,43,0.3545687494852794
2023-04-17,4,45,0.7479902859184063
2023-09-06,23,13,0.746439978931356
2023-09-01,9,15,0.45013159923833845
2023-05-01,14,48,0.03440022340051796
2023-08-24,25,41,0.11662141595465947
2023-10-05,24,155,0.5379363121438808
2023-06-05,15,55,0.4490551082334253
2023-12-24,6,97,0.18074313537886655
2023-09-30,4,115,0.662631479414714
2023-12-13,21,194,0.8447422044094487
2023-09-10,10,199,0.501550730542678
2023-07-16,4,185,0.41403070081501936
2023-06-01,20,179,0.3298162607033266
2023-11-16,21,10,0.5466392712141439
2023-03-11,21,158,0.20031322757695624
2023-07-07,24,39,0.6811707240246289
2023-09-11,25,78,0.5859586673294197
2023-05-17,25,182,0.9374915476396306
2023-04-14,7,181,0.6301660472278523
2023-05-04,18,44,0.7095915202560048
2023-10-21,17,142,0.2566489373922064
2023-03-07,9,115,0.7254558736270103
2023-09-19,7,66,0.6656280050724062
2023-12-16,24,80,0.3213454612442064
2023-07-02,14,158,0.3401852834977822
2023-01-28,22,19,0.9911175338958246
2023-11-20,11,64,0.39565027714387113
2023-08-15,22,115,0.7584934148118643
2023-08-12,14,11,0.5751480086315041
2023-03-28,1,45,0.8265097216683314
2023-02-24,1,176,0.6955676977073174
2023-12-02,17,141,0.012841933280161477
2023-12-02,13,175,0.1827682614716083
2023-10-16,9,178,0.35114091882280163
2023-09-03,8,47,0.07976454720018511
2023-12-14,19,6,0.4199465239285103
2023-02-08,10,163,0.27449840036885387
2023-08-17,24,4,0.21684786730090033
2023-10-08,8,35,0.6273810951219478
2023-11-16,10,48,0.7610700853341248
2023-08-30,12,33,0.652169973447851
2023-05-06,15,63,0.20112544839621382
2023-08-02,18,101,0.21090743286043168
2023-09-29,8,50,0.2888103851529442
2023-04-15,17,84,0.10526361398617368
2023-01-13,13,182,0.8934350978281803
2023-11-08,10,93,0.37575825101088156
2023-12-05,4,116,0.6789530907182706
2023-07-27,9,87,0.14673558657331986
2023-03-12,11,107,0.302404880358924
2023-11-19,12,76,0.37919138096607874
2023-02-04,2,106,0.4414539254534059
2023-10-11,11,36,0.006742015881622154
2023-08-14,1,155,0.862505837946505
2023-12-20,12,23,0.003951668430339672
2023-08-09,17,200,0.21523675201877468
2023-11-17,5,23,0.6124528082099789
2023-11-03,16,120,0.45238206502363576
2023-08-21,6,164,0.022691348782550858
2023-12-26,25,146,0.7686962205314645
2023-10-16,2,11,0.2946232912760508
2023-12-02,15,76,0.037487687828770544
2023-10-29,16,181,0.7733236878817499
2023-03-15,8,13,0.5257243337626186
2023-10-28,9,139,0.5663836296926036
2023-05-02,2,187,0.879413237156223
2023-02-04,8,26,0.6762393151349408
2023-10-12,22,49,0.806230482049914
2023-04-15,12,132,0.07234832706913052
2023-08-23,6,63,0.7504466566865856
2023-07-21,22,44,0.6741257034677474
2023-11-05,24,71,0.8110733189708978
2023-03-08,23,52,0.9514536838216041
2023-12-20,3,14,0.9184742708360176
2023-07-03,24,13,0.02724959590714493
2023-09-05,17,19,0.8078288166326432
2023-06-24,19,175,0.9432001245403713
2023-06-23,19,60,0.3166276404192677
2023-10-26,11,120,0.3005316801716369
2023-05-04,13,177,0.5856497355996039
2023-05-21,12,115,0.9280896638099296
2023-08-22,12,64,0.2302007626164766
2023-09-13,23,193,0.7522204464885169
2023-05-10,12,137,0.767225210834386
2023-12-23,10,72,0.13912057848925363
2023-12-07,6,64,0.05765895313089353
2023-08-19,11,190,0.47524299106403256
2023-05-20,11,168,0.5726328378533638
2023-06-04,15,197,0.4673092654523414
2023-10-17,20,124,0.6306070013086812
2023-01-12,17,87,0.8033594781896828
2023-07-11,15,27,0.9603069997439464
2023-08-30,5,67,0.583940583690654
2023-02-17,4,133,0.03697996560726635
2023-06-01,16,159,0.689679174563488
2023-01-27,16,99,0.5309537244316984
2023-05-05,2,34,0.3202527570479301
2023-08-26,11,75,0.20639428913725488
2023-06-02,9,133,0.5298332891467232
2023-10-28,4,52,0.11483684045383458
2023-01-14,19,77,0.7362287321744178
2023-03-23,10,52,0.2136823222744676
2023-06-07,20,179,0.9325457170817215
2023-09-21,15,93,0.9135222163108613
2023-11-18,9,47,0.47451033408422283
2023-03-27,11,45,0.641621009308018
2023-02-09,25,27,0.36778208237297805
2023-01-10,21,175,0.4954156987355125
2023-07-29,19,200,0.044907692879948224
2023-09-28,16,159,0.6298452225185845
2023-10-28,14,145,0.7982277870587831
2023-10-23,6,26,0.40153952709491714
2023-11-14,20,88,0.9150670895101487
2023-05-06,3,43,0.4171756316214841
2023-01-16,9,26,0.09650145638977159
2023-09-21,16,148,0.04346201170490238
2023-09-22,24,10,0.8830319646571949
2023-08-18,16,105,0.369733889620911
2023-03-28,9,108,0.6798189341803242
2023-12-22,1,78,0.47013099456282825
2023-05-16,4,31,0.7752833003995627
2023-01-28,10,27,0.16071744435418633
2023-07-14,22,123,0.9279017446298814
2023-09-12,23,192,0.7815075686347764
2023-03-24,13,25,0.19420519192850572
2023-08-17,14,29,0.01599562746167349
2023-07-05,18,175,0.9296756657077488
2023-08-27,2,43,0.8048275989260512
2023-12-02,2,185,0.8847611245474575
2023-11-15,13,8,0.2080398519103761
2023-06-12,2,126,0.9640736567727257
2023-09-20,1,27,0.43329490189025477
2023-04-27,3,145,0.5879482310126602
2023-03-14,5,75,0.9218222500269676
2023-02-01,7,116,0.5211159314664898
2023-04-04,4,142,0.8302664836598331
2023-06-19,19,17,0.33819855639068697
2023-12-13,2,78,0.21673237346789553
2023-11-30,10,96,0.11747827054324589
2023-12-10,25,20,0.5040714084692615
2023-04-04,24,87,0.9795501377999788
2023-01-16,5,23,0.8520990453625982
2023-06-19,4,98,0.9539880690482064
2023-08-27,19,184,0.5456473704998941
2023-03-22,19,185,0.31782136387302906
2023-10-24,14,187,0.4301787626852901
2023-11-26,11,13,0.5823434117933375
2023-01-08,8,166,0.6526683383942528
2023-03-11,20,171,0.08981236478023014
2023-07-29,20,159,0.9196748280953908
2023-03-17,11,90,0.7405948668657227
2023-09-28,7,52,0.34329035860750623
2023-05-14,22,102,0.24436725532210535
2023-12-06,21,90,0.10770362785505994
2023-08-29,16,12,0.9969631176361755
2023-04-05,17,12,0.30064043909677796
2023-03-09,5,69,0.4127849257891859
2023-08-30,18,154,0.7931827451740463
2023-06-25,10,148,0.9194601329500506
2023-11-15,1,131,0.8908040648311
2023-06-15,17,118,0.4442327871345979
2023-02-12,9,134,0.49591631719118323
2023-08-10,1,78,0.08065274925869781
2023-01-17,2,7,0.7802944205684579
2023-01-31,15,79,0.45398385352350956
2023-06-08,24,133,0.3402585200488666
2023-05-31,7,22,0.6236720095091145
2023-10-15,16,25,0.06545870728119774
2023-04-02,17,10,0.7504594627456996
2023-05-19,13,119,0.5134680927750601
2023-12-24,24,51,0.22939597256920852
2023-01-23,13,62,0.3156756556927648
2023-09-06,4,88,0.8280479599994316
2023-07-17,14,145,0.0027374969524803783
2023-06-02,3,20,0.6553019925132306
2023-05-17,25,177,0.8262322587018317
2023-02-28,13,133,0.07823805821893459
2023-09-28,18,46,0.8292048086372235
2023-11-25,12,180,0.03470719176904091
2023-06-05,13,12,0.7282978216592626
2023-04-14,20,199,0.5111202076009226
2023-07-20,4,185,0.22830798455710466
2023-04-30,6,26,0.14539770628680893
2023-10-23,23,109,0.9947878370094667
2023-09-28,8,57,0.9816606202846155
2023-05-18,11,88,0.005825868112340871
2023-06-23,8,171,0.3980812981898326
2023-01-26,19,105,0.14960942354907192
2023-10-23,1,165,0.16736168117895656
2023-10-15,24,125,0.18778173498744555
2023-09-27,8,100,0.16735126988240667
2023-02-03,1,80,0.7900424651489976
2023-04-01,7,2,0.3358491642159469
2023-12-09,7,115,0.7089354180646974
2023-06-19,21,148,0.6142964272243456
2023-05-30,7,85,0.9161816557486353
2023-07-30,16,17,0.884298262326968
2023-08-19,13,125,0.09218242593880643
2023-08-02,20,49,0.9814325942535812
2023-05-01,21,134,0.25304177452886367
2023-05-15,24,104,0.20918837417530045
2023-10-19,5,144,0.806963659947277
2023-03-31,18,1,0.7821402500577463
2023-09-15,24,99,0.7709081263207598
2023-02-06,1,72,0.9812284497329495
2023-02-27,6,46,0.8206343857887282
2023-12-22,16,166,0.7823161031666811
2023-04-10,5,153,0.32226379637358615
2023-11-16,19,109,0.7048789732257412
2023-03-16,6,191,0.28575691335079423
2023-07-18,15,185,0.6539584473312107
2023-09-02,17,95,0.8569804453852139
2023-10-10,8,152,0.18013403078682977
2023-11-01,6,63,0.9870051229898873
2023-05-16,3,105,0.6053228271519324
2023-03-05,7,8,0.07700851263125774
2023-06-07,8,144,0.6233193669842982
2023-12-18,12,61,0.7425644990275333
2023-03-28,4,18,0.6141766235694769
2023-11-03,16,122,0.36993899954680054
2023-06-25,15,69,0.2712626218693527
2023-10-10,9,113,0.32156273929857726
2023-02-11,20,56,0.7104664989801562
2023-09-19,3,112,0.02835422629981954
2023-06-08,8,88,0.34224034954501314
2023-02-21,1,29,0.8803416925864996
2023-02-24,3,5,0.6715854563436433
2023-10-11,2,75,0.7087255841332242
2023-10-22,9,126,0.8176811324007597
2023-05-20,14,158,0.4404861713614543
2023-05-23,6,102,0.32259901357462073
2023-02-21,8,153,0.40996491457637896
2023-08-31,4,145,0.040685399499430175
2023-02-14,21,130,0.44160403354624356
2023-09-15,22,135,0.8444642026462622
2023-10-05,16,30,0.7679084643800705
2023-07-17,8,57,0.6540242661407955
2023-09-26,22,144,0.25983221487159025
2023-11-14,21,38,0.7678375294727672
2023-08-10,4,103,0.748464574797891
2023-12-16,13,142,0.5794020727569399
2023-06-05,7,125,0.42997448596699384
2023-12-23,13,186,0.46762682539851663
2023-08-01,7,48,0.8814775401010462
2023-08-09,6,152,0.8403318017073308
2023-01-12,4,118,0.3869079294426029
2023-08-09,19,161,0.9497106366697778
2023-02-05,23,37,0.042420752840169884
2023-05-01,20,23,0.7978141488118768
2023-11-22,9,8,0.5169052138714523
2023-06-14,11,134,0.6530407617123999
2023-12-02,6,174,0.37767311945515614
2023-03-16,20,131,0.7923419897146041
2023-07-21,16,123,0.7892235739252149
2023-01-11,3,193,0.4264760188967043
2023-04-22,9,65,0.035251557943829726
2023-04-03,7,175,0.7704049373153072
2023-09-05,8,167,0.5467985542350764
2023-10-29,10,153,0.11713101433628459
2023-03-10,17,158,0.07089252404714597
2023-07-19,7,101,0.9343066166758127
2023-04-18,18,198,0.1626976303237877
2023-04-26,17,164,0.3032877461598642
2023-01-18,1,12,0.8612316388260058
2023-07-02,8,68,0.6441254471903778
2023-03-06,17,93,0.42314698218594193
2023-05-26,2,155,0.41526154459495
2023-09-16,18,28,0.8206815259086971
2023-10-19,8,52,0.3083758749423745
2023-01-27,12,25,0.7354348850543182
2023-06-27,11,22,0.8474112639159994
2023-06-30,25,15,0.08484149737002067
2023-02-16,14,9,0.23342836873517647
2023-07-01,19,107,0.5560835293618414
2023-11-28,20,9,0.0062583729289774626
2023-10-12,1,129,0.8562102015160955
2023-06-22,14,48,0.31256559955252017
2023-06-01,10,157,0.8014799614225376
2023-10-10,6,19,0.7705595533865547
2023-03-04,10,11,0.8601417806775543
2023-09-19,24,152,0.12574019653271606
2023-01-18,20,91,0.2391991161530841
2023-04-14,14,190,0.11276802032584521
2023-03-10,17,198,0.7737417308182759
2023-05-04,12,30,0.022157586985273592
2023-08-03,18,15,0.3615169379456111
2023-09-27,3,11,0.32157680211718376
2023-10-25,1,144,0.46233215358737545
2023-01-22,25,114,0.8862703098777669
2023-06-08,11,97,0.3596388613317386
2023-12-29,23,46,0.6936692833881463
2023-05-10,1,94,0.9117145643595913
2023-09-12,11,3,0.5092030338108909
2023-01-09,22,103,0.987432218120337
2023-02-19,17,7,0.4984755057947189
2023-07-17,2,118,0.031114561717733857
2023-04-09,6,197,0.8799294580849594
2023-04-27,18,9,0.48488065957547566
2023-01-21,12,187,0.8393712699341217
2023-11-15,11,141,0.39747611617028067
2023-12-18,10,6,0.5664024081882286
2023-12-28,6,126,0.022102324869309742
2023-09-04,25,49,0.6182462289705309
2023-08-29,5,128,0.47269169664642974
2023-07-02,8,112,0.19158700371156778
2023-04-26,11,193,0.8362267822542336
2023-05-13,12,114,0.4708136931704413
2023-11-08,2,127,0.19717660479253285
2023-06-02,4,86,0.88980057548709
2023-10-09,15,89,0.894611814424851
2023-01-23,25,55,0.12791623520830353
2023-03-13,2,115,0.48193426807181916
2023-12-23,22,3,0.8571181389778999
2023-09-11,3,170,0.20195902960599588
2023-06-15,12,154,0.42622770947054567
2023-01-04,9,61,0.060471168248186546
2023-11-24,19,97,0.30027723881841917
2023-05-17,23,67,0.830850376030001
2023-12-11,19,108,0.615464024265314
2023-07-31,25,140,0.9333600757100021
2023-08-10,22,40,0.9300918194863433
2023-12-31,3,165,0.8690408730138831
2023-02-24,6,64,0.39814189667848865
2023-09-23,2,73,0.11838995107474037
2023-11-05,11,22,0.04896161539680688
2023-01-23,25,117,0.4173516334159644
2023-02-18,15,61,0.19811933877538446
2023-04-02,9,35,0.32275093297495916
2023-07-25,2,104,0.4599731050751794
2023-06-02,15,191,0.5540467974536945
2023-11-05,1,62,0.5067308830183528
2023-12-04,19,96,0.8084838266279957
2023-11-26,13,182,0.830963902912725
2023-10-20,2,171,0.6551420038438328
2023-10-15,21,10,0.5516897903268083
2023-12-02,17,88,0.4846810382358676
2023-09-24,14,137,0.9035832945260724
2023-07-21,16,166,0.22383177992483239
2023-08-08,11,157,0.7552672225426846
2023-10-24,24,152,0.1905729892721838
2023-10-22,20,156,0.7967883887040162
2023-01-07,12,131,0.2087152873350071
2023-11-17,25,10,0.7453227452291175
2023-07-10,24,180,0.3467697952948502
2023-03-02,6,154,0.9791786006196487
2023-11-05,10,57,0.31030285776374633
2023-03-16,7,58,0.6240240211535115
2023-09-05,13,22,0.07259022643044921
2023-07-07,9,195,0.11794447875863445
2023-08-18,18,155,0.32774401284084975
2023-08-31,12,164,0.8955484355852539
2023-07-10,11,166,0.11585243299679227
2023-07-17,12,81,0.05647550830982462
2023-12-04,2,101,0.35420613922299427
2023-07-07,1,193,0.15200967865367399
2023-09-20,7,156,0.05703222796908791
2023-02-19,3,145,0.565127147444464
2023-08-12,25,151,0.4022149907830874
2023-02-19,6,118,0.47314489465210985
2023-04-12,21,74,0.7813488672838466
2023-04-09,16,199,0.9837934166063224
2023-03-22,18,118,0.6842415925041742
2023-10-16,22,152,0.3556764427119108
2023-12-26,1,172,0.6485048397974311
2023-12-09,21,160,0.6901974366169528
2023-05-23,18,45,0.5813156226385263
2023-12-13,5,67,0.46791796331112046
2023-03-28,7,98,0.04970628909194297
2023-09-03,23,126,0.8878620203735275
2023-05-08,1,188,0.8276947584730754
2023-11-20,4,96,0.19097294779032237
2023-06-18,6,117,0.3681046387526409
2023-11-21,4,45,0.012158830396834963
2023-11-15,16,169,0.6307140955928744
2023-10-10,9,22,0.31821369877545513
2023-07-13,18,81,0.3695424156804692
2023-02-28,13,54,0.8553635972788824
2023-01-28,22,34,0.6321078795573903
2023-03-10,8,167,0.8680831325378107
2023-01-25,21,197,0.07079052834223998
2023-04-13,20,12,0.2503247305907952
2023-11-26,20,158,0.24832069423144287
2023-08-16,13,73,0.8083559375040362
2023-10-29,1,138,0.832729802820662
2023-04-25,19,25,0.8615633815446674
2023-10-11,11,170,0.7438669933467682
2023-04-22,10,141,0.7596114631607216
2023-01-03,22,63,0.9632082027615322
2023-08-23,22,65,0.9543529453467401
2023-12-28,3,177,0.40738791282319287
2023-04-09,3,74,0.3452501298826226
2023-12-08,22,122,0.13078943356066597
2023-02-22,11,174,0.37598628273657453
2023-01-15,22,176,0.5494051103303966
2023-10-04,15,193,0.7960605217725147
2023-10-29,9,197,0.6769682127149488
2023-01-08,10,91,0.5794994180935471
2023-05-08,16,169,0.5604437104501444
2023-01-22,24,127,0.2031693146797674
2023-01-02,9,113,0.7425128865969226
2023-06-14,15,175,0.3286768370620077
2023-07-20,8,195,0.34254035601803023
2023-02-13,17,124,0.20320773966196104
2023-11-04,10,103,0.9709103604968641
2023-02-08,6,174,0.6794592353043338
2023-02-28,12,56,0.7076415851691389
2023-06-28,8,90,0.3758735213384504
2023-10-13,7,74,0.3295826574938454
2023-09-16,7,90,0.4683107208663828
2023-11-03,4,158,0.7335432791901783
2023-09-21,12,174,0.46740052930393405
2023-06-14,13,25,0.6529407940867974
2023-12-14,2,149,0.557745439142052
2023-04-11,5,172,0.28993853309471307
2023-02-01,9,167,0.12629321915332492
2023-03-04,21,193,0.03653846902641633
2023-06-13,7,48,0.04250816415098402
2023-11-22,17,43,0.43315370647959317
2023-01-03,13,82,0.9153995473238487
2023-03-13,22,50,0.5702564006074342
2023-09-05,3,62,0.2777751606858482
2023-03-14,21,89,0.4439387075776605
2023-08-15,10,157,0.12753252541015514
2023-06-23,18,107,0.04103892442970836
2023-09-20,5,70,0.39191226301904347
2023-12-02,21,8,0.9629550727191455
2023-11-20,10,184,0.6640202754053063
2023-06-24,24,47,0.717000781652996
2023-07-15,14,186,0.9461702953617026
2023-05-12,23,199,0.48888839758336444
2023-09-15,13,58,0.3394616982472355
2023-07-26,20,188,0.21563948797830645
2023-11-14,18,195,0.9702459427431427
2023-05-29,2,187,0.616655199769094
2023-03-10,25,47,0.18087640222089263
2023-06-25,24,67,0.6509067201155851
2023-12-20,17,90,0.4957026460408205
2023-04-22,7,172,0.36194265199833453
2023-03-26,20,62,0.9422292147552844
2023-08-05,21,23,0.6997854165830388
2023-10-06,1,142,0.36267367168330844
2023-08-01,3,32,0.15251553319843203
2023-08-08,23,200,0.5252574085620515
2023-08-23,21,155,0.9435137517179338
2023-03-23,25,155,0.06936288167619353
2023-01-13,17,53,0.3976199805205797
2023-07-29,21,23,0.6802910625761861
2023-11-06,4,159,0.6266550171071729
2023-07-23,15,14,0.22408296074931944
2023-12-07,10,113,0.2128428506810851
2023-09-18,20,1,0.04752282761458981
2023-02-05,6,127,0.9742596681091776
2023-05-26,8,110,0.9693047310655222
2023-12-25,4,2,0.7166449736663681
2023-07-15,19,85,0.6073040188938199
2023-03-02,15,25,0.9287712206035693
2023-06-30,21,171,0.21425766174475536
2023-04-13,2,160,0.5548362409241829
2023-09-14,3,140,0.9447816141609201
2023-10-01,20,126,0.7791066319041303
2023-11-02,24,37,0.12036455861094542
2023-04-26,14,140,0.5563900010761132
2023-04-04,15,104,0.0009084734076041379
2023-02-19,24,32,0.8731459425792313
2023-10-01,5,139,0.6066545802625544
2023-10-18,12,47,0.5276684805024314
2023-03-27,23,12,0.5683268351883448
2023-10-22,9,195,0.864803625011801
2023-07-27,8,105,0.8898655604994495
2023-07-02,22,143,0.2564107013759688
2023-06-26,8,44,0.8448732331050743
2023-05-27,11,183,0.028586289538342635
2023-08-16,19,127,0.7156555717765007
2023-09-14,1,122,0.8205570432721034
2023-03-20,9,102,0.20518204035402376
2023-06-17,14,84,0.9657458362127708
2023-11-07,7,173,0.053123307031619715
2023-02-14,9,68,0.5991769979714174
2023-08-14,17,154,0.8892707335824197
2023-10-20,9,44,0.7742414292726448
2023-10-02,5,76,0.6820609821767937
2023-10-24,8,128,0.3491632539856574
2023-12-04,17,196,0.19384314858027407
2023-12-29,2,18,0.40298144773594735
2023-05-04,3,175,0.40395018487686274
2023-09-16,6,31,0.6658991908901718
2023-05-18,21,146,0.9116207557435428
2023-12-15,14,21,0.03838079226472313
2023-03-10,17,166,0.26007855568075167
2023-10-03,13,34,0.054784244173501806
2023-02-22,10,29,0.12971320539140907
2023-04-24,10,43,0.15100895622525434
2023-09-29,25,151,0.14128179748800584
2023-12-05,13,97,0.7968000249051744
2023-10-17,2,11,0.7686790139703421
2023-10-24,22,180,0.9197982399468083
2023-04-24,7,126,0.22688379612469456
2023-07-31,1,113,0.9237832212816053
2023-12-15,20,19,0.9147458119453697
2023-05-31,11,107,0.6009577996222352
2023-01-03,19,179,0.1772861974009382
2023-02-11,7,25,0.14103924415889646
2023-08-22,24,40,0.6000466241314485
2023-09-16,21,18,0.4431393183597745
2023-05-23,3,116,0.3845484252760396
2023-07-27,15,128,0.4613049373432564
2023-03-29,2,3,0.323586261279019
2023-04-04,19,66,0.48250855860478903
2023-06-03,3,128,0.9879454544267322
2023-09-01,13,12,0.4428800297832032
2023-04-06,18,170,0.6085881423904843
2023-01-07,23,197,0.7405305022181472
2023-08-03,19,1,0.9977630591827277
2023-09-02,13,114,0.6790430216570306
2023-06-18,17,173,0.5387360245328022
2023-04-19,9,110,0.7961424701322898
2023-08-27,25,52,0.13848071373527526
2023-06-11,2,162,0.3569405486395236
2023-11-17,5,90,0.34388677347490826
2023-09-21,22,175,0.524363212333139
2023-01-28,3,121,0.8759730346433453
2023-09-17,8,117,0.2739085877270333
2023-06-23,3,6,0.12614139120105639
2023-06-23,12,4,0.5644493143301776
2023-01-16,16,19,0.2974612852973759
2023-03-18,10,41,0.014186985191943946
2023-12-12,19,188,0.39569242466597254
2023-09-02,4,162,0.5762548351989581
2023-03-25,13,98,0.33193662587773365
2023-04-17,19,99,0.20258324168859387
2023-11-02,10,117,0.6833350505803988
2023-04-22,15,118,0.34469882492133697
2023-06-09,22,63,0.5408212808156254
2023-12-10,22,33,0.3015780943756048
2023-05-19,1,38,0.43899931174431206
2023-12-08,19,192,0.57931843235576
2023-11-05,4,151,0.8931092564020472
2023-12-28,10,157,0.052390407706385145
2023-01-01,1,69,0.3294506676810356
2023-03-23,10,63,0.32910667769100466
2023-11-12,18,131,0.1805870897131706
2023-12-28,1,28,0.2799566180166947
2023-09-29,1,130,0.3815399835258516
2023-06-04,18,51,0.2551615459093167
2023-07-25,16,133,0.871204101148633
2023-03-22,5,50,0.4110236969015988
2023-09-01,6,155,0.0210575769362209
2023-06-28,1,143,0.22541688856556952
2023-07-28,10,100,0.7302979539027438
2023-09-12,24,43,0.1285596877535906
2023-06-17,24,84,0.8342674028233393
2023-05-28,6,88,0.7562739122601269
2023-10-31,6,9,0.6803389395601157
2023-03-13,13,167,0.2042621154870895
2023-01-07,5,111,0.010120961368266679
2023-12-22,22,105,0.9802656620149962
2023-05-03,24,161,0.43420613195537994
2023-02-03,10,42,0.11281486773723137
2023-07-24,25,49,0.16904061922418945
2023-01-02,14,185,0.8762163209249602
2023-01-19,1,107,0.45250192623440866
2023-04-29,12,104,0.30906562066676935
2023-10-26,1,43,0.41618819699977594
2023-11-20,11,51,0.14991179620792539
2023-01-16,2,146,0.3821702317355561
2023-02-22,13,103,0.08210811897423453
2023-07-05,10,138,0.9923759189446969
2023-04-15,9,185,0.844507957247243
2023-06-17,3,185,0.7581458603278656
2023-02-20,1,109,0.5612562254167532
2023-04-26,9,177,0.9780520047934181
2023-08-01,19,44,0.6694450115454118
2023-01-10,13,96,0.3535403798894542
2023-11-02,23,193,0.7805398273223698
2023-09-09,17,107,0.9008999332214086
2023-09-02,8,153,0.4418020382062199
2023-11-28,4,149,0.885177701746057
2023-08-18,17,85,0.24005614033398415
2023-04-13,11,97,0.3591217317130885
2023-04-27,16,4,0.407933499246784
2023-12-29,3,91,0.06569491983709042
2023-10-27,17,64,0.5323975640995418
2023-06-03,4,56,0.5982977164428981
2023-09-02,13,48,0.29864542507785674
2023-02-03,16,15,0.2955682154720073
2023-01-01,12,19,0.8924185563723628
2023-11-28,15,67,0.09886018951649322
2023-01-13,19,120,0.4080339735055496
2023-12-06,1,63,0.7043475670728555
2023-03-21,3,184,0.5481895002947534
2023-04-29,15,124,0.3571847361348386
2023-04-09,13,143,0.3963193427709165
2023-05-31,22,110,0.7664589963671585
2023-03-03,15,24,0.6385847020321027
2023-01-09,15,119,0.7793058612068647
2023-10-07,10,135,0.46038565072999305
2023-08-21,25,26,0.13251614005357482
2023-10-16,17,190,0.17747594067176353
2023-12-27,14,43,0.5775404248761017
2023-10-17,12,145,0.6997646063672984
2023-06-22,19,83,0.5404677797121624
2023-04-17,11,144,0.37122763050944296
2023-02-05,22,108,0.6697998261437864
2023-02-01,13,80,0.02813526397766153
2023-09-07,4,12,0.07381500470085178
2023-07-10,5,119,0.6009271014282602
2023-05-14,1,116,0.1092878268327172
2023-12-02,6,68,0.6410539898300041
2023-08-07,5,6,0.6003617139021585
2023-05-02,12,173,0.5247614784618113
2023-12-30,24,31,0.37915104207299666
2023-09-08,12,195,0.9595231188894485
2023-02-21,18,35,0.7268909176501158
2023-06-21,9,61,0.7398636174709013
2023-03-01,21,152,0.34404263518047284
2023-12-29,6,156,0.5793909519568965
2023-09-12,21,10,0.49664540084369524
2023-10-20,24,194,0.4748424176285768
2023-12-30,5,192,0.15116121377844294
2023-09-21,4,143,0.05118302468255631
2023-02-20,12,117,0.5084340307492825
2023-09-23,12,148,0.21665513422913485
2023-02-18,8,154,0.05470505406698023
2023-06-14,3,65,0.6180552397440474
2023-01-26,16,91,0.8595101420821409
2023-08-30,25,143,0.36099255094249827
2023-06-27,8,16,0.635490702339598
2023-06-16,21,165,0.6048573925136577
2023-12-05,23,169,0.37420503011926387
2023-11-14,25,29,0.5499763960924121
2023-03-28,8,128,0.42165194257190486
2023-02-01,16,141,0.13606197669250752
2023-06-04,9,5,0.46058364156983744
2023-06-17,21,102,0.705981407554778
2023-08-21,25,61,0.6304377185589684
2023-05-26,7,91,0.3622475695913713
2023-05-31,17,39,0.9421774729612202
2023-10-06,4,147,0.16569034179932618
2023-10-20,17,68,0.7607256347736078
2023-05-16,14,49,0.7237085311225949
2023-03-26,18,118,0.1603464261312143
2023-06-01,3,110,0.20528225986958692
2023-03-24,4,159,0.31813383349333724
2023-04-05,21,110,0.7892308015087484
2023-05-27,5,66,0.9314234498137877
2023-01-17,8,107,0.3871082250976523
2023-07-16,12,108,0.5420519663230823
2023-09-20,9,95,0.6691429926925884
2023-07-10,10,74,0.8077123122778052
2023-12-03,7,143,0.9991198289816385
2023-09-17,7,75,0.8818054523762646
2023-04-05,13,37,0.23355065450322543
2023-05-23,6,162,0.38593797409592545
2023-04-10,23,8,0.975782368923895
2023-06-27,4,115,0.49311563444799567
2023-12-06,24,47,0.5044560562225583
2023-02-28,22,49,0.2355541962778227
2023-11-08,18,88,0.36861673965632
2023-08-01,6,165,0.8902091486142049
2023-05-20,14,52,0.36770742765018194
2023-04-03,16,61,0.12268286871900991
2023-01-30,13,90,0.2893786410934647
2023-12-19,5,143,0.055168128989543375
2023-07-14,16,104,0.03558296138109596
2023-11-08,9,37,0.30465618175724696
2023-11-17,23,62,0.9183221476167472
2023-06-17,15,131,0.59408045530506
2023-04-10,22,102,0.007981700482638687
2023-05-12,2,87,0.35598083341013
2023-12-31,2,7,0.6485659527063331
2023-10-14,11,22,0.4587834534630282
2023-05-22,4,80,0.3004875863005294
2023-08-23,4,172,0.46400389993757496
2023-04-20,13,8,0.6528920002930405
2023-10-19,14,21,0.007627321248274366
2023-12-21,17,41,0.6455195697400674
2023-09-13,11,89,0.5184201219642756
2023-12-24,3,178,0.11781715026122819
2023-09-11,18,57,0.4325578187600959
2023-07-02,3,101,0.8014015830930238
2023-01-24,11,160,0.24002370117364225
2023-05-08,21,176,0.17039813103713985
2023-03-22,1,112,0.3486724735643585
2023-06-05,16,11,0.2020268354385426
2023-12-10,1,21,0.22902255763454105
2023-06-09,15,78,0.6621491707518053
2023-08-18,22,171,0.6685925840579404
2023-08-07,10,2,0.057889435442264436
2023-11-13,23,79,0.8125806706310703
2023-08-16,24,66,0.1795735636632242
2023-11-11,2,192,0.9608100061198779
2023-12-25,4,59,0.1449097444318388
2023-12-14,7,120,0.7121896358811836
2023-11-30,24,120,0.48387676674862057
2023-08-13,20,88,0.45156249527700465
2023-08-03,12,132,0.637660377833986
2023-09-17,17,97,0.38862895885219995
2023-01-18,20,145,0.9598078080158338
2023-06-10,20,9,0.5362308215325688
2023-12-17,12,139,0.058456418687773515
2023-04-21,6,40,0.03664553292708195
2023-02-10,9,70,0.28884372760251453
2023-07-11,16,97,0.22912536223960045
2023-11-05,25,192,0.5095800911729489
2023-01-08,8,92,0.9794642578380718
2023-10-09,25,99,0.009855625906126764
2023-09-06,18,83,0.4205779028523493
2023-09-19,16,164,0.6069534228027871
2023-01-04,24,156,0.345758525423257
2023-08-08,19,52,0.290463424551481
2023-04-01,2,107,0.9174186533356732
2023-09-25,18,107,0.028250168261715003
2023-09-09,3,192,0.286749320906047
2023-03-26,24,85,0.2490080532456661
2023-06-12,10,76,0.1726061622713384
2023-09-29,22,44,0.5925580339269159
2023-08-08,23,172,0.7658887920388274
2023-10-01,18,96,0.5483162456798226
2023-05-04,9,143,0.3891926625520582
2023-06-12,22,123,0.5390314756785168
2023-06-08,1,130,0.564270681930067
2023-02-05,7,171,0.5565524952484872
2023-11-27,13,135,0.6266218461562176
2023-07-10,18,88,0.05882405219668274
2023-03-19,4,44,0.2446724291688014
2023-11-12,17,45,0.9634674823442779
2023-04-23,14,104,0.9382813693103532
2023-04-04,23,99,0.6977910183790026
2023-04-08,1,62,0.3200642868935598
2023-12-18,13,92,0.45027395344918686
2023-10-03,6,116,0.3446868261486775
2023-12-23,6,196,0.8663481722301993
2023-06-06,5,148,0.22341851938186363
2023-11-04,7,19,0.0563506119701056
2023-03-11,19,41,0.42509332279079415
2023-01-27,8,187,0.28296124890831076
2023-05-11,14,130,0.27391464991101955
2023-03-15,19,176,0.5916195277537616
2023-07-24,9,107,0.18501288245860958
2023-08-04,16,26,0.43309112566941066
2023-11-18,12,196,0.5871072906437158
2023-01-05,24,164,0.6310989666951666
2023-03-19,7,193,0.7426661471593176
2023-07-11,6,176,0.3559875604396181
2023-06-23,19,174,0.5551245699961913
2023-01-11,23,12,0.9596059148908034
2023-09-20,14,146,0.9475671078773279
2023-06-15,13,199,0.11857569661492373
2023-03-09,6,73,0.29461064539587434
2023-05-10,15,35,0.7267072912685377
2023-01-06,5,141,0.10326617431681528
2023-09-29,4,104,0.25939681950612137
2023-06-27,7,104,0.6681551858461915
2023-06-30,19,142,0.2950464564986185
2023-02-05,23,107,0.5327289416467919
2023-04-05,11,115,0.5367103877852916
2023-12-01,12,109,0.7448756205464581
2023-05-19,13,100,0.06215841904206032
2023-04-06,14,182,0.5326935097863728
2023-04-26,11,143,0.5782862189960248
2023-09-12,17,31,0.2452253236911005
2023-12-17,2,200,0.8228682773232482
2023-08-21,13,103,0.04810982351307824
2023-01-24,23,186,0.10218131284225085
2023-02-18,15,46,0.8134319070354405
2023-07-26,22,46,0.21109527854297527
2023-08-13,22,54,0.8504110932952037
2023-03-16,2,17,0.8603284068192325
2023-01-05,25,29,0.12316843940650968
2023-11-05,13,142,0.2809375003602581
2023-11-06,24,2,0.7963661018128599
2023-05-09,21,47,0.5266764443869977
2023-11-27,5,33,0.7817818641065991
2023-03-17,5,133,0.010649270127633947
2023-01-29,2,83,0.6014693047974188
2023-04-24,19,146,0.9074089960633565
2023-10-08,15,35,0.21263146837667257
2023-11-26,12,72,0.36214109684805873
2023-11-18,8,116,0.05477333447333477
2023-03-17,1,108,0.11706216661483304
2023-01-01,10,116,0.058370580327677724
2023-07-12,22,64,0.40349813197242135
2023-01-02,22,103,0.26099993015264
2023-12-12,5,170,0.9148867471256018
2023-11-16,14,22,0.2075336529489703
2023-03-23,18,52,0.33961939479028047
2023-12-03,18,146,0.4201858909383195
2023-03-20,17,134,0.07342454924158492
2023-03-18,7,165,0.08843956173159029
2023-04-07,4,75,0.3129112773762037
2023-05-17,18,144,0.988691299950018
2023-01-25,14,112,0.22970148883033625
2023-08-26,6,182,0.17556291433566473
2023-01-10,23,28,0.5980053872338923
2023-10-17,16,195,0.7697181696484752
2023-03-07,17,102,0.6267496021218789
2023-08-28,25,64,0.48010777806531524
2023-03-05,25,91,0.6954789649429146
2023-02-21,15,5,0.5987180528765
2023-03-25,9,165,0.5238447236157903
2023-01-29,24,90,0.11770619859985909
2023-08-03,20,19,0.8032081210094628
2023-04-06,14,129,0.32868232167162736
2023-02-23,8,30,0.2456108562670225
2023-02-25,13,100,0.18312987867450436
2023-08-07,22,140,0.9715447176060704
2023-07-08,17,195,0.35588963228840376
2023-08-20,23,124,0.6869739123498209
2023-05-16,3,168,0.2920030376328162
2023-07-17,24,26,0.24410640344188894
2023-09-15,20,128,0.6008202646300131
2023-07-14,4,33,0.1558922880645316
2023-04-12,13,197,0.7744258079842113
2023-08-21,13,190,0.7090366672310073
2023-05-16,19,183,0.1835003314450595
2023-12-10,7,75,0.3230808870107028
2023-03-15,10,178,0.9728668101577521
2023-01-13,21,133,0.571447523274024
2023-03-24,5,39,0.8150350441221647
2023-04-22,25,78,0.1673373208973945
2023-06-26,12,160,0.7170530761752303
2023-12-07,17,129,0.22679468901166167
2023-11-29,7,21,0.19121629242781701
2023-09-14,2,168,0.36817249758532355
2023-02-17,10,48,0.07071049981099065
2023-03-03,13,175,0.14639388613739568
2023-01-13,8,4,0.8464815950434211
2023-09-17,19,110,0.9098882847343478
2023-06-25,23,167,0.9985724371447372
2023-04-08,17,66,0.24596885702431415
2023-09-14,5,48,0.5465825468920389
2023-06-22,23,150,0.3653935404866818
2023-01-26,8,186,0.021169874863888216
2023-01-30,11,67,0.07216964787042024
2023-08-11,10,76,0.7141767215624694
2023-12-06,14,109,0.6902207490127173
2023-10-21,16,154,0.9719658083427035
2023-03-25,22,14,0.04999553121363565
2023-03-08,10,186,0.8718363024139425
2023-01-04,14,137,0.619509815798385
2023-08-03,19,140,0.45867523826867573
2023-12-09,23,133,0.3709640549283496
2023-04-02,10,181,0.12322716603024653
2023-09-13,24,32,0.17531506220011062
2023-12-14,10,171,0.5947316398641468
2023-11-05,21,185,0.37241398571026874
2023-05-05,22,197,0.7912811394730442
2023-10-30,13,1,0.1373690386700711
2023-12-09,19,102,0.0334764890364625
2023-08-07,18,140,0.43113141393721466
2023-12-17,23,49,0.18314698636655602
2023-02-12,18,3,0.26931799573299
2023-09-08,19,163,0.41451168107130476
2023-07-30,14,164,0.0734071134019022
2023-04-10,5,178,0.6562000251839775
2023-02-10,6,80,0.12890124675780135
2023-11-26,7,27,0.1408091402925037
2023-10-30,9,28,0.7889589722350837
2023-08-31,19,147,0.0012284817106250623
2023-07-28,24,163,0.5769879173912236
2023-04-13,7,57,0.8005217889734795
2023-07-20,24,15,0.17719869915351072
2023-08-14,17,115,0.9830532784758156
2023-07-30,8,151,0.8615332816310712
2023-02-22,19,134,0.6574885931130954
2023-07-22,19,104,0.45970683647489885
2023-03-06,16,56,0.560794847888314
2023-10-28,18,57,0.15884454319274033
2023-05-02,19,101,0.901745297044084
2023-06-15,5,175,0.6248340565802168
2023-10-10,23,72,0.5052394148927574
2023-09-24,18,49,0.10779274736480615
2023-08-20,5,130,0.44606771326331374
2023-02-11,25,79,0.19790118471382223
2023-03-06,18,56,0.6294202539982605
2023-03-27,17,110,0.9462396657105355
2023-01-22,12,16,0.5633200521356316
2023-05-30,4,139,0.39505113400209735
2023-09-08,4,169,0.7851993343769503
2023-12-07,1,113,0.9837490332015986
2023-05-08,6,1,0.3265700055675361
2023-01-06,22,192,0.7140489600863349
2023-10-29,17,67,0.023544280342368884
2023-01-28,8,120,0.9625022867993281
2023-08-07,22,152,0.2557387050857002
2023-09-14,22,111,0.04032302627365014
2023-05-14,16,104,0.9249276848011316
2023-01-02,21,129,0.9744696989986552
2023-06-17,21,39,0.3188355968600136
2023-04-01,10,174,0.04709420294504274
2023-02-24,15,147,0.86262196398734
2023-03-31,9,8,0.9823071021601708
2023-01-10,17,126,0.271733220015969
2023-11-18,4,17,0.8776713945261867
2023-12-30,20,100,0.10297850275832376
2023-04-12,1,29,0.08318675189531721
2023-07-05,5,150,0.23515017536140947
2023-06-22,14,67,0.6552687260063522
2023-04-02,7,9,0.5430001528708066
2023-10-29,24,66,0.16641548389196348
2023-07-05,17,161,0.9440044680262747
2023-08-10,14,196,0.950572636159393
2023-12-25,22,161,0.6275191844899051
2023-10-02,6,189,0.6220594066180424
2023-07-26,12,99,0.07485262912334889
2023-11-24,12,182,0.3229118425463644
2023-03-20,23,100,0.7887344544980289
2023-12-19,8,41,0.6929106417078331
2023-03-14,8,42,0.4789083994404859
2023-05-08,8,93,0.7951216607356618
2023-05-04,15,169,0.6131393767196124
2023-04-03,6,174,0.6505808716737316
2023-02-26,17,108,0.8983042240877956
2023-03-03,22,197,0.130517507196938
2023-06-22,23,35,0.3644108153324773
2023-10-05,21,164,0.2809137781755774
2023-11-05,6,52,0.5105001530963564
2023-06-10,6,104,0.5698569392298133
2023-09-13,2,60,0.2551770067502598
2023-07-29,7,178,0.8070833718247657
2023-05-30,10,33,0.28424472898966924
2023-03-11,23,119,0.1744278551828673
2023-03-25,25,152,0.7927374478128004
2023-08-06,20,90,0.4549116631160439
2023-11-20,11,199,0.12463547334023706
2023-01-25,4,8,0.9279662526386158
2023-09-07,25,100,0.905109450265281
2023-07-26,11,106,0.4697251673091005
2023-09-01,16,43,0.23722562902167443
2023-11-17,15,19,0.7308508610453611
2023-12-23,18,122,0.2860135526991876
2023-04-10,19,43,0.9865583401925767
2023-09-03,3,113,0.840154166050653
2023-06-16,21,111,0.43343620450014864
2023-07-12,7,165,0.20570718623989614
2023-04-16,14,11,0.9540641460804149
2023-06-06,7,129,0.9258654096754738
2023-05-23,24,140,0.40014824068806876
2023-04-07,2,55,0.9426545733226361
2023-04-08,9,75,0.1302201902721778
2023-01-12,13,43,0.3480351555670824
2023-09-13,4,96,0.9738655810439865
2023-07-19,24,29,0.22015337579843675
2023-10-06,2,58,0.8110016584600287
2023-11-27,13,123,0.05362879442380275
2023-09-05,25,138,0.6908983147148753
2023-06-10,17,109,0.42220598467434167
2023-03-26,16,49,0.48010661218085293
2023-04-30,1,77,0.12422775869990799
2023-12-23,15,182,0.18895895530447926
2023-03-10,4,123,0.42149673715425906
2023-05-08,6,179,0.12342070088477874
2023-01-09,14,93,0.30299217737023587
2023-01-16,16,150,0.5721165540912957
2023-05-08,15,121,0.1672776737968127
2023-07-13,9,196,0.9590236738040792
2023-01-18,4,49,0.2263129442214239
2023-11-23,11,70,0.2937068741183103
2023-07-23,2,170,0.08304708100465652
2023-01-11,17,72,0.573999360493383
2023-09-19,6,97,0.8385013270670598
2023-12-20,9,125,0.4700886259228323
2023-01-15,13,142,0.5252318523814543
2023-05-10,11,45,0.16856034346652216
2023-12-05,13,113,0.1570710655752493
2023-05-22,24,53,0.8211554828358023
2023-02-26,4,42,0.8045707928326715
2023-12-11,24,106,0.9731481051103504
2023-10-14,16,183,0.8563498963470905
2023-08-23,12,176,0.6043707577813466
2023-09-28,16,33,0.02487661846437672
2023-02-04,7,169,0.25756670691611694
2023-07-19,25,122,0.06253230635392282
2023-09-08,10,189,0.8552851651516615
2023-11-24,12,54,0.13936243316626762
2023-09-24,19,191,0.1512310083444638
2023-05-29,19,146,0.02634871621997603
2023-08-01,18,104,0.48956959421466284
2023-02-18,25,96,0.0015125296742038996
2023-11-04,11,16,0.10863500892751199
2023-04-03,3,66,0.7643567976211785
2023-05-17,15,112,0.659556270987816
2023-05-09,13,58,0.546932634000044
2023-12-06,12,95,0.06971701578789591
2023-10-24,2,180,0.9374997831712062
2023-05-31,14,109,0.18014203844982968
2023-01-24,4,95,0.024264028811682437
2023-01-18,12,138,0.6184931804645616
2023-07-08,24,91,0.3774432716877152
2023-11-09,17,142,0.4713846861746279
2023-04-24,14,88,0.5062868706329072
2023-06-18,18,185,0.08503802827854456
2023-12-10,25,101,0.0005865994077698389
2023-02-16,13,123,0.49094809368657866
2023-08-11,21,140,0.37479091027663247
2023-05-13,11,93,0.7048441608880328
2023-02-25,2,89,0.45249659518327323
2023-12-25,12,177,0.6600249547535018
2023-06-09,23,103,0.32653242015152206
2023-04-28,3,160,0.5612038378101286
2023-04-18,17,10,0.3804595759861562
2023-05-29,6,136,0.9798322149589292
2023-05-31,16,131,0.9953101176636515
2023-05-04,4,61,0.12502429993835396
2023-02-02,23,52,0.08232041825889258
2023-11-29,13,138,0.8683663228511092
2023-01-31,10,71,0.563523753291943
2023-01-17,6,110,0.5448439934550563
2023-12-10,5,159,0.4460888508432642
2023-04-12,4,172,0.15379896397782766
2023-11-20,8,104,0.2871140736242376
2023-02-21,22,43,0.8328258705172452
2023-03-16,6,24,0.5031449875294003
2023-04-12,13,10,0.06181821913391761
2023-04-03,21,2,0.3875179311109047
2023-10-13,16,28,0.48830191902725406
2023-12-23,17,96,0.10012912322427181
2023-03-16,12,84,0.25149666826904815
2023-08-22,24,14,0.021619425178312168
2023-10-01,23,15,0.7510119361112457
2023-08-15,11,7,0.7603743508578693
2023-01-03,5,82,0.11247171100779574
2023-12-09,10,48,0.4959153174543698
2023-07-04,18,96,0.255761768197332
2023-08-10,8,69,0.35642891820702316
2023-12-09,9,37,0.6234107415426478
2023-02-02,21,59,0.8351639134469799
2023-02-10,10,62,0.75205366917854
2023-10-17,22,80,0.5106887324962719
2023-04-08,17,36,0.2441986740469182
2023-09-08,16,97,0.16914266190716343
2023-01-04,18,125,0.9091098478721606
2023-08-24,6,98,0.8462895696656246
2023-09-14,15,45,0.3997497534437141
2023-10-11,8,86,0.7030655171078204
2023-12-16,4,44,0.8310129460003396
2023-08-17,7,63,0.826240512752365
2023-04-20,8,153,0.4749339260565466
2023-02-20,19,32,0.9896169033174593
2023-01-19,20,176,0.5859671192531429
2023-09-18,18,109,0.3910790593788426
2023-01-03,13,25,0.4971393581277247
2023-03-30,21,32,0.2492521698808583
2023-08-05,10,122,0.05569299025043628
2023-06-01,6,161,0.2019569299498124
2023-12-20,25,135,0.5581567996660292
2023-01-22,13,183,0.08988799273275339
2023-09-16,24,126,0.3500630496297872
2023-12-19,8,8,0.14513999163377356
2023-09-22,24,135,0.9851323666884891
2023-06-20,12,85,0.9653469669407777
2023-11-10,19,141,0.6891287647770624
2023-10-16,13,82,0.47790017939482177
2023-03-18,12,180,0.22213165380231603
2023-12-29,5,62,0.8725428206082192
2023-10-11,11,99,0.9305109021069167
2023-11-26,9,125,0.3627248506167341
2023-12-01,5,109,0.8799426834286124
2023-06-19,6,164,0.9794719312307456
2023-06-25,3,155,0.375479114725946
2023-09-13,8,101,0.5228097849927286
2023-09-28,3,176,0.8385911190568257
2023-12-29,20,184,0.6209347095335178
2023-02-18,24,125,0.32535086465878305
2023-05-09,18,180,0.09553991495814773
2023-07-12,7,97,0.38149435361964223
2023-04-21,19,135,0.321614418847596
2023-04-09,4,113,0.8650688931428052
2023-09-24,3,107,0.9179788119869766
2023-07-12,16,146,0.9906274128128266
2023-12-13,5,160,0.643758708311599
2023-10-28,24,20,0.4453545646698108
2023-08-19,9,123,0.9558274699785724
2023-11-02,11,107,0.8160056947547251
2023-03-09,12,140,0.6120015185575243
2023-12-04,1,55,0.8590448091214206
2023-05-09,13,82,0.037348777405349476
2023-08-05,20,166,0.9753304837415171
2023-04-19,19,9,0.7018285969250143
2023-12-31,21,185,0.5174860872799931
2023-06-06,10,59,0.17659605412461643
2023-07-08,15,41,0.5457228045351913
2023-07-21,14,116,0.592615996063697
2023-03-25,21,79,0.49545466079638345
2023-10-03,23,164,0.6049050663697537
2023-12-10,9,67,0.8152899901633818
2023-12-29,24,148,0.2868211344116226
2023-09-05,22,38,0.2132056569518832
2023-09-15,25,101,0.961514517184515
2023-05-28,10,119,0.6424876766888382
2023-09-30,19,152,0.9627383279329733
2023-05-29,19,109,0.34014307683655176
2023-09-10,7,154,0.30311223415370137
2023-08-02,12,88,0.4270140362585021
2023-02-17,17,140,0.35449723462435623
2023-07-20,19,171,0.18002925444319007
2023-03-13,4,159,0.9635981586604406
2023-01-15,5,92,0.03362780434079171
2023-04-22,23,21,0.5280827485938211
2023-10-31,20,111,0.3457206475956983
2023-05-18,21,122,0.7065871166893031
2023-08-11,15,81,0.19138443102762692
2023-01-07,25,46,0.8358829634753152
2023-10-06,23,84,0.10724983956338674
2023-05-29,5,126,0.6461617272246949
2023-04-11,18,17,0.7355990394444927
2023-05-22,25,99,0.15260290969033952
2023-01-28,11,159,0.859702018623803
2023-10-09,15,22,0.9624007154140952
2023-09-16,25,29,0.7251124338959292
2023-02-04,11,200,0.5939950302051408
2023-08-29,4,6,0.6041850372140533
2023-07-01,6,39,0.7520633733656514
2023-09-06,6,118,0.8429676229811496
2023-02-04,4,102,0.31779209440047573
2023-04-03,11,54,0.6398166566661134
2023-10-04,2,39,0.5741423691046773
2023-03-10,20,39,0.2579292675686108
2023-10-10,18,51,0.30778092788449485
2023-10-27,23,193,0.3795018065486917
2023-04-07,5,166,0.3027370843620847
2023-08-23,3,183,0.23929946615007958
2023-05-16,24,93,0.25594961058568333
2023-05-17,12,185,0.801896069501688
2023-01-30,4,196,0.9802685407677945
2023-02-22,22,67,0.5337277038278562
2023-06-16,9,30,0.07652421973913837
2023-10-12,5,156,0.2363709088788858
2023-05-08,13,38,0.9710561729197759
2023-10-17,3,54,0.5182950167462377
2023-10-06,15,86,0.9073087005343236
2023-11-22,24,42,0.7896004334930824
2023-11-25,25,186,0.1893148304660165
2023-08-24,21,115,0.6569217269178966
2023-02-05,9,166,0.6404350092862501
2023-12-21,22,183,0.06396408592503589
2023-12-09,10,113,0.18055417995159484
2023-06-18,17,159,0.14567404849386423
2023-02-04,11,20,0.296874112464138
2023-07-05,5,107,0.7807736633679314
2023-12-08,20,119,0.38007523493579887
2023-12-02,23,63,0.6739362383175864
2023-11-26,14,144,0.7526271840480061
2023-02-04,22,131,0.8790135158362041
2023-07-30,21,113,0.33704372925363624
2023-04-08,21,153,0.3593581514549673
2023-07-13,3,198,0.7923041374303723
2023-10-11,25,23,0.43988211683316214
2023-05-14,14,179,0.4942344026655775
2023-04-24,1,81,0.7280278486033362
2023-03-10,2,136,0.6695936043719968
2023-10-29,25,52,0.5657545232963381
2023-08-16,1,43,0.49559121675435513
2023-05-26,1,198,0.2075270590477689
2023-10-18,24,73,0.47753062415819625
2023-11-10,20,68,0.8253286805609954
2023-02-11,2,58,0.6994606252437443
2023-09-28,2,121,0.7596290203038208
2023-10-11,5,167,0.7319806831793436
2023-10-25,20,25,0.46447530407433135
2023-07-30,13,28,0.13200966739890296
2023-07-21,21,132,0.11757020053256906
2023-09-18,7,137,0.6288801593648244
2023-07-29,5,115,0.7541493080152079
2023-06-21,8,81,0.2837458939671843
2023-08-06,5,119,0.14315185539760755
2023-05-12,21,27,0.006832948327616717
2023-07-15,21,120,0.6155191360021712
2023-12-18,17,104,0.8743050598959722
2023-06-21,19,68,0.2633196273856163
2023-12-08,4,73,0.7335649895783625
2023-08-23,8,118,0.04742421323620338
2023-10-05,18,106,0.8484382235444132
2023-12-12,22,168,0.8184493364223955
2023-11-30,23,168,0.44232195645800065
2023-02-14,16,121,0.9468223854209968
2023-04-28,22,103,0.40999912122525484
2023-01-22,16,105,0.28282860521766884
2023-11-21,8,176,0.45733329535834644
2023-04-27,24,158,0.0686141748813126
2023-09-17,12,61,0.08684291546623257
2023-10-30,17,61,0.03439623825637261
2023-06-11,3,25,0.20636530415470555
2023-11-19,19,82,0.2333360324013407
2023-07-14,23,196,0.7559559742421541
2023-05-05,7,152,0.2399802699556597
2023-01-06,1,157,0.910490992987708
2023-02-19,19,120,0.7862875995646288
2023-04-27,20,138,0.6882291643387537
2023-11-20,24,88,0.5854609764743609
2023-06-17,10,153,0.9371687201651403
2023-12-06,18,198,0.7914665729226105
2023-07-30,7,19,0.33280621727181026
2023-04-19,14,37,0.3522428820210495
2023-03-07,24,133,0.8719415570878564
2023-06-13,18,83,0.6919497904119474
2023-12-14,22,51,0.2770345098238437
2023-10-02,10,16,0.7678142328237375
2023-06-26,4,89,0.6926530655416095
2023-10-31,18,182,0.6860846033014332
2023-10-24,25,95,0.30133538549743877
2023-09-01,3,79,0.8389271670741374
2023-04-29,3,59,0.5428657285921088
2023-12-04,24,167,0.7335917033953331
2023-05-03,7,148,0.24440964128563603
2023-06-06,14,200,0.1354581417560563
2023-11-22,11,107,0.7339886701543623
2023-12-26,9,125,0.7087047592327814
2023-11-24,6,176,0.9636696995947747
2023-08-31,16,41,0.12725071230594331
2023-07-26,15,57,0.19014494740995513
2023-06-30,21,33,0.15772247839123155
2023-11-13,23,113,0.7075864719577617
2023-10-20,4,190,0.1537395376600854
2023-06-15,15,162,0.0937449427663144
2023-11-03,7,5,0.15943130241400327
2023-07-27,12,160,0.9053930064745743
2023-08-15,25,118,0.8677401274009565
2023-11-02,25,84,0.9170036668843763
2023-02-04,23,35,0.47094069272755257
2023-05-04,1,37,0.4188732100546574
2023-07-25,19,75,0.009009468885518679
2023-07-07,18,163,0.6141448929463151
2023-04-12,15,96,0.5036800971862304
2023-05-09,25,79,0.5512015978721245
2023-09-25,25,32,0.47880764262954956
2023-03-05,15,51,0.7107723884677989
2023-06-17,1,161,0.10933143507695287
2023-01-16,6,107,0.6451348413483093
2023-12-01,3,125,0.6327351501311139
2023-11-03,6,114,0.4382935249642954
2023-08-27,14,176,0.7456978108792964
2023-08-31,20,52,0.20636518656837577
2023-08-20,11,74,0.09983289906676374
2023-05-20,8,159,0.12537044706495104
2023-11-05,23,94,0.10873856274946414
2023-08-28,16,73,0.028369841030094656
2023-12-08,13,51,0.2670402715705048
2023-12-27,10,97,0.33331731871075043
2023-12-18,16,41,0.342704714931945
2023-07-06,14,86,0.524725646944986
2023-12-01,8,47,0.4439852687014014
2023-05-08,15,55,0.8747358909951116
2023-01-26,14,35,0.15370863378101107
2023-11-04,3,169,0.532333817009457
2023-05-01,9,191,0.07247283130717064
2023-12-17,7,2,0.5704072121476789
2023-01-01,4,190,0.37292370987124024
2023-02-16,7,41,0.6632094098340277
2023-11-23,11,133,0.2989981958957656
2023-07-23,23,15,0.0844038191924047
2023-04-07,25,126,0.31956196685309
2023-01-07,9,199,0.6373648747493191
2023-05-21,19,29,0.36868900921778835
2023-05-18,21,152,0.8767535767924851
2023-09-18,10,114,0.9267480906683547
2023-04-05,11,88,0.9890401334566512
2023-08-31,19,28,0.423273910381716
2023-02-04,19,17,0.6441145595583776
2023-12-01,13,184,0.265825798974095
2023-09-20,4,67,0.9196812537346317
2023-10-15,3,188,0.9107458446001252
2023-08-08,1,49,0.11079091273562647
2023-08-18,24,95,0.956366266242732
2023-12-27,16,137,0.40220725177050143
2023-12-30,10,19,0.34765610899479116
2023-01-19,6,121,0.04533460746086271
2023-09-04,14,160,0.5148136453407061
2023-06-25,22,162,0.13878222952404906
2023-11-18,23,158,0.2902071691560283
2023-12-06,17,47,0.22015942871113914
2023-10-20,20,109,0.7212263974063119
2023-02-20,16,78,0.25208224063602036
2023-12-20,15,177,0.5658542684385464
2023-03-28,8,92,0.8047061370531355
2023-11-17,4,103,0.31293926774673364
2023-11-04,22,170,0.952077512462519
2023-09-20,23,61,0.1469489649213893
2023-03-30,15,35,0.30858796520158827
2023-01-31,13,84,0.044512782753524105
2023-03-04,15,197,0.49939283448800587
2023-05-29,2,196,0.7823259915549129
2023-10-09,4,170,0.4665049307657313
2023-08-03,17,90,0.5249818204931552
2023-04-04,23,131,0.41882246317078453
2023-01-15,24,143,0.2681742959515485
2023-04-07,24,147,0.1176916033187193
2023-02-09,23,199,0.8822196791346466
2023-10-24,8,11,0.44804791325176097
2023-07-08,8,138,0.7070416040760611
2023-12-15,23,155,0.8272713317881026
2023-12-30,10,127,0.7371343860676475
2023-07-20,22,84,0.6232068972759548
2023-08-04,25,19,0.7048112603988609
2023-04-14,6,27,0.36315917653960994
2023-07-07,14,198,0.12195854099038894
2023-01-21,22,5,0.7363950315637936
2023-12-31,22,112,0.8728897730254687
2023-01-16,12,174,0.9899495182755425
2023-06-22,22,32,0.4243765812878183
2023-04-09,2,57,0.21744250270619248
2023-11-02,15,56,0.8085095680475002
2023-06-23,7,187,0.013137929381791258
2023-04-03,23,124,0.40709302745471543
2023-12-15,14,63,0.04929986822124732
2023-08-03,21,103,0.05069531487906709
2023-05-15,8,55,0.18766907676801414
2023-03-16,10,130,0.33784046673141643
2023-07-26,23,77,0.26108818328912065
2023-05-05,10,11,0.7553792642218737
2023-12-26,15,138,0.4124369877877987
2023-06-16,25,188,0.7322999927652789
2023-11-09,3,195,0.8780965442873528
2023-06-14,19,97,0.980420575968727
2023-03-19,23,31,0.6150512375925601
2023-09-01,9,56,0.7228481202623158
2023-12-28,1,102,0.5985731464623124
2023-10-27,18,138,0.9018580940689053
2023-06-07,23,144,0.10085923089631765
2023-08-31,16,29,0.9323194330785818
2023-03-24,9,93,0.9402929792166015
2023-09-03,21,98,0.4186061503314539
2023-02-16,17,42,0.27790844327384157
2023-12-26,9,123,0.28414238360713917
2023-04-07,14,43,0.41352425049399066
2023-03-16,5,195,0.72641794385257
2023-11-09,13,173,0.24533847356784422
2023-09-17,22,183,0.8579510083172006
2023-07-23,23,167,0.37315202771650535
2023-09-10,10,125,0.4750353274219249
2023-07-18,25,115,0.5624663597271258
2023-07-05,3,59,0.21912419897647872
2023-01-12,8,82,0.37659355701313146
2023-08-02,15,148,0.95141582798985
2023-07-29,10,63,0.16246455940771587
2023-10-31,7,138,0.1546365718684296
2023-04-12,5,152,0.9148494079074382
2023-03-16,13,186,0.8702528537375964
2023-08-20,15,13,0.893316883268495
2023-11-26,20,80,0.4838075961393282
2023-08-14,8,50,0.3131499728928159
2023-10-05,10,55,0.8951249811117296
2023-07-24,4,144,0.5205263164388425
2023-06-24,25,152,0.7116995391046422
2023-08-20,21,21,0.2367005604659198
2023-06-12,22,2,0.6939823557873444
2023-08-28,5,67,0.8456058576303055
2023-08-08,20,177,0.6471546120178832
2023-09-03,17,144,0.9853281534772812
2023-05-24,11,122,0.0598026020741681
2023-11-27,5,101,0.682945756610439
2023-05-23,9,168,0.7444550874452719
2023-09-05,19,156,0.3684819939688183
2023-03-12,1,5,0.96707454509998
2023-11-26,19,64,0.07360780693284574
2023-07-06,25,180,0.5358850333964721
2023-05-23,4,19,0.11067129858896929
2023-05-26,9,8,0.8371548441167656
2023-06-29,3,92,0.6847204989157932
2023-02-13,10,13,0.4587768974767291
2023-10-15,21,138,0.2867221855622426
2023-02-17,15,64,0.16482480551806067
2023-06-15,4,77,0.764199200953242
2023-08-28,9,60,0.7139331421575885
2023-04-10,24,196,0.9147705805444153
2023-12-25,10,59,0.5194861805803122
2023-03-04,10,136,0.6485649383671467
2023-03-10,2,48,0.016643286623559628
2023-03-17,22,118,0.6009693601362911
2023-10-31,16,41,0.0347054110949504
2023-10-06,20,12,0.6029841078950461
2023-06-19,9,12,0.828188253017223
2023-05-26,17,133,0.03866410612946214
2023-03-29,17,102,0.5619014688982328
2023-08-05,18,77,0.9326824839539318
2023-03-27,23,181,0.01812730420623765
2023-09-14,19,68,0.19327916817962942
2023-02-10,4,138,0.02567165748276956
2023-08-25,9,11,0.4423652252723138
2023-12-25,13,6,0.7049554029055786
2023-11-04,4,78,0.03213905025454533
2023-11-16,10,161,0.8455982636168232
2023-08-04,14,179,0.49292347221264765
2023-04-03,13,24,0.474666050922919
2023-12-29,23,187,0.09537871909182749
2023-08-27,10,20,0.3546345616770846
2023-07-11,16,28,0.1915347306300904
2023-03-05,16,184,0.2520788302805401
2023-08-08,7,15,0.7495224287278349
2023-06-26,19,146,0.988425318288089
2023-09-02,11,180,0.7415525226215757
2023-02-15,17,165,0.304812685830518
2023-09-06,2,153,0.33023419731357195
2023-05-10,9,62,0.5459498901978623
2023-02-20,18,110,0.3930665707810568
2023-12-31,23,13,0.4241901481803433
2023-01-13,21,67,0.2259759027103101
2023-08-15,6,76,0.17450623085497485
2023-04-21,1,21,0.15284519617690084
2023-11-01,13,182,0.5007959797909168
2023-03-10,25,183,0.18342226858802957
2023-11-28,8,123,0.02327160175693599
2023-07-07,24,32,0.757076284679365
2023-01-01,6,89,0.04522231872335547
2023-07-24,23,192,0.6310749906795028
2023-07-14,16,13,0.11337857666915174
2023-11-19,10,141,0.5349274817831123
2023-12-02,8,196,0.09138820307626472
2023-04-23,4,124,0.7761621395223551
2023-02-16,21,57,0.6072151149780838
2023-08-17,10,89,0.47248522768694534
2023-08-06,3,37,0.39356254092880494
2023-01-30,22,179,0.8913727262728305
2023-09-28,10,168,0.7718849281166515
2023-10-23,18,15,0.8360266533325628
2023-04-22,3,159,0.6724659962757269
2023-01-14,16,114,0.7734407876477936
2023-06-10,9,83,0.9633535240845433
2023-01-28,10,191,0.3005225871379189
2023-01-09,21,28,0.8850048600608516
2023-09-15,2,141,0.38432556334459855
2023-09-27,19,30,0.5050194515909524
2023-11-20,23,149,0.7312719289801971
2023-06-26,4,197,0.8006575201847439
2023-11-20,17,53,0.5624075086290573
2023-05-15,17,43,0.3806288695462303
2023-10-14,5,81,0.39258211540990584
2023-07-16,23,131,0.7105157418610144
2023-12-28,25,132,0.4717606446872791
2023-06-02,18,22,0.3434244994442246
2023-06-02,21,175,0.8576905086448372
2023-03-24,3,99,0.5488188754403639
2023-08-22,6,29,0.9067981363875054
2023-07-11,7,108,0.4579140170303124
2023-12-17,25,18,0.021785424568028455
2023-03-17,23,29,0.7979346889341292
2023-10-22,10,12,0.7736319526400602
2023-05-20,25,35,0.2673479852803222
2023-03-21,21,39,0.39644263562196136
2023-09-03,11,160,0.09114784266711407
2023-07-16,1,57,0.8359352294011432
2023-04-29,7,11,0.12878685867298612
2023-10-25,6,157,0.005207654553700425
2023-01-06,23,179,0.5668897860318934
2023-07-06,9,147,0.07082937338973838
2023-07-01,21,16,0.7205804157716286
2023-11-16,23,64,0.5372790218103102
2023-09-19,14,105,0.20620488882112487
2023-04-19,13,50,0.4487035650433253
2023-07-19,22,84,0.45610748022591496
2023-04-07,16,119,0.6378510426784318
2023-01-17,14,20,0.2954776455055873
2023-03-10,12,80,0.1937681810488352
2023-11-11,6,74,0.48499609022216594
2023-05-13,16,146,0.21842039457587636
2023-05-27,9,148,0.8519266640903262
2023-03-16,24,29,0.6803018908549082
2023-03-20,1,171,0.7095587848955459
2023-04-24,15,139,0.21391128843784846
2023-10-29,13,158,0.4802799891841185
2023-12-19,20,196,0.10756861584183008
2023-11-07,23,18,0.2437845272956216
2023-03-09,18,104,0.9154421354420522
2023-02-22,4,75,0.9398598459802648
2023-02-22,20,76,0.3969299840935132
2023-08-27,4,170,0.7349521189580192
2023-05-30,3,104,0.1547958170954018
2023-09-03,24,169,0.8453388751856076
2023-11-18,7,32,0.6402857108540084
2023-03-30,24,147,0.10845256791974789
2023-12-09,21,141,0.07397090497594361
2023-10-26,16,147,0.05179393608958183
2023-01-27,7,1,0.1489246161211889
2023-01-28,12,40,0.6307305089825886
2023-03-20,7,45,0.1264948560047393
2023-05-31,6,132,0.5980010507220864
2023-05-07,16,169,0.7428435816573795
2023-12-28,11,79,0.6733242734903986
2023-11-17,7,42,0.5781183395751323
2023-12-08,7,107,0.5628184831778987
2023-05-10,12,58,0.4699132217757528
2023-02-14,2,177,0.44860750201719046
2023-06-05,8,129,0.6275834087749779
2023-09-04,17,182,0.0006887720028345701
2023-06-23,9,113,0.851584676252213
2023-02-08,13,177,0.17939437828018345
2023-04-04,21,197,0.7938577687695907
2023-07-27,22,112,0.08374838330119616
2023-10-27,13,126,0.780280018274716
2023-03-27,17,77,0.9306508221134892
2023-11-17,9,91,0.11960704201394734
2023-10-18,5,144,0.9338419598672976
2023-04-12,17,30,0.8922633245613649
2023-02-27,19,133,0.4247365510553457
2023-01-11,21,49,0.12148662750368056
2023-07-03,16,149,0.9298343092307204
2023-07-03,13,25,0.7215938451443586
2023-01-24,14,29,0.14975620847833393
2023-10-30,4,124,0.3139688557594673
2023-06-27,15,169,0.41139343302711895
2023-05-19,24,88,0.09847943875744392
2023-06-29,15,122,0.6425325831793047
2023-07-26,5,47,0.7114956588478903
2023-06-21,12,113,0.8924768666847825
2023-09-21,5,148,0.2436266572466813
2023-07-08,16,133,0.2825193054274231
2023-08-17,22,33,0.8814417034219802
2023-03-22,8,106,0.4217284811455727
2023-02-16,4,41,0.6496952444242654
2023-04-05,7,188,0.2193962803159749
2023-12-11,4,157,0.5406312808250842
2023-08-11,13,188,0.3326480958143758
2023-08-01,10,10,0.9299996954801222
2023-04-13,23,114,0.7365232474405472
2023-04-06,17,4,0.48709551354178815
2023-08-26,22,138,0.6961853574129949
2023-11-04,8,23,0.5819009335547015
2023-05-23,22,46,0.9182539825677095
2023-11-21,12,197,0.08504930409732481
2023-04-11,9,34,0.528465812172516
2023-06-11,4,157,0.7911487272708716
2023-06-10,16,162,0.39603691671184493
2023-06-12,4,189,0.024664291257512683
2023-02-07,20,199,0.7594713440602319
2023-09-29,7,198,0.31016377968794717
2023-03-09,13,67,0.8403323976459613
2023-03-28,17,103,0.12827647694039612
2023-10-27,13,45,0.9715891606101187
2023-04-13,15,32,0.6249732710841396
2023-01-07,14,155,0.13608430302966568
2023-10-08,13,58,0.8808351120754675
2023-07-06,21,177,0.7422239465034082
2023-02-23,15,25,0.271649502375777
2023-09-12,1,168,0.9206782670712886
2023-09-24,9,16,0.05907002211074752
2023-08-23,13,45,0.06501228226432454
2023-04-14,4,40,0.6913668814527418
2023-09-15,10,141,0.6884846041928528
2023-03-12,9,194,0.6904367205412252
2023-12-21,3,178,0.5624379312971299
2023-02-08,17,120,0.3089557616908851
2023-01-10,17,58,0.5182568830212874
2023-08-02,2,153,0.8521778154726523
2023-09-27,7,26,0.8450830743078385
2023-02-10,25,188,0.08101672483778855
2023-05-03,23,129,0.2779470883513453
2023-08-02,1,50,0.7239939564939094
2023-10-14,24,41,0.5715646612217583
2023-09-23,11,95,0.438625421440915
2023-11-16,22,137,0.3618431507668277
2023-05-16,11,177,0.04702589543793445
2023-09-05,6,9,0.2132847524555087
2023-07-02,17,64,0.6898163856018452
2023-01-20,14,154,0.8929322357638521
2023-03-25,7,186,0.24299734370438486
2023-05-05,13,137,0.17389496758218326
2023-06-08,14,87,0.2590411158263659
2023-02-19,7,82,0.2532229920847979
2023-08-17,15,159,0.9723599548075251
2023-07-11,4,173,0.7611071394498548
2023-02-13,10,3,0.672087314940506
2023-07-05,11,94,0.7548225684036726
2023-06-05,15,106,0.35530989313032446
2023-03-02,12,87,0.36709739041305955
2023-12-25,21,118,0.09460179143783687
2023-10-02,9,50,0.4720907790768579
2023-06-19,14,46,0.9115717906695943
2023-08-23,4,171,0.24020370947952918
2023-06-26,14,4,0.7349294696953352
2023-08-27,12,91,0.17795826068154508
2023-12-29,23,37,0.4010639067672088
2023-09-20,9,49,0.34715265643221405
2023-05-31,7,161,0.32105710532045983
2023-07-17,3,146,0.06323750445449283
2023-10-12,16,89,0.8288034874508119
2023-05-11,1,134,0.32381724775700416
2023-06-26,22,114,0.09673123159008512
2023-02-06,24,195,0.39578646737976797
2023-03-26,23,155,0.274235562585437
2023-09-13,7,37,0.5935608115630959
2023-12-24,11,165,0.1618615410260772
2023-04-04,21,68,0.9229833356225825
2023-03-07,11,154,0.7290150578564695
2023-09-21,23,199,0.47002765958963355
2023-09-05,10,199,0.42921585876408397
2023-12-12,17,65,0.5921269366161814
2023-11-12,11,192,0.07039345663319929
2023-06-07,15,139,0.8931003350312932
2023-04-30,16,127,0.011443159782487888
2023-12-05,13,50,0.274550789173565
2023-04-18,12,171,0.45535627181976246
2023-09-16,4,119,0.03272868406821228
2023-09-26,25,58,0.9170807742502457
2023-06-02,8,87,0.29192942583534576
2023-01-18,4,129,0.4847049247790237
2023-11-17,21,158,0.22489633451433944
2023-04-16,23,128,0.6277460211563497
2023-10-13,6,58,0.09168390784677805
2023-02-07,3,162,0.5306505823476148
2023-11-21,5,78,0.15733832413808513
2023-06-30,23,167,0.7348634947624141
2023-08-19,9,199,0.012629936912263884
2023-07-26,20,40,0.8247710720366919
2023-03-03,10,173,0.27959220052036393
2023-09-20,18,12,0.6142536638988657
2023-07-01,5,33,0.2513828548041338
2023-07-04,19,120,0.5824936389137252
2023-07-15,11,152,0.626712971242569
2023-12-11,16,168,0.7722252949725797
2023-12-10,9,65,0.5471658108711737
2023-07-13,23,28,0.25470872509485143
2023-09-10,19,152,0.35399822624943156
2023-05-26,15,133,0.30175395462593335
2023-09-02,9,188,0.9759652694643737
2023-02-20,18,98,0.5293023263078418
2023-07-07,10,155,0.9712477762269115
2023-03-29,12,182,0.1972802637208395
2023-03-31,24,20,0.6591516475131309
2023-10-24,18,63,0.6049679574276914
2023-02-06,21,90,0.7491369836685191
2023-04-14,23,176,0.7939280179238848
2023-11-09,12,61,0.08993011365292058
2023-06-20,7,72,0.40090103656803633
2023-11-29,1,195,0.5101982907626865
2023-03-25,4,83,0.804577801825013
2023-08-02,22,75,0.979625756789267
2023-08-20,2,66,0.14423975734029104
2023-02-07,4,6,0.11361186083508079
2023-09-01,14,80,0.8276221521443037
2023-06-13,5,199,0.20411222246573602
2023-03-05,4,124,0.4439474723425365
2023-03-02,22,150,0.04793136630459083
2023-06-29,23,99,0.7794152216575709
2023-08-31,1,123,0.22359777371025302
2023-01-24,20,164,0.051734598260469
2023-03-03,25,25,0.8918741450230155
2023-05-02,10,30,0.23761391388939113
2023-12-16,9,148,0.5693241087551659
2023-04-06,19,157,0.38365995363461136
2023-03-18,2,42,0.057695440271871234
2023-07-19,16,139,0.6222436118928197
2023-11-14,8,74,0.2520682040764265
2023-05-11,23,87,0.7292391097476086
2023-03-28,17,113,0.21650151194636258
2023-12-22,6,6,0.16220263143617275
2023-03-28,8,184,0.5792611756057947
2023-06-27,24,120,0.048338672439795394
2023-02-25,22,173,0.9690969188111368
2023-07-31,2,46,0.4556078274330613
2023-10-19,14,95,0.0713280795098361
2023-10-06,22,195,0.040034329514135214
2023-01-02,7,179,0.6276616747716142
2023-11-04,2,60,0.3098719783544659
2023-12-13,15,163,0.15842423587076226
2023-06-26,13,72,0.5982019725737339
2023-04-11,1,115,0.3037659435940182
2023-06-13,1,67,0.04548330371521325
2023-12-03,21,72,0.6183820769929825
2023-06-08,18,86,0.2421493772165092
2023-03-14,2,114,0.3647852267825472
2023-09-08,9,198,0.2845879061747304
2023-05-19,10,1,0.9049167780896935
2023-02-05,12,129,0.571233686105039
2023-06-08,25,14,0.49864502312799175
2023-10-05,17,117,0.6261884559071831
2023-03-31,19,192,0.1706881160563677
2023-09-03,6,135,0.6230642212786954
2023-06-16,25,77,0.8011524969184476
2023-08-25,8,197,0.08717567325976894
2023-01-14,18,144,0.20014446345164172
2023-10-03,18,199,0.17099721342550744
2023-05-10,11,73,0.5353021376186129
2023-01-31,4,132,0.19820641382870163
2023-11-12,24,26,0.07963994526030549
2023-09-20,11,79,0.8984010682330876
2023-04-02,5,88,0.7884017089129184
2023-06-19,18,30,0.9051281726025661
2023-07-29,3,98,0.9861163971232042
2023-12-28,14,180,0.14672149174587945
2023-05-11,3,77,0.4496218478454267
2023-12-04,15,78,0.7764813288889836
2023-11-06,4,78,0.14047428309402654
2023-04-27,3,113,0.2285494022227691
2023-06-09,6,57,0.23838052619159045
2023-07-03,5,117,0.5141954786440478
2023-09-14,8,115,0.3591430935750868
2023-02-03,19,140,0.5881167922466747
2023-06-17,3,23,0.5465881222315777
2023-02-12,25,2,0.9237776928030199
2023-01-07,5,129,0.9149846147497578
2023-08-04,3,11,0.8982528934526941
2023-05-09,15,76,0.9585872397538217
2023-06-24,14,71,0.8176073058782698
2023-04-12,16,119,0.8093080437606744
2023-11-14,19,96,0.6467215346673798
2023-09-03,16,72,0.6065718289087585
2023-11-22,18,68,0.3788665817477386
2023-01-29,25,59,0.1572125064433867
2023-07-13,3,6,0.8173317211592985
2023-03-23,23,185,0.5740223744092956
2023-04-28,22,169,0.5855795591964312
2023-01-28,2,170,0.33636796531191226
2023-12-29,1,198,0.18750064022281232
2023-09-26,9,7,0.3833361453809355
2023-01-22,10,76,0.3704913759492209
2023-02-15,9,67,0.12129639538412962
2023-05-27,14,23,0.558965006129844
2023-04-05,19,3,0.7533435658673101
2023-06-03,21,124,0.2578051721621326
2023-10-02,15,168,0.3705665135675893
2023-07-08,21,198,0.7213082453001355
2023-10-16,9,74,0.8608108608299527
2023-12-09,3,163,0.7135846575046492
2023-11-09,22,187,0.7175692146602312
2023-01-21,12,161,0.212286191129624
2023-03-28,8,109,0.42817684350161267
2023-11-15,12,184,0.4495231445157748
2023-07-29,16,53,0.5585623290887423
2023-08-04,2,127,0.9893081290571267
2023-01-06,4,46,0.8058129739141405
2023-09-22,2,95,0.5039766379751622
2023-05-17,6,152,0.7676431914155751
2023-08-29,5,72,0.16869287794403742
2023-07-21,18,143,0.23002786941133724
2023-07-15,15,48,0.11550563229081778
2023-09-20,3,131,0.7656654155667064
2023-10-11,1,142,0.7526752848405733
2023-06-21,3,172,0.8138120450203546
2023-12-11,24,91,0.5772631527734239
2023-01-02,22,161,0.9501941718754174
2023-12-28,7,11,0.13178987634072437
2023-01-09,6,177,0.8003234977364255
2023-12-17,2,185,0.5168799312234483
2023-09-15,20,104,0.9065930440406247
2023-02-07,20,165,0.34244166076291405
2023-05-01,20,108,0.14591600314065556
2023-05-05,14,120,0.4922103299020433
2023-12-17,2,33,0.41086988096690413
2023-05-26,5,155,0.3254496140055564
2023-12-02,14,16,0.499991499609041
2023-09-15,21,9,0.22858146171028715
2023-02-23,18,70,0.5594981682199819
2023-09-06,2,39,0.1987659226754538
2023-08-08,10,24,0.2974473654551655
2023-09-06,2,66,0.22924787726906193
2023-08-27,21,140,0.36226872717410874
2023-07-01,19,35,0.18107043510092447
2023-01-27,6,156,0.5940445742797137
2023-03-07,17,190,0.35629523880775904
2023-02-05,14,12,0.28617358069025156
2023-08-02,23,86,0.3983759529716655
2023-04-14,5,26,0.2976177086777325
2023-03-11,18,121,0.4140215896636631
2023-11-23,5,133,0.9453315907772368
2023-05-03,17,14,0.07043734591269368
2023-06-05,3,71,0.8092098104920329
2023-08-05,9,187,0.41985925823789694
2023-01-02,3,116,0.32885336066289195
2023-10-10,21,82,0.19284053575262705
2023-04-29,23,77,0.743359614699675
2023-07-18,5,173,0.6526370801308518
2023-05-20,18,133,0.43822139113815817
2023-06-19,14,4,0.5419107992912006
2023-09-13,25,44,0.9594780157825473
2023-01-29,15,120,0.1002149410938189
2023-09-02,10,35,0.3867650468491155
2023-06-17,19,90,0.16816429615984918
2023-01-18,22,191,0.60447023538225
2023-03-26,5,189,0.9783561611929066
2023-11-04,14,87,0.23705949397770432
2023-06-09,13,193,0.1487218453688688
2023-06-24,12,90,0.46602376316309213
2023-06-28,6,190,0.5504638562829332
2023-03-20,20,42,0.8821066125046686
2023-07-09,19,187,0.43273777770779354
2023-03-04,22,96,0.9830582196063131
2023-08-30,15,182,0.13244407878968656
2023-08-17,13,200,0.7260636135737129
2023-06-16,11,16,0.941689040823139
2023-01-03,4,121,0.366696093778096
2023-07-17,18,61,0.5742020274773927
2023-12-17,4,200,0.32854887695435653
2023-10-31,9,104,0.42462179160169633
2023-06-17,20,51,0.8760053243637219
2023-07-03,18,169,0.9328117851222305
2023-04-07,16,25,0.29194981326484115
2023-10-07,10,105,0.6064458471795446
2023-04-14,20,55,0.003764012725900434
2023-07-18,18,192,0.8790165492670674
2023-06-29,12,53,0.756589452565018
2023-08-28,6,17,0.38682385915604434
2023-05-14,9,123,0.9817880395014535
2023-11-11,3,72,0.011829780671010592
2023-09-14,16,142,0.2189492732072873
2023-04-08,22,196,0.6195594586391764
2023-06-19,12,129,0.34977672939525484
2023-07-13,17,3,0.783408815116279
2023-08-04,5,56,0.4112449173713789
2023-10-14,19,178,0.4088746177517114
2023-07-08,6,26,0.4964704177936555
2023-05-15,18,117,0.9859539509381683
2023-03-06,10,85,0.021465033030266478
2023-04-27,23,98,0.011468641811233193
2023-05-24,15,194,0.9888496952602365
2023-08-19,8,96,0.5454242563783159
2023-02-25,21,53,0.41494157710527335
2023-04-04,5,76,0.7240295308622565
2023-11-11,19,37,0.8964568237111332
2023-09-16,12,20,0.16397921917850122
2023-10-30,16,33,0.42950748764317015
2023-09-13,8,16,0.6925293341293639
2023-01-30,4,131,0.3937449431529896
2023-08-07,2,98,0.8737379124036585
2023-05-19,15,103,0.7161396908246088
2023-09-18,11,71,0.020148601984422476
2023-01-22,24,159,0.9459140318090419
2023-10-01,10,107,0.6269710216519652
2023-04-28,8,174,0.0566599750207859
2023-10-13,19,148,0.8907302750208175
2023-05-29,25,95,0.07550971946587348
2023-12-30,3,100,0.835628668500592
2023-02-26,15,176,0.5794075829536859
2023-05-18,13,120,0.13616253329041983
2023-05-26,1,128,0.9201424480601906
2023-05-03,21,18,0.8396840005599869
2023-06-27,21,95,0.45742041195775873
2023-04-10,3,102,0.8869491928307754
2023-12-16,7,199,0.6155315402221663
2023-01-26,19,170,0.8703766590850692
2023-02-22,2,91,0.10109288827190721
2023-02-13,15,45,0.9179120234724703
2023-05-21,6,103,0.9060585373544802
2023-02-24,2,178,0.008469290533645202
2023-05-14,21,157,0.3785398360858101
2023-12-22,20,53,0.21289999028593087
2023-05-26,22,17,0.46117766712181063
2023-06-19,20,164,0.6008240125769846
2023-06-06,6,140,0.2192683140106586
2023-05-28,24,94,0.9947746744736871
2023-01-22,22,43,0.8550327388464144
2023-11-11,10,70,0.9414944860164207
2023-12-18,9,169,0.5800763986297028
2023-07-19,2,52,0.7289697446346919
2023-08-09,3,144,0.6507014895986477
2023-01-13,24,155,0.05889190787799581
2023-11-30,8,107,0.3896903982338329
2023-12-21,21,115,0.2616707463218243
2023-06-27,16,54,0.29568988461622847
2023-08-27,14,41,0.6010828258354829
2023-12-27,1,29,0.22141879539739773
2023-01-26,19,118,0.0949703007554078
2023-05-09,24,104,0.33768594041389943
2023-03-04,11,166,0.8893452473067437
2023-11-06,9,13,0.9404083735843022
2023-06-29,15,187,0.014926817160404338
2023-07-17,9,72,0.3917758201957374
2023-08-15,1,86,0.5860240170186727
2023-06-21,11,152,0.960749971733549
2023-07-23,17,97,0.15605862543804916
2023-09-09,16,124,0.3528848365972308
2023-05-23,11,160,0.775478286081592
2023-09-23,6,128,0.7092183013490739
2023-07-21,14,152,0.17048535881701643
2023-05-24,12,199,0.08694612082431774
2023-02-13,24,38,0.3156445175121152
2023-07-29,11,111,0.5776077498731591
2023-03-28,12,106,0.47440684993667726
2023-09-25,11,140,0.8515675675608182
2023-11-03,1,6,0.1954063358616619
2023-08-08,14,192,0.47094413950996217
2023-06-12,11,129,0.2303505298684254
2023-02-24,6,109,0.6519687040606271
2023-07-09,21,191,0.1786400455542264
2023-04-03,5,130,0.37518687484022795
2023-04-13,5,174,0.37100515234850184
2023-11-04,16,77,0.04543891369955322
2023-05-28,4,47,0.0016716075290411636
2023-10-01,9,155,0.03573271297057323
2023-05-07,4,184,0.5232429435854071
2023-01-12,14,74,0.5695932583217453
2023-01-19,12,14,0.6093163924328372
2023-05-17,19,129,0.8838796129826116
2023-05-27,19,129,0.770453231394622
2023-02-15,8,8,0.40000223739605967
2023-06-10,14,175,0.05351306315560633
2023-09-28,25,66,0.4807574900445166
2023-01-17,24,80,0.3926829118940883
2023-05-19,14,13,0.6918935680090923
2023-06-16,19,65,0.38399079983644324
2023-10-03,12,147,0.2752099785388725
2023-09-29,5,83,0.3487784608454867
2023-01-29,2,26,0.8581298894016177
2023-02-27,9,9,0.8513769283738448
2023-10-28,9,17,0.3824809306065694
2023-06-08,7,67,0.9007113462835766
2023-09-16,16,51,0.6965797133313318
2023-09-11,16,44,0.1787577651608614
2023-11-25,13,158,0.6745111261315844
2023-09-13,2,96,0.15940654658004383
2023-02-07,14,80,0.7057513479944661
2023-08-24,24,159,0.5358832731056962
2023-02-28,5,98,0.09026464182253646
2023-01-06,22,134,0.864096403497635
2023-02-08,17,173,0.18631891126050348
2023-12-16,19,108,0.46160608368077527
2023-09-09,6,49,0.75612259288418
2023-01-02,20,195,0.07360352719813623
2023-01-07,18,28,0.6841941285687763
2023-02-21,20,47,0.5886523251062797
2023-01-01,7,59,0.6861384532658334
2023-02-08,24,71,0.8568382012145374
2023-07-15,7,173,0.4086990046504192
2023-07-07,4,103,0.5795527785311159
2023-09-15,21,43,0.56247715463082
2023-06-29,6,165,0.24256475001933642
2023-03-11,18,123,0.7900188876822327
2023-06-25,17,72,0.7645125337289791
2023-04-17,4,181,0.04410421825127786
2023-08-20,12,199,0.16838759301613548
2023-05-15,13,30,0.047468184772558875
2023-08-12,12,96,0.7678470784090848
2023-07-17,12,60,0.5853773609930626
2023-02-04,24,140,0.908133816333681
2023-12-10,4,121,0.13526779336536243
2023-01-20,23,159,0.7478513392711604
2023-04-15,15,21,0.3304677200806351
2023-08-20,7,60,0.4265900088746144
2023-05-17,17,167,0.2986111424845137
2023-12-30,3,158,0.645924198705753
2023-04-24,21,109,0.5401220054206506
2023-05-20,2,43,0.9182862432127926
2023-06-27,15,178,0.8528179171407558
2023-12-04,4,36,0.8439040075004376
2023-02-19,17,126,0.36056034168981577
2023-06-07,17,176,0.5279361792814841
2023-04-14,5,158,0.12446849914546376
2023-07-13,2,121,0.5052133512317446
2023-07-17,25,165,0.6296844810457436
2023-11-24,4,35,0.5503115489488002
2023-10-29,5,178,0.10592307531410261
2023-04-30,9,3,0.7095231461781252
2023-05-23,16,75,0.0459717045453385
2023-11-15,23,106,0.09160112224005446
2023-07-12,21,120,0.09567633190606062
2023-11-22,4,70,0.5677849704911206
2023-06-03,12,114,0.1961964750609817
2023-04-17,11,186,0.35225067746513306
2023-08-16,14,67,0.4529459553690839
2023-01-13,22,175,0.8000251298706487
2023-03-09,21,40,0.7618848995980244
2023-01-16,7,71,0.9382943543770341
2023-06-21,18,170,0.7119570269494279
2023-01-04,5,140,0.3869727017515133
2023-11-20,10,135,0.17414141192824184
2023-03-25,22,154,0.3409753963036284
2023-07-17,1,95,0.09322557995439651
2023-06-05,12,172,0.6840717255498319
2023-06-04,2,64,0.7981233703556208
2023-12-14,22,158,0.7515620137168342
2023-05-16,19,114,0.894150517617294
2023-09-10,19,107,0.06032840783111593
2023-06-28,18,194,0.6975194035721063
2023-09-19,6,161,0.4551046180245826
2023-04-27,16,8,0.07221406412065234
2023-09-18,19,30,0.648139988502506
2023-05-18,14,31,0.31880906081386406
2023-05-06,14,153,0.9431175985114126
2023-12-22,10,78,0.05444771741236787
2023-08-22,5,95,0.9926893849979656
2023-07-16,11,155,0.36960866497473865
2023-04-07,15,89,0.7638018948158022
2023-04-30,16,187,0.013372450334017905
2023-03-17,11,158,0.14807849633116055
2023-11-09,4,110,0.3430756693665806
2023-10-29,5,145,0.07997913421162339
2023-06-30,4,167,0.08513067033528321
2023-09-22,22,60,0.40997206428239585
2023-02-18,16,4,0.9002786411187665
2023-06-16,21,47,0.29929363192176517
2023-03-24,15,42,0.5026025099548613
2023-02-16,21,7,0.3814819029938883
2023-05-24,1,55,0.8762850673593132
2023-05-01,23,163,0.9040468339317661
2023-07-10,22,68,0.00016074457662829111
2023-10-02,15,106,0.31677053212134176
2023-01-24,11,158,0.026311088749393696
2023-07-21,4,105,0.3945873108019563
2023-05-25,15,100,0.5904040009173068
2023-02-28,23,138,0.6127048595855972
2023-03-08,14,61,0.2673727516819294
2023-01-31,21,84,0.7219833104170653
2023-04-02,24,14,0.5358626335947848
2023-09-16,6,24,0.5941076307098635
2023-11-14,8,20,0.9893480952063192
2023-10-26,19,147,0.6677440190068566
2023-02-05,4,56,0.5434288256934003
2023-07-27,13,92,0.7118513473908914
2023-11-08,24,157,0.7013257397449298
2023-09-03,16,122,0.14610203970262536
2023-06-09,22,40,0.646722462951827
2023-07-03,1,130,0.8896368486195801
2023-08-11,14,136,0.9251474562670053
2023-04-28,24,112,0.5524905568501048
2023-06-28,2,22,0.8664811656153565
2023-02-16,21,80,0.965489228208396
2023-02-19,7,106,0.6581277775174513
2023-10-16,25,187,0.4150876576193947
2023-03-31,21,89,0.4001536432097792
2023-05-17,17,151,0.2541507361194587
2023-06-25,19,54,0.5301846922398453
2023-11-25,12,85,0.7175280493225038
2023-08-21,18,169,0.16342632680582259
2023-07-31,19,174,0.4166630010668676
2023-09-30,10,81,0.9256750810752069
2023-06-12,19,144,0.5416772462391265
2023-12-24,10,140,0.06939401224735853
2023-04-22,20,23,0.2346333782225024
2023-10-15,15,154,0.9501015098280358
2023-01-19,1,67,0.4603716372759402
2023-08-14,4,25,0.06716060104554789
2023-01-26,14,124,0.9794041890320683
2023-12-23,4,172,0.08969727389320747
2023-11-20,17,122,0.27077719172440284
2023-06-14,1,140,0.772687165855473
2023-03-02,14,184,0.8068753187353483
2023-06-09,8,63,0.9346095647491132
2023-04-15,3,182,0.5039659263873073
2023-01-01,17,108,0.9153356618764549
2023-03-04,17,148,0.6084026145728278
2023-04-24,23,23,0.7594449455809924
2023-08-20,20,1,0.7074831307010142
2023-08-26,3,190,0.38759557012347123
2023-11-03,21,63,0.37707328159341635
2023-03-27,8,18,0.7513513208049235
2023-11-12,11,185,0.5114251514557252
2023-01-02,11,164,0.7089264894422279
2023-06-21,19,28,0.3691045222810735
2023-02-20,16,176,0.9382240697834863
2023-09-16,19,160,0.2277226041272452
2023-11-09,13,118,0.8599527240050074
2023-04-05,21,22,0.9970650758798677
2023-02-21,21,136,0.9808969050486108
2023-06-06,23,199,0.02226228522842244
2023-02-03,2,93,0.8057168938741367
2023-09-28,23,155,0.8242053544018993
2023-02-10,1,78,0.9775589915085299
2023-02-23,12,89,0.8920497534949835
2023-08-07,9,8,0.2535445556016259
2023-12-19,16,68,0.3674776396807462
2023-03-25,7,51,0.6619179651227979
2023-10-16,21,42,0.6830974611726077
2023-12-07,8,103,0.6872880403143439
2023-07-29,3,194,0.5019466183328782
2023-05-22,20,184,0.7139343276881258
2023-07-06,5,69,0.05319299827833235
2023-09-07,10,6,0.04462567457696287
2023-08-19,3,123,0.7745766549816802
2023-12-12,2,25,0.6848470332280432
2023-11-03,3,86,0.269348823697265
2023-09-29,7,22,0.5020388394260873
2023-02-09,23,164,0.9512085022321043
2023-11-21,22,53,0.5376341513563508
2023-09-28,16,57,0.8123528818771412
2023-04-17,11,14,0.04153228905373274
2023-10-22,11,74,0.9895607179898179
2023-10-01,11,29,0.6779375586343472
2023-02-22,11,23,0.7014240001668998
2023-06-30,1,115,0.16493648177558262
2023-04-10,25,137,0.29142659765324286
2023-12-11,4,141,0.17330797128148534
2023-07-13,5,169,0.3109333325483965
2023-05-01,20,68,0.09225903824151094
2023-09-02,11,52,0.30490777325252594
2023-11-15,18,183,0.34650125882229765
2023-03-21,17,81,0.2342773750852697
2023-03-06,8,44,0.10886009943533159
2023-07-11,9,133,0.007820226834154953
2023-06-01,17,67,0.43637773886505615
2023-07-20,24,53,0.4016224671202834
2023-05-22,12,79,0.5517842197576757
2023-09-09,24,91,0.49363785695654694
2023-11-25,5,128,0.11551362079185246
2023-06-01,23,115,0.5508673678788003
2023-05-04,23,36,0.13000455380508003
2023-07-09,20,67,0.9015274330950996
2023-10-07,12,158,0.23329016149664117
2023-02-24,11,45,0.23497102188606034
2023-10-01,21,60,0.7757221621229394
2023-08-21,6,148,0.13015900512736533
2023-09-06,13,113,0.03803423130951111
2023-07-15,13,110,0.13206974091841328
2023-07-06,8,38,0.48346583367336504
2023-07-01,19,179,0.6652128272355323
2023-06-10,24,125,0.24296308113925602
2023-09-08,8,154,0.002207647883216479
2023-03-18,12,44,0.2910742457459856
2023-10-30,13,152,0.3002049746179043
2023-06-11,16,8,0.8236558771231133
2023-10-11,19,43,0.6432428800695212
2023-09-13,9,54,0.22712965712480704
2023-01-17,14,101,0.9642353334193647
2023-04-13,5,15,0.8897169529907105
2023-12-12,18,2,0.46706151120957073
2023-04-12,18,200,0.9167351661758864
2023-08-05,7,26,0.0006128179851796478
2023-03-21,24,24,0.8828802755310284
2023-10-03,16,182,0.34258519883110383
2023-09-20,8,198,0.7439688907859383
2023-12-20,1,176,0.6818100908603107
2023-02-06,4,4,0.953104983842721
2023-04-12,23,21,0.6319632741514583
2023-08-02,2,96,0.7211596020310673
2023-04-22,19,63,0.8837822469816854
2023-07-07,1,98,0.5922862318156535
2023-02-13,20,167,0.6703639680681258
2023-09-03,4,70,0.32958571188027885
2023-09-01,15,104,0.8887885774688083
2023-06-24,18,185,0.233500634255831
2023-07-19,24,197,0.22096575891701475
2023-01-02,5,97,0.6330696771731779
2023-11-16,16,156,0.0158854417504386
2023-05-13,17,146,0.955020950758246
2023-09-22,7,57,0.9050155720596039
2023-09-14,7,20,0.31155739701233653
2023-02-22,20,133,0.2632052543553697
2023-07-18,18,146,0.8374038707168521
2023-05-05,18,92,0.7782137306965815
2023-02-22,2,144,0.47742244111395393
2023-07-06,4,145,0.7537213161218661
2023-10-17,18,197,0.032808246213677617
2023-03-13,6,83,0.02236322254493539
2023-04-17,9,71,0.22076092154447846
2023-07-28,3,62,0.3596938390277208
2023-11-27,23,16,0.7631139108431186
2023-09-26,12,6,0.48638006318566884
2023-08-24,19,5,0.057412956014733174
2023-05-10,3,131,0.9251010638964916
2023-12-27,11,175,0.3076600214743812
2023-01-15,3,148,0.20464157619791734
2023-10-12,6,177,0.6552592600745014
2023-03-23,15,163,0.7562620981676271
2023-01-17,16,120,0.19484497982531257
2023-12-13,11,17,0.49751161196041005
2023-08-13,7,36,0.17790355177549366
2023-07-25,9,86,0.3427968858814303
2023-11-08,15,154,0.47102975049435114
2023-05-06,11,92,0.8560846311918863
2023-05-31,24,189,0.7272682255179321
2023-07-14,18,48,0.8855713733319472
2023-10-27,16,158,0.08473446472027046
2023-11-03,19,14,0.9796646157049326
2023-05-18,22,177,0.4759110519585128
2023-04-23,18,181,0.4683076577191624
2023-02-23,11,170,0.40640415657543894
2023-07-02,5,121,0.18717268042861868
2023-12-26,14,156,0.23400975358223142
2023-05-14,17,147,0.24700082267651535
2023-01-02,2,129,0.26724843532981013
2023-04-30,1,161,0.0413910817057056
2023-07-11,1,187,0.07442373930337753
2023-09-30,25,33,0.39767129799248513
2023-01-16,15,97,0.4389299918557614
2023-02-22,13,67,0.012886366806706406
2023-07-24,18,5,0.8579866743818662
2023-11-14,4,25,0.6108971083162648
2023-04-05,4,164,0.11479980350686758
2023-06-19,20,78,0.17567252458841465
2023-09-27,24,145,0.6756666062260444
2023-11-17,2,18,0.3275984995007938
2023-11-18,17,106,0.1849482621560159
2023-10-20,20,132,0.73474174048737
2023-01-01,4,51,0.1024971625234542
2023-06-28,13,193,0.48586005924637177
2023-06-02,22,177,0.6272637876649667
2023-03-12,3,52,0.7302940254463028
2023-03-22,22,132,0.3131466709033226
2023-07-05,25,64,0.9379075763718822
2023-04-10,24,191,0.44698331629677635
2023-07-14,10,139,0.6573003655644388
2023-09-17,23,121,0.5920472646082147
2023-12-30,11,36,0.8195139837307377
2023-10-06,19,19,0.924914802722722
2023-05-31,1,134,0.7886157292789888
2023-07-15,14,142,0.8581190684336168
2023-10-05,20,145,0.9395502137946398
2023-07-13,12,186,0.6157180461061998
2023-09-08,6,14,0.8847733451029084
2023-08-30,10,153,0.7855032910091176
2023-11-11,7,15,0.06902150495287074
2023-03-16,11,88,0.15018247627793135
2023-06-21,15,74,0.457629561494315
2023-07-03,10,91,0.7532703854710228
2023-11-13,21,171,0.9401276349354817
2023-10-11,11,121,0.2236146260984988
2023-07-02,2,27,0.8552370588968222
2023-06-16,10,188,0.04014036515691555
2023-02-03,12,128,0.9257252638587163
2023-10-31,19,29,0.5933129239481043
2023-03-23,11,46,0.3354620094220979
2023-02-02,11,120,0.6756413741843845
2023-05-01,20,68,0.625636885641529
2023-03-05,10,87,0.20499105825632213
2023-03-06,7,141,0.020213784780627964
2023-10-02,3,17,0.13259138056248798
2023-11-05,15,65,0.8893853791426176
2023-11-21,5,148,0.352157164163451
2023-02-25,3,102,0.15374379494832457
2023-02-02,2,129,0.21897636261769327
2023-02-20,11,57,0.11296311008788373
2023-12-02,9,45,0.33274743968166665
2023-05-29,17,186,0.821696512368969
2023-09-14,6,143,0.3111291974295196
2023-08-21,13,158,0.9340868936746118
2023-11-13,21,73,0.4220497206704381
2023-04-22,4,65,0.40809918640268816
2023-09-19,7,183,0.8481613439398656
2023-07-22,18,28,0.03187929926920463
2023-04-17,12,115,0.06491399957357791
2023-08-29,2,98,0.856826538394982
2023-10-09,1,125,0.0027721570853186384
2023-03-04,22,32,0.46269501309572747
2023-03-16,12,174,0.9134055265033616
2023-09-19,4,101,0.5252759645356065
2023-07-10,17,105,0.059025478195040115
2023-02-10,21,133,0.15403461608560742
2023-07-22,11,119,0.5118116129002763
2023-08-12,9,127,0.7140438923314406
2023-06-20,23,169,0.1511523529701564
2023-03-07,15,112,0.5980387124915124
2023-04-24,5,169,0.7406595938781062
2023-04-25,25,156,0.5911252867771095
2023-11-02,1,127,0.600356704008667
2023-11-24,15,134,0.8178726899110392
2023-10-04,12,172,0.40617910901210263
2023-09-18,13,104,0.7837397143771178
2023-10-06,23,156,0.3773154242279262
2023-11-29,8,64,0.20173474553978288
2023-03-28,16,126,0.20912948036292833
2023-06-19,23,45,0.43578561882506617
2023-09-06,5,108,0.5734704469421458
2023-10-17,6,86,0.4514218762348605
2023-06-30,3,154,0.6433792645046033
2023-04-19,21,71,0.5867572107429405
2023-04-15,20,154,0.676592969309908
2023-07-13,13,103,0.660261703622663
2023-02-11,24,39,0.19194759121031302
2023-08-05,10,71,0.5112280674724878
2023-03-08,15,74,0.05546017301605943
2023-05-19,8,179,0.8739989916821226
2023-05-25,10,83,0.717959302932273
2023-02-05,8,126,0.46680085913600167
2023-02-27,8,167,0.544154211766337
2023-09-26,22,78,0.6490048810386705
2023-12-03,21,75,0.06910952977861617
2023-07-26,7,175,0.6141315853987682
2023-10-04,4,27,0.6892584259008271
2023-08-24,18,68,0.8555117292018173
2023-08-30,16,178,0.5361876422181758
2023-06-28,11,112,0.5020479121908765
2023-02-22,21,59,0.11632218269451666
2023-02-14,3,77,0.4451248132264286
2023-03-19,7,70,0.5111452933022721
2023-07-19,1,85,0.14351402650718525
2023-07-08,14,149,0.9029102049021325
2023-06-03,2,143,0.09198964619864736
2023-07-01,22,110,0.17309682265489312
2023-07-22,12,45,0.11364790948129178
2023-10-09,19,120,0.28180096682772915
2023-01-30,9,128,0.004530555086065813
2023-09-07,9,118,0.04854223252467804
2023-09-16,1,104,0.6353123875177773
2023-08-28,14,127,0.46302076784309487
2023-02-22,22,134,0.9056154279750529
2023-02-23,5,76,0.9302237144694678
2023-02-28,10,171,0.41365542172727143
2023-05-31,8,189,0.021715964677307742
2023-07-07,1,125,0.7050280836604615
2023-11-12,8,19,0.3744723142370151
2023-08-06,6,57,0.8434052604293995
2023-02-07,18,134,0.7310284056851499
2023-07-15,18,136,0.8991111689154645
2023-12-11,9,99,0.5967455652606404
2023-05-24,9,188,0.7748804375955934
2023-12-15,8,129,0.912503602464475
2023-05-17,8,75,0.5440186850802595
2023-02-02,23,181,0.7407758690499495
2023-03-08,19,77,0.09532526596197477
2023-10-08,19,24,0.06125516422038013
2023-06-05,19,47,0.32143510975028133
2023-03-24,6,41,0.9587224961177502
2023-03-03,3,11,0.9446324956421602
2023-09-05,5,146,0.007438224271224425
2023-03-25,24,185,0.46491717767094454
2023-11-08,12,150,0.3858410168587987
2023-11-29,1,193,0.12756241345353014
2023-12-28,16,139,0.420579616239387
2023-04-18,1,107,0.6339120723174597
2023-01-09,23,43,0.7470937058402751
2023-11-03,7,52,0.21865039514679752
2023-03-16,13,160,0.9600421013323637
2023-09-08,4,158,0.37977654618628087
2023-11-05,4,49,0.22319727359910146
2023-02-15,21,45,0.6208374010349118
2023-09-22,5,18,0.6291422365019722
2023-07-09,21,32,0.6196955107572909
2023-05-02,8,69,0.4754667316812049
2023-04-02,23,105,0.002597292905991866
2023-01-15,8,25,0.7036241971381078
2023-04-20,2,194,0.3611670484380014
2023-02-06,3,142,0.7949275341587495
2023-07-31,9,31,0.4969473511888496
2023-10-01,13,132,0.9436790574316213
2023-03-19,25,43,0.10031412052700106
2023-11-16,3,169,0.5910388603666183
2023-07-07,14,108,0.5940486365514807
2023-06-25,21,38,0.6777970290503837
2023-11-06,14,61,0.4423896079375019
2023-02-12,10,65,0.8076522353137404
2023-07-14,3,47,0.20987290005615922
2023-10-24,5,49,0.07039299636977092
2023-11-16,13,84,0.09074033148282412
2023-06-07,12,44,0.9317808892049098
2023-07-11,4,127,0.5712158964939559
2023-04-02,10,51,0.5246041786586151
2023-01-06,23,186,0.15379170430607425
2023-04-03,11,79,0.5003738895561737
2023-01-01,14,171,0.14758924109245708
2023-06-08,4,200,0.04565015485116419
2023-05-18,9,44,0.5065340330600253
2023-11-26,18,46,0.3493018085394901
2023-11-24,6,117,0.13959991774517722
2023-06-22,11,58,0.9163660836503286
2023-01-28,20,48,0.5752361388523638
2023-05-08,21,68,0.26222372568476116
2023-06-05,22,177,0.2924777643883799
2023-10-22,6,69,0.5703127102077518
2023-04-10,17,136,0.63831374577655
2023-01-20,3,130,0.7035075994435389
2023-01-05,5,77,0.22917018542867285
2023-04-03,9,46,0.3386015141225637
2023-12-12,15,141,0.32917799104963974
2023-01-01,1,42,0.9108152106114261
2023-05-15,10,57,0.008732411022309372
2023-10-26,18,114,0.6304334926186842
2023-10-31,9,164,0.17355720297885135
2023-01-09,1,164,0.5314183424670045
2023-09-03,22,49,0.41045712563734693
2023-11-01,11,172,0.9894565753795164
2023-07-15,10,101,0.6410629212302574
2023-04-14,6,150,0.12863535612760557
2023-06-26,6,99,0.2325760800258566
2023-09-11,15,47,0.6800710423723507
2023-03-13,6,58,0.7238610582250772
2023-03-12,8,71,0.8858943553097894
2023-08-08,20,21,0.6480656506743636
2023-05-25,9,162,0.5028796820097045
2023-09-05,17,198,0.6174544431697433
2023-02-15,11,9,0.3944786216648426
2023-07-11,21,13,0.771046747813691
2023-04-26,21,152,0.039728863684750704
2023-09-09,23,80,0.11945685576121756
2023-11-04,23,161,0.37918244650315946
2023-01-11,21,69,0.3652895893284338
2023-06-05,19,112,0.42244050047642634
2023-07-13,8,57,0.3295420432281194
2023-12-23,22,200,0.8555808646256462
2023-09-02,7,37,0.8894453790486077
2023-03-24,16,143,0.5924385067519327
2023-04-13,15,162,0.8828631182073495
2023-08-11,9,39,0.17006054062174913
2023-10-02,17,18,0.5494712703060017
2023-05-27,16,103,0.06463628167099988
2023-08-28,6,166,0.06546962475959395
2023-12-13,11,30,0.46799486595042405
2023-09-22,18,94,0.887655287815313
2023-05-28,18,136,0.50590243738672
2023-09-08,18,98,0.7317548218137712
2023-03-14,8,145,0.8787772945205087
2023-09-05,6,39,0.5624687046735424
2023-10-08,8,76,0.8100673773441777
2023-11-06,16,22,0.4786679659778196
2023-01-23,5,152,0.1614710038479351
2023-05-29,24,107,0.7405327248030174
2023-02-16,1,102,0.5938205076868195
2023-06-21,13,86,0.7064980957894236
2023-01-10,24,9,0.6702658948479977
2023-07-31,12,155,0.6579521143775752
2023-08-18,9,60,6.800001636397823e-05
2023-11-17,6,34,0.3391108167512331
2023-12-28,6,156,0.1517780288523608
2023-12-11,5,103,0.8295768406201772
2023-03-15,18,75,0.7397141021739714
2023-12-30,5,134,0.27801800468296645
2023-09-30,21,106,0.8481982933494325
2023-02-05,17,137,0.8347687794599107
2023-07-06,14,111,0.8216638478244924
2023-07-12,7,163,0.549492740124267
2023-12-16,14,20,0.9031292165148311
2023-03-08,2,101,0.5522960117885788
2023-08-28,14,49,0.1914128670379931
2023-04-09,16,40,0.8169366468756348
2023-10-08,22,25,0.5819116842126063
2023-06-28,18,124,0.8755908175748
2023-01-27,24,196,0.8619844698775556
2023-09-02,21,127,0.9399519785144201
2023-05-30,16,154,0.8203201909697402
2023-11-24,5,128,0.13185491088563595
2023-10-05,22,19,0.17581156854178992
2023-11-25,19,104,0.9170027140428012
2023-05-11,2,9,0.8889866895056315
2023-09-28,17,62,0.037749239561960524
2023-10-01,10,71,0.6061717187832202
2023-05-13,12,8,0.37241252740304653
2023-07-17,17,93,0.44961552723495324
2023-10-03,15,33,0.8063871347528044
2023-01-28,17,167,0.29130868409689814
2023-03-06,25,3,0.15045685473604475
2023-10-29,13,140,0.6800346856702639
2023-08-19,20,159,0.5682593165608956
2023-10-14,18,148,0.12599366303053783
2023-03-05,15,180,0.6139218081982392
2023-05-17,8,6,0.07506865432009502
2023-12-22,5,66,0.0619553852882988
2023-12-02,18,11,0.9534004563256024
2023-05-06,13,16,0.6735950965648249
2023-05-26,25,17,0.5325701972601725
2023-02-04,16,161,0.5464174425334476
2023-07-25,12,175,0.969689611101895
2023-07-09,14,62,0.9430084980940023
2023-07-07,17,72,0.573993553678961
2023-09-06,21,169,0.24344438896460396
2023-01-18,17,59,0.4534845371809161
2023-10-21,10,33,0.2821460840946478
2023-01-29,6,128,0.42505937906931757
2023-03-28,17,178,0.9353437265500337
2023-01-11,12,125,0.6429839913106489
2023-10-01,18,4,0.8954924211779245
2023-04-19,23,54,0.5746573567314818
2023-09-09,13,4,0.870465929196804
2023-10-28,6,198,0.1570276662195199
2023-09-27,13,155,0.41505395454637417
2023-01-12,13,122,0.6904093718236793
2023-07-11,25,101,0.8629709918879647
2023-08-15,1,139,0.9107342684813738
2023-12-31,15,81,0.5854197817863459
2023-06-16,25,188,0.17048140632732156
2023-12-12,8,19,0.5408595651619443
2023-06-19,12,160,0.9269330824097354
2023-10-15,6,142,0.23803281093149198
2023-02-13,15,76,0.6998655354888047
2023-09-09,15,149,0.07336586016592994
2023-04-07,12,65,0.9030026618952443
2023-05-31,5,124,0.3208804263589633
2023-09-16,3,13,0.478536841264556
2023-04-20,17,115,0.021159281006568498
2023-10-10,17,200,0.8530172009663668
